version 1
nodes
  0 "Bip01" -1
  1 "Bip01 Pelvis" 0
  2 "Bip01 Spine" 1
  3 "Bip01 Spine1" 2
  4 "Bip01 Spine2" 3
  5 "Bip01 Spine3" 4
  6 "Bip01 Neck" 5
  7 "Bip01 L Arm" 6
  8 "Bip01 L Arm1" 7
  9 "Bip01 L Arm2" 8
 10 "Bip01 L Hand" 9
 11 "Bip06 L elbow2-smooth" 8
 12 "Bip01 R Arm" 6
 13 "Bip01 R Arm1" 12
 14 "Bip01 R Arm2" 13
 15 "Bip01 R Hand" 14
 16 "Bip06 R elbow2-smooth" 13
 17 "Bip01 Head" 6
 18 "Bip06 Head_helper" 17
 19 "Bip06 Head_eyes_l" 18
 20 "Bip06 Head_eyes_r" 18
 21 "Bip06 Head_blink_l" 18
 22 "Bip06 Head_blink_smooth_l1" 21
 23 "Bip06 Head_blink_r" 18
 24 "Bip06 Head_blink_smooth_r1" 23
 25 "Bip06 Head_L_eyebrow" 18
 26 "Bip06 Head_R_eyebrow" 18
 27 "Bip06 Head_blink_l_lid" 18
 28 "Bip06 Head_blink_r_lid" 18
 29 "Bip06 bunny" 18
 30 "Bip06 bunnyL" 29
 31 "Bip06 bunnyR" 29
 32 "Bip01 L Leg" 1
 33 "Bip01 L Leg1" 32
 34 "Bip01 L Foot" 33
 35 "Bip01 R Leg" 1
 36 "Bip01 R Leg1" 35
 37 "Bip01 R Foot" 36
 38 "Bip03 HairR1" 17
 39 "Bip03 HairR2" 38
 40 "Bip03 HairL1" 17
 41 "Bip03 HairL2" 40
 42 "Bip03 swingR" 17
 43 "Bip03 swingL" 17
end
skeleton
time 0
  0   0.020765 -0.546892 15.239118 2.705095 0.000000 -1.571069
  1   -1.093036 0.000002 -0.326057 -1.569708 -1.570379 -0.000800
  2   2.262337 0.113614 0.064702 -0.013605 0.156448 0.261364
  3   2.380047 0.353302 0.047440 0.001260 0.156994 0.479999
  4   2.033756 0.190472 -0.000128 -0.024446 0.172794 0.399272
  5   2.451511 0.204909 -0.003447 0.000000 -0.000005 -0.017472
  6   7.247600 -0.397300 -0.109469 0.000001 -0.000003 0.418536
  7   -2.022252 -0.104661 3.136172 -0.298783 -1.361718 -2.901842
  8   1.168026 -0.537438 -0.063437 -1.564945 0.878705 -1.528561
  9   6.790376 -0.619176 0.015206 -0.009312 -0.035190 -0.539141
 10   8.637599 0.544015 -0.090417 -1.570112 0.000221 -0.122021
 11   6.790465 -0.619039 0.017802 -0.009626 -0.035301 -0.392564
 12   -2.022474 -0.104699 -2.873818 0.298969 1.362003 -2.901601
 13   1.167898 -0.537463 0.063297 1.490352 -0.580653 -1.706021
 14   7.002743 -0.617765 -0.183752 0.614816 -0.819664 -0.122769
 15   8.209042 0.615527 -0.255885 -0.750935 0.526679 -0.668674
 16   7.002735 -0.617911 -0.183641 0.409265 -0.577603 -0.042544
 17   1.574674 0.609930 -0.000899 0.000000 0.000008 0.077980
 18   -0.602177 0.511412 -0.000006 0.000000 0.000000 0.000000
 19   3.673773 0.177020 1.119313 -0.000002 -0.000014 -0.174510
 20   3.673767 0.176993 -1.117566 0.000007 -0.000003 -0.174546
 21   3.942357 1.334540 1.627658 0.000002 -0.000011 -0.000026
 22   -0.246060 -0.011889 0.516521 -0.000011 0.000031 0.000025
 23   3.942374 1.334565 -1.631083 0.000019 0.000002 -0.000024
 24   -0.246150 -0.011872 -0.516511 -0.000005 -0.000006 0.000048
 25   4.941364 1.997338 1.629330 0.000018 0.174500 -0.000024
 26   4.941382 1.997366 -1.629410 -0.000001 -0.226855 -0.000024
 27   2.914462 1.619264 1.514501 -0.000019 -0.000022 -0.000050
 28   2.916892 1.618870 -1.501142 -0.000002 -0.000009 -0.000024
 29   8.824059 0.150544 0.091743 -0.026374 0.195845 -0.895779
 30   2.111085 -0.561179 1.784320 -0.000008 -0.000682 0.000024
 31   2.121290 -0.561289 -1.853599 0.000000 0.000000 -0.000002
 32   -0.814395 -0.093824 3.127092 0.001376 -2.696260 0.071551
 33   14.298673 -0.408176 0.471578 -0.000052 -0.000209 0.033794
 34   15.835795 0.581398 0.242756 -0.003065 -0.010786 -0.001460
 35   -0.815868 -0.091229 -3.114430 0.458480 3.496800 -1.004464
 36   14.294526 -0.410349 -0.467541 -0.000063 -0.000180 -2.653732
 37   15.834409 0.579420 -0.284600 0.003089 0.010919 0.015959
 38   1.952210 -4.117832 -3.191012 -0.186916 -0.131122 0.999018
 39   -4.145233 -1.140794 -0.734461 -0.059515 -0.059767 0.514319
 40   0.575116 -4.176353 2.709930 -0.186916 -0.131122 0.999017
 41   -4.746349 -0.973190 0.947847 -0.059516 -0.059767 0.514319
 42   0.756638 -0.818400 -2.645644 -0.060546 0.027125 1.310714
 43   0.464873 -0.590554 2.896721 -0.060546 0.027117 1.310714
time 1
  0   0.020765 -0.558611 15.239118 2.705095 0.000000 -1.571069
  1   -1.093036 0.000002 -0.326057 -1.569446 -1.570379 -0.001478
  2   2.262337 0.113614 0.064702 -0.013605 0.156448 0.236427
  3   2.380047 0.353302 0.047440 0.001260 0.156994 0.446371
  4   2.033756 0.190472 -0.000128 -0.024446 0.172794 0.360669
  5   2.451511 0.204909 -0.003447 0.000000 -0.000005 -0.017472
  6   7.247600 -0.397300 -0.109469 0.000001 -0.000003 0.418536
  7   -2.022252 -0.104661 3.136172 -0.298783 -1.361718 -2.901842
  8   1.168026 -0.537438 -0.063437 -1.562540 0.737775 -1.531661
  9   6.790376 -0.619176 0.015206 -0.009312 -0.035190 -0.539141
 10   8.637599 0.544015 -0.090417 -1.570112 0.000221 -0.122021
 11   6.790465 -0.619039 0.017802 -0.009568 -0.035301 -0.392564
 12   -2.022474 -0.104699 -2.873818 0.298969 1.362003 -2.901601
 13   1.167898 -0.537463 0.063297 1.471513 -0.455805 -1.696699
 14   7.002743 -0.617765 -0.183752 0.574223 -0.756349 -0.133000
 15   8.209042 0.615527 -0.255885 -0.567654 0.545745 -0.597351
 16   7.002735 -0.617911 -0.183641 0.387233 -0.533394 -0.059819
 17   1.574674 0.609930 -0.000899 0.000000 0.000008 0.034366
 18   -0.602177 0.511412 -0.000006 0.000000 0.000000 0.000000
 19   3.673773 0.177020 1.119313 -0.000002 -0.000014 -0.174510
 20   3.673767 0.176993 -1.117566 0.000007 -0.000003 -0.174546
 21   3.942357 1.334540 1.627658 0.000002 -0.000011 -0.000026
 22   -0.246060 -0.011889 0.516521 -0.000011 0.000031 0.000025
 23   3.942374 1.334565 -1.631083 0.000019 0.000002 -0.000024
 24   -0.246150 -0.011872 -0.516511 -0.000005 -0.000006 0.000048
 25   4.941364 1.997338 1.629330 0.000018 0.174500 -0.000024
 26   4.941382 1.997366 -1.629410 -0.000001 -0.226855 -0.000024
 27   2.914462 1.619264 1.514501 -0.000019 -0.000022 -0.000050
 28   2.916892 1.618870 -1.501142 -0.000002 -0.000009 -0.000024
 29   8.824059 0.150544 0.091743 -0.028424 0.191050 -0.864127
 30   2.111085 -0.561179 1.784320 -0.000008 -0.000682 0.000024
 31   2.121290 -0.561289 -1.853599 0.000000 0.000000 -0.000002
 32   -0.814395 -0.093824 3.127092 0.001376 -2.696260 0.071551
 33   14.298673 -0.408176 0.471578 -0.000052 -0.000209 0.033794
 34   15.835795 0.581398 0.242756 -0.003065 -0.010786 -0.001460
 35   -0.815868 -0.091229 -3.114430 0.458480 3.496800 -1.004464
 36   14.294526 -0.410349 -0.467541 -0.000063 -0.000180 -2.653655
 37   15.834409 0.579420 -0.284600 0.003089 0.010919 0.015959
 38   1.940491 -4.094394 -3.183199 -0.184558 -0.127230 1.023334
 39   -4.160858 -1.125169 -0.734461 -0.054051 -0.058784 0.516534
 40   0.582928 -4.160728 2.721649 -0.184558 -0.127229 1.023333
 41   -4.730724 -0.988815 0.947847 -0.054052 -0.058784 0.516534
 42   0.756638 -0.728553 -2.645644 -0.058892 0.027217 1.268096
 43   0.476592 -0.508521 2.900628 -0.058897 0.027211 1.268096
time 2
  0   0.020765 -0.558611 15.239118 2.705095 0.000000 -1.571069
  1   -1.093036 0.000002 -0.326057 -1.569446 -1.570379 -0.001478
  2   2.262337 0.113614 0.064702 -0.013605 0.156448 0.211561
  3   2.380047 0.353302 0.047440 0.001260 0.156994 0.412681
  4   2.033756 0.190472 -0.000128 -0.024446 0.172794 0.321848
  5   2.451511 0.204909 -0.003447 0.000000 -0.000005 -0.017472
  6   7.247600 -0.397300 -0.109469 0.000001 -0.000003 0.418536
  7   -2.022252 -0.104661 3.136172 -0.298783 -1.361718 -2.901842
  8   1.168026 -0.537438 -0.063437 -1.559755 0.597045 -1.534824
  9   6.790376 -0.619176 0.015206 -0.009312 -0.035190 -0.539141
 10   8.637599 0.544015 -0.090417 -1.570112 0.000221 -0.122021
 11   6.790465 -0.619039 0.017802 -0.009597 -0.035301 -0.392564
 12   -2.022474 -0.104699 -2.873818 0.298969 1.362003 -2.901601
 13   1.167898 -0.537463 0.063297 1.454782 -0.331008 -1.690161
 14   7.002743 -0.617765 -0.183752 0.534997 -0.693261 -0.146118
 15   8.209042 0.615527 -0.255885 -0.382073 0.553386 -0.522540
 16   7.002735 -0.617911 -0.183641 0.364778 -0.489581 -0.077260
 17   1.574674 0.609930 -0.000899 0.000000 0.000008 -0.009433
 18   -0.602177 0.511412 -0.000006 0.000000 0.000000 0.000000
 19   3.673773 0.177020 1.119313 -0.000002 -0.000014 -0.174510
 20   3.673767 0.176993 -1.117566 0.000007 -0.000003 -0.174546
 21   3.942357 1.334540 1.627658 0.000002 -0.000011 -0.000026
 22   -0.246060 -0.011889 0.516521 -0.000011 0.000031 0.000025
 23   3.942374 1.334565 -1.631083 0.000019 0.000002 -0.000024
 24   -0.246150 -0.011872 -0.516511 -0.000005 -0.000006 0.000048
 25   4.941364 1.997338 1.629330 0.000018 0.174500 -0.000024
 26   4.941382 1.997366 -1.629410 -0.000001 -0.226855 -0.000024
 27   2.914462 1.619264 1.514501 -0.000019 -0.000022 -0.000050
 28   2.916892 1.618870 -1.501142 -0.000002 -0.000009 -0.000024
 29   8.824059 0.150544 0.091743 -0.033950 0.178018 -0.777163
 30   2.111085 -0.561179 1.784320 -0.000008 -0.000682 0.000024
 31   2.121290 -0.561289 -1.853599 0.000000 0.000000 -0.000002
 32   -0.814395 -0.093824 3.127092 0.001376 -2.696260 0.071551
 33   14.298673 -0.408176 0.471578 -0.000052 -0.000209 0.033794
 34   15.835795 0.581398 0.242756 -0.003065 -0.010786 -0.001460
 35   -0.815868 -0.091229 -3.114430 0.458480 3.496800 -1.004464
 36   14.294526 -0.410349 -0.467541 -0.000063 -0.000180 -2.653655
 37   15.834409 0.579420 -0.284600 0.003089 0.010919 0.015959
 38   1.897521 -4.039704 -3.151948 -0.178159 -0.116662 1.089866
 39   -4.199922 -1.086105 -0.730555 -0.039214 -0.056124 0.523209
 40   0.602460 -4.113852 2.760713 -0.178159 -0.116661 1.089865
 41   -4.691660 -1.027879 0.943941 -0.039215 -0.056124 0.523209
 42   0.756638 -0.490265 -2.641737 -0.054350 0.027524 1.150241
 43   0.500030 -0.289764 2.904534 -0.054349 0.027509 1.150241
time 3
  0   0.020765 -0.558611 15.239118 2.705095 0.000000 -1.571069
  1   -1.093036 0.000002 -0.326057 -1.569341 -1.570379 -0.001381
  2   2.262337 0.113614 0.064702 -0.013605 0.156448 0.186641
  3   2.380047 0.353302 0.047440 0.001260 0.156994 0.379012
  4   2.033756 0.190472 -0.000128 -0.024446 0.172794 0.283318
  5   2.451511 0.204909 -0.003447 0.000000 -0.000005 -0.017472
  6   7.247600 -0.397300 -0.109469 0.000001 -0.000003 0.418536
  7   -2.022252 -0.104661 3.136172 -0.298783 -1.361718 -2.901842
  8   1.168026 -0.537438 -0.063437 -1.556655 0.456165 -1.538240
  9   6.790376 -0.619176 0.015206 -0.009312 -0.035190 -0.539141
 10   8.637599 0.544015 -0.090417 -1.570112 0.000221 -0.122021
 11   6.790465 -0.619039 0.017802 -0.009597 -0.035301 -0.392564
 12   -2.022474 -0.104699 -2.873818 0.298969 1.362003 -2.901601
 13   1.167898 -0.537463 0.063297 1.439528 -0.206058 -1.686166
 14   7.002743 -0.617765 -0.183752 0.496567 -0.630741 -0.161629
 15   8.209042 0.615527 -0.255885 -0.195845 0.549074 -0.447248
 16   7.002735 -0.617911 -0.183641 0.341899 -0.445993 -0.095695
 17   1.574674 0.609930 -0.000899 0.000000 0.000008 -0.052973
 18   -0.602177 0.511412 -0.000006 0.000000 0.000000 0.000000
 19   3.673773 0.177020 1.119313 -0.000002 -0.000014 -0.174510
 20   3.673767 0.176993 -1.117566 0.000007 -0.000003 -0.174546
 21   3.942357 1.334540 1.627658 0.000002 -0.000011 -0.000026
 22   -0.246060 -0.011889 0.516521 -0.000011 0.000031 0.000025
 23   3.942374 1.334565 -1.631083 0.000019 0.000002 -0.000024
 24   -0.246150 -0.011872 -0.516511 -0.000005 -0.000006 0.000048
 25   4.941364 1.997338 1.629330 0.000018 0.174500 -0.000024
 26   4.941382 1.997366 -1.629410 -0.000001 -0.226855 -0.000024
 27   2.914462 1.619264 1.514501 -0.000019 -0.000022 -0.000050
 28   2.916892 1.618870 -1.501142 -0.000002 -0.000009 -0.000024
 29   8.824059 0.150544 0.091743 -0.042149 0.158861 -0.646905
 30   2.111085 -0.561179 1.784320 -0.000008 -0.000682 0.000024
 31   2.121290 -0.561289 -1.853599 0.000000 0.000000 -0.000002
 32   -0.814395 -0.093824 3.127092 0.001376 -2.696260 0.071551
 33   14.298673 -0.408176 0.471578 -0.000052 -0.000209 0.033794
 34   15.835795 0.581398 0.242756 -0.003065 -0.010786 -0.001460
 35   -0.815868 -0.091229 -3.114430 0.458480 3.496800 -1.004464
 36   14.294526 -0.410349 -0.467541 -0.000063 -0.000180 -2.653655
 37   15.834409 0.579420 -0.284600 0.003089 0.010919 0.015959
 38   1.838925 -3.953764 -3.108978 -0.168708 -0.101032 1.188655
 39   -4.258517 -1.027509 -0.730555 -0.017354 -0.052205 0.534400
 40   0.629805 -4.039631 2.819308 -0.168708 -0.101031 1.188655
 41   -4.633065 -1.086475 0.943941 -0.017355 -0.052205 0.534400
 42   0.760544 -0.134785 -2.637831 -0.047507 0.028045 0.972161
 43   0.543000 0.038371 2.912347 -0.047502 0.028043 0.972161
time 4
  0   0.020765 -0.566424 15.239118 2.705095 0.000000 -1.571069
  1   -1.093036 0.000002 -0.326057 -1.569760 -1.570379 -0.002300
  2   2.262337 0.113614 0.064702 -0.013605 0.156448 0.161649
  3   2.380047 0.353302 0.047440 0.001260 0.156994 0.345363
  4   2.033756 0.190472 -0.000128 -0.024446 0.172794 0.244715
  5   2.451511 0.204909 -0.003447 0.000000 -0.000005 -0.017472
  6   7.247600 -0.397300 -0.109469 0.000001 -0.000003 0.418536
  7   -2.022252 -0.104661 3.136172 -0.298783 -1.361718 -2.901842
  8   1.168026 -0.537438 -0.063437 -1.553491 0.315436 -1.541846
  9   6.790376 -0.619176 0.015206 -0.009312 -0.035190 -0.539141
 10   8.637599 0.544015 -0.090417 -1.570112 0.000221 -0.122021
 11   6.790465 -0.619039 0.017802 -0.009597 -0.035301 -0.392564
 12   -2.022474 -0.104699 -2.873818 0.298969 1.362003 -2.901601
 13   1.167898 -0.537463 0.063297 1.424906 -0.080956 -1.684168
 14   7.002743 -0.617765 -0.183752 0.458650 -0.568618 -0.179038
 15   8.209042 0.615527 -0.255885 -0.011773 0.533034 -0.374722
 16   7.002735 -0.617911 -0.183641 0.318549 -0.402799 -0.114460
 17   1.574674 0.609930 -0.000899 0.000000 0.000008 -0.096624
 18   -0.602177 0.511412 -0.000006 0.000000 0.000000 0.000000
 19   3.673773 0.177020 1.119313 -0.000002 -0.000014 -0.174510
 20   3.673767 0.176993 -1.117566 0.000007 -0.000003 -0.174546
 21   3.942357 1.334540 1.627658 0.000002 -0.000011 -0.000026
 22   -0.246060 -0.011889 0.516521 -0.000011 0.000031 0.000025
 23   3.942374 1.334565 -1.631083 0.000019 0.000002 -0.000024
 24   -0.246150 -0.011872 -0.516511 -0.000005 -0.000006 0.000048
 25   4.941364 1.997338 1.629330 0.000018 0.174500 -0.000024
 26   4.941382 1.997366 -1.629410 -0.000001 -0.226855 -0.000024
 27   2.914462 1.619264 1.514501 -0.000019 -0.000022 -0.000050
 28   2.916892 1.618870 -1.501142 -0.000002 -0.000009 -0.000024
 29   8.824059 0.150544 0.091743 -0.052309 0.135574 -0.485425
 30   2.111085 -0.561179 1.784320 -0.000008 -0.000682 0.000024
 31   2.121290 -0.561289 -1.853599 0.000000 0.000000 -0.000002
 32   -0.814395 -0.093824 3.127092 0.001376 -2.696260 0.071551
 33   14.298673 -0.408176 0.471578 -0.000052 -0.000209 0.033794
 34   15.835795 0.581398 0.242756 -0.003065 -0.010786 -0.001460
 35   -0.815868 -0.091229 -3.114430 0.458480 3.496800 -1.004464
 36   14.294526 -0.410349 -0.467541 -0.000063 -0.000180 -2.653655
 37   15.834409 0.579420 -0.284600 0.003089 0.010919 0.015959
 38   1.768610 -3.852199 -3.058195 -0.157216 -0.081992 1.309867
 39   -4.332738 -0.953288 -0.726648 0.009180 -0.047447 0.550162
 40   0.664962 -3.953691 2.889623 -0.157216 -0.081991 1.309866
 41   -4.558844 -1.160696 0.940034 0.009179 -0.047447 0.550162
 42   0.768357 0.306635 -2.630018 -0.038950 0.028796 0.748830
 43   0.597689 0.440727 2.920160 -0.038944 0.028796 0.748830
time 5
  0   0.020765 -0.578143 15.239118 2.705095 0.000000 -1.571069
  1   -1.093036 0.000002 -0.326057 -1.569498 -1.570379 -0.000316
  2   2.262337 0.113614 0.064702 -0.013605 0.156448 0.136748
  3   2.380047 0.353302 0.047440 0.001260 0.156994 0.311694
  4   2.033756 0.190472 -0.000128 -0.024446 0.172794 0.206039
  5   2.451511 0.204909 -0.003447 0.000000 -0.000005 -0.017472
  6   7.247600 -0.397300 -0.109469 0.000001 -0.000003 0.418536
  7   -2.022252 -0.104661 3.136172 -0.298783 -1.361718 -2.901842
  8   1.168026 -0.537438 -0.063437 -1.549694 0.174657 -1.545831
  9   6.790376 -0.619176 0.015206 -0.009312 -0.035190 -0.539141
 10   8.637599 0.544015 -0.090417 -1.570112 0.000221 -0.122021
 11   6.790465 -0.619039 0.017802 -0.009597 -0.035301 -0.392564
 12   -2.022474 -0.104699 -2.873818 0.298969 1.362003 -2.901601
 13   1.167898 -0.537463 0.063297 1.410706 0.044299 -1.683926
 14   7.002743 -0.617765 -0.183752 0.420847 -0.507121 -0.198839
 15   8.209042 0.615527 -0.255885 0.168272 0.506023 -0.307489
 16   7.002735 -0.617911 -0.183641 0.294681 -0.360057 -0.133998
 17   1.574674 0.609930 -0.000899 0.000000 0.000008 -0.140275
 18   -0.602177 0.511412 -0.000006 0.000000 0.000000 0.000000
 19   3.677679 0.177020 1.119313 -0.000002 -0.000014 -0.174510
 20   3.673767 0.176993 -1.117566 0.000007 -0.000003 -0.174546
 21   3.942357 1.334540 1.627658 0.000002 -0.000011 -0.000026
 22   -0.246060 -0.011889 0.516521 -0.000011 0.000031 0.000025
 23   3.942374 1.334565 -1.631083 0.000019 0.000002 -0.000024
 24   -0.246150 -0.011872 -0.516511 -0.000005 -0.000006 0.000048
 25   4.941364 1.997338 1.629330 0.000018 0.174500 -0.000024
 26   4.941382 1.997366 -1.629410 -0.000001 -0.226855 -0.000024
 27   2.914462 1.623171 1.514501 -0.000019 -0.000022 -0.000050
 28   2.916892 1.618870 -1.501142 -0.000002 -0.000009 -0.000024
 29   8.824059 0.150544 0.091743 -0.063628 0.110246 -0.304684
 30   2.111085 -0.561179 1.784320 -0.000008 -0.000682 0.000024
 31   2.121290 -0.561289 -1.853599 0.000000 0.000000 -0.000002
 32   -0.814395 -0.093824 3.127092 0.001376 -2.696260 0.071551
 33   14.298673 -0.408176 0.471578 -0.000052 -0.000209 0.033794
 34   15.835795 0.581398 0.242756 -0.003065 -0.010786 -0.001460
 35   -0.815868 -0.091229 -3.114430 0.458480 3.496800 -1.004464
 36   14.294526 -0.410349 -0.467541 -0.000063 -0.000180 -2.653655
 37   15.834409 0.579420 -0.284600 0.003089 0.010919 0.015959
 38   1.690483 -3.742820 -2.999599 -0.144670 -0.061181 1.443664
 39   -4.414772 -0.875161 -0.722742 0.038063 -0.042270 0.570524
 40   0.704026 -3.859938 2.963844 -0.144670 -0.061180 1.443663
 41   -4.476810 -1.238823 0.936128 0.038062 -0.042270 0.570524
 42   0.783982 0.798837 -2.618299 -0.029278 0.029823 0.495302
 43   0.664098 0.886053 2.931879 -0.029286 0.029816 0.495302
time 6
  0   0.020765 -0.582049 15.239118 2.705095 0.000000 -1.571069
  1   -1.093036 0.000002 -0.326057 -1.569813 -1.570379 -0.001720
  2   2.262337 0.113614 0.064702 -0.013605 0.156448 0.111828
  3   2.380047 0.353302 0.047440 0.001260 0.156994 0.278086
  4   2.033756 0.190472 -0.000128 -0.024446 0.172794 0.167400
  5   2.451511 0.204909 -0.003447 0.000000 -0.000005 -0.017472
  6   7.247600 -0.397300 -0.109469 0.000001 -0.000003 0.418536
  7   -2.022252 -0.104661 3.136172 -0.298783 -1.361718 -2.901842
  8   1.168026 -0.537438 -0.063437 -1.545391 0.033827 -1.550196
  9   6.790376 -0.619176 0.015206 -0.009312 -0.035190 -0.539141
 10   8.637599 0.544015 -0.090417 -1.570112 0.000221 -0.122021
 11   6.790465 -0.619039 0.017802 -0.009626 -0.035301 -0.392564
 12   -2.022474 -0.104699 -2.873818 0.298969 1.362003 -2.901601
 13   1.167898 -0.537463 0.063297 1.396366 0.169248 -1.685379
 14   7.002743 -0.617765 -0.183752 0.382816 -0.446361 -0.220373
 15   8.209042 0.615527 -0.255885 0.342780 0.468950 -0.248013
 16   7.002735 -0.617911 -0.183641 0.270155 -0.317541 -0.154144
 17   1.574674 0.609930 -0.000899 0.000000 0.000008 -0.183926
 18   -0.602177 0.511412 -0.000006 0.000000 0.000000 0.000000
 19   3.673773 0.177020 1.119313 -0.000002 -0.000014 -0.174510
 20   3.673767 0.176993 -1.117566 0.000007 -0.000003 -0.174546
 21   3.942357 1.334540 1.627658 0.000002 -0.000011 -0.000026
 22   -0.246060 -0.011889 0.516521 -0.000011 0.000031 0.000025
 23   3.942374 1.334565 -1.631083 0.000019 0.000002 -0.000024
 24   -0.246150 -0.011872 -0.516511 -0.000005 -0.000006 0.000048
 25   4.941364 1.997338 1.629330 0.000018 0.174500 -0.000024
 26   4.941382 1.997366 -1.629410 -0.000001 -0.226855 -0.000024
 27   2.914462 1.619264 1.514501 -0.000019 -0.000022 -0.000050
 28   2.916892 1.618870 -1.501142 -0.000002 -0.000009 -0.000024
 29   8.824059 0.150544 0.091743 -0.075303 0.084917 -0.116755
 30   2.111085 -0.561179 1.784320 -0.000008 -0.000682 0.000024
 31   2.121290 -0.561289 -1.853599 0.000000 0.000000 -0.000002
 32   -0.814395 -0.093824 3.127092 0.001376 -2.696260 0.071551
 33   14.298673 -0.408176 0.471578 -0.000052 -0.000209 0.033794
 34   15.835795 0.581398 0.242756 -0.003065 -0.010786 -0.001460
 35   -0.815868 -0.091229 -3.114430 0.458480 3.496800 -1.004464
 36   14.294526 -0.410349 -0.467541 -0.000063 -0.000180 -2.653655
 37   15.834409 0.579420 -0.284600 0.003089 0.010919 0.015959
 38   1.612356 -3.629536 -2.941004 -0.132062 -0.040225 1.580210
 39   -4.492899 -0.797034 -0.718835 0.066946 -0.037080 0.595570
 40   0.739183 -3.766185 3.041971 -0.132062 -0.040224 1.580210
 41   -4.398683 -1.316950 0.932221 0.066945 -0.037080 0.595570
 42   0.803514 1.306665 -2.610487 -0.019091 0.031111 0.226510
 43   0.738319 1.339192 2.939692 -0.019091 0.031118 0.226510
time 7
  0   0.020765 -0.589862 15.239118 2.705095 0.000000 -1.571069
  1   -1.093036 0.000002 -0.326057 -1.569656 -1.570379 -0.001042
  2   2.262337 0.113614 0.064702 -0.013605 0.156448 0.086854
  3   2.380047 0.353302 0.047440 0.001260 0.156994 0.244397
  4   2.033756 0.190472 -0.000128 -0.024446 0.172794 0.128760
  5   2.451511 0.204909 -0.003447 0.000000 -0.000005 -0.017472
  6   7.247600 -0.397300 -0.109469 0.000001 -0.000003 0.418536
  7   -2.022252 -0.104661 3.136172 -0.298783 -1.361718 -2.901842
  8   1.168026 -0.537438 -0.063437 -1.540645 -0.107103 -1.555257
  9   6.790376 -0.619176 0.015206 -0.009312 -0.035190 -0.539141
 10   8.637599 0.544015 -0.090417 -1.570112 0.000221 -0.122021
 11   6.790465 -0.619039 0.017802 -0.009626 -0.035301 -0.392564
 12   -2.022474 -0.104699 -2.873818 0.298969 1.362003 -2.901601
 13   1.167898 -0.537463 0.063297 1.381322 0.294300 -1.688890
 14   7.002743 -0.617765 -0.183752 0.344557 -0.386340 -0.243887
 15   8.209042 0.615527 -0.255885 0.511320 0.423706 -0.197438
 16   7.002735 -0.617911 -0.183641 0.245016 -0.275588 -0.175062
 17   1.574674 0.609930 -0.000899 0.000000 0.000008 -0.227392
 18   -0.602177 0.511412 -0.000006 0.000000 0.000000 0.000000
 19   3.673773 0.177020 1.119313 -0.000002 -0.000014 -0.174510
 20   3.673767 0.176993 -1.117566 0.000007 -0.000003 -0.174546
 21   3.942357 1.334540 1.627658 0.000002 -0.000011 -0.000026
 22   -0.246060 -0.011889 0.516521 -0.000011 0.000031 0.000025
 23   3.942374 1.334565 -1.631083 0.000019 0.000002 -0.000024
 24   -0.246150 -0.011872 -0.516511 -0.000005 -0.000006 0.000048
 25   4.941364 1.997338 1.629330 0.000018 0.174500 -0.000024
 26   4.941382 1.997366 -1.629410 -0.000001 -0.226855 -0.000024
 27   2.914462 1.619264 1.514501 -0.000019 -0.000022 -0.000050
 28   2.916892 1.618870 -1.501142 -0.000002 -0.000009 -0.000024
 29   8.824059 0.150544 0.091743 -0.086533 0.061654 0.066400
 30   2.111085 -0.561179 1.784320 -0.000008 -0.000682 0.000024
 31   2.121290 -0.561289 -1.853599 0.000000 0.000000 -0.000002
 32   -0.814395 -0.093824 3.127092 0.001376 -2.696260 0.071551
 33   14.298673 -0.408176 0.471578 -0.000052 -0.000209 0.033794
 34   15.835795 0.581398 0.242756 -0.003065 -0.010786 -0.001460
 35   -0.815868 -0.091229 -3.114430 0.458480 3.496800 -1.004464
 36   14.294526 -0.410349 -0.467541 -0.000063 -0.000180 -2.653655
 37   15.834409 0.579420 -0.284600 0.003089 0.010919 0.015959
 38   1.542041 -3.527970 -2.890221 -0.120422 -0.020775 1.709608
 39   -4.574933 -0.722813 -0.714929 0.093492 -0.032322 0.625299
 40   0.774341 -3.680245 3.112286 -0.120422 -0.020774 1.709608
 41   -4.316648 -1.391171 0.928315 0.093491 -0.032322 0.625299
 42   0.834765 1.791055 -2.598767 -0.008976 0.032706 -0.042408
 43   0.820352 1.768893 2.951411 -0.008983 0.032719 -0.042408
time 8
  0   0.020765 -0.589862 15.239118 2.705095 0.000000 -1.571069
  1   -1.093036 0.000002 -0.326057 -1.569656 -1.570379 -0.001042
  2   2.262337 0.113614 0.064702 -0.013605 0.156448 0.061934
  3   2.380047 0.353302 0.047440 0.001260 0.156994 0.210728
  4   2.033756 0.190472 -0.000128 -0.024446 0.172794 0.090049
  5   2.451511 0.204909 -0.003447 0.000000 -0.000005 -0.017472
  6   7.247600 -0.397300 -0.109469 0.000001 -0.000003 0.418536
  7   -2.022252 -0.104661 3.136172 -0.298783 -1.361718 -2.901842
  8   1.168026 -0.537438 -0.063437 -1.534823 -0.247832 -1.561140
  9   6.790376 -0.619176 0.015206 -0.009312 -0.035190 -0.539141
 10   8.637599 0.544015 -0.090417 -1.570112 0.000221 -0.122021
 11   6.790465 -0.619039 0.017802 -0.009597 -0.035301 -0.392564
 12   -2.022474 -0.104699 -2.873818 0.298969 1.362003 -2.901601
 13   1.167898 -0.537463 0.063297 1.365014 0.419351 -1.694580
 14   7.002743 -0.617765 -0.183752 0.305559 -0.327227 -0.269216
 15   8.209042 0.615527 -0.255885 0.673317 0.371501 -0.156845
 16   7.002735 -0.617911 -0.183641 0.219313 -0.234086 -0.196532
 17   1.574674 0.609930 -0.000899 0.000000 0.000008 -0.270969
 18   -0.602177 0.511412 -0.000006 0.000000 0.000000 0.000000
 19   3.673773 0.177020 1.119313 -0.000002 -0.000014 -0.174510
 20   3.673767 0.176993 -1.117566 0.000007 -0.000003 -0.174546
 21   3.942357 1.334540 1.627658 0.000002 -0.000011 -0.000026
 22   -0.246060 -0.011889 0.516521 -0.000011 0.000031 0.000025
 23   3.942374 1.334565 -1.631083 0.000019 0.000002 -0.000024
 24   -0.246150 -0.011872 -0.516511 -0.000005 -0.000006 0.000048
 25   4.941364 1.997338 1.629330 0.000018 0.159464 -0.000024
 26   4.941382 1.997366 -1.629410 -0.000001 -0.210053 -0.000024
 27   2.914462 1.619264 1.514501 -0.000019 -0.000022 -0.000050
 28   2.916892 1.618870 -1.501142 -0.000002 -0.000009 -0.000024
 29   8.824059 0.150544 0.091743 -0.096515 0.042497 0.232709
 30   2.111085 -0.561179 1.784320 -0.000008 -0.000682 0.000024
 31   2.121290 -0.561289 -1.853599 0.000000 0.000000 -0.000002
 32   -0.814395 -0.093824 3.127092 0.001376 -2.696260 0.071551
 33   14.298673 -0.408176 0.471578 -0.000052 -0.000209 0.033794
 34   15.835795 0.581398 0.242756 -0.003065 -0.010786 -0.001460
 35   -0.815868 -0.091229 -3.114430 0.458480 3.496800 -1.004464
 36   14.294526 -0.410349 -0.467541 -0.000063 -0.000180 -2.653655
 37   15.834409 0.579420 -0.284600 0.003089 0.010919 0.015959
 38   1.479539 -3.445936 -2.847251 -0.110718 -0.004459 1.822022
 39   -4.645248 -0.664217 -0.714929 0.115352 -0.028403 0.659796
 40   0.805591 -3.606024 3.170882 -0.110718 -0.004458 1.822022
 41   -4.246334 -1.449767 0.928315 0.115351 -0.028403 0.659796
 42   0.869922 2.228568 -2.590955 0.000455 0.034622 -0.296604
 43   0.906292 2.147810 2.963130 0.000450 0.034617 -0.296604
time 9
  0   0.020765 -0.589862 15.239118 2.705095 0.000000 -1.571069
  1   -1.093036 0.000002 -0.326057 -1.569656 -1.570379 -0.001042
  2   2.262337 0.113614 0.064702 -0.013605 0.156448 0.037033
  3   2.380047 0.353302 0.047440 0.001260 0.156994 0.177079
  4   2.033756 0.190472 -0.000128 -0.024446 0.172794 0.051446
  5   2.451511 0.204909 -0.003447 0.000000 -0.000005 -0.017472
  6   7.247600 -0.397300 -0.109469 0.000001 -0.000003 0.418536
  7   -2.022252 -0.104661 3.136172 -0.298783 -1.361718 -2.901842
  8   1.168026 -0.537438 -0.063437 -1.527989 -0.388561 -1.568162
  9   6.790376 -0.619176 0.015206 -0.009312 -0.035190 -0.539141
 10   8.637599 0.544015 -0.090417 -1.570112 0.000221 -0.122021
 11   6.790465 -0.619039 0.017802 -0.009597 -0.035301 -0.392564
 12   -2.022474 -0.104699 -2.873818 0.298969 1.362003 -2.901601
 13   1.167898 -0.537463 0.063297 1.346877 0.544199 -1.703055
 14   7.002743 -0.617765 -0.183752 0.265706 -0.269079 -0.296773
 15   8.209042 0.615527 -0.255885 0.830281 0.314000 -0.126355
 16   7.002735 -0.617911 -0.183641 0.192762 -0.193205 -0.218940
 17   1.574674 0.609930 -0.000899 0.000000 0.000008 -0.314657
 18   -0.602177 0.511412 -0.000006 0.000000 0.000000 0.000000
 19   3.673773 0.177020 1.119313 -0.000002 -0.000014 -0.174510
 20   3.673767 0.176993 -1.117566 0.000007 -0.000003 -0.174546
 21   3.942357 1.334540 1.627658 0.000002 -0.000011 -0.000026
 22   -0.246060 -0.011889 0.516521 -0.000011 0.000031 0.000025
 23   3.942374 1.334565 -1.631083 0.000019 0.000002 -0.000024
 24   -0.246150 -0.011872 -0.516511 -0.000005 -0.000006 0.000048
 25   4.941364 1.997338 1.629330 0.000018 0.114462 -0.000024
 26   4.941382 1.997366 -1.629410 -0.000001 -0.159709 -0.000024
 27   2.914462 1.619264 1.514501 -0.000019 -0.000022 -0.000050
 28   2.916892 1.618870 -1.501142 -0.000002 -0.000009 -0.000024
 29   8.824059 0.150544 0.091743 -0.104447 0.029513 0.370209
 30   2.111085 -0.561179 1.784320 -0.000008 -0.000682 0.000024
 31   2.121290 -0.561289 -1.853599 0.000000 0.000000 -0.000002
 32   -0.814395 -0.093824 3.127092 0.001376 -2.696260 0.071551
 33   14.298673 -0.408176 0.471578 -0.000052 -0.000209 0.033794
 34   15.835795 0.581398 0.242756 -0.003065 -0.010786 -0.001460
 35   -0.815868 -0.091229 -3.114430 0.458480 3.496800 -1.004464
 36   14.294526 -0.410349 -0.467541 -0.000063 -0.000180 -2.653655
 37   15.834409 0.579420 -0.284600 0.003089 0.010919 0.015959
 38   1.440475 -3.387341 -2.819907 -0.103982 0.007074 1.907554
 39   -4.703844 -0.621247 -0.711023 0.130177 -0.025743 0.699090
 40   0.825123 -3.559147 3.209945 -0.103982 0.007075 1.907554
 41   -4.187738 -1.492737 0.924409 0.130176 -0.025743 0.699090
 42   0.920705 2.580142 -2.579236 0.008629 0.036861 -0.521023
 43   1.000045 2.440788 2.970942 0.008633 0.036861 -0.521023
time 10
  0   0.020765 -0.589862 15.239118 2.705095 0.000000 -1.571069
  1   -1.093036 0.000002 -0.326057 -1.569656 -1.570379 -0.001042
  2   2.262337 0.113614 0.064702 -0.013605 0.156448 0.012113
  3   2.380047 0.353302 0.047440 0.001260 0.156994 0.143410
  4   2.033756 0.190472 -0.000128 -0.024446 0.172794 0.012806
  5   2.451511 0.204909 -0.003447 0.000000 -0.000005 -0.017472
  6   7.247600 -0.397300 -0.109469 0.000001 -0.000003 0.418536
  7   -2.022252 -0.104661 3.136172 -0.298783 -1.361718 -2.901842
  8   1.168026 -0.537438 -0.063437 -1.519256 -0.529139 -1.576955
  9   6.790376 -0.619176 0.015206 -0.009312 -0.035190 -0.539141
 10   8.637599 0.544015 -0.090417 -1.570112 0.000221 -0.122021
 11   6.790465 -0.619039 0.017802 -0.009597 -0.035301 -0.392564
 12   -2.022474 -0.104699 -2.873818 0.298969 1.362003 -2.901601
 13   1.167898 -0.537463 0.063297 1.325859 0.668945 -1.715041
 14   7.002743 -0.617765 -0.183752 0.224828 -0.212068 -0.325980
 15   8.209042 0.615527 -0.255885 0.982644 0.252715 -0.106270
 16   7.002735 -0.617911 -0.183641 0.165458 -0.152775 -0.242066
 17   1.574674 0.609930 -0.000899 0.000000 0.000008 -0.358271
 18   -0.602177 0.511412 -0.000006 0.000000 0.000000 0.000000
 19   3.673773 0.177020 1.119313 -0.000002 -0.000014 -0.174510
 20   3.673767 0.176993 -1.117566 0.000007 -0.000003 -0.174546
 21   3.942357 1.334540 1.627658 0.000002 -0.000011 -0.000026
 22   -0.246060 -0.011889 0.516521 -0.000011 0.000031 0.000025
 23   3.942374 1.334565 -1.631083 0.000019 0.000002 -0.000024
 24   -0.246150 -0.011872 -0.516511 -0.000005 -0.000006 0.000048
 25   4.941364 1.997338 1.629330 0.000018 0.043278 -0.000024
 26   4.941382 1.997366 -1.629410 -0.000001 -0.079989 -0.000024
 27   2.914462 1.619264 1.514501 -0.000019 -0.000022 -0.000050
 28   2.916892 1.618870 -1.501142 -0.000002 -0.000009 -0.000024
 29   8.824059 0.150544 0.091743 -0.109616 0.024741 0.466829
 30   2.111085 -0.561179 1.784320 -0.000008 -0.000682 0.000024
 31   2.121290 -0.561289 -1.853599 0.000000 0.000000 -0.000002
 32   -0.814395 -0.093824 3.127092 0.001376 -2.696260 0.071551
 33   14.298673 -0.408176 0.471578 -0.000052 -0.000209 0.033794
 34   15.835795 0.581398 0.242756 -0.003065 -0.010786 -0.001460
 35   -0.815868 -0.091229 -3.114430 0.458480 3.496800 -1.004464
 36   14.294526 -0.410349 -0.467541 -0.000063 -0.000180 -2.653655
 37   15.834409 0.579420 -0.284600 0.003089 0.010919 0.015959
 38   1.420944 -3.359996 -2.808187 -0.101183 0.012195 1.956430
 39   -4.739001 -0.605622 -0.711023 0.135642 -0.024760 0.743263
 40   0.836842 -3.543522 3.221664 -0.101183 0.012196 1.956430
 41   -4.152581 -1.508362 0.924409 0.135641 -0.024760 0.743263
 42   0.983207 2.814524 -2.571423 0.014957 0.039467 -0.700609
 43   1.089892 2.616575 2.982662 0.014955 0.039466 -0.700609
time 11
  0   0.020765 -0.589862 15.239118 2.705095 0.000000 -1.571069
  1   -1.093036 0.000002 -0.326057 -1.569656 -1.570379 -0.001042
  2   2.262337 0.113614 0.064702 -0.013605 0.156448 -0.012879
  3   2.380047 0.353302 0.047440 0.001260 0.156994 0.109802
  4   2.033756 0.190472 -0.000128 -0.024446 0.172794 -0.025978
  5   2.451511 0.204909 -0.003447 0.000000 -0.000005 -0.017472
  6   7.247600 -0.397300 -0.109469 0.000001 -0.000003 0.418536
  7   -2.022252 -0.104661 3.136172 -0.298783 -1.361718 -2.901842
  8   1.168026 -0.537438 -0.063437 -1.508435 -0.670019 -1.588089
  9   6.790376 -0.619176 0.015206 -0.009312 -0.035190 -0.539141
 10   8.637599 0.544015 -0.090417 -1.570112 0.000221 -0.122021
 11   6.790465 -0.619039 0.017802 -0.009597 -0.035301 -0.392564
 12   -2.022474 -0.104699 -2.873818 0.298969 1.362003 -2.901601
 13   1.167898 -0.537463 0.063297 1.299990 0.793335 -1.732354
 14   7.002743 -0.617765 -0.183752 0.182641 -0.156248 -0.357332
 15   8.209042 0.615527 -0.255885 1.131555 0.189313 -0.095986
 16   7.002735 -0.617911 -0.183641 0.137353 -0.112965 -0.266020
 17   1.574674 0.609930 -0.000899 0.000000 0.000008 -0.401885
 18   -0.602177 0.511412 -0.000006 0.000000 0.000000 0.000000
 19   3.673773 0.177020 1.119313 -0.000002 -0.000014 -0.174510
 20   3.673767 0.176993 -1.117566 0.000007 -0.000003 -0.174546
 21   3.832979 1.322821 1.619845 0.000002 -0.000011 -0.000026
 22   -0.246060 -0.086110 0.512615 0.000005 -0.005949 0.092568
 23   3.832995 1.322846 -1.631083 0.000019 0.000002 -0.000024
 24   -0.230525 -0.066561 -0.520417 0.000007 -0.005986 0.092596
 25   4.859330 1.997338 1.629330 -0.006681 0.084618 0.001474
 26   4.859348 1.997366 -1.629410 0.007429 -0.114167 -0.004350
 27   2.953525 1.591920 1.514501 -0.000019 -0.000022 -0.000050
 28   2.955955 1.591526 -1.501142 -0.000002 -0.000009 -0.000024
 29   8.824059 0.150544 0.091743 -0.112378 0.025050 0.525520
 30   2.122804 -0.510396 1.788226 -0.003045 -0.003268 0.034633
 31   2.121290 -0.526132 -1.853599 -0.001042 -0.001088 0.013081
 32   -0.814395 -0.093824 3.127092 0.001376 -2.696260 0.071551
 33   14.298673 -0.408176 0.471578 -0.000052 -0.000209 0.033794
 34   15.835795 0.581398 0.242756 -0.003065 -0.010786 -0.001460
 35   -0.815868 -0.091229 -3.114430 0.458480 3.496800 -1.004464
 36   14.294526 -0.410349 -0.467541 -0.000063 -0.000180 -2.653655
 37   15.834409 0.579420 -0.284600 0.003089 0.010919 0.015959
 38   1.420944 -3.359996 -2.808187 -0.100783 0.013316 1.978607
 39   -4.762439 -0.613434 -0.711023 0.135018 -0.025443 0.791363
 40   0.836842 -3.543522 3.221664 -0.100783 0.013317 1.978607
 41   -4.129143 -1.500550 0.924409 0.135017 -0.025443 0.791363
 42   1.065241 2.947340 -2.563610 0.019175 0.042365 -0.824863
 43   1.183645 2.698608 2.986568 0.019178 0.042369 -0.824863
time 12
  0   0.020765 -0.582049 15.239118 2.705095 0.000000 -1.571069
  1   -1.093036 0.000002 -0.326057 -1.569813 -1.570379 -0.001720
  2   2.262337 0.113614 0.064702 -0.013605 0.156448 -0.037690
  3   2.380047 0.353302 0.047440 0.001260 0.156994 0.076092
  4   2.033756 0.190472 -0.000128 -0.024446 0.172794 -0.064508
  5   2.451511 0.204909 -0.003447 0.000000 -0.000005 -0.017472
  6   7.247600 -0.397300 -0.109469 0.000001 -0.000003 0.418536
  7   -2.022252 -0.104661 3.136172 -0.298783 -1.361718 -2.901842
  8   1.168026 -0.537438 -0.063437 -1.493501 -0.810447 -1.602892
  9   6.790376 -0.619176 0.015206 -0.009312 -0.035190 -0.539141
 10   8.637599 0.544015 -0.090417 -1.570112 0.000221 -0.122021
 11   6.790465 -0.619039 0.017802 -0.009597 -0.035301 -0.392564
 12   -2.022474 -0.104699 -2.873818 0.298969 1.362003 -2.901601
 13   1.167898 -0.537463 0.063297 1.266810 0.917319 -1.757536
 14   7.002743 -0.617765 -0.183752 0.138974 -0.101735 -0.390829
 15   8.209042 0.615527 -0.255885 1.278165 0.125002 -0.095325
 16   7.002735 -0.617911 -0.183641 0.108307 -0.073775 -0.290911
 17   1.574674 0.609930 -0.000899 0.000000 0.000008 -0.445647
 18   -0.602177 0.511412 -0.000006 0.000000 0.000000 0.000000
 19   3.673773 0.177020 1.119313 -0.000002 -0.000014 -0.174510
 20   3.673767 0.176993 -1.117566 0.000007 -0.000003 -0.174546
 21   3.575158 1.287664 1.592501 0.000002 -0.000011 -0.000026
 22   -0.242154 -0.273616 0.500896 0.000068 -0.020211 0.313307
 23   3.582988 1.283783 -1.627177 0.000019 0.000002 -0.000024
 24   -0.187554 -0.203284 -0.528230 0.000055 -0.020236 0.313358
 25   4.652292 1.997338 1.637143 -0.022669 0.183169 0.005057
 26   4.652310 1.997366 -1.621597 0.025179 -0.195708 -0.014693
 27   3.051185 1.517699 1.506688 -0.000019 -0.000022 -0.000050
 28   3.053615 1.517305 -1.508955 -0.000002 -0.000009 -0.000024
 29   8.824059 0.150544 0.091743 -0.114161 0.025762 0.561089
 30   2.154055 -0.389299 1.799945 -0.010287 -0.009458 0.117189
 31   2.129103 -0.444098 -1.845786 -0.003539 -0.003704 0.044286
 32   -0.814395 -0.093824 3.127092 0.001376 -2.696260 0.071551
 33   14.298673 -0.408176 0.471578 -0.000052 -0.000209 0.033794
 34   15.835795 0.581398 0.242756 -0.003065 -0.010786 -0.001460
 35   -0.815868 -0.091229 -3.114430 0.458480 3.496800 -1.004464
 36   14.294526 -0.410349 -0.467541 -0.000063 -0.000180 -2.653655
 37   15.834409 0.579420 -0.284600 0.003089 0.010919 0.015959
 38   1.420944 -3.356090 -2.808187 -0.100530 0.014003 1.992048
 39   -4.774158 -0.625153 -0.711023 0.133544 -0.027061 0.838650
 40   0.836842 -3.543522 3.221664 -0.100530 0.014004 1.992048
 41   -4.117424 -1.488831 0.924409 0.133543 -0.027061 0.838650
 42   1.158994 3.029374 -2.559704 0.021740 0.045263 -0.901063
 43   1.265678 2.753298 2.990474 0.021740 0.045272 -0.901063
time 13
  0   0.020765 -0.566424 15.239118 2.705095 0.000000 -1.571069
  1   -1.093036 0.000002 -0.326057 -1.569760 -1.570379 -0.002300
  2   2.262337 0.113614 0.064702 -0.013605 0.156448 -0.062574
  3   2.380047 0.353302 0.047440 0.001260 0.156994 0.042443
  4   2.033756 0.190472 -0.000128 -0.024446 0.172794 -0.103148
  5   2.451511 0.204909 -0.003447 0.000000 -0.000005 -0.017472
  6   7.247600 -0.397300 -0.109469 0.000001 -0.000003 0.418536
  7   -2.022252 -0.104661 3.136172 -0.298783 -1.361718 -2.901842
  8   1.168026 -0.537438 -0.063437 -1.472555 -0.950673 -1.624274
  9   6.790376 -0.619176 0.015206 -0.009312 -0.035190 -0.539141
 10   8.637599 0.544015 -0.090417 -1.570112 0.000221 -0.122021
 11   6.790465 -0.619039 0.017802 -0.009597 -0.035301 -0.392564
 12   -2.022474 -0.104699 -2.873818 0.298969 1.362003 -2.901601
 13   1.167898 -0.537463 0.063297 1.220625 1.040590 -1.795855
 14   7.002743 -0.617765 -0.183752 0.093826 -0.048755 -0.426554
 15   8.209042 0.615527 -0.255885 1.423984 0.061372 -0.104105
 16   7.002735 -0.617911 -0.183641 0.078367 -0.035318 -0.316907
 17   1.574674 0.609930 -0.000899 0.000000 0.000008 -0.489150
 18   -0.602177 0.511412 -0.000006 0.000000 0.000000 0.000000
 19   3.673773 0.177020 1.119313 -0.000002 -0.000014 -0.174510
 20   3.673767 0.176993 -1.117566 0.000007 -0.000003 -0.174546
 21   3.266555 1.240788 1.557343 0.000002 -0.000011 -0.000026
 22   -0.234341 -0.492372 0.489176 0.000131 -0.037229 0.576779
 23   3.278291 1.236906 -1.619364 0.000019 0.000002 -0.000024
 24   -0.132865 -0.367352 -0.539949 0.000115 -0.037254 0.576821
 25   4.410098 1.993432 1.641049 -0.041736 0.300809 0.009336
 26   4.410116 1.993460 -1.617691 0.046355 -0.293015 -0.027025
 27   3.168375 1.431759 1.498875 -0.000019 -0.000022 -0.000050
 28   3.170805 1.431365 -1.516768 -0.000002 -0.000009 -0.000024
 29   8.824059 0.150544 0.091743 -0.114963 0.026593 0.579383
 30   2.189212 -0.244763 1.815571 -0.018924 -0.016840 0.215721
 31   2.136915 -0.342532 -1.834067 -0.006512 -0.006838 0.081550
 32   -0.814395 -0.093824 3.127092 0.001376 -2.696260 0.071551
 33   14.298673 -0.408176 0.471578 -0.000052 -0.000209 0.033794
 34   15.835795 0.581398 0.242756 -0.003065 -0.010786 -0.001460
 35   -0.815868 -0.091229 -3.114430 0.458480 3.496800 -1.004464
 36   14.294526 -0.410349 -0.467541 -0.000063 -0.000180 -2.653655
 37   15.834409 0.579420 -0.284600 0.003089 0.010919 0.015959
 38   1.417037 -3.356090 -2.808187 -0.100404 0.014352 1.998951
 39   -4.778065 -0.640779 -0.711023 0.131771 -0.029003 0.879485
 40   0.840749 -3.547428 3.225571 -0.100404 0.014353 1.998951
 41   -4.113518 -1.473205 0.924409 0.131770 -0.029003 0.879485
 42   1.252747 3.068438 -2.555797 0.023058 0.047793 -0.940962
 43   1.335993 2.776736 2.994381 0.023052 0.047798 -0.940962
time 14
  0   0.020765 -0.546892 15.239118 2.705095 0.000000 -1.571069
  1   -1.093036 0.000002 -0.326057 -1.569708 -1.570379 -0.000800
  2   2.262337 0.113614 0.064702 -0.013605 0.156448 -0.087512
  3   2.380047 0.353302 0.047440 0.001260 0.156994 0.008876
  4   2.033756 0.190472 -0.000128 -0.024446 0.172794 -0.141533
  5   2.451511 0.204909 -0.003447 0.000000 -0.000005 -0.017472
  6   7.247600 -0.397300 -0.109469 0.000001 -0.000003 0.418536
  7   -2.022252 -0.104661 3.136172 -0.298783 -1.361718 -2.901842
  8   1.168026 -0.537438 -0.063437 -1.439649 -1.090597 -1.657106
  9   6.790376 -0.619176 0.015206 -0.009312 -0.035190 -0.539141
 10   8.637599 0.544015 -0.090417 -1.570112 0.000221 -0.122021
 11   6.790465 -0.619039 0.017802 -0.009597 -0.035301 -0.392564
 12   -2.022474 -0.104699 -2.873818 0.298969 1.362003 -2.901601
 13   1.167898 -0.537463 0.063297 1.149907 1.162336 -1.859053
 14   7.002743 -0.617765 -0.183752 0.047085 0.002238 -0.464424
 15   8.209042 0.615527 -0.255885 1.570018 -0.000214 -0.121965
 16   7.002735 -0.617911 -0.183641 0.047532 0.002293 -0.343621
 17   1.574674 0.609930 -0.000899 0.000000 0.000008 -0.532764
 18   -0.602177 0.511412 -0.000006 0.000000 0.000000 0.000000
 19   3.673773 0.177020 1.119313 -0.000002 -0.000014 -0.174510
 20   3.673767 0.176993 -1.117566 0.000007 -0.000003 -0.174546
 21   3.008735 1.205630 1.529999 0.000002 -0.000011 -0.000026
 22   -0.230435 -0.679878 0.477457 0.000178 -0.051491 0.797518
 23   3.020471 1.197842 -1.615458 0.000019 0.000002 -0.000024
 24   -0.089895 -0.507981 -0.547762 0.000163 -0.051516 0.797556
 25   4.203060 1.993432 1.648862 -0.057712 0.399360 0.012919
 26   4.203078 1.993460 -1.609878 0.064093 -0.374544 -0.037368
 27   3.266035 1.353631 1.491063 -0.000019 -0.000022 -0.000050
 28   3.268465 1.353237 -1.524580 -0.000002 -0.000009 -0.000024
 29   8.824059 0.150544 0.091743 -0.115320 0.027305 0.586142
 30   2.220463 -0.123666 1.831196 -0.026166 -0.023001 0.298255
 31   2.144728 -0.256592 -1.826254 -0.009009 -0.009454 0.112755
 32   -0.814395 -0.093824 3.127092 0.001376 -2.696260 0.071551
 33   14.298673 -0.408176 0.471578 -0.000052 -0.000209 0.033794
 34   15.835795 0.581398 0.242756 -0.003065 -0.010786 -0.001460
 35   -0.815868 -0.091229 -3.114430 0.458480 3.496800 -1.004464
 36   14.294526 -0.410349 -0.467541 -0.000063 -0.000180 -2.653732
 37   15.834409 0.579420 -0.284600 0.003089 0.010919 0.015959
 38   1.417037 -3.356090 -2.808187 -0.100362 0.014473 2.001517
 39   -4.781971 -0.652498 -0.714929 0.130296 -0.030633 0.908177
 40   0.840749 -3.547428 3.225571 -0.100362 0.014474 2.001517
 41   -4.109611 -1.461486 0.928315 0.130295 -0.030633 0.908177
 42   1.323061 3.084063 -2.551891 0.023538 0.049587 -0.956311
 43   1.382869 2.788455 2.998287 0.023539 0.049587 -0.956311
time 15
  0   0.020765 -0.496109 15.239118 2.705260 0.010402 -1.571069
  1   -1.093036 0.000002 -0.326057 -1.569498 -1.570379 0.000119
  2   2.262337 0.113614 0.064702 -0.013605 0.156448 -0.077067
  3   2.380047 0.353302 0.047440 0.001260 0.156994 0.022874
  4   2.033756 0.190472 -0.000128 -0.024446 0.172794 -0.124352
  5   2.451511 0.204909 -0.003447 0.000000 -0.000005 -0.017472
  6   7.247600 -0.397300 -0.109469 0.000001 -0.000003 0.418536
  7   -2.022252 -0.104661 3.136172 -0.298783 -1.361718 -2.901842
  8   1.168026 -0.537438 -0.063437 -1.435536 -1.111427 -1.660902
  9   6.790376 -0.619176 0.015206 -0.009312 -0.035190 -0.539141
 10   8.637599 0.544015 -0.090417 -1.570112 0.000221 -0.122021
 11   6.790465 -0.619039 0.017802 -0.009597 -0.035301 -0.392564
 12   -2.022474 -0.104699 -2.873818 0.298969 1.362003 -2.901601
 13   1.167898 -0.537463 0.063297 1.142104 1.172354 -1.866196
 14   7.002743 -0.617765 -0.183752 0.047085 0.002238 -0.464424
 15   8.209042 0.615527 -0.255885 1.570018 -0.000214 -0.121965
 16   7.002735 -0.617911 -0.183641 0.047532 0.002293 -0.343621
 17   1.574674 0.609930 -0.000899 0.000000 0.000008 -0.553869
 18   -0.602177 0.511412 -0.000006 0.000000 0.000000 0.000000
 19   3.673773 0.177020 1.119313 -0.000002 -0.000014 -0.174510
 20   3.673767 0.176993 -1.117566 0.000007 -0.000003 -0.174546
 21   2.899356 1.190005 1.518280 0.000002 -0.000011 -0.000026
 22   -0.226528 -0.758005 0.473551 0.000194 -0.057471 0.890061
 23   2.914999 1.182217 -1.611551 0.000019 0.000002 -0.000024
 24   -0.074270 -0.562670 -0.551668 0.000187 -0.057496 0.890104
 25   4.117120 1.989525 1.648862 -0.064423 0.440701 0.014429
 26   4.117138 1.989553 -1.609878 0.071535 -0.408734 -0.041706
 27   3.305099 1.322380 1.487156 -0.000019 -0.000022 -0.000050
 28   3.307528 1.321986 -1.528487 -0.000002 -0.000009 -0.000024
 29   8.824059 0.150544 0.091743 -0.115409 0.027614 0.587108
 30   2.236089 -0.072883 1.835103 -0.029203 -0.025587 0.332886
 31   2.148634 -0.221435 -1.822348 -0.010051 -0.010542 0.125856
 32   -0.814395 -0.093824 3.127092 0.001376 -2.696260 0.071551
 33   14.298673 -0.408176 0.471578 -0.000052 -0.000209 0.019899
 34   15.835795 0.581398 0.242756 -0.003065 -0.010786 -0.001460
 35   -0.815868 -0.091229 -3.114430 0.458480 3.496800 -1.004464
 36   14.294526 -0.410349 -0.467541 -0.000063 -0.000180 -2.653655
 37   15.834409 0.579420 -0.284600 0.003089 0.010919 0.015959
 38   1.417037 -3.356090 -2.812094 -0.100362 0.014497 2.001884
 39   -4.781971 -0.656404 -0.714929 0.129673 -0.031316 0.918975
 40   0.840749 -3.547428 3.225571 -0.100362 0.014498 2.001884
 41   -4.109611 -1.457580 0.928315 0.129672 -0.031316 0.918975
 42   1.350406 3.087969 -2.551891 0.023610 0.050277 -0.958820
 43   1.398495 2.788455 2.998287 0.023601 0.050262 -0.958820
time 16
  0   0.020765 -0.390637 15.239118 2.705095 0.020715 -1.571069
  1   -1.093036 0.000002 -0.326057 -1.570232 -1.570379 -0.000607
  2   2.262337 0.113614 0.064702 -0.013605 0.156448 -0.066622
  3   2.380047 0.353302 0.047440 0.001260 0.156994 0.036709
  4   2.033756 0.190472 -0.000128 -0.024446 0.172794 -0.106954
  5   2.451511 0.204909 -0.003447 0.000000 -0.000005 -0.017472
  6   7.247600 -0.397300 -0.109469 0.000001 -0.000003 0.418536
  7   -2.022252 -0.104661 3.136172 -0.298783 -1.361718 -2.901842
  8   1.168026 -0.537438 -0.063437 -1.431043 -1.132207 -1.664824
  9   6.790376 -0.619176 0.015206 -0.009312 -0.035190 -0.539141
 10   8.637599 0.544015 -0.090417 -1.570112 0.000221 -0.122021
 11   6.790465 -0.619039 0.017802 -0.009597 -0.035301 -0.392564
 12   -2.022474 -0.104699 -2.873818 0.298969 1.362003 -2.901601
 13   1.167898 -0.537463 0.063297 1.134161 1.182424 -1.873521
 14   7.002743 -0.617765 -0.183752 0.047085 0.002238 -0.464424
 15   8.209042 0.615527 -0.255885 1.570018 -0.000214 -0.121965
 16   7.002735 -0.617911 -0.183641 0.047532 0.002293 -0.343621
 17   1.574674 0.609930 -0.000899 0.000000 0.000008 -0.574826
 18   -0.602177 0.511412 -0.000006 0.000000 0.000000 0.000000
 19   3.673773 0.177020 1.119313 -0.000002 -0.000014 -0.174510
 20   3.673767 0.176993 -1.117566 0.000007 -0.000003 -0.174546
 21   2.899356 1.190005 1.518280 0.000002 -0.000011 -0.000026
 22   -0.226528 -0.758005 0.473551 0.000194 -0.057471 0.890061
 23   2.914999 1.182217 -1.611551 0.000019 0.000002 -0.000024
 24   -0.074270 -0.562670 -0.551668 0.000187 -0.057496 0.890104
 25   4.117120 1.989525 1.648862 -0.064423 0.440701 0.014429
 26   4.117138 1.989553 -1.609878 0.071535 -0.408734 -0.041706
 27   3.305099 1.322380 1.487156 -0.000019 -0.000022 -0.000050
 28   3.307528 1.321986 -1.528487 -0.000002 -0.000009 -0.000024
 29   8.824059 0.150544 0.091743 -0.114785 0.027305 0.574608
 30   2.220463 -0.123666 1.831196 -0.026166 -0.023001 0.298255
 31   2.144728 -0.256592 -1.826254 -0.009009 -0.009454 0.112755
 32   -0.814395 -0.093824 3.127092 0.001376 -2.696260 0.071551
 33   14.298673 -0.408176 0.471578 -0.000052 -0.000209 0.006084
 34   15.835795 0.581398 0.242756 -0.003065 -0.010786 -0.001460
 35   -0.815868 -0.091229 -3.114430 0.458480 3.496800 -1.004464
 36   14.294526 -0.410349 -0.467541 -0.000063 -0.000180 -2.653655
 37   15.834409 0.579420 -0.284600 0.003089 0.010919 0.015959
 38   1.417037 -3.356090 -2.808187 -0.100446 0.014256 1.997119
 39   -4.778065 -0.652498 -0.714929 0.130296 -0.030633 0.900717
 40   0.840749 -3.547428 3.221664 -0.100446 0.014257 1.997119
 41   -4.113518 -1.461486 0.928315 0.130295 -0.030633 0.900717
 42   1.311342 3.056718 -2.555797 0.022711 0.049142 -0.931970
 43   1.367244 2.768923 2.994381 0.022702 0.049148 -0.931970
time 17
  0   0.020765 -0.273446 15.239118 2.705095 0.030939 -1.571069
  1   -1.093036 0.000002 -0.326057 -1.570494 -1.570379 0.002152
  2   2.262337 0.113614 0.064702 -0.013605 0.156448 -0.056123
  3   2.380047 0.353302 0.047440 0.001260 0.156994 0.050687
  4   2.033756 0.190472 -0.000128 -0.024446 0.172794 -0.089483
  5   2.451511 0.204909 -0.003447 0.000000 -0.000005 -0.017472
  6   7.247600 -0.397300 -0.109469 0.000001 -0.000003 0.418536
  7   -2.022252 -0.104661 3.136172 -0.298783 -1.361718 -2.901842
  8   1.168026 -0.537438 -0.063437 -1.426297 -1.153188 -1.669252
  9   6.790376 -0.619176 0.015206 -0.009312 -0.035190 -0.539141
 10   8.637599 0.544015 -0.090417 -1.570112 0.000221 -0.122021
 11   6.790465 -0.619039 0.017802 -0.009597 -0.035301 -0.392564
 12   -2.022474 -0.104699 -2.873818 0.298969 1.362003 -2.901601
 13   1.167898 -0.537463 0.063297 1.125655 1.192340 -1.881451
 14   7.002743 -0.617765 -0.183752 0.047085 0.002238 -0.464424
 15   8.209042 0.615527 -0.255885 1.570018 -0.000214 -0.121965
 16   7.002735 -0.617911 -0.183641 0.047532 0.002293 -0.343621
 17   1.574674 0.609930 -0.000899 0.000000 0.000008 -0.595709
 18   -0.602177 0.511412 -0.000006 0.000000 0.000000 0.000000
 19   3.673773 0.177020 1.119313 -0.000002 -0.000014 -0.174510
 20   3.673767 0.176993 -1.117566 0.000007 -0.000003 -0.174546
 21   2.899356 1.190005 1.518280 0.000002 -0.000011 -0.000026
 22   -0.226528 -0.758005 0.473551 0.000194 -0.057471 0.890061
 23   2.914999 1.182217 -1.611551 0.000019 0.000002 -0.000024
 24   -0.074270 -0.562670 -0.551668 0.000187 -0.057496 0.890104
 25   4.117120 1.989525 1.648862 -0.064423 0.440701 0.014429
 26   4.117138 1.989553 -1.609878 0.071535 -0.408734 -0.041706
 27   3.305099 1.322380 1.487156 -0.000019 -0.000022 -0.000050
 28   3.307528 1.321986 -1.528487 -0.000002 -0.000009 -0.000024
 29   8.824059 0.150544 0.091743 -0.113359 0.026593 0.544780
 30   2.189212 -0.244763 1.815571 -0.018924 -0.016840 0.215721
 31   2.136915 -0.342532 -1.834067 -0.006512 -0.006838 0.081550
 32   -0.814395 -0.093824 3.127092 0.001376 -2.696260 0.071551
 33   14.298673 -0.408176 0.471578 -0.000040 -0.000209 -0.007969
 34   15.835795 0.581398 0.242756 -0.003065 -0.010786 -0.001460
 35   -0.815868 -0.091229 -3.114430 0.458480 3.496800 -1.004464
 36   14.294526 -0.410349 -0.467541 -0.000063 -0.000180 -2.653655
 37   15.834409 0.579420 -0.284600 0.003089 0.010919 0.015959
 38   1.420944 -3.356090 -2.808187 -0.100657 0.013689 1.985877
 39   -4.766346 -0.640779 -0.711023 0.131771 -0.029003 0.857132
 40   0.836842 -3.547428 3.221664 -0.100657 0.013690 1.985877
 41   -4.125237 -1.473205 0.924409 0.131770 -0.029003 0.857132
 42   1.221496 2.990310 -2.559704 0.020566 0.046459 -0.867898
 43   1.289117 2.725953 2.990474 0.020565 0.046464 -0.867898
time 18
  0   0.020765 -0.179693 15.239118 2.705095 0.041607 -1.571069
  1   -1.093036 0.000002 -0.326057 -1.570284 -1.570379 0.001716
  2   2.262337 0.113614 0.064702 -0.013605 0.156448 -0.045641
  3   2.380047 0.353302 0.047440 0.001260 0.156994 0.064624
  4   2.033756 0.190472 -0.000128 -0.024446 0.172794 -0.071975
  5   2.451511 0.204909 -0.003447 0.000000 -0.000005 -0.017472
  6   7.247600 -0.397300 -0.109469 0.000001 -0.000003 0.418536
  7   -2.022252 -0.104661 3.136172 -0.298783 -1.361718 -2.901842
  8   1.168026 -0.537438 -0.063437 -1.420855 -1.173867 -1.674123
  9   6.790376 -0.619176 0.015206 -0.009312 -0.035190 -0.539141
 10   8.637599 0.544015 -0.090417 -1.570112 0.000221 -0.122021
 11   6.790465 -0.619039 0.017802 -0.009597 -0.035301 -0.392564
 12   -2.022474 -0.104699 -2.873818 0.298969 1.362003 -2.901601
 13   1.167898 -0.537463 0.063297 1.116868 1.202460 -1.889744
 14   7.002743 -0.617765 -0.183752 0.047085 0.002238 -0.464424
 15   8.209042 0.615527 -0.255885 1.570018 -0.000214 -0.121965
 16   7.002735 -0.617911 -0.183641 0.047532 0.002293 -0.343621
 17   1.574674 0.609930 -0.000899 0.000000 0.000008 -0.616666
 18   -0.602177 0.511412 -0.000006 0.000000 0.000000 0.000000
 19   3.673773 0.177020 1.119313 -0.000002 -0.000014 -0.174510
 20   3.673767 0.176993 -1.117566 0.000007 -0.000003 -0.174546
 21   2.899356 1.190005 1.518280 0.000002 -0.000011 -0.000026
 22   -0.226528 -0.758005 0.473551 0.000194 -0.057471 0.890061
 23   2.914999 1.182217 -1.611551 0.000019 0.000002 -0.000024
 24   -0.074270 -0.562670 -0.551668 0.000187 -0.057496 0.890104
 25   4.117120 1.989525 1.648862 -0.064423 0.440701 0.014429
 26   4.117138 1.989553 -1.609878 0.071535 -0.408734 -0.041706
 27   3.305099 1.322380 1.487156 -0.000019 -0.000022 -0.000050
 28   3.307528 1.321986 -1.528487 -0.000002 -0.000009 -0.000024
 29   8.824059 0.150544 0.091743 -0.111576 0.025738 0.509157
 30   2.154055 -0.389299 1.799945 -0.010287 -0.009458 0.117189
 31   2.129103 -0.444098 -1.845786 -0.003539 -0.003704 0.044286
 32   -0.814395 -0.093824 3.127092 0.001376 -2.696260 0.071551
 33   14.298673 -0.408176 0.471578 -0.000040 -0.000209 -0.021943
 34   15.835795 0.581398 0.242756 -0.003065 -0.010786 -0.001460
 35   -0.815868 -0.091229 -3.114430 0.458480 3.496800 -1.004464
 36   14.294526 -0.410349 -0.467541 -0.000063 -0.000180 -2.653655
 37   15.834409 0.579420 -0.284600 0.003089 0.010919 0.015959
 38   1.420944 -3.359996 -2.808187 -0.100888 0.013015 1.972436
 39   -4.754626 -0.625153 -0.711023 0.133544 -0.027061 0.805106
 40   0.836842 -3.543522 3.221664 -0.100888 0.013004 1.972436
 41   -4.136956 -1.488831 0.924409 0.133543 -0.027061 0.805106
 42   1.112117 2.912183 -2.563610 0.018001 0.043270 -0.791489
 43   1.199270 2.675170 2.986568 0.017991 0.043263 -0.791489
time 19
  0   0.020765 -0.136723 15.239118 2.705095 0.052187 -1.571069
  1   -1.093036 0.000002 -0.326057 -1.570704 -1.570379 0.000797
  2   2.262337 0.113614 0.064702 -0.013605 0.156448 -0.035160
  3   2.380047 0.353302 0.047440 0.001260 0.156994 0.078622
  4   2.033756 0.190472 -0.000128 -0.024446 0.172794 -0.054504
  5   2.451511 0.204909 -0.003447 0.000000 -0.000005 -0.017472
  6   7.247600 -0.397300 -0.109469 0.000001 -0.000003 0.418536
  7   -2.022252 -0.104661 3.136172 -0.298783 -1.361718 -2.901842
  8   1.168026 -0.537438 -0.063437 -1.414780 -1.194798 -1.679690
  9   6.790376 -0.619176 0.015206 -0.009312 -0.035190 -0.539141
 10   8.637599 0.544015 -0.090417 -1.570112 0.000221 -0.122021
 11   6.790465 -0.619039 0.017802 -0.009597 -0.035301 -0.392564
 12   -2.022474 -0.104699 -2.873818 0.298969 1.362003 -2.901601
 13   1.167898 -0.537463 0.063297 1.107448 1.212275 -1.898461
 14   7.002743 -0.617765 -0.183752 0.047085 0.002238 -0.464424
 15   8.209042 0.615527 -0.255885 1.570018 -0.000214 -0.121965
 16   7.002735 -0.617911 -0.183641 0.047532 0.002293 -0.343621
 17   1.574674 0.609930 -0.000899 0.000000 0.000008 -0.637660
 18   -0.602177 0.511412 -0.000006 0.000000 0.000000 0.000000
 19   3.673773 0.177020 1.119313 -0.000002 -0.000014 -0.174510
 20   3.673767 0.176993 -1.117566 0.000007 -0.000003 -0.174546
 21   2.899356 1.190005 1.518280 0.000002 -0.000011 -0.000026
 22   -0.226528 -0.758005 0.473551 0.000194 -0.057471 0.890061
 23   2.914999 1.182217 -1.611551 0.000019 0.000002 -0.000024
 24   -0.074270 -0.562670 -0.551668 0.000187 -0.057496 0.890104
 25   4.117120 1.989525 1.648862 -0.064423 0.440701 0.014429
 26   4.117138 1.989553 -1.609878 0.071535 -0.408734 -0.041706
 27   3.305099 1.322380 1.487156 -0.000019 -0.000022 -0.000050
 28   3.307528 1.321986 -1.528487 -0.000002 -0.000009 -0.000024
 29   8.824059 0.150544 0.091743 -0.110150 0.025026 0.479329
 30   2.122804 -0.510396 1.788226 -0.003045 -0.003268 0.034633
 31   2.121290 -0.526132 -1.853599 -0.001042 -0.001088 0.013081
 32   -0.814395 -0.093824 3.127092 0.001376 -2.696260 0.071551
 33   14.298673 -0.408176 0.471578 -0.000040 -0.000209 -0.035917
 34   15.835795 0.581398 0.242756 -0.003065 -0.010786 -0.001460
 35   -0.815868 -0.091229 -3.114430 0.458480 3.496800 -1.004464
 36   14.294526 -0.410349 -0.467541 -0.000063 -0.000180 -2.653655
 37   15.834409 0.579420 -0.284600 0.003089 0.010919 0.015959
 38   1.420944 -3.359996 -2.808187 -0.101099 0.012436 1.961195
 39   -4.746814 -0.613434 -0.711023 0.135018 -0.025443 0.761521
 40   0.836842 -3.543522 3.221664 -0.101099 0.012437 1.961195
 41   -4.144769 -1.500550 0.924409 0.135017 -0.025443 0.761521
 42   1.018364 2.841868 -2.571423 0.015856 0.040587 -0.727459
 43   1.125049 2.632200 2.982662 0.015855 0.040580 -0.727459
time 20
  0   0.020765 -0.179693 15.239118 2.705095 0.041607 -1.571069
  1   -1.093036 0.000002 -0.326057 -1.570284 -1.570379 0.001716
  2   2.262337 0.113614 0.064702 -0.013605 0.156448 -0.045641
  3   2.380047 0.353302 0.047440 0.001260 0.156994 0.064624
  4   2.033756 0.190472 -0.000128 -0.024446 0.172794 -0.071975
  5   2.451511 0.204909 -0.003447 0.000000 -0.000005 -0.017472
  6   7.247600 -0.397300 -0.109469 0.000001 -0.000003 0.418536
  7   -2.022252 -0.104661 3.136172 -0.298783 -1.361718 -2.901842
  8   1.168026 -0.537438 -0.063437 -1.420855 -1.173867 -1.674123
  9   6.790376 -0.619176 0.015206 -0.009312 -0.035190 -0.539141
 10   8.637599 0.544015 -0.090417 -1.570112 0.000221 -0.122021
 11   6.790465 -0.619039 0.017802 -0.009597 -0.035301 -0.392564
 12   -2.022474 -0.104699 -2.873818 0.298969 1.362003 -2.901601
 13   1.167898 -0.537463 0.063297 1.116868 1.202460 -1.889744
 14   7.002743 -0.617765 -0.183752 0.047085 0.002238 -0.464424
 15   8.209042 0.615527 -0.255885 1.570018 -0.000214 -0.121965
 16   7.002735 -0.617911 -0.183641 0.047532 0.002293 -0.343621
 17   1.574674 0.609930 -0.000899 0.000000 0.000008 -0.616666
 18   -0.602177 0.511412 -0.000006 0.000000 0.000000 0.000000
 19   3.673773 0.177020 1.119313 -0.000002 -0.000014 -0.174510
 20   3.673767 0.176993 -1.117566 0.000007 -0.000003 -0.174546
 21   2.899356 1.190005 1.518280 0.000002 -0.000011 -0.000026
 22   -0.226528 -0.758005 0.473551 0.000194 -0.057471 0.890061
 23   2.914999 1.182217 -1.611551 0.000019 0.000002 -0.000024
 24   -0.074270 -0.562670 -0.551668 0.000187 -0.057496 0.890104
 25   4.117120 1.989525 1.648862 -0.064423 0.440701 0.014429
 26   4.117138 1.989553 -1.609878 0.071535 -0.408734 -0.041706
 27   3.305099 1.322380 1.487156 -0.000019 -0.000022 -0.000050
 28   3.307528 1.321986 -1.528487 -0.000002 -0.000009 -0.000024
 29   8.824059 0.150544 0.091743 -0.109616 0.024741 0.466829
 30   2.111085 -0.561179 1.784320 -0.000008 -0.000682 0.000024
 31   2.121290 -0.561289 -1.853599 0.000000 0.000000 -0.000002
 32   -0.814395 -0.093824 3.127092 0.001376 -2.696260 0.071551
 33   14.298673 -0.408176 0.471578 -0.000040 -0.000209 -0.021943
 34   15.835795 0.581398 0.242756 -0.003065 -0.010786 -0.001460
 35   -0.815868 -0.091229 -3.114430 0.458480 3.496800 -1.004464
 36   14.294526 -0.410349 -0.467541 -0.000063 -0.000180 -2.653655
 37   15.834409 0.579420 -0.284600 0.003089 0.010919 0.015959
 38   1.420944 -3.359996 -2.808187 -0.101183 0.012195 1.956430
 39   -4.739001 -0.605622 -0.711023 0.135642 -0.024760 0.743263
 40   0.836842 -3.543522 3.221664 -0.101183 0.012196 1.956430
 41   -4.152581 -1.508362 0.924409 0.135641 -0.024760 0.743263
 42   0.983207 2.814524 -2.571423 0.014957 0.039467 -0.700609
 43   1.089892 2.616575 2.982662 0.014955 0.039466 -0.700609
time 21
  0   0.020765 -0.285165 15.239118 2.705095 0.030939 -1.571069
  1   -1.093036 0.000002 -0.326057 -1.571228 -1.570379 0.001426
  2   2.262337 0.113614 0.064702 -0.013605 0.156448 -0.056123
  3   2.380047 0.353302 0.047440 0.001260 0.156994 0.050687
  4   2.033756 0.190472 -0.000128 -0.024446 0.172794 -0.089483
  5   2.451511 0.204909 -0.003447 0.000000 -0.000005 -0.017472
  6   7.247600 -0.397300 -0.109469 0.000001 -0.000003 0.418536
  7   -2.022252 -0.104661 3.136172 -0.298783 -1.361718 -2.901842
  8   1.168026 -0.537438 -0.063437 -1.426297 -1.153188 -1.669252
  9   6.790376 -0.619176 0.015206 -0.009312 -0.035190 -0.539141
 10   8.637599 0.544015 -0.090417 -1.570112 0.000221 -0.122021
 11   6.790465 -0.619039 0.017802 -0.009597 -0.035301 -0.392564
 12   -2.022474 -0.104699 -2.873818 0.298969 1.362003 -2.901601
 13   1.167898 -0.537463 0.063297 1.125655 1.192340 -1.881451
 14   7.002743 -0.617765 -0.183752 0.047085 0.002238 -0.464424
 15   8.209042 0.615527 -0.255885 1.570018 -0.000214 -0.121965
 16   7.002735 -0.617911 -0.183641 0.047532 0.002293 -0.343621
 17   1.574674 0.609930 -0.000899 0.000000 0.000008 -0.595709
 18   -0.602177 0.511412 -0.000006 0.000000 0.000000 0.000000
 19   3.673773 0.177020 1.119313 -0.000002 -0.000014 -0.174510
 20   3.673767 0.176993 -1.117566 0.000007 -0.000003 -0.174546
 21   2.899356 1.190005 1.518280 0.000002 -0.000011 -0.000026
 22   -0.226528 -0.758005 0.473551 0.000194 -0.057471 0.890061
 23   2.914999 1.182217 -1.611551 0.000019 0.000002 -0.000024
 24   -0.074270 -0.562670 -0.551668 0.000187 -0.057496 0.890104
 25   4.117120 1.989525 1.648862 -0.064423 0.440701 0.014429
 26   4.117138 1.989553 -1.609878 0.071535 -0.408734 -0.041706
 27   3.305099 1.322380 1.487156 -0.000019 -0.000022 -0.000050
 28   3.307528 1.321986 -1.528487 -0.000002 -0.000009 -0.000024
 29   8.824059 0.150544 0.091743 -0.110150 0.025026 0.479329
 30   2.122804 -0.510396 1.788226 -0.003045 -0.003268 0.034633
 31   2.121290 -0.526132 -1.853599 -0.001042 -0.001088 0.013081
 32   -0.814395 -0.093824 3.127092 0.001376 -2.696260 0.071551
 33   14.298673 -0.408176 0.471578 -0.000040 -0.000209 -0.007969
 34   15.835795 0.581398 0.242756 -0.003065 -0.010786 -0.001460
 35   -0.815868 -0.091229 -3.114430 0.458480 3.496800 -1.004464
 36   14.294526 -0.410349 -0.467541 -0.000063 -0.000180 -2.653655
 37   15.834409 0.579420 -0.284600 0.003089 0.010919 0.015959
 38   1.420944 -3.359996 -2.808187 -0.101099 0.012436 1.961195
 39   -4.746814 -0.613434 -0.711023 0.135018 -0.025443 0.761521
 40   0.836842 -3.543522 3.221664 -0.101099 0.012437 1.961195
 41   -4.144769 -1.500550 0.924409 0.135017 -0.025443 0.761521
 42   1.018364 2.841868 -2.571423 0.015856 0.040587 -0.727459
 43   1.125049 2.632200 2.982662 0.015855 0.040580 -0.727459
time 22
  0   0.020765 -0.398450 15.239118 2.705095 0.020715 -1.571069
  1   -1.093036 0.000002 -0.326057 -1.570808 -1.570379 -0.000752
  2   2.262337 0.113614 0.064702 -0.013605 0.156448 -0.066622
  3   2.380047 0.353302 0.047440 0.001260 0.156994 0.036709
  4   2.033756 0.190472 -0.000128 -0.024446 0.172794 -0.106954
  5   2.451511 0.204909 -0.003447 0.000000 -0.000005 -0.017472
  6   7.247600 -0.397300 -0.109469 0.000001 -0.000003 0.418536
  7   -2.022252 -0.104661 3.136172 -0.298783 -1.361718 -2.901842
  8   1.168026 -0.537438 -0.063437 -1.431043 -1.132207 -1.664824
  9   6.790376 -0.619176 0.015206 -0.009312 -0.035190 -0.539141
 10   8.637599 0.544015 -0.090417 -1.570112 0.000221 -0.122021
 11   6.790465 -0.619039 0.017802 -0.009597 -0.035301 -0.392564
 12   -2.022474 -0.104699 -2.873818 0.298969 1.362003 -2.901601
 13   1.167898 -0.537463 0.063297 1.134161 1.182424 -1.873521
 14   7.002743 -0.617765 -0.183752 0.047085 0.002238 -0.464424
 15   8.209042 0.615527 -0.255885 1.570018 -0.000214 -0.121965
 16   7.002735 -0.617911 -0.183641 0.047532 0.002293 -0.343621
 17   1.574674 0.609930 -0.000899 0.000000 0.000008 -0.574826
 18   -0.602177 0.511412 -0.000006 0.000000 0.000000 0.000000
 19   3.673773 0.177020 1.119313 -0.000002 -0.000014 -0.174510
 20   3.673767 0.176993 -1.117566 0.000007 -0.000003 -0.174546
 21   2.899356 1.190005 1.518280 0.000002 -0.000011 -0.000026
 22   -0.226528 -0.758005 0.473551 0.000194 -0.057471 0.890061
 23   2.914999 1.182217 -1.611551 0.000019 0.000002 -0.000024
 24   -0.074270 -0.562670 -0.551668 0.000187 -0.057496 0.890104
 25   4.117120 1.989525 1.648862 -0.064423 0.440701 0.014429
 26   4.117138 1.989553 -1.609878 0.071535 -0.408734 -0.041706
 27   3.305099 1.322380 1.487156 -0.000019 -0.000022 -0.000050
 28   3.307528 1.321986 -1.528487 -0.000002 -0.000009 -0.000024
 29   8.824059 0.150544 0.091743 -0.111576 0.025738 0.509157
 30   2.154055 -0.389299 1.799945 -0.010287 -0.009458 0.117189
 31   2.129103 -0.444098 -1.845786 -0.003539 -0.003704 0.044286
 32   -0.814395 -0.093824 3.127092 0.001376 -2.696260 0.071551
 33   14.298673 -0.408176 0.471578 -0.000052 -0.000209 0.006084
 34   15.835795 0.581398 0.242756 -0.003065 -0.010786 -0.001460
 35   -0.815868 -0.091229 -3.114430 0.458480 3.496800 -1.004464
 36   14.294526 -0.410349 -0.467541 -0.000063 -0.000180 -2.653655
 37   15.834409 0.579420 -0.284600 0.003089 0.010919 0.015959
 38   1.420944 -3.359996 -2.808187 -0.100888 0.013015 1.972436
 39   -4.754626 -0.625153 -0.711023 0.133544 -0.027061 0.805106
 40   0.836842 -3.543522 3.221664 -0.100888 0.013004 1.972436
 41   -4.136956 -1.488831 0.924409 0.133543 -0.027061 0.805106
 42   1.112117 2.912183 -2.563610 0.018001 0.043270 -0.791489
 43   1.199270 2.675170 2.986568 0.017991 0.043263 -0.791489
time 23
  0   0.020765 -0.507828 15.239118 2.705260 0.010402 -1.571069
  1   -1.093036 0.000002 -0.326057 -1.569498 -1.570379 -0.001865
  2   2.262337 0.113614 0.064702 -0.013605 0.156448 -0.077067
  3   2.380047 0.353302 0.047440 0.001260 0.156994 0.022874
  4   2.033756 0.190472 -0.000128 -0.024446 0.172794 -0.124352
  5   2.451511 0.204909 -0.003447 0.000000 -0.000005 -0.017472
  6   7.247600 -0.397300 -0.109469 0.000001 -0.000003 0.418536
  7   -2.022252 -0.104661 3.136172 -0.298783 -1.361718 -2.901842
  8   1.168026 -0.537438 -0.063437 -1.435536 -1.111427 -1.660775
  9   6.790376 -0.619176 0.015206 -0.009312 -0.035190 -0.539141
 10   8.637599 0.544015 -0.090417 -1.570112 0.000221 -0.122021
 11   6.790465 -0.619039 0.017802 -0.009597 -0.035301 -0.392564
 12   -2.022474 -0.104699 -2.873818 0.298969 1.362003 -2.901601
 13   1.167898 -0.537463 0.063297 1.142104 1.172354 -1.866196
 14   7.002743 -0.617765 -0.183752 0.047085 0.002238 -0.464424
 15   8.209042 0.615527 -0.255885 1.570018 -0.000214 -0.121965
 16   7.002735 -0.617911 -0.183641 0.047532 0.002293 -0.343621
 17   1.574674 0.609930 -0.000899 0.000000 0.000008 -0.553869
 18   -0.602177 0.511412 -0.000006 0.000000 0.000000 0.000000
 19   3.673773 0.177020 1.119313 -0.000002 -0.000014 -0.174510
 20   3.673767 0.176993 -1.117566 0.000007 -0.000003 -0.174546
 21   2.899356 1.190005 1.518280 0.000002 -0.000011 -0.000026
 22   -0.226528 -0.758005 0.473551 0.000194 -0.057471 0.890061
 23   2.914999 1.182217 -1.611551 0.000019 0.000002 -0.000024
 24   -0.074270 -0.562670 -0.551668 0.000187 -0.057496 0.890104
 25   4.117120 1.989525 1.648862 -0.064423 0.440701 0.014429
 26   4.117138 1.989553 -1.609878 0.071535 -0.408734 -0.041706
 27   3.305099 1.322380 1.487156 -0.000019 -0.000022 -0.000050
 28   3.307528 1.321986 -1.528487 -0.000002 -0.000009 -0.000024
 29   8.824059 0.150544 0.091743 -0.113359 0.026593 0.544780
 30   2.189212 -0.244763 1.815571 -0.018924 -0.016840 0.215721
 31   2.136915 -0.342532 -1.834067 -0.006512 -0.006838 0.081550
 32   -0.814395 -0.093824 3.127092 0.001376 -2.696260 0.071551
 33   14.298673 -0.408176 0.471578 -0.000052 -0.000209 0.019899
 34   15.835795 0.581398 0.242756 -0.003065 -0.010786 -0.001460
 35   -0.815868 -0.091229 -3.114430 0.458480 3.496800 -1.004464
 36   14.294526 -0.410349 -0.467541 -0.000063 -0.000180 -2.653655
 37   15.834409 0.579420 -0.284600 0.003089 0.010919 0.015959
 38   1.420944 -3.356090 -2.808187 -0.100657 0.013689 1.985877
 39   -4.766346 -0.640779 -0.711023 0.131771 -0.029003 0.857132
 40   0.836842 -3.547428 3.221664 -0.100657 0.013690 1.985877
 41   -4.125237 -1.473205 0.924409 0.131770 -0.029003 0.857132
 42   1.221496 2.990310 -2.559704 0.020566 0.046459 -0.867898
 43   1.289117 2.725953 2.990474 0.020565 0.046464 -0.867898
time 24
  0   0.020765 -0.546892 15.239118 2.705095 0.000000 -1.571069
  1   -1.093036 0.000002 -0.326057 -1.569708 -1.570379 -0.000800
  2   2.262337 0.113614 0.064702 -0.013605 0.156448 -0.087512
  3   2.380047 0.353302 0.047440 0.001260 0.156994 0.008876
  4   2.033756 0.190472 -0.000128 -0.024446 0.172794 -0.141533
  5   2.451511 0.204909 -0.003447 0.000000 -0.000005 -0.017472
  6   7.247600 -0.397300 -0.109469 0.000001 -0.000003 0.418536
  7   -2.022252 -0.104661 3.136172 -0.298783 -1.361718 -2.901842
  8   1.168026 -0.537438 -0.063437 -1.439649 -1.090597 -1.657106
  9   6.790376 -0.619176 0.015206 -0.009312 -0.035190 -0.539141
 10   8.637599 0.544015 -0.090417 -1.570112 0.000221 -0.122021
 11   6.790465 -0.619039 0.017802 -0.009597 -0.035301 -0.392564
 12   -2.022474 -0.104699 -2.873818 0.298969 1.362003 -2.901601
 13   1.167898 -0.537463 0.063297 1.149907 1.162336 -1.859053
 14   7.002743 -0.617765 -0.183752 0.047085 0.002238 -0.464424
 15   8.209042 0.615527 -0.255885 1.570018 -0.000214 -0.121965
 16   7.002735 -0.617911 -0.183641 0.047532 0.002293 -0.343621
 17   1.574674 0.609930 -0.000899 0.000000 0.000008 -0.532764
 18   -0.602177 0.511412 -0.000006 0.000000 0.000000 0.000000
 19   3.673773 0.177020 1.119313 -0.000002 -0.000014 -0.174510
 20   3.673767 0.176993 -1.117566 0.000007 -0.000003 -0.174546
 21   2.899356 1.190005 1.518280 0.000002 -0.000011 -0.000026
 22   -0.226528 -0.758005 0.473551 0.000194 -0.057471 0.890061
 23   2.914999 1.182217 -1.611551 0.000019 0.000002 -0.000024
 24   -0.074270 -0.562670 -0.551668 0.000187 -0.057496 0.890104
 25   4.117120 1.989525 1.648862 -0.064423 0.440701 0.014429
 26   4.117138 1.989553 -1.609878 0.071535 -0.408734 -0.041706
 27   3.305099 1.322380 1.487156 -0.000019 -0.000022 -0.000050
 28   3.307528 1.321986 -1.528487 -0.000002 -0.000009 -0.000024
 29   8.824059 0.150544 0.091743 -0.114785 0.027305 0.574608
 30   2.220463 -0.123666 1.831196 -0.026166 -0.023001 0.298255
 31   2.144728 -0.256592 -1.826254 -0.009009 -0.009454 0.112755
 32   -0.814395 -0.093824 3.127092 0.001376 -2.696260 0.071551
 33   14.298673 -0.408176 0.471578 -0.000052 -0.000209 0.033794
 34   15.835795 0.581398 0.242756 -0.003065 -0.010786 -0.001460
 35   -0.815868 -0.091229 -3.114430 0.458480 3.496800 -1.004464
 36   14.294526 -0.410349 -0.467541 -0.000063 -0.000180 -2.653732
 37   15.834409 0.579420 -0.284600 0.003089 0.010919 0.015959
 38   1.417037 -3.356090 -2.808187 -0.100446 0.014256 1.997119
 39   -4.778065 -0.652498 -0.714929 0.130296 -0.030633 0.900717
 40   0.840749 -3.547428 3.221664 -0.100446 0.014257 1.997119
 41   -4.113518 -1.461486 0.928315 0.130295 -0.030633 0.900717
 42   1.311342 3.056718 -2.555797 0.022711 0.049142 -0.931970
 43   1.367244 2.768923 2.994381 0.022702 0.049148 -0.931970
time 25
  0   0.020765 -0.507828 15.239118 2.705260 0.010402 -1.571069
  1   -1.093036 0.000002 -0.326057 -1.569498 -1.570379 -0.001865
  2   2.262337 0.113614 0.064702 -0.013605 0.156448 -0.077067
  3   2.380047 0.353302 0.047440 0.001260 0.156994 0.022874
  4   2.033756 0.190472 -0.000128 -0.024446 0.172794 -0.124352
  5   2.451511 0.204909 -0.003447 0.000000 -0.000005 -0.017472
  6   7.247600 -0.397300 -0.109469 0.000001 -0.000003 0.418536
  7   -2.022252 -0.104661 3.136172 -0.298783 -1.361718 -2.901842
  8   1.168026 -0.537438 -0.063437 -1.435536 -1.111427 -1.660775
  9   6.790376 -0.619176 0.015206 -0.009312 -0.035190 -0.539141
 10   8.637599 0.544015 -0.090417 -1.570112 0.000221 -0.122021
 11   6.790465 -0.619039 0.017802 -0.009597 -0.035301 -0.392564
 12   -2.022474 -0.104699 -2.873818 0.298969 1.362003 -2.901601
 13   1.167898 -0.537463 0.063297 1.142104 1.172354 -1.866196
 14   7.002743 -0.617765 -0.183752 0.047085 0.002238 -0.464424
 15   8.209042 0.615527 -0.255885 1.570018 -0.000214 -0.121965
 16   7.002735 -0.617911 -0.183641 0.047532 0.002293 -0.343621
 17   1.574674 0.609930 -0.000899 0.000000 0.000008 -0.553869
 18   -0.602177 0.511412 -0.000006 0.000000 0.000000 0.000000
 19   3.673773 0.177020 1.119313 -0.000002 -0.000014 -0.174510
 20   3.673767 0.176993 -1.117566 0.000007 -0.000003 -0.174546
 21   2.899356 1.190005 1.518280 0.000002 -0.000011 -0.000026
 22   -0.226528 -0.758005 0.473551 0.000194 -0.057471 0.890061
 23   2.914999 1.182217 -1.611551 0.000019 0.000002 -0.000024
 24   -0.074270 -0.562670 -0.551668 0.000187 -0.057496 0.890104
 25   4.117120 1.989525 1.648862 -0.064423 0.440701 0.014429
 26   4.117138 1.989553 -1.609878 0.071535 -0.408734 -0.041706
 27   3.305099 1.322380 1.487156 -0.000019 -0.000022 -0.000050
 28   3.307528 1.321986 -1.528487 -0.000002 -0.000009 -0.000024
 29   8.824059 0.150544 0.091743 -0.115409 0.027614 0.587108
 30   2.236089 -0.072883 1.835103 -0.029203 -0.025587 0.332886
 31   2.148634 -0.221435 -1.822348 -0.010051 -0.010542 0.125856
 32   -0.814395 -0.093824 3.127092 0.001376 -2.696260 0.071551
 33   14.298673 -0.408176 0.471578 -0.000052 -0.000209 0.019899
 34   15.835795 0.581398 0.242756 -0.003065 -0.010786 -0.001460
 35   -0.815868 -0.091229 -3.114430 0.458480 3.496800 -1.004464
 36   14.294526 -0.410349 -0.467541 -0.000063 -0.000180 -2.653655
 37   15.834409 0.579420 -0.284600 0.003089 0.010919 0.015959
 38   1.417037 -3.356090 -2.812094 -0.100362 0.014497 2.001884
 39   -4.781971 -0.656404 -0.714929 0.129673 -0.031316 0.918975
 40   0.840749 -3.547428 3.225571 -0.100362 0.014498 2.001884
 41   -4.109611 -1.457580 0.928315 0.129672 -0.031316 0.918975
 42   1.350406 3.087969 -2.551891 0.023610 0.050277 -0.958820
 43   1.398495 2.788455 2.998287 0.023601 0.050262 -0.958820
time 26
  0   0.020765 -0.398450 15.239118 2.705095 0.020715 -1.571069
  1   -1.093036 0.000002 -0.326057 -1.570808 -1.570379 -0.000752
  2   2.262337 0.113614 0.064702 -0.013605 0.156448 -0.066622
  3   2.380047 0.353302 0.047440 0.001260 0.156994 0.036709
  4   2.033756 0.190472 -0.000128 -0.024446 0.172794 -0.106954
  5   2.451511 0.204909 -0.003447 0.000000 -0.000005 -0.017472
  6   7.247600 -0.397300 -0.109469 0.000001 -0.000003 0.418536
  7   -2.022252 -0.104661 3.136172 -0.298783 -1.361718 -2.901842
  8   1.168026 -0.537438 -0.063437 -1.431043 -1.132207 -1.664824
  9   6.790376 -0.619176 0.015206 -0.009312 -0.035190 -0.539141
 10   8.637599 0.544015 -0.090417 -1.570112 0.000221 -0.122021
 11   6.790465 -0.619039 0.017802 -0.009597 -0.035301 -0.392564
 12   -2.022474 -0.104699 -2.873818 0.298969 1.362003 -2.901601
 13   1.167898 -0.537463 0.063297 1.134161 1.182424 -1.873521
 14   7.002743 -0.617765 -0.183752 0.047085 0.002238 -0.464424
 15   8.209042 0.615527 -0.255885 1.570018 -0.000214 -0.121965
 16   7.002735 -0.617911 -0.183641 0.047532 0.002293 -0.343621
 17   1.574674 0.609930 -0.000899 0.000000 0.000008 -0.574826
 18   -0.602177 0.511412 -0.000006 0.000000 0.000000 0.000000
 19   3.673773 0.177020 1.119313 -0.000002 -0.000014 -0.174510
 20   3.673767 0.176993 -1.117566 0.000007 -0.000003 -0.174546
 21   2.899356 1.190005 1.518280 0.000002 -0.000011 -0.000026
 22   -0.226528 -0.758005 0.473551 0.000194 -0.057471 0.890061
 23   2.914999 1.182217 -1.611551 0.000019 0.000002 -0.000024
 24   -0.074270 -0.562670 -0.551668 0.000187 -0.057496 0.890104
 25   4.117120 1.989525 1.648862 -0.064423 0.440701 0.014429
 26   4.117138 1.989553 -1.609878 0.071535 -0.408734 -0.041706
 27   3.305099 1.322380 1.487156 -0.000019 -0.000022 -0.000050
 28   3.307528 1.321986 -1.528487 -0.000002 -0.000009 -0.000024
 29   8.824059 0.150544 0.091743 -0.114785 0.027305 0.574608
 30   2.220463 -0.123666 1.831196 -0.026166 -0.023001 0.298255
 31   2.144728 -0.256592 -1.826254 -0.009009 -0.009454 0.112755
 32   -0.814395 -0.093824 3.127092 0.001376 -2.696260 0.071551
 33   14.298673 -0.408176 0.471578 -0.000052 -0.000209 0.006084
 34   15.835795 0.581398 0.242756 -0.003065 -0.010786 -0.001460
 35   -0.815868 -0.091229 -3.114430 0.458480 3.496800 -1.004464
 36   14.294526 -0.410349 -0.467541 -0.000063 -0.000180 -2.653655
 37   15.834409 0.579420 -0.284600 0.003089 0.010919 0.015959
 38   1.417037 -3.356090 -2.808187 -0.100446 0.014256 1.997119
 39   -4.778065 -0.652498 -0.714929 0.130296 -0.030633 0.900717
 40   0.840749 -3.547428 3.221664 -0.100446 0.014257 1.997119
 41   -4.113518 -1.461486 0.928315 0.130295 -0.030633 0.900717
 42   1.311342 3.056718 -2.555797 0.022711 0.049142 -0.931970
 43   1.367244 2.768923 2.994381 0.022702 0.049148 -0.931970
time 27
  0   0.020765 -0.285165 15.239118 2.705095 0.030939 -1.571069
  1   -1.093036 0.000002 -0.326057 -1.571228 -1.570379 0.001426
  2   2.262337 0.113614 0.064702 -0.013605 0.156448 -0.056123
  3   2.380047 0.353302 0.047440 0.001260 0.156994 0.050687
  4   2.033756 0.190472 -0.000128 -0.024446 0.172794 -0.089483
  5   2.451511 0.204909 -0.003447 0.000000 -0.000005 -0.017472
  6   7.247600 -0.397300 -0.109469 0.000001 -0.000003 0.418536
  7   -2.022252 -0.104661 3.136172 -0.298783 -1.361718 -2.901842
  8   1.168026 -0.537438 -0.063437 -1.426297 -1.153188 -1.669252
  9   6.790376 -0.619176 0.015206 -0.009312 -0.035190 -0.539141
 10   8.637599 0.544015 -0.090417 -1.570112 0.000221 -0.122021
 11   6.790465 -0.619039 0.017802 -0.009597 -0.035301 -0.392564
 12   -2.022474 -0.104699 -2.873818 0.298969 1.362003 -2.901601
 13   1.167898 -0.537463 0.063297 1.125655 1.192340 -1.881451
 14   7.002743 -0.617765 -0.183752 0.047085 0.002238 -0.464424
 15   8.209042 0.615527 -0.255885 1.570018 -0.000214 -0.121965
 16   7.002735 -0.617911 -0.183641 0.047532 0.002293 -0.343621
 17   1.574674 0.609930 -0.000899 0.000000 0.000008 -0.595709
 18   -0.602177 0.511412 -0.000006 0.000000 0.000000 0.000000
 19   3.673773 0.177020 1.119313 -0.000002 -0.000014 -0.174510
 20   3.673767 0.176993 -1.117566 0.000007 -0.000003 -0.174546
 21   2.899356 1.190005 1.518280 0.000002 -0.000011 -0.000026
 22   -0.226528 -0.758005 0.473551 0.000194 -0.057471 0.890061
 23   2.914999 1.182217 -1.611551 0.000019 0.000002 -0.000024
 24   -0.074270 -0.562670 -0.551668 0.000187 -0.057496 0.890104
 25   4.117120 1.989525 1.648862 -0.064423 0.440701 0.014429
 26   4.117138 1.989553 -1.609878 0.071535 -0.408734 -0.041706
 27   3.305099 1.322380 1.487156 -0.000019 -0.000022 -0.000050
 28   3.307528 1.321986 -1.528487 -0.000002 -0.000009 -0.000024
 29   8.824059 0.150544 0.091743 -0.113359 0.026593 0.544780
 30   2.189212 -0.244763 1.815571 -0.018924 -0.016840 0.215721
 31   2.136915 -0.342532 -1.834067 -0.006512 -0.006838 0.081550
 32   -0.814395 -0.093824 3.127092 0.001376 -2.696260 0.071551
 33   14.298673 -0.408176 0.471578 -0.000040 -0.000209 -0.007969
 34   15.835795 0.581398 0.242756 -0.003065 -0.010786 -0.001460
 35   -0.815868 -0.091229 -3.114430 0.458480 3.496800 -1.004464
 36   14.294526 -0.410349 -0.467541 -0.000063 -0.000180 -2.653655
 37   15.834409 0.579420 -0.284600 0.003089 0.010919 0.015959
 38   1.420944 -3.356090 -2.808187 -0.100657 0.013689 1.985877
 39   -4.766346 -0.640779 -0.711023 0.131771 -0.029003 0.857132
 40   0.836842 -3.547428 3.221664 -0.100657 0.013690 1.985877
 41   -4.125237 -1.473205 0.924409 0.131770 -0.029003 0.857132
 42   1.221496 2.990310 -2.559704 0.020566 0.046459 -0.867898
 43   1.289117 2.725953 2.990474 0.020565 0.046464 -0.867898
time 28
  0   0.020765 -0.179693 15.239118 2.705095 0.041607 -1.571069
  1   -1.093036 0.000002 -0.326057 -1.570284 -1.570379 0.001716
  2   2.262337 0.113614 0.064702 -0.013605 0.156448 -0.045641
  3   2.380047 0.353302 0.047440 0.001260 0.156994 0.064624
  4   2.033756 0.190472 -0.000128 -0.024446 0.172794 -0.071975
  5   2.451511 0.204909 -0.003447 0.000000 -0.000005 -0.017472
  6   7.247600 -0.397300 -0.109469 0.000001 -0.000003 0.418536
  7   -2.022252 -0.104661 3.136172 -0.298783 -1.361718 -2.901842
  8   1.168026 -0.537438 -0.063437 -1.420855 -1.173867 -1.674123
  9   6.790376 -0.619176 0.015206 -0.009312 -0.035190 -0.539141
 10   8.637599 0.544015 -0.090417 -1.570112 0.000221 -0.122021
 11   6.790465 -0.619039 0.017802 -0.009597 -0.035301 -0.392564
 12   -2.022474 -0.104699 -2.873818 0.298969 1.362003 -2.901601
 13   1.167898 -0.537463 0.063297 1.116868 1.202460 -1.889744
 14   7.002743 -0.617765 -0.183752 0.047085 0.002238 -0.464424
 15   8.209042 0.615527 -0.255885 1.570018 -0.000214 -0.121965
 16   7.002735 -0.617911 -0.183641 0.047532 0.002293 -0.343621
 17   1.574674 0.609930 -0.000899 0.000000 0.000008 -0.616666
 18   -0.602177 0.511412 -0.000006 0.000000 0.000000 0.000000
 19   3.673773 0.177020 1.119313 -0.000002 -0.000014 -0.174510
 20   3.673767 0.176993 -1.117566 0.000007 -0.000003 -0.174546
 21   2.899356 1.190005 1.518280 0.000002 -0.000011 -0.000026
 22   -0.226528 -0.758005 0.473551 0.000194 -0.057471 0.890061
 23   2.914999 1.182217 -1.611551 0.000019 0.000002 -0.000024
 24   -0.074270 -0.562670 -0.551668 0.000187 -0.057496 0.890104
 25   4.117120 1.989525 1.648862 -0.064423 0.440701 0.014429
 26   4.117138 1.989553 -1.609878 0.071535 -0.408734 -0.041706
 27   3.305099 1.322380 1.487156 -0.000019 -0.000022 -0.000050
 28   3.307528 1.321986 -1.528487 -0.000002 -0.000009 -0.000024
 29   8.824059 0.150544 0.091743 -0.111576 0.025738 0.509157
 30   2.154055 -0.389299 1.799945 -0.010287 -0.009458 0.117189
 31   2.129103 -0.444098 -1.845786 -0.003539 -0.003704 0.044286
 32   -0.814395 -0.093824 3.127092 0.001376 -2.696260 0.071551
 33   14.298673 -0.408176 0.471578 -0.000040 -0.000209 -0.021943
 34   15.835795 0.581398 0.242756 -0.003065 -0.010786 -0.001460
 35   -0.815868 -0.091229 -3.114430 0.458480 3.496800 -1.004464
 36   14.294526 -0.410349 -0.467541 -0.000063 -0.000180 -2.653655
 37   15.834409 0.579420 -0.284600 0.003089 0.010919 0.015959
 38   1.420944 -3.359996 -2.808187 -0.100888 0.013015 1.972436
 39   -4.754626 -0.625153 -0.711023 0.133544 -0.027061 0.805106
 40   0.836842 -3.543522 3.221664 -0.100888 0.013004 1.972436
 41   -4.136956 -1.488831 0.924409 0.133543 -0.027061 0.805106
 42   1.112117 2.912183 -2.563610 0.018001 0.043270 -0.791489
 43   1.199270 2.675170 2.986568 0.017991 0.043263 -0.791489
time 29
  0   0.020765 -0.136723 15.239118 2.705095 0.052187 -1.571069
  1   -1.093036 0.000002 -0.326057 -1.570704 -1.570379 0.000797
  2   2.262337 0.113614 0.064702 -0.013605 0.156448 -0.035160
  3   2.380047 0.353302 0.047440 0.001260 0.156994 0.078622
  4   2.033756 0.190472 -0.000128 -0.024446 0.172794 -0.054504
  5   2.451511 0.204909 -0.003447 0.000000 -0.000005 -0.017472
  6   7.247600 -0.397300 -0.109469 0.000001 -0.000003 0.418536
  7   -2.022252 -0.104661 3.136172 -0.298783 -1.361718 -2.901842
  8   1.168026 -0.537438 -0.063437 -1.414780 -1.194798 -1.679690
  9   6.790376 -0.619176 0.015206 -0.009312 -0.035190 -0.539141
 10   8.637599 0.544015 -0.090417 -1.570112 0.000221 -0.122021
 11   6.790465 -0.619039 0.017802 -0.009597 -0.035301 -0.392564
 12   -2.022474 -0.104699 -2.873818 0.298969 1.362003 -2.901601
 13   1.167898 -0.537463 0.063297 1.107448 1.212275 -1.898461
 14   7.002743 -0.617765 -0.183752 0.047085 0.002238 -0.464424
 15   8.209042 0.615527 -0.255885 1.570018 -0.000214 -0.121965
 16   7.002735 -0.617911 -0.183641 0.047532 0.002293 -0.343621
 17   1.574674 0.609930 -0.000899 0.000000 0.000008 -0.637660
 18   -0.602177 0.511412 -0.000006 0.000000 0.000000 0.000000
 19   3.673773 0.177020 1.119313 -0.000002 -0.000014 -0.174510
 20   3.673767 0.176993 -1.117566 0.000007 -0.000003 -0.174546
 21   2.899356 1.190005 1.518280 0.000002 -0.000011 -0.000026
 22   -0.226528 -0.758005 0.473551 0.000194 -0.057471 0.890061
 23   2.914999 1.182217 -1.611551 0.000019 0.000002 -0.000024
 24   -0.074270 -0.562670 -0.551668 0.000187 -0.057496 0.890104
 25   4.117120 1.989525 1.648862 -0.064423 0.440701 0.014429
 26   4.117138 1.989553 -1.609878 0.071535 -0.408734 -0.041706
 27   3.305099 1.322380 1.487156 -0.000019 -0.000022 -0.000050
 28   3.307528 1.321986 -1.528487 -0.000002 -0.000009 -0.000024
 29   8.824059 0.150544 0.091743 -0.110150 0.025026 0.479329
 30   2.122804 -0.510396 1.788226 -0.003045 -0.003268 0.034633
 31   2.121290 -0.526132 -1.853599 -0.001042 -0.001088 0.013081
 32   -0.814395 -0.093824 3.127092 0.001376 -2.696260 0.071551
 33   14.298673 -0.408176 0.471578 -0.000040 -0.000209 -0.035917
 34   15.835795 0.581398 0.242756 -0.003065 -0.010786 -0.001460
 35   -0.815868 -0.091229 -3.114430 0.458480 3.496800 -1.004464
 36   14.294526 -0.410349 -0.467541 -0.000063 -0.000180 -2.653655
 37   15.834409 0.579420 -0.284600 0.003089 0.010919 0.015959
 38   1.420944 -3.359996 -2.808187 -0.101099 0.012436 1.961195
 39   -4.746814 -0.613434 -0.711023 0.135018 -0.025443 0.761521
 40   0.836842 -3.543522 3.221664 -0.101099 0.012437 1.961195
 41   -4.144769 -1.500550 0.924409 0.135017 -0.025443 0.761521
 42   1.018364 2.841868 -2.571423 0.015856 0.040587 -0.727459
 43   1.125049 2.632200 2.982662 0.015855 0.040580 -0.727459
time 30
  0   0.020765 -0.164068 15.239118 2.705095 0.043563 -1.571069
  1   -1.093036 0.000002 -0.326057 -1.570651 -1.570379 0.002732
  2   2.262337 0.113614 0.064702 -0.013605 0.156448 -0.043889
  3   2.380047 0.353302 0.047440 0.001260 0.156994 0.066950
  4   2.033756 0.190472 -0.000128 -0.024446 0.172794 -0.069039
  5   2.451511 0.204909 -0.003447 0.000000 -0.000005 -0.017472
  6   7.247600 -0.397300 -0.109469 0.000001 -0.000003 0.418536
  7   -2.022252 -0.104661 3.136172 -0.298783 -1.361718 -2.901842
  8   1.168026 -0.537438 -0.063437 -1.419969 -1.177540 -1.675072
  9   6.790376 -0.619176 0.015206 -0.009312 -0.035190 -0.539141
 10   8.637599 0.544015 -0.090417 -1.570112 0.000221 -0.122021
 11   6.790465 -0.619039 0.017802 -0.009597 -0.035301 -0.392564
 12   -2.022474 -0.104699 -2.873818 0.298969 1.362003 -2.901601
 13   1.167898 -0.537463 0.063297 1.115040 1.204037 -1.891197
 14   7.002743 -0.617765 -0.183752 0.047085 0.002238 -0.464424
 15   8.209042 0.615527 -0.255885 1.570018 -0.000214 -0.121965
 16   7.002735 -0.617911 -0.183641 0.047532 0.002293 -0.343621
 17   1.574674 0.609930 -0.000899 0.000000 0.000008 -0.620140
 18   -0.602177 0.511412 -0.000006 0.000000 0.000000 0.000000
 19   3.673773 0.177020 1.119313 -0.000002 -0.000014 -0.174510
 20   3.673767 0.176993 -1.117566 0.000007 -0.000003 -0.174546
 21   2.899356 1.190005 1.518280 0.000002 -0.000011 -0.000026
 22   -0.226528 -0.758005 0.473551 0.000194 -0.057471 0.890061
 23   2.914999 1.182217 -1.611551 0.000019 0.000002 -0.000024
 24   -0.074270 -0.562670 -0.551668 0.000187 -0.057496 0.890104
 25   4.117120 1.989525 1.648862 -0.064423 0.440701 0.014429
 26   4.117138 1.989553 -1.609878 0.071535 -0.408734 -0.041706
 27   3.305099 1.322380 1.487156 -0.000019 -0.000022 -0.000050
 28   3.307528 1.321986 -1.528487 -0.000002 -0.000009 -0.000024
 29   8.824059 0.150544 0.091743 -0.109616 0.024741 0.466829
 30   2.111085 -0.561179 1.784320 -0.000008 -0.000682 0.000024
 31   2.121290 -0.561289 -1.853599 0.000000 0.000000 -0.000002
 32   -0.814395 -0.093824 3.127092 0.001376 -2.696260 0.071551
 33   14.298673 -0.408176 0.471578 -0.000040 -0.000209 -0.024167
 34   15.835795 0.581398 0.242756 -0.003065 -0.010786 -0.001460
 35   -0.815868 -0.091229 -3.114430 0.458480 3.496800 -1.004464
 36   14.294526 -0.410349 -0.467541 -0.000063 -0.000180 -2.653655
 37   15.834409 0.579420 -0.284600 0.003089 0.010919 0.015959
 38   1.420944 -3.359996 -2.808187 -0.101183 0.012195 1.956430
 39   -4.739001 -0.605622 -0.711023 0.135642 -0.024760 0.743263
 40   0.836842 -3.543522 3.221664 -0.101183 0.012196 1.956430
 41   -4.152581 -1.508362 0.924409 0.135641 -0.024760 0.743263
 42   0.983207 2.814524 -2.571423 0.014957 0.039467 -0.700609
 43   1.089892 2.616575 2.982662 0.014955 0.039466 -0.700609
time 31
  0   0.020765 -0.230476 15.239118 2.705260 0.034584 -1.571069
  1   -1.093036 0.000002 -0.326057 -1.569394 -1.570379 0.000845
  2   2.262337 0.113614 0.064702 -0.013605 0.156448 -0.052617
  3   2.380047 0.353302 0.047440 0.001260 0.156994 0.055360
  4   2.033756 0.190472 -0.000128 -0.024446 0.172794 -0.083611
  5   2.451511 0.204909 -0.003447 0.000000 -0.000005 -0.017472
  6   7.247600 -0.397300 -0.109469 0.000001 -0.000003 0.418536
  7   -2.022252 -0.104661 3.136172 -0.298783 -1.361718 -2.901842
  8   1.168026 -0.537438 -0.063437 -1.424462 -1.160081 -1.670960
  9   6.790376 -0.619176 0.015206 -0.009312 -0.035190 -0.539141
 10   8.637599 0.544015 -0.090417 -1.570112 0.000221 -0.122021
 11   6.790465 -0.619039 0.017802 -0.009597 -0.035301 -0.392564
 12   -2.022474 -0.104699 -2.873818 0.298969 1.362003 -2.901601
 13   1.167898 -0.537463 0.063297 1.122773 1.195798 -1.884175
 14   7.002743 -0.617765 -0.183752 0.047085 0.002238 -0.464424
 15   8.209042 0.615527 -0.255885 1.570018 -0.000214 -0.121965
 16   7.002735 -0.617911 -0.183641 0.047532 0.002293 -0.343621
 17   1.574674 0.609930 -0.000899 0.000000 0.000008 -0.602657
 18   -0.602177 0.511412 -0.000006 0.000000 0.000000 0.000000
 19   3.673773 0.177020 1.119313 -0.000002 -0.000014 -0.174510
 20   3.673767 0.176993 -1.117566 0.000007 -0.000003 -0.174546
 21   2.899356 1.190005 1.518280 0.000002 -0.000011 -0.000026
 22   -0.226528 -0.758005 0.473551 0.000194 -0.057471 0.890061
 23   2.914999 1.182217 -1.611551 0.000019 0.000002 -0.000024
 24   -0.074270 -0.562670 -0.551668 0.000187 -0.057496 0.890104
 25   4.117120 1.989525 1.648862 -0.064423 0.440701 0.014429
 26   4.117138 1.989553 -1.609878 0.071535 -0.408734 -0.041706
 27   3.305099 1.322380 1.487156 -0.000019 -0.000022 -0.000050
 28   3.307528 1.321986 -1.528487 -0.000002 -0.000009 -0.000024
 29   8.824059 0.150544 0.091743 -0.110150 0.025026 0.479329
 30   2.122804 -0.510396 1.788226 -0.003045 -0.003268 0.034633
 31   2.121290 -0.526132 -1.853599 -0.001042 -0.001088 0.013081
 32   -0.814395 -0.093824 3.127092 0.001376 -2.696260 0.071551
 33   14.298673 -0.408176 0.471578 -0.000040 -0.000209 -0.012813
 34   15.835795 0.581398 0.242756 -0.003065 -0.010786 -0.001460
 35   -0.815868 -0.091229 -3.114430 0.458480 3.496800 -1.004464
 36   14.294526 -0.410349 -0.467541 -0.000063 -0.000180 -2.653655
 37   15.834409 0.579420 -0.284600 0.003089 0.010919 0.015959
 38   1.420944 -3.359996 -2.808187 -0.101099 0.012436 1.961195
 39   -4.746814 -0.613434 -0.711023 0.135018 -0.025443 0.761521
 40   0.836842 -3.543522 3.221664 -0.101099 0.012437 1.961195
 41   -4.144769 -1.500550 0.924409 0.135017 -0.025443 0.761521
 42   1.018364 2.841868 -2.571423 0.015856 0.040587 -0.727459
 43   1.125049 2.632200 2.982662 0.015855 0.040580 -0.727459
time 32
  0   0.020765 -0.312510 15.239118 2.705095 0.026138 -1.571069
  1   -1.093036 0.000002 -0.326057 -1.571018 -1.570379 -0.000558
  2   2.262337 0.113614 0.064702 -0.013605 0.156448 -0.061327
  3   2.380047 0.353302 0.047440 0.001260 0.156994 0.043709
  4   2.033756 0.190472 -0.000128 -0.024446 0.172794 -0.098146
  5   2.451511 0.204909 -0.003447 0.000000 -0.000005 -0.017472
  6   7.247600 -0.397300 -0.109469 0.000001 -0.000003 0.418536
  7   -2.022252 -0.104661 3.136172 -0.298783 -1.361718 -2.901842
  8   1.168026 -0.537438 -0.063437 -1.428575 -1.142622 -1.667038
  9   6.790376 -0.619176 0.015206 -0.009312 -0.035190 -0.539141
 10   8.637599 0.544015 -0.090417 -1.570112 0.000221 -0.122021
 11   6.790465 -0.619039 0.017802 -0.009597 -0.035301 -0.392564
 12   -2.022474 -0.104699 -2.873818 0.298969 1.362003 -2.901601
 13   1.167898 -0.537463 0.063297 1.129873 1.187407 -1.877395
 14   7.002743 -0.617765 -0.183752 0.047085 0.002238 -0.464424
 15   8.209042 0.615527 -0.255885 1.570018 -0.000214 -0.121965
 16   7.002735 -0.617911 -0.183641 0.047532 0.002293 -0.343621
 17   1.574674 0.609930 -0.000899 0.000000 0.000008 -0.585212
 18   -0.602177 0.511412 -0.000006 0.000000 0.000000 0.000000
 19   3.673773 0.177020 1.119313 -0.000002 -0.000014 -0.174510
 20   3.673767 0.176993 -1.117566 0.000007 -0.000003 -0.174546
 21   2.899356 1.190005 1.518280 0.000002 -0.000011 -0.000026
 22   -0.226528 -0.758005 0.473551 0.000194 -0.057471 0.890061
 23   2.914999 1.182217 -1.611551 0.000019 0.000002 -0.000024
 24   -0.074270 -0.562670 -0.551668 0.000187 -0.057496 0.890104
 25   4.117120 1.989525 1.648862 -0.064423 0.440701 0.014429
 26   4.117138 1.989553 -1.609878 0.071535 -0.408734 -0.041706
 27   3.305099 1.322380 1.487156 -0.000019 -0.000022 -0.000050
 28   3.307528 1.321986 -1.528487 -0.000002 -0.000009 -0.000024
 29   8.824059 0.150544 0.091743 -0.111576 0.025738 0.509157
 30   2.154055 -0.389299 1.799945 -0.010287 -0.009458 0.117189
 31   2.129103 -0.444098 -1.845786 -0.003539 -0.003704 0.044286
 32   -0.814395 -0.093824 3.127092 0.001376 -2.696260 0.071551
 33   14.298673 -0.408176 0.471578 -0.000052 -0.000209 -0.001062
 34   15.835795 0.581398 0.242756 -0.003065 -0.010786 -0.001460
 35   -0.815868 -0.091229 -3.114430 0.458480 3.496800 -1.004464
 36   14.294526 -0.410349 -0.467541 -0.000063 -0.000180 -2.653655
 37   15.834409 0.579420 -0.284600 0.003089 0.010919 0.015959
 38   1.420944 -3.359996 -2.808187 -0.100888 0.013015 1.972436
 39   -4.754626 -0.625153 -0.711023 0.133544 -0.027061 0.805106
 40   0.836842 -3.543522 3.221664 -0.100888 0.013004 1.972436
 41   -4.136956 -1.488831 0.924409 0.133543 -0.027061 0.805106
 42   1.112117 2.912183 -2.563610 0.018001 0.043270 -0.791489
 43   1.199270 2.675170 2.986568 0.017991 0.043263 -0.791489
time 33
  0   0.020765 -0.398450 15.239118 2.705095 0.017070 -1.571069
  1   -1.093036 0.000002 -0.326057 -1.571385 -1.570379 0.000168
  2   2.262337 0.113614 0.064702 -0.013605 0.156448 -0.070055
  3   2.380047 0.353302 0.047440 0.001260 0.156994 0.032077
  4   2.033756 0.190472 -0.000128 -0.024446 0.172794 -0.112717
  5   2.451511 0.204909 -0.003447 0.000000 -0.000005 -0.017472
  6   7.247600 -0.397300 -0.109469 0.000001 -0.000003 0.418536
  7   -2.022252 -0.104661 3.136172 -0.298783 -1.361718 -2.901842
  8   1.168026 -0.537438 -0.063437 -1.432625 -1.125314 -1.663432
  9   6.790376 -0.619176 0.015206 -0.009312 -0.035190 -0.539141
 10   8.637599 0.544015 -0.090417 -1.570112 0.000221 -0.122021
 11   6.790465 -0.619039 0.017802 -0.009597 -0.035301 -0.392564
 12   -2.022474 -0.104699 -2.873818 0.298969 1.362003 -2.901601
 13   1.167898 -0.537463 0.063297 1.136691 1.179169 -1.871039
 14   7.002743 -0.617765 -0.183752 0.047085 0.002238 -0.464424
 15   8.209042 0.615527 -0.255885 1.570018 -0.000214 -0.121965
 16   7.002735 -0.617911 -0.183641 0.047532 0.002293 -0.343621
 17   1.574674 0.609930 -0.000899 0.000000 0.000008 -0.567840
 18   -0.602177 0.511412 -0.000006 0.000000 0.000000 0.000000
 19   3.673773 0.177020 1.119313 -0.000002 -0.000014 -0.174510
 20   3.673767 0.176993 -1.117566 0.000007 -0.000003 -0.174546
 21   2.899356 1.190005 1.518280 0.000002 -0.000011 -0.000026
 22   -0.226528 -0.758005 0.473551 0.000194 -0.057471 0.890061
 23   2.914999 1.182217 -1.611551 0.000019 0.000002 -0.000024
 24   -0.074270 -0.562670 -0.551668 0.000187 -0.057496 0.890104
 25   4.117120 1.989525 1.648862 -0.064423 0.440701 0.014429
 26   4.117138 1.989553 -1.609878 0.071535 -0.408734 -0.041706
 27   3.305099 1.322380 1.487156 -0.000019 -0.000022 -0.000050
 28   3.307528 1.321986 -1.528487 -0.000002 -0.000009 -0.000024
 29   8.824059 0.150544 0.091743 -0.113359 0.026593 0.544780
 30   2.189212 -0.244763 1.815571 -0.018924 -0.016840 0.215721
 31   2.136915 -0.342532 -1.834067 -0.006512 -0.006838 0.081550
 32   -0.814395 -0.093824 3.127092 0.001376 -2.696260 0.071551
 33   14.298673 -0.408176 0.471578 -0.000052 -0.000209 0.010689
 34   15.835795 0.581398 0.242756 -0.003065 -0.010786 -0.001460
 35   -0.815868 -0.091229 -3.114430 0.458480 3.496800 -1.004464
 36   14.294526 -0.410349 -0.467541 -0.000063 -0.000180 -2.653655
 37   15.834409 0.579420 -0.284600 0.003089 0.010919 0.015959
 38   1.420944 -3.356090 -2.808187 -0.100657 0.013689 1.985877
 39   -4.766346 -0.640779 -0.711023 0.131771 -0.029003 0.857132
 40   0.836842 -3.547428 3.221664 -0.100657 0.013690 1.985877
 41   -4.125237 -1.473205 0.924409 0.131770 -0.029003 0.857132
 42   1.221496 2.990310 -2.559704 0.020566 0.046459 -0.867898
 43   1.289117 2.725953 2.990474 0.020565 0.046464 -0.867898
time 34
  0   0.020765 -0.496109 15.239118 2.705095 0.008446 -1.571069
  1   -1.093036 0.000002 -0.326057 -1.568974 -1.570379 0.000216
  2   2.262337 0.113614 0.064702 -0.013605 0.156448 -0.078783
  3   2.380047 0.353302 0.047440 0.001260 0.156994 0.020548
  4   2.033756 0.190472 -0.000128 -0.024446 0.172794 -0.127288
  5   2.451511 0.204909 -0.003447 0.000000 -0.000005 -0.017472
  6   7.247600 -0.397300 -0.109469 0.000001 -0.000003 0.418536
  7   -2.022252 -0.104661 3.136172 -0.298783 -1.361718 -2.901842
  8   1.168026 -0.537438 -0.063437 -1.436232 -1.107854 -1.660269
  9   6.790376 -0.619176 0.015206 -0.009312 -0.035190 -0.539141
 10   8.637599 0.544015 -0.090417 -1.570112 0.000221 -0.122021
 11   6.790465 -0.619039 0.017802 -0.009597 -0.035301 -0.392564
 12   -2.022474 -0.104699 -2.873818 0.298969 1.362003 -2.901601
 13   1.167898 -0.537463 0.063297 1.143510 1.170778 -1.864925
 14   7.002743 -0.617765 -0.183752 0.047085 0.002238 -0.464424
 15   8.209042 0.615527 -0.255885 1.570018 -0.000214 -0.121965
 16   7.002735 -0.617911 -0.183641 0.047532 0.002293 -0.343621
 17   1.574674 0.609930 -0.000899 0.000000 0.000008 -0.550247
 18   -0.602177 0.511412 -0.000006 0.000000 0.000000 0.000000
 19   3.673773 0.177020 1.119313 -0.000002 -0.000014 -0.174510
 20   3.673767 0.176993 -1.117566 0.000007 -0.000003 -0.174546
 21   2.899356 1.190005 1.518280 0.000002 -0.000011 -0.000026
 22   -0.226528 -0.758005 0.473551 0.000194 -0.057471 0.890061
 23   2.914999 1.182217 -1.611551 0.000019 0.000002 -0.000024
 24   -0.074270 -0.562670 -0.551668 0.000187 -0.057496 0.890104
 25   4.117120 1.989525 1.648862 -0.064423 0.440701 0.014429
 26   4.117138 1.989553 -1.609878 0.071535 -0.408734 -0.041706
 27   3.305099 1.322380 1.487156 -0.000019 -0.000022 -0.000050
 28   3.307528 1.321986 -1.528487 -0.000002 -0.000009 -0.000024
 29   8.824059 0.150544 0.091743 -0.114785 0.027305 0.574608
 30   2.220463 -0.123666 1.831196 -0.026166 -0.023001 0.298255
 31   2.144728 -0.256592 -1.826254 -0.009009 -0.009454 0.112755
 32   -0.814395 -0.093824 3.127092 0.001376 -2.696260 0.071551
 33   14.298673 -0.408176 0.471578 -0.000052 -0.000209 0.022281
 34   15.835795 0.581398 0.242756 -0.003065 -0.010786 -0.001460
 35   -0.815868 -0.091229 -3.114430 0.458480 3.496800 -1.004464
 36   14.294526 -0.410349 -0.467541 -0.000063 -0.000180 -2.653655
 37   15.834409 0.579420 -0.284600 0.003089 0.010919 0.015959
 38   1.417037 -3.356090 -2.808187 -0.100446 0.014256 1.997119
 39   -4.778065 -0.652498 -0.714929 0.130296 -0.030633 0.900717
 40   0.840749 -3.547428 3.221664 -0.100446 0.014257 1.997119
 41   -4.113518 -1.461486 0.928315 0.130295 -0.030633 0.900717
 42   1.311342 3.056718 -2.555797 0.022711 0.049142 -0.931970
 43   1.367244 2.768923 2.994381 0.022702 0.049148 -0.931970
time 35
  0   0.020765 -0.546892 15.239118 2.705095 0.000000 -1.571069
  1   -1.093036 0.000002 -0.326057 -1.569708 -1.570379 -0.000800
  2   2.262337 0.113614 0.064702 -0.013605 0.156448 -0.087512
  3   2.380047 0.353302 0.047440 0.001260 0.156994 0.008876
  4   2.033756 0.190472 -0.000128 -0.024446 0.172794 -0.141533
  5   2.451511 0.204909 -0.003447 0.000000 -0.000005 -0.017472
  6   7.247600 -0.397300 -0.109469 0.000001 -0.000003 0.418536
  7   -2.022252 -0.104661 3.136172 -0.298783 -1.361718 -2.901842
  8   1.168026 -0.537438 -0.063437 -1.439649 -1.090597 -1.657106
  9   6.790376 -0.619176 0.015206 -0.009312 -0.035190 -0.539141
 10   8.637599 0.544015 -0.090417 -1.570112 0.000221 -0.122021
 11   6.790465 -0.619039 0.017802 -0.009597 -0.035301 -0.392564
 12   -2.022474 -0.104699 -2.873818 0.298969 1.362003 -2.901601
 13   1.167898 -0.537463 0.063297 1.149907 1.162336 -1.859053
 14   7.002743 -0.617765 -0.183752 0.047085 0.002238 -0.464424
 15   8.209042 0.615527 -0.255885 1.570018 -0.000214 -0.121965
 16   7.002735 -0.617911 -0.183641 0.047532 0.002293 -0.343621
 17   1.574674 0.609930 -0.000899 0.000000 0.000008 -0.532764
 18   -0.602177 0.511412 -0.000006 0.000000 0.000000 0.000000
 19   3.673773 0.177020 1.119313 -0.000002 -0.000014 -0.174510
 20   3.673767 0.176993 -1.117566 0.000007 -0.000003 -0.174546
 21   2.899356 1.190005 1.518280 0.000002 -0.000011 -0.000026
 22   -0.226528 -0.758005 0.473551 0.000194 -0.057471 0.890061
 23   2.914999 1.182217 -1.611551 0.000019 0.000002 -0.000024
 24   -0.074270 -0.562670 -0.551668 0.000187 -0.057496 0.890104
 25   4.117120 1.989525 1.648862 -0.064423 0.440701 0.014429
 26   4.117138 1.989553 -1.609878 0.071535 -0.408734 -0.041706
 27   3.305099 1.322380 1.487156 -0.000019 -0.000022 -0.000050
 28   3.307528 1.321986 -1.528487 -0.000002 -0.000009 -0.000024
 29   8.824059 0.150544 0.091743 -0.115409 0.027614 0.587108
 30   2.236089 -0.072883 1.835103 -0.029203 -0.025587 0.332886
 31   2.148634 -0.221435 -1.822348 -0.010051 -0.010542 0.125856
 32   -0.814395 -0.093824 3.127092 0.001376 -2.696260 0.071551
 33   14.298673 -0.408176 0.471578 -0.000052 -0.000209 0.033794
 34   15.835795 0.581398 0.242756 -0.003065 -0.010786 -0.001460
 35   -0.815868 -0.091229 -3.114430 0.458480 3.496800 -1.004464
 36   14.294526 -0.410349 -0.467541 -0.000063 -0.000180 -2.653732
 37   15.834409 0.579420 -0.284600 0.003089 0.010919 0.015959
 38   1.417037 -3.356090 -2.812094 -0.100362 0.014497 2.001884
 39   -4.781971 -0.656404 -0.714929 0.129673 -0.031316 0.918975
 40   0.840749 -3.547428 3.225571 -0.100362 0.014498 2.001884
 41   -4.109611 -1.457580 0.928315 0.129672 -0.031316 0.918975
 42   1.350406 3.087969 -2.551891 0.023610 0.050277 -0.958820
 43   1.398495 2.788455 2.998287 0.023601 0.050262 -0.958820
end
