version 1
nodes
  0 "Bip01" -1
  1 "Bip01 Pelvis" 0
  2 "Bip01 Spine" 1
  3 "Bip01 Spine1" 2
  4 "Bip01 Spine2" 3
  5 "Bip01 Spine3" 4
  6 "Bip01 Neck" 5
  7 "Bip01 L Arm" 6
  8 "Bip01 L Arm1" 7
  9 "Bip01 L Arm2" 8
 10 "Bip01 L Hand" 9
 11 "Bip06 L elbow2-smooth" 8
 12 "Bip01 R Arm" 6
 13 "Bip01 R Arm1" 12
 14 "Bip01 R Arm2" 13
 15 "Bip01 R Hand" 14
 16 "Bip06 R elbow2-smooth" 13
 17 "Bip01 Head" 6
 18 "Bip06 Head_helper" 17
 19 "Bip06 Head_eyes_l" 18
 20 "Bip06 Head_eyes_r" 18
 21 "Bip06 Head_blink_l" 18
 22 "Bip06 Head_blink_smooth_l1" 21
 23 "Bip06 Head_blink_r" 18
 24 "Bip06 Head_blink_smooth_r1" 23
 25 "Bip06 Head_L_eyebrow" 18
 26 "Bip06 Head_R_eyebrow" 18
 27 "Bip06 Head_blink_l_lid" 18
 28 "Bip06 Head_blink_r_lid" 18
 29 "Bip06 bunny" 18
 30 "Bip06 bunnyL" 29
 31 "Bip06 bunnyR" 29
 32 "Bip01 L Leg" 1
 33 "Bip01 L Leg1" 32
 34 "Bip01 L Foot" 33
 35 "Bip01 R Leg" 1
 36 "Bip01 R Leg1" 35
 37 "Bip01 R Foot" 36
 38 "Bip03 HairR1" 17
 39 "Bip03 HairR2" 38
 40 "Bip03 HairL1" 17
 41 "Bip03 HairL2" 40
 42 "Bip03 swingR" 17
 43 "Bip03 swingL" 17
end
skeleton
time 0
  0   0.020765 -0.546892 15.239118 2.705095 0.000000 -1.571069
  1   -1.093036 0.000002 -0.326057 -1.570022 -1.570379 -0.000268
  2   2.262337 0.113614 0.064702 -0.013605 0.156448 -0.087512
  3   2.380047 0.353302 0.047440 0.001260 0.156994 0.008876
  4   2.033756 0.190472 -0.000128 -0.024446 0.172794 -0.141533
  5   2.451511 0.204909 -0.003447 0.000000 -0.000005 -0.017472
  6   7.247600 -0.397300 -0.109469 0.000001 -0.000003 0.418536
  7   -2.022252 -0.104661 3.136172 -0.298783 -1.361718 -2.901842
  8   1.168026 -0.537438 -0.063437 -1.439649 -1.090597 -1.657106
  9   6.790376 -0.619176 0.015206 -0.009312 -0.035190 -0.539141
 10   8.637599 0.544015 -0.090417 -1.570112 0.000221 -0.122021
 11   6.790465 -0.619039 0.017802 -0.009597 -0.035301 -0.392564
 12   -2.022474 -0.104699 -2.873818 0.298969 1.362003 -2.901601
 13   1.167898 -0.537463 0.063297 1.149907 1.162336 -1.859053
 14   7.002743 -0.617765 -0.183752 0.047085 0.002238 -0.464424
 15   8.209042 0.615527 -0.255885 1.570018 -0.000214 -0.121965
 16   7.002735 -0.617911 -0.183641 0.047532 0.002293 -0.343621
 17   1.574674 0.609930 -0.000899 0.000000 0.000008 -0.532764
 18   -0.602177 0.511412 -0.000006 0.000000 0.000000 0.000000
 19   3.673773 0.177020 1.119313 -0.000002 -0.000014 -0.174510
 20   3.673767 0.176993 -1.117566 0.000007 -0.000003 -0.174546
 21   3.942357 1.334540 1.627658 0.000002 -0.000011 -0.000026
 22   -0.246060 -0.011889 0.516521 -0.000011 0.000031 0.000025
 23   3.942374 1.334565 -1.631083 0.000019 0.000002 -0.000024
 24   -0.246150 -0.011872 -0.516511 -0.000005 -0.000006 0.000048
 25   4.941364 1.997338 1.629330 0.000018 -0.000001 -0.000024
 26   4.941382 1.997366 -1.629410 -0.000001 0.000005 -0.000024
 27   2.914462 1.619264 1.514501 -0.000019 -0.000022 -0.000050
 28   2.916892 1.618870 -1.501142 -0.000002 -0.000009 -0.000024
 29   8.824059 0.150544 0.091743 -0.109616 0.024741 0.466829
 30   2.111085 -0.561179 1.784320 -0.000008 -0.000682 0.000024
 31   2.121290 -0.561289 -1.853599 0.000000 0.000000 -0.000002
 32   -0.814395 -0.093824 3.127092 0.001376 -2.696260 0.071551
 33   14.298673 -0.408176 0.471578 -0.000052 -0.000209 0.033794
 34   15.835795 0.581398 0.242756 -0.003065 -0.010786 -0.001460
 35   -0.815868 -0.091229 -3.114430 0.458480 3.496800 -1.004464
 36   14.294526 -0.410349 -0.467541 -0.000063 -0.000180 -2.653655
 37   15.834409 0.579420 -0.284600 0.003089 0.010919 0.015959
 38   1.420944 -3.359996 -2.808187 -0.101183 0.012195 1.956430
 39   -4.739001 -0.605622 -0.711023 0.135642 -0.024760 0.743263
 40   0.836842 -3.543522 3.221664 -0.101183 0.012196 1.956430
 41   -4.152581 -1.508362 0.924409 0.135641 -0.024760 0.743263
 42   0.983207 2.814524 -2.571423 0.014957 0.039467 -0.700609
 43   1.089892 2.616575 2.982662 0.014955 0.039466 -0.700609
time 1
  0   0.020765 -0.546892 15.239118 2.705095 0.000000 -1.571069
  1   -1.093036 0.000002 -0.326057 -1.570022 -1.570379 -0.000268
  2   2.262337 0.113614 0.064702 -0.013605 0.156448 -0.048732
  3   2.380047 0.353302 0.047440 0.001260 0.156994 0.061155
  4   2.033756 0.190472 -0.000128 -0.024446 0.172794 -0.081690
  5   2.451511 0.204909 -0.003447 0.000000 -0.000005 -0.017472
  6   7.247600 -0.397300 -0.109469 0.000001 -0.000003 0.418536
  7   -2.022252 -0.104661 3.136172 -0.298783 -1.361718 -2.901842
  8   1.168026 -0.537438 -0.063437 -1.485338 -0.872836 -1.611369
  9   6.790376 -0.619176 0.015206 -0.009312 -0.035190 -0.539141
 10   8.637599 0.544015 -0.090417 -1.570112 0.000221 -0.122021
 11   6.790465 -0.619039 0.017802 -0.009597 -0.035301 -0.392564
 12   -2.022474 -0.104699 -2.873818 0.298969 1.362003 -2.901601
 13   1.167898 -0.537463 0.063297 1.248392 0.972140 -1.772428
 14   7.002743 -0.617765 -0.183752 0.119161 -0.077999 -0.406340
 15   8.209042 0.615527 -0.255885 1.343093 0.096630 -0.098031
 16   7.002735 -0.617911 -0.183641 0.095126 -0.056576 -0.302336
 17   1.574674 0.609930 -0.000899 0.000000 0.000008 -0.464978
 18   -0.602177 0.511412 -0.000006 0.000000 0.000000 0.000000
 19   3.673773 0.177020 1.119313 -0.000002 -0.000014 -0.174510
 20   3.673767 0.176993 -1.117566 0.000007 -0.000003 -0.174546
 21   3.942357 1.334540 1.627658 0.000002 -0.000011 -0.000026
 22   -0.246060 -0.011889 0.516521 -0.000011 0.000031 0.000025
 23   3.942374 1.334565 -1.631083 0.000019 0.000002 -0.000024
 24   -0.246150 -0.011872 -0.516511 -0.000005 -0.000006 0.000048
 25   4.941364 1.997338 1.629330 0.000018 0.000053 -0.000024
 26   4.941382 1.997366 -1.629410 -0.000001 -0.000057 -0.000024
 27   2.914462 1.619264 1.514501 -0.000019 -0.000022 -0.000050
 28   2.916892 1.618870 -1.501142 -0.000002 -0.000009 -0.000024
 29   8.824059 0.150544 0.091743 -0.107477 0.028753 0.431099
 30   2.111085 -0.561179 1.784320 -0.000008 -0.000682 0.000024
 31   2.121290 -0.561289 -1.853599 0.000000 0.000000 -0.000002
 32   -0.814395 -0.093824 3.127092 0.001376 -2.696260 0.071551
 33   14.298673 -0.408176 0.471578 -0.000052 -0.000209 0.033794
 34   15.835795 0.581398 0.242756 -0.003065 -0.010786 -0.001460
 35   -0.815868 -0.091229 -3.114430 0.458480 3.496800 -1.004464
 36   14.294526 -0.410349 -0.467541 -0.000063 -0.000180 -2.653655
 37   15.834409 0.579420 -0.284600 0.003089 0.010919 0.015959
 38   1.436569 -3.383434 -2.819907 -0.102762 0.008182 1.929670
 39   -4.723375 -0.621247 -0.711023 0.130752 -0.025743 0.736840
 40   0.829030 -3.559147 3.209945 -0.102762 0.008183 1.929670
 41   -4.168207 -1.492737 0.924409 0.130751 -0.025743 0.736840
 42   0.975394 2.720771 -2.575329 0.013135 0.039115 -0.645905
 43   1.074266 2.530635 2.978755 0.013144 0.039121 -0.645905
time 2
  0   0.020765 -0.546892 15.239118 2.705095 0.000000 -1.571069
  1   -1.093036 0.000002 -0.326057 -1.570022 -1.570379 -0.000268
  2   2.262337 0.113614 0.064702 -0.013605 0.156448 -0.010078
  3   2.380047 0.353302 0.047440 0.001260 0.156994 0.113516
  4   2.033756 0.190472 -0.000128 -0.024446 0.172794 -0.021592
  5   2.451511 0.204909 -0.003447 0.000000 -0.000005 -0.017472
  6   7.247600 -0.397300 -0.109469 0.000001 -0.000003 0.418536
  7   -2.022252 -0.104661 3.136172 -0.298783 -1.361718 -2.901842
  8   1.168026 -0.537438 -0.063437 -1.509764 -0.654170 -1.586634
  9   6.790376 -0.619176 0.015206 -0.009312 -0.035190 -0.539141
 10   8.637599 0.544015 -0.090417 -1.570112 0.000221 -0.122021
 11   6.790465 -0.619039 0.017802 -0.009597 -0.035301 -0.392564
 12   -2.022474 -0.104699 -2.873818 0.298969 1.362003 -2.901601
 13   1.167898 -0.537463 0.063297 1.303293 0.779503 -1.730114
 14   7.002743 -0.617765 -0.183752 0.187424 -0.162324 -0.353784
 15   8.209042 0.615527 -0.255885 1.114945 0.196349 -0.096527
 16   7.002735 -0.617911 -0.183641 0.140507 -0.117363 -0.263370
 17   1.574674 0.609930 -0.000899 0.000000 0.000008 -0.397117
 18   -0.602177 0.511412 -0.000006 0.000000 0.000000 0.000000
 19   3.673773 0.177020 1.119313 -0.000002 -0.000014 -0.174510
 20   3.673767 0.176993 -1.117566 0.000007 -0.000003 -0.174546
 21   3.942357 1.334540 1.627658 0.000002 -0.000011 -0.000026
 22   -0.246060 -0.011889 0.516521 -0.000011 0.000031 0.000025
 23   3.942374 1.334565 -1.631083 0.000019 0.000002 -0.000024
 24   -0.246150 -0.011872 -0.516511 -0.000005 -0.000006 0.000048
 25   4.941364 1.997338 1.629330 0.000018 0.000322 -0.000024
 26   4.941382 1.997366 -1.629410 -0.000001 -0.000319 -0.000024
 27   2.914462 1.619264 1.514501 -0.000019 -0.000022 -0.000050
 28   2.916892 1.618870 -1.501142 -0.000002 -0.000009 -0.000024
 29   8.824059 0.150544 0.091743 -0.101595 0.039791 0.333728
 30   2.111085 -0.561179 1.784320 -0.000008 -0.000682 0.000024
 31   2.121290 -0.561289 -1.853599 0.000000 0.000000 -0.000002
 32   -0.814395 -0.093824 3.127092 0.001376 -2.696260 0.071551
 33   14.298673 -0.408176 0.471578 -0.000052 -0.000209 0.033794
 34   15.835795 0.581398 0.242756 -0.003065 -0.010786 -0.001460
 35   -0.815868 -0.091229 -3.114430 0.458480 3.496800 -1.004464
 36   14.294526 -0.410349 -0.467541 -0.000063 -0.000180 -2.653655
 37   15.834409 0.579420 -0.284600 0.003089 0.010919 0.015959
 38   1.471726 -3.438123 -2.847251 -0.107161 -0.002699 1.856907
 39   -4.680405 -0.660311 -0.714929 0.117377 -0.028403 0.719451
 40   0.813404 -3.606024 3.170882 -0.107161 -0.002698 1.856907
 41   -4.211177 -1.453673 0.928315 0.117376 -0.028403 0.719451
 42   0.959769 2.462950 -2.579236 0.008173 0.038179 -0.497143
 43   1.027390 2.300159 2.970942 0.008171 0.038179 -0.497143
time 3
  0   0.020765 -0.546892 15.239118 2.705095 0.000000 -1.571069
  1   -1.093036 0.000002 -0.326057 -1.570022 -1.570379 -0.000268
  2   2.262337 0.113614 0.064702 -0.013605 0.156448 0.028666
  3   2.380047 0.353302 0.047440 0.001260 0.156994 0.165897
  4   2.033756 0.190472 -0.000128 -0.024446 0.172794 0.038505
  5   2.451511 0.204909 -0.003447 0.000000 -0.000005 -0.017472
  6   7.247600 -0.397300 -0.109469 0.000001 -0.000003 0.418536
  7   -2.022252 -0.104661 3.136172 -0.298783 -1.361718 -2.901842
  8   1.168026 -0.537438 -0.063437 -1.525331 -0.435454 -1.571072
  9   6.790376 -0.619176 0.015206 -0.009312 -0.035190 -0.539141
 10   8.637599 0.544015 -0.090417 -1.570112 0.000221 -0.122021
 11   6.790465 -0.619039 0.017802 -0.009597 -0.035301 -0.392564
 12   -2.022474 -0.104699 -2.873818 0.298969 1.362003 -2.901601
 13   1.167898 -0.537463 0.063297 1.340269 0.585747 -1.706566
 14   7.002743 -0.617765 -0.183752 0.252213 -0.249886 -0.306261
 15   8.209042 0.615527 -0.255885 0.881692 0.293874 -0.118598
 16   7.002735 -0.617911 -0.183641 0.183770 -0.179615 -0.226501
 17   1.574674 0.609930 -0.000899 0.000000 0.000008 -0.329257
 18   -0.602177 0.511412 -0.000006 0.000000 0.000000 0.000000
 19   3.673773 0.177020 1.119313 -0.000002 -0.000014 -0.174510
 20   3.673767 0.176993 -1.117566 0.000007 -0.000003 -0.174546
 21   3.942357 1.334540 1.627658 0.000002 -0.000011 -0.000026
 22   -0.246060 -0.011889 0.516521 -0.000011 0.000031 0.000025
 23   3.942374 1.334565 -1.631083 0.000019 0.000002 -0.000024
 24   -0.246150 -0.011872 -0.516511 -0.000005 -0.000006 0.000048
 25   4.941364 1.997338 1.629330 0.000018 0.000753 -0.000024
 26   4.941382 1.997366 -1.629410 -0.000001 -0.000768 -0.000024
 27   2.914462 1.619264 1.514501 -0.000019 -0.000022 -0.000050
 28   2.916892 1.618870 -1.501142 -0.000002 -0.000009 -0.000024
 29   8.824059 0.150544 0.091743 -0.092950 0.056289 0.189415
 30   2.111085 -0.561179 1.784320 -0.000008 -0.000682 0.000024
 31   2.121290 -0.561289 -1.853599 0.000000 0.000000 -0.000002
 32   -0.814395 -0.093824 3.127092 0.001376 -2.696260 0.071551
 33   14.298673 -0.408176 0.471578 -0.000052 -0.000209 0.033794
 34   15.835795 0.581398 0.242756 -0.003065 -0.010786 -0.001460
 35   -0.815868 -0.091229 -3.114430 0.458480 3.496800 -1.004464
 36   14.294526 -0.410349 -0.467541 -0.000063 -0.000180 -2.653655
 37   15.834409 0.579420 -0.284600 0.003089 0.010919 0.015959
 38   1.526416 -3.516251 -2.890221 -0.113918 -0.018751 1.749625
 39   -4.617903 -0.718906 -0.714929 0.097495 -0.032322 0.693789
 40   0.789966 -3.680245 3.116192 -0.113918 -0.018750 1.749625
 41   -4.273679 -1.395078 0.928315 0.097494 -0.032322 0.693789
 42   0.932424 2.084033 -2.587048 0.000755 0.036800 -0.277408
 43   0.957075 1.960305 2.963130 0.000750 0.036798 -0.277408
time 4
  0   0.020765 -0.546892 15.239118 2.705095 0.000000 -1.571069
  1   -1.093036 0.000002 -0.326057 -1.570022 -1.570379 -0.000268
  2   2.262337 0.113614 0.064702 -0.013605 0.156448 0.067500
  3   2.380047 0.353302 0.047440 0.001260 0.156994 0.218217
  4   2.033756 0.190472 -0.000128 -0.024446 0.172794 0.098639
  5   2.451511 0.204909 -0.003447 0.000000 -0.000005 -0.017472
  6   7.247600 -0.397300 -0.109469 0.000001 -0.000003 0.418536
  7   -2.022252 -0.104661 3.136172 -0.298783 -1.361718 -2.901842
  8   1.168026 -0.537438 -0.063437 -1.536152 -0.216486 -1.559875
  9   6.790376 -0.619176 0.015206 -0.009312 -0.035190 -0.539141
 10   8.637599 0.544015 -0.090417 -1.570112 0.000221 -0.122021
 11   6.790465 -0.619039 0.017802 -0.009626 -0.035301 -0.392564
 12   -2.022474 -0.104699 -2.873818 0.298969 1.362003 -2.901601
 13   1.167898 -0.537463 0.063297 1.368810 0.391483 -1.693188
 14   7.002743 -0.617765 -0.183752 0.314269 -0.340287 -0.263441
 15   8.209042 0.615527 -0.255885 0.637869 0.383606 -0.164903
 16   7.002735 -0.617911 -0.183641 0.225009 -0.243334 -0.191675
 17   1.574674 0.609930 -0.000899 0.000000 0.000008 -0.261396
 18   -0.602177 0.511412 -0.000006 0.000000 0.000000 0.000000
 19   3.673773 0.177020 1.119313 -0.000002 -0.000014 -0.174510
 20   3.673767 0.176993 -1.117566 0.000007 -0.000003 -0.174546
 21   3.942357 1.334540 1.627658 0.000002 -0.000011 -0.000026
 22   -0.246060 -0.011889 0.516521 -0.000011 0.000031 0.000025
 23   3.938468 1.334565 -1.631083 0.000019 0.000002 -0.000024
 24   -0.246150 -0.011872 -0.516511 -0.000005 -0.000006 0.000048
 25   4.941364 1.997338 1.629330 0.000018 0.001359 -0.000024
 26   4.941382 1.997366 -1.629410 -0.000001 -0.001367 -0.000024
 27   2.914462 1.623171 1.514501 -0.000019 -0.000022 -0.000050
 28   2.916892 1.618870 -1.501142 -0.000002 -0.000009 -0.000024
 29   8.824059 0.150544 0.091743 -0.082344 0.076751 0.013020
 30   2.111085 -0.561179 1.784320 -0.000008 -0.000682 0.000024
 31   2.121290 -0.561289 -1.853599 0.000000 0.000000 -0.000002
 32   -0.814395 -0.093824 3.127092 0.001376 -2.696260 0.071551
 33   14.298673 -0.408176 0.471578 -0.000052 -0.000209 0.033794
 34   15.835795 0.581398 0.242756 -0.003065 -0.010786 -0.001460
 35   -0.815868 -0.091229 -3.114430 0.458480 3.496800 -1.004464
 36   14.294526 -0.410349 -0.467541 -0.000063 -0.000180 -2.653655
 37   15.834409 0.579420 -0.284600 0.003089 0.010919 0.015959
 38   1.596730 -3.617816 -2.941004 -0.122548 -0.038236 1.619432
 39   -4.535870 -0.785315 -0.718835 0.073046 -0.037080 0.662657
 40   0.758715 -3.766185 3.045878 -0.122548 -0.038236 1.619432
 41   -4.355712 -1.328669 0.932221 0.073045 -0.037080 0.662657
 42   0.901173 1.619175 -2.598767 -0.008401 0.035113 -0.009786
 43   0.871135 1.546230 2.951411 -0.008409 0.035119 -0.009786
time 5
  0   0.020765 -0.546892 15.239118 2.705095 0.000000 -1.571069
  1   -1.093036 0.000002 -0.326057 -1.570022 -1.570379 -0.000268
  2   2.262337 0.113614 0.064702 -0.013605 0.156448 0.106244
  3   2.380047 0.353302 0.047440 0.001260 0.156994 0.270598
  4   2.033756 0.190472 -0.000128 -0.024446 0.172794 0.158845
  5   2.451511 0.204909 -0.003447 0.000000 -0.000005 -0.017472
  6   7.247600 -0.397300 -0.109469 0.000001 -0.000003 0.418536
  7   -2.022252 -0.104661 3.136172 -0.298783 -1.361718 -2.901842
  8   1.168026 -0.537438 -0.063437 -1.544442 0.002381 -1.551145
  9   6.790376 -0.619176 0.015206 -0.009312 -0.035190 -0.539141
 10   8.637599 0.544015 -0.090417 -1.570112 0.000221 -0.122021
 11   6.790465 -0.619039 0.017802 -0.009626 -0.035301 -0.392564
 12   -2.022474 -0.104699 -2.873818 0.298969 1.362003 -2.901601
 13   1.167898 -0.537463 0.063297 1.393062 0.197015 -1.685984
 14   7.002743 -0.617765 -0.183752 0.374390 -0.432960 -0.225406
 15   8.209042 0.615527 -0.255885 0.380601 0.459644 -0.235986
 16   7.002735 -0.617911 -0.183641 0.264647 -0.308180 -0.158780
 17   1.574674 0.609930 -0.000899 0.000000 0.000008 -0.193573
 18   -0.602177 0.511412 -0.000006 0.000000 0.000000 0.000000
 19   3.673773 0.177020 1.119313 -0.000002 -0.000014 -0.174510
 20   3.673767 0.176993 -1.117566 0.000007 -0.000003 -0.174546
 21   3.942357 1.334540 1.627658 0.000002 -0.000011 -0.000026
 22   -0.246060 -0.011889 0.516521 -0.000011 0.000031 0.000025
 23   3.942374 1.334565 -1.631083 0.000019 0.000002 -0.000024
 24   -0.246150 -0.011872 -0.516511 -0.000005 -0.000006 0.000048
 25   4.941364 1.997338 1.629330 0.000018 0.002126 -0.000024
 26   4.941382 1.997366 -1.629410 -0.000001 -0.002128 -0.000024
 27   2.914462 1.619264 1.514501 -0.000019 -0.000022 -0.000050
 28   2.916892 1.618870 -1.501142 -0.000002 -0.000009 -0.000024
 29   8.824059 0.150544 0.091743 -0.070669 0.099587 -0.180811
 30   2.111085 -0.561179 1.784320 -0.000008 -0.000682 0.000024
 31   2.121290 -0.561289 -1.853599 0.000000 0.000000 -0.000002
 32   -0.814395 -0.093824 3.127092 0.001376 -2.696260 0.071551
 33   14.298673 -0.408176 0.471578 -0.000052 -0.000209 0.033794
 34   15.835795 0.581398 0.242756 -0.003065 -0.010786 -0.001460
 35   -0.815868 -0.091229 -3.114430 0.458480 3.496800 -1.004464
 36   14.294526 -0.410349 -0.467541 -0.000063 -0.000180 -2.653655
 37   15.834409 0.579420 -0.284600 0.003089 0.010919 0.015959
 38   1.670951 -3.727195 -2.999599 -0.132588 -0.059457 1.477754
 39   -4.453836 -0.863442 -0.722742 0.045997 -0.042270 0.628777
 40   0.723558 -3.859938 2.971657 -0.132588 -0.059457 1.477754
 41   -4.437746 -1.250542 0.936128 0.045996 -0.042270 0.628777
 42   0.869922 1.107440 -2.610487 -0.018612 0.033288 0.282677
 43   0.777382 1.089184 2.939692 -0.018604 0.033299 0.282677
time 6
  0   0.020765 -0.546892 15.239118 2.705095 0.000000 -1.571069
  1   -1.093036 0.000002 -0.326057 -1.570022 -1.570379 -0.000268
  2   2.262337 0.113614 0.064702 -0.013605 0.156448 0.145042
  3   2.380047 0.353302 0.047440 0.001260 0.156994 0.322958
  4   2.033756 0.190472 -0.000128 -0.024446 0.172794 0.218834
  5   2.451511 0.204909 -0.003447 0.000000 -0.000005 -0.017472
  6   7.247600 -0.397300 -0.109469 0.000001 -0.000003 0.418536
  7   -2.022252 -0.104661 3.136172 -0.298783 -1.361718 -2.901842
  8   1.168026 -0.537438 -0.063437 -1.551023 0.221550 -1.544376
  9   6.790376 -0.619176 0.015206 -0.009312 -0.035190 -0.539141
 10   8.637599 0.544015 -0.090417 -1.570112 0.000221 -0.122021
 11   6.790465 -0.619039 0.017802 -0.009597 -0.035301 -0.392564
 12   -2.022474 -0.104699 -2.873818 0.298969 1.362003 -2.901601
 13   1.167898 -0.537463 0.063297 1.415416 0.002598 -1.683805
 14   7.002743 -0.617765 -0.183752 0.433429 -0.527563 -0.191991
 15   8.209042 0.615527 -0.255885 0.108736 0.516162 -0.329259
 16   7.002735 -0.617911 -0.183641 0.302684 -0.374211 -0.127375
 17   1.574674 0.609930 -0.000899 0.000000 0.000008 -0.125712
 18   -0.602177 0.511412 -0.000006 0.000000 0.000000 0.000000
 19   3.673773 0.177020 1.119313 -0.000002 -0.000014 -0.174510
 20   3.673767 0.176993 -1.117566 0.000007 -0.000003 -0.174546
 21   3.942357 1.334540 1.627658 0.000002 -0.000011 -0.000026
 22   -0.246060 -0.011889 0.516521 -0.000011 0.000031 0.000025
 23   3.942374 1.334565 -1.631083 0.000019 0.000002 -0.000024
 24   -0.246150 -0.011872 -0.516511 -0.000005 -0.000006 0.000048
 25   4.941364 1.997338 1.629330 0.000018 0.003068 -0.000024
 26   4.941382 1.997366 -1.629410 -0.000001 -0.003064 -0.000024
 27   2.914462 1.623171 1.514501 -0.000019 -0.000022 -0.000050
 28   2.916892 1.618870 -1.501142 -0.000002 -0.000009 -0.000024
 29   8.824059 0.150544 0.091743 -0.058815 0.123302 -0.377377
 30   2.111085 -0.561179 1.784320 -0.000008 -0.000682 0.000024
 31   2.121290 -0.561289 -1.853599 0.000000 0.000000 -0.000002
 32   -0.814395 -0.093824 3.127092 0.001376 -2.696260 0.071551
 33   14.298673 -0.408176 0.471578 -0.000052 -0.000209 0.033794
 34   15.835795 0.581398 0.242756 -0.003065 -0.010786 -0.001460
 35   -0.815868 -0.091229 -3.114430 0.458480 3.496800 -1.004464
 36   14.294526 -0.410349 -0.467541 -0.000063 -0.000180 -2.653655
 37   15.834409 0.579420 -0.284600 0.003089 0.010919 0.015959
 38   1.745172 -3.840479 -3.058195 -0.143534 -0.080666 1.336015
 39   -4.367896 -0.941569 -0.726648 0.018324 -0.047447 0.594896
 40   0.688400 -3.953691 2.893529 -0.143534 -0.080666 1.336015
 41   -4.523686 -1.172415 0.940034 0.018323 -0.047447 0.594896
 42   0.834765 0.583987 -2.622206 -0.029147 0.031464 0.576940
 43   0.687536 0.624326 2.927972 -0.029149 0.031463 0.576940
time 7
  0   0.020765 -0.546892 15.239118 2.705095 0.000000 -1.571069
  1   -1.093036 0.000002 -0.326057 -1.570022 -1.570379 -0.000268
  2   2.262337 0.113614 0.064702 -0.013605 0.156448 0.183840
  3   2.380047 0.353302 0.047440 0.001260 0.156994 0.375298
  4   2.033756 0.190472 -0.000128 -0.024446 0.172794 0.279077
  5   2.451511 0.204909 -0.003447 0.000000 -0.000005 -0.017472
  6   7.247600 -0.397300 -0.109469 0.000001 -0.000003 0.418536
  7   -2.022252 -0.104661 3.136172 -0.298783 -1.361718 -2.901842
  8   1.168026 -0.537438 -0.063437 -1.556465 0.440769 -1.538493
  9   6.790376 -0.619176 0.015206 -0.009312 -0.035190 -0.539141
 10   8.637599 0.544015 -0.090417 -1.570112 0.000221 -0.122021
 11   6.790465 -0.619039 0.017802 -0.009626 -0.035301 -0.392564
 12   -2.022474 -0.104699 -2.873818 0.298969 1.362003 -2.901601
 13   1.167898 -0.537463 0.063297 1.437841 -0.192073 -1.685742
 14   7.002743 -0.617765 -0.183752 0.492354 -0.623756 -0.163362
 15   8.209042 0.615527 -0.255885 -0.175352 0.547863 -0.438949
 16   7.002735 -0.617911 -0.183641 0.339357 -0.441200 -0.097626
 17   1.574674 0.609930 -0.000899 0.000000 0.000008 -0.057815
 18   -0.602177 0.511412 -0.000006 0.000000 0.000000 0.000000
 19   3.673773 0.177020 1.119313 -0.000002 -0.000014 -0.174510
 20   3.673767 0.176993 -1.117566 0.000007 -0.000003 -0.174546
 21   3.942357 1.334540 1.627658 0.000002 -0.000011 -0.000026
 22   -0.246060 -0.011889 0.516521 -0.000011 0.000031 0.000025
 23   3.942374 1.334565 -1.631083 0.000019 0.000002 -0.000024
 24   -0.246150 -0.011872 -0.516511 -0.000005 -0.000006 0.000048
 25   4.941364 1.997338 1.629330 0.000018 0.004159 -0.000024
 26   4.941382 1.997366 -1.629410 -0.000001 -0.004174 -0.000024
 27   2.914462 1.619264 1.514501 -0.000019 -0.000022 -0.000050
 28   2.916892 1.618870 -1.501142 -0.000002 -0.000009 -0.000024
 29   8.824059 0.150544 0.091743 -0.047497 0.146327 -0.561873
 30   2.111085 -0.561179 1.784320 -0.000008 -0.000682 0.000024
 31   2.121290 -0.561289 -1.853599 0.000000 0.000000 -0.000002
 32   -0.814395 -0.093824 3.127092 0.001376 -2.696260 0.071551
 33   14.298673 -0.408176 0.471578 -0.000052 -0.000209 0.033794
 34   15.835795 0.581398 0.242756 -0.003065 -0.010786 -0.001460
 35   -0.815868 -0.091229 -3.114430 0.458480 3.496800 -1.004464
 36   14.294526 -0.410349 -0.467541 -0.000063 -0.000180 -2.653655
 37   15.834409 0.579420 -0.284600 0.003089 0.010919 0.015959
 38   1.815487 -3.942045 -3.108978 -0.154921 -0.100164 1.205823
 39   -4.285862 -1.015790 -0.730555 -0.008018 -0.052205 0.563765
 40   0.653243 -4.039631 2.823215 -0.154921 -0.100164 1.205822
 41   -4.605720 -1.098194 0.943941 -0.008019 -0.052205 0.563765
 42   0.803514 0.091784 -2.630018 -0.039309 0.029793 0.849956
 43   0.601596 0.190719 2.916253 -0.039319 0.029784 0.849956
time 8
  0   0.020765 -0.546892 15.239118 2.705095 0.000000 -1.571069
  1   -1.093036 0.000002 -0.326057 -1.570022 -1.570379 -0.000268
  2   2.262337 0.113614 0.064702 -0.013605 0.156448 0.222621
  3   2.380047 0.353302 0.047440 0.001260 0.156994 0.427659
  4   2.033756 0.190472 -0.000128 -0.024446 0.172794 0.339029
  5   2.451511 0.204909 -0.003447 0.000000 -0.000005 -0.017472
  6   7.247600 -0.397300 -0.109469 0.000001 -0.000003 0.418536
  7   -2.022252 -0.104661 3.136172 -0.298783 -1.361718 -2.901842
  8   1.168026 -0.537438 -0.063437 -1.560958 0.659486 -1.533432
  9   6.790376 -0.619176 0.015206 -0.009312 -0.035190 -0.539141
 10   8.637599 0.544015 -0.090417 -1.570112 0.000221 -0.122021
 11   6.790465 -0.619039 0.017802 -0.009597 -0.035301 -0.392564
 12   -2.022474 -0.104699 -2.873818 0.298969 1.362003 -2.901601
 13   1.167898 -0.537463 0.063297 1.461882 -0.386643 -1.692764
 14   7.002743 -0.617765 -0.183752 0.552247 -0.721199 -0.139848
 15   8.209042 0.615527 -0.255885 -0.464546 0.551419 -0.555916
 16   7.002735 -0.617911 -0.183641 0.374805 -0.509035 -0.069257
 17   1.574674 0.609930 -0.000899 0.000000 0.000008 0.010045
 18   -0.602177 0.511412 -0.000006 0.000000 0.000000 0.000000
 19   3.673773 0.177020 1.119313 -0.000002 -0.000014 -0.174510
 20   3.673767 0.176993 -1.117566 0.000007 -0.000003 -0.174546
 21   3.942357 1.334540 1.627658 0.000002 -0.000011 -0.000026
 22   -0.246060 -0.011889 0.516521 -0.000011 0.000031 0.000025
 23   3.942374 1.334565 -1.631083 0.000019 0.000002 -0.000024
 24   -0.246150 -0.011872 -0.516511 -0.000005 -0.000006 0.000048
 25   4.941364 1.997338 1.629330 0.000018 0.005397 -0.000024
 26   4.941382 1.997366 -1.629410 -0.000001 -0.005409 -0.000024
 27   2.914462 1.619264 1.514501 -0.000019 -0.000022 -0.000050
 28   2.916892 1.618870 -1.501142 -0.000002 -0.000009 -0.000024
 29   8.824059 0.150544 0.091743 -0.037782 0.167122 -0.719599
 30   2.111085 -0.561179 1.784320 -0.000008 -0.000682 0.000024
 31   2.121290 -0.561289 -1.853599 0.000000 0.000000 -0.000002
 32   -0.814395 -0.093824 3.127092 0.001376 -2.696260 0.071551
 33   14.298673 -0.408176 0.471578 -0.000052 -0.000209 0.033794
 34   15.835795 0.581398 0.242756 -0.003065 -0.010786 -0.001460
 35   -0.815868 -0.091229 -3.114430 0.458480 3.496800 -1.004464
 36   14.294526 -0.410349 -0.467541 -0.000063 -0.000180 -2.653655
 37   15.834409 0.579420 -0.284600 0.003089 0.010919 0.015959
 38   1.877989 -4.027985 -3.151948 -0.166267 -0.116216 1.098602
 39   -4.215548 -1.074386 -0.730555 -0.031088 -0.056124 0.538130
 40   0.621992 -4.113852 2.764619 -0.166267 -0.116215 1.098602
 41   -4.676035 -1.039598 0.943941 -0.031089 -0.056124 0.538130
 42   0.780076 -0.330104 -2.637831 -0.048406 0.028413 1.078641
 43   0.531281 -0.180386 2.908441 -0.048402 0.028403 1.078641
time 9
  0   0.020765 -0.546892 15.239118 2.705095 0.000000 -1.571069
  1   -1.093036 0.000002 -0.326057 -1.570022 -1.570379 -0.000268
  2   2.262337 0.113614 0.064702 -0.013605 0.156448 0.261364
  3   2.380047 0.353302 0.047440 0.001260 0.156994 0.479999
  4   2.033756 0.190472 -0.000128 -0.024446 0.172794 0.399272
  5   2.451511 0.204909 -0.003447 0.000000 -0.000005 -0.017472
  6   7.247600 -0.397300 -0.109469 0.000001 -0.000003 0.418536
  7   -2.022252 -0.104661 3.136172 -0.298783 -1.361718 -2.901842
  8   1.168026 -0.537438 -0.063437 -1.564945 0.878705 -1.528561
  9   6.790376 -0.619176 0.015206 -0.009312 -0.035190 -0.539141
 10   8.637599 0.544015 -0.090417 -1.570112 0.000221 -0.122021
 11   6.790465 -0.619039 0.017802 -0.009626 -0.035301 -0.392564
 12   -2.022474 -0.104699 -2.873818 0.298969 1.362003 -2.901601
 13   1.167898 -0.537463 0.063297 1.490352 -0.580653 -1.706021
 14   7.002743 -0.617765 -0.183752 0.614816 -0.819664 -0.122769
 15   8.209042 0.615527 -0.255885 -0.750575 0.526679 -0.668674
 16   7.002735 -0.617911 -0.183641 0.409265 -0.577603 -0.042544
 17   1.574674 0.609930 -0.000899 0.000000 0.000008 0.077980
 18   -0.602177 0.511412 -0.000006 0.000000 0.000000 0.000000
 19   3.673773 0.177020 1.119313 -0.000002 -0.000014 -0.174510
 20   3.673767 0.176993 -1.117566 0.000007 -0.000003 -0.174546
 21   3.942357 1.334540 1.627658 0.000002 -0.000011 -0.000026
 22   -0.246060 -0.011889 0.516521 -0.000011 0.000031 0.000025
 23   3.942374 1.334565 -1.631083 0.000019 0.000002 -0.000024
 24   -0.246150 -0.011872 -0.516511 -0.000005 -0.000006 0.000048
 25   4.941364 1.997338 1.629330 0.000018 0.006784 -0.000024
 26   4.941382 1.997366 -1.629410 -0.000001 -0.006793 -0.000024
 27   2.914462 1.619264 1.514501 -0.000019 -0.000022 -0.000050
 28   2.916892 1.618870 -1.501142 -0.000002 -0.000009 -0.000024
 29   8.824059 0.150544 0.091743 -0.030474 0.184142 -0.835800
 30   2.111085 -0.561179 1.784320 -0.000008 -0.000682 0.000024
 31   2.121290 -0.561289 -1.853599 0.000000 0.000000 -0.000002
 32   -0.814395 -0.093824 3.127092 0.001376 -2.696260 0.071551
 33   14.298673 -0.408176 0.471578 -0.000052 -0.000209 0.033794
 34   15.835795 0.581398 0.242756 -0.003065 -0.010786 -0.001460
 35   -0.815868 -0.091229 -3.114430 0.458480 3.496800 -1.004464
 36   14.294526 -0.410349 -0.467541 -0.000063 -0.000180 -2.653655
 37   15.834409 0.579420 -0.284600 0.003089 0.010919 0.015959
 38   1.928772 -4.090487 -3.183199 -0.177086 -0.127109 1.025838
 39   -4.168671 -1.117356 -0.734461 -0.048897 -0.058784 0.520713
 40   0.594648 -4.160728 2.725555 -0.177086 -0.127109 1.025838
 41   -4.722911 -0.996628 0.947847 -0.048898 -0.058784 0.520713
 42   0.760544 -0.646520 -2.645644 -0.055716 0.027462 1.239908
 43   0.484405 -0.453831 2.900628 -0.055711 0.027462 1.239908
time 10
  0   0.020765 -0.546892 15.239118 2.705095 0.000000 -1.571069
  1   -1.093036 0.000002 -0.326057 -1.570022 -1.570379 -0.000268
  2   2.262337 0.113614 0.064702 -0.013605 0.156448 0.256160
  3   2.380047 0.353302 0.047440 0.001260 0.156994 0.476530
  4   2.033756 0.190472 -0.000128 -0.024446 0.172794 0.393980
  5   2.451511 0.204909 -0.003447 0.000000 -0.000005 -0.017472
  6   7.247600 -0.397300 -0.109469 0.000001 -0.000003 0.418536
  7   -2.022252 -0.104661 3.136172 -0.298783 -1.361718 -2.901842
  8   1.168026 -0.537438 -0.063437 -1.564312 0.887460 -1.527992
  9   6.790376 -0.619176 0.015206 -0.009312 -0.035190 -0.539141
 10   8.637599 0.544015 -0.090417 -1.570112 0.000221 -0.122021
 11   6.790465 -0.619039 0.017802 -0.009626 -0.035301 -0.392564
 12   -2.022474 -0.104699 -2.873818 0.298969 1.362003 -2.901601
 13   1.167898 -0.537463 0.063297 1.492039 -0.590925 -1.706990
 14   7.002743 -0.617765 -0.183752 0.614816 -0.819664 -0.122769
 15   8.209042 0.615527 -0.255885 -0.750575 0.526679 -0.668674
 16   7.002735 -0.617911 -0.183641 0.409265 -0.577603 -0.042544
 17   1.574674 0.609930 -0.000899 0.000000 0.000008 0.077980
 18   -0.602177 0.511412 -0.000006 0.000000 0.000000 0.000000
 19   3.673773 0.177020 1.119313 -0.000002 -0.000014 -0.174510
 20   3.673767 0.176993 -1.117566 0.000007 -0.000003 -0.174546
 21   3.942357 1.334540 1.627658 0.000002 -0.000011 -0.000026
 22   -0.246060 -0.011889 0.516521 -0.000011 0.000031 0.000025
 23   3.942374 1.334565 -1.631083 0.000019 0.000002 -0.000024
 24   -0.246150 -0.011872 -0.516511 -0.000005 -0.000006 0.000048
 25   4.941364 1.997338 1.629330 0.000018 0.008332 -0.000024
 26   4.941382 1.997366 -1.629410 -0.000001 -0.008340 -0.000024
 27   2.914462 1.619264 1.514501 -0.000019 -0.000022 -0.000050
 28   2.916892 1.618870 -1.501142 -0.000002 -0.000009 -0.000024
 29   8.824059 0.150544 0.091743 -0.026374 0.195845 -0.895779
 30   2.111085 -0.561179 1.784320 -0.000008 -0.000682 0.000024
 31   2.121290 -0.561289 -1.853599 0.000000 0.000000 -0.000002
 32   -0.814395 -0.093824 3.127092 0.001376 -2.696260 0.071551
 33   14.298673 -0.408176 0.471578 -0.000052 -0.000209 0.033794
 34   15.835795 0.581398 0.242756 -0.003065 -0.010786 -0.001460
 35   -0.815868 -0.091229 -3.114430 0.458480 3.496800 -1.004464
 36   14.294526 -0.410349 -0.467541 -0.000063 -0.000180 -2.653655
 37   15.834409 0.579420 -0.284600 0.003089 0.010919 0.015959
 38   1.952210 -4.117832 -3.191012 -0.186916 -0.131122 0.999018
 39   -4.145233 -1.140794 -0.734461 -0.059515 -0.059767 0.514319
 40   0.575116 -4.176353 2.709930 -0.186916 -0.131122 0.999017
 41   -4.746349 -0.973190 0.947847 -0.059516 -0.059767 0.514319
 42   0.756638 -0.818400 -2.645644 -0.060546 0.027125 1.310714
 43   0.464873 -0.590554 2.896721 -0.060546 0.027117 1.310714
time 11
  0   0.020765 -0.546892 15.239118 2.705095 0.000000 -1.571069
  1   -1.093036 0.000002 -0.326057 -1.570022 -1.570379 -0.000268
  2   2.262337 0.113614 0.064702 -0.013605 0.156448 0.250919
  3   2.380047 0.353302 0.047440 0.001260 0.156994 0.473041
  4   2.033756 0.190472 -0.000128 -0.024446 0.172794 0.388833
  5   2.451511 0.204909 -0.003447 0.000000 -0.000005 -0.017472
  6   7.247600 -0.397300 -0.109469 0.000001 -0.000003 0.418536
  7   -2.022252 -0.104661 3.136172 -0.298783 -1.361718 -2.901842
  8   1.168026 -0.537438 -0.063437 -1.563805 0.896114 -1.527612
  9   6.790376 -0.619176 0.015206 -0.009312 -0.035190 -0.539141
 10   8.637599 0.544015 -0.090417 -1.570112 0.000221 -0.122021
 11   6.790465 -0.619039 0.017802 -0.009626 -0.035301 -0.392564
 12   -2.022474 -0.104699 -2.873818 0.298969 1.362003 -2.901601
 13   1.167898 -0.537463 0.063297 1.493656 -0.601249 -1.708019
 14   7.002743 -0.617765 -0.183752 0.614816 -0.819664 -0.122769
 15   8.209042 0.615527 -0.255885 -0.750575 0.526679 -0.668674
 16   7.002735 -0.617911 -0.183641 0.409265 -0.577603 -0.042544
 17   1.574674 0.609930 -0.000899 0.000000 0.000008 0.077980
 18   -0.602177 0.511412 -0.000006 0.000000 0.000000 0.000000
 19   3.673773 0.177020 1.119313 -0.000002 -0.000014 -0.174510
 20   3.673767 0.176993 -1.117566 0.000007 -0.000003 -0.174546
 21   3.942357 1.334540 1.627658 0.000002 -0.000011 -0.000026
 22   -0.246060 -0.011889 0.516521 -0.000011 0.000031 0.000025
 23   3.942374 1.334565 -1.631083 0.000019 0.000002 -0.000024
 24   -0.246150 -0.011872 -0.516511 -0.000005 -0.000006 0.000048
 25   4.941364 1.997338 1.629330 0.000018 0.010014 -0.000024
 26   4.941382 1.997366 -1.629410 -0.000001 -0.010024 -0.000024
 27   2.914462 1.619264 1.514501 -0.000019 -0.000022 -0.000050
 28   2.916892 1.618870 -1.501142 -0.000002 -0.000009 -0.000024
 29   8.824059 0.150544 0.091743 -0.024414 0.203536 -0.920081
 30   2.111085 -0.565085 1.784320 0.001823 0.002137 -0.007267
 31   2.121290 -0.565195 -1.853599 -0.002681 -0.003626 -0.010501
 32   -0.814395 -0.093824 3.127092 0.001376 -2.696260 0.071551
 33   14.298673 -0.408176 0.471578 -0.000052 -0.000209 0.033794
 34   15.835795 0.581398 0.242756 -0.003065 -0.010786 -0.001460
 35   -0.815868 -0.091229 -3.114430 0.458480 3.496800 -1.004464
 36   14.294526 -0.410349 -0.467541 -0.000063 -0.000180 -2.653655
 37   15.834409 0.579420 -0.284600 0.003089 0.010919 0.015959
 38   1.967835 -4.121738 -3.191012 -0.195378 -0.130291 1.003234
 39   -4.137420 -1.148607 -0.734461 -0.065244 -0.059408 0.519900
 40   0.559490 -4.176353 2.706024 -0.195378 -0.130290 1.003233
 41   -4.754162 -0.965377 0.947847 -0.065245 -0.059408 0.519872
 42   0.764450 -0.892621 -2.645644 -0.063566 0.027554 1.326899
 43   0.476592 -0.645244 2.900628 -0.063570 0.027556 1.326899
time 12
  0   0.020765 -0.546892 15.239118 2.705095 0.000000 -1.571069
  1   -1.093036 0.000002 -0.326057 -1.570022 -1.570379 -0.000268
  2   2.262337 0.113614 0.064702 -0.013605 0.156448 0.245661
  3   2.380047 0.353302 0.047440 0.001260 0.156994 0.469531
  4   2.033756 0.190472 -0.000128 -0.024446 0.172794 0.383540
  5   2.451511 0.204909 -0.003447 0.000000 -0.000005 -0.017472
  6   7.247600 -0.397300 -0.109469 0.000001 -0.000003 0.418536
  7   -2.022252 -0.104661 3.136172 -0.298783 -1.361718 -2.901842
  8   1.168026 -0.537438 -0.063437 -1.563173 0.904768 -1.527043
  9   6.790376 -0.619176 0.015206 -0.009312 -0.035190 -0.539141
 10   8.637599 0.544015 -0.090417 -1.570112 0.000221 -0.122021
 11   6.790465 -0.619039 0.017802 -0.009626 -0.035301 -0.392564
 12   -2.022474 -0.104699 -2.873818 0.298969 1.362003 -2.901601
 13   1.167898 -0.537463 0.063297 1.495554 -0.611725 -1.708927
 14   7.002743 -0.617765 -0.183752 0.614816 -0.819664 -0.122769
 15   8.209042 0.615527 -0.255885 -0.750935 0.526679 -0.668674
 16   7.002735 -0.617911 -0.183641 0.409265 -0.577603 -0.042544
 17   1.574674 0.609930 -0.000899 0.000000 0.000008 0.077980
 18   -0.602177 0.511412 -0.000006 0.000000 0.000000 0.000000
 19   3.673773 0.177020 1.119313 -0.000002 -0.000014 -0.174510
 20   3.673767 0.176993 -1.117566 0.000007 -0.000003 -0.174546
 21   3.942357 1.334540 1.627658 0.000002 -0.000011 -0.000026
 22   -0.246060 -0.011889 0.516521 -0.000011 0.000031 0.000025
 23   3.938468 1.334565 -1.631083 0.000019 0.000002 -0.000024
 24   -0.246150 -0.011872 -0.516511 -0.000005 -0.000006 0.000048
 25   4.941364 1.997338 1.629330 0.000018 0.011845 -0.000024
 26   4.941382 1.997366 -1.629410 -0.000001 -0.011858 -0.000024
 27   2.914462 1.619264 1.514501 -0.000019 -0.000022 -0.000050
 28   2.916892 1.618870 -1.501142 -0.000002 -0.000009 -0.000024
 29   8.824059 0.150544 0.091743 -0.022899 0.209684 -0.939556
 30   2.107179 -0.584617 1.776507 0.006813 0.009809 -0.027102
 31   2.113477 -0.584727 -1.845786 -0.009990 -0.013495 -0.039031
 32   -0.814395 -0.093824 3.127092 0.001376 -2.696260 0.071551
 33   14.298673 -0.408176 0.471578 -0.000052 -0.000209 0.033794
 34   15.835795 0.581398 0.242756 -0.003065 -0.010786 -0.001460
 35   -0.815868 -0.091229 -3.114430 0.458480 3.496800 -1.004464
 36   14.294526 -0.410349 -0.467541 -0.000063 -0.000180 -2.653655
 37   15.834409 0.579420 -0.284600 0.003089 0.010919 0.015959
 38   1.979554 -4.129551 -3.191012 -0.202492 -0.128013 1.014719
 39   -4.129607 -1.156420 -0.734461 -0.069834 -0.058449 0.535017
 40   0.551677 -4.176353 2.702117 -0.202492 -0.128013 1.014719
 41   -4.761975 -0.957564 0.947847 -0.069835 -0.058449 0.535017
 42   0.791795 -0.955123 -2.641737 -0.065987 0.028750 1.339822
 43   0.500030 -0.688214 2.904534 -0.065981 0.028749 1.339822
time 13
  0   0.020765 -0.546892 15.239118 2.705095 0.000000 -1.571069
  1   -1.093036 0.000002 -0.326057 -1.570022 -1.570379 -0.000268
  2   2.262337 0.113614 0.064702 -0.013605 0.156448 0.240493
  3   2.380047 0.353302 0.047440 0.001260 0.156994 0.466062
  4   2.033756 0.190472 -0.000128 -0.024446 0.172794 0.378285
  5   2.451511 0.204909 -0.003447 0.000000 -0.000005 -0.017472
  6   7.247600 -0.397300 -0.109469 0.000001 -0.000003 0.418536
  7   -2.022252 -0.104661 3.136172 -0.298783 -1.361718 -2.901842
  8   1.168026 -0.537438 -0.063437 -1.562540 0.913573 -1.526600
  9   6.790376 -0.619176 0.015206 -0.009312 -0.035190 -0.539141
 10   8.637599 0.544015 -0.090417 -1.570112 0.000221 -0.122021
 11   6.790465 -0.619039 0.017802 -0.009626 -0.035301 -0.392564
 12   -2.022474 -0.104699 -2.873818 0.298969 1.362003 -2.901601
 13   1.167898 -0.537463 0.063297 1.497382 -0.622048 -1.709956
 14   7.002743 -0.617765 -0.183752 0.614816 -0.819664 -0.122769
 15   8.209042 0.615527 -0.255885 -0.750935 0.526679 -0.668674
 16   7.002735 -0.617911 -0.183641 0.409265 -0.577603 -0.042599
 17   1.574674 0.609930 -0.000899 0.000000 0.000008 0.077980
 18   -0.602177 0.511412 -0.000006 0.000000 0.000000 0.000000
 19   3.673773 0.177020 1.119313 -0.000002 -0.000014 -0.174510
 20   3.673767 0.176993 -1.117566 0.000007 -0.000003 -0.174546
 21   3.942357 1.334540 1.627658 0.000002 -0.000011 -0.000026
 22   -0.246060 -0.011889 0.516521 -0.000011 0.000031 0.000025
 23   3.942374 1.334565 -1.631083 0.000019 0.000002 -0.000024
 24   -0.246150 -0.011872 -0.516511 -0.000005 -0.000006 0.000048
 25   4.941364 1.997338 1.629330 0.000018 0.013784 -0.000024
 26   4.941382 1.997366 -1.629410 -0.000001 -0.013791 -0.000024
 27   2.914462 1.619264 1.514501 -0.000019 -0.000022 -0.000050
 28   2.916892 1.618870 -1.501142 -0.000002 -0.000009 -0.000024
 29   8.824059 0.150544 0.091743 -0.021651 0.214479 -0.954738
 30   2.099366 -0.611962 1.764788 0.014176 0.021143 -0.056307
 31   2.101758 -0.615978 -1.834067 -0.020761 -0.028025 -0.081063
 32   -0.814395 -0.093824 3.127092 0.001376 -2.696260 0.071551
 33   14.298673 -0.408176 0.471578 -0.000052 -0.000209 0.033794
 34   15.835795 0.581398 0.242756 -0.003065 -0.010786 -0.001460
 35   -0.815868 -0.091229 -3.114430 0.458480 3.496800 -1.004464
 36   14.294526 -0.410349 -0.467541 -0.000063 -0.000180 -2.653655
 37   15.834409 0.579420 -0.284600 0.003089 0.010919 0.015959
 38   1.987367 -4.133457 -3.191012 -0.208323 -0.124675 1.031642
 39   -4.125701 -1.160326 -0.734461 -0.073418 -0.057035 0.557314
 40   0.539958 -4.172447 2.702117 -0.208323 -0.124674 1.031642
 41   -4.765881 -0.953658 0.947847 -0.073419 -0.057035 0.557314
 42   0.834765 -1.001999 -2.630018 -0.067869 0.030513 1.349901
 43   0.531281 -0.723371 2.912347 -0.067868 0.030506 1.349901
time 14
  0   0.020765 -0.546892 15.239118 2.705095 0.000000 -1.571069
  1   -1.093036 0.000002 -0.326057 -1.570022 -1.570379 -0.000268
  2   2.262337 0.113614 0.064702 -0.013605 0.156448 0.235180
  3   2.380047 0.353302 0.047440 0.001260 0.156994 0.462573
  4   2.033756 0.190472 -0.000128 -0.024446 0.172794 0.373101
  5   2.451511 0.204909 -0.003447 0.000000 -0.000005 -0.017472
  6   7.247600 -0.397300 -0.109469 0.000001 -0.000003 0.418536
  7   -2.022252 -0.104661 3.136172 -0.298783 -1.361718 -2.901842
  8   1.168026 -0.537438 -0.063437 -1.561844 0.922227 -1.526157
  9   6.790376 -0.619176 0.015206 -0.009312 -0.035190 -0.539141
 10   8.637599 0.544015 -0.090417 -1.570112 0.000221 -0.122021
 11   6.790465 -0.619039 0.017802 -0.009626 -0.035301 -0.392564
 12   -2.022474 -0.104699 -2.873818 0.298969 1.362003 -2.901601
 13   1.167898 -0.537463 0.063297 1.499139 -0.632321 -1.711106
 14   7.002743 -0.617765 -0.183752 0.614816 -0.819664 -0.122769
 15   8.209042 0.615527 -0.255885 -0.750575 0.526679 -0.668674
 16   7.002735 -0.617911 -0.183641 0.409265 -0.577603 -0.042599
 17   1.574674 0.609930 -0.000899 0.000000 0.000008 0.077980
 18   -0.602177 0.511412 -0.000006 0.000000 0.000000 0.000000
 19   3.673773 0.177020 1.119313 -0.000002 -0.000014 -0.174510
 20   3.673767 0.176993 -1.117566 0.000007 -0.000003 -0.174546
 21   3.942357 1.334540 1.627658 0.000002 -0.000011 -0.000026
 22   -0.246060 -0.011889 0.516521 -0.000011 0.000031 0.000025
 23   3.938468 1.334565 -1.631083 0.000019 0.000002 -0.000024
 24   -0.246150 -0.011872 -0.516511 -0.000005 -0.000006 0.000048
 25   4.941364 1.997338 1.629330 0.000018 0.015884 -0.000024
 26   4.941382 1.997366 -1.629410 -0.000001 -0.015887 -0.000024
 27   2.914462 1.619264 1.514501 -0.000019 -0.000022 -0.000050
 28   2.916892 1.618870 -1.501142 -0.000002 -0.000009 -0.000024
 29   8.824059 0.150544 0.091743 -0.020760 0.218087 -0.966112
 30   2.091553 -0.647119 1.749163 0.023112 0.034918 -0.091796
 31   2.090039 -0.647229 -1.818442 -0.033846 -0.045664 -0.132101
 32   -0.814395 -0.093824 3.127092 0.001376 -2.696260 0.071551
 33   14.298673 -0.408176 0.471578 -0.000052 -0.000209 0.033794
 34   15.835795 0.581398 0.242756 -0.003065 -0.010786 -0.001460
 35   -0.815868 -0.091229 -3.114430 0.458480 3.496800 -1.004464
 36   14.294526 -0.410349 -0.467541 -0.000063 -0.000180 -2.653655
 37   15.834409 0.579420 -0.284600 0.003089 0.010919 0.015959
 38   1.991274 -4.133457 -3.187105 -0.213038 -0.120602 1.052231
 39   -4.121795 -1.164232 -0.734461 -0.076102 -0.055309 0.584407
 40   0.536052 -4.168541 2.698211 -0.213038 -0.120601 1.052231
 41   -4.769788 -0.949752 0.947847 -0.076103 -0.055309 0.584407
 42   0.881641 -1.037156 -2.622206 -0.069283 0.032644 1.357471
 43   0.574251 -0.746809 2.920160 -0.069280 0.032640 1.357471
time 15
  0   0.020765 -0.546892 15.239118 2.705095 0.000000 -1.571069
  1   -1.093036 0.000002 -0.326057 -1.570022 -1.570379 -0.000268
  2   2.262337 0.113614 0.064702 -0.013605 0.156448 0.229993
  3   2.380047 0.353302 0.047440 0.001260 0.156994 0.459063
  4   2.033756 0.190472 -0.000128 -0.024446 0.172794 0.367846
  5   2.451511 0.204909 -0.003447 0.000000 -0.000005 -0.017472
  6   7.247600 -0.397300 -0.109469 0.000001 -0.000003 0.418536
  7   -2.022252 -0.104661 3.136172 -0.298783 -1.361718 -2.901842
  8   1.168026 -0.537438 -0.063437 -1.561401 0.931032 -1.525651
  9   6.790376 -0.619176 0.015206 -0.009312 -0.035190 -0.539141
 10   8.637599 0.544015 -0.090417 -1.570112 0.000221 -0.122021
 11   6.790465 -0.619039 0.017802 -0.009626 -0.035301 -0.392564
 12   -2.022474 -0.104699 -2.873818 0.298969 1.362003 -2.901601
 13   1.167898 -0.537463 0.063297 1.500967 -0.642645 -1.712135
 14   7.002743 -0.617765 -0.183752 0.614816 -0.819664 -0.122769
 15   8.209042 0.615527 -0.255885 -0.750575 0.526679 -0.668674
 16   7.002735 -0.617911 -0.183641 0.409265 -0.577603 -0.042544
 17   1.574674 0.609930 -0.000899 0.000000 0.000008 0.077980
 18   -0.602177 0.511412 -0.000006 0.000000 0.000000 0.000000
 19   3.673773 0.177020 1.119313 -0.000002 -0.000014 -0.174510
 20   3.673767 0.176993 -1.117566 0.000007 -0.000003 -0.174546
 21   3.942357 1.334540 1.627658 0.000002 -0.000011 -0.000026
 22   -0.246060 -0.011889 0.516521 -0.000011 0.000031 0.000025
 23   3.942374 1.334565 -1.631083 0.000019 0.000002 -0.000024
 24   -0.246150 -0.011872 -0.516511 -0.000005 -0.000006 0.000048
 25   4.941364 1.997338 1.629330 0.000018 0.018091 -0.000024
 26   4.941382 1.997366 -1.629410 -0.000001 -0.018094 -0.000024
 27   2.914462 1.619264 1.514501 -0.000019 -0.000022 -0.000050
 28   2.916892 1.618870 -1.501142 -0.000002 -0.000009 -0.000024
 29   8.824059 0.150544 0.091743 -0.020136 0.220675 -0.974266
 30   2.079834 -0.682276 1.733537 0.032835 0.049884 -0.130415
 31   2.074414 -0.686293 -1.802816 -0.048080 -0.064883 -0.187652
 32   -0.814395 -0.093824 3.127092 0.001376 -2.696260 0.071551
 33   14.298673 -0.408176 0.471578 -0.000052 -0.000209 0.033794
 34   15.835795 0.581398 0.242756 -0.003065 -0.010786 -0.001460
 35   -0.815868 -0.091229 -3.114430 0.458480 3.496800 -1.004464
 36   14.294526 -0.410349 -0.467541 -0.000063 -0.000180 -2.653655
 37   15.834409 0.579420 -0.284600 0.003089 0.010919 0.015959
 38   1.999086 -4.137363 -3.187105 -0.216721 -0.116180 1.074592
 39   -4.121795 -1.168139 -0.734461 -0.078032 -0.053439 0.613884
 40   0.532146 -4.168541 2.698211 -0.216721 -0.116179 1.074591
 41   -4.769788 -0.945845 0.947847 -0.078033 -0.053439 0.613884
 42   0.936331 -1.060595 -2.610487 -0.070302 0.034975 1.362908
 43   0.621127 -0.766341 2.931879 -0.070304 0.034962 1.362908
time 16
  0   0.020765 -0.546892 15.239118 2.705095 0.000000 -1.571069
  1   -1.093036 0.000002 -0.326057 -1.570022 -1.570379 -0.000268
  2   2.262337 0.113614 0.064702 -0.013605 0.156448 0.224771
  3   2.380047 0.353302 0.047440 0.001260 0.156994 0.455594
  4   2.033756 0.190472 -0.000128 -0.024446 0.172794 0.362553
  5   2.451511 0.204909 -0.003447 0.000000 -0.000005 -0.017472
  6   7.247600 -0.397300 -0.109469 0.000001 -0.000003 0.418536
  7   -2.022252 -0.104661 3.136172 -0.298783 -1.361718 -2.901842
  8   1.168026 -0.537438 -0.063437 -1.560641 0.939837 -1.525145
  9   6.790376 -0.619176 0.015206 -0.009312 -0.035190 -0.539141
 10   8.637599 0.544015 -0.090417 -1.570112 0.000221 -0.122021
 11   6.790465 -0.619039 0.017802 -0.009626 -0.035301 -0.392564
 12   -2.022474 -0.104699 -2.873818 0.298969 1.362003 -2.901601
 13   1.167898 -0.537463 0.063297 1.502865 -0.653121 -1.713225
 14   7.002743 -0.617765 -0.183752 0.614816 -0.819664 -0.122769
 15   8.209042 0.615527 -0.255885 -0.750575 0.526679 -0.668674
 16   7.002735 -0.617911 -0.183641 0.409265 -0.577603 -0.042544
 17   1.574674 0.609930 -0.000899 0.000000 0.000008 0.077980
 18   -0.602177 0.511412 -0.000006 0.000000 0.000000 0.000000
 19   3.673773 0.177020 1.119313 -0.000002 -0.000014 -0.174510
 20   3.673767 0.176993 -1.117566 0.000007 -0.000003 -0.174546
 21   3.942357 1.334540 1.627658 0.000002 -0.000011 -0.000026
 22   -0.246060 -0.011889 0.516521 -0.000011 0.000031 0.000025
 23   3.942374 1.334565 -1.631083 0.000019 0.000002 -0.000024
 24   -0.246150 -0.011872 -0.516511 -0.000005 -0.000006 0.000048
 25   4.941364 1.997338 1.629330 0.000018 0.020434 -0.000024
 26   4.941382 1.997366 -1.629410 -0.000001 -0.020427 -0.000024
 27   2.914462 1.619264 1.514501 -0.000019 -0.000022 -0.000050
 28   2.916892 1.618870 -1.501142 -0.000002 -0.000009 -0.000024
 29   8.824059 0.150544 0.091743 -0.019690 0.222408 -0.979738
 30   2.072021 -0.721340 1.717912 0.042557 0.064851 -0.169012
 31   2.058788 -0.725357 -1.787191 -0.062299 -0.084076 -0.243203
 32   -0.814395 -0.093824 3.127092 0.001376 -2.696260 0.071551
 33   14.298673 -0.408176 0.471578 -0.000052 -0.000209 0.033794
 34   15.835795 0.581398 0.242756 -0.003065 -0.010786 -0.001460
 35   -0.815868 -0.091229 -3.114430 0.458480 3.496800 -1.004464
 36   14.294526 -0.410349 -0.467541 -0.000063 -0.000180 -2.653655
 37   15.834409 0.579420 -0.284600 0.003089 0.010919 0.015959
 38   1.999086 -4.137363 -3.183199 -0.219479 -0.111757 1.097014
 39   -4.117888 -1.168139 -0.730555 -0.079326 -0.051570 0.643361
 40   0.528239 -4.164635 2.698211 -0.219479 -0.111756 1.097013
 41   -4.773694 -0.945845 0.943941 -0.079327 -0.051570 0.643361
 42   0.991020 -1.080127 -2.598767 -0.070985 0.037290 1.366546
 43   0.664098 -0.778060 2.939692 -0.070979 0.037301 1.366546
time 17
  0   0.020765 -0.546892 15.239118 2.705095 0.000000 -1.571069
  1   -1.093036 0.000002 -0.326057 -1.570022 -1.570379 -0.000268
  2   2.262337 0.113614 0.064702 -0.013605 0.156448 0.219512
  3   2.380047 0.353302 0.047440 0.001260 0.156994 0.452064
  4   2.033756 0.190472 -0.000128 -0.024446 0.172794 0.357406
  5   2.451511 0.204909 -0.003447 0.000000 -0.000005 -0.017472
  6   7.247600 -0.397300 -0.109469 0.000001 -0.000003 0.418536
  7   -2.022252 -0.104661 3.136172 -0.298783 -1.361718 -2.901842
  8   1.168026 -0.537438 -0.063437 -1.560009 0.948592 -1.524576
  9   6.790376 -0.619176 0.015206 -0.009312 -0.035190 -0.539141
 10   8.637599 0.544015 -0.090417 -1.570112 0.000221 -0.122021
 11   6.790465 -0.619039 0.017802 -0.009626 -0.035301 -0.392564
 12   -2.022474 -0.104699 -2.873818 0.298969 1.362003 -2.901601
 13   1.167898 -0.537463 0.063297 1.504763 -0.663444 -1.714375
 14   7.002743 -0.617765 -0.183752 0.614816 -0.819664 -0.122769
 15   8.209042 0.615527 -0.255885 -0.750575 0.526679 -0.668674
 16   7.002735 -0.617911 -0.183641 0.409265 -0.577603 -0.042599
 17   1.574674 0.609930 -0.000899 0.000000 0.000008 0.077980
 18   -0.602177 0.511412 -0.000006 0.000000 0.000000 0.000000
 19   3.673773 0.177020 1.119313 -0.000002 -0.000014 -0.174510
 20   3.673767 0.176993 -1.117566 0.000007 -0.000003 -0.174546
 21   3.942357 1.334540 1.627658 0.000002 -0.000011 -0.000026
 22   -0.246060 -0.011889 0.516521 -0.000011 0.000031 0.000025
 23   3.938468 1.334565 -1.631083 0.000019 0.000002 -0.000024
 24   -0.246150 -0.011872 -0.516511 -0.000005 -0.000006 0.000048
 25   4.941364 1.997338 1.629330 0.000018 0.022884 -0.000024
 26   4.941382 1.997366 -1.629410 -0.000001 -0.022884 -0.000024
 27   2.914462 1.619264 1.514501 -0.000019 -0.000022 -0.000050
 28   2.916892 1.618870 -1.501142 -0.000002 -0.000009 -0.000024
 29   8.824059 0.150544 0.091743 -0.019423 0.223452 -0.983064
 30   2.060302 -0.752591 1.702286 0.051480 0.078597 -0.204501
 31   2.047069 -0.756607 -1.775472 -0.075384 -0.101741 -0.294241
 32   -0.814395 -0.093824 3.127092 0.001376 -2.696260 0.071551
 33   14.298673 -0.408176 0.471578 -0.000052 -0.000209 0.033794
 34   15.835795 0.581398 0.242756 -0.003065 -0.010786 -0.001460
 35   -0.815868 -0.091229 -3.114430 0.458480 3.496800 -1.004464
 36   14.294526 -0.410349 -0.467541 -0.000063 -0.000180 -2.653655
 37   15.834409 0.579420 -0.284600 0.003089 0.010919 0.015959
 38   2.002993 -4.141270 -3.183199 -0.221436 -0.107696 1.117541
 39   -4.117888 -1.172045 -0.730555 -0.080105 -0.049844 0.670454
 40   0.524333 -4.160728 2.698211 -0.221436 -0.107695 1.117541
 41   -4.773694 -0.941939 0.943941 -0.080106 -0.049844 0.670454
 42   1.037896 -1.087939 -2.590955 -0.071392 0.039421 1.368763
 43   0.707068 -0.785873 2.951411 -0.071391 0.039435 1.368763
time 18
  0   0.020765 -0.546892 15.239118 2.705095 0.000000 -1.571069
  1   -1.093036 0.000002 -0.326057 -1.570022 -1.570379 -0.000268
  2   2.262337 0.113614 0.064702 -0.013605 0.156448 0.214290
  3   2.380047 0.353302 0.047440 0.001260 0.156994 0.448595
  4   2.033756 0.190472 -0.000128 -0.024446 0.172794 0.352114
  5   2.451511 0.204909 -0.003447 0.000000 -0.000005 -0.017472
  6   7.247600 -0.397300 -0.109469 0.000001 -0.000003 0.418536
  7   -2.022252 -0.104661 3.136172 -0.298783 -1.361718 -2.901842
  8   1.168026 -0.537438 -0.063437 -1.559123 0.957296 -1.523880
  9   6.790376 -0.619176 0.015206 -0.009312 -0.035190 -0.539141
 10   8.637599 0.544015 -0.090417 -1.570112 0.000221 -0.122021
 11   6.790465 -0.619039 0.017802 -0.009626 -0.035301 -0.392564
 12   -2.022474 -0.104699 -2.873818 0.298969 1.362003 -2.901601
 13   1.167898 -0.537463 0.063297 1.506661 -0.673717 -1.715525
 14   7.002743 -0.617765 -0.183752 0.614816 -0.819664 -0.122769
 15   8.209042 0.615527 -0.255885 -0.750575 0.526679 -0.668674
 16   7.002735 -0.617911 -0.183641 0.409265 -0.577603 -0.042544
 17   1.574674 0.609930 -0.000899 0.000000 0.000008 0.077980
 18   -0.602177 0.511412 -0.000006 0.000000 0.000000 0.000000
 19   3.673773 0.177020 1.119313 -0.000002 -0.000014 -0.174510
 20   3.673767 0.176993 -1.117566 0.000007 -0.000003 -0.174546
 21   3.942357 1.334540 1.627658 0.000002 -0.000011 -0.000026
 22   -0.246060 -0.011889 0.516521 -0.000011 0.000031 0.000025
 23   3.942374 1.334565 -1.631083 0.000019 0.000002 -0.000024
 24   -0.246150 -0.011872 -0.516511 -0.000005 -0.000006 0.000048
 25   4.941364 1.997338 1.629330 0.000018 0.025455 -0.000024
 26   4.941382 1.997366 -1.629410 -0.000001 -0.025454 -0.000024
 27   2.914462 1.619264 1.514501 -0.000019 -0.000022 -0.000050
 28   2.916892 1.618870 -1.501142 -0.000002 -0.000009 -0.000024
 29   8.824059 0.150544 0.091743 -0.019245 0.223998 -0.984781
 30   2.056396 -0.779936 1.690567 0.058843 0.089930 -0.233706
 31   2.035350 -0.787858 -1.763752 -0.086155 -0.116272 -0.336291
 32   -0.814395 -0.093824 3.127092 0.001376 -2.696260 0.071551
 33   14.298673 -0.408176 0.471578 -0.000052 -0.000209 0.033794
 34   15.835795 0.581398 0.242756 -0.003065 -0.010786 -0.001460
 35   -0.815868 -0.091229 -3.114430 0.458480 3.496800 -1.004464
 36   14.294526 -0.410349 -0.467541 -0.000063 -0.000180 -2.653655
 37   15.834409 0.579420 -0.284600 0.003089 0.010919 0.015959
 38   2.002993 -4.141270 -3.183199 -0.222699 -0.104346 1.134526
 39   -4.117888 -1.172045 -0.730555 -0.080512 -0.048430 0.692751
 40   0.524333 -4.156822 2.698211 -0.222699 -0.104345 1.134525
 41   -4.773694 -0.941939 0.943941 -0.080513 -0.048430 0.692751
 42   1.080866 -1.095752 -2.583142 -0.071608 0.041185 1.369892
 43   0.738319 -0.789779 2.959223 -0.071604 0.041192 1.369892
time 19
  0   0.020765 -0.546892 15.239118 2.705095 0.000000 -1.571069
  1   -1.093036 0.000002 -0.326057 -1.570022 -1.570379 -0.000268
  2   2.262337 0.113614 0.064702 -0.013605 0.156448 0.209031
  3   2.380047 0.353302 0.047440 0.001260 0.156994 0.445085
  4   2.033756 0.190472 -0.000128 -0.024446 0.172794 0.346822
  5   2.451511 0.204909 -0.003447 0.000000 -0.000005 -0.017472
  6   7.247600 -0.397300 -0.109469 0.000001 -0.000003 0.418536
  7   -2.022252 -0.104661 3.136172 -0.298783 -1.361718 -2.901842
  8   1.168026 -0.537438 -0.063437 -1.558490 0.965799 -1.523374
  9   6.790376 -0.619176 0.015206 -0.009312 -0.035190 -0.539141
 10   8.637599 0.544015 -0.090417 -1.570112 0.000221 -0.122021
 11   6.790465 -0.619039 0.017802 -0.009626 -0.035301 -0.392564
 12   -2.022474 -0.104699 -2.873818 0.298969 1.362003 -2.901601
 13   1.167898 -0.537463 0.063297 1.508488 -0.684244 -1.716857
 14   7.002743 -0.617765 -0.183752 0.614816 -0.819664 -0.122769
 15   8.209042 0.615527 -0.255885 -0.750935 0.526679 -0.668674
 16   7.002735 -0.617911 -0.183641 0.409265 -0.577603 -0.042599
 17   1.574674 0.609930 -0.000899 0.000000 0.000008 0.077980
 18   -0.602177 0.511412 -0.000006 0.000000 0.000000 0.000000
 19   3.673773 0.177020 1.119313 -0.000002 -0.000014 -0.174510
 20   3.673767 0.176993 -1.117566 0.000007 -0.000003 -0.174546
 21   3.942357 1.334540 1.627658 0.000002 -0.000011 -0.000026
 22   -0.246060 -0.011889 0.516521 -0.000011 0.000031 0.000025
 23   3.942374 1.334565 -1.631083 0.000019 0.000002 -0.000024
 24   -0.246150 -0.011872 -0.516511 -0.000005 -0.000006 0.000048
 25   4.941364 1.997338 1.629330 0.000018 0.028147 -0.000024
 26   4.941382 1.997366 -1.629410 -0.000001 -0.028148 -0.000024
 27   2.914462 1.619264 1.514501 -0.000019 -0.000022 -0.000050
 28   2.916892 1.618870 -1.501142 -0.000002 -0.000009 -0.000024
 29   8.824059 0.150544 0.091743 -0.019245 0.224188 -0.985425
 30   2.048583 -0.799468 1.682754 0.063833 0.097632 -0.253541
 31   2.027537 -0.807390 -1.755940 -0.093463 -0.126114 -0.364803
 32   -0.814395 -0.093824 3.127092 0.001376 -2.696260 0.071551
 33   14.298673 -0.408176 0.471578 -0.000052 -0.000209 0.033794
 34   15.835795 0.581398 0.242756 -0.003065 -0.010786 -0.001460
 35   -0.815868 -0.091229 -3.114430 0.458480 3.496800 -1.004464
 36   14.294526 -0.410349 -0.467541 -0.000063 -0.000180 -2.653655
 37   15.834409 0.579420 -0.284600 0.003089 0.010919 0.015959
 38   2.002993 -4.141270 -3.179293 -0.223373 -0.102080 1.146011
 39   -4.117888 -1.172045 -0.730555 -0.080656 -0.047459 0.707896
 40   0.524333 -4.156822 2.698211 -0.223373 -0.102080 1.146011
 41   -4.773694 -0.941939 0.943941 -0.080657 -0.047459 0.707896
 42   1.108211 -1.095752 -2.575329 -0.071680 0.042381 1.370310
 43   0.761757 -0.789779 2.963130 -0.071679 0.042385 1.370310
time 20
  0   0.020765 -0.546892 15.239118 2.705095 0.000000 -1.571069
  1   -1.093036 0.000002 -0.326057 -1.570022 -1.570379 -0.000268
  2   2.262337 0.113614 0.064702 -0.013605 0.156448 0.214290
  3   2.380047 0.353302 0.047440 0.001260 0.156994 0.448595
  4   2.033756 0.190472 -0.000128 -0.024446 0.172794 0.352114
  5   2.451511 0.204909 -0.003447 0.000000 -0.000005 -0.017472
  6   7.247600 -0.397300 -0.109469 0.000001 -0.000003 0.418536
  7   -2.022252 -0.104661 3.136172 -0.298783 -1.361718 -2.901842
  8   1.168026 -0.537438 -0.063437 -1.559123 0.957296 -1.523880
  9   6.790376 -0.619176 0.015206 -0.009312 -0.035190 -0.539141
 10   8.637599 0.544015 -0.090417 -1.570112 0.000221 -0.122021
 11   6.790465 -0.619039 0.017802 -0.009626 -0.035301 -0.392564
 12   -2.022474 -0.104699 -2.873818 0.298969 1.362003 -2.901601
 13   1.167898 -0.537463 0.063297 1.506661 -0.673717 -1.715525
 14   7.002743 -0.617765 -0.183752 0.614816 -0.819664 -0.122769
 15   8.209042 0.615527 -0.255885 -0.750575 0.526679 -0.668674
 16   7.002735 -0.617911 -0.183641 0.409265 -0.577603 -0.042544
 17   1.574674 0.609930 -0.000899 0.000000 0.000008 0.077980
 18   -0.602177 0.511412 -0.000006 0.000000 0.000000 0.000000
 19   3.673773 0.177020 1.119313 -0.000002 -0.000014 -0.174510
 20   3.673767 0.176993 -1.117566 0.000007 -0.000003 -0.174546
 21   3.942357 1.334540 1.627658 0.000002 -0.000011 -0.000026
 22   -0.246060 -0.011889 0.516521 -0.000011 0.000031 0.000025
 23   3.942374 1.334565 -1.631083 0.000019 0.000002 -0.000024
 24   -0.246150 -0.011872 -0.516511 -0.000005 -0.000006 0.000048
 25   4.941364 1.997338 1.629330 0.000018 0.030933 -0.000024
 26   4.941382 1.997366 -1.629410 -0.000001 -0.030942 -0.000024
 27   2.914462 1.619264 1.514501 -0.000019 -0.000022 -0.000050
 28   2.916892 1.618870 -1.501142 -0.000002 -0.000009 -0.000024
 29   8.824059 0.150544 0.091743 -0.019156 0.224236 -0.985479
 30   2.048583 -0.807280 1.678848 0.065678 0.100451 -0.260832
 31   2.023631 -0.811297 -1.752033 -0.096160 -0.129766 -0.375320
 32   -0.814395 -0.093824 3.127092 0.001376 -2.696260 0.071551
 33   14.298673 -0.408176 0.471578 -0.000052 -0.000209 0.033794
 34   15.835795 0.581398 0.242756 -0.003065 -0.010786 -0.001460
 35   -0.815868 -0.091229 -3.114430 0.458480 3.496800 -1.004464
 36   14.294526 -0.410349 -0.467541 -0.000063 -0.000180 -2.653655
 37   15.834409 0.579420 -0.284600 0.003089 0.010919 0.015959
 38   2.002993 -4.141270 -3.179293 -0.223562 -0.101237 1.150227
 39   -4.117888 -1.172045 -0.730555 -0.080680 -0.047111 0.713449
 40   0.524333 -4.156822 2.698211 -0.223562 -0.101236 1.150226
 41   -4.773694 -0.941939 0.943941 -0.080681 -0.047111 0.713449
 42   1.116024 -1.095752 -2.575329 -0.071692 0.042825 1.370352
 43   0.773476 -0.789779 2.963130 -0.071691 0.042824 1.370352
time 21
  0   0.020765 -0.546892 15.239118 2.705095 0.000000 -1.571069
  1   -1.093036 0.000002 -0.326057 -1.570022 -1.570379 -0.000268
  2   2.262337 0.113614 0.064702 -0.013605 0.156448 0.219512
  3   2.380047 0.353302 0.047440 0.001260 0.156994 0.452064
  4   2.033756 0.190472 -0.000128 -0.024446 0.172794 0.357406
  5   2.451511 0.204909 -0.003447 0.000000 -0.000005 -0.017472
  6   7.247600 -0.397300 -0.109469 0.000001 -0.000003 0.418536
  7   -2.022252 -0.104661 3.136172 -0.298783 -1.361718 -2.901842
  8   1.168026 -0.537438 -0.063437 -1.560009 0.948592 -1.524576
  9   6.790376 -0.619176 0.015206 -0.009312 -0.035190 -0.539141
 10   8.637599 0.544015 -0.090417 -1.570112 0.000221 -0.122021
 11   6.790465 -0.619039 0.017802 -0.009626 -0.035301 -0.392564
 12   -2.022474 -0.104699 -2.873818 0.298969 1.362003 -2.901601
 13   1.167898 -0.537463 0.063297 1.504763 -0.663444 -1.714375
 14   7.002743 -0.617765 -0.183752 0.614816 -0.819664 -0.122769
 15   8.209042 0.615527 -0.255885 -0.750575 0.526679 -0.668674
 16   7.002735 -0.617911 -0.183641 0.409265 -0.577603 -0.042599
 17   1.574674 0.609930 -0.000899 0.000000 0.000008 0.077980
 18   -0.602177 0.511412 -0.000006 0.000000 0.000000 0.000000
 19   3.673773 0.177020 1.119313 -0.000002 -0.000014 -0.174510
 20   3.673767 0.176993 -1.117566 0.000007 -0.000003 -0.174546
 21   3.942357 1.334540 1.627658 0.000002 -0.000011 -0.000026
 22   -0.246060 -0.011889 0.516521 -0.000011 0.000031 0.000025
 23   3.938468 1.334565 -1.631083 0.000019 0.000002 -0.000024
 24   -0.246150 -0.011872 -0.516511 -0.000005 -0.000006 0.000048
 25   4.941364 1.997338 1.629330 0.000018 0.033841 -0.000024
 26   4.941382 1.997366 -1.629410 -0.000001 -0.033849 -0.000024
 27   2.914462 1.619264 1.514501 -0.000019 -0.000022 -0.000050
 28   2.916892 1.618870 -1.501142 -0.000002 -0.000009 -0.000024
 29   8.824059 0.150544 0.091743 -0.019423 0.223429 -0.982957
 30   2.048583 -0.799468 1.682754 0.063833 0.097632 -0.253541
 31   2.027537 -0.807390 -1.755940 -0.093463 -0.126114 -0.364803
 32   -0.814395 -0.093824 3.127092 0.001376 -2.696260 0.071551
 33   14.298673 -0.408176 0.471578 -0.000052 -0.000209 0.033794
 34   15.835795 0.581398 0.242756 -0.003065 -0.010786 -0.001460
 35   -0.815868 -0.091229 -3.114430 0.458480 3.496800 -1.004464
 36   14.294526 -0.410349 -0.467541 -0.000063 -0.000180 -2.653655
 37   15.834409 0.579420 -0.284600 0.003089 0.010919 0.015959
 38   2.002993 -4.141270 -3.179293 -0.222531 -0.102080 1.146011
 39   -4.117888 -1.172045 -0.730555 -0.080081 -0.047459 0.707896
 40   0.524333 -4.156822 2.698211 -0.222531 -0.102080 1.146011
 41   -4.773694 -0.941939 0.943941 -0.080082 -0.047459 0.707896
 42   1.108211 -1.087939 -2.575329 -0.071380 0.042381 1.368721
 43   0.761757 -0.785873 2.963130 -0.071379 0.042385 1.368721
time 22
  0   0.020765 -0.546892 15.239118 2.705095 0.000000 -1.571069
  1   -1.093036 0.000002 -0.326057 -1.570022 -1.570379 -0.000268
  2   2.262337 0.113614 0.064702 -0.013605 0.156448 0.224771
  3   2.380047 0.353302 0.047440 0.001260 0.156994 0.455594
  4   2.033756 0.190472 -0.000128 -0.024446 0.172794 0.362553
  5   2.451511 0.204909 -0.003447 0.000000 -0.000005 -0.017472
  6   7.247600 -0.397300 -0.109469 0.000001 -0.000003 0.418536
  7   -2.022252 -0.104661 3.136172 -0.298783 -1.361718 -2.901842
  8   1.168026 -0.537438 -0.063437 -1.560641 0.939837 -1.525145
  9   6.790376 -0.619176 0.015206 -0.009312 -0.035190 -0.539141
 10   8.637599 0.544015 -0.090417 -1.570112 0.000221 -0.122021
 11   6.790465 -0.619039 0.017802 -0.009626 -0.035301 -0.392564
 12   -2.022474 -0.104699 -2.873818 0.298969 1.362003 -2.901601
 13   1.167898 -0.537463 0.063297 1.502865 -0.653121 -1.713225
 14   7.002743 -0.617765 -0.183752 0.614816 -0.819664 -0.122769
 15   8.209042 0.615527 -0.255885 -0.750575 0.526679 -0.668674
 16   7.002735 -0.617911 -0.183641 0.409265 -0.577603 -0.042544
 17   1.574674 0.609930 -0.000899 0.000000 0.000008 0.077980
 18   -0.602177 0.511412 -0.000006 0.000000 0.000000 0.000000
 19   3.673773 0.177020 1.119313 -0.000002 -0.000014 -0.174510
 20   3.673767 0.176993 -1.117566 0.000007 -0.000003 -0.174546
 21   3.942357 1.334540 1.627658 0.000002 -0.000011 -0.000026
 22   -0.246060 -0.011889 0.516521 -0.000011 0.000031 0.000025
 23   3.942374 1.334565 -1.631083 0.000019 0.000002 -0.000024
 24   -0.246150 -0.011872 -0.516511 -0.000005 -0.000006 0.000048
 25   4.941364 1.997338 1.629330 0.000018 0.036857 -0.000024
 26   4.941382 1.997366 -1.629410 -0.000001 -0.036867 -0.000024
 27   2.914462 1.619264 1.514501 -0.000019 -0.000022 -0.000050
 28   2.916892 1.618870 -1.501142 -0.000002 -0.000009 -0.000024
 29   8.824059 0.150544 0.091743 -0.019958 0.221268 -0.976144
 30   2.056396 -0.779936 1.690567 0.058843 0.089930 -0.233706
 31   2.035350 -0.787858 -1.763752 -0.086155 -0.116272 -0.336291
 32   -0.814395 -0.093824 3.127092 0.001376 -2.696260 0.071551
 33   14.298673 -0.408176 0.471578 -0.000052 -0.000209 0.033794
 34   15.835795 0.581398 0.242756 -0.003065 -0.010786 -0.001460
 35   -0.815868 -0.091229 -3.114430 0.458480 3.496800 -1.004464
 36   14.294526 -0.410349 -0.467541 -0.000063 -0.000180 -2.653655
 37   15.834409 0.579420 -0.284600 0.003089 0.010919 0.015959
 38   1.999086 -4.137363 -3.183199 -0.219752 -0.104346 1.134526
 39   -4.117888 -1.168139 -0.730555 -0.078475 -0.048430 0.692751
 40   0.528239 -4.156822 2.698211 -0.219752 -0.104345 1.134525
 41   -4.773694 -0.945845 0.943941 -0.078476 -0.048430 0.692751
 42   1.080866 -1.068407 -2.583142 -0.070529 0.041185 1.364162
 43   0.738319 -0.770247 2.959223 -0.070529 0.041192 1.364162
time 23
  0   0.020765 -0.546892 15.239118 2.705095 0.000000 -1.571069
  1   -1.093036 0.000002 -0.326057 -1.570022 -1.570379 -0.000268
  2   2.262337 0.113614 0.064702 -0.013605 0.156448 0.229993
  3   2.380047 0.353302 0.047440 0.001260 0.156994 0.459063
  4   2.033756 0.190472 -0.000128 -0.024446 0.172794 0.367846
  5   2.451511 0.204909 -0.003447 0.000000 -0.000005 -0.017472
  6   7.247600 -0.397300 -0.109469 0.000001 -0.000003 0.418536
  7   -2.022252 -0.104661 3.136172 -0.298783 -1.361718 -2.901842
  8   1.168026 -0.537438 -0.063437 -1.561401 0.931032 -1.525651
  9   6.790376 -0.619176 0.015206 -0.009312 -0.035190 -0.539141
 10   8.637599 0.544015 -0.090417 -1.570112 0.000221 -0.122021
 11   6.790465 -0.619039 0.017802 -0.009626 -0.035301 -0.392564
 12   -2.022474 -0.104699 -2.873818 0.298969 1.362003 -2.901601
 13   1.167898 -0.537463 0.063297 1.500967 -0.642645 -1.712135
 14   7.002743 -0.617765 -0.183752 0.614816 -0.819664 -0.122769
 15   8.209042 0.615527 -0.255885 -0.750575 0.526679 -0.668674
 16   7.002735 -0.617911 -0.183641 0.409265 -0.577603 -0.042544
 17   1.574674 0.609930 -0.000899 0.000000 0.000008 0.077980
 18   -0.602177 0.511412 -0.000006 0.000000 0.000000 0.000000
 19   3.673773 0.177020 1.119313 -0.000002 -0.000014 -0.174510
 20   3.673767 0.176993 -1.117566 0.000007 -0.000003 -0.174546
 21   3.942357 1.334540 1.627658 0.000002 -0.000011 -0.000026
 22   -0.246060 -0.011889 0.516521 -0.000011 0.000031 0.000025
 23   3.942374 1.334565 -1.631083 0.000019 0.000002 -0.000024
 24   -0.246150 -0.011872 -0.516511 -0.000005 -0.000006 0.000048
 25   4.941364 1.997338 1.629330 0.000018 0.039966 -0.000024
 26   4.941382 1.997366 -1.629410 -0.000001 -0.039973 -0.000024
 27   2.914462 1.619264 1.514501 -0.000019 -0.000022 -0.000050
 28   2.916892 1.618870 -1.501142 -0.000002 -0.000009 -0.000024
 29   8.824059 0.150544 0.091743 -0.020760 0.218087 -0.966112
 30   2.060302 -0.752591 1.702286 0.051480 0.078597 -0.204501
 31   2.047069 -0.756607 -1.775472 -0.075384 -0.101741 -0.294241
 32   -0.814395 -0.093824 3.127092 0.001376 -2.696260 0.071551
 33   14.298673 -0.408176 0.471578 -0.000052 -0.000209 0.033794
 34   15.835795 0.581398 0.242756 -0.003065 -0.010786 -0.001460
 35   -0.815868 -0.091229 -3.114430 0.458480 3.496800 -1.004464
 36   14.294526 -0.410349 -0.467541 -0.000063 -0.000180 -2.653655
 37   15.834409 0.579420 -0.284600 0.003089 0.010919 0.015959
 38   1.991274 -4.133457 -3.183199 -0.215648 -0.107696 1.117541
 39   -4.121795 -1.164232 -0.730555 -0.076102 -0.049844 0.670454
 40   0.536052 -4.160728 2.698211 -0.215648 -0.107695 1.117541
 41   -4.769788 -0.949752 0.943941 -0.076103 -0.049844 0.670454
 42   1.037896 -1.037156 -2.590955 -0.069283 0.039421 1.357471
 43   0.707068 -0.746809 2.951411 -0.069280 0.039435 1.357471
time 24
  0   0.020765 -0.546892 15.239118 2.705095 0.000000 -1.571069
  1   -1.093036 0.000002 -0.326057 -1.570022 -1.570379 -0.000268
  2   2.262337 0.113614 0.064702 -0.013605 0.156448 0.235180
  3   2.380047 0.353302 0.047440 0.001260 0.156994 0.462573
  4   2.033756 0.190472 -0.000128 -0.024446 0.172794 0.373101
  5   2.451511 0.204909 -0.003447 0.000000 -0.000005 -0.017472
  6   7.247600 -0.397300 -0.109469 0.000001 -0.000003 0.418536
  7   -2.022252 -0.104661 3.136172 -0.298783 -1.361718 -2.901842
  8   1.168026 -0.537438 -0.063437 -1.561844 0.922227 -1.526157
  9   6.790376 -0.619176 0.015206 -0.009312 -0.035190 -0.539141
 10   8.637599 0.544015 -0.090417 -1.570112 0.000221 -0.122021
 11   6.790465 -0.619039 0.017802 -0.009626 -0.035301 -0.392564
 12   -2.022474 -0.104699 -2.873818 0.298969 1.362003 -2.901601
 13   1.167898 -0.537463 0.063297 1.499139 -0.632321 -1.711106
 14   7.002743 -0.617765 -0.183752 0.614816 -0.819664 -0.122769
 15   8.209042 0.615527 -0.255885 -0.750575 0.526679 -0.668674
 16   7.002735 -0.617911 -0.183641 0.409265 -0.577603 -0.042599
 17   1.574674 0.609930 -0.000899 0.000000 0.000008 0.077980
 18   -0.602177 0.511412 -0.000006 0.000000 0.000000 0.000000
 19   3.673773 0.177020 1.119313 -0.000002 -0.000014 -0.174510
 20   3.673767 0.176993 -1.117566 0.000007 -0.000003 -0.174546
 21   3.942357 1.334540 1.627658 0.000002 -0.000011 -0.000026
 22   -0.246060 -0.011889 0.516521 -0.000011 0.000031 0.000025
 23   3.938468 1.334565 -1.631083 0.000019 0.000002 -0.000024
 24   -0.246150 -0.011872 -0.516511 -0.000005 -0.000006 0.000048
 25   4.941364 1.997338 1.629330 0.000018 0.043156 -0.000024
 26   4.941382 1.997366 -1.629410 -0.000001 -0.043167 -0.000024
 27   2.914462 1.619264 1.514501 -0.000019 -0.000022 -0.000050
 28   2.916892 1.618870 -1.501142 -0.000002 -0.000009 -0.000024
 29   8.824059 0.150544 0.091743 -0.021740 0.214242 -0.953933
 30   2.072021 -0.721340 1.717912 0.042557 0.064851 -0.169012
 31   2.058788 -0.725357 -1.787191 -0.062299 -0.084076 -0.243203
 32   -0.814395 -0.093824 3.127092 0.001376 -2.696260 0.071551
 33   14.298673 -0.408176 0.471578 -0.000052 -0.000209 0.033794
 34   15.835795 0.581398 0.242756 -0.003065 -0.010786 -0.001460
 35   -0.815868 -0.091229 -3.114430 0.458480 3.496800 -1.004464
 36   14.294526 -0.410349 -0.467541 -0.000063 -0.000180 -2.653655
 37   15.834409 0.579420 -0.284600 0.003089 0.010919 0.015959
 38   1.987367 -4.133457 -3.183199 -0.210659 -0.111757 1.097014
 39   -4.125701 -1.160326 -0.730555 -0.073226 -0.051570 0.643361
 40   0.543865 -4.164635 2.702117 -0.210659 -0.111756 1.097013
 41   -4.765881 -0.953658 0.943941 -0.073227 -0.051558 0.643361
 42   0.991020 -0.998093 -2.598767 -0.067773 0.037290 1.349357
 43   0.664098 -0.719465 2.939692 -0.067768 0.037301 1.349357
time 25
  0   0.020765 -0.546892 15.239118 2.705095 0.000000 -1.571069
  1   -1.093036 0.000002 -0.326057 -1.570022 -1.570379 -0.000268
  2   2.262337 0.113614 0.064702 -0.013605 0.156448 0.240493
  3   2.380047 0.353302 0.047440 0.001260 0.156994 0.466062
  4   2.033756 0.190472 -0.000128 -0.024446 0.172794 0.378285
  5   2.451511 0.204909 -0.003447 0.000000 -0.000005 -0.017472
  6   7.247600 -0.397300 -0.109469 0.000001 -0.000003 0.418536
  7   -2.022252 -0.104661 3.136172 -0.298783 -1.361718 -2.901842
  8   1.168026 -0.537438 -0.063437 -1.562540 0.913573 -1.526600
  9   6.790376 -0.619176 0.015206 -0.009312 -0.035190 -0.539141
 10   8.637599 0.544015 -0.090417 -1.570112 0.000221 -0.122021
 11   6.790465 -0.619039 0.017802 -0.009626 -0.035301 -0.392564
 12   -2.022474 -0.104699 -2.873818 0.298969 1.362003 -2.901601
 13   1.167898 -0.537463 0.063297 1.497382 -0.622048 -1.709956
 14   7.002743 -0.617765 -0.183752 0.614816 -0.819664 -0.122769
 15   8.209042 0.615527 -0.255885 -0.750935 0.526679 -0.668674
 16   7.002735 -0.617911 -0.183641 0.409265 -0.577603 -0.042599
 17   1.574674 0.609930 -0.000899 0.000000 0.000008 0.077980
 18   -0.602177 0.511412 -0.000006 0.000000 0.000000 0.000000
 19   3.673773 0.177020 1.119313 -0.000002 -0.000014 -0.174510
 20   3.673767 0.176993 -1.117566 0.000007 -0.000003 -0.174546
 21   3.942357 1.334540 1.627658 0.000002 -0.000011 -0.000026
 22   -0.246060 -0.011889 0.516521 -0.000011 0.000031 0.000025
 23   3.942374 1.334565 -1.631083 0.000019 0.000002 -0.000024
 24   -0.246150 -0.011872 -0.516511 -0.000005 -0.000006 0.000048
 25   4.941364 1.997338 1.629330 0.000018 0.046455 -0.000024
 26   4.941382 1.997366 -1.629410 -0.000001 -0.046460 -0.000024
 27   2.914462 1.619264 1.514501 -0.000019 -0.000022 -0.000050
 28   2.916892 1.618870 -1.501142 -0.000002 -0.000009 -0.000024
 29   8.824059 0.150544 0.091743 -0.022810 0.210040 -0.940629
 30   2.079834 -0.682276 1.733537 0.032835 0.049884 -0.130415
 31   2.074414 -0.686293 -1.802816 -0.048065 -0.064883 -0.187652
 32   -0.814395 -0.093824 3.127092 0.001376 -2.696260 0.071551
 33   14.298673 -0.408176 0.471578 -0.000052 -0.000209 0.033794
 34   15.835795 0.581398 0.242756 -0.003065 -0.010786 -0.001460
 35   -0.815868 -0.091229 -3.114430 0.458480 3.496800 -1.004464
 36   14.294526 -0.410349 -0.467541 -0.000063 -0.000180 -2.653655
 37   15.834409 0.579420 -0.284600 0.003089 0.010919 0.015959
 38   1.979554 -4.129551 -3.187105 -0.205250 -0.116180 1.074592
 39   -4.129607 -1.156420 -0.734461 -0.070098 -0.053439 0.613884
 40   0.547771 -4.168541 2.702117 -0.205250 -0.116179 1.074591
 41   -4.761975 -0.957564 0.947847 -0.070099 -0.053439 0.613884
 42   0.936331 -0.955123 -2.610487 -0.066119 0.034975 1.340533
 43   0.621127 -0.692120 2.931879 -0.066119 0.034962 1.340533
time 26
  0   0.020765 -0.546892 15.239118 2.705095 0.000000 -1.571069
  1   -1.093036 0.000002 -0.326057 -1.570022 -1.570379 -0.000268
  2   2.262337 0.113614 0.064702 -0.013605 0.156448 0.245661
  3   2.380047 0.353302 0.047440 0.001260 0.156994 0.469531
  4   2.033756 0.190472 -0.000128 -0.024446 0.172794 0.383540
  5   2.451511 0.204909 -0.003447 0.000000 -0.000005 -0.017472
  6   7.247600 -0.397300 -0.109469 0.000001 -0.000003 0.418536
  7   -2.022252 -0.104661 3.136172 -0.298783 -1.361718 -2.901842
  8   1.168026 -0.537438 -0.063437 -1.563173 0.904768 -1.527043
  9   6.790376 -0.619176 0.015206 -0.009312 -0.035190 -0.539141
 10   8.637599 0.544015 -0.090417 -1.570112 0.000221 -0.122021
 11   6.790465 -0.619039 0.017802 -0.009626 -0.035301 -0.392564
 12   -2.022474 -0.104699 -2.873818 0.298969 1.362003 -2.901601
 13   1.167898 -0.537463 0.063297 1.495554 -0.611725 -1.708927
 14   7.002743 -0.617765 -0.183752 0.614816 -0.819664 -0.122769
 15   8.209042 0.615527 -0.255885 -0.750935 0.526679 -0.668674
 16   7.002735 -0.617911 -0.183641 0.409265 -0.577603 -0.042544
 17   1.574674 0.609930 -0.000899 0.000000 0.000008 0.077980
 18   -0.602177 0.511412 -0.000006 0.000000 0.000000 0.000000
 19   3.673773 0.177020 1.119313 -0.000002 -0.000014 -0.174510
 20   3.673767 0.176993 -1.117566 0.000007 -0.000003 -0.174546
 21   3.942357 1.334540 1.627658 0.000002 -0.000011 -0.000026
 22   -0.246060 -0.011889 0.516521 -0.000011 0.000031 0.000025
 23   3.938468 1.334565 -1.631083 0.000019 0.000002 -0.000024
 24   -0.246150 -0.011872 -0.516511 -0.000005 -0.000006 0.000048
 25   4.941364 1.997338 1.629330 0.000018 0.049847 -0.000024
 26   4.941382 1.997366 -1.629410 -0.000001 -0.049852 -0.000024
 27   2.914462 1.619264 1.514501 -0.000019 -0.000022 -0.000050
 28   2.916892 1.618870 -1.501142 -0.000002 -0.000009 -0.000024
 29   8.824059 0.150544 0.091743 -0.023879 0.205839 -0.927324
 30   2.091553 -0.647119 1.749163 0.023112 0.034918 -0.091796
 31   2.090039 -0.647229 -1.818442 -0.033846 -0.045664 -0.132101
 32   -0.814395 -0.093824 3.127092 0.001376 -2.696260 0.071551
 33   14.298673 -0.408176 0.471578 -0.000052 -0.000209 0.033794
 34   15.835795 0.581398 0.242756 -0.003065 -0.010786 -0.001460
 35   -0.815868 -0.091229 -3.114430 0.458480 3.496800 -1.004464
 36   14.294526 -0.410349 -0.467541 -0.000063 -0.000180 -2.653655
 37   15.834409 0.579420 -0.284600 0.003089 0.010919 0.015959
 38   1.971742 -4.125645 -3.187105 -0.199819 -0.120602 1.052231
 39   -4.133513 -1.152513 -0.734461 -0.066958 -0.055309 0.584407
 40   0.555584 -4.168541 2.706024 -0.199819 -0.120601 1.052231
 41   -4.758069 -0.961471 0.947847 -0.066959 -0.055309 0.584407
 42   0.881641 -0.916059 -2.622206 -0.064465 0.032644 1.331708
 43   0.574251 -0.660869 2.920160 -0.064469 0.032640 1.331708
time 27
  0   0.020765 -0.546892 15.239118 2.705095 0.000000 -1.571069
  1   -1.093036 0.000002 -0.326057 -1.570022 -1.570379 -0.000268
  2   2.262337 0.113614 0.064702 -0.013605 0.156448 0.250919
  3   2.380047 0.353302 0.047440 0.001260 0.156994 0.473041
  4   2.033756 0.190472 -0.000128 -0.024446 0.172794 0.388833
  5   2.451511 0.204909 -0.003447 0.000000 -0.000005 -0.017472
  6   7.247600 -0.397300 -0.109469 0.000001 -0.000003 0.418536
  7   -2.022252 -0.104661 3.136172 -0.298783 -1.361718 -2.901842
  8   1.168026 -0.537438 -0.063437 -1.563805 0.896114 -1.527612
  9   6.790376 -0.619176 0.015206 -0.009312 -0.035190 -0.539141
 10   8.637599 0.544015 -0.090417 -1.570112 0.000221 -0.122021
 11   6.790465 -0.619039 0.017802 -0.009626 -0.035301 -0.392564
 12   -2.022474 -0.104699 -2.873818 0.298969 1.362003 -2.901601
 13   1.167898 -0.537463 0.063297 1.493656 -0.601249 -1.708019
 14   7.002743 -0.617765 -0.183752 0.614816 -0.819664 -0.122769
 15   8.209042 0.615527 -0.255885 -0.750575 0.526679 -0.668674
 16   7.002735 -0.617911 -0.183641 0.409265 -0.577603 -0.042544
 17   1.574674 0.609930 -0.000899 0.000000 0.000008 0.077980
 18   -0.602177 0.511412 -0.000006 0.000000 0.000000 0.000000
 19   3.673773 0.177020 1.119313 -0.000002 -0.000014 -0.174510
 20   3.673767 0.176993 -1.117566 0.000007 -0.000003 -0.174546
 21   3.942357 1.334540 1.627658 0.000002 -0.000011 -0.000026
 22   -0.246060 -0.011889 0.516521 -0.000011 0.000031 0.000025
 23   3.942374 1.334565 -1.631083 0.000019 0.000002 -0.000024
 24   -0.246150 -0.011872 -0.516511 -0.000005 -0.000006 0.000048
 25   4.941364 1.997338 1.629330 0.000018 0.053320 -0.000024
 26   4.941382 1.997366 -1.629410 -0.000001 -0.053320 -0.000024
 27   2.914462 1.619264 1.514501 -0.000019 -0.000022 -0.000050
 28   2.916892 1.618870 -1.501142 -0.000002 -0.000009 -0.000024
 29   8.824059 0.150544 0.091743 -0.024859 0.201969 -0.915146
 30   2.099366 -0.611962 1.764788 0.014176 0.021143 -0.056307
 31   2.101758 -0.615978 -1.834067 -0.020761 -0.028025 -0.081063
 32   -0.814395 -0.093824 3.127092 0.001376 -2.696260 0.071551
 33   14.298673 -0.408176 0.471578 -0.000052 -0.000209 0.033794
 34   15.835795 0.581398 0.242756 -0.003065 -0.010786 -0.001460
 35   -0.815868 -0.091229 -3.114430 0.458480 3.496800 -1.004464
 36   14.294526 -0.410349 -0.467541 -0.000063 -0.000180 -2.653655
 37   15.834409 0.579420 -0.284600 0.003089 0.010919 0.015959
 38   1.963929 -4.121738 -3.191012 -0.194830 -0.124675 1.031642
 39   -4.137420 -1.148607 -0.734461 -0.064082 -0.057035 0.557314
 40   0.563397 -4.172447 2.706024 -0.194830 -0.124674 1.031642
 41   -4.754162 -0.965377 0.947847 -0.064083 -0.057035 0.557314
 42   0.834765 -0.876995 -2.630018 -0.062955 0.030513 1.323595
 43   0.531281 -0.633524 2.912347 -0.062945 0.030506 1.323595
time 28
  0   0.020765 -0.546892 15.239118 2.705095 0.000000 -1.571069
  1   -1.093036 0.000002 -0.326057 -1.570022 -1.570379 -0.000268
  2   2.262337 0.113614 0.064702 -0.013605 0.156448 0.256160
  3   2.380047 0.353302 0.047440 0.001260 0.156994 0.476530
  4   2.033756 0.190472 -0.000128 -0.024446 0.172794 0.393980
  5   2.451511 0.204909 -0.003447 0.000000 -0.000005 -0.017472
  6   7.247600 -0.397300 -0.109469 0.000001 -0.000003 0.418536
  7   -2.022252 -0.104661 3.136172 -0.298783 -1.361718 -2.901842
  8   1.168026 -0.537438 -0.063437 -1.564312 0.887460 -1.527992
  9   6.790376 -0.619176 0.015206 -0.009312 -0.035190 -0.539141
 10   8.637599 0.544015 -0.090417 -1.570112 0.000221 -0.122021
 11   6.790465 -0.619039 0.017802 -0.009626 -0.035301 -0.392564
 12   -2.022474 -0.104699 -2.873818 0.298969 1.362003 -2.901601
 13   1.167898 -0.537463 0.063297 1.492039 -0.590925 -1.706990
 14   7.002743 -0.617765 -0.183752 0.614816 -0.819664 -0.122769
 15   8.209042 0.615527 -0.255885 -0.750575 0.526679 -0.668674
 16   7.002735 -0.617911 -0.183641 0.409265 -0.577603 -0.042544
 17   1.574674 0.609930 -0.000899 0.000000 0.000008 0.077980
 18   -0.602177 0.511412 -0.000006 0.000000 0.000000 0.000000
 19   3.673773 0.177020 1.119313 -0.000002 -0.000014 -0.174510
 20   3.673767 0.176993 -1.117566 0.000007 -0.000003 -0.174546
 21   3.942357 1.334540 1.627658 0.000002 -0.000011 -0.000026
 22   -0.246060 -0.011889 0.516521 -0.000011 0.000031 0.000025
 23   3.942374 1.334565 -1.631083 0.000019 0.000002 -0.000024
 24   -0.246150 -0.011872 -0.516511 -0.000005 -0.000006 0.000048
 25   4.941364 1.997338 1.629330 0.000018 0.056874 -0.000024
 26   4.941382 1.997366 -1.629410 -0.000001 -0.056875 -0.000024
 27   2.914462 1.619264 1.514501 -0.000019 -0.000022 -0.000050
 28   2.916892 1.618870 -1.501142 -0.000002 -0.000009 -0.000024
 29   8.824059 0.150544 0.091743 -0.025662 0.198788 -0.905114
 30   2.107179 -0.584617 1.776507 0.006813 0.009809 -0.027102
 31   2.113477 -0.584727 -1.845786 -0.009990 -0.013495 -0.039031
 32   -0.814395 -0.093824 3.127092 0.001376 -2.696260 0.071551
 33   14.298673 -0.408176 0.471578 -0.000052 -0.000209 0.033794
 34   15.835795 0.581398 0.242756 -0.003065 -0.010786 -0.001460
 35   -0.815868 -0.091229 -3.114430 0.458480 3.496800 -1.004464
 36   14.294526 -0.410349 -0.467541 -0.000063 -0.000180 -2.653655
 37   15.834409 0.579420 -0.284600 0.003089 0.010919 0.015959
 38   1.960023 -4.117832 -3.191012 -0.190726 -0.128013 1.014719
 39   -4.141326 -1.144701 -0.734461 -0.061709 -0.058449 0.535017
 40   0.567303 -4.176353 2.706024 -0.190726 -0.128013 1.014719
 41   -4.750256 -0.969283 0.947847 -0.061710 -0.058449 0.535017
 42   0.791795 -0.845744 -2.641737 -0.061697 0.028750 1.316903
 43   0.500030 -0.610086 2.904534 -0.061696 0.028749 1.316945
time 29
  0   0.020765 -0.546892 15.239118 2.705095 0.000000 -1.571069
  1   -1.093036 0.000002 -0.326057 -1.570022 -1.570379 -0.000268
  2   2.262337 0.113614 0.064702 -0.013605 0.156448 0.261364
  3   2.380047 0.353302 0.047440 0.001260 0.156994 0.479999
  4   2.033756 0.190472 -0.000128 -0.024446 0.172794 0.399272
  5   2.451511 0.204909 -0.003447 0.000000 -0.000005 -0.017472
  6   7.247600 -0.397300 -0.109469 0.000001 -0.000003 0.418536
  7   -2.022252 -0.104661 3.136172 -0.298783 -1.361718 -2.901842
  8   1.168026 -0.537438 -0.063437 -1.564945 0.878705 -1.528561
  9   6.790376 -0.619176 0.015206 -0.009312 -0.035190 -0.539141
 10   8.637599 0.544015 -0.090417 -1.570112 0.000221 -0.122021
 11   6.790465 -0.619039 0.017802 -0.009626 -0.035301 -0.392564
 12   -2.022474 -0.104699 -2.873818 0.298969 1.362003 -2.901601
 13   1.167898 -0.537463 0.063297 1.490352 -0.580653 -1.706021
 14   7.002743 -0.617765 -0.183752 0.614816 -0.819664 -0.122769
 15   8.209042 0.615527 -0.255885 -0.750575 0.526679 -0.668674
 16   7.002735 -0.617911 -0.183641 0.409265 -0.577603 -0.042544
 17   1.574674 0.609930 -0.000899 0.000000 0.000008 0.077980
 18   -0.602177 0.511412 -0.000006 0.000000 0.000000 0.000000
 19   3.673773 0.177020 1.119313 -0.000002 -0.000014 -0.174510
 20   3.673767 0.176993 -1.117566 0.000007 -0.000003 -0.174546
 21   3.942357 1.334540 1.627658 0.000002 -0.000011 -0.000026
 22   -0.246060 -0.011889 0.516521 -0.000011 0.000031 0.000025
 23   3.942374 1.334565 -1.631083 0.000019 0.000002 -0.000024
 24   -0.246150 -0.011872 -0.516511 -0.000005 -0.000006 0.000048
 25   4.941364 1.997338 1.629330 0.000018 0.060495 -0.000024
 26   4.941382 1.997366 -1.629410 -0.000001 -0.060493 -0.000024
 27   2.914462 1.619264 1.514501 -0.000019 -0.000022 -0.000050
 28   2.916892 1.618870 -1.501142 -0.000002 -0.000009 -0.000024
 29   8.824059 0.150544 0.091743 -0.026196 0.196628 -0.898300
 30   2.111085 -0.565085 1.784320 0.001823 0.002137 -0.007267
 31   2.121290 -0.565195 -1.853599 -0.002681 -0.003626 -0.010501
 32   -0.814395 -0.093824 3.127092 0.001376 -2.696260 0.071551
 33   14.298673 -0.408176 0.471578 -0.000052 -0.000209 0.033794
 34   15.835795 0.581398 0.242756 -0.003065 -0.010786 -0.001460
 35   -0.815868 -0.091229 -3.114430 0.458480 3.496800 -1.004464
 36   14.294526 -0.410349 -0.467541 -0.000063 -0.000180 -2.653655
 37   15.834409 0.579420 -0.284600 0.003089 0.010919 0.015959
 38   1.956116 -4.117832 -3.191012 -0.187947 -0.130291 1.003234
 39   -4.145233 -1.140794 -0.734461 -0.060103 -0.059408 0.519900
 40   0.571209 -4.176353 2.709930 -0.187947 -0.130290 1.003233
 41   -4.746349 -0.973190 0.947847 -0.060104 -0.059408 0.519872
 42   0.764450 -0.826213 -2.645644 -0.060858 0.027554 1.312386
 43   0.476592 -0.598367 2.900628 -0.060859 0.027556 1.312386
time 30
  0   0.020765 -0.546892 15.239118 2.705095 0.000000 -1.571069
  1   -1.093036 0.000002 -0.326057 -1.570022 -1.570379 -0.000268
  2   2.262337 0.113614 0.064702 -0.013605 0.156448 0.256160
  3   2.380047 0.353302 0.047440 0.001260 0.156994 0.476530
  4   2.033756 0.190472 -0.000128 -0.024446 0.172794 0.393980
  5   2.451511 0.204909 -0.003447 0.000000 -0.000005 -0.017472
  6   7.247600 -0.397300 -0.109469 0.000001 -0.000003 0.418536
  7   -2.022252 -0.104661 3.136172 -0.298783 -1.361718 -2.901842
  8   1.168026 -0.537438 -0.063437 -1.564312 0.887460 -1.527992
  9   6.790376 -0.619176 0.015206 -0.009312 -0.035190 -0.539141
 10   8.637599 0.544015 -0.090417 -1.570112 0.000221 -0.122021
 11   6.790465 -0.619039 0.017802 -0.009626 -0.035301 -0.392564
 12   -2.022474 -0.104699 -2.873818 0.298969 1.362003 -2.901601
 13   1.167898 -0.537463 0.063297 1.492039 -0.590925 -1.706990
 14   7.002743 -0.617765 -0.183752 0.614816 -0.819664 -0.122769
 15   8.209042 0.615527 -0.255885 -0.750575 0.526679 -0.668674
 16   7.002735 -0.617911 -0.183641 0.409265 -0.577603 -0.042544
 17   1.574674 0.609930 -0.000899 0.000000 0.000008 0.077980
 18   -0.602177 0.511412 -0.000006 0.000000 0.000000 0.000000
 19   3.673773 0.177020 1.119313 -0.000002 -0.000014 -0.174510
 20   3.673767 0.176993 -1.117566 0.000007 -0.000003 -0.174546
 21   3.942357 1.334540 1.627658 0.000002 -0.000011 -0.000026
 22   -0.246060 -0.011889 0.516521 -0.000011 0.000031 0.000025
 23   3.942374 1.334565 -1.631083 0.000019 0.000002 -0.000024
 24   -0.246150 -0.011872 -0.516511 -0.000005 -0.000006 0.000048
 25   4.941364 1.997338 1.629330 0.000018 0.064210 -0.000024
 26   4.941382 1.997366 -1.629410 -0.000001 -0.064210 -0.000024
 27   2.914462 1.619264 1.514501 -0.000019 -0.000022 -0.000050
 28   2.916892 1.618870 -1.501142 -0.000002 -0.000009 -0.000024
 29   8.824059 0.150544 0.091743 -0.026374 0.195845 -0.895779
 30   2.111085 -0.561179 1.784320 -0.000008 -0.000682 0.000024
 31   2.121290 -0.561289 -1.853599 0.000000 0.000000 -0.000002
 32   -0.814395 -0.093824 3.127092 0.001376 -2.696260 0.071551
 33   14.298673 -0.408176 0.471578 -0.000052 -0.000209 0.033794
 34   15.835795 0.581398 0.242756 -0.003065 -0.010786 -0.001460
 35   -0.815868 -0.091229 -3.114430 0.458480 3.496800 -1.004464
 36   14.294526 -0.410349 -0.467541 -0.000063 -0.000180 -2.653655
 37   15.834409 0.579420 -0.284600 0.003089 0.010919 0.015959
 38   1.952210 -4.117832 -3.191012 -0.186916 -0.131122 0.999018
 39   -4.145233 -1.140794 -0.734461 -0.059515 -0.059767 0.514319
 40   0.575116 -4.176353 2.709930 -0.186916 -0.131122 0.999017
 41   -4.746349 -0.973190 0.947847 -0.059516 -0.059767 0.514319
 42   0.756638 -0.818400 -2.645644 -0.060546 0.027125 1.310714
 43   0.464873 -0.590554 2.896721 -0.060546 0.027117 1.310714
time 31
  0   0.020765 -0.546892 15.239118 2.705095 0.000000 -1.571069
  1   -1.093036 0.000002 -0.326057 -1.570022 -1.570379 -0.000268
  2   2.262337 0.113614 0.064702 -0.013605 0.156448 0.250919
  3   2.380047 0.353302 0.047440 0.001260 0.156994 0.473041
  4   2.033756 0.190472 -0.000128 -0.024446 0.172794 0.388833
  5   2.451511 0.204909 -0.003447 0.000000 -0.000005 -0.017472
  6   7.247600 -0.397300 -0.109469 0.000001 -0.000003 0.418536
  7   -2.022252 -0.104661 3.136172 -0.298783 -1.361718 -2.901842
  8   1.168026 -0.537438 -0.063437 -1.563805 0.896114 -1.527612
  9   6.790376 -0.619176 0.015206 -0.009312 -0.035190 -0.539141
 10   8.637599 0.544015 -0.090417 -1.570112 0.000221 -0.122021
 11   6.790465 -0.619039 0.017802 -0.009626 -0.035301 -0.392564
 12   -2.022474 -0.104699 -2.873818 0.298969 1.362003 -2.901601
 13   1.167898 -0.537463 0.063297 1.493656 -0.601249 -1.708019
 14   7.002743 -0.617765 -0.183752 0.614816 -0.819664 -0.122769
 15   8.209042 0.615527 -0.255885 -0.750575 0.526679 -0.668674
 16   7.002735 -0.617911 -0.183641 0.409265 -0.577603 -0.042544
 17   1.574674 0.609930 -0.000899 0.000000 0.000008 0.077980
 18   -0.602177 0.511412 -0.000006 0.000000 0.000000 0.000000
 19   3.673773 0.177020 1.119313 -0.000002 -0.000014 -0.174510
 20   3.673767 0.176993 -1.117566 0.000007 -0.000003 -0.174546
 21   3.942357 1.334540 1.627658 0.000002 -0.000011 -0.000026
 22   -0.246060 -0.011889 0.516521 -0.000011 0.000031 0.000025
 23   3.942374 1.334565 -1.631083 0.000019 0.000002 -0.000024
 24   -0.246150 -0.011872 -0.516511 -0.000005 -0.000006 0.000048
 25   4.941364 1.997338 1.629330 0.000018 0.067993 -0.000024
 26   4.941382 1.997366 -1.629410 -0.000001 -0.068002 -0.000024
 27   2.914462 1.619264 1.514501 -0.000019 -0.000022 -0.000050
 28   2.916892 1.618870 -1.501142 -0.000002 -0.000009 -0.000024
 29   8.824059 0.150544 0.091743 -0.026196 0.196628 -0.898300
 30   2.111085 -0.565085 1.784320 0.001823 0.002137 -0.007267
 31   2.121290 -0.565195 -1.853599 -0.002681 -0.003626 -0.010501
 32   -0.814395 -0.093824 3.127092 0.001376 -2.696260 0.071551
 33   14.298673 -0.408176 0.471578 -0.000052 -0.000209 0.033794
 34   15.835795 0.581398 0.242756 -0.003065 -0.010786 -0.001460
 35   -0.815868 -0.091229 -3.114430 0.458480 3.496800 -1.004464
 36   14.294526 -0.410349 -0.467541 -0.000063 -0.000180 -2.653655
 37   15.834409 0.579420 -0.284600 0.003089 0.010919 0.015959
 38   1.956116 -4.117832 -3.191012 -0.187947 -0.130291 1.003234
 39   -4.145233 -1.140794 -0.734461 -0.060103 -0.059408 0.519900
 40   0.571209 -4.176353 2.709930 -0.187947 -0.130290 1.003233
 41   -4.746349 -0.973190 0.947847 -0.060104 -0.059408 0.519872
 42   0.764450 -0.826213 -2.645644 -0.060858 0.027554 1.312386
 43   0.476592 -0.598367 2.900628 -0.060859 0.027556 1.312386
time 32
  0   0.020765 -0.546892 15.239118 2.705095 0.000000 -1.571069
  1   -1.093036 0.000002 -0.326057 -1.570022 -1.570379 -0.000268
  2   2.262337 0.113614 0.064702 -0.013605 0.156448 0.245661
  3   2.380047 0.353302 0.047440 0.001260 0.156994 0.469531
  4   2.033756 0.190472 -0.000128 -0.024446 0.172794 0.383540
  5   2.451511 0.204909 -0.003447 0.000000 -0.000005 -0.017472
  6   7.247600 -0.397300 -0.109469 0.000001 -0.000003 0.418536
  7   -2.022252 -0.104661 3.136172 -0.298783 -1.361718 -2.901842
  8   1.168026 -0.537438 -0.063437 -1.563173 0.904768 -1.527043
  9   6.790376 -0.619176 0.015206 -0.009312 -0.035190 -0.539141
 10   8.637599 0.544015 -0.090417 -1.570112 0.000221 -0.122021
 11   6.790465 -0.619039 0.017802 -0.009626 -0.035301 -0.392564
 12   -2.022474 -0.104699 -2.873818 0.298969 1.362003 -2.901601
 13   1.167898 -0.537463 0.063297 1.495554 -0.611725 -1.708927
 14   7.002743 -0.617765 -0.183752 0.614816 -0.819664 -0.122769
 15   8.209042 0.615527 -0.255885 -0.750935 0.526679 -0.668674
 16   7.002735 -0.617911 -0.183641 0.409265 -0.577603 -0.042544
 17   1.574674 0.609930 -0.000899 0.000000 0.000008 0.077980
 18   -0.602177 0.511412 -0.000006 0.000000 0.000000 0.000000
 19   3.673773 0.177020 1.119313 -0.000002 -0.000014 -0.174510
 20   3.673767 0.176993 -1.117566 0.000007 -0.000003 -0.174546
 21   3.942357 1.334540 1.627658 0.000002 -0.000011 -0.000026
 22   -0.246060 -0.011889 0.516521 -0.000011 0.000031 0.000025
 23   3.938468 1.334565 -1.631083 0.000019 0.000002 -0.000024
 24   -0.246150 -0.011872 -0.516511 -0.000005 -0.000006 0.000048
 25   4.941364 1.997338 1.629330 0.000018 0.071829 -0.000024
 26   4.941382 1.997366 -1.629410 -0.000001 -0.071831 -0.000024
 27   2.914462 1.619264 1.514501 -0.000019 -0.000022 -0.000050
 28   2.916892 1.618870 -1.501142 -0.000002 -0.000009 -0.000024
 29   8.824059 0.150544 0.091743 -0.025662 0.198788 -0.905114
 30   2.107179 -0.584617 1.776507 0.006813 0.009809 -0.027102
 31   2.113477 -0.584727 -1.845786 -0.009990 -0.013495 -0.039031
 32   -0.814395 -0.093824 3.127092 0.001376 -2.696260 0.071551
 33   14.298673 -0.408176 0.471578 -0.000052 -0.000209 0.033794
 34   15.835795 0.581398 0.242756 -0.003065 -0.010786 -0.001460
 35   -0.815868 -0.091229 -3.114430 0.458480 3.496800 -1.004464
 36   14.294526 -0.410349 -0.467541 -0.000063 -0.000180 -2.653655
 37   15.834409 0.579420 -0.284600 0.003089 0.010919 0.015959
 38   1.960023 -4.117832 -3.191012 -0.190726 -0.128013 1.014719
 39   -4.141326 -1.144701 -0.734461 -0.061709 -0.058449 0.535017
 40   0.567303 -4.176353 2.706024 -0.190726 -0.128013 1.014719
 41   -4.750256 -0.969283 0.947847 -0.061710 -0.058449 0.535017
 42   0.791795 -0.845744 -2.641737 -0.061697 0.028750 1.316903
 43   0.500030 -0.610086 2.904534 -0.061696 0.028749 1.316945
time 33
  0   0.020765 -0.546892 15.239118 2.705095 0.000000 -1.571069
  1   -1.093036 0.000002 -0.326057 -1.570022 -1.570379 -0.000268
  2   2.262337 0.113614 0.064702 -0.013605 0.156448 0.240493
  3   2.380047 0.353302 0.047440 0.001260 0.156994 0.466062
  4   2.033756 0.190472 -0.000128 -0.024446 0.172794 0.378285
  5   2.451511 0.204909 -0.003447 0.000000 -0.000005 -0.017472
  6   7.247600 -0.397300 -0.109469 0.000001 -0.000003 0.418536
  7   -2.022252 -0.104661 3.136172 -0.298783 -1.361718 -2.901842
  8   1.168026 -0.537438 -0.063437 -1.562540 0.913573 -1.526600
  9   6.790376 -0.619176 0.015206 -0.009312 -0.035190 -0.539141
 10   8.637599 0.544015 -0.090417 -1.570112 0.000221 -0.122021
 11   6.790465 -0.619039 0.017802 -0.009626 -0.035301 -0.392564
 12   -2.022474 -0.104699 -2.873818 0.298969 1.362003 -2.901601
 13   1.167898 -0.537463 0.063297 1.497382 -0.622048 -1.709956
 14   7.002743 -0.617765 -0.183752 0.614816 -0.819664 -0.122769
 15   8.209042 0.615527 -0.255885 -0.750935 0.526679 -0.668674
 16   7.002735 -0.617911 -0.183641 0.409265 -0.577603 -0.042599
 17   1.574674 0.609930 -0.000899 0.000000 0.000008 0.077980
 18   -0.602177 0.511412 -0.000006 0.000000 0.000000 0.000000
 19   3.673773 0.177020 1.119313 -0.000002 -0.000014 -0.174510
 20   3.673767 0.176993 -1.117566 0.000007 -0.000003 -0.174546
 21   3.942357 1.334540 1.627658 0.000002 -0.000011 -0.000026
 22   -0.246060 -0.011889 0.516521 -0.000011 0.000031 0.000025
 23   3.942374 1.334565 -1.631083 0.000019 0.000002 -0.000024
 24   -0.246150 -0.011872 -0.516511 -0.000005 -0.000006 0.000048
 25   4.941364 1.997338 1.629330 0.000018 0.075747 -0.000024
 26   4.941382 1.997366 -1.629410 -0.000001 -0.075748 -0.000024
 27   2.914462 1.619264 1.514501 -0.000019 -0.000022 -0.000050
 28   2.916892 1.618870 -1.501142 -0.000002 -0.000009 -0.000024
 29   8.824059 0.150544 0.091743 -0.024859 0.201969 -0.915146
 30   2.099366 -0.611962 1.764788 0.014176 0.021143 -0.056307
 31   2.101758 -0.615978 -1.834067 -0.020761 -0.028025 -0.081063
 32   -0.814395 -0.093824 3.127092 0.001376 -2.696260 0.071551
 33   14.298673 -0.408176 0.471578 -0.000052 -0.000209 0.033794
 34   15.835795 0.581398 0.242756 -0.003065 -0.010786 -0.001460
 35   -0.815868 -0.091229 -3.114430 0.458480 3.496800 -1.004464
 36   14.294526 -0.410349 -0.467541 -0.000063 -0.000180 -2.653655
 37   15.834409 0.579420 -0.284600 0.003089 0.010919 0.015959
 38   1.963929 -4.121738 -3.191012 -0.194830 -0.124675 1.031642
 39   -4.137420 -1.148607 -0.734461 -0.064082 -0.057035 0.557314
 40   0.563397 -4.172447 2.706024 -0.194830 -0.124674 1.031642
 41   -4.754162 -0.965377 0.947847 -0.064083 -0.057035 0.557314
 42   0.834765 -0.876995 -2.630018 -0.062955 0.030513 1.323595
 43   0.531281 -0.633524 2.912347 -0.062945 0.030506 1.323595
time 34
  0   0.020765 -0.546892 15.239118 2.705095 0.000000 -1.571069
  1   -1.093036 0.000002 -0.326057 -1.570022 -1.570379 -0.000268
  2   2.262337 0.113614 0.064702 -0.013605 0.156448 0.235180
  3   2.380047 0.353302 0.047440 0.001260 0.156994 0.462573
  4   2.033756 0.190472 -0.000128 -0.024446 0.172794 0.373101
  5   2.451511 0.204909 -0.003447 0.000000 -0.000005 -0.017472
  6   7.247600 -0.397300 -0.109469 0.000001 -0.000003 0.418536
  7   -2.022252 -0.104661 3.136172 -0.298783 -1.361718 -2.901842
  8   1.168026 -0.537438 -0.063437 -1.561844 0.922227 -1.526157
  9   6.790376 -0.619176 0.015206 -0.009312 -0.035190 -0.539141
 10   8.637599 0.544015 -0.090417 -1.570112 0.000221 -0.122021
 11   6.790465 -0.619039 0.017802 -0.009626 -0.035301 -0.392564
 12   -2.022474 -0.104699 -2.873818 0.298969 1.362003 -2.901601
 13   1.167898 -0.537463 0.063297 1.499139 -0.632321 -1.711106
 14   7.002743 -0.617765 -0.183752 0.614816 -0.819664 -0.122769
 15   8.209042 0.615527 -0.255885 -0.750575 0.526679 -0.668674
 16   7.002735 -0.617911 -0.183641 0.409265 -0.577603 -0.042599
 17   1.574674 0.609930 -0.000899 0.000000 0.000008 0.077980
 18   -0.602177 0.511412 -0.000006 0.000000 0.000000 0.000000
 19   3.673773 0.177020 1.119313 -0.000002 -0.000014 -0.174510
 20   3.673767 0.176993 -1.117566 0.000007 -0.000003 -0.174546
 21   3.942357 1.334540 1.627658 0.000002 -0.000011 -0.000026
 22   -0.246060 -0.011889 0.516521 -0.000011 0.000031 0.000025
 23   3.938468 1.334565 -1.631083 0.000019 0.000002 -0.000024
 24   -0.246150 -0.011872 -0.516511 -0.000005 -0.000006 0.000048
 25   4.941364 1.997338 1.629330 0.000018 0.079704 -0.000024
 26   4.941382 1.997366 -1.629410 -0.000001 -0.079702 -0.000024
 27   2.914462 1.619264 1.514501 -0.000019 -0.000022 -0.000050
 28   2.916892 1.618870 -1.501142 -0.000002 -0.000009 -0.000024
 29   8.824059 0.150544 0.091743 -0.023879 0.205839 -0.927324
 30   2.091553 -0.647119 1.749163 0.023112 0.034918 -0.091796
 31   2.090039 -0.647229 -1.818442 -0.033846 -0.045664 -0.132101
 32   -0.814395 -0.093824 3.127092 0.001376 -2.696260 0.071551
 33   14.298673 -0.408176 0.471578 -0.000052 -0.000209 0.033794
 34   15.835795 0.581398 0.242756 -0.003065 -0.010786 -0.001460
 35   -0.815868 -0.091229 -3.114430 0.458480 3.496800 -1.004464
 36   14.294526 -0.410349 -0.467541 -0.000063 -0.000180 -2.653655
 37   15.834409 0.579420 -0.284600 0.003089 0.010919 0.015959
 38   1.971742 -4.125645 -3.187105 -0.199819 -0.120602 1.052231
 39   -4.133513 -1.152513 -0.734461 -0.066958 -0.055309 0.584407
 40   0.555584 -4.168541 2.706024 -0.199819 -0.120601 1.052231
 41   -4.758069 -0.961471 0.947847 -0.066959 -0.055309 0.584407
 42   0.881641 -0.916059 -2.622206 -0.064465 0.032644 1.331708
 43   0.574251 -0.660869 2.920160 -0.064469 0.032640 1.331708
time 35
  0   0.020765 -0.546892 15.239118 2.705095 0.000000 -1.571069
  1   -1.093036 0.000002 -0.326057 -1.570022 -1.570379 -0.000268
  2   2.262337 0.113614 0.064702 -0.013605 0.156448 0.229993
  3   2.380047 0.353302 0.047440 0.001260 0.156994 0.459063
  4   2.033756 0.190472 -0.000128 -0.024446 0.172794 0.367846
  5   2.451511 0.204909 -0.003447 0.000000 -0.000005 -0.017472
  6   7.247600 -0.397300 -0.109469 0.000001 -0.000003 0.418536
  7   -2.022252 -0.104661 3.136172 -0.298783 -1.361718 -2.901842
  8   1.168026 -0.537438 -0.063437 -1.561401 0.931032 -1.525651
  9   6.790376 -0.619176 0.015206 -0.009312 -0.035190 -0.539141
 10   8.637599 0.544015 -0.090417 -1.570112 0.000221 -0.122021
 11   6.790465 -0.619039 0.017802 -0.009626 -0.035301 -0.392564
 12   -2.022474 -0.104699 -2.873818 0.298969 1.362003 -2.901601
 13   1.167898 -0.537463 0.063297 1.500967 -0.642645 -1.712135
 14   7.002743 -0.617765 -0.183752 0.614816 -0.819664 -0.122769
 15   8.209042 0.615527 -0.255885 -0.750575 0.526679 -0.668674
 16   7.002735 -0.617911 -0.183641 0.409265 -0.577603 -0.042544
 17   1.574674 0.609930 -0.000899 0.000000 0.000008 0.077980
 18   -0.602177 0.511412 -0.000006 0.000000 0.000000 0.000000
 19   3.673773 0.177020 1.119313 -0.000002 -0.000014 -0.174510
 20   3.673767 0.176993 -1.117566 0.000007 -0.000003 -0.174546
 21   3.942357 1.334540 1.627658 0.000002 -0.000011 -0.000026
 22   -0.246060 -0.011889 0.516521 -0.000011 0.000031 0.000025
 23   3.942374 1.334565 -1.631083 0.000019 0.000002 -0.000024
 24   -0.246150 -0.011872 -0.516511 -0.000005 -0.000006 0.000048
 25   4.941364 1.997338 1.629330 0.000018 0.083716 -0.000024
 26   4.941382 1.997366 -1.629410 -0.000001 -0.083719 -0.000024
 27   2.914462 1.619264 1.514501 -0.000019 -0.000022 -0.000050
 28   2.916892 1.618870 -1.501142 -0.000002 -0.000009 -0.000024
 29   8.824059 0.150544 0.091743 -0.022810 0.210040 -0.940629
 30   2.079834 -0.682276 1.733537 0.032835 0.049884 -0.130415
 31   2.074414 -0.686293 -1.802816 -0.048080 -0.064883 -0.187652
 32   -0.814395 -0.093824 3.127092 0.001376 -2.696260 0.071551
 33   14.298673 -0.408176 0.471578 -0.000052 -0.000209 0.033794
 34   15.835795 0.581398 0.242756 -0.003065 -0.010786 -0.001460
 35   -0.815868 -0.091229 -3.114430 0.458480 3.496800 -1.004464
 36   14.294526 -0.410349 -0.467541 -0.000063 -0.000180 -2.653655
 37   15.834409 0.579420 -0.284600 0.003089 0.010919 0.015959
 38   1.979554 -4.129551 -3.187105 -0.205250 -0.116180 1.074592
 39   -4.129607 -1.156420 -0.734461 -0.070098 -0.053439 0.613884
 40   0.547771 -4.168541 2.702117 -0.205250 -0.116179 1.074591
 41   -4.761975 -0.957564 0.947847 -0.070099 -0.053439 0.613884
 42   0.936331 -0.955123 -2.610487 -0.066119 0.034975 1.340533
 43   0.621127 -0.692120 2.931879 -0.066119 0.034962 1.340533
time 36
  0   0.020765 -0.546892 15.239118 2.705095 0.000000 -1.571069
  1   -1.093036 0.000002 -0.326057 -1.570022 -1.570379 -0.000268
  2   2.262337 0.113614 0.064702 -0.013605 0.156448 0.224771
  3   2.380047 0.353302 0.047440 0.001260 0.156994 0.455594
  4   2.033756 0.190472 -0.000128 -0.024446 0.172794 0.362553
  5   2.451511 0.204909 -0.003447 0.000000 -0.000005 -0.017472
  6   7.247600 -0.397300 -0.109469 0.000001 -0.000003 0.418536
  7   -2.022252 -0.104661 3.136172 -0.298783 -1.361718 -2.901842
  8   1.168026 -0.537438 -0.063437 -1.560641 0.939837 -1.525145
  9   6.790376 -0.619176 0.015206 -0.009312 -0.035190 -0.539141
 10   8.637599 0.544015 -0.090417 -1.570112 0.000221 -0.122021
 11   6.790465 -0.619039 0.017802 -0.009626 -0.035301 -0.392564
 12   -2.022474 -0.104699 -2.873818 0.298969 1.362003 -2.901601
 13   1.167898 -0.537463 0.063297 1.502865 -0.653121 -1.713225
 14   7.002743 -0.617765 -0.183752 0.614816 -0.819664 -0.122769
 15   8.209042 0.615527 -0.255885 -0.750575 0.526679 -0.668674
 16   7.002735 -0.617911 -0.183641 0.409265 -0.577603 -0.042544
 17   1.574674 0.609930 -0.000899 0.000000 0.000008 0.077980
 18   -0.602177 0.511412 -0.000006 0.000000 0.000000 0.000000
 19   3.673773 0.177020 1.119313 -0.000002 -0.000014 -0.174510
 20   3.673767 0.176993 -1.117566 0.000007 -0.000003 -0.174546
 21   3.942357 1.334540 1.627658 0.000002 -0.000011 -0.000026
 22   -0.246060 -0.011889 0.516521 -0.000011 0.000031 0.000025
 23   3.942374 1.334565 -1.631083 0.000019 0.000002 -0.000024
 24   -0.246150 -0.011872 -0.516511 -0.000005 -0.000006 0.000048
 25   4.941364 1.997338 1.629330 0.000018 0.087795 -0.000024
 26   4.941382 1.997366 -1.629410 -0.000001 -0.087798 -0.000024
 27   2.914462 1.619264 1.514501 -0.000019 -0.000022 -0.000050
 28   2.916892 1.618870 -1.501142 -0.000002 -0.000009 -0.000024
 29   8.824059 0.150544 0.091743 -0.021740 0.214242 -0.953933
 30   2.072021 -0.721340 1.717912 0.042557 0.064851 -0.169012
 31   2.058788 -0.725357 -1.787191 -0.062299 -0.084076 -0.243203
 32   -0.814395 -0.093824 3.127092 0.001376 -2.696260 0.071551
 33   14.298673 -0.408176 0.471578 -0.000052 -0.000209 0.033794
 34   15.835795 0.581398 0.242756 -0.003065 -0.010786 -0.001460
 35   -0.815868 -0.091229 -3.114430 0.458480 3.496800 -1.004464
 36   14.294526 -0.410349 -0.467541 -0.000063 -0.000180 -2.653655
 37   15.834409 0.579420 -0.284600 0.003089 0.010919 0.015959
 38   1.987367 -4.133457 -3.183199 -0.210659 -0.111757 1.097014
 39   -4.125701 -1.160326 -0.730555 -0.073226 -0.051570 0.643361
 40   0.543865 -4.164635 2.702117 -0.210659 -0.111756 1.097013
 41   -4.765881 -0.953658 0.943941 -0.073227 -0.051558 0.643361
 42   0.991020 -0.998093 -2.598767 -0.067773 0.037290 1.349357
 43   0.664098 -0.719465 2.939692 -0.067768 0.037301 1.349357
time 37
  0   0.020765 -0.546892 15.239118 2.705095 0.000000 -1.571069
  1   -1.093036 0.000002 -0.326057 -1.570022 -1.570379 -0.000268
  2   2.262337 0.113614 0.064702 -0.013605 0.156448 0.219512
  3   2.380047 0.353302 0.047440 0.001260 0.156994 0.452064
  4   2.033756 0.190472 -0.000128 -0.024446 0.172794 0.357406
  5   2.451511 0.204909 -0.003447 0.000000 -0.000005 -0.017472
  6   7.247600 -0.397300 -0.109469 0.000001 -0.000003 0.418536
  7   -2.022252 -0.104661 3.136172 -0.298783 -1.361718 -2.901842
  8   1.168026 -0.537438 -0.063437 -1.560009 0.948592 -1.524576
  9   6.790376 -0.619176 0.015206 -0.009312 -0.035190 -0.539141
 10   8.637599 0.544015 -0.090417 -1.570112 0.000221 -0.122021
 11   6.790465 -0.619039 0.017802 -0.009626 -0.035301 -0.392564
 12   -2.022474 -0.104699 -2.873818 0.298969 1.362003 -2.901601
 13   1.167898 -0.537463 0.063297 1.504763 -0.663444 -1.714375
 14   7.002743 -0.617765 -0.183752 0.614816 -0.819664 -0.122769
 15   8.209042 0.615527 -0.255885 -0.750575 0.526679 -0.668674
 16   7.002735 -0.617911 -0.183641 0.409265 -0.577603 -0.042599
 17   1.574674 0.609930 -0.000899 0.000000 0.000008 0.077980
 18   -0.602177 0.511412 -0.000006 0.000000 0.000000 0.000000
 19   3.673773 0.177020 1.119313 -0.000002 -0.000014 -0.174510
 20   3.673767 0.176993 -1.117566 0.000007 -0.000003 -0.174546
 21   3.942357 1.334540 1.627658 0.000002 -0.000011 -0.000026
 22   -0.246060 -0.011889 0.516521 -0.000011 0.000031 0.000025
 23   3.938468 1.334565 -1.631083 0.000019 0.000002 -0.000024
 24   -0.246150 -0.011872 -0.516511 -0.000005 -0.000006 0.000048
 25   4.941364 1.997338 1.629330 0.000018 0.091927 -0.000024
 26   4.941382 1.997366 -1.629410 -0.000001 -0.091939 -0.000024
 27   2.914462 1.619264 1.514501 -0.000019 -0.000022 -0.000050
 28   2.916892 1.618870 -1.501142 -0.000002 -0.000009 -0.000024
 29   8.824059 0.150544 0.091743 -0.020760 0.218087 -0.966112
 30   2.060302 -0.752591 1.702286 0.051480 0.078597 -0.204501
 31   2.047069 -0.756607 -1.775472 -0.075384 -0.101741 -0.294241
 32   -0.814395 -0.093824 3.127092 0.001376 -2.696260 0.071551
 33   14.298673 -0.408176 0.471578 -0.000052 -0.000209 0.033794
 34   15.835795 0.581398 0.242756 -0.003065 -0.010786 -0.001460
 35   -0.815868 -0.091229 -3.114430 0.458480 3.496800 -1.004464
 36   14.294526 -0.410349 -0.467541 -0.000063 -0.000180 -2.653655
 37   15.834409 0.579420 -0.284600 0.003089 0.010919 0.015959
 38   1.991274 -4.133457 -3.183199 -0.215648 -0.107696 1.117541
 39   -4.121795 -1.164232 -0.730555 -0.076102 -0.049844 0.670454
 40   0.536052 -4.160728 2.698211 -0.215648 -0.107695 1.117541
 41   -4.769788 -0.949752 0.943941 -0.076103 -0.049844 0.670454
 42   1.037896 -1.037156 -2.590955 -0.069283 0.039421 1.357471
 43   0.707068 -0.746809 2.951411 -0.069280 0.039435 1.357471
time 38
  0   0.020765 -0.546892 15.239118 2.705095 0.000000 -1.571069
  1   -1.093036 0.000002 -0.326057 -1.570022 -1.570379 -0.000268
  2   2.262337 0.113614 0.064702 -0.013605 0.156448 0.214290
  3   2.380047 0.353302 0.047440 0.001260 0.156994 0.448595
  4   2.033756 0.190472 -0.000128 -0.024446 0.172794 0.352114
  5   2.451511 0.204909 -0.003447 0.000000 -0.000005 -0.017472
  6   7.247600 -0.397300 -0.109469 0.000001 -0.000003 0.418536
  7   -2.022252 -0.104661 3.136172 -0.298783 -1.361718 -2.901842
  8   1.168026 -0.537438 -0.063437 -1.559123 0.957296 -1.523880
  9   6.790376 -0.619176 0.015206 -0.009312 -0.035190 -0.539141
 10   8.637599 0.544015 -0.090417 -1.570112 0.000221 -0.122021
 11   6.790465 -0.619039 0.017802 -0.009626 -0.035301 -0.392564
 12   -2.022474 -0.104699 -2.873818 0.298969 1.362003 -2.901601
 13   1.167898 -0.537463 0.063297 1.506661 -0.673717 -1.715525
 14   7.002743 -0.617765 -0.183752 0.614816 -0.819664 -0.122769
 15   8.209042 0.615527 -0.255885 -0.750575 0.526679 -0.668674
 16   7.002735 -0.617911 -0.183641 0.409265 -0.577603 -0.042544
 17   1.574674 0.609930 -0.000899 0.000000 0.000008 0.077980
 18   -0.602177 0.511412 -0.000006 0.000000 0.000000 0.000000
 19   3.673773 0.177020 1.119313 -0.000002 -0.000014 -0.174510
 20   3.673767 0.176993 -1.117566 0.000007 -0.000003 -0.174546
 21   3.942357 1.334540 1.627658 0.000002 -0.000011 -0.000026
 22   -0.246060 -0.011889 0.516521 -0.000011 0.000031 0.000025
 23   3.942374 1.334565 -1.631083 0.000019 0.000002 -0.000024
 24   -0.246150 -0.011872 -0.516511 -0.000005 -0.000006 0.000048
 25   4.941364 1.997338 1.629330 0.000018 0.096074 -0.000024
 26   4.941382 1.997366 -1.629410 -0.000001 -0.096080 -0.000024
 27   2.914462 1.619264 1.514501 -0.000019 -0.000022 -0.000050
 28   2.916892 1.618870 -1.501142 -0.000002 -0.000009 -0.000024
 29   8.824059 0.150544 0.091743 -0.019958 0.221268 -0.976144
 30   2.056396 -0.779936 1.690567 0.058843 0.089930 -0.233706
 31   2.035350 -0.787858 -1.763752 -0.086155 -0.116272 -0.336291
 32   -0.814395 -0.093824 3.127092 0.001376 -2.696260 0.071551
 33   14.298673 -0.408176 0.471578 -0.000052 -0.000209 0.033794
 34   15.835795 0.581398 0.242756 -0.003065 -0.010786 -0.001460
 35   -0.815868 -0.091229 -3.114430 0.458480 3.496800 -1.004464
 36   14.294526 -0.410349 -0.467541 -0.000063 -0.000180 -2.653655
 37   15.834409 0.579420 -0.284600 0.003089 0.010919 0.015959
 38   1.999086 -4.137363 -3.183199 -0.219752 -0.104346 1.134526
 39   -4.117888 -1.168139 -0.730555 -0.078475 -0.048430 0.692751
 40   0.528239 -4.156822 2.698211 -0.219752 -0.104345 1.134525
 41   -4.773694 -0.945845 0.943941 -0.078476 -0.048430 0.692751
 42   1.080866 -1.068407 -2.583142 -0.070529 0.041185 1.364162
 43   0.738319 -0.770247 2.959223 -0.070529 0.041192 1.364162
time 39
  0   0.020765 -0.546892 15.239118 2.705095 0.000000 -1.571069
  1   -1.093036 0.000002 -0.326057 -1.570022 -1.570379 -0.000268
  2   2.262337 0.113614 0.064702 -0.013605 0.156448 0.209031
  3   2.380047 0.353302 0.047440 0.001260 0.156994 0.445085
  4   2.033756 0.190472 -0.000128 -0.024446 0.172794 0.346822
  5   2.451511 0.204909 -0.003447 0.000000 -0.000005 -0.017472
  6   7.247600 -0.397300 -0.109469 0.000001 -0.000003 0.418536
  7   -2.022252 -0.104661 3.136172 -0.298783 -1.361718 -2.901842
  8   1.168026 -0.537438 -0.063437 -1.558490 0.965799 -1.523374
  9   6.790376 -0.619176 0.015206 -0.009312 -0.035190 -0.539141
 10   8.637599 0.544015 -0.090417 -1.570112 0.000221 -0.122021
 11   6.790465 -0.619039 0.017802 -0.009626 -0.035301 -0.392564
 12   -2.022474 -0.104699 -2.873818 0.298969 1.362003 -2.901601
 13   1.167898 -0.537463 0.063297 1.508488 -0.684244 -1.716857
 14   7.002743 -0.617765 -0.183752 0.614816 -0.819664 -0.122769
 15   8.209042 0.615527 -0.255885 -0.750935 0.526679 -0.668674
 16   7.002735 -0.617911 -0.183641 0.409265 -0.577603 -0.042599
 17   1.574674 0.609930 -0.000899 0.000000 0.000008 0.077980
 18   -0.602177 0.511412 -0.000006 0.000000 0.000000 0.000000
 19   3.673773 0.177020 1.119313 -0.000002 -0.000014 -0.174510
 20   3.673767 0.176993 -1.117566 0.000007 -0.000003 -0.174546
 21   3.942357 1.334540 1.627658 0.000002 -0.000011 -0.000026
 22   -0.246060 -0.011889 0.516521 -0.000011 0.000031 0.000025
 23   3.942374 1.334565 -1.631083 0.000019 0.000002 -0.000024
 24   -0.246150 -0.011872 -0.516511 -0.000005 -0.000006 0.000048
 25   4.941364 1.997338 1.629330 0.000018 0.100273 -0.000024
 26   4.941382 1.997366 -1.629410 -0.000001 -0.100271 -0.000024
 27   2.914462 1.619264 1.514501 -0.000019 -0.000022 -0.000050
 28   2.916892 1.618870 -1.501142 -0.000002 -0.000009 -0.000024
 29   8.824059 0.150544 0.091743 -0.019423 0.223429 -0.982957
 30   2.048583 -0.799468 1.682754 0.063833 0.097632 -0.253541
 31   2.027537 -0.807390 -1.755940 -0.093463 -0.126114 -0.364803
 32   -0.814395 -0.093824 3.127092 0.001376 -2.696260 0.071551
 33   14.298673 -0.408176 0.471578 -0.000052 -0.000209 0.033794
 34   15.835795 0.581398 0.242756 -0.003065 -0.010786 -0.001460
 35   -0.815868 -0.091229 -3.114430 0.458480 3.496800 -1.004464
 36   14.294526 -0.410349 -0.467541 -0.000063 -0.000180 -2.653655
 37   15.834409 0.579420 -0.284600 0.003089 0.010919 0.015959
 38   2.002993 -4.141270 -3.179293 -0.222531 -0.102080 1.146011
 39   -4.117888 -1.172045 -0.730555 -0.080081 -0.047459 0.707896
 40   0.524333 -4.156822 2.698211 -0.222531 -0.102080 1.146011
 41   -4.773694 -0.941939 0.943941 -0.080082 -0.047459 0.707896
 42   1.108211 -1.087939 -2.575329 -0.071380 0.042381 1.368721
 43   0.761757 -0.785873 2.963130 -0.071379 0.042385 1.368721
time 40
  0   0.020765 -0.546892 15.239118 2.705095 0.000000 -1.571069
  1   -1.093036 0.000002 -0.326057 -1.570022 -1.570379 -0.000268
  2   2.262337 0.113614 0.064702 -0.013605 0.156448 0.214290
  3   2.380047 0.353302 0.047440 0.001260 0.156994 0.448595
  4   2.033756 0.190472 -0.000128 -0.024446 0.172794 0.352114
  5   2.451511 0.204909 -0.003447 0.000000 -0.000005 -0.017472
  6   7.247600 -0.397300 -0.109469 0.000001 -0.000003 0.418536
  7   -2.022252 -0.104661 3.136172 -0.298783 -1.361718 -2.901842
  8   1.168026 -0.537438 -0.063437 -1.559123 0.957296 -1.523880
  9   6.790376 -0.619176 0.015206 -0.009312 -0.035190 -0.539141
 10   8.637599 0.544015 -0.090417 -1.570112 0.000221 -0.122021
 11   6.790465 -0.619039 0.017802 -0.009626 -0.035301 -0.392564
 12   -2.022474 -0.104699 -2.873818 0.298969 1.362003 -2.901601
 13   1.167898 -0.537463 0.063297 1.506661 -0.673717 -1.715525
 14   7.002743 -0.617765 -0.183752 0.614816 -0.819664 -0.122769
 15   8.209042 0.615527 -0.255885 -0.750575 0.526679 -0.668674
 16   7.002735 -0.617911 -0.183641 0.409265 -0.577603 -0.042544
 17   1.574674 0.609930 -0.000899 0.000000 0.000008 0.077980
 18   -0.602177 0.511412 -0.000006 0.000000 0.000000 0.000000
 19   3.673773 0.177020 1.119313 -0.000002 -0.000014 -0.174510
 20   3.673767 0.176993 -1.117566 0.000007 -0.000003 -0.174546
 21   3.942357 1.334540 1.627658 0.000002 -0.000011 -0.000026
 22   -0.246060 -0.011889 0.516521 -0.000011 0.000031 0.000025
 23   3.942374 1.334565 -1.631083 0.000019 0.000002 -0.000024
 24   -0.246150 -0.011872 -0.516511 -0.000005 -0.000006 0.000048
 25   4.941364 1.997338 1.629330 0.000018 0.104527 -0.000024
 26   4.941382 1.997366 -1.629410 -0.000001 -0.104525 -0.000024
 27   2.914462 1.619264 1.514501 -0.000019 -0.000022 -0.000050
 28   2.916892 1.618870 -1.501142 -0.000002 -0.000009 -0.000024
 29   8.824059 0.150544 0.091743 -0.019156 0.224236 -0.985479
 30   2.048583 -0.807280 1.678848 0.065678 0.100451 -0.260832
 31   2.023631 -0.811297 -1.752033 -0.096160 -0.129766 -0.375320
 32   -0.814395 -0.093824 3.127092 0.001376 -2.696260 0.071551
 33   14.298673 -0.408176 0.471578 -0.000052 -0.000209 0.033794
 34   15.835795 0.581398 0.242756 -0.003065 -0.010786 -0.001460
 35   -0.815868 -0.091229 -3.114430 0.458480 3.496800 -1.004464
 36   14.294526 -0.410349 -0.467541 -0.000063 -0.000180 -2.653655
 37   15.834409 0.579420 -0.284600 0.003089 0.010919 0.015959
 38   2.002993 -4.141270 -3.179293 -0.223562 -0.101237 1.150227
 39   -4.117888 -1.172045 -0.730555 -0.080680 -0.047111 0.713449
 40   0.524333 -4.156822 2.698211 -0.223562 -0.101236 1.150226
 41   -4.773694 -0.941939 0.943941 -0.080681 -0.047111 0.713449
 42   1.116024 -1.095752 -2.575329 -0.071692 0.042825 1.370352
 43   0.773476 -0.789779 2.963130 -0.071691 0.042824 1.370352
time 41
  0   0.020765 -0.546892 15.239118 2.705095 0.000000 -1.571069
  1   -1.093036 0.000002 -0.326057 -1.570022 -1.570379 -0.000268
  2   2.262337 0.113614 0.064702 -0.013605 0.156448 0.219512
  3   2.380047 0.353302 0.047440 0.001260 0.156994 0.452064
  4   2.033756 0.190472 -0.000128 -0.024446 0.172794 0.357406
  5   2.451511 0.204909 -0.003447 0.000000 -0.000005 -0.017472
  6   7.247600 -0.397300 -0.109469 0.000001 -0.000003 0.418536
  7   -2.022252 -0.104661 3.136172 -0.298783 -1.361718 -2.901842
  8   1.168026 -0.537438 -0.063437 -1.560009 0.948592 -1.524576
  9   6.790376 -0.619176 0.015206 -0.009312 -0.035190 -0.539141
 10   8.637599 0.544015 -0.090417 -1.570112 0.000221 -0.122021
 11   6.790465 -0.619039 0.017802 -0.009626 -0.035301 -0.392564
 12   -2.022474 -0.104699 -2.873818 0.298969 1.362003 -2.901601
 13   1.167898 -0.537463 0.063297 1.504763 -0.663444 -1.714375
 14   7.002743 -0.617765 -0.183752 0.614816 -0.819664 -0.122769
 15   8.209042 0.615527 -0.255885 -0.750575 0.526679 -0.668674
 16   7.002735 -0.617911 -0.183641 0.409265 -0.577603 -0.042599
 17   1.574674 0.609930 -0.000899 0.000000 0.000008 0.077980
 18   -0.602177 0.511412 -0.000006 0.000000 0.000000 0.000000
 19   3.673773 0.177020 1.119313 -0.000002 -0.000014 -0.174510
 20   3.673767 0.176993 -1.117566 0.000007 -0.000003 -0.174546
 21   3.942357 1.334540 1.627658 0.000002 -0.000011 -0.000026
 22   -0.246060 -0.011889 0.516521 -0.000011 0.000031 0.000025
 23   3.938468 1.334565 -1.631083 0.000019 0.000002 -0.000024
 24   -0.246150 -0.011872 -0.516511 -0.000005 -0.000006 0.000048
 25   4.941364 1.997338 1.629330 0.000018 0.108768 -0.000024
 26   4.941382 1.997366 -1.629410 -0.000001 -0.108766 -0.000024
 27   2.914462 1.619264 1.514501 -0.000019 -0.000022 -0.000050
 28   2.916892 1.618870 -1.501142 -0.000002 -0.000009 -0.000024
 29   8.824059 0.150544 0.091743 -0.019423 0.223429 -0.982957
 30   2.048583 -0.799468 1.682754 0.063833 0.097632 -0.253541
 31   2.027537 -0.807390 -1.755940 -0.093463 -0.126114 -0.364803
 32   -0.814395 -0.093824 3.127092 0.001376 -2.696260 0.071551
 33   14.298673 -0.408176 0.471578 -0.000052 -0.000209 0.033794
 34   15.835795 0.581398 0.242756 -0.003065 -0.010786 -0.001460
 35   -0.815868 -0.091229 -3.114430 0.458480 3.496800 -1.004464
 36   14.294526 -0.410349 -0.467541 -0.000063 -0.000180 -2.653655
 37   15.834409 0.579420 -0.284600 0.003089 0.010919 0.015959
 38   2.002993 -4.141270 -3.179293 -0.222531 -0.102080 1.146011
 39   -4.117888 -1.172045 -0.730555 -0.080081 -0.047459 0.707896
 40   0.524333 -4.156822 2.698211 -0.222531 -0.102080 1.146011
 41   -4.773694 -0.941939 0.943941 -0.080082 -0.047459 0.707896
 42   1.108211 -1.087939 -2.575329 -0.071380 0.042381 1.368721
 43   0.761757 -0.785873 2.963130 -0.071379 0.042385 1.368721
time 42
  0   0.020765 -0.546892 15.239118 2.705095 0.000000 -1.571069
  1   -1.093036 0.000002 -0.326057 -1.570022 -1.570379 -0.000268
  2   2.262337 0.113614 0.064702 -0.013605 0.156448 0.224771
  3   2.380047 0.353302 0.047440 0.001260 0.156994 0.455594
  4   2.033756 0.190472 -0.000128 -0.024446 0.172794 0.362553
  5   2.451511 0.204909 -0.003447 0.000000 -0.000005 -0.017472
  6   7.247600 -0.397300 -0.109469 0.000001 -0.000003 0.418536
  7   -2.022252 -0.104661 3.136172 -0.298783 -1.361718 -2.901842
  8   1.168026 -0.537438 -0.063437 -1.560641 0.939837 -1.525145
  9   6.790376 -0.619176 0.015206 -0.009312 -0.035190 -0.539141
 10   8.637599 0.544015 -0.090417 -1.570112 0.000221 -0.122021
 11   6.790465 -0.619039 0.017802 -0.009626 -0.035301 -0.392564
 12   -2.022474 -0.104699 -2.873818 0.298969 1.362003 -2.901601
 13   1.167898 -0.537463 0.063297 1.502865 -0.653121 -1.713225
 14   7.002743 -0.617765 -0.183752 0.614816 -0.819664 -0.122769
 15   8.209042 0.615527 -0.255885 -0.750575 0.526679 -0.668674
 16   7.002735 -0.617911 -0.183641 0.409265 -0.577603 -0.042544
 17   1.574674 0.609930 -0.000899 0.000000 0.000008 0.077980
 18   -0.602177 0.511412 -0.000006 0.000000 0.000000 0.000000
 19   3.673773 0.177020 1.119313 -0.000002 -0.000014 -0.174510
 20   3.673767 0.176993 -1.117566 0.000007 -0.000003 -0.174546
 21   3.942357 1.334540 1.627658 0.000002 -0.000011 -0.000026
 22   -0.246060 -0.011889 0.516521 -0.000011 0.000031 0.000025
 23   3.942374 1.334565 -1.631083 0.000019 0.000002 -0.000024
 24   -0.246150 -0.011872 -0.516511 -0.000005 -0.000006 0.000048
 25   4.941364 1.997338 1.629330 0.000018 0.113075 -0.000024
 26   4.941382 1.997366 -1.629410 -0.000001 -0.113069 -0.000024
 27   2.914462 1.619264 1.514501 -0.000019 -0.000022 -0.000050
 28   2.916892 1.618870 -1.501142 -0.000002 -0.000009 -0.000024
 29   8.824059 0.150544 0.091743 -0.019958 0.221268 -0.976144
 30   2.056396 -0.779936 1.690567 0.058843 0.089930 -0.233706
 31   2.035350 -0.787858 -1.763752 -0.086155 -0.116272 -0.336291
 32   -0.814395 -0.093824 3.127092 0.001376 -2.696260 0.071551
 33   14.298673 -0.408176 0.471578 -0.000052 -0.000209 0.033794
 34   15.835795 0.581398 0.242756 -0.003065 -0.010786 -0.001460
 35   -0.815868 -0.091229 -3.114430 0.458480 3.496800 -1.004464
 36   14.294526 -0.410349 -0.467541 -0.000063 -0.000180 -2.653655
 37   15.834409 0.579420 -0.284600 0.003089 0.010919 0.015959
 38   1.999086 -4.137363 -3.183199 -0.219752 -0.104346 1.134526
 39   -4.117888 -1.168139 -0.730555 -0.078475 -0.048430 0.692751
 40   0.528239 -4.156822 2.698211 -0.219752 -0.104345 1.134525
 41   -4.773694 -0.945845 0.943941 -0.078476 -0.048430 0.692751
 42   1.080866 -1.068407 -2.583142 -0.070529 0.041185 1.364162
 43   0.738319 -0.770247 2.959223 -0.070529 0.041192 1.364162
time 43
  0   0.020765 -0.546892 15.239118 2.705095 0.000000 -1.571069
  1   -1.093036 0.000002 -0.326057 -1.570022 -1.570379 -0.000268
  2   2.262337 0.113614 0.064702 -0.013605 0.156448 0.229993
  3   2.380047 0.353302 0.047440 0.001260 0.156994 0.459063
  4   2.033756 0.190472 -0.000128 -0.024446 0.172794 0.367846
  5   2.451511 0.204909 -0.003447 0.000000 -0.000005 -0.017472
  6   7.247600 -0.397300 -0.109469 0.000001 -0.000003 0.418536
  7   -2.022252 -0.104661 3.136172 -0.298783 -1.361718 -2.901842
  8   1.168026 -0.537438 -0.063437 -1.561401 0.931032 -1.525651
  9   6.790376 -0.619176 0.015206 -0.009312 -0.035190 -0.539141
 10   8.637599 0.544015 -0.090417 -1.570112 0.000221 -0.122021
 11   6.790465 -0.619039 0.017802 -0.009626 -0.035301 -0.392564
 12   -2.022474 -0.104699 -2.873818 0.298969 1.362003 -2.901601
 13   1.167898 -0.537463 0.063297 1.500967 -0.642645 -1.712135
 14   7.002743 -0.617765 -0.183752 0.614816 -0.819664 -0.122769
 15   8.209042 0.615527 -0.255885 -0.750575 0.526679 -0.668674
 16   7.002735 -0.617911 -0.183641 0.409265 -0.577603 -0.042544
 17   1.574674 0.609930 -0.000899 0.000000 0.000008 0.077980
 18   -0.602177 0.511412 -0.000006 0.000000 0.000000 0.000000
 19   3.673773 0.177020 1.119313 -0.000002 -0.000014 -0.174510
 20   3.673767 0.176993 -1.117566 0.000007 -0.000003 -0.174546
 21   3.942357 1.334540 1.627658 0.000002 -0.000011 -0.000026
 22   -0.246060 -0.011889 0.516521 -0.000011 0.000031 0.000025
 23   3.942374 1.334565 -1.631083 0.000019 0.000002 -0.000024
 24   -0.246150 -0.011872 -0.516511 -0.000005 -0.000006 0.000048
 25   4.941364 1.997338 1.629330 0.000018 0.117356 -0.000024
 26   4.941382 1.997366 -1.629410 -0.000001 -0.117360 -0.000024
 27   2.914462 1.619264 1.514501 -0.000019 -0.000022 -0.000050
 28   2.916892 1.618870 -1.501142 -0.000002 -0.000009 -0.000024
 29   8.824059 0.150544 0.091743 -0.020760 0.218087 -0.966112
 30   2.060302 -0.752591 1.702286 0.051480 0.078597 -0.204501
 31   2.047069 -0.756607 -1.775472 -0.075384 -0.101741 -0.294241
 32   -0.814395 -0.093824 3.127092 0.001376 -2.696260 0.071551
 33   14.298673 -0.408176 0.471578 -0.000052 -0.000209 0.033794
 34   15.835795 0.581398 0.242756 -0.003065 -0.010786 -0.001460
 35   -0.815868 -0.091229 -3.114430 0.458480 3.496800 -1.004464
 36   14.294526 -0.410349 -0.467541 -0.000063 -0.000180 -2.653655
 37   15.834409 0.579420 -0.284600 0.003089 0.010919 0.015959
 38   1.991274 -4.133457 -3.183199 -0.215648 -0.107696 1.117541
 39   -4.121795 -1.164232 -0.730555 -0.076102 -0.049844 0.670454
 40   0.536052 -4.160728 2.698211 -0.215648 -0.107695 1.117541
 41   -4.769788 -0.949752 0.943941 -0.076103 -0.049844 0.670454
 42   1.037896 -1.037156 -2.590955 -0.069283 0.039421 1.357471
 43   0.707068 -0.746809 2.951411 -0.069280 0.039435 1.357471
time 44
  0   0.020765 -0.546892 15.239118 2.705095 0.000000 -1.571069
  1   -1.093036 0.000002 -0.326057 -1.570022 -1.570379 -0.000268
  2   2.262337 0.113614 0.064702 -0.013605 0.156448 0.235180
  3   2.380047 0.353302 0.047440 0.001260 0.156994 0.462573
  4   2.033756 0.190472 -0.000128 -0.024446 0.172794 0.373101
  5   2.451511 0.204909 -0.003447 0.000000 -0.000005 -0.017472
  6   7.247600 -0.397300 -0.109469 0.000001 -0.000003 0.418536
  7   -2.022252 -0.104661 3.136172 -0.298783 -1.361718 -2.901842
  8   1.168026 -0.537438 -0.063437 -1.561844 0.922227 -1.526157
  9   6.790376 -0.619176 0.015206 -0.009312 -0.035190 -0.539141
 10   8.637599 0.544015 -0.090417 -1.570112 0.000221 -0.122021
 11   6.790465 -0.619039 0.017802 -0.009626 -0.035301 -0.392564
 12   -2.022474 -0.104699 -2.873818 0.298969 1.362003 -2.901601
 13   1.167898 -0.537463 0.063297 1.499139 -0.632321 -1.711106
 14   7.002743 -0.617765 -0.183752 0.614816 -0.819664 -0.122769
 15   8.209042 0.615527 -0.255885 -0.750575 0.526679 -0.668674
 16   7.002735 -0.617911 -0.183641 0.409265 -0.577603 -0.042599
 17   1.574674 0.609930 -0.000899 0.000000 0.000008 0.077980
 18   -0.602177 0.511412 -0.000006 0.000000 0.000000 0.000000
 19   3.673773 0.177020 1.119313 -0.000002 -0.000014 -0.174510
 20   3.673767 0.176993 -1.117566 0.000007 -0.000003 -0.174546
 21   3.942357 1.334540 1.627658 0.000002 -0.000011 -0.000026
 22   -0.246060 -0.011889 0.516521 -0.000011 0.000031 0.000025
 23   3.938468 1.334565 -1.631083 0.000019 0.000002 -0.000024
 24   -0.246150 -0.011872 -0.516511 -0.000005 -0.000006 0.000048
 25   4.941364 1.997338 1.629330 0.000018 0.121691 -0.000024
 26   4.941382 1.997366 -1.629410 -0.000001 -0.121689 -0.000024
 27   2.914462 1.619264 1.514501 -0.000019 -0.000022 -0.000050
 28   2.916892 1.618870 -1.501142 -0.000002 -0.000009 -0.000024
 29   8.824059 0.150544 0.091743 -0.021740 0.214242 -0.953933
 30   2.072021 -0.721340 1.717912 0.042557 0.064851 -0.169012
 31   2.058788 -0.725357 -1.787191 -0.062299 -0.084076 -0.243203
 32   -0.814395 -0.093824 3.127092 0.001376 -2.696260 0.071551
 33   14.298673 -0.408176 0.471578 -0.000052 -0.000209 0.033794
 34   15.835795 0.581398 0.242756 -0.003065 -0.010786 -0.001460
 35   -0.815868 -0.091229 -3.114430 0.458480 3.496800 -1.004464
 36   14.294526 -0.410349 -0.467541 -0.000063 -0.000180 -2.653655
 37   15.834409 0.579420 -0.284600 0.003089 0.010919 0.015959
 38   1.987367 -4.133457 -3.183199 -0.210659 -0.111757 1.097014
 39   -4.125701 -1.160326 -0.730555 -0.073226 -0.051570 0.643361
 40   0.543865 -4.164635 2.702117 -0.210659 -0.111756 1.097013
 41   -4.765881 -0.953658 0.943941 -0.073227 -0.051558 0.643361
 42   0.991020 -0.998093 -2.598767 -0.067773 0.037290 1.349357
 43   0.664098 -0.719465 2.939692 -0.067768 0.037301 1.349357
time 45
  0   0.020765 -0.546892 15.239118 2.705095 0.000000 -1.571069
  1   -1.093036 0.000002 -0.326057 -1.570022 -1.570379 -0.000268
  2   2.262337 0.113614 0.064702 -0.013605 0.156448 0.240493
  3   2.380047 0.353302 0.047440 0.001260 0.156994 0.466062
  4   2.033756 0.190472 -0.000128 -0.024446 0.172794 0.378285
  5   2.451511 0.204909 -0.003447 0.000000 -0.000005 -0.017472
  6   7.247600 -0.397300 -0.109469 0.000001 -0.000003 0.418536
  7   -2.022252 -0.104661 3.136172 -0.298783 -1.361718 -2.901842
  8   1.168026 -0.537438 -0.063437 -1.562540 0.913573 -1.526600
  9   6.790376 -0.619176 0.015206 -0.009312 -0.035190 -0.539141
 10   8.637599 0.544015 -0.090417 -1.570112 0.000221 -0.122021
 11   6.790465 -0.619039 0.017802 -0.009626 -0.035301 -0.392564
 12   -2.022474 -0.104699 -2.873818 0.298969 1.362003 -2.901601
 13   1.167898 -0.537463 0.063297 1.497382 -0.622048 -1.709956
 14   7.002743 -0.617765 -0.183752 0.614816 -0.819664 -0.122769
 15   8.209042 0.615527 -0.255885 -0.750935 0.526679 -0.668674
 16   7.002735 -0.617911 -0.183641 0.409265 -0.577603 -0.042599
 17   1.574674 0.609930 -0.000899 0.000000 0.000008 0.077980
 18   -0.602177 0.511412 -0.000006 0.000000 0.000000 0.000000
 19   3.673773 0.177020 1.119313 -0.000002 -0.000014 -0.174510
 20   3.673767 0.176993 -1.117566 0.000007 -0.000003 -0.174546
 21   3.942357 1.334540 1.627658 0.000002 -0.000011 -0.000026
 22   -0.246060 -0.011889 0.516521 -0.000011 0.000031 0.000025
 23   3.942374 1.334565 -1.631083 0.000019 0.000002 -0.000024
 24   -0.246150 -0.011872 -0.516511 -0.000005 -0.000006 0.000048
 25   4.941364 1.997338 1.629330 0.000018 0.126012 -0.000024
 26   4.941382 1.997366 -1.629410 -0.000001 -0.126017 -0.000024
 27   2.914462 1.619264 1.514501 -0.000019 -0.000022 -0.000050
 28   2.916892 1.618870 -1.501142 -0.000002 -0.000009 -0.000024
 29   8.824059 0.150544 0.091743 -0.022810 0.210040 -0.940629
 30   2.079834 -0.682276 1.733537 0.032835 0.049884 -0.130415
 31   2.074414 -0.686293 -1.802816 -0.048065 -0.064883 -0.187652
 32   -0.814395 -0.093824 3.127092 0.001376 -2.696260 0.071551
 33   14.298673 -0.408176 0.471578 -0.000052 -0.000209 0.033794
 34   15.835795 0.581398 0.242756 -0.003065 -0.010786 -0.001460
 35   -0.815868 -0.091229 -3.114430 0.458480 3.496800 -1.004464
 36   14.294526 -0.410349 -0.467541 -0.000063 -0.000180 -2.653655
 37   15.834409 0.579420 -0.284600 0.003089 0.010919 0.015959
 38   1.979554 -4.129551 -3.187105 -0.205250 -0.116180 1.074592
 39   -4.129607 -1.156420 -0.734461 -0.070098 -0.053439 0.613884
 40   0.547771 -4.168541 2.702117 -0.205250 -0.116179 1.074591
 41   -4.761975 -0.957564 0.947847 -0.070099 -0.053439 0.613884
 42   0.936331 -0.955123 -2.610487 -0.066119 0.034975 1.340533
 43   0.621127 -0.692120 2.931879 -0.066119 0.034962 1.340533
time 46
  0   0.020765 -0.546892 15.239118 2.705095 0.000000 -1.571069
  1   -1.093036 0.000002 -0.326057 -1.570022 -1.570379 -0.000268
  2   2.262337 0.113614 0.064702 -0.013605 0.156448 0.245661
  3   2.380047 0.353302 0.047440 0.001260 0.156994 0.469531
  4   2.033756 0.190472 -0.000128 -0.024446 0.172794 0.383540
  5   2.451511 0.204909 -0.003447 0.000000 -0.000005 -0.017472
  6   7.247600 -0.397300 -0.109469 0.000001 -0.000003 0.418536
  7   -2.022252 -0.104661 3.136172 -0.298783 -1.361718 -2.901842
  8   1.168026 -0.537438 -0.063437 -1.563173 0.904768 -1.527043
  9   6.790376 -0.619176 0.015206 -0.009312 -0.035190 -0.539141
 10   8.637599 0.544015 -0.090417 -1.570112 0.000221 -0.122021
 11   6.790465 -0.619039 0.017802 -0.009626 -0.035301 -0.392564
 12   -2.022474 -0.104699 -2.873818 0.298969 1.362003 -2.901601
 13   1.167898 -0.537463 0.063297 1.495554 -0.611725 -1.708927
 14   7.002743 -0.617765 -0.183752 0.614816 -0.819664 -0.122769
 15   8.209042 0.615527 -0.255885 -0.750935 0.526679 -0.668674
 16   7.002735 -0.617911 -0.183641 0.409265 -0.577603 -0.042544
 17   1.574674 0.609930 -0.000899 0.000000 0.000008 0.077980
 18   -0.602177 0.511412 -0.000006 0.000000 0.000000 0.000000
 19   3.673773 0.177020 1.119313 -0.000002 -0.000014 -0.174510
 20   3.673767 0.176993 -1.117566 0.000007 -0.000003 -0.174546
 21   3.942357 1.334540 1.627658 0.000002 -0.000011 -0.000026
 22   -0.246060 -0.011889 0.516521 -0.000011 0.000031 0.000025
 23   3.938468 1.334565 -1.631083 0.000019 0.000002 -0.000024
 24   -0.246150 -0.011872 -0.516511 -0.000005 -0.000006 0.000048
 25   4.941364 1.997338 1.629330 0.000018 0.130320 -0.000024
 26   4.941382 1.997366 -1.629410 -0.000001 -0.130320 -0.000024
 27   2.914462 1.619264 1.514501 -0.000019 -0.000022 -0.000050
 28   2.916892 1.618870 -1.501142 -0.000002 -0.000009 -0.000024
 29   8.824059 0.150544 0.091743 -0.023879 0.205839 -0.927324
 30   2.091553 -0.647119 1.749163 0.023112 0.034918 -0.091796
 31   2.090039 -0.647229 -1.818442 -0.033846 -0.045664 -0.132101
 32   -0.814395 -0.093824 3.127092 0.001376 -2.696260 0.071551
 33   14.298673 -0.408176 0.471578 -0.000052 -0.000209 0.033794
 34   15.835795 0.581398 0.242756 -0.003065 -0.010786 -0.001460
 35   -0.815868 -0.091229 -3.114430 0.458480 3.496800 -1.004464
 36   14.294526 -0.410349 -0.467541 -0.000063 -0.000180 -2.653655
 37   15.834409 0.579420 -0.284600 0.003089 0.010919 0.015959
 38   1.971742 -4.125645 -3.187105 -0.199819 -0.120602 1.052231
 39   -4.133513 -1.152513 -0.734461 -0.066958 -0.055309 0.584407
 40   0.555584 -4.168541 2.706024 -0.199819 -0.120601 1.052231
 41   -4.758069 -0.961471 0.947847 -0.066959 -0.055309 0.584407
 42   0.881641 -0.916059 -2.622206 -0.064465 0.032644 1.331708
 43   0.574251 -0.660869 2.920160 -0.064469 0.032640 1.331708
time 47
  0   0.020765 -0.546892 15.239118 2.705095 0.000000 -1.571069
  1   -1.093036 0.000002 -0.326057 -1.570022 -1.570379 -0.000268
  2   2.262337 0.113614 0.064702 -0.013605 0.156448 0.250919
  3   2.380047 0.353302 0.047440 0.001260 0.156994 0.473041
  4   2.033756 0.190472 -0.000128 -0.024446 0.172794 0.388833
  5   2.451511 0.204909 -0.003447 0.000000 -0.000005 -0.017472
  6   7.247600 -0.397300 -0.109469 0.000001 -0.000003 0.418536
  7   -2.022252 -0.104661 3.136172 -0.298783 -1.361718 -2.901842
  8   1.168026 -0.537438 -0.063437 -1.563805 0.896114 -1.527612
  9   6.790376 -0.619176 0.015206 -0.009312 -0.035190 -0.539141
 10   8.637599 0.544015 -0.090417 -1.570112 0.000221 -0.122021
 11   6.790465 -0.619039 0.017802 -0.009626 -0.035301 -0.392564
 12   -2.022474 -0.104699 -2.873818 0.298969 1.362003 -2.901601
 13   1.167898 -0.537463 0.063297 1.493656 -0.601249 -1.708019
 14   7.002743 -0.617765 -0.183752 0.614816 -0.819664 -0.122769
 15   8.209042 0.615527 -0.255885 -0.750575 0.526679 -0.668674
 16   7.002735 -0.617911 -0.183641 0.409265 -0.577603 -0.042544
 17   1.574674 0.609930 -0.000899 0.000000 0.000008 0.077980
 18   -0.602177 0.511412 -0.000006 0.000000 0.000000 0.000000
 19   3.673773 0.177020 1.119313 -0.000002 -0.000014 -0.174510
 20   3.673767 0.176993 -1.117566 0.000007 -0.000003 -0.174546
 21   3.942357 1.334540 1.627658 0.000002 -0.000011 -0.000026
 22   -0.246060 -0.011889 0.516521 -0.000011 0.000031 0.000025
 23   3.942374 1.334565 -1.631083 0.000019 0.000002 -0.000024
 24   -0.246150 -0.011872 -0.516511 -0.000005 -0.000006 0.000048
 25   4.941364 1.997338 1.629330 0.000018 0.134654 -0.000024
 26   4.941382 1.997366 -1.629410 -0.000001 -0.134661 -0.000024
 27   2.914462 1.619264 1.514501 -0.000019 -0.000022 -0.000050
 28   2.916892 1.618870 -1.501142 -0.000002 -0.000009 -0.000024
 29   8.824059 0.150544 0.091743 -0.024859 0.201969 -0.915146
 30   2.099366 -0.611962 1.764788 0.014176 0.021143 -0.056307
 31   2.101758 -0.615978 -1.834067 -0.020761 -0.028025 -0.081063
 32   -0.814395 -0.093824 3.127092 0.001376 -2.696260 0.071551
 33   14.298673 -0.408176 0.471578 -0.000052 -0.000209 0.033794
 34   15.835795 0.581398 0.242756 -0.003065 -0.010786 -0.001460
 35   -0.815868 -0.091229 -3.114430 0.458480 3.496800 -1.004464
 36   14.294526 -0.410349 -0.467541 -0.000063 -0.000180 -2.653655
 37   15.834409 0.579420 -0.284600 0.003089 0.010919 0.015959
 38   1.963929 -4.121738 -3.191012 -0.194830 -0.124675 1.031642
 39   -4.137420 -1.148607 -0.734461 -0.064082 -0.057035 0.557314
 40   0.563397 -4.172447 2.706024 -0.194830 -0.124674 1.031642
 41   -4.754162 -0.965377 0.947847 -0.064083 -0.057035 0.557314
 42   0.834765 -0.876995 -2.630018 -0.062955 0.030513 1.323595
 43   0.531281 -0.633524 2.912347 -0.062945 0.030506 1.323595
time 48
  0   0.020765 -0.546892 15.239118 2.705095 0.000000 -1.571069
  1   -1.093036 0.000002 -0.326057 -1.570022 -1.570379 -0.000268
  2   2.262337 0.113614 0.064702 -0.013605 0.156448 0.256160
  3   2.380047 0.353302 0.047440 0.001260 0.156994 0.476530
  4   2.033756 0.190472 -0.000128 -0.024446 0.172794 0.393980
  5   2.451511 0.204909 -0.003447 0.000000 -0.000005 -0.017472
  6   7.247600 -0.397300 -0.109469 0.000001 -0.000003 0.418536
  7   -2.022252 -0.104661 3.136172 -0.298783 -1.361718 -2.901842
  8   1.168026 -0.537438 -0.063437 -1.564312 0.887460 -1.527992
  9   6.790376 -0.619176 0.015206 -0.009312 -0.035190 -0.539141
 10   8.637599 0.544015 -0.090417 -1.570112 0.000221 -0.122021
 11   6.790465 -0.619039 0.017802 -0.009626 -0.035301 -0.392564
 12   -2.022474 -0.104699 -2.873818 0.298969 1.362003 -2.901601
 13   1.167898 -0.537463 0.063297 1.492039 -0.590925 -1.706990
 14   7.002743 -0.617765 -0.183752 0.614816 -0.819664 -0.122769
 15   8.209042 0.615527 -0.255885 -0.750575 0.526679 -0.668674
 16   7.002735 -0.617911 -0.183641 0.409265 -0.577603 -0.042544
 17   1.574674 0.609930 -0.000899 0.000000 0.000008 0.077980
 18   -0.602177 0.511412 -0.000006 0.000000 0.000000 0.000000
 19   3.673773 0.177020 1.119313 -0.000002 -0.000014 -0.174510
 20   3.673767 0.176993 -1.117566 0.000007 -0.000003 -0.174546
 21   3.942357 1.334540 1.627658 0.000002 -0.000011 -0.000026
 22   -0.246060 -0.011889 0.516521 -0.000011 0.000031 0.000025
 23   3.942374 1.334565 -1.631083 0.000019 0.000002 -0.000024
 24   -0.246150 -0.011872 -0.516511 -0.000005 -0.000006 0.000048
 25   4.941364 1.997338 1.629330 0.000018 0.138948 -0.000024
 26   4.941382 1.997366 -1.629410 -0.000001 -0.138952 -0.000024
 27   2.914462 1.619264 1.514501 -0.000019 -0.000022 -0.000050
 28   2.916892 1.618870 -1.501142 -0.000002 -0.000009 -0.000024
 29   8.824059 0.150544 0.091743 -0.025662 0.198788 -0.905114
 30   2.107179 -0.584617 1.776507 0.006813 0.009809 -0.027102
 31   2.113477 -0.584727 -1.845786 -0.009990 -0.013495 -0.039031
 32   -0.814395 -0.093824 3.127092 0.001376 -2.696260 0.071551
 33   14.298673 -0.408176 0.471578 -0.000052 -0.000209 0.033794
 34   15.835795 0.581398 0.242756 -0.003065 -0.010786 -0.001460
 35   -0.815868 -0.091229 -3.114430 0.458480 3.496800 -1.004464
 36   14.294526 -0.410349 -0.467541 -0.000063 -0.000180 -2.653655
 37   15.834409 0.579420 -0.284600 0.003089 0.010919 0.015959
 38   1.960023 -4.117832 -3.191012 -0.190726 -0.128013 1.014719
 39   -4.141326 -1.144701 -0.734461 -0.061709 -0.058449 0.535017
 40   0.567303 -4.176353 2.706024 -0.190726 -0.128013 1.014719
 41   -4.750256 -0.969283 0.947847 -0.061710 -0.058449 0.535017
 42   0.791795 -0.845744 -2.641737 -0.061697 0.028750 1.316903
 43   0.500030 -0.610086 2.904534 -0.061696 0.028749 1.316945
time 49
  0   0.020765 -0.546892 15.239118 2.705095 0.000000 -1.571069
  1   -1.093036 0.000002 -0.326057 -1.570022 -1.570379 -0.000268
  2   2.262337 0.113614 0.064702 -0.013605 0.156448 0.261364
  3   2.380047 0.353302 0.047440 0.001260 0.156994 0.479999
  4   2.033756 0.190472 -0.000128 -0.024446 0.172794 0.399272
  5   2.451511 0.204909 -0.003447 0.000000 -0.000005 -0.017472
  6   7.247600 -0.397300 -0.109469 0.000001 -0.000003 0.418536
  7   -2.022252 -0.104661 3.136172 -0.298783 -1.361718 -2.901842
  8   1.168026 -0.537438 -0.063437 -1.564945 0.878705 -1.528561
  9   6.790376 -0.619176 0.015206 -0.009312 -0.035190 -0.539141
 10   8.637599 0.544015 -0.090417 -1.570112 0.000221 -0.122021
 11   6.790465 -0.619039 0.017802 -0.009626 -0.035301 -0.392564
 12   -2.022474 -0.104699 -2.873818 0.298969 1.362003 -2.901601
 13   1.167898 -0.537463 0.063297 1.490352 -0.580653 -1.706021
 14   7.002743 -0.617765 -0.183752 0.614816 -0.819664 -0.122769
 15   8.209042 0.615527 -0.255885 -0.750575 0.526679 -0.668674
 16   7.002735 -0.617911 -0.183641 0.409265 -0.577603 -0.042544
 17   1.574674 0.609930 -0.000899 0.000000 0.000008 0.077980
 18   -0.602177 0.511412 -0.000006 0.000000 0.000000 0.000000
 19   3.673773 0.177020 1.119313 -0.000002 -0.000014 -0.174510
 20   3.673767 0.176993 -1.117566 0.000007 -0.000003 -0.174546
 21   3.942357 1.334540 1.627658 0.000002 -0.000011 -0.000026
 22   -0.246060 -0.011889 0.516521 -0.000011 0.000031 0.000025
 23   3.942374 1.334565 -1.631083 0.000019 0.000002 -0.000024
 24   -0.246150 -0.011872 -0.516511 -0.000005 -0.000006 0.000048
 25   4.941364 1.997338 1.629330 0.000018 0.143243 -0.000024
 26   4.941382 1.997366 -1.629410 -0.000001 -0.143256 -0.000024
 27   2.914462 1.619264 1.514501 -0.000019 -0.000022 -0.000050
 28   2.916892 1.618870 -1.501142 -0.000002 -0.000009 -0.000024
 29   8.824059 0.150544 0.091743 -0.026196 0.196628 -0.898300
 30   2.111085 -0.565085 1.784320 0.001823 0.002137 -0.007267
 31   2.121290 -0.565195 -1.853599 -0.002681 -0.003626 -0.010501
 32   -0.814395 -0.093824 3.127092 0.001376 -2.696260 0.071551
 33   14.298673 -0.408176 0.471578 -0.000052 -0.000209 0.033794
 34   15.835795 0.581398 0.242756 -0.003065 -0.010786 -0.001460
 35   -0.815868 -0.091229 -3.114430 0.458480 3.496800 -1.004464
 36   14.294526 -0.410349 -0.467541 -0.000063 -0.000180 -2.653655
 37   15.834409 0.579420 -0.284600 0.003089 0.010919 0.015959
 38   1.956116 -4.117832 -3.191012 -0.187947 -0.130291 1.003234
 39   -4.145233 -1.140794 -0.734461 -0.060103 -0.059408 0.519900
 40   0.571209 -4.176353 2.709930 -0.187947 -0.130290 1.003233
 41   -4.746349 -0.973190 0.947847 -0.060104 -0.059408 0.519872
 42   0.764450 -0.826213 -2.645644 -0.060858 0.027554 1.312386
 43   0.476592 -0.598367 2.900628 -0.060859 0.027556 1.312386
time 50
  0   0.020765 -0.546892 15.239118 2.705095 0.000000 -1.571069
  1   -1.093036 0.000002 -0.326057 -1.570022 -1.570379 -0.000268
  2   2.262337 0.113614 0.064702 -0.013605 0.156448 0.256160
  3   2.380047 0.353302 0.047440 0.001260 0.156994 0.476530
  4   2.033756 0.190472 -0.000128 -0.024446 0.172794 0.393980
  5   2.451511 0.204909 -0.003447 0.000000 -0.000005 -0.017472
  6   7.247600 -0.397300 -0.109469 0.000001 -0.000003 0.418536
  7   -2.022252 -0.104661 3.136172 -0.298783 -1.361718 -2.901842
  8   1.168026 -0.537438 -0.063437 -1.564312 0.887460 -1.527992
  9   6.790376 -0.619176 0.015206 -0.009312 -0.035190 -0.539141
 10   8.637599 0.544015 -0.090417 -1.570112 0.000221 -0.122021
 11   6.790465 -0.619039 0.017802 -0.009626 -0.035301 -0.392564
 12   -2.022474 -0.104699 -2.873818 0.298969 1.362003 -2.901601
 13   1.167898 -0.537463 0.063297 1.492039 -0.590925 -1.706990
 14   7.002743 -0.617765 -0.183752 0.614816 -0.819664 -0.122769
 15   8.209042 0.615527 -0.255885 -0.750575 0.526679 -0.668674
 16   7.002735 -0.617911 -0.183641 0.409265 -0.577603 -0.042544
 17   1.574674 0.609930 -0.000899 0.000000 0.000008 0.077980
 18   -0.602177 0.511412 -0.000006 0.000000 0.000000 0.000000
 19   3.673773 0.177020 1.119313 -0.000002 -0.000014 -0.174510
 20   3.673767 0.176993 -1.117566 0.000007 -0.000003 -0.174546
 21   3.942357 1.334540 1.627658 0.000002 -0.000011 -0.000026
 22   -0.246060 -0.011889 0.516521 -0.000011 0.000031 0.000025
 23   3.942374 1.334565 -1.631083 0.000019 0.000002 -0.000024
 24   -0.246150 -0.011872 -0.516511 -0.000005 -0.000006 0.000048
 25   4.941364 1.997338 1.629330 0.000018 0.147496 -0.000024
 26   4.941382 1.997366 -1.629410 -0.000001 -0.147509 -0.000024
 27   2.914462 1.619264 1.514501 -0.000019 -0.000022 -0.000050
 28   2.916892 1.618870 -1.501142 -0.000002 -0.000009 -0.000024
 29   8.824059 0.150544 0.091743 -0.026374 0.195845 -0.895779
 30   2.111085 -0.561179 1.784320 -0.000008 -0.000682 0.000024
 31   2.121290 -0.561289 -1.853599 0.000000 0.000000 -0.000002
 32   -0.814395 -0.093824 3.127092 0.001376 -2.696260 0.071551
 33   14.298673 -0.408176 0.471578 -0.000052 -0.000209 0.033794
 34   15.835795 0.581398 0.242756 -0.003065 -0.010786 -0.001460
 35   -0.815868 -0.091229 -3.114430 0.458480 3.496800 -1.004464
 36   14.294526 -0.410349 -0.467541 -0.000063 -0.000180 -2.653655
 37   15.834409 0.579420 -0.284600 0.003089 0.010919 0.015959
 38   1.952210 -4.117832 -3.191012 -0.186916 -0.131122 0.999018
 39   -4.145233 -1.140794 -0.734461 -0.059515 -0.059767 0.514319
 40   0.575116 -4.176353 2.709930 -0.186916 -0.131122 0.999017
 41   -4.746349 -0.973190 0.947847 -0.059516 -0.059767 0.514319
 42   0.756638 -0.818400 -2.645644 -0.060546 0.027125 1.310714
 43   0.464873 -0.590554 2.896721 -0.060546 0.027117 1.310714
time 51
  0   0.020765 -0.546892 15.239118 2.705095 0.000000 -1.571069
  1   -1.093036 0.000002 -0.326057 -1.570022 -1.570379 -0.000268
  2   2.262337 0.113614 0.064702 -0.013605 0.156448 0.250919
  3   2.380047 0.353302 0.047440 0.001260 0.156994 0.473041
  4   2.033756 0.190472 -0.000128 -0.024446 0.172794 0.388833
  5   2.451511 0.204909 -0.003447 0.000000 -0.000005 -0.017472
  6   7.247600 -0.397300 -0.109469 0.000001 -0.000003 0.418536
  7   -2.022252 -0.104661 3.136172 -0.298783 -1.361718 -2.901842
  8   1.168026 -0.537438 -0.063437 -1.563805 0.896114 -1.527612
  9   6.790376 -0.619176 0.015206 -0.009312 -0.035190 -0.539141
 10   8.637599 0.544015 -0.090417 -1.570112 0.000221 -0.122021
 11   6.790465 -0.619039 0.017802 -0.009626 -0.035301 -0.392564
 12   -2.022474 -0.104699 -2.873818 0.298969 1.362003 -2.901601
 13   1.167898 -0.537463 0.063297 1.493656 -0.601249 -1.708019
 14   7.002743 -0.617765 -0.183752 0.614816 -0.819664 -0.122769
 15   8.209042 0.615527 -0.255885 -0.750575 0.526679 -0.668674
 16   7.002735 -0.617911 -0.183641 0.409265 -0.577603 -0.042544
 17   1.574674 0.609930 -0.000899 0.000000 0.000008 0.077980
 18   -0.602177 0.511412 -0.000006 0.000000 0.000000 0.000000
 19   3.673773 0.177020 1.119313 -0.000002 -0.000014 -0.174510
 20   3.673767 0.176993 -1.117566 0.000007 -0.000003 -0.174546
 21   3.942357 1.334540 1.627658 0.000002 -0.000011 -0.000026
 22   -0.246060 -0.011889 0.516521 -0.000011 0.000031 0.000025
 23   3.942374 1.334565 -1.631083 0.000019 0.000002 -0.000024
 24   -0.246150 -0.011872 -0.516511 -0.000005 -0.000006 0.000048
 25   4.941364 1.997338 1.629330 0.000018 0.151737 -0.000024
 26   4.941382 1.997366 -1.629410 -0.000001 -0.151750 -0.000024
 27   2.914462 1.619264 1.514501 -0.000019 -0.000022 -0.000050
 28   2.916892 1.618870 -1.501142 -0.000002 -0.000009 -0.000024
 29   8.824059 0.150544 0.091743 -0.026196 0.196628 -0.898300
 30   2.111085 -0.565085 1.784320 0.001823 0.002137 -0.007267
 31   2.121290 -0.565195 -1.853599 -0.002681 -0.003626 -0.010501
 32   -0.814395 -0.093824 3.127092 0.001376 -2.696260 0.071551
 33   14.298673 -0.408176 0.471578 -0.000052 -0.000209 0.033794
 34   15.835795 0.581398 0.242756 -0.003065 -0.010786 -0.001460
 35   -0.815868 -0.091229 -3.114430 0.458480 3.496800 -1.004464
 36   14.294526 -0.410349 -0.467541 -0.000063 -0.000180 -2.653655
 37   15.834409 0.579420 -0.284600 0.003089 0.010919 0.015959
 38   1.956116 -4.117832 -3.191012 -0.187947 -0.130291 1.003234
 39   -4.145233 -1.140794 -0.734461 -0.060103 -0.059408 0.519900
 40   0.571209 -4.176353 2.709930 -0.187947 -0.130290 1.003233
 41   -4.746349 -0.973190 0.947847 -0.060104 -0.059408 0.519872
 42   0.764450 -0.826213 -2.645644 -0.060858 0.027554 1.312386
 43   0.476592 -0.598367 2.900628 -0.060859 0.027556 1.312386
time 52
  0   0.020765 -0.546892 15.239118 2.705095 0.000000 -1.571069
  1   -1.093036 0.000002 -0.326057 -1.570022 -1.570379 -0.000268
  2   2.262337 0.113614 0.064702 -0.013605 0.156448 0.245661
  3   2.380047 0.353302 0.047440 0.001260 0.156994 0.469531
  4   2.033756 0.190472 -0.000128 -0.024446 0.172794 0.383540
  5   2.451511 0.204909 -0.003447 0.000000 -0.000005 -0.017472
  6   7.247600 -0.397300 -0.109469 0.000001 -0.000003 0.418536
  7   -2.022252 -0.104661 3.136172 -0.298783 -1.361718 -2.901842
  8   1.168026 -0.537438 -0.063437 -1.563173 0.904768 -1.527043
  9   6.790376 -0.619176 0.015206 -0.009312 -0.035190 -0.539141
 10   8.637599 0.544015 -0.090417 -1.570112 0.000221 -0.122021
 11   6.790465 -0.619039 0.017802 -0.009626 -0.035301 -0.392564
 12   -2.022474 -0.104699 -2.873818 0.298969 1.362003 -2.901601
 13   1.167898 -0.537463 0.063297 1.495554 -0.611725 -1.708927
 14   7.002743 -0.617765 -0.183752 0.614816 -0.819664 -0.122769
 15   8.209042 0.615527 -0.255885 -0.750935 0.526679 -0.668674
 16   7.002735 -0.617911 -0.183641 0.409265 -0.577603 -0.042544
 17   1.574674 0.609930 -0.000899 0.000000 0.000008 0.077980
 18   -0.602177 0.511412 -0.000006 0.000000 0.000000 0.000000
 19   3.673773 0.177020 1.119313 -0.000002 -0.000014 -0.174510
 20   3.673767 0.176993 -1.117566 0.000007 -0.000003 -0.174546
 21   3.942357 1.334540 1.627658 0.000002 -0.000011 -0.000026
 22   -0.246060 -0.011889 0.516521 -0.000011 0.000031 0.000025
 23   3.938468 1.334565 -1.631083 0.000019 0.000002 -0.000024
 24   -0.246150 -0.011872 -0.516511 -0.000005 -0.000006 0.000048
 25   4.941364 1.997338 1.629330 0.000018 0.155923 -0.000024
 26   4.941382 1.997366 -1.629410 -0.000001 -0.155917 -0.000024
 27   2.914462 1.619264 1.514501 -0.000019 -0.000022 -0.000050
 28   2.916892 1.618870 -1.501142 -0.000002 -0.000009 -0.000024
 29   8.824059 0.150544 0.091743 -0.025662 0.198788 -0.905114
 30   2.107179 -0.584617 1.776507 0.006813 0.009809 -0.027102
 31   2.113477 -0.584727 -1.845786 -0.009990 -0.013495 -0.039031
 32   -0.814395 -0.093824 3.127092 0.001376 -2.696260 0.071551
 33   14.298673 -0.408176 0.471578 -0.000052 -0.000209 0.033794
 34   15.835795 0.581398 0.242756 -0.003065 -0.010786 -0.001460
 35   -0.815868 -0.091229 -3.114430 0.458480 3.496800 -1.004464
 36   14.294526 -0.410349 -0.467541 -0.000063 -0.000180 -2.653655
 37   15.834409 0.579420 -0.284600 0.003089 0.010919 0.015959
 38   1.960023 -4.117832 -3.191012 -0.190726 -0.128013 1.014719
 39   -4.141326 -1.144701 -0.734461 -0.061709 -0.058449 0.535017
 40   0.567303 -4.176353 2.706024 -0.190726 -0.128013 1.014719
 41   -4.750256 -0.969283 0.947847 -0.061710 -0.058449 0.535017
 42   0.791795 -0.845744 -2.641737 -0.061697 0.028750 1.316903
 43   0.500030 -0.610086 2.904534 -0.061696 0.028749 1.316945
time 53
  0   0.020765 -0.546892 15.239118 2.705095 0.000000 -1.571069
  1   -1.093036 0.000002 -0.326057 -1.570022 -1.570379 -0.000268
  2   2.262337 0.113614 0.064702 -0.013605 0.156448 0.240493
  3   2.380047 0.353302 0.047440 0.001260 0.156994 0.466062
  4   2.033756 0.190472 -0.000128 -0.024446 0.172794 0.378285
  5   2.451511 0.204909 -0.003447 0.000000 -0.000005 -0.017472
  6   7.247600 -0.397300 -0.109469 0.000001 -0.000003 0.418536
  7   -2.022252 -0.104661 3.136172 -0.298783 -1.361718 -2.901842
  8   1.168026 -0.537438 -0.063437 -1.562540 0.913573 -1.526600
  9   6.790376 -0.619176 0.015206 -0.009312 -0.035190 -0.539141
 10   8.637599 0.544015 -0.090417 -1.570112 0.000221 -0.122021
 11   6.790465 -0.619039 0.017802 -0.009626 -0.035301 -0.392564
 12   -2.022474 -0.104699 -2.873818 0.298969 1.362003 -2.901601
 13   1.167898 -0.537463 0.063297 1.497382 -0.622048 -1.709956
 14   7.002743 -0.617765 -0.183752 0.614816 -0.819664 -0.122769
 15   8.209042 0.615527 -0.255885 -0.750935 0.526679 -0.668674
 16   7.002735 -0.617911 -0.183641 0.409265 -0.577603 -0.042599
 17   1.574674 0.609930 -0.000899 0.000000 0.000008 0.077980
 18   -0.602177 0.511412 -0.000006 0.000000 0.000000 0.000000
 19   3.673773 0.177020 1.119313 -0.000002 -0.000014 -0.174510
 20   3.673767 0.176993 -1.117566 0.000007 -0.000003 -0.174546
 21   3.942357 1.334540 1.627658 0.000002 -0.000011 -0.000026
 22   -0.246060 -0.011889 0.516521 -0.000011 0.000031 0.000025
 23   3.942374 1.334565 -1.631083 0.000019 0.000002 -0.000024
 24   -0.246150 -0.011872 -0.516511 -0.000005 -0.000006 0.000048
 25   4.941364 1.997338 1.629330 0.000018 0.160042 -0.000024
 26   4.941382 1.997366 -1.629410 -0.000001 -0.160058 -0.000024
 27   2.914462 1.619264 1.514501 -0.000019 -0.000022 -0.000050
 28   2.916892 1.618870 -1.501142 -0.000002 -0.000009 -0.000024
 29   8.824059 0.150544 0.091743 -0.024859 0.201969 -0.915146
 30   2.099366 -0.611962 1.764788 0.014176 0.021143 -0.056307
 31   2.101758 -0.615978 -1.834067 -0.020761 -0.028025 -0.081063
 32   -0.814395 -0.093824 3.127092 0.001376 -2.696260 0.071551
 33   14.298673 -0.408176 0.471578 -0.000052 -0.000209 0.033794
 34   15.835795 0.581398 0.242756 -0.003065 -0.010786 -0.001460
 35   -0.815868 -0.091229 -3.114430 0.458480 3.496800 -1.004464
 36   14.294526 -0.410349 -0.467541 -0.000063 -0.000180 -2.653655
 37   15.834409 0.579420 -0.284600 0.003089 0.010919 0.015959
 38   1.963929 -4.121738 -3.191012 -0.194830 -0.124675 1.031642
 39   -4.137420 -1.148607 -0.734461 -0.064082 -0.057035 0.557314
 40   0.563397 -4.172447 2.706024 -0.194830 -0.124674 1.031642
 41   -4.754162 -0.965377 0.947847 -0.064083 -0.057035 0.557314
 42   0.834765 -0.876995 -2.630018 -0.062955 0.030513 1.323595
 43   0.531281 -0.633524 2.912347 -0.062945 0.030506 1.323595
time 54
  0   0.020765 -0.546892 15.239118 2.705095 0.000000 -1.571069
  1   -1.093036 0.000002 -0.326057 -1.570022 -1.570379 -0.000268
  2   2.262337 0.113614 0.064702 -0.013605 0.156448 0.235180
  3   2.380047 0.353302 0.047440 0.001260 0.156994 0.462573
  4   2.033756 0.190472 -0.000128 -0.024446 0.172794 0.373101
  5   2.451511 0.204909 -0.003447 0.000000 -0.000005 -0.017472
  6   7.247600 -0.397300 -0.109469 0.000001 -0.000003 0.418536
  7   -2.022252 -0.104661 3.136172 -0.298783 -1.361718 -2.901842
  8   1.168026 -0.537438 -0.063437 -1.561844 0.922227 -1.526157
  9   6.790376 -0.619176 0.015206 -0.009312 -0.035190 -0.539141
 10   8.637599 0.544015 -0.090417 -1.570112 0.000221 -0.122021
 11   6.790465 -0.619039 0.017802 -0.009626 -0.035301 -0.392564
 12   -2.022474 -0.104699 -2.873818 0.298969 1.362003 -2.901601
 13   1.167898 -0.537463 0.063297 1.499139 -0.632321 -1.711106
 14   7.002743 -0.617765 -0.183752 0.614816 -0.819664 -0.122769
 15   8.209042 0.615527 -0.255885 -0.750575 0.526679 -0.668674
 16   7.002735 -0.617911 -0.183641 0.409265 -0.577603 -0.042599
 17   1.574674 0.609930 -0.000899 0.000000 0.000008 0.077980
 18   -0.602177 0.511412 -0.000006 0.000000 0.000000 0.000000
 19   3.673773 0.177020 1.119313 -0.000002 -0.000014 -0.174510
 20   3.673767 0.176993 -1.117566 0.000007 -0.000003 -0.174546
 21   3.942357 1.334540 1.627658 0.000002 -0.000011 -0.000026
 22   -0.246060 -0.011889 0.516521 -0.000011 0.000031 0.000025
 23   3.938468 1.334565 -1.631083 0.000019 0.000002 -0.000024
 24   -0.246150 -0.011872 -0.516511 -0.000005 -0.000006 0.000048
 25   4.941364 1.997338 1.629330 0.000018 0.164135 -0.000024
 26   4.941382 1.997366 -1.629410 -0.000001 -0.164137 -0.000024
 27   2.914462 1.619264 1.514501 -0.000019 -0.000022 -0.000050
 28   2.916892 1.618870 -1.501142 -0.000002 -0.000009 -0.000024
 29   8.824059 0.150544 0.091743 -0.023879 0.205839 -0.927324
 30   2.091553 -0.647119 1.749163 0.023112 0.034918 -0.091796
 31   2.090039 -0.647229 -1.818442 -0.033846 -0.045664 -0.132101
 32   -0.814395 -0.093824 3.127092 0.001376 -2.696260 0.071551
 33   14.298673 -0.408176 0.471578 -0.000052 -0.000209 0.033794
 34   15.835795 0.581398 0.242756 -0.003065 -0.010786 -0.001460
 35   -0.815868 -0.091229 -3.114430 0.458480 3.496800 -1.004464
 36   14.294526 -0.410349 -0.467541 -0.000063 -0.000180 -2.653655
 37   15.834409 0.579420 -0.284600 0.003089 0.010919 0.015959
 38   1.971742 -4.125645 -3.187105 -0.199819 -0.120602 1.052231
 39   -4.133513 -1.152513 -0.734461 -0.066958 -0.055309 0.584407
 40   0.555584 -4.168541 2.706024 -0.199819 -0.120601 1.052231
 41   -4.758069 -0.961471 0.947847 -0.066959 -0.055309 0.584407
 42   0.881641 -0.916059 -2.622206 -0.064465 0.032644 1.331708
 43   0.574251 -0.660869 2.920160 -0.064469 0.032640 1.331708
time 55
  0   0.020765 -0.546892 15.239118 2.705095 0.000000 -1.571069
  1   -1.093036 0.000002 -0.326057 -1.570022 -1.570379 -0.000268
  2   2.262337 0.113614 0.064702 -0.013605 0.156448 0.229993
  3   2.380047 0.353302 0.047440 0.001260 0.156994 0.459063
  4   2.033756 0.190472 -0.000128 -0.024446 0.172794 0.367846
  5   2.451511 0.204909 -0.003447 0.000000 -0.000005 -0.017472
  6   7.247600 -0.397300 -0.109469 0.000001 -0.000003 0.418536
  7   -2.022252 -0.104661 3.136172 -0.298783 -1.361718 -2.901842
  8   1.168026 -0.537438 -0.063437 -1.561401 0.931032 -1.525651
  9   6.790376 -0.619176 0.015206 -0.009312 -0.035190 -0.539141
 10   8.637599 0.544015 -0.090417 -1.570112 0.000221 -0.122021
 11   6.790465 -0.619039 0.017802 -0.009626 -0.035301 -0.392564
 12   -2.022474 -0.104699 -2.873818 0.298969 1.362003 -2.901601
 13   1.167898 -0.537463 0.063297 1.500967 -0.642645 -1.712135
 14   7.002743 -0.617765 -0.183752 0.614816 -0.819664 -0.122769
 15   8.209042 0.615527 -0.255885 -0.750575 0.526679 -0.668674
 16   7.002735 -0.617911 -0.183641 0.409265 -0.577603 -0.042544
 17   1.574674 0.609930 -0.000899 0.000000 0.000008 0.077980
 18   -0.602177 0.511412 -0.000006 0.000000 0.000000 0.000000
 19   3.673773 0.177020 1.119313 -0.000002 -0.000014 -0.174510
 20   3.673767 0.176993 -1.117566 0.000007 -0.000003 -0.174546
 21   3.942357 1.334540 1.627658 0.000002 -0.000011 -0.000026
 22   -0.246060 -0.011889 0.516521 -0.000011 0.000031 0.000025
 23   3.942374 1.334565 -1.631083 0.000019 0.000002 -0.000024
 24   -0.246150 -0.011872 -0.516511 -0.000005 -0.000006 0.000048
 25   4.941364 1.997338 1.629330 0.000018 0.168133 -0.000024
 26   4.941382 1.997366 -1.629410 -0.000001 -0.168141 -0.000024
 27   2.914462 1.619264 1.514501 -0.000019 -0.000022 -0.000050
 28   2.916892 1.618870 -1.501142 -0.000002 -0.000009 -0.000024
 29   8.824059 0.150544 0.091743 -0.022810 0.210040 -0.940629
 30   2.079834 -0.682276 1.733537 0.032835 0.049884 -0.130415
 31   2.074414 -0.686293 -1.802816 -0.048080 -0.064883 -0.187652
 32   -0.814395 -0.093824 3.127092 0.001376 -2.696260 0.071551
 33   14.298673 -0.408176 0.471578 -0.000052 -0.000209 0.033794
 34   15.835795 0.581398 0.242756 -0.003065 -0.010786 -0.001460
 35   -0.815868 -0.091229 -3.114430 0.458480 3.496800 -1.004464
 36   14.294526 -0.410349 -0.467541 -0.000063 -0.000180 -2.653655
 37   15.834409 0.579420 -0.284600 0.003089 0.010919 0.015959
 38   1.979554 -4.129551 -3.187105 -0.205250 -0.116180 1.074592
 39   -4.129607 -1.156420 -0.734461 -0.070098 -0.053439 0.613884
 40   0.547771 -4.168541 2.702117 -0.205250 -0.116179 1.074591
 41   -4.761975 -0.957564 0.947847 -0.070099 -0.053439 0.613884
 42   0.936331 -0.955123 -2.610487 -0.066119 0.034975 1.340533
 43   0.621127 -0.692120 2.931879 -0.066119 0.034962 1.340533
time 56
  0   0.020765 -0.546892 15.239118 2.705095 0.000000 -1.571069
  1   -1.093036 0.000002 -0.326057 -1.570022 -1.570379 -0.000268
  2   2.262337 0.113614 0.064702 -0.013605 0.156448 0.224771
  3   2.380047 0.353302 0.047440 0.001260 0.156994 0.455594
  4   2.033756 0.190472 -0.000128 -0.024446 0.172794 0.362553
  5   2.451511 0.204909 -0.003447 0.000000 -0.000005 -0.017472
  6   7.247600 -0.397300 -0.109469 0.000001 -0.000003 0.418536
  7   -2.022252 -0.104661 3.136172 -0.298783 -1.361718 -2.901842
  8   1.168026 -0.537438 -0.063437 -1.560641 0.939837 -1.525145
  9   6.790376 -0.619176 0.015206 -0.009312 -0.035190 -0.539141
 10   8.637599 0.544015 -0.090417 -1.570112 0.000221 -0.122021
 11   6.790465 -0.619039 0.017802 -0.009626 -0.035301 -0.392564
 12   -2.022474 -0.104699 -2.873818 0.298969 1.362003 -2.901601
 13   1.167898 -0.537463 0.063297 1.502865 -0.653121 -1.713225
 14   7.002743 -0.617765 -0.183752 0.614816 -0.819664 -0.122769
 15   8.209042 0.615527 -0.255885 -0.750575 0.526679 -0.668674
 16   7.002735 -0.617911 -0.183641 0.409265 -0.577603 -0.042544
 17   1.574674 0.609930 -0.000899 0.000000 0.000008 0.077980
 18   -0.602177 0.511412 -0.000006 0.000000 0.000000 0.000000
 19   3.673773 0.177020 1.119313 -0.000002 -0.000014 -0.174510
 20   3.673767 0.176993 -1.117566 0.000007 -0.000003 -0.174546
 21   3.942357 1.334540 1.627658 0.000002 -0.000011 -0.000026
 22   -0.246060 -0.011889 0.516521 -0.000011 0.000031 0.000025
 23   3.942374 1.334565 -1.631083 0.000019 0.000002 -0.000024
 24   -0.246150 -0.011872 -0.516511 -0.000005 -0.000006 0.000048
 25   4.941364 1.997338 1.629330 0.000018 0.172064 -0.000024
 26   4.941382 1.997366 -1.629410 -0.000001 -0.172070 -0.000024
 27   2.914462 1.619264 1.514501 -0.000019 -0.000022 -0.000050
 28   2.916892 1.618870 -1.501142 -0.000002 -0.000009 -0.000024
 29   8.824059 0.150544 0.091743 -0.021740 0.214242 -0.953933
 30   2.072021 -0.721340 1.717912 0.042557 0.064851 -0.169012
 31   2.058788 -0.725357 -1.787191 -0.062299 -0.084076 -0.243203
 32   -0.814395 -0.093824 3.127092 0.001376 -2.696260 0.071551
 33   14.298673 -0.408176 0.471578 -0.000052 -0.000209 0.033794
 34   15.835795 0.581398 0.242756 -0.003065 -0.010786 -0.001460
 35   -0.815868 -0.091229 -3.114430 0.458480 3.496800 -1.004464
 36   14.294526 -0.410349 -0.467541 -0.000063 -0.000180 -2.653655
 37   15.834409 0.579420 -0.284600 0.003089 0.010919 0.015959
 38   1.987367 -4.133457 -3.183199 -0.210659 -0.111757 1.097014
 39   -4.125701 -1.160326 -0.730555 -0.073226 -0.051570 0.643361
 40   0.543865 -4.164635 2.702117 -0.210659 -0.111756 1.097013
 41   -4.765881 -0.953658 0.943941 -0.073227 -0.051558 0.643361
 42   0.991020 -0.998093 -2.598767 -0.067773 0.037290 1.349357
 43   0.664098 -0.719465 2.939692 -0.067768 0.037301 1.349357
time 57
  0   0.020765 -0.546892 15.239118 2.705095 0.000000 -1.571069
  1   -1.093036 0.000002 -0.326057 -1.570022 -1.570379 -0.000268
  2   2.262337 0.113614 0.064702 -0.013605 0.156448 0.219512
  3   2.380047 0.353302 0.047440 0.001260 0.156994 0.452064
  4   2.033756 0.190472 -0.000128 -0.024446 0.172794 0.357406
  5   2.451511 0.204909 -0.003447 0.000000 -0.000005 -0.017472
  6   7.247600 -0.397300 -0.109469 0.000001 -0.000003 0.418536
  7   -2.022252 -0.104661 3.136172 -0.298783 -1.361718 -2.901842
  8   1.168026 -0.537438 -0.063437 -1.560009 0.948592 -1.524576
  9   6.790376 -0.619176 0.015206 -0.009312 -0.035190 -0.539141
 10   8.637599 0.544015 -0.090417 -1.570112 0.000221 -0.122021
 11   6.790465 -0.619039 0.017802 -0.009626 -0.035301 -0.392564
 12   -2.022474 -0.104699 -2.873818 0.298969 1.362003 -2.901601
 13   1.167898 -0.537463 0.063297 1.504763 -0.663444 -1.714375
 14   7.002743 -0.617765 -0.183752 0.614816 -0.819664 -0.122769
 15   8.209042 0.615527 -0.255885 -0.750575 0.526679 -0.668674
 16   7.002735 -0.617911 -0.183641 0.409265 -0.577603 -0.042599
 17   1.574674 0.609930 -0.000899 0.000000 0.000008 0.077980
 18   -0.602177 0.511412 -0.000006 0.000000 0.000000 0.000000
 19   3.673773 0.177020 1.119313 -0.000002 -0.000014 -0.174510
 20   3.673767 0.176993 -1.117566 0.000007 -0.000003 -0.174546
 21   3.942357 1.334540 1.627658 0.000002 -0.000011 -0.000026
 22   -0.246060 -0.011889 0.516521 -0.000011 0.000031 0.000025
 23   3.938468 1.334565 -1.631083 0.000019 0.000002 -0.000024
 24   -0.246150 -0.011872 -0.516511 -0.000005 -0.000006 0.000048
 25   4.941364 1.997338 1.629330 0.000018 0.175900 -0.000024
 26   4.941382 1.997366 -1.629410 -0.000001 -0.175912 -0.000024
 27   2.914462 1.619264 1.514501 -0.000019 -0.000022 -0.000050
 28   2.916892 1.618870 -1.501142 -0.000002 -0.000009 -0.000024
 29   8.824059 0.150544 0.091743 -0.020760 0.218087 -0.966112
 30   2.060302 -0.752591 1.702286 0.051480 0.078597 -0.204501
 31   2.047069 -0.756607 -1.775472 -0.075384 -0.101741 -0.294241
 32   -0.814395 -0.093824 3.127092 0.001376 -2.696260 0.071551
 33   14.298673 -0.408176 0.471578 -0.000052 -0.000209 0.033794
 34   15.835795 0.581398 0.242756 -0.003065 -0.010786 -0.001460
 35   -0.815868 -0.091229 -3.114430 0.458480 3.496800 -1.004464
 36   14.294526 -0.410349 -0.467541 -0.000063 -0.000180 -2.653655
 37   15.834409 0.579420 -0.284600 0.003089 0.010919 0.015959
 38   1.991274 -4.133457 -3.183199 -0.215648 -0.107696 1.117541
 39   -4.121795 -1.164232 -0.730555 -0.076102 -0.049844 0.670454
 40   0.536052 -4.160728 2.698211 -0.215648 -0.107695 1.117541
 41   -4.769788 -0.949752 0.943941 -0.076103 -0.049844 0.670454
 42   1.037896 -1.037156 -2.590955 -0.069283 0.039421 1.357471
 43   0.707068 -0.746809 2.951411 -0.069280 0.039435 1.357471
time 58
  0   0.020765 -0.546892 15.239118 2.705095 0.000000 -1.571069
  1   -1.093036 0.000002 -0.326057 -1.570022 -1.570379 -0.000268
  2   2.262337 0.113614 0.064702 -0.013605 0.156448 0.214290
  3   2.380047 0.353302 0.047440 0.001260 0.156994 0.448595
  4   2.033756 0.190472 -0.000128 -0.024446 0.172794 0.352114
  5   2.451511 0.204909 -0.003447 0.000000 -0.000005 -0.017472
  6   7.247600 -0.397300 -0.109469 0.000001 -0.000003 0.418536
  7   -2.022252 -0.104661 3.136172 -0.298783 -1.361718 -2.901842
  8   1.168026 -0.537438 -0.063437 -1.559123 0.957296 -1.523880
  9   6.790376 -0.619176 0.015206 -0.009312 -0.035190 -0.539141
 10   8.637599 0.544015 -0.090417 -1.570112 0.000221 -0.122021
 11   6.790465 -0.619039 0.017802 -0.009626 -0.035301 -0.392564
 12   -2.022474 -0.104699 -2.873818 0.298969 1.362003 -2.901601
 13   1.167898 -0.537463 0.063297 1.506661 -0.673717 -1.715525
 14   7.002743 -0.617765 -0.183752 0.614816 -0.819664 -0.122769
 15   8.209042 0.615527 -0.255885 -0.750575 0.526679 -0.668674
 16   7.002735 -0.617911 -0.183641 0.409265 -0.577603 -0.042544
 17   1.574674 0.609930 -0.000899 0.000000 0.000008 0.077980
 18   -0.602177 0.511412 -0.000006 0.000000 0.000000 0.000000
 19   3.673773 0.177020 1.119313 -0.000002 -0.000014 -0.174510
 20   3.673767 0.176993 -1.117566 0.000007 -0.000003 -0.174546
 21   3.942357 1.334540 1.627658 0.000002 -0.000011 -0.000026
 22   -0.246060 -0.011889 0.516521 -0.000011 0.000031 0.000025
 23   3.942374 1.334565 -1.631083 0.000019 0.000002 -0.000024
 24   -0.246150 -0.011872 -0.516511 -0.000005 -0.000006 0.000048
 25   4.941364 1.997338 1.629330 0.000018 0.179602 -0.000024
 26   4.941382 1.997366 -1.629410 -0.000001 -0.179629 -0.000024
 27   2.914462 1.619264 1.514501 -0.000019 -0.000022 -0.000050
 28   2.916892 1.618870 -1.501142 -0.000002 -0.000009 -0.000024
 29   8.824059 0.150544 0.091743 -0.019958 0.221268 -0.976144
 30   2.056396 -0.779936 1.690567 0.058843 0.089930 -0.233706
 31   2.035350 -0.787858 -1.763752 -0.086155 -0.116272 -0.336291
 32   -0.814395 -0.093824 3.127092 0.001376 -2.696260 0.071551
 33   14.298673 -0.408176 0.471578 -0.000052 -0.000209 0.033794
 34   15.835795 0.581398 0.242756 -0.003065 -0.010786 -0.001460
 35   -0.815868 -0.091229 -3.114430 0.458480 3.496800 -1.004464
 36   14.294526 -0.410349 -0.467541 -0.000063 -0.000180 -2.653655
 37   15.834409 0.579420 -0.284600 0.003089 0.010919 0.015959
 38   1.999086 -4.137363 -3.183199 -0.219752 -0.104346 1.134526
 39   -4.117888 -1.168139 -0.730555 -0.078475 -0.048430 0.692751
 40   0.528239 -4.156822 2.698211 -0.219752 -0.104345 1.134525
 41   -4.773694 -0.945845 0.943941 -0.078476 -0.048430 0.692751
 42   1.080866 -1.068407 -2.583142 -0.070529 0.041185 1.364162
 43   0.738319 -0.770247 2.959223 -0.070529 0.041192 1.364162
time 59
  0   0.020765 -0.546892 15.239118 2.705095 0.000000 -1.571069
  1   -1.093036 0.000002 -0.326057 -1.570022 -1.570379 -0.000268
  2   2.262337 0.113614 0.064702 -0.013605 0.156448 0.209031
  3   2.380047 0.353302 0.047440 0.001260 0.156994 0.445085
  4   2.033756 0.190472 -0.000128 -0.024446 0.172794 0.346822
  5   2.451511 0.204909 -0.003447 0.000000 -0.000005 -0.017472
  6   7.247600 -0.397300 -0.109469 0.000001 -0.000003 0.418536
  7   -2.022252 -0.104661 3.136172 -0.298783 -1.361718 -2.901842
  8   1.168026 -0.537438 -0.063437 -1.558490 0.965799 -1.523374
  9   6.790376 -0.619176 0.015206 -0.009312 -0.035190 -0.539141
 10   8.637599 0.544015 -0.090417 -1.570112 0.000221 -0.122021
 11   6.790465 -0.619039 0.017802 -0.009626 -0.035301 -0.392564
 12   -2.022474 -0.104699 -2.873818 0.298969 1.362003 -2.901601
 13   1.167898 -0.537463 0.063297 1.508488 -0.684244 -1.716857
 14   7.002743 -0.617765 -0.183752 0.614816 -0.819664 -0.122769
 15   8.209042 0.615527 -0.255885 -0.750935 0.526679 -0.668674
 16   7.002735 -0.617911 -0.183641 0.409265 -0.577603 -0.042599
 17   1.574674 0.609930 -0.000899 0.000000 0.000008 0.077980
 18   -0.602177 0.511412 -0.000006 0.000000 0.000000 0.000000
 19   3.673773 0.177020 1.119313 -0.000002 -0.000014 -0.174510
 20   3.673767 0.176993 -1.117566 0.000007 -0.000003 -0.174546
 21   3.942357 1.334540 1.627658 0.000002 -0.000011 -0.000026
 22   -0.246060 -0.011889 0.516521 -0.000011 0.000031 0.000025
 23   3.942374 1.334565 -1.631083 0.000019 0.000002 -0.000024
 24   -0.246150 -0.011872 -0.516511 -0.000005 -0.000006 0.000048
 25   4.941364 1.997338 1.629330 0.000018 0.183210 -0.000024
 26   4.941382 1.997366 -1.629410 -0.000001 -0.183222 -0.000024
 27   2.914462 1.619264 1.514501 -0.000019 -0.000022 -0.000050
 28   2.916892 1.618870 -1.501142 -0.000002 -0.000009 -0.000024
 29   8.824059 0.150544 0.091743 -0.019423 0.223429 -0.982957
 30   2.048583 -0.799468 1.682754 0.063833 0.097632 -0.253541
 31   2.027537 -0.807390 -1.755940 -0.093463 -0.126114 -0.364803
 32   -0.814395 -0.093824 3.127092 0.001376 -2.696260 0.071551
 33   14.298673 -0.408176 0.471578 -0.000052 -0.000209 0.033794
 34   15.835795 0.581398 0.242756 -0.003065 -0.010786 -0.001460
 35   -0.815868 -0.091229 -3.114430 0.458480 3.496800 -1.004464
 36   14.294526 -0.410349 -0.467541 -0.000063 -0.000180 -2.653655
 37   15.834409 0.579420 -0.284600 0.003089 0.010919 0.015959
 38   2.002993 -4.141270 -3.179293 -0.222531 -0.102080 1.146011
 39   -4.117888 -1.172045 -0.730555 -0.080081 -0.047459 0.707896
 40   0.524333 -4.156822 2.698211 -0.222531 -0.102080 1.146011
 41   -4.773694 -0.941939 0.943941 -0.080082 -0.047459 0.707896
 42   1.108211 -1.087939 -2.575329 -0.071380 0.042381 1.368721
 43   0.761757 -0.785873 2.963130 -0.071379 0.042385 1.368721
time 60
  0   0.020765 -0.546892 15.239118 2.705095 0.000000 -1.571069
  1   -1.093036 0.000002 -0.326057 -1.570022 -1.570379 -0.000268
  2   2.262337 0.113614 0.064702 -0.013605 0.156448 0.214290
  3   2.380047 0.353302 0.047440 0.001260 0.156994 0.448595
  4   2.033756 0.190472 -0.000128 -0.024446 0.172794 0.352114
  5   2.451511 0.204909 -0.003447 0.000000 -0.000005 -0.017472
  6   7.247600 -0.397300 -0.109469 0.000001 -0.000003 0.418536
  7   -2.022252 -0.104661 3.136172 -0.298783 -1.361718 -2.901842
  8   1.168026 -0.537438 -0.063437 -1.559123 0.957296 -1.523880
  9   6.790376 -0.619176 0.015206 -0.009312 -0.035190 -0.539141
 10   8.637599 0.544015 -0.090417 -1.570112 0.000221 -0.122021
 11   6.790465 -0.619039 0.017802 -0.009626 -0.035301 -0.392564
 12   -2.022474 -0.104699 -2.873818 0.298969 1.362003 -2.901601
 13   1.167898 -0.537463 0.063297 1.506661 -0.673717 -1.715525
 14   7.002743 -0.617765 -0.183752 0.614816 -0.819664 -0.122769
 15   8.209042 0.615527 -0.255885 -0.750575 0.526679 -0.668674
 16   7.002735 -0.617911 -0.183641 0.409265 -0.577603 -0.042544
 17   1.574674 0.609930 -0.000899 0.000000 0.000008 0.077980
 18   -0.602177 0.511412 -0.000006 0.000000 0.000000 0.000000
 19   3.673773 0.177020 1.119313 -0.000002 -0.000014 -0.174510
 20   3.673767 0.176993 -1.117566 0.000007 -0.000003 -0.174546
 21   3.942357 1.334540 1.627658 0.000002 -0.000011 -0.000026
 22   -0.246060 -0.011889 0.516521 -0.000011 0.000031 0.000025
 23   3.942374 1.334565 -1.631083 0.000019 0.000002 -0.000024
 24   -0.246150 -0.011872 -0.516511 -0.000005 -0.000006 0.000048
 25   4.941364 1.997338 1.629330 0.000018 0.186696 -0.000024
 26   4.941382 1.997366 -1.629410 -0.000001 -0.186702 -0.000024
 27   2.914462 1.619264 1.514501 -0.000019 -0.000022 -0.000050
 28   2.916892 1.618870 -1.501142 -0.000002 -0.000009 -0.000024
 29   8.824059 0.150544 0.091743 -0.019156 0.224236 -0.985479
 30   2.048583 -0.807280 1.678848 0.065678 0.100451 -0.260832
 31   2.023631 -0.811297 -1.752033 -0.096160 -0.129766 -0.375320
 32   -0.814395 -0.093824 3.127092 0.001376 -2.696260 0.071551
 33   14.298673 -0.408176 0.471578 -0.000052 -0.000209 0.033794
 34   15.835795 0.581398 0.242756 -0.003065 -0.010786 -0.001460
 35   -0.815868 -0.091229 -3.114430 0.458480 3.496800 -1.004464
 36   14.294526 -0.410349 -0.467541 -0.000063 -0.000180 -2.653655
 37   15.834409 0.579420 -0.284600 0.003089 0.010919 0.015959
 38   2.002993 -4.141270 -3.179293 -0.223562 -0.101237 1.150227
 39   -4.117888 -1.172045 -0.730555 -0.080680 -0.047111 0.713449
 40   0.524333 -4.156822 2.698211 -0.223562 -0.101236 1.150226
 41   -4.773694 -0.941939 0.943941 -0.080681 -0.047111 0.713449
 42   1.116024 -1.095752 -2.575329 -0.071692 0.042825 1.370352
 43   0.773476 -0.789779 2.963130 -0.071691 0.042824 1.370352
time 61
  0   0.020765 -0.546892 15.239118 2.705095 0.000000 -1.571069
  1   -1.093036 0.000002 -0.326057 -1.570022 -1.570379 -0.000268
  2   2.262337 0.113614 0.064702 -0.013605 0.156448 0.219512
  3   2.380047 0.353302 0.047440 0.001260 0.156994 0.452064
  4   2.033756 0.190472 -0.000128 -0.024446 0.172794 0.357406
  5   2.451511 0.204909 -0.003447 0.000000 -0.000005 -0.017472
  6   7.247600 -0.397300 -0.109469 0.000001 -0.000003 0.418536
  7   -2.022252 -0.104661 3.136172 -0.298783 -1.361718 -2.901842
  8   1.168026 -0.537438 -0.063437 -1.560009 0.948592 -1.524576
  9   6.790376 -0.619176 0.015206 -0.009312 -0.035190 -0.539141
 10   8.637599 0.544015 -0.090417 -1.570112 0.000221 -0.122021
 11   6.790465 -0.619039 0.017802 -0.009626 -0.035301 -0.392564
 12   -2.022474 -0.104699 -2.873818 0.298969 1.362003 -2.901601
 13   1.167898 -0.537463 0.063297 1.504763 -0.663444 -1.714375
 14   7.002743 -0.617765 -0.183752 0.614816 -0.819664 -0.122769
 15   8.209042 0.615527 -0.255885 -0.750575 0.526679 -0.668674
 16   7.002735 -0.617911 -0.183641 0.409265 -0.577603 -0.042599
 17   1.574674 0.609930 -0.000899 0.000000 0.000008 0.077980
 18   -0.602177 0.511412 -0.000006 0.000000 0.000000 0.000000
 19   3.673773 0.177020 1.119313 -0.000002 -0.000014 -0.174510
 20   3.673767 0.176993 -1.117566 0.000007 -0.000003 -0.174546
 21   3.942357 1.334540 1.627658 0.000002 -0.000011 -0.000026
 22   -0.246060 -0.011889 0.516521 -0.000011 0.000031 0.000025
 23   3.938468 1.334565 -1.631083 0.000019 0.000002 -0.000024
 24   -0.246150 -0.011872 -0.516511 -0.000005 -0.000006 0.000048
 25   4.941364 1.997338 1.629330 0.000018 0.190021 -0.000024
 26   4.941382 1.997366 -1.629410 -0.000001 -0.190032 -0.000024
 27   2.914462 1.619264 1.514501 -0.000019 -0.000022 -0.000050
 28   2.916892 1.618870 -1.501142 -0.000002 -0.000009 -0.000024
 29   8.824059 0.150544 0.091743 -0.019245 0.224188 -0.985425
 30   2.048583 -0.799468 1.682754 0.063833 0.097632 -0.253541
 31   2.027537 -0.807390 -1.755940 -0.093463 -0.126114 -0.364803
 32   -0.814395 -0.093824 3.127092 0.001376 -2.696260 0.071551
 33   14.298673 -0.408176 0.471578 -0.000052 -0.000209 0.033794
 34   15.835795 0.581398 0.242756 -0.003065 -0.010786 -0.001460
 35   -0.815868 -0.091229 -3.114430 0.458480 3.496800 -1.004464
 36   14.294526 -0.410349 -0.467541 -0.000063 -0.000180 -2.653655
 37   15.834409 0.579420 -0.284600 0.003089 0.010919 0.015959
 38   2.002993 -4.141270 -3.179293 -0.223373 -0.102080 1.146011
 39   -4.117888 -1.172045 -0.730555 -0.080656 -0.047459 0.707896
 40   0.524333 -4.156822 2.698211 -0.223373 -0.102080 1.146011
 41   -4.773694 -0.941939 0.943941 -0.080657 -0.047459 0.707896
 42   1.108211 -1.095752 -2.575329 -0.071680 0.042381 1.370310
 43   0.761757 -0.789779 2.963130 -0.071679 0.042385 1.370310
time 62
  0   0.020765 -0.546892 15.239118 2.705095 0.000000 -1.571069
  1   -1.093036 0.000002 -0.326057 -1.570022 -1.570379 -0.000268
  2   2.262337 0.113614 0.064702 -0.013605 0.156448 0.224771
  3   2.380047 0.353302 0.047440 0.001260 0.156994 0.455594
  4   2.033756 0.190472 -0.000128 -0.024446 0.172794 0.362553
  5   2.451511 0.204909 -0.003447 0.000000 -0.000005 -0.017472
  6   7.247600 -0.397300 -0.109469 0.000001 -0.000003 0.418536
  7   -2.022252 -0.104661 3.136172 -0.298783 -1.361718 -2.901842
  8   1.168026 -0.537438 -0.063437 -1.560641 0.939837 -1.525145
  9   6.790376 -0.619176 0.015206 -0.009312 -0.035190 -0.539141
 10   8.637599 0.544015 -0.090417 -1.570112 0.000221 -0.122021
 11   6.790465 -0.619039 0.017802 -0.009626 -0.035301 -0.392564
 12   -2.022474 -0.104699 -2.873818 0.298969 1.362003 -2.901601
 13   1.167898 -0.537463 0.063297 1.502865 -0.653121 -1.713225
 14   7.002743 -0.617765 -0.183752 0.614816 -0.819664 -0.122769
 15   8.209042 0.615527 -0.255885 -0.750575 0.526679 -0.668674
 16   7.002735 -0.617911 -0.183641 0.409265 -0.577603 -0.042544
 17   1.574674 0.609930 -0.000899 0.000000 0.000008 0.077980
 18   -0.602177 0.511412 -0.000006 0.000000 0.000000 0.000000
 19   3.673773 0.177020 1.119313 -0.000002 -0.000014 -0.174510
 20   3.673767 0.176993 -1.117566 0.000007 -0.000003 -0.174546
 21   3.942357 1.334540 1.627658 0.000002 -0.000011 -0.000026
 22   -0.246060 -0.011889 0.516521 -0.000011 0.000031 0.000025
 23   3.942374 1.334565 -1.631083 0.000019 0.000002 -0.000024
 24   -0.246150 -0.011872 -0.516511 -0.000005 -0.000006 0.000048
 25   4.941364 1.997338 1.629330 0.000018 0.193171 -0.000024
 26   4.941382 1.997366 -1.629410 -0.000001 -0.193176 -0.000024
 27   2.914462 1.619264 1.514501 -0.000019 -0.000022 -0.000050
 28   2.916892 1.618870 -1.501142 -0.000002 -0.000009 -0.000024
 29   8.824059 0.150544 0.091743 -0.019245 0.223998 -0.984781
 30   2.056396 -0.779936 1.690567 0.058843 0.089930 -0.233706
 31   2.035350 -0.787858 -1.763752 -0.086155 -0.116272 -0.336291
 32   -0.814395 -0.093824 3.127092 0.001376 -2.696260 0.071551
 33   14.298673 -0.408176 0.471578 -0.000052 -0.000209 0.033794
 34   15.835795 0.581398 0.242756 -0.003065 -0.010786 -0.001460
 35   -0.815868 -0.091229 -3.114430 0.458480 3.496800 -1.004464
 36   14.294526 -0.410349 -0.467541 -0.000063 -0.000180 -2.653655
 37   15.834409 0.579420 -0.284600 0.003089 0.010919 0.015959
 38   2.002993 -4.141270 -3.183199 -0.222699 -0.104346 1.134526
 39   -4.117888 -1.172045 -0.730555 -0.080512 -0.048430 0.692751
 40   0.524333 -4.156822 2.698211 -0.222699 -0.104345 1.134525
 41   -4.773694 -0.941939 0.943941 -0.080513 -0.048430 0.692751
 42   1.080866 -1.095752 -2.583142 -0.071608 0.041185 1.369892
 43   0.738319 -0.789779 2.959223 -0.071604 0.041192 1.369892
time 63
  0   0.020765 -0.546892 15.239118 2.705095 0.000000 -1.571069
  1   -1.093036 0.000002 -0.326057 -1.570022 -1.570379 -0.000268
  2   2.262337 0.113614 0.064702 -0.013605 0.156448 0.229993
  3   2.380047 0.353302 0.047440 0.001260 0.156994 0.459063
  4   2.033756 0.190472 -0.000128 -0.024446 0.172794 0.367846
  5   2.451511 0.204909 -0.003447 0.000000 -0.000005 -0.017472
  6   7.247600 -0.397300 -0.109469 0.000001 -0.000003 0.418536
  7   -2.022252 -0.104661 3.136172 -0.298783 -1.361718 -2.901842
  8   1.168026 -0.537438 -0.063437 -1.561401 0.931032 -1.525651
  9   6.790376 -0.619176 0.015206 -0.009312 -0.035190 -0.539141
 10   8.637599 0.544015 -0.090417 -1.570112 0.000221 -0.122021
 11   6.790465 -0.619039 0.017802 -0.009626 -0.035301 -0.392564
 12   -2.022474 -0.104699 -2.873818 0.298969 1.362003 -2.901601
 13   1.167898 -0.537463 0.063297 1.500967 -0.642645 -1.712135
 14   7.002743 -0.617765 -0.183752 0.614816 -0.819664 -0.122769
 15   8.209042 0.615527 -0.255885 -0.750575 0.526679 -0.668674
 16   7.002735 -0.617911 -0.183641 0.409265 -0.577603 -0.042544
 17   1.574674 0.609930 -0.000899 0.000000 0.000008 0.077980
 18   -0.602177 0.511412 -0.000006 0.000000 0.000000 0.000000
 19   3.673773 0.177020 1.119313 -0.000002 -0.000014 -0.174510
 20   3.673767 0.176993 -1.117566 0.000007 -0.000003 -0.174546
 21   3.942357 1.334540 1.627658 0.000002 -0.000011 -0.000026
 22   -0.246060 -0.011889 0.516521 -0.000011 0.000031 0.000025
 23   3.942374 1.334565 -1.631083 0.000019 0.000002 -0.000024
 24   -0.246150 -0.011872 -0.516511 -0.000005 -0.000006 0.000048
 25   4.941364 1.997338 1.629330 0.000018 0.196133 -0.000024
 26   4.941382 1.997366 -1.629410 -0.000001 -0.196144 -0.000024
 27   2.914462 1.619264 1.514501 -0.000019 -0.000022 -0.000050
 28   2.916892 1.618870 -1.501142 -0.000002 -0.000009 -0.000024
 29   8.824059 0.150544 0.091743 -0.019423 0.223452 -0.983064
 30   2.060302 -0.752591 1.702286 0.051480 0.078597 -0.204501
 31   2.047069 -0.756607 -1.775472 -0.075384 -0.101741 -0.294241
 32   -0.814395 -0.093824 3.127092 0.001376 -2.696260 0.071551
 33   14.298673 -0.408176 0.471578 -0.000052 -0.000209 0.033794
 34   15.835795 0.581398 0.242756 -0.003065 -0.010786 -0.001460
 35   -0.815868 -0.091229 -3.114430 0.458480 3.496800 -1.004464
 36   14.294526 -0.410349 -0.467541 -0.000063 -0.000180 -2.653655
 37   15.834409 0.579420 -0.284600 0.003089 0.010919 0.015959
 38   2.002993 -4.141270 -3.183199 -0.221436 -0.107696 1.117541
 39   -4.117888 -1.172045 -0.730555 -0.080105 -0.049844 0.670454
 40   0.524333 -4.160728 2.698211 -0.221436 -0.107695 1.117541
 41   -4.773694 -0.941939 0.943941 -0.080106 -0.049844 0.670454
 42   1.037896 -1.087939 -2.590955 -0.071392 0.039421 1.368763
 43   0.707068 -0.785873 2.951411 -0.071391 0.039435 1.368763
time 64
  0   0.020765 -0.546892 15.239118 2.705095 0.000000 -1.571069
  1   -1.093036 0.000002 -0.326057 -1.570022 -1.570379 -0.000268
  2   2.262337 0.113614 0.064702 -0.013605 0.156448 0.235180
  3   2.380047 0.353302 0.047440 0.001260 0.156994 0.462573
  4   2.033756 0.190472 -0.000128 -0.024446 0.172794 0.373101
  5   2.451511 0.204909 -0.003447 0.000000 -0.000005 -0.017472
  6   7.247600 -0.397300 -0.109469 0.000001 -0.000003 0.418536
  7   -2.022252 -0.104661 3.136172 -0.298783 -1.361718 -2.901842
  8   1.168026 -0.537438 -0.063437 -1.561844 0.922227 -1.526157
  9   6.790376 -0.619176 0.015206 -0.009312 -0.035190 -0.539141
 10   8.637599 0.544015 -0.090417 -1.570112 0.000221 -0.122021
 11   6.790465 -0.619039 0.017802 -0.009626 -0.035301 -0.392564
 12   -2.022474 -0.104699 -2.873818 0.298969 1.362003 -2.901601
 13   1.167898 -0.537463 0.063297 1.499139 -0.632321 -1.711106
 14   7.002743 -0.617765 -0.183752 0.614816 -0.819664 -0.122769
 15   8.209042 0.615527 -0.255885 -0.750575 0.526679 -0.668674
 16   7.002735 -0.617911 -0.183641 0.409265 -0.577603 -0.042599
 17   1.574674 0.609930 -0.000899 0.000000 0.000008 0.077980
 18   -0.602177 0.511412 -0.000006 0.000000 0.000000 0.000000
 19   3.673773 0.177020 1.119313 -0.000002 -0.000014 -0.174510
 20   3.673767 0.176993 -1.117566 0.000007 -0.000003 -0.174546
 21   3.942357 1.334540 1.627658 0.000002 -0.000011 -0.000026
 22   -0.246060 -0.011889 0.516521 -0.000011 0.000031 0.000025
 23   3.938468 1.334565 -1.631083 0.000019 0.000002 -0.000024
 24   -0.246150 -0.011872 -0.516511 -0.000005 -0.000006 0.000048
 25   4.941364 1.997338 1.629330 0.000018 0.198865 -0.000024
 26   4.941382 1.997366 -1.629410 -0.000001 -0.198876 -0.000024
 27   2.914462 1.619264 1.514501 -0.000019 -0.000022 -0.000050
 28   2.916892 1.618870 -1.501142 -0.000002 -0.000009 -0.000024
 29   8.824059 0.150544 0.091743 -0.019690 0.222408 -0.979738
 30   2.072021 -0.721340 1.717912 0.042557 0.064851 -0.169012
 31   2.058788 -0.725357 -1.787191 -0.062299 -0.084076 -0.243203
 32   -0.814395 -0.093824 3.127092 0.001376 -2.696260 0.071551
 33   14.298673 -0.408176 0.471578 -0.000052 -0.000209 0.033794
 34   15.835795 0.581398 0.242756 -0.003065 -0.010786 -0.001460
 35   -0.815868 -0.091229 -3.114430 0.458480 3.496800 -1.004464
 36   14.294526 -0.410349 -0.467541 -0.000063 -0.000180 -2.653655
 37   15.834409 0.579420 -0.284600 0.003089 0.010919 0.015959
 38   1.999086 -4.137363 -3.183199 -0.219479 -0.111757 1.097014
 39   -4.117888 -1.168139 -0.730555 -0.079326 -0.051570 0.643361
 40   0.528239 -4.164635 2.698211 -0.219479 -0.111756 1.097013
 41   -4.773694 -0.945845 0.943941 -0.079327 -0.051570 0.643361
 42   0.991020 -1.080127 -2.598767 -0.070985 0.037290 1.366546
 43   0.664098 -0.778060 2.939692 -0.070979 0.037301 1.366546
time 65
  0   0.020765 -0.546892 15.239118 2.705095 0.000000 -1.571069
  1   -1.093036 0.000002 -0.326057 -1.570022 -1.570379 -0.000268
  2   2.262337 0.113614 0.064702 -0.013605 0.156448 0.240493
  3   2.380047 0.353302 0.047440 0.001260 0.156994 0.466062
  4   2.033756 0.190472 -0.000128 -0.024446 0.172794 0.378285
  5   2.451511 0.204909 -0.003447 0.000000 -0.000005 -0.017472
  6   7.247600 -0.397300 -0.109469 0.000001 -0.000003 0.418536
  7   -2.022252 -0.104661 3.136172 -0.298783 -1.361718 -2.901842
  8   1.168026 -0.537438 -0.063437 -1.562540 0.913573 -1.526600
  9   6.790376 -0.619176 0.015206 -0.009312 -0.035190 -0.539141
 10   8.637599 0.544015 -0.090417 -1.570112 0.000221 -0.122021
 11   6.790465 -0.619039 0.017802 -0.009626 -0.035301 -0.392564
 12   -2.022474 -0.104699 -2.873818 0.298969 1.362003 -2.901601
 13   1.167898 -0.537463 0.063297 1.497382 -0.622048 -1.709956
 14   7.002743 -0.617765 -0.183752 0.614816 -0.819664 -0.122769
 15   8.209042 0.615527 -0.255885 -0.750935 0.526679 -0.668674
 16   7.002735 -0.617911 -0.183641 0.409265 -0.577603 -0.042599
 17   1.574674 0.609930 -0.000899 0.000000 0.000008 0.077980
 18   -0.602177 0.511412 -0.000006 0.000000 0.000000 0.000000
 19   3.673773 0.177020 1.119313 -0.000002 -0.000014 -0.174510
 20   3.673767 0.176993 -1.117566 0.000007 -0.000003 -0.174546
 21   3.942357 1.334540 1.627658 0.000002 -0.000011 -0.000026
 22   -0.246060 -0.011889 0.516521 -0.000011 0.000031 0.000025
 23   3.942374 1.334565 -1.631083 0.000019 0.000002 -0.000024
 24   -0.246150 -0.011872 -0.516511 -0.000005 -0.000006 0.000048
 25   4.941364 1.997338 1.629330 0.000018 0.201369 -0.000024
 26   4.941382 1.997366 -1.629410 -0.000001 -0.201371 -0.000024
 27   2.914462 1.619264 1.514501 -0.000019 -0.000022 -0.000050
 28   2.916892 1.618870 -1.501142 -0.000002 -0.000009 -0.000024
 29   8.824059 0.150544 0.091743 -0.020136 0.220675 -0.974266
 30   2.079834 -0.682276 1.733537 0.032835 0.049884 -0.130415
 31   2.074414 -0.686293 -1.802816 -0.048080 -0.064883 -0.187652
 32   -0.814395 -0.093824 3.127092 0.001376 -2.696260 0.071551
 33   14.298673 -0.408176 0.471578 -0.000052 -0.000209 0.033794
 34   15.835795 0.581398 0.242756 -0.003065 -0.010786 -0.001460
 35   -0.815868 -0.091229 -3.114430 0.458480 3.496800 -1.004464
 36   14.294526 -0.410349 -0.467541 -0.000063 -0.000180 -2.653655
 37   15.834409 0.579420 -0.284600 0.003089 0.010919 0.015959
 38   1.999086 -4.137363 -3.187105 -0.216721 -0.116180 1.074592
 39   -4.121795 -1.168139 -0.734461 -0.078032 -0.053439 0.613884
 40   0.532146 -4.168541 2.698211 -0.216721 -0.116179 1.074591
 41   -4.769788 -0.945845 0.947847 -0.078033 -0.053439 0.613884
 42   0.936331 -1.060595 -2.610487 -0.070302 0.034975 1.362908
 43   0.621127 -0.766341 2.931879 -0.070304 0.034962 1.362908
time 66
  0   0.020765 -0.546892 15.239118 2.705095 0.000000 -1.571069
  1   -1.093036 0.000002 -0.326057 -1.570022 -1.570379 -0.000268
  2   2.262337 0.113614 0.064702 -0.013605 0.156448 0.245661
  3   2.380047 0.353302 0.047440 0.001260 0.156994 0.469531
  4   2.033756 0.190472 -0.000128 -0.024446 0.172794 0.383540
  5   2.451511 0.204909 -0.003447 0.000000 -0.000005 -0.017472
  6   7.247600 -0.397300 -0.109469 0.000001 -0.000003 0.418536
  7   -2.022252 -0.104661 3.136172 -0.298783 -1.361718 -2.901842
  8   1.168026 -0.537438 -0.063437 -1.563173 0.904768 -1.527043
  9   6.790376 -0.619176 0.015206 -0.009312 -0.035190 -0.539141
 10   8.637599 0.544015 -0.090417 -1.570112 0.000221 -0.122021
 11   6.790465 -0.619039 0.017802 -0.009626 -0.035301 -0.392564
 12   -2.022474 -0.104699 -2.873818 0.298969 1.362003 -2.901601
 13   1.167898 -0.537463 0.063297 1.495554 -0.611725 -1.708927
 14   7.002743 -0.617765 -0.183752 0.614816 -0.819664 -0.122769
 15   8.209042 0.615527 -0.255885 -0.750935 0.526679 -0.668674
 16   7.002735 -0.617911 -0.183641 0.409265 -0.577603 -0.042544
 17   1.574674 0.609930 -0.000899 0.000000 0.000008 0.077980
 18   -0.602177 0.511412 -0.000006 0.000000 0.000000 0.000000
 19   3.673773 0.177020 1.119313 -0.000002 -0.000014 -0.174510
 20   3.673767 0.176993 -1.117566 0.000007 -0.000003 -0.174546
 21   3.942357 1.334540 1.627658 0.000002 -0.000011 -0.000026
 22   -0.246060 -0.011889 0.516521 -0.000011 0.000031 0.000025
 23   3.938468 1.334565 -1.631083 0.000019 0.000002 -0.000024
 24   -0.246150 -0.011872 -0.516511 -0.000005 -0.000006 0.000048
 25   4.941364 1.997338 1.629330 0.000018 0.203617 -0.000024
 26   4.941382 1.997366 -1.629410 -0.000001 -0.203616 -0.000024
 27   2.914462 1.619264 1.514501 -0.000019 -0.000022 -0.000050
 28   2.916892 1.618870 -1.501142 -0.000002 -0.000009 -0.000024
 29   8.824059 0.150544 0.091743 -0.020760 0.218087 -0.966112
 30   2.091553 -0.647119 1.749163 0.023112 0.034918 -0.091796
 31   2.090039 -0.647229 -1.818442 -0.033846 -0.045664 -0.132101
 32   -0.814395 -0.093824 3.127092 0.001376 -2.696260 0.071551
 33   14.298673 -0.408176 0.471578 -0.000052 -0.000209 0.033794
 34   15.835795 0.581398 0.242756 -0.003065 -0.010786 -0.001460
 35   -0.815868 -0.091229 -3.114430 0.458480 3.496800 -1.004464
 36   14.294526 -0.410349 -0.467541 -0.000063 -0.000180 -2.653655
 37   15.834409 0.579420 -0.284600 0.003089 0.010919 0.015959
 38   1.991274 -4.133457 -3.187105 -0.213038 -0.120602 1.052231
 39   -4.121795 -1.164232 -0.734461 -0.076102 -0.055309 0.584407
 40   0.536052 -4.168541 2.698211 -0.213038 -0.120601 1.052231
 41   -4.769788 -0.949752 0.947847 -0.076103 -0.055309 0.584407
 42   0.881641 -1.037156 -2.622206 -0.069283 0.032644 1.357471
 43   0.574251 -0.746809 2.920160 -0.069280 0.032640 1.357471
time 67
  0   0.020765 -0.546892 15.239118 2.705095 0.000000 -1.571069
  1   -1.093036 0.000002 -0.326057 -1.570022 -1.570379 -0.000268
  2   2.262337 0.113614 0.064702 -0.013605 0.156448 0.250919
  3   2.380047 0.353302 0.047440 0.001260 0.156994 0.473041
  4   2.033756 0.190472 -0.000128 -0.024446 0.172794 0.388833
  5   2.451511 0.204909 -0.003447 0.000000 -0.000005 -0.017472
  6   7.247600 -0.397300 -0.109469 0.000001 -0.000003 0.418536
  7   -2.022252 -0.104661 3.136172 -0.298783 -1.361718 -2.901842
  8   1.168026 -0.537438 -0.063437 -1.563805 0.896114 -1.527612
  9   6.790376 -0.619176 0.015206 -0.009312 -0.035190 -0.539141
 10   8.637599 0.544015 -0.090417 -1.570112 0.000221 -0.122021
 11   6.790465 -0.619039 0.017802 -0.009626 -0.035301 -0.392564
 12   -2.022474 -0.104699 -2.873818 0.298969 1.362003 -2.901601
 13   1.167898 -0.537463 0.063297 1.493656 -0.601249 -1.708019
 14   7.002743 -0.617765 -0.183752 0.614816 -0.819664 -0.122769
 15   8.209042 0.615527 -0.255885 -0.750575 0.526679 -0.668674
 16   7.002735 -0.617911 -0.183641 0.409265 -0.577603 -0.042544
 17   1.574674 0.609930 -0.000899 0.000000 0.000008 0.077980
 18   -0.602177 0.511412 -0.000006 0.000000 0.000000 0.000000
 19   3.673773 0.177020 1.119313 -0.000002 -0.000014 -0.174510
 20   3.673767 0.176993 -1.117566 0.000007 -0.000003 -0.174546
 21   3.942357 1.334540 1.627658 0.000002 -0.000011 -0.000026
 22   -0.246060 -0.011889 0.516521 -0.000011 0.000031 0.000025
 23   3.942374 1.334565 -1.631083 0.000019 0.000002 -0.000024
 24   -0.246150 -0.011872 -0.516511 -0.000005 -0.000006 0.000048
 25   4.941364 1.997338 1.629330 0.000018 0.205556 -0.000024
 26   4.941382 1.997366 -1.629410 -0.000001 -0.205562 -0.000024
 27   2.914462 1.619264 1.514501 -0.000019 -0.000022 -0.000050
 28   2.916892 1.618870 -1.501142 -0.000002 -0.000009 -0.000024
 29   8.824059 0.150544 0.091743 -0.021651 0.214479 -0.954738
 30   2.099366 -0.611962 1.764788 0.014176 0.021143 -0.056307
 31   2.101758 -0.615978 -1.834067 -0.020761 -0.028025 -0.081063
 32   -0.814395 -0.093824 3.127092 0.001376 -2.696260 0.071551
 33   14.298673 -0.408176 0.471578 -0.000052 -0.000209 0.033794
 34   15.835795 0.581398 0.242756 -0.003065 -0.010786 -0.001460
 35   -0.815868 -0.091229 -3.114430 0.458480 3.496800 -1.004464
 36   14.294526 -0.410349 -0.467541 -0.000063 -0.000180 -2.653655
 37   15.834409 0.579420 -0.284600 0.003089 0.010919 0.015959
 38   1.987367 -4.133457 -3.191012 -0.208323 -0.124675 1.031642
 39   -4.125701 -1.160326 -0.734461 -0.073418 -0.057035 0.557314
 40   0.539958 -4.172447 2.702117 -0.208323 -0.124674 1.031642
 41   -4.765881 -0.953658 0.947847 -0.073419 -0.057035 0.557314
 42   0.834765 -1.001999 -2.630018 -0.067869 0.030513 1.349901
 43   0.531281 -0.723371 2.912347 -0.067868 0.030506 1.349901
time 68
  0   0.020765 -0.546892 15.239118 2.705095 0.000000 -1.571069
  1   -1.093036 0.000002 -0.326057 -1.570022 -1.570379 -0.000268
  2   2.262337 0.113614 0.064702 -0.013605 0.156448 0.256160
  3   2.380047 0.353302 0.047440 0.001260 0.156994 0.476530
  4   2.033756 0.190472 -0.000128 -0.024446 0.172794 0.393980
  5   2.451511 0.204909 -0.003447 0.000000 -0.000005 -0.017472
  6   7.247600 -0.397300 -0.109469 0.000001 -0.000003 0.418536
  7   -2.022252 -0.104661 3.136172 -0.298783 -1.361718 -2.901842
  8   1.168026 -0.537438 -0.063437 -1.564312 0.887460 -1.527992
  9   6.790376 -0.619176 0.015206 -0.009312 -0.035190 -0.539141
 10   8.637599 0.544015 -0.090417 -1.570112 0.000221 -0.122021
 11   6.790465 -0.619039 0.017802 -0.009626 -0.035301 -0.392564
 12   -2.022474 -0.104699 -2.873818 0.298969 1.362003 -2.901601
 13   1.167898 -0.537463 0.063297 1.492039 -0.590925 -1.706990
 14   7.002743 -0.617765 -0.183752 0.614816 -0.819664 -0.122769
 15   8.209042 0.615527 -0.255885 -0.750575 0.526679 -0.668674
 16   7.002735 -0.617911 -0.183641 0.409265 -0.577603 -0.042544
 17   1.574674 0.609930 -0.000899 0.000000 0.000008 0.077980
 18   -0.602177 0.511412 -0.000006 0.000000 0.000000 0.000000
 19   3.673773 0.177020 1.119313 -0.000002 -0.000014 -0.174510
 20   3.673767 0.176993 -1.117566 0.000007 -0.000003 -0.174546
 21   3.942357 1.334540 1.627658 0.000002 -0.000011 -0.000026
 22   -0.246060 -0.011889 0.516521 -0.000011 0.000031 0.000025
 23   3.942374 1.334565 -1.631083 0.000019 0.000002 -0.000024
 24   -0.246150 -0.011872 -0.516511 -0.000005 -0.000006 0.000048
 25   4.941364 1.997338 1.629330 0.000018 0.207144 -0.000024
 26   4.941382 1.997366 -1.629410 -0.000001 -0.207159 -0.000024
 27   2.914462 1.619264 1.514501 -0.000019 -0.000022 -0.000050
 28   2.916892 1.618870 -1.501142 -0.000002 -0.000009 -0.000024
 29   8.824059 0.150544 0.091743 -0.022899 0.209684 -0.939556
 30   2.107179 -0.584617 1.776507 0.006813 0.009809 -0.027102
 31   2.113477 -0.584727 -1.845786 -0.009990 -0.013495 -0.039031
 32   -0.814395 -0.093824 3.127092 0.001376 -2.696260 0.071551
 33   14.298673 -0.408176 0.471578 -0.000052 -0.000209 0.033794
 34   15.835795 0.581398 0.242756 -0.003065 -0.010786 -0.001460
 35   -0.815868 -0.091229 -3.114430 0.458480 3.496800 -1.004464
 36   14.294526 -0.410349 -0.467541 -0.000063 -0.000180 -2.653655
 37   15.834409 0.579420 -0.284600 0.003089 0.010919 0.015959
 38   1.979554 -4.129551 -3.191012 -0.202492 -0.128013 1.014719
 39   -4.129607 -1.156420 -0.734461 -0.069834 -0.058449 0.535017
 40   0.551677 -4.176353 2.702117 -0.202492 -0.128013 1.014719
 41   -4.761975 -0.957564 0.947847 -0.069835 -0.058449 0.535017
 42   0.791795 -0.955123 -2.641737 -0.065987 0.028750 1.339822
 43   0.500030 -0.688214 2.904534 -0.065981 0.028749 1.339822
time 69
  0   0.020765 -0.546892 15.239118 2.705095 0.000000 -1.571069
  1   -1.093036 0.000002 -0.326057 -1.570022 -1.570379 -0.000268
  2   2.262337 0.113614 0.064702 -0.013605 0.156448 0.261364
  3   2.380047 0.353302 0.047440 0.001260 0.156994 0.479999
  4   2.033756 0.190472 -0.000128 -0.024446 0.172794 0.399272
  5   2.451511 0.204909 -0.003447 0.000000 -0.000005 -0.017472
  6   7.247600 -0.397300 -0.109469 0.000001 -0.000003 0.418536
  7   -2.022252 -0.104661 3.136172 -0.298783 -1.361718 -2.901842
  8   1.168026 -0.537438 -0.063437 -1.564945 0.878705 -1.528561
  9   6.790376 -0.619176 0.015206 -0.009312 -0.035190 -0.539141
 10   8.637599 0.544015 -0.090417 -1.570112 0.000221 -0.122021
 11   6.790465 -0.619039 0.017802 -0.009626 -0.035301 -0.392564
 12   -2.022474 -0.104699 -2.873818 0.298969 1.362003 -2.901601
 13   1.167898 -0.537463 0.063297 1.490352 -0.580653 -1.706021
 14   7.002743 -0.617765 -0.183752 0.614816 -0.819664 -0.122769
 15   8.209042 0.615527 -0.255885 -0.750575 0.526679 -0.668674
 16   7.002735 -0.617911 -0.183641 0.409265 -0.577603 -0.042544
 17   1.574674 0.609930 -0.000899 0.000000 0.000008 0.077980
 18   -0.602177 0.511412 -0.000006 0.000000 0.000000 0.000000
 19   3.673773 0.177020 1.119313 -0.000002 -0.000014 -0.174510
 20   3.673767 0.176993 -1.117566 0.000007 -0.000003 -0.174546
 21   3.942357 1.334540 1.627658 0.000002 -0.000011 -0.000026
 22   -0.246060 -0.011889 0.516521 -0.000011 0.000031 0.000025
 23   3.942374 1.334565 -1.631083 0.000019 0.000002 -0.000024
 24   -0.246150 -0.011872 -0.516511 -0.000005 -0.000006 0.000048
 25   4.941364 1.997338 1.629330 0.000018 0.208342 -0.000024
 26   4.941382 1.997366 -1.629410 -0.000001 -0.208356 -0.000024
 27   2.914462 1.619264 1.514501 -0.000019 -0.000022 -0.000050
 28   2.916892 1.618870 -1.501142 -0.000002 -0.000009 -0.000024
 29   8.824059 0.150544 0.091743 -0.024414 0.203536 -0.920081
 30   2.111085 -0.565085 1.784320 0.001823 0.002137 -0.007267
 31   2.121290 -0.565195 -1.853599 -0.002681 -0.003626 -0.010501
 32   -0.814395 -0.093824 3.127092 0.001376 -2.696260 0.071551
 33   14.298673 -0.408176 0.471578 -0.000052 -0.000209 0.033794
 34   15.835795 0.581398 0.242756 -0.003065 -0.010786 -0.001460
 35   -0.815868 -0.091229 -3.114430 0.458480 3.496800 -1.004464
 36   14.294526 -0.410349 -0.467541 -0.000063 -0.000180 -2.653655
 37   15.834409 0.579420 -0.284600 0.003089 0.010919 0.015959
 38   1.967835 -4.121738 -3.191012 -0.195378 -0.130291 1.003234
 39   -4.137420 -1.148607 -0.734461 -0.065244 -0.059408 0.519900
 40   0.559490 -4.176353 2.706024 -0.195378 -0.130290 1.003233
 41   -4.754162 -0.965377 0.947847 -0.065245 -0.059408 0.519872
 42   0.764450 -0.892621 -2.645644 -0.063566 0.027554 1.326899
 43   0.476592 -0.645244 2.900628 -0.063570 0.027556 1.326899
time 70
  0   0.020765 -0.546892 15.239118 2.705095 0.000000 -1.571069
  1   -1.093036 0.000002 -0.326057 -1.570022 -1.570379 -0.000268
  2   2.262337 0.113614 0.064702 -0.013605 0.156448 0.229704
  3   2.380047 0.353302 0.047440 0.001260 0.156994 0.437168
  4   2.033756 0.190472 -0.000128 -0.024446 0.172794 0.350085
  5   2.451511 0.204909 -0.003447 0.000000 -0.000005 -0.017472
  6   7.247600 -0.397300 -0.109469 0.000001 -0.000003 0.418536
  7   -2.022252 -0.104661 3.136172 -0.298783 -1.361718 -2.901842
  8   1.168026 -0.537438 -0.063437 -1.561844 0.699184 -1.532610
  9   6.790376 -0.619176 0.015206 -0.009312 -0.035190 -0.539141
 10   8.637599 0.544015 -0.090417 -1.570112 0.000221 -0.122021
 11   6.790465 -0.619039 0.017802 -0.009626 -0.035301 -0.392564
 12   -2.022474 -0.104699 -2.873818 0.298969 1.362003 -2.901601
 13   1.167898 -0.537463 0.063297 1.466662 -0.421834 -1.694580
 14   7.002743 -0.617765 -0.183752 0.563406 -0.739086 -0.136300
 15   8.209042 0.615527 -0.255885 -0.517251 0.549074 -0.577145
 16   7.002735 -0.617911 -0.183641 0.381160 -0.521384 -0.064290
 17   1.574674 0.609930 -0.000899 0.000000 0.000008 0.022464
 18   -0.602177 0.511412 -0.000006 0.000000 0.000000 0.000000
 19   3.673773 0.177020 1.119313 -0.000002 -0.000014 -0.174510
 20   3.673767 0.176993 -1.117566 0.000007 -0.000003 -0.174546
 21   3.942357 1.334540 1.627658 0.000002 -0.000011 -0.000026
 22   -0.246060 -0.011889 0.516521 -0.000011 0.000031 0.000025
 23   3.938468 1.334565 -1.631083 0.000019 0.000002 -0.000024
 24   -0.246150 -0.011872 -0.516511 -0.000005 -0.000006 0.000048
 25   4.941364 1.997338 1.629330 0.000018 0.209109 -0.000024
 26   4.941382 1.997366 -1.629410 -0.000001 -0.209117 -0.000024
 27   2.914462 1.619264 1.514501 -0.000019 -0.000022 -0.000050
 28   2.916892 1.618870 -1.501142 -0.000002 -0.000009 -0.000024
 29   8.824059 0.150544 0.091743 -0.026374 0.195845 -0.895779
 30   2.111085 -0.561179 1.784320 -0.000008 -0.000682 0.000024
 31   2.121290 -0.561289 -1.853599 0.000000 0.000000 -0.000002
 32   -0.814395 -0.093824 3.127092 0.001376 -2.696260 0.071551
 33   14.298673 -0.408176 0.471578 -0.000052 -0.000209 0.033794
 34   15.835795 0.581398 0.242756 -0.003065 -0.010786 -0.001460
 35   -0.815868 -0.091229 -3.114430 0.458480 3.496800 -1.004464
 36   14.294526 -0.410349 -0.467541 -0.000063 -0.000180 -2.653655
 37   15.834409 0.579420 -0.284600 0.003089 0.010919 0.015959
 38   1.952210 -4.117832 -3.191012 -0.186916 -0.131122 0.999018
 39   -4.145233 -1.140794 -0.734461 -0.059515 -0.059767 0.514319
 40   0.575116 -4.176353 2.709930 -0.186916 -0.131122 0.999017
 41   -4.746349 -0.973190 0.947847 -0.059516 -0.059767 0.514319
 42   0.756638 -0.818400 -2.645644 -0.060546 0.027125 1.310714
 43   0.464873 -0.590554 2.896721 -0.060546 0.027117 1.310714
time 71
  0   0.020765 -0.546892 15.239118 2.705095 0.000000 -1.571069
  1   -1.093036 0.000002 -0.326057 -1.570022 -1.570379 -0.000268
  2   2.262337 0.113614 0.064702 -0.013605 0.156448 0.197954
  3   2.380047 0.353302 0.047440 0.001260 0.156994 0.394357
  4   2.033756 0.190472 -0.000128 -0.024446 0.172794 0.300934
  5   2.451511 0.204909 -0.003447 0.000000 -0.000005 -0.017472
  6   7.247600 -0.397300 -0.109469 0.000001 -0.000003 0.418536
  7   -2.022252 -0.104661 3.136172 -0.298783 -1.361718 -2.901842
  8   1.168026 -0.537438 -0.063437 -1.558173 0.520216 -1.536595
  9   6.790376 -0.619176 0.015206 -0.009312 -0.035190 -0.539141
 10   8.637599 0.544015 -0.090417 -1.570112 0.000221 -0.122021
 11   6.790465 -0.619039 0.017802 -0.009626 -0.035301 -0.392564
 12   -2.022474 -0.104699 -2.873818 0.298969 1.362003 -2.901601
 13   1.167898 -0.537463 0.063297 1.446276 -0.262761 -1.687679
 14   7.002743 -0.617765 -0.183752 0.513932 -0.659076 -0.154121
 15   8.209042 0.615527 -0.255885 -0.280259 0.552554 -0.481286
 16   7.002735 -0.617911 -0.183641 0.352350 -0.465729 -0.087195
 17   1.574674 0.609930 -0.000899 0.000000 0.000008 -0.033162
 18   -0.602177 0.511412 -0.000006 0.000000 0.000000 0.000000
 19   3.673773 0.177020 1.119313 -0.000002 -0.000014 -0.174510
 20   3.673767 0.176993 -1.117566 0.000007 -0.000003 -0.174546
 21   3.942357 1.334540 1.627658 0.000002 -0.000011 -0.000026
 22   -0.246060 -0.011889 0.516521 -0.000011 0.000031 0.000025
 23   3.942374 1.334565 -1.631083 0.000019 0.000002 -0.000024
 24   -0.246150 -0.011872 -0.516511 -0.000005 -0.000006 0.000048
 25   4.941364 1.997338 1.629330 0.000018 0.209406 -0.000024
 26   4.941382 1.997366 -1.629410 -0.000001 -0.209404 -0.000024
 27   2.914462 1.619264 1.514501 -0.000019 -0.000022 -0.000050
 28   2.916892 1.618870 -1.501142 -0.000002 -0.000009 -0.000024
 29   8.824059 0.150544 0.091743 -0.030474 0.184142 -0.835800
 30   2.111085 -0.561179 1.784320 -0.000008 -0.000682 0.000024
 31   2.121290 -0.561289 -1.853599 0.000000 0.000000 -0.000002
 32   -0.814395 -0.093824 3.127092 0.001376 -2.696260 0.071551
 33   14.298673 -0.408176 0.471578 -0.000052 -0.000209 0.033794
 34   15.835795 0.581398 0.242756 -0.003065 -0.010786 -0.001460
 35   -0.815868 -0.091229 -3.114430 0.458480 3.496800 -1.004464
 36   14.294526 -0.410349 -0.467541 -0.000063 -0.000180 -2.653655
 37   15.834409 0.579420 -0.284600 0.003089 0.010919 0.015959
 38   1.928772 -4.090487 -3.183199 -0.177086 -0.127109 1.025838
 39   -4.168671 -1.117356 -0.734461 -0.048897 -0.058784 0.520713
 40   0.594648 -4.160728 2.725555 -0.177086 -0.127109 1.025838
 41   -4.722911 -0.996628 0.947847 -0.048898 -0.058784 0.520713
 42   0.760544 -0.646520 -2.645644 -0.055716 0.027462 1.239908
 43   0.484405 -0.453831 2.900628 -0.055711 0.027462 1.239908
time 72
  0   0.020765 -0.546892 15.239118 2.705095 0.000000 -1.571069
  1   -1.093036 0.000002 -0.326057 -1.570022 -1.570379 -0.000268
  2   2.262337 0.113614 0.064702 -0.013605 0.156448 0.166203
  3   2.380047 0.353302 0.047440 0.001260 0.156994 0.351506
  4   2.033756 0.190472 -0.000128 -0.024446 0.172794 0.251746
  5   2.451511 0.204909 -0.003447 0.000000 -0.000005 -0.017472
  6   7.247600 -0.397300 -0.109469 0.000001 -0.000003 0.418536
  7   -2.022252 -0.104661 3.136172 -0.298783 -1.361718 -2.901842
  8   1.168026 -0.537438 -0.063437 -1.554124 0.341147 -1.541213
  9   6.790376 -0.619176 0.015206 -0.009312 -0.035190 -0.539141
 10   8.637599 0.544015 -0.090417 -1.570112 0.000221 -0.122021
 11   6.790465 -0.619039 0.017802 -0.009626 -0.035301 -0.392564
 12   -2.022474 -0.104699 -2.873818 0.298969 1.362003 -2.901601
 13   1.167898 -0.537463 0.063297 1.427507 -0.103637 -1.684350
 14   7.002743 -0.617765 -0.183752 0.465539 -0.579862 -0.175820
 15   8.209042 0.615527 -0.255885 -0.045136 0.536741 -0.387532
 16   7.002735 -0.617911 -0.183641 0.322833 -0.410637 -0.111038
 17   1.574674 0.609930 -0.000899 0.000000 0.000008 -0.088640
 18   -0.602177 0.511412 -0.000006 0.000000 0.000000 0.000000
 19   3.673773 0.177020 1.119313 -0.000002 -0.000014 -0.174510
 20   3.673767 0.176993 -1.117566 0.000007 -0.000003 -0.174546
 21   3.922825 1.334540 1.627658 0.002974 -0.013230 0.027580
 22   -0.246060 -0.011889 0.508708 -0.000011 0.000031 0.000025
 23   3.922842 1.334565 -1.631083 -0.002965 0.013257 0.027556
 24   -0.246150 -0.011872 -0.516511 -0.000005 -0.000006 0.000048
 25   4.941364 1.997338 1.629330 0.000018 0.194948 -0.000024
 26   4.941382 1.997366 -1.629410 -0.000001 -0.194947 -0.000024
 27   2.922274 1.619264 1.514501 -0.000103 0.009518 -0.040971
 28   2.924704 1.618870 -1.501142 0.000094 -0.009537 -0.040984
 29   8.824059 0.150544 0.091743 -0.037782 0.167122 -0.719599
 30   2.111085 -0.561179 1.784320 -0.000008 -0.000682 0.000024
 31   2.121290 -0.561289 -1.853599 0.000000 0.000000 -0.000002
 32   -0.814395 -0.093824 3.127092 0.001376 -2.696260 0.071551
 33   14.298673 -0.408176 0.471578 -0.000052 -0.000209 0.033794
 34   15.835795 0.581398 0.242756 -0.003065 -0.010786 -0.001460
 35   -0.815868 -0.091229 -3.114430 0.458480 3.496800 -1.004464
 36   14.294526 -0.410349 -0.467541 -0.000063 -0.000180 -2.653655
 37   15.834409 0.579420 -0.284600 0.003089 0.010919 0.015959
 38   1.877989 -4.027985 -3.151948 -0.166267 -0.116216 1.098602
 39   -4.215548 -1.074386 -0.730555 -0.031088 -0.056124 0.538130
 40   0.621992 -4.113852 2.764619 -0.166267 -0.116215 1.098602
 41   -4.676035 -1.039598 0.943941 -0.031089 -0.056124 0.538130
 42   0.780076 -0.330104 -2.637831 -0.048406 0.028413 1.078641
 43   0.531281 -0.180386 2.908441 -0.048402 0.028403 1.078641
time 73
  0   0.020765 -0.546892 15.239118 2.705095 0.000000 -1.571069
  1   -1.093036 0.000002 -0.326057 -1.570022 -1.570379 -0.000268
  2   2.262337 0.113614 0.064702 -0.013605 0.156448 0.134471
  3   2.380047 0.353302 0.047440 0.001260 0.156994 0.308674
  4   2.033756 0.190472 -0.000128 -0.024446 0.172794 0.202523
  5   2.451511 0.204909 -0.003447 0.000000 -0.000005 -0.017472
  6   7.247600 -0.397300 -0.109469 0.000001 -0.000003 0.418536
  7   -2.022252 -0.104661 3.136172 -0.298783 -1.361718 -2.901842
  8   1.168026 -0.537438 -0.063437 -1.549377 0.161726 -1.546274
  9   6.790376 -0.619176 0.015206 -0.009312 -0.035190 -0.539141
 10   8.637599 0.544015 -0.090417 -1.570112 0.000221 -0.122021
 11   6.790465 -0.619039 0.017802 -0.009626 -0.035301 -0.392564
 12   -2.022474 -0.104699 -2.873818 0.298969 1.362003 -2.901601
 13   1.167898 -0.537463 0.063297 1.409511 0.055690 -1.683926
 14   7.002743 -0.617765 -0.183752 0.417374 -0.501499 -0.200654
 15   8.209042 0.615527 -0.255885 0.184234 0.502997 -0.301776
 16   7.002735 -0.617911 -0.183641 0.292422 -0.356110 -0.135820
 17   1.574674 0.609930 -0.000899 0.000000 0.000008 -0.144267
 18   -0.602177 0.511412 -0.000006 0.000000 0.000000 0.000000
 19   3.673773 0.177020 1.119313 -0.000002 -0.000014 -0.174510
 20   3.673767 0.176993 -1.117566 0.000007 -0.000003 -0.174546
 21   3.868136 1.334540 1.627658 0.009865 -0.053762 0.110915
 22   -0.273405 -0.011889 0.477457 -0.000011 0.000031 0.000025
 23   3.868153 1.334565 -1.631083 -0.009856 0.053789 0.110890
 24   -0.261775 -0.011872 -0.485260 -0.000005 -0.000006 0.000048
 25   4.941364 1.997338 1.629330 0.000018 0.151737 -0.000024
 26   4.941382 1.997366 -1.629410 -0.000001 -0.151750 -0.000024
 27   2.937900 1.638796 1.514501 -0.002871 0.038556 -0.166919
 28   2.940330 1.638402 -1.501142 0.002862 -0.038587 -0.166933
 29   8.824059 0.150544 0.091743 -0.047497 0.146327 -0.561873
 30   2.111085 -0.561179 1.784320 -0.000008 -0.000682 0.000024
 31   2.121290 -0.561289 -1.853599 0.000000 0.000000 -0.000002
 32   -0.814395 -0.093824 3.127092 0.001376 -2.696260 0.071551
 33   14.298673 -0.408176 0.471578 -0.000052 -0.000209 0.033794
 34   15.835795 0.581398 0.242756 -0.003065 -0.010786 -0.001460
 35   -0.815868 -0.091229 -3.114430 0.458480 3.496800 -1.004464
 36   14.294526 -0.410349 -0.467541 -0.000063 -0.000180 -2.653655
 37   15.834409 0.579420 -0.284600 0.003089 0.010919 0.015959
 38   1.815487 -3.942045 -3.108978 -0.154921 -0.100164 1.205823
 39   -4.285862 -1.015790 -0.730555 -0.008018 -0.052205 0.563765
 40   0.653243 -4.039631 2.823215 -0.154921 -0.100164 1.205822
 41   -4.605720 -1.098194 0.943941 -0.008019 -0.052205 0.563765
 42   0.803514 0.091784 -2.630018 -0.039309 0.029793 0.849956
 43   0.601596 0.190719 2.916253 -0.039319 0.029784 0.849956
time 74
  0   0.020765 -0.546892 15.239118 2.705095 0.000000 -1.571069
  1   -1.093036 0.000002 -0.326057 -1.570022 -1.570379 -0.000268
  2   2.262337 0.113614 0.064702 -0.013605 0.156448 0.102738
  3   2.380047 0.353302 0.047440 0.001260 0.156994 0.265823
  4   2.033756 0.190472 -0.000128 -0.024446 0.172794 0.153300
  5   2.451511 0.204909 -0.003447 0.000000 -0.000005 -0.017472
  6   7.247600 -0.397300 -0.109469 0.000001 -0.000003 0.418536
  7   -2.022252 -0.104661 3.136172 -0.298783 -1.361718 -2.901842
  8   1.168026 -0.537438 -0.063437 -1.543809 -0.017594 -1.552094
  9   6.790376 -0.619176 0.015206 -0.009312 -0.035190 -0.539141
 10   8.637599 0.544015 -0.090417 -1.570112 0.000221 -0.122021
 11   6.790465 -0.619039 0.017802 -0.009626 -0.035301 -0.392564
 12   -2.022474 -0.104699 -2.873818 0.298969 1.362003 -2.901601
 13   1.167898 -0.537463 0.063297 1.390953 0.214763 -1.686408
 14   7.002743 -0.617765 -0.183752 0.368982 -0.424442 -0.228706
 15   8.209042 0.615527 -0.255885 0.404688 0.453440 -0.228469
 16   7.002735 -0.617911 -0.183641 0.261069 -0.302259 -0.161650
 17   1.574674 0.609930 -0.000899 0.000000 0.000008 -0.199745
 18   -0.602177 0.511412 -0.000006 0.000000 0.000000 0.000000
 19   3.673773 0.177020 1.119313 -0.000002 -0.000014 -0.174510
 20   3.673767 0.176993 -1.117566 0.000007 -0.000003 -0.174546
 21   3.801728 1.334540 1.627658 0.013820 -0.119581 0.244727
 22   -0.308562 -0.011889 0.434487 -0.000011 0.000031 0.000025
 23   3.797838 1.334565 -1.631083 -0.013799 0.119608 0.244727
 24   -0.304746 -0.011872 -0.442290 -0.000005 -0.000006 0.000048
 25   4.941364 1.997338 1.629330 0.000018 0.083433 -0.000024
 26   4.941382 1.997366 -1.629410 -0.000001 -0.083432 -0.000024
 27   2.980870 1.662235 1.514501 -0.015263 0.084673 -0.373686
 28   2.983300 1.661841 -1.508955 0.015254 -0.084704 -0.373661
 29   8.824059 0.150544 0.091743 -0.058815 0.123302 -0.377377
 30   2.111085 -0.561179 1.784320 -0.000008 -0.000682 0.000024
 31   2.121290 -0.561289 -1.853599 0.000000 0.000000 -0.000002
 32   -0.814395 -0.093824 3.127092 0.001376 -2.696260 0.071551
 33   14.298673 -0.408176 0.471578 -0.000052 -0.000209 0.033794
 34   15.835795 0.581398 0.242756 -0.003065 -0.010786 -0.001460
 35   -0.815868 -0.091229 -3.114430 0.458480 3.496800 -1.004464
 36   14.294526 -0.410349 -0.467541 -0.000063 -0.000180 -2.653655
 37   15.834409 0.579420 -0.284600 0.003089 0.010919 0.015959
 38   1.745172 -3.840479 -3.058195 -0.143534 -0.080666 1.336015
 39   -4.367896 -0.941569 -0.726648 0.018324 -0.047447 0.594896
 40   0.688400 -3.953691 2.893529 -0.143534 -0.080666 1.336015
 41   -4.523686 -1.172415 0.940034 0.018323 -0.047447 0.594896
 42   0.834765 0.583987 -2.622206 -0.029147 0.031464 0.576940
 43   0.687536 0.624326 2.927972 -0.029149 0.031463 0.576940
time 75
  0   0.020765 -0.546892 15.239118 2.705095 0.000000 -1.571069
  1   -1.093036 0.000002 -0.326057 -1.570022 -1.570379 -0.000268
  2   2.262337 0.113614 0.064702 -0.013605 0.156448 0.070988
  3   2.380047 0.353302 0.047440 0.001260 0.156994 0.222992
  4   2.033756 0.190472 -0.000128 -0.024446 0.172794 0.104076
  5   2.451511 0.204909 -0.003447 0.000000 -0.000005 -0.017472
  6   7.247600 -0.397300 -0.109469 0.000001 -0.000003 0.418536
  7   -2.022252 -0.104661 3.136172 -0.298783 -1.361718 -2.901842
  8   1.168026 -0.537438 -0.063437 -1.537038 -0.196461 -1.558926
  9   6.790376 -0.619176 0.015206 -0.009312 -0.035190 -0.539141
 10   8.637599 0.544015 -0.090417 -1.570112 0.000221 -0.122021
 11   6.790465 -0.619039 0.017802 -0.009626 -0.035301 -0.392564
 12   -2.022474 -0.104699 -2.873818 0.298969 1.362003 -2.901601
 13   1.167898 -0.537463 0.063297 1.371129 0.373836 -1.692280
 14   7.002743 -0.617765 -0.183752 0.319792 -0.348635 -0.259893
 15   8.209042 0.615527 -0.255885 0.615148 0.391172 -0.170496
 16   7.002735 -0.617911 -0.183641 0.228728 -0.249142 -0.188639
 17   1.574674 0.609930 -0.000899 0.000000 0.000008 -0.255150
 18   -0.602177 0.511412 -0.000006 0.000000 0.000000 0.000000
 19   3.673773 0.177020 1.119313 -0.000002 -0.000014 -0.174510
 20   3.673767 0.176993 -1.117566 0.000007 -0.000003 -0.174546
 21   3.696256 1.330634 1.627658 0.006354 -0.200741 0.411863
 22   -0.351532 -0.015795 0.371985 -0.000011 0.000031 0.000025
 23   3.692366 1.330659 -1.631083 -0.006333 0.200780 0.411810
 24   -0.343809 -0.019685 -0.379788 -0.000005 -0.000006 0.000048
 25   4.941364 1.997338 1.629330 0.000018 -0.000001 -0.000024
 26   4.941382 1.997366 -1.629410 -0.000001 0.000005 -0.000024
 27   3.031653 1.693485 1.522314 -0.043955 0.137321 -0.635381
 28   3.034083 1.693092 -1.520674 0.043934 -0.137352 -0.635435
 29   8.824059 0.150544 0.091743 -0.070669 0.099587 -0.180811
 30   2.111085 -0.561179 1.784320 -0.000008 -0.000682 0.000024
 31   2.121290 -0.561289 -1.853599 0.000000 0.000000 -0.000002
 32   -0.814395 -0.093824 3.127092 0.001376 -2.696260 0.071551
 33   14.298673 -0.408176 0.471578 -0.000052 -0.000209 0.033794
 34   15.835795 0.581398 0.242756 -0.003065 -0.010786 -0.001460
 35   -0.815868 -0.091229 -3.114430 0.458480 3.496800 -1.004464
 36   14.294526 -0.410349 -0.467541 -0.000063 -0.000180 -2.653655
 37   15.834409 0.579420 -0.284600 0.003089 0.010919 0.015959
 38   1.670951 -3.727195 -2.999599 -0.132588 -0.059457 1.477754
 39   -4.453836 -0.863442 -0.722742 0.045997 -0.042270 0.628777
 40   0.723558 -3.859938 2.971657 -0.132588 -0.059457 1.477754
 41   -4.437746 -1.250542 0.936128 0.045996 -0.042270 0.628777
 42   0.869922 1.107440 -2.610487 -0.018612 0.033288 0.282677
 43   0.777382 1.089184 2.939692 -0.018604 0.033299 0.282677
time 76
  0   0.020765 -0.546892 15.239118 2.705095 0.000000 -1.571069
  1   -1.093036 0.000002 -0.326057 -1.570022 -1.570379 -0.000268
  2   2.262337 0.113614 0.064702 -0.013605 0.156448 0.039292
  3   2.380047 0.353302 0.047440 0.001260 0.156994 0.180140
  4   2.033756 0.190472 -0.000128 -0.024446 0.172794 0.054962
  5   2.451511 0.204909 -0.003447 0.000000 -0.000005 -0.017472
  6   7.247600 -0.397300 -0.109469 0.000001 -0.000003 0.418536
  7   -2.022252 -0.104661 3.136172 -0.298783 -1.361718 -2.901842
  8   1.168026 -0.537438 -0.063437 -1.528685 -0.375781 -1.567466
  9   6.790376 -0.619176 0.015206 -0.009312 -0.035190 -0.539141
 10   8.637599 0.544015 -0.090417 -1.570112 0.000221 -0.122021
 11   6.790465 -0.619039 0.017802 -0.009597 -0.035301 -0.392564
 12   -2.022474 -0.104699 -2.873818 0.298969 1.362003 -2.901601
 13   1.167898 -0.537463 0.063297 1.348775 0.532858 -1.702147
 14   7.002743 -0.617765 -0.183752 0.269293 -0.274247 -0.294133
 15   8.209042 0.615527 -0.255885 0.816189 0.319296 -0.128821
 16   7.002735 -0.617911 -0.183641 0.195163 -0.196870 -0.216788
 17   1.574674 0.609930 -0.000899 0.000000 0.000008 -0.310776
 18   -0.602177 0.511412 -0.000006 0.000000 0.000000 0.000000
 19   3.673773 0.177020 1.119313 -0.000002 -0.000014 -0.174510
 20   3.673767 0.176993 -1.117566 0.000007 -0.000003 -0.174546
 21   3.598597 1.330634 1.627658 -0.015135 -0.279492 0.582880
 22   -0.390596 -0.019702 0.317296 -0.000011 0.000031 0.000025
 23   3.594707 1.330659 -1.631083 0.015168 0.279531 0.582851
 24   -0.382873 -0.023591 -0.329005 -0.000005 -0.000006 0.000048
 25   4.941364 1.997338 1.629330 0.000018 -0.083449 -0.000024
 26   4.941382 1.997366 -1.629410 -0.000001 0.083454 -0.000024
 27   3.082436 1.724736 1.541846 -0.085721 0.180754 -0.900538
 28   3.084866 1.724342 -1.532393 0.085712 -0.180797 -0.900553
 29   8.824059 0.150544 0.091743 -0.082344 0.076751 0.013020
 30   2.111085 -0.561179 1.784320 -0.000008 -0.000682 0.000024
 31   2.121290 -0.561289 -1.853599 0.000000 0.000000 -0.000002
 32   -0.814395 -0.093824 3.127092 0.001376 -2.696260 0.071551
 33   14.298673 -0.408176 0.471578 -0.000052 -0.000209 0.033794
 34   15.835795 0.581398 0.242756 -0.003065 -0.010786 -0.001460
 35   -0.815868 -0.091229 -3.114430 0.458480 3.496800 -1.004464
 36   14.294526 -0.410349 -0.467541 -0.000063 -0.000180 -2.653655
 37   15.834409 0.579420 -0.284600 0.003089 0.010919 0.015959
 38   1.596730 -3.617816 -2.941004 -0.122548 -0.038236 1.619432
 39   -4.535870 -0.785315 -0.718835 0.073046 -0.037080 0.662657
 40   0.758715 -3.766185 3.045878 -0.122548 -0.038236 1.619432
 41   -4.355712 -1.328669 0.932221 0.073045 -0.037080 0.662657
 42   0.901173 1.619175 -2.598767 -0.008401 0.035113 -0.009786
 43   0.871135 1.546230 2.951411 -0.008409 0.035119 -0.009786
time 77
  0   0.020765 -0.546892 15.239118 2.705095 0.000000 -1.571069
  1   -1.093036 0.000002 -0.326057 -1.570022 -1.570379 -0.000268
  2   2.262337 0.113614 0.064702 -0.013605 0.156448 0.007541
  3   2.380047 0.353302 0.047440 0.001260 0.156994 0.137329
  4   2.033756 0.190472 -0.000128 -0.024446 0.172794 0.005738
  5   2.451511 0.204909 -0.003447 0.000000 -0.000005 -0.017472
  6   7.247600 -0.397300 -0.109469 0.000001 -0.000003 0.418536
  7   -2.022252 -0.104661 3.136172 -0.298783 -1.361718 -2.901842
  8   1.168026 -0.537438 -0.063437 -1.517611 -0.554749 -1.578853
  9   6.790376 -0.619176 0.015206 -0.009312 -0.035190 -0.539141
 10   8.637599 0.544015 -0.090417 -1.570112 0.000221 -0.122021
 11   6.790465 -0.619039 0.017802 -0.009597 -0.035301 -0.392564
 12   -2.022474 -0.104699 -2.873818 0.298969 1.362003 -2.901601
 13   1.167898 -0.537463 0.063297 1.321430 0.691576 -1.717765
 14   7.002743 -0.617765 -0.183752 0.217142 -0.201790 -0.331590
 15   8.209042 0.615527 -0.255885 1.009751 0.241366 -0.103563
 16   7.002735 -0.617911 -0.183641 0.160373 -0.145500 -0.246426
 17   1.574674 0.609930 -0.000899 0.000000 0.000008 -0.366218
 18   -0.602177 0.511412 -0.000006 0.000000 0.000000 0.000000
 19   3.673773 0.177020 1.119313 -0.000002 -0.000014 -0.174510
 20   3.673767 0.176993 -1.117566 0.000007 -0.000003 -0.174546
 21   3.512656 1.330634 1.627658 -0.043154 -0.339786 0.725618
 22   -0.425753 -0.027514 0.274326 -0.000011 0.000031 0.000025
 23   3.508767 1.330659 -1.631083 0.043188 0.339825 0.725587
 24   -0.421937 -0.031404 -0.286035 -0.000005 -0.000006 0.000048
 25   4.941364 1.997338 1.629330 0.000018 -0.151766 -0.000024
 26   4.941382 1.997366 -1.629410 -0.000001 0.151760 -0.000024
 27   3.129312 1.748175 1.553565 -0.126624 0.206556 -1.114466
 28   3.131742 1.747781 -1.540206 0.126615 -0.206599 -1.114442
 29   8.824059 0.150544 0.091743 -0.092950 0.056289 0.189415
 30   2.111085 -0.561179 1.784320 -0.000008 -0.000682 0.000024
 31   2.121290 -0.561289 -1.853599 0.000000 0.000000 -0.000002
 32   -0.814395 -0.093824 3.127092 0.001376 -2.696260 0.071551
 33   14.298673 -0.408176 0.471578 -0.000052 -0.000209 0.033794
 34   15.835795 0.581398 0.242756 -0.003065 -0.010786 -0.001460
 35   -0.815868 -0.091229 -3.114430 0.458480 3.496800 -1.004464
 36   14.294526 -0.410349 -0.467541 -0.000063 -0.000180 -2.653655
 37   15.834409 0.579420 -0.284600 0.003089 0.010919 0.015959
 38   1.526416 -3.516251 -2.890221 -0.113918 -0.018751 1.749625
 39   -4.617903 -0.718906 -0.714929 0.097495 -0.032322 0.693789
 40   0.789966 -3.680245 3.116192 -0.113918 -0.018750 1.749625
 41   -4.273679 -1.395078 0.928315 0.097494 -0.032322 0.693789
 42   0.932424 2.084033 -2.587048 0.000755 0.036800 -0.277408
 43   0.957075 1.960305 2.963130 0.000750 0.036798 -0.277408
time 78
  0   0.020765 -0.546892 15.239118 2.705095 0.000000 -1.571069
  1   -1.093036 0.000002 -0.326057 -1.570022 -1.570379 -0.000268
  2   2.262337 0.113614 0.064702 -0.013605 0.156448 -0.024101
  3   2.380047 0.353302 0.047440 0.001260 0.156994 0.094457
  4   2.033756 0.190472 -0.000128 -0.024446 0.172794 -0.043377
  5   2.451511 0.204909 -0.003447 0.000000 -0.000005 -0.017472
  6   7.247600 -0.397300 -0.109469 0.000001 -0.000003 0.418536
  7   -2.022252 -0.104661 3.136172 -0.298783 -1.361718 -2.901842
  8   1.168026 -0.537438 -0.063437 -1.502107 -0.733768 -1.594352
  9   6.790376 -0.619176 0.015206 -0.009312 -0.035190 -0.539141
 10   8.637599 0.544015 -0.090417 -1.570112 0.000221 -0.122021
 11   6.790465 -0.619039 0.017802 -0.009597 -0.035301 -0.392564
 12   -2.022474 -0.104699 -2.873818 0.298969 1.362003 -2.901601
 13   1.167898 -0.537463 0.063297 1.286071 0.849784 -1.742584
 14   7.002743 -0.617765 -0.183752 0.163000 -0.131263 -0.372183
 15   8.209042 0.615527 -0.255885 1.198352 0.160108 -0.094422
 16   7.002735 -0.617911 -0.183641 0.124266 -0.095033 -0.277224
 17   1.574674 0.609930 -0.000899 0.000000 0.000008 -0.421770
 18   -0.602177 0.511412 -0.000006 0.000000 0.000000 0.000000
 19   3.673773 0.177020 1.119313 -0.000002 -0.000014 -0.174510
 20   3.673767 0.176993 -1.117566 0.000007 -0.000003 -0.174546
 21   3.461874 1.330634 1.627658 -0.065506 -0.375189 0.817025
 22   -0.445285 -0.035327 0.243075 -0.000011 0.000031 0.000025
 23   3.457984 1.330659 -1.631083 0.065515 0.375240 0.817020
 24   -0.445375 -0.039217 -0.254784 -0.000005 -0.000006 0.000048
 25   4.941364 1.997338 1.629330 0.000018 -0.194963 -0.000024
 26   4.941382 1.997366 -1.629410 -0.000001 0.194969 -0.000024
 27   3.156657 1.767707 1.553565 -0.154177 0.217918 -1.246120
 28   3.159086 1.767313 -1.540206 0.154180 -0.217973 -1.246175
 29   8.824059 0.150544 0.091743 -0.101595 0.039791 0.333728
 30   2.111085 -0.561179 1.784320 -0.000008 -0.000682 0.000024
 31   2.121290 -0.561289 -1.853599 0.000000 0.000000 -0.000002
 32   -0.814395 -0.093824 3.127092 0.001376 -2.696260 0.071551
 33   14.298673 -0.408176 0.471578 -0.000052 -0.000209 0.033794
 34   15.835795 0.581398 0.242756 -0.003065 -0.010786 -0.001460
 35   -0.815868 -0.091229 -3.114430 0.458480 3.496800 -1.004464
 36   14.294526 -0.410349 -0.467541 -0.000063 -0.000180 -2.653655
 37   15.834409 0.579420 -0.284600 0.003089 0.010919 0.015959
 38   1.471726 -3.438123 -2.847251 -0.107161 -0.002699 1.856907
 39   -4.680405 -0.660311 -0.714929 0.117377 -0.028403 0.719451
 40   0.813404 -3.606024 3.170882 -0.107161 -0.002698 1.856907
 41   -4.211177 -1.453673 0.928315 0.117376 -0.028403 0.719451
 42   0.959769 2.462950 -2.579236 0.008173 0.038179 -0.497143
 43   1.027390 2.300159 2.970942 0.008171 0.038179 -0.497143
time 79
  0   0.020765 -0.546892 15.239118 2.705095 0.000000 -1.571069
  1   -1.093036 0.000002 -0.326057 -1.570022 -1.570379 -0.000268
  2   2.262337 0.113614 0.064702 -0.013605 0.156448 -0.055833
  3   2.380047 0.353302 0.047440 0.001260 0.156994 0.051646
  4   2.033756 0.190472 -0.000128 -0.024446 0.172794 -0.092564
  5   2.451511 0.204909 -0.003447 0.000000 -0.000005 -0.017472
  6   7.247600 -0.397300 -0.109469 0.000001 -0.000003 0.418536
  7   -2.022252 -0.104661 3.136172 -0.298783 -1.361718 -2.901842
  8   1.168026 -0.537438 -0.063437 -1.479073 -0.912434 -1.617505
  9   6.790376 -0.619176 0.015206 -0.009312 -0.035190 -0.539141
 10   8.637599 0.544015 -0.090417 -1.570112 0.000221 -0.122021
 11   6.790465 -0.619039 0.017802 -0.009597 -0.035301 -0.392564
 12   -2.022474 -0.104699 -2.873818 0.298969 1.362003 -2.901601
 13   1.167898 -0.537463 0.063297 1.234966 1.007077 -1.783627
 14   7.002743 -0.617765 -0.183752 0.106409 -0.063121 -0.416653
 15   8.209042 0.615527 -0.255885 1.384365 0.078699 -0.100737
 16   7.002735 -0.617911 -0.183641 0.086652 -0.045750 -0.309732
 17   1.574674 0.609930 -0.000899 0.000000 0.000008 -0.477323
 18   -0.602177 0.511412 -0.000006 0.000000 0.000000 0.000000
 19   3.673773 0.177020 1.119313 -0.000002 -0.000014 -0.174510
 20   3.673767 0.176993 -1.117566 0.000007 -0.000003 -0.174546
 21   3.442342 1.330634 1.627658 -0.073691 -0.386442 0.847736
 22   -0.457004 -0.035327 0.231356 -0.000011 0.000031 0.000025
 23   3.438452 1.330659 -1.631083 0.073712 0.386493 0.847730
 24   -0.449281 -0.039217 -0.235252 -0.000005 -0.000006 0.000048
 25   4.941364 1.997338 1.629330 0.000018 -0.209421 -0.000024
 26   4.941382 1.997366 -1.629410 -0.000001 0.209414 -0.000024
 27   3.160563 1.767707 1.553565 -0.163477 0.220818 -1.289323
 28   3.162993 1.775125 -1.540206 0.163480 -0.220897 -1.289338
 29   8.824059 0.150544 0.091743 -0.107477 0.028753 0.431099
 30   2.111085 -0.561179 1.784320 -0.000008 -0.000682 0.000024
 31   2.121290 -0.561289 -1.853599 0.000000 0.000000 -0.000002
 32   -0.814395 -0.093824 3.127092 0.001376 -2.696260 0.071551
 33   14.298673 -0.408176 0.471578 -0.000052 -0.000209 0.033794
 34   15.835795 0.581398 0.242756 -0.003065 -0.010786 -0.001460
 35   -0.815868 -0.091229 -3.114430 0.458480 3.496800 -1.004464
 36   14.294526 -0.410349 -0.467541 -0.000063 -0.000180 -2.653655
 37   15.834409 0.579420 -0.284600 0.003089 0.010919 0.015959
 38   1.436569 -3.383434 -2.819907 -0.102762 0.008182 1.929670
 39   -4.723375 -0.621247 -0.711023 0.130752 -0.025743 0.736840
 40   0.829030 -3.559147 3.209945 -0.102762 0.008183 1.929670
 41   -4.168207 -1.492737 0.924409 0.130751 -0.025743 0.736840
 42   0.975394 2.720771 -2.575329 0.013135 0.039115 -0.645905
 43   1.074266 2.530635 2.978755 0.013144 0.039121 -0.645905
time 80
  0   0.020765 -0.546892 15.239118 2.705095 0.000000 -1.571069
  1   -1.093036 0.000002 -0.326057 -1.570022 -1.570379 -0.000268
  2   2.262337 0.113614 0.064702 -0.013605 0.156448 -0.087512
  3   2.380047 0.353302 0.047440 0.001260 0.156994 0.008876
  4   2.033756 0.190472 -0.000128 -0.024446 0.172794 -0.141533
  5   2.451511 0.204909 -0.003447 0.000000 -0.000005 -0.017472
  6   7.247600 -0.397300 -0.109469 0.000001 -0.000003 0.418536
  7   -2.022252 -0.104661 3.136172 -0.298783 -1.361718 -2.901842
  8   1.168026 -0.537438 -0.063437 -1.439649 -1.090597 -1.657106
  9   6.790376 -0.619176 0.015206 -0.009312 -0.035190 -0.539141
 10   8.637599 0.544015 -0.090417 -1.570112 0.000221 -0.122021
 11   6.790465 -0.619039 0.017802 -0.009597 -0.035301 -0.392564
 12   -2.022474 -0.104699 -2.873818 0.298969 1.362003 -2.901601
 13   1.167898 -0.537463 0.063297 1.149907 1.162336 -1.859053
 14   7.002743 -0.617765 -0.183752 0.047085 0.002238 -0.464424
 15   8.209042 0.615527 -0.255885 1.570018 -0.000214 -0.121965
 16   7.002735 -0.617911 -0.183641 0.047532 0.002293 -0.343621
 17   1.574674 0.609930 -0.000899 0.000000 0.000008 -0.532764
 18   -0.602177 0.511412 -0.000006 0.000000 0.000000 0.000000
 19   3.673773 0.177020 1.119313 -0.000002 -0.000014 -0.174510
 20   3.673767 0.176993 -1.117566 0.000007 -0.000003 -0.174546
 21   3.942357 1.334540 1.627658 0.000002 -0.000011 -0.000026
 22   -0.246060 -0.011889 0.516521 -0.000011 0.000031 0.000025
 23   3.942374 1.334565 -1.631083 0.000019 0.000002 -0.000024
 24   -0.246150 -0.011872 -0.516511 -0.000005 -0.000006 0.000048
 25   4.941364 1.997338 1.629330 0.000018 -0.000001 -0.000024
 26   4.941382 1.997366 -1.629410 -0.000001 0.000005 -0.000024
 27   2.914462 1.619264 1.514501 -0.000019 -0.000022 -0.000050
 28   2.916892 1.618870 -1.501142 -0.000002 -0.000009 -0.000024
 29   8.824059 0.150544 0.091743 -0.109616 0.024741 0.466829
 30   2.111085 -0.561179 1.784320 -0.000008 -0.000682 0.000024
 31   2.121290 -0.561289 -1.853599 0.000000 0.000000 -0.000002
 32   -0.814395 -0.093824 3.127092 0.001376 -2.696260 0.071551
 33   14.298673 -0.408176 0.471578 -0.000052 -0.000209 0.033794
 34   15.835795 0.581398 0.242756 -0.003065 -0.010786 -0.001460
 35   -0.815868 -0.091229 -3.114430 0.458480 3.496800 -1.004464
 36   14.294526 -0.410349 -0.467541 -0.000063 -0.000180 -2.653655
 37   15.834409 0.579420 -0.284600 0.003089 0.010919 0.015959
 38   1.420944 -3.359996 -2.808187 -0.101183 0.012195 1.956430
 39   -4.739001 -0.605622 -0.711023 0.135642 -0.024760 0.743263
 40   0.836842 -3.543522 3.221664 -0.101183 0.012196 1.956430
 41   -4.152581 -1.508362 0.924409 0.135641 -0.024760 0.743263
 42   0.983207 2.814524 -2.571423 0.014957 0.039467 -0.700609
 43   1.089892 2.616575 2.982662 0.014955 0.039466 -0.700609
end
