version 1
nodes
  0 "Bip01" -1
  1 "Bip01 Pelvis" 0
  2 "Bip01 Spine" 1
  3 "Bip01 Spine1" 2
  4 "Bip01 Spine2" 3
  5 "Bip01 Spine3" 4
  6 "Bip01 Neck" 5
  7 "Bip01 L Arm" 6
  8 "Bip01 L Arm1" 7
  9 "Bip01 L Arm2" 8
 10 "Bip01 L Hand" 9
 11 "Bip06 L elbow2-smooth" 8
 12 "Bip01 R Arm" 6
 13 "Bip01 R Arm1" 12
 14 "Bip01 R Arm2" 13
 15 "Bip01 R Hand" 14
 16 "Bip06 R elbow2-smooth" 13
 17 "Bip01 Head" 6
 18 "Bip06 Head_helper" 17
 19 "Bip06 Head_eyes_l" 18
 20 "Bip06 Head_eyes_r" 18
 21 "Bip06 Head_blink_l" 18
 22 "Bip06 Head_blink_smooth_l1" 21
 23 "Bip06 Head_blink_r" 18
 24 "Bip06 Head_blink_smooth_r1" 23
 25 "Bip06 Head_L_eyebrow" 18
 26 "Bip06 Head_R_eyebrow" 18
 27 "Bip06 Head_blink_l_lid" 18
 28 "Bip06 Head_blink_r_lid" 18
 29 "Bip06 bunny" 18
 30 "Bip06 bunnyL" 29
 31 "Bip06 bunnyR" 29
 32 "Bip01 L Leg" 1
 33 "Bip01 L Leg1" 32
 34 "Bip01 L Foot" 33
 35 "Bip01 R Leg" 1
 36 "Bip01 R Leg1" 35
 37 "Bip01 R Foot" 36
 38 "Bip03 HairR1" 17
 39 "Bip03 HairR2" 38
 40 "Bip03 HairL1" 17
 41 "Bip03 HairL2" 40
 42 "Bip03 swingR" 17
 43 "Bip03 swingL" 17
end
skeleton
time 0
  0   -0.010486 0.000000 2.055121 0.000000 0.000000 -1.571069
  1   -1.093036 0.000002 -0.326057 -0.221665 -1.569082 -1.348744
  2   2.262337 0.113614 0.064702 -0.000103 -0.001569 -0.016710
  3   2.380047 0.353302 0.047440 -0.011686 -0.000316 -0.028262
  4   2.033756 0.190472 -0.000128 -0.000010 0.000024 -0.139576
  5   2.451511 0.204909 -0.003447 -0.016638 0.000021 -0.012668
  6   7.247600 -0.397300 -0.109469 0.000001 -0.000003 0.156829
  7   -2.022252 -0.104661 3.136172 0.325636 -1.225077 -3.496615
  8   1.168026 -0.537438 -0.063437 0.681385 1.084843 0.765515
  9   6.790376 -0.619176 0.015206 -0.000047 -0.000085 -0.354246
 10   8.637599 0.544015 -0.090417 -1.500805 0.180913 -0.286459
 11   6.790465 -0.619039 0.017802 -0.002006 -0.010912 -0.263199
 12   -2.022474 -0.104699 -2.873818 -0.514912 1.396280 -3.660349
 13   1.167898 -0.537463 0.063297 -0.293627 -1.189280 0.277340
 14   7.002743 -0.617765 -0.183752 0.000059 0.000137 -0.232914
 15   8.209042 0.615527 -0.255885 1.747115 -0.188455 0.226470
 16   7.002735 -0.617911 -0.183641 0.014626 0.001616 -0.181630
 17   1.574674 0.609930 -0.000899 0.026282 0.007226 0.237541
 18   -0.602177 0.511412 -0.000006 0.000000 0.000000 0.000000
 19   3.646428 0.364526 1.119313 -0.000002 -0.000014 -0.174510
 20   3.646422 0.364499 -1.117566 0.000007 -0.000003 -0.174546
 21   3.805634 1.330634 1.627658 0.000002 -0.000011 -0.000026
 22   -0.246060 -0.011889 0.516521 -0.000011 0.000031 0.000025
 23   3.805651 1.330659 -1.631083 0.000019 0.000002 -0.000024
 24   -0.246150 -0.011872 -0.516511 -0.000005 -0.000006 0.000048
 25   4.941364 1.997338 1.629330 0.000018 -0.000001 -0.000024
 26   4.941382 1.997366 -1.629410 -0.000001 0.000005 -0.000024
 27   2.930087 1.603639 1.514501 -0.000019 -0.000022 -0.000050
 28   2.932517 1.603245 -1.501142 -0.000002 -0.000009 -0.000024
 29   8.824059 0.150544 0.091743 0.000006 -0.000231 -0.174534
 30   2.111085 -0.561179 1.784320 -0.000008 -0.000682 0.000024
 31   2.121290 -0.561289 -1.853599 0.000000 0.000000 -0.000002
 32   -0.814395 -0.093824 3.127092 -0.083351 -3.103217 -0.358837
 33   14.298673 -0.408176 0.471578 -0.000399 0.000075 -0.469987
 34   15.835795 0.581398 0.242756 -0.056408 0.019890 0.053050
 35   -0.815868 -0.091229 -3.114430 0.147701 3.163736 -0.058618
 36   14.294526 -0.410349 -0.467541 0.000033 0.000036 -0.282107
 37   15.834409 0.579420 -0.284600 0.199935 0.023435 0.198943
 38   1.139685 -3.453749 -2.823813 0.000000 0.000000 0.000001
 39   -4.457742 -1.054854 -0.746180 0.000000 0.000000 0.000000
 40   1.118101 -3.449769 3.237290 0.000000 0.000001 0.000000
 41   -4.433840 -1.059130 0.959566 -0.000001 0.000000 0.000000
 42   -0.657468 1.697302 -2.688614 0.000000 0.000002 0.000000
 43   -0.664068 1.698578 2.869377 0.000000 0.000002 0.000000
time 1
  0   -0.010486 0.000000 2.055121 0.000000 0.000000 -1.571069
  1   -1.093036 0.000002 -0.326057 -0.221665 -1.569082 -1.348744
  2   2.262337 0.113614 0.064702 -0.000103 -0.001569 -0.016710
  3   2.380047 0.353302 0.047440 -0.011686 -0.000316 -0.028262
  4   2.033756 0.190472 -0.000128 -0.000010 0.000024 -0.139576
  5   2.451511 0.204909 -0.003447 -0.016638 0.000021 -0.012692
  6   7.247600 -0.397300 -0.109469 0.000001 -0.000003 0.156829
  7   -2.022252 -0.104661 3.136172 0.329854 -1.229026 -3.496333
  8   1.168026 -0.537438 -0.063437 0.670311 1.081975 0.746220
  9   6.790376 -0.619176 0.015206 -0.019742 0.015332 -0.363830
 10   8.637599 0.544015 -0.090417 -1.494729 0.172396 -0.285664
 11   6.790465 -0.619039 0.017802 -0.009889 0.000145 -0.263660
 12   -2.022474 -0.104699 -2.873818 -0.520948 1.397731 -3.665806
 13   1.167898 -0.537463 0.063297 -0.289409 -1.181398 0.273163
 14   7.002743 -0.617765 -0.183752 0.005182 -0.007586 -0.238524
 15   8.209042 0.615527 -0.255885 1.747690 -0.179754 0.225929
 16   7.002735 -0.617911 -0.183641 0.019663 -0.006560 -0.187480
 17   1.574674 0.609930 -0.000899 0.026282 0.007226 0.237615
 18   -0.602177 0.511412 -0.000006 0.000000 0.000000 0.000000
 19   3.646428 0.364526 1.119313 -0.000002 -0.000014 -0.174510
 20   3.646422 0.364499 -1.117566 0.000007 -0.000003 -0.174546
 21   3.805634 1.330634 1.627658 0.000002 -0.000011 -0.000026
 22   -0.246060 -0.011889 0.516521 -0.000011 0.000031 0.000025
 23   3.805651 1.330659 -1.631083 0.000019 0.000002 -0.000024
 24   -0.246150 -0.011872 -0.516511 -0.000005 -0.000006 0.000048
 25   4.941364 1.997338 1.629330 0.000018 -0.000001 -0.000024
 26   4.941382 1.997366 -1.629410 -0.000001 0.000005 -0.000024
 27   2.930087 1.603639 1.514501 -0.000019 -0.000022 -0.000050
 28   2.932517 1.603245 -1.501142 -0.000002 -0.000009 -0.000024
 29   8.824059 0.150544 0.091743 0.000006 -0.000231 -0.171261
 30   2.111085 -0.561179 1.784320 0.000629 0.003822 0.000088
 31   2.121290 -0.561289 -1.849693 -0.000628 -0.004403 0.000016
 32   -0.814395 -0.093824 3.127092 -0.083351 -3.103217 -0.358837
 33   14.298673 -0.408176 0.471578 -0.000399 0.000075 -0.469987
 34   15.835795 0.581398 0.242756 -0.056408 0.019890 0.053050
 35   -0.815868 -0.091229 -3.114430 0.147701 3.163736 -0.058618
 36   14.294526 -0.410349 -0.467541 0.000033 0.000036 -0.282107
 37   15.834409 0.579420 -0.284600 0.199935 0.023435 0.198943
 38   1.139685 -3.453749 -2.823813 -0.000021 0.000000 0.002078
 39   -4.457742 -1.054854 -0.746180 -0.000060 0.000000 0.003674
 40   1.118101 -3.449769 3.237290 -0.000021 0.000001 0.002077
 41   -4.433840 -1.059130 0.959566 -0.000061 0.000000 0.003674
 42   -0.657468 1.697302 -2.680801 0.000431 0.002195 0.000000
 43   -0.664068 1.698578 2.865470 -0.000737 -0.003701 0.000000
time 2
  0   -0.010486 0.000000 2.055121 0.000000 0.000000 -1.571069
  1   -1.093036 0.000002 -0.326057 -0.221665 -1.569082 -1.348744
  2   2.262337 0.113614 0.064702 -0.000103 -0.001569 -0.016710
  3   2.380047 0.353302 0.047440 -0.011686 -0.000316 -0.028262
  4   2.033756 0.190472 -0.000128 -0.000010 0.000024 -0.139576
  5   2.451511 0.204909 -0.003447 -0.016638 0.000021 -0.012915
  6   7.247600 -0.397300 -0.109469 0.000001 -0.000003 0.156829
  7   -2.022252 -0.104661 3.136172 0.341452 -1.240183 -3.495582
  8   1.168026 -0.537438 -0.063437 0.639051 1.073220 0.692512
  9   6.790376 -0.619176 0.015206 -0.075444 0.058647 -0.391074
 10   8.637599 0.544015 -0.090417 -1.477556 0.148534 -0.283638
 11   6.790465 -0.619039 0.017802 -0.032078 0.031271 -0.264872
 12   -2.022474 -0.104699 -2.873818 -0.538672 1.401765 -3.681795
 13   1.167898 -0.537463 0.063297 -0.278443 -1.159428 0.262388
 14   7.002743 -0.617765 -0.183752 0.020725 -0.029732 -0.255520
 15   8.209042 0.615527 -0.255885 1.749200 -0.154711 0.224546
 16   7.002735 -0.617911 -0.183641 0.035010 -0.029961 -0.205197
 17   1.574674 0.609930 -0.000899 0.026282 0.007226 0.237836
 18   -0.602177 0.511412 -0.000006 0.000000 0.000000 0.000000
 19   3.646428 0.364526 1.119313 -0.000002 -0.000014 -0.174510
 20   3.646422 0.364499 -1.117566 0.000007 -0.000003 -0.174546
 21   3.805634 1.330634 1.627658 0.000002 -0.000011 -0.000026
 22   -0.246060 -0.011889 0.516521 -0.000011 0.000031 0.000025
 23   3.805651 1.330659 -1.631083 0.000019 0.000002 -0.000024
 24   -0.246150 -0.011872 -0.516511 -0.000005 -0.000006 0.000048
 25   4.941364 1.997338 1.629330 0.000018 -0.000001 -0.000024
 26   4.941382 1.997366 -1.629410 -0.000001 0.000005 -0.000024
 27   2.930087 1.603639 1.514501 -0.000019 -0.000022 -0.000050
 28   2.932517 1.603245 -1.501142 -0.000002 -0.000009 -0.000024
 29   8.824059 0.150544 0.091743 -0.000172 -0.000231 -0.162195
 30   2.114991 -0.561179 1.776507 0.002406 0.016057 0.000281
 31   2.125196 -0.561289 -1.837973 -0.002344 -0.016396 0.000107
 32   -0.814395 -0.093824 3.127092 -0.083351 -3.103217 -0.358837
 33   14.298673 -0.408176 0.471578 -0.000399 0.000075 -0.469987
 34   15.835795 0.581398 0.242756 -0.056408 0.019890 0.053050
 35   -0.815868 -0.091229 -3.114430 0.147701 3.163736 -0.058618
 36   14.294526 -0.410349 -0.467541 0.000033 0.000036 -0.282107
 37   15.834409 0.579420 -0.284600 0.199935 0.023435 0.198943
 38   1.143591 -3.453749 -2.823813 -0.000126 0.000012 0.007882
 39   -4.457742 -1.054854 -0.746180 -0.000216 0.000024 0.013687
 40   1.122007 -3.449769 3.237290 -0.000126 0.000013 0.007881
 41   -4.433840 -1.059130 0.959566 -0.000217 0.000024 0.013687
 42   -0.649655 1.697302 -2.657363 0.001642 0.008189 0.000042
 43   -0.660162 1.698578 2.849845 -0.002774 -0.013806 0.000125
time 3
  0   -0.010486 0.000000 2.055121 0.000000 0.000000 -1.571069
  1   -1.093036 0.000002 -0.326057 -0.221665 -1.569082 -1.348744
  2   2.262337 0.113614 0.064702 -0.000103 -0.001569 -0.016710
  3   2.380047 0.353302 0.047440 -0.011686 -0.000316 -0.028262
  4   2.033756 0.190472 -0.000128 -0.000010 0.000024 -0.139576
  5   2.451511 0.204909 -0.003447 -0.016638 0.000008 -0.013856
  6   7.247600 -0.397300 -0.109469 0.000001 -0.000003 0.156829
  7   -2.022252 -0.104661 3.136172 0.359378 -1.257392 -3.494173
  8   1.168026 -0.537438 -0.063437 0.591274 1.058025 0.610906
  9   6.790376 -0.619176 0.015206 -0.161437 0.125721 -0.433486
 10   8.637599 0.544015 -0.090417 -1.451225 0.111579 -0.280744
 11   6.790465 -0.619039 0.017802 -0.066384 0.079366 -0.266717
 12   -2.022474 -0.104699 -2.873818 -0.568277 1.408093 -3.708698
 13   1.167898 -0.537463 0.063297 -0.263751 -1.125865 0.247920
 14   7.002743 -0.617765 -0.183752 0.046914 -0.065052 -0.283820
 15   8.209042 0.615527 -0.255885 1.751429 -0.115141 0.222742
 16   7.002735 -0.617911 -0.183641 0.061043 -0.067177 -0.234725
 17   1.574674 0.609930 -0.000899 0.026404 0.007226 0.238760
 18   -0.602177 0.511412 -0.000006 0.000000 0.000000 0.000000
 19   3.646428 0.364526 1.119313 -0.000002 -0.000014 -0.174510
 20   3.646422 0.364499 -1.117566 0.000007 -0.000003 -0.174546
 21   3.805634 1.330634 1.627658 0.000002 -0.000011 -0.000026
 22   -0.246060 -0.011889 0.516521 -0.000011 0.000031 0.000025
 23   3.805651 1.330659 -1.631083 0.000019 0.000002 -0.000024
 24   -0.246150 -0.011872 -0.516511 -0.000005 -0.000006 0.000048
 25   4.941364 1.997338 1.629330 0.000018 -0.000001 -0.000024
 26   4.941382 1.997366 -1.629410 -0.000001 0.000005 -0.000024
 27   2.930087 1.603639 1.514501 -0.000019 -0.000022 -0.000050
 28   2.932517 1.603245 -1.501142 -0.000002 -0.000009 -0.000024
 29   8.824059 0.150544 0.091743 -0.000350 -0.000231 -0.148890
 30   2.118898 -0.561179 1.768695 0.004996 0.034075 0.000560
 31   2.136915 -0.561289 -1.822348 -0.004888 -0.034060 0.000235
 32   -0.814395 -0.093824 3.127092 -0.083351 -3.103217 -0.358837
 33   14.298673 -0.408176 0.471578 -0.000399 0.000075 -0.469987
 34   15.835795 0.581398 0.242756 -0.056408 0.019890 0.053050
 35   -0.815868 -0.091229 -3.114430 0.147701 3.163736 -0.058618
 36   14.294526 -0.410349 -0.467541 0.000033 0.000036 -0.282107
 37   15.834409 0.579420 -0.284600 0.199935 0.023435 0.198943
 38   1.151404 -3.453749 -2.823813 -0.000253 0.000024 0.016435
 39   -4.457742 -1.054854 -0.746180 -0.000455 0.000060 0.028439
 40   1.129820 -3.449769 3.237290 -0.000253 0.000025 0.016434
 41   -4.433840 -1.059130 0.959566 -0.000456 0.000060 0.028439
 42   -0.634030 1.693396 -2.622206 0.003404 0.017006 0.000167
 43   -0.656255 1.698578 2.830313 -0.005760 -0.028666 0.000251
time 4
  0   -0.010486 0.000000 2.055121 0.000000 0.000000 -1.571069
  1   -1.093036 0.000002 -0.326057 -0.221665 -1.569082 -1.348744
  2   2.262337 0.113614 0.064702 -0.000103 -0.001569 -0.016710
  3   2.380047 0.353302 0.047440 -0.011686 -0.000316 -0.028262
  4   2.033756 0.190472 -0.000128 -0.000010 0.000024 -0.139576
  5   2.451511 0.204909 -0.003447 -0.016638 -0.000005 -0.016407
  6   7.247600 -0.397300 -0.109469 0.000001 -0.000003 0.156829
  7   -2.022252 -0.104661 3.136172 0.382192 -1.279589 -3.492013
  8   1.168026 -0.537438 -0.063437 0.531221 1.035535 0.508930
  9   6.790376 -0.619176 0.015206 -0.272175 0.212216 -0.488427
 10   8.637599 0.544015 -0.090417 -1.417408 0.063925 -0.277561
 11   6.790465 -0.619039 0.017802 -0.110616 0.141362 -0.269140
 12   -2.022474 -0.104699 -2.873818 -0.610623 1.416248 -3.747569
 13   1.167898 -0.537463 0.063297 -0.247724 -1.083096 0.232181
 14   7.002743 -0.617765 -0.183752 0.084148 -0.112183 -0.323340
 15   8.209042 0.615527 -0.255885 1.754018 -0.062860 0.220998
 16   7.002735 -0.617911 -0.183641 0.098280 -0.116799 -0.276065
 17   1.574674 0.609930 -0.000899 0.026485 0.007226 0.241348
 18   -0.602177 0.511412 -0.000006 0.000000 0.000000 0.000000
 19   3.646428 0.364526 1.119313 -0.000002 -0.000014 -0.174510
 20   3.646422 0.364499 -1.117566 0.000007 -0.000003 -0.174546
 21   3.805634 1.330634 1.627658 0.000002 -0.000011 -0.000026
 22   -0.246060 -0.011889 0.516521 -0.000011 0.000031 0.000025
 23   3.805651 1.330659 -1.631083 0.000019 0.000002 -0.000024
 24   -0.246150 -0.011872 -0.516511 -0.000005 -0.000006 0.000048
 25   4.941364 1.997338 1.629330 0.000018 -0.000001 -0.000024
 26   4.941382 1.997366 -1.629410 -0.000001 0.000005 -0.000024
 27   2.930087 1.603639 1.514501 -0.000019 -0.000022 -0.000050
 28   2.932517 1.603245 -1.501142 -0.000002 -0.000009 -0.000024
 29   8.824059 0.150544 0.091743 -0.000618 -0.000255 -0.132742
 30   2.122804 -0.561179 1.756975 0.008155 0.055958 0.000903
 31   2.144728 -0.565195 -1.798910 -0.007967 -0.055533 0.000398
 32   -0.814395 -0.093824 3.127092 -0.083351 -3.103217 -0.358837
 33   14.298673 -0.408176 0.471578 -0.000399 0.000075 -0.469987
 34   15.835795 0.581398 0.242756 -0.056408 0.019890 0.053050
 35   -0.815868 -0.091229 -3.114430 0.147701 3.163736 -0.058618
 36   14.294526 -0.410349 -0.467541 0.000033 0.000036 -0.282107
 37   15.834409 0.579420 -0.284600 0.199935 0.023435 0.198943
 38   1.155311 -3.457655 -2.823813 -0.000421 0.000036 0.026760
 39   -4.457742 -1.054854 -0.746180 -0.000743 0.000096 0.046389
 40   1.133726 -3.449769 3.237290 -0.000421 0.000037 0.026759
 41   -4.433840 -1.059130 0.959566 -0.000744 0.000096 0.046389
 42   -0.622311 1.689489 -2.579236 0.005561 0.027723 0.000251
 43   -0.652349 1.698578 2.802969 -0.009396 -0.046727 0.000460
time 5
  0   -0.010486 0.000000 2.055121 0.000000 0.000000 -1.571069
  1   -1.093036 0.000002 -0.326057 -0.221665 -1.569082 -1.348744
  2   2.262337 0.113614 0.064702 -0.000103 -0.001569 -0.016710
  3   2.380047 0.353302 0.047440 -0.011686 -0.000316 -0.028262
  4   2.033756 0.190472 -0.000128 -0.000010 0.000024 -0.139576
  5   2.451511 0.204909 -0.003447 -0.016638 -0.000005 -0.018760
  6   7.247600 -0.397300 -0.109469 0.000001 -0.000003 0.156829
  7   -2.022252 -0.104661 3.136172 0.408649 -1.305620 -3.488914
  8   1.168026 -0.537438 -0.063437 0.463637 1.005044 0.394619
  9   6.790376 -0.619176 0.015206 -0.402052 0.313928 -0.553404
 10   8.637599 0.544015 -0.090417 -1.377779 0.008035 -0.274740
 11   6.790465 -0.619039 0.017802 -0.162556 0.214159 -0.271908
 12   -2.022474 -0.104699 -2.873818 -0.667533 1.425739 -3.800131
 13   1.167898 -0.537463 0.063297 -0.232188 -1.033716 0.216926
 14   7.002743 -0.617765 -0.183752 0.132768 -0.169706 -0.374080
 15   8.209042 0.615527 -0.255885 1.756894 0.000315 0.219735
 16   7.002735 -0.617911 -0.183641 0.147051 -0.177303 -0.329215
 17   1.574674 0.609930 -0.000899 0.026648 0.007226 0.243898
 18   -0.602177 0.511412 -0.000006 0.000000 0.000000 0.000000
 19   3.646428 0.364526 1.119313 -0.000002 -0.000014 -0.174510
 20   3.646422 0.364499 -1.117566 0.000007 -0.000003 -0.174546
 21   3.805634 1.330634 1.627658 0.000002 -0.000011 -0.000026
 22   -0.246060 -0.011889 0.516521 -0.000011 0.000031 0.000025
 23   3.805651 1.330659 -1.631083 0.000019 0.000002 -0.000024
 24   -0.246150 -0.011872 -0.516511 -0.000005 -0.000006 0.000048
 25   4.941364 1.997338 1.629330 0.000018 -0.000001 -0.000024
 26   4.941382 1.997366 -1.629410 -0.000001 0.000005 -0.000024
 27   2.930087 1.603639 1.514501 -0.000019 -0.000022 -0.000050
 28   2.932517 1.603245 -1.501142 -0.000002 -0.000009 -0.000024
 29   8.824059 0.150544 0.091743 -0.000885 -0.000278 -0.115199
 30   2.130617 -0.561179 1.749163 0.011600 0.079788 0.001268
 31   2.156447 -0.565195 -1.775472 -0.011323 -0.078870 0.000562
 32   -0.814395 -0.093824 3.127092 -0.083351 -3.103217 -0.358837
 33   14.298673 -0.408176 0.471578 -0.000399 0.000075 -0.469987
 34   15.835795 0.581398 0.242756 -0.056408 0.019890 0.053050
 35   -0.815868 -0.091229 -3.114430 0.147701 3.163736 -0.058618
 36   14.294526 -0.410349 -0.467541 0.000033 0.000036 -0.282107
 37   15.834409 0.579420 -0.284600 0.199935 0.023435 0.198943
 38   1.167030 -3.457655 -2.823813 -0.000610 0.000060 0.038002
 39   -4.457742 -1.058760 -0.746180 -0.001067 0.000132 0.065881
 40   1.145446 -3.453675 3.237290 -0.000610 0.000061 0.038001
 41   -4.433840 -1.055224 0.959566 -0.001068 0.000132 0.065881
 42   -0.602779 1.689489 -2.532359 0.007898 0.039375 0.000376
 43   -0.644536 1.694672 2.771718 -0.013344 -0.066388 0.000627
time 6
  0   -0.010486 0.000000 2.055121 0.000000 0.000000 -1.571069
  1   -1.093036 0.000002 -0.326057 -0.221665 -1.569082 -1.348744
  2   2.262337 0.113614 0.064702 -0.000103 -0.001569 -0.016710
  3   2.380047 0.353302 0.047440 -0.011686 -0.000316 -0.028262
  4   2.033756 0.190472 -0.000128 -0.000010 0.000024 -0.139576
  5   2.451511 0.204909 -0.003447 -0.016638 -0.000018 -0.021905
  6   7.247600 -0.397300 -0.109469 0.000001 -0.000003 0.156829
  7   -2.022252 -0.104661 3.136172 0.437215 -1.334448 -3.484594
  8   1.168026 -0.537438 -0.063437 0.393016 0.966302 0.275436
  9   6.790376 -0.619176 0.015206 -0.545356 0.426585 -0.625853
 10   8.637599 0.544015 -0.090417 -1.334010 -0.053839 -0.272642
 11   6.790465 -0.619039 0.017802 -0.220044 0.294687 -0.275022
 12   -2.022474 -0.104699 -2.873818 -0.741304 1.436043 -3.868969
 13   1.167898 -0.537463 0.063297 -0.217988 -0.980268 0.203003
 14   7.002743 -0.617765 -0.183752 0.193060 -0.236428 -0.435959
 15   8.209042 0.615527 -0.255885 1.759842 0.072721 0.219554
 16   7.002735 -0.617911 -0.183641 0.207779 -0.247337 -0.394122
 17   1.574674 0.609930 -0.000899 0.026810 0.007179 0.247003
 18   -0.602177 0.511412 -0.000006 0.000000 0.000000 0.000000
 19   3.646428 0.364526 1.119313 -0.000002 -0.000014 -0.174510
 20   3.646422 0.364499 -1.117566 0.000007 -0.000003 -0.174546
 21   3.805634 1.330634 1.627658 0.000002 -0.000011 -0.000026
 22   -0.246060 -0.011889 0.516521 -0.000011 0.000031 0.000025
 23   3.805651 1.330659 -1.631083 0.000019 0.000002 -0.000024
 24   -0.246150 -0.011872 -0.516511 -0.000005 -0.000006 0.000048
 25   4.941364 1.997338 1.629330 0.000018 -0.000001 -0.000024
 26   4.941382 1.997366 -1.629410 -0.000001 0.000005 -0.000024
 27   2.930087 1.603639 1.514501 -0.000019 -0.000022 -0.000050
 28   2.932517 1.603245 -1.501142 -0.000002 -0.000009 -0.000024
 29   8.824059 0.150544 0.091743 -0.001242 -0.000278 -0.097603
 30   2.134523 -0.561179 1.737444 0.015044 0.103618 0.001654
 31   2.168166 -0.565195 -1.752033 -0.014663 -0.102233 0.000726
 32   -0.814395 -0.093824 3.127092 -0.083351 -3.103217 -0.358837
 33   14.298673 -0.408176 0.471578 -0.000399 0.000075 -0.469987
 34   15.835795 0.581398 0.242756 -0.056408 0.019890 0.053050
 35   -0.815868 -0.091229 -3.114430 0.147701 3.163736 -0.058618
 36   14.294526 -0.410349 -0.467541 0.000033 0.000036 -0.282107
 37   15.834409 0.579420 -0.284600 0.199935 0.023435 0.198943
 38   1.174842 -3.461562 -2.823813 -0.000800 0.000072 0.049304
 39   -4.457742 -1.058760 -0.746180 -0.001378 0.000180 0.085374
 40   1.153258 -3.453675 3.237290 -0.000800 0.000073 0.049303
 41   -4.433840 -1.055224 0.959566 -0.001379 0.000180 0.085374
 42   -0.587153 1.685583 -2.485483 0.010235 0.051028 0.000502
 43   -0.640630 1.694672 2.744373 -0.017304 -0.086034 0.000836
time 7
  0   -0.010486 0.000000 2.055121 0.000000 0.000000 -1.571069
  1   -1.093036 0.000002 -0.326057 -0.221665 -1.569082 -1.348744
  2   2.262337 0.113614 0.064702 -0.000103 -0.001569 -0.016710
  3   2.380047 0.353302 0.047440 -0.011686 -0.000316 -0.028262
  4   2.033756 0.190472 -0.000128 -0.000010 0.000024 -0.139576
  5   2.451511 0.204909 -0.003447 -0.016638 -0.000031 -0.023614
  6   7.247600 -0.397300 -0.109469 0.000001 -0.000003 0.156829
  7   -2.022252 -0.104661 3.136172 0.466451 -1.364889 -3.478677
  8   1.168026 -0.537438 -0.063437 0.322901 0.919812 0.158025
  9   6.790376 -0.619176 0.015206 -0.696372 0.545984 -0.703132
 10   8.637599 0.544015 -0.090417 -1.287688 -0.119302 -0.271629
 11   6.790465 -0.619039 0.017802 -0.280830 0.379821 -0.278310
 12   -2.022474 -0.104699 -2.873818 -0.835003 1.446549 -3.957338
 13   1.167898 -0.537463 0.063297 -0.205546 -0.925243 0.190836
 14   7.002743 -0.617765 -0.183752 0.265193 -0.310930 -0.508812
 15   8.209042 0.615527 -0.255885 1.763006 0.152467 0.220817
 16   7.002735 -0.617911 -0.183641 0.280794 -0.325491 -0.470840
 17   1.574674 0.609930 -0.000899 0.026891 0.007179 0.248777
 18   -0.602177 0.511412 -0.000006 0.000000 0.000000 0.000000
 19   3.658147 0.270773 1.119313 -0.000002 -0.000014 -0.174510
 20   3.646422 0.364499 -1.117566 0.000007 -0.000003 -0.174546
 21   3.352495 1.260319 1.572969 0.000002 -0.000011 -0.000026
 22   -0.238247 -0.382994 0.496989 0.000099 -0.028720 0.445010
 23   3.805651 1.330659 -1.631083 0.000019 0.000002 -0.000024
 24   -0.246150 -0.011872 -0.516511 -0.000005 -0.000006 0.000048
 25   4.531195 1.993432 1.637143 -0.032209 0.220350 0.007203
 26   4.941382 1.997366 -1.629410 -0.000001 0.000005 -0.000024
 27   3.117593 1.463010 1.502782 -0.000019 -0.000022 -0.000050
 28   2.932517 1.603245 -1.501142 -0.000002 -0.000009 -0.000024
 29   8.824059 0.150544 0.091743 -0.001509 -0.000302 -0.081455
 30   2.142336 -0.565085 1.725724 0.018190 0.125501 0.001997
 31   2.179885 -0.569102 -1.732502 -0.017743 -0.123679 0.000890
 32   -0.814395 -0.093824 3.127092 -0.083351 -3.103217 -0.358837
 33   14.298673 -0.408176 0.471578 -0.000399 0.000075 -0.469987
 34   15.835795 0.581398 0.242756 -0.056408 0.019890 0.053050
 35   -0.815868 -0.091229 -3.114430 0.147701 3.163736 -0.058618
 36   14.294526 -0.410349 -0.467541 0.000033 0.000036 -0.282107
 37   15.834409 0.579420 -0.284600 0.199935 0.023435 0.198943
 38   1.182655 -3.461562 -2.823813 -0.000968 0.000096 0.059629
 39   -4.457742 -1.058760 -0.746180 -0.001678 0.000216 0.103324
 40   1.161071 -3.453675 3.237290 -0.000968 0.000097 0.059628
 41   -4.433840 -1.055224 0.959566 -0.001679 0.000216 0.103324
 42   -0.571528 1.681677 -2.442513 0.012380 0.061745 0.000586
 43   -0.632817 1.694672 2.717029 -0.020928 -0.104095 0.001046
time 8
  0   -0.010486 0.000000 2.055121 0.000000 0.000000 -1.571069
  1   -1.093036 0.000002 -0.326057 -0.221665 -1.569082 -1.348744
  2   2.262337 0.113614 0.064702 -0.000103 -0.001569 -0.016710
  3   2.380047 0.353302 0.047440 -0.011686 -0.000316 -0.028262
  4   2.033756 0.190472 -0.000128 -0.000010 0.000024 -0.139576
  5   2.451511 0.204909 -0.003447 -0.016638 -0.000070 -0.027527
  6   7.247600 -0.397300 -0.109469 0.000001 -0.000003 0.156829
  7   -2.022252 -0.104661 3.136172 0.494346 -1.395907 -3.470506
  8   1.168026 -0.537438 -0.063437 0.255698 0.866529 0.047382
  9   6.790376 -0.619176 0.015206 -0.849218 0.667785 -0.782599
 10   8.637599 0.544015 -0.090417 -1.240221 -0.185961 -0.271846
 11   6.790465 -0.619039 0.017802 -0.342726 0.466518 -0.281597
 12   -2.022474 -0.104699 -2.873818 -0.951984 1.456505 -4.068589
 13   1.167898 -0.537463 0.063297 -0.195001 -0.871287 0.180484
 14   7.002743 -0.617765 -0.183752 0.349454 -0.391961 -0.592637
 15   8.209042 0.615527 -0.255885 1.766457 0.237659 0.223884
 16   7.002735 -0.617911 -0.183641 0.366378 -0.410356 -0.559204
 17   1.574674 0.609930 -0.000899 0.027094 0.007179 0.252695
 18   -0.602177 0.511412 -0.000006 0.000000 0.000000 0.000000
 19   3.673773 0.177020 1.119313 -0.000002 -0.000014 -0.174510
 20   3.646422 0.364499 -1.117566 0.000007 -0.000003 -0.174546
 21   2.899356 1.190005 1.518280 0.000002 -0.000011 -0.000026
 22   -0.226528 -0.758005 0.473551 0.000194 -0.057471 0.890061
 23   3.805651 1.330659 -1.631083 0.000019 0.000002 -0.000024
 24   -0.246150 -0.011872 -0.516511 -0.000005 -0.000006 0.000048
 25   4.117120 1.989525 1.648862 -0.064423 0.440701 0.014429
 26   4.941382 1.997366 -1.629410 -0.000001 0.000005 -0.000024
 27   3.305099 1.322380 1.487156 -0.000019 -0.000022 -0.000050
 28   2.932517 1.603245 -1.501142 -0.000002 -0.000009 -0.000024
 29   8.824059 0.150544 0.091743 -0.001687 -0.000302 -0.068150
 30   2.146242 -0.565085 1.717912 0.020793 0.143548 0.002276
 31   2.187698 -0.569102 -1.712970 -0.020286 -0.141370 0.001017
 32   -0.814395 -0.093824 3.127092 -0.083351 -3.103217 -0.358837
 33   14.298673 -0.408176 0.471578 -0.000399 0.000075 -0.469987
 34   15.835795 0.581398 0.242756 -0.056408 0.019890 0.053050
 35   -0.815868 -0.091229 -3.114430 0.147701 3.163736 -0.058618
 36   14.294526 -0.410349 -0.467541 0.000033 0.000036 -0.282107
 37   15.834409 0.579420 -0.284600 0.199935 0.023435 0.198943
 38   1.186561 -3.465468 -2.823813 -0.001095 0.000108 0.068182
 39   -4.457742 -1.058760 -0.746180 -0.001918 0.000240 0.118076
 40   1.164977 -3.453675 3.237290 -0.001095 0.000109 0.068181
 41   -4.433840 -1.055224 0.959566 -0.001919 0.000240 0.118076
 42   -0.559809 1.677770 -2.407355 0.014154 0.070561 0.000711
 43   -0.628911 1.694672 2.697497 -0.023926 -0.118970 0.001213
time 9
  0   -0.010486 0.000000 2.055121 0.000000 0.000000 -1.571069
  1   -1.093036 0.000002 -0.326057 -0.221665 -1.569082 -1.348744
  2   2.262337 0.113614 0.064702 -0.000103 -0.001569 -0.016710
  3   2.380047 0.353302 0.047440 -0.011686 -0.000316 -0.028262
  4   2.033756 0.190472 -0.000128 -0.000010 0.000024 -0.139576
  5   2.451511 0.204909 -0.003447 -0.016638 -0.000123 -0.034387
  6   7.247600 -0.397300 -0.109469 0.000001 -0.000003 0.156829
  7   -2.022252 -0.104661 3.136172 -2.622763 -1.715226 -0.317827
  8   1.168026 -0.537438 -0.063437 0.192544 0.808215 -0.052696
  9   6.790376 -0.619176 0.015206 -0.998015 0.787650 -0.861689
 10   8.637599 0.544015 -0.090417 -1.193107 -0.251284 -0.273510
 11   6.790465 -0.619039 0.017802 -0.403542 0.551679 -0.284827
 12   -2.022474 -0.104699 -2.873818 -1.094353 1.465125 -4.205020
 13   1.167898 -0.537463 0.063297 -0.186285 -0.820890 0.171888
 14   7.002743 -0.617765 -0.183752 0.446068 -0.478217 -0.687106
 15   8.209042 0.615527 -0.255885 1.770627 0.326559 0.229116
 16   7.002735 -0.617911 -0.183641 0.464861 -0.500576 -0.659158
 17   1.574674 0.609930 -0.000899 0.027460 0.007179 0.259459
 18   -0.602177 0.511412 -0.000006 0.000000 0.000000 0.000000
 19   3.673773 0.177020 1.119313 -0.000002 -0.000014 -0.174510
 20   3.646422 0.364499 -1.117566 0.000007 -0.000003 -0.174546
 21   2.899356 1.190005 1.518280 0.000002 -0.000011 -0.000026
 22   -0.226528 -0.758005 0.473551 0.000194 -0.057471 0.890061
 23   3.805651 1.330659 -1.631083 0.000019 0.000002 -0.000024
 24   -0.246150 -0.011872 -0.516511 -0.000005 -0.000006 0.000048
 25   4.117120 1.989525 1.648862 -0.064423 0.440701 0.014429
 26   4.941382 1.997366 -1.629410 -0.000001 0.000005 -0.000024
 27   3.305099 1.322380 1.487156 -0.000019 -0.000022 -0.000050
 28   2.932517 1.603245 -1.501142 -0.000002 -0.000009 -0.000024
 29   8.824059 0.150544 0.091743 -0.001866 -0.000326 -0.059137
 30   2.146242 -0.565085 1.710099 0.022570 0.155783 0.002469
 31   2.191605 -0.569102 -1.701251 -0.022002 -0.153336 0.001090
 32   -0.814395 -0.093824 3.127092 -0.083351 -3.103217 -0.358837
 33   14.298673 -0.408176 0.471578 -0.000399 0.000075 -0.469987
 34   15.835795 0.581398 0.242756 -0.056408 0.019890 0.053050
 35   -0.815868 -0.091229 -3.114430 0.147701 3.163736 -0.058618
 36   14.294526 -0.410349 -0.467541 0.000033 0.000036 -0.282107
 37   15.834409 0.579420 -0.284600 0.199935 0.023435 0.198943
 38   1.190468 -3.465468 -2.823813 -0.001200 0.000121 0.073925
 39   -4.457742 -1.062667 -0.746180 -0.002073 0.000264 0.128089
 40   1.168884 -3.457582 3.237290 -0.001200 0.000122 0.073924
 41   -4.433840 -1.051317 0.959566 -0.002074 0.000264 0.128089
 42   -0.551996 1.677770 -2.383917 0.015352 0.076556 0.000753
 43   -0.625004 1.694672 2.681871 -0.025950 -0.129060 0.001380
time 10
  0   -0.010486 0.000000 2.055121 0.000000 0.000000 -1.571069
  1   -1.093036 0.000002 -0.326057 -0.221665 -1.569082 -1.348744
  2   2.262337 0.113614 0.064702 -0.000103 -0.001569 -0.016710
  3   2.380047 0.353302 0.047440 -0.011686 -0.000316 -0.028262
  4   2.033756 0.190472 -0.000128 -0.000010 0.000024 -0.139576
  5   2.451511 0.204909 -0.003447 -0.016638 -0.000149 -0.036814
  6   7.247600 -0.397300 -0.109469 0.000001 -0.000003 0.156829
  7   -2.022252 -0.104661 3.136172 -2.604550 -1.686457 -0.302143
  8   1.168026 -0.537438 -0.063437 0.133566 0.746982 -0.140058
  9   6.790376 -0.619176 0.015206 -1.136770 0.901242 -0.937836
 10   8.637599 0.544015 -0.090417 -1.147841 -0.313086 -0.276476
 11   6.790465 -0.619039 0.017802 -0.461088 0.632180 -0.287942
 12   -2.022474 -0.104699 -2.873818 -1.260770 1.471626 -4.365482
 13   1.167898 -0.537463 0.063297 -0.179325 -0.776697 0.165048
 14   7.002743 -0.617765 -0.183752 0.555094 -0.568562 -0.792218
 15   8.209042 0.615527 -0.255885 1.775733 0.417124 0.236874
 16   7.002735 -0.617911 -0.183641 0.576432 -0.594745 -0.770426
 17   1.574674 0.609930 -0.000899 0.027541 0.007179 0.262009
 18   -0.602177 0.511412 -0.000006 0.000000 0.000000 0.000000
 19   3.673773 0.177020 1.119313 -0.000002 -0.000014 -0.174510
 20   3.646422 0.364499 -1.117566 0.000007 -0.000003 -0.174546
 21   2.899356 1.190005 1.518280 0.000002 -0.000011 -0.000026
 22   -0.226528 -0.758005 0.473551 0.000194 -0.057471 0.890061
 23   3.805651 1.330659 -1.631083 0.000019 0.000002 -0.000024
 24   -0.246150 -0.011872 -0.516511 -0.000005 -0.000006 0.000048
 25   4.117120 1.989525 1.648862 -0.064423 0.440701 0.014429
 26   4.941382 1.997366 -1.629410 -0.000001 0.000005 -0.000024
 27   3.305099 1.322380 1.487156 -0.000019 -0.000022 -0.000050
 28   2.932517 1.603245 -1.501142 -0.000002 -0.000009 -0.000024
 29   8.824059 0.150544 0.091743 -0.001866 -0.000326 -0.055811
 30   2.150149 -0.565085 1.710099 0.023221 0.160287 0.002533
 31   2.195511 -0.569102 -1.697344 -0.022646 -0.157766 0.001126
 32   -0.814395 -0.093824 3.127092 -0.083351 -3.103217 -0.358837
 33   14.298673 -0.408176 0.471578 -0.000399 0.000075 -0.469987
 34   15.835795 0.581398 0.242756 -0.056408 0.019890 0.053050
 35   -0.815868 -0.091229 -3.114430 0.147701 3.163736 -0.058618
 36   14.294526 -0.410349 -0.467541 0.000033 0.000036 -0.282107
 37   15.834409 0.579420 -0.284600 0.199935 0.023435 0.198943
 38   1.194374 -3.465468 -2.823813 -0.001221 0.000121 0.076064
 39   -4.457742 -1.062667 -0.746180 -0.002133 0.000276 0.131791
 40   1.172790 -3.457582 3.237290 -0.001221 0.000122 0.076063
 41   -4.433840 -1.051317 0.959566 -0.002134 0.000276 0.131791
 42   -0.548090 1.677770 -2.376104 0.015796 0.078764 0.000795
 43   -0.625004 1.690765 2.674058 -0.026700 -0.132779 0.001464
time 11
  0   -0.010486 0.000000 2.055121 0.000000 0.000000 -1.571069
  1   -1.093036 0.000002 -0.326057 -0.221665 -1.569082 -1.348744
  2   2.262337 0.113614 0.064702 -0.000103 -0.001569 -0.016710
  3   2.380047 0.353302 0.047440 -0.011686 -0.000316 -0.028262
  4   2.033756 0.190472 -0.000128 -0.000010 0.000024 -0.139576
  5   2.451511 0.204909 -0.003447 -0.016638 -0.000188 -0.042089
  6   7.247600 -0.397300 -0.109469 0.000001 -0.000003 0.156829
  7   -2.022252 -0.104661 3.136172 -2.596019 -1.660484 -0.279791
  8   1.168026 -0.537438 -0.063437 0.078322 0.685196 -0.212998
  9   6.790376 -0.619176 0.015206 -1.259601 1.004222 -1.008247
 10   8.637599 0.544015 -0.090417 -1.106275 -0.368765 -0.280455
 11   6.790465 -0.619039 0.017802 -0.513116 0.705005 -0.290710
 12   -2.022474 -0.104699 -2.873818 -1.444336 1.475254 -4.543082
 13   1.167898 -0.537463 0.063297 -0.174194 -0.741252 0.159902
 14   7.002743 -0.617765 -0.183752 0.676588 -0.661689 -0.907478
 15   8.209042 0.615527 -0.255885 1.782348 0.507688 0.247398
 16   7.002735 -0.617911 -0.183641 0.701136 -0.691732 -0.892734
 17   1.574674 0.609930 -0.000899 0.027866 0.007155 0.267220
 18   -0.602177 0.511412 -0.000006 0.000000 0.000000 0.000000
 19   3.673773 0.177020 1.119313 -0.000002 -0.000014 -0.174510
 20   3.646422 0.364499 -1.117566 0.000007 -0.000003 -0.174546
 21   2.899356 1.190005 1.518280 0.000002 -0.000011 -0.000026
 22   -0.226528 -0.758005 0.473551 0.000194 -0.057471 0.890061
 23   3.805651 1.330659 -1.631083 0.000019 0.000002 -0.000024
 24   -0.246150 -0.011872 -0.516511 -0.000005 -0.000006 0.000048
 25   4.117120 1.989525 1.648862 -0.064423 0.440701 0.014429
 26   4.941382 1.997366 -1.629410 -0.000001 0.000005 -0.000024
 27   3.305099 1.322380 1.487156 -0.000019 -0.000022 -0.000050
 28   2.932517 1.603245 -1.501142 -0.000002 -0.000009 -0.000024
 29   8.824059 0.150544 0.091743 -0.001776 -0.000326 -0.060371
 30   2.146242 -0.565085 1.714005 0.022692 0.149680 0.002469
 31   2.191605 -0.569102 -1.705157 -0.022171 -0.145825 0.001072
 32   -0.814395 -0.093824 3.127092 -0.083351 -3.103217 -0.358837
 33   14.298673 -0.408176 0.471578 -0.000399 0.000075 -0.469987
 34   15.835795 0.581398 0.242756 -0.056408 0.019890 0.053050
 35   -0.815868 -0.091229 -3.114430 0.147701 3.163736 -0.058618
 36   14.294526 -0.410349 -0.467541 0.000033 0.000036 -0.282107
 37   15.834409 0.579420 -0.284600 0.199935 0.023435 0.198943
 38   1.190468 -3.465468 -2.823813 -0.001221 0.000121 0.075697
 39   -4.457742 -1.062667 -0.746180 -0.002085 0.000264 0.129631
 40   1.168884 -3.457582 3.237290 -0.001221 0.000122 0.075696
 41   -4.433840 -1.051317 0.959566 -0.002098 0.000264 0.129631
 42   -0.551996 1.677770 -2.387824 0.014933 0.074486 0.000795
 43   -0.625004 1.694672 2.685778 -0.025213 -0.125388 0.001506
time 12
  0   -0.010486 0.000000 2.055121 0.000000 0.000000 -1.571069
  1   -1.093036 0.000002 -0.326057 -0.221665 -1.569082 -1.348744
  2   2.262337 0.113614 0.064702 -0.000103 -0.001569 -0.016710
  3   2.380047 0.353302 0.047440 -0.011686 -0.000316 -0.028262
  4   2.033756 0.190472 -0.000128 -0.000010 0.000024 -0.139576
  5   2.451511 0.204909 -0.003447 -0.016638 -0.000227 -0.047562
  6   7.247600 -0.397300 -0.109469 0.000001 -0.000003 0.156829
  7   -2.022252 -0.104661 3.136172 -2.601578 -1.638431 -0.247672
  8   1.168026 -0.537438 -0.063437 0.026179 0.625372 -0.270438
  9   6.790376 -0.619176 0.015206 -1.360741 1.092119 -1.070809
 10   8.637599 0.544015 -0.090417 -1.070080 -0.416138 -0.285230
 11   6.790465 -0.619039 0.017802 -0.557436 0.767000 -0.293075
 12   -2.022474 -0.104699 -2.873818 -1.631735 1.475777 -4.724703
 13   1.167898 -0.537463 0.063297 -0.170749 -0.717096 0.156391
 14   7.002743 -0.617765 -0.183752 0.810550 -0.756462 -1.032474
 15   8.209042 0.615527 -0.255885 1.790904 0.596134 0.260869
 16   7.002735 -0.617911 -0.183641 0.838975 -0.790186 -1.025583
 17   1.574674 0.609930 -0.000899 0.028069 0.007155 0.272801
 18   -0.602177 0.511412 -0.000006 0.000000 0.000000 0.000000
 19   3.673773 0.177020 1.119313 -0.000002 -0.000014 -0.174510
 20   3.646422 0.364499 -1.117566 0.000007 -0.000003 -0.174546
 21   2.899356 1.190005 1.518280 0.000002 -0.000011 -0.000026
 22   -0.226528 -0.758005 0.473551 0.000194 -0.057471 0.890061
 23   3.805651 1.330659 -1.631083 0.000019 0.000002 -0.000024
 24   -0.246150 -0.011872 -0.516511 -0.000005 -0.000006 0.000048
 25   4.117120 1.989525 1.648862 -0.064423 0.440701 0.014429
 26   4.941382 1.997366 -1.629410 -0.000001 0.000005 -0.000024
 27   3.305099 1.322380 1.487156 -0.000019 -0.000022 -0.000050
 28   2.932517 1.603245 -1.501142 -0.000002 -0.000009 -0.000024
 29   8.824059 0.150544 0.091743 -0.001598 -0.000326 -0.072710
 30   2.138430 -0.565085 1.733537 0.021282 0.120939 0.002254
 31   2.179885 -0.569102 -1.720782 -0.020884 -0.113371 0.000890
 32   -0.814395 -0.093824 3.127092 -0.083351 -3.103217 -0.358837
 33   14.298673 -0.408176 0.471578 -0.000399 0.000075 -0.469987
 34   15.835795 0.581398 0.242756 -0.056408 0.019890 0.053050
 35   -0.815868 -0.091229 -3.114430 0.147701 3.163736 -0.058618
 36   14.294526 -0.410349 -0.467541 0.000033 0.000036 -0.282107
 37   15.834409 0.579420 -0.284600 0.199935 0.023435 0.198943
 38   1.186561 -3.465468 -2.823813 -0.001200 0.000121 0.074292
 39   -4.457742 -1.062667 -0.746180 -0.001953 0.000264 0.123573
 40   1.164977 -3.453675 3.237290 -0.001200 0.000122 0.074291
 41   -4.433840 -1.051317 0.959566 -0.002002 0.000252 0.123573
 42   -0.559809 1.677770 -2.422981 0.012608 0.062880 0.000753
 43   -0.628911 1.694672 2.713122 -0.021177 -0.105319 0.001547
time 13
  0   -0.010486 0.000000 2.055121 0.000000 0.000000 -1.571069
  1   -1.093036 0.000002 -0.326057 -0.221665 -1.569082 -1.348744
  2   2.262337 0.113614 0.064702 -0.000103 -0.001569 -0.016710
  3   2.380047 0.353302 0.047440 -0.011686 -0.000316 -0.028262
  4   2.033756 0.190472 -0.000128 -0.000010 0.000024 -0.139576
  5   2.451511 0.204909 -0.003447 -0.016638 -0.000279 -0.053184
  6   7.247600 -0.397300 -0.109469 0.000001 -0.000003 0.156829
  7   -2.022252 -0.104661 3.136172 -2.624489 -1.621423 -0.204188
  8   1.168026 -0.537438 -0.063437 -0.023559 0.570027 -0.311431
  9   6.790376 -0.619176 0.015206 -1.435361 1.160594 -1.123938
 10   8.637599 0.544015 -0.090417 -1.041195 -0.452811 -0.290077
 11   6.790465 -0.619039 0.017802 -0.591829 0.815096 -0.294920
 12   -2.022474 -0.104699 -2.873818 -1.807924 1.473397 -4.895409
 13   1.167898 -0.537463 0.063297 -0.169203 -0.706874 0.154818
 14   7.002743 -0.617765 -0.183752 0.956639 -0.851747 -1.166710
 15   8.209042 0.615527 -0.255885 1.801977 0.680797 0.277467
 16   7.002735 -0.617911 -0.183641 0.989618 -0.888865 -1.168256
 17   1.574674 0.609930 -0.000899 0.028354 0.007108 0.278493
 18   -0.602177 0.511412 -0.000006 0.000000 0.000000 0.000000
 19   3.673773 0.177020 1.119313 -0.000002 -0.000014 -0.174510
 20   3.646422 0.364499 -1.117566 0.000007 -0.000003 -0.174546
 21   2.899356 1.190005 1.518280 0.000002 -0.000011 -0.000026
 22   -0.226528 -0.758005 0.473551 0.000194 -0.057471 0.890061
 23   3.805651 1.330659 -1.631083 0.000019 0.000002 -0.000024
 24   -0.246150 -0.011872 -0.516511 -0.000005 -0.000006 0.000048
 25   4.117120 1.989525 1.648862 -0.064423 0.440701 0.014429
 26   4.941382 1.997366 -1.629410 -0.000001 0.000005 -0.000024
 27   3.305099 1.322380 1.487156 -0.000019 -0.000022 -0.000050
 28   2.932517 1.603245 -1.501142 -0.000002 -0.000009 -0.000024
 29   8.824059 0.150544 0.091743 -0.001331 -0.000326 -0.090950
 30   2.122804 -0.565085 1.756975 0.019180 0.078568 0.001932
 31   2.160354 -0.569102 -1.748127 -0.018999 -0.065582 0.000635
 32   -0.814395 -0.093824 3.127092 -0.083351 -3.103217 -0.358837
 33   14.298673 -0.408176 0.471578 -0.000399 0.000075 -0.469987
 34   15.835795 0.581398 0.242756 -0.056408 0.019890 0.053050
 35   -0.815868 -0.091229 -3.114430 0.147701 3.163736 -0.058618
 36   14.294526 -0.410349 -0.467541 0.000033 0.000036 -0.282107
 37   15.834409 0.579420 -0.284600 0.199935 0.023435 0.198943
 38   1.182655 -3.465468 -2.823813 -0.001158 0.000121 0.071787
 39   -4.457742 -1.058760 -0.746180 -0.001762 0.000240 0.114122
 40   1.161071 -3.453675 3.237290 -0.001158 0.000122 0.071786
 41   -4.433840 -1.055224 0.959566 -0.001859 0.000216 0.114122
 42   -0.571528 1.681677 -2.477670 0.009180 0.045769 0.000753
 43   -0.632817 1.694672 2.752186 -0.015230 -0.075772 0.001589
time 14
  0   -0.010486 0.000000 2.055121 0.000000 0.000000 -1.571069
  1   -1.093036 0.000002 -0.326057 -0.221665 -1.569082 -1.348744
  2   2.262337 0.113614 0.064702 -0.000103 -0.001569 -0.016710
  3   2.380047 0.353302 0.047440 -0.011686 -0.000316 -0.028262
  4   2.033756 0.190472 -0.000128 -0.000010 0.000024 -0.139576
  5   2.451511 0.204909 -0.003447 -0.016638 -0.000344 -0.061802
  6   7.247600 -0.397300 -0.109469 0.000001 -0.000003 0.156829
  7   -2.022252 -0.104661 3.136172 -2.658806 -1.610497 -0.156573
  8   1.168026 -0.537438 -0.063437 -0.071336 0.521624 -0.334964
  9   6.790376 -0.619176 0.015206 -1.480355 1.205243 -1.167936
 10   8.637599 0.544015 -0.090417 -1.021820 -0.476392 -0.294490
 11   6.790465 -0.619039 0.017802 -0.614076 0.846221 -0.296074
 12   -2.022474 -0.104699 -2.873818 -1.961695 1.468753 -5.044095
 13   1.167898 -0.537463 0.063297 -0.168640 -0.704789 0.154031
 14   7.002743 -0.617765 -0.183752 1.112748 -0.946066 -1.307712
 15   8.209042 0.615527 -0.255885 1.815639 0.759634 0.297192
 16   7.002735 -0.617911 -0.183641 1.150712 -0.986360 -1.318159
 17   1.574674 0.609930 -0.000899 0.028841 0.007108 0.286994
 18   -0.602177 0.511412 -0.000006 0.000000 0.000000 0.000000
 19   3.673773 0.177020 1.119313 -0.000002 -0.000014 -0.174510
 20   3.646422 0.364499 -1.117566 0.000007 -0.000003 -0.174546
 21   2.899356 1.190005 1.518280 0.000002 -0.000011 -0.000026
 22   -0.226528 -0.758005 0.473551 0.000194 -0.057471 0.890061
 23   3.805651 1.330659 -1.631083 0.000019 0.000002 -0.000024
 24   -0.246150 -0.011872 -0.516511 -0.000005 -0.000006 0.000048
 25   4.117120 1.989525 1.648862 -0.064423 0.440701 0.014429
 26   4.941382 1.997366 -1.629410 -0.000001 0.000005 -0.000024
 27   3.305099 1.322380 1.487156 -0.000019 -0.000022 -0.000050
 28   2.932517 1.603245 -1.501142 -0.000002 -0.000009 -0.000024
 29   8.824059 0.150544 0.091743 -0.000974 -0.000302 -0.113107
 30   2.111085 -0.565085 1.788226 0.016644 0.027129 0.001568
 31   2.140822 -0.569102 -1.779378 -0.016716 -0.007537 0.000326
 32   -0.814395 -0.093824 3.127092 -0.083351 -3.103217 -0.358837
 33   14.298673 -0.408176 0.471578 -0.000399 0.000075 -0.469987
 34   15.835795 0.581398 0.242756 -0.056408 0.019890 0.053050
 35   -0.815868 -0.091229 -3.114430 0.147701 3.163736 -0.058618
 36   14.294526 -0.410349 -0.467541 0.000033 0.000036 -0.282107
 37   15.834409 0.579420 -0.284600 0.199935 0.023435 0.198943
 38   1.174842 -3.461562 -2.823813 -0.001095 0.000108 0.067755
 39   -4.457742 -1.058760 -0.746180 -0.001510 0.000228 0.101865
 40   1.153258 -3.453675 3.237290 -0.001095 0.000109 0.067754
 41   -4.433840 -1.055224 0.959566 -0.001655 0.000192 0.101865
 42   -0.587153 1.685583 -2.540172 0.005010 0.025009 0.000711
 43   -0.640630 1.694672 2.799062 -0.008009 -0.039870 0.001589
time 15
  0   -0.010486 0.000000 2.055121 0.000000 0.000000 -1.571069
  1   -1.093036 0.000002 -0.326057 -0.221665 -1.569082 -1.348744
  2   2.262337 0.113614 0.064702 -0.000103 -0.001569 -0.016710
  3   2.380047 0.353302 0.047440 -0.011686 -0.000316 -0.028262
  4   2.033756 0.190472 -0.000128 -0.000010 0.000024 -0.139576
  5   2.451511 0.204909 -0.003447 -0.016638 -0.000371 -0.064576
  6   7.247600 -0.397300 -0.109469 0.000001 -0.000003 0.156829
  7   -2.022252 -0.104661 3.136172 -2.677881 -1.606634 -0.132718
  8   1.168026 -0.537438 -0.063437 -0.117277 0.482279 -0.339898
  9   6.790376 -0.619176 0.015206 -1.494003 1.221795 -1.204613
 10   8.637599 0.544015 -0.090417 -1.014071 -0.484698 -0.297745
 11   6.790465 -0.619039 0.017802 -0.621989 0.857279 -0.296535
 12   -2.022474 -0.104699 -2.873818 -2.088064 1.462803 -5.165878
 13   1.167898 -0.537463 0.063297 -0.168078 -0.703314 0.153123
 14   7.002743 -0.617765 -0.183752 1.269598 -1.036411 -1.447393
 15   8.209042 0.615527 -0.255885 1.831961 0.830981 0.319503
 16   7.002735 -0.617911 -0.183641 1.312372 -1.079570 -1.466352
 17   1.574674 0.609930 -0.000899 0.028963 0.007108 0.289804
 18   -0.602177 0.511412 -0.000006 0.000000 0.000000 0.000000
 19   3.673773 0.177020 1.119313 -0.000002 -0.000014 -0.174510
 20   3.646422 0.364499 -1.117566 0.000007 -0.000003 -0.174546
 21   2.899356 1.190005 1.518280 0.000002 -0.000011 -0.000026
 22   -0.226528 -0.758005 0.473551 0.000194 -0.057471 0.890061
 23   3.805651 1.330659 -1.631083 0.000019 0.000002 -0.000024
 24   -0.246150 -0.011872 -0.516511 -0.000005 -0.000006 0.000048
 25   4.117120 1.989525 1.648862 -0.064423 0.440701 0.014429
 26   4.941382 1.997366 -1.629410 -0.000001 0.000005 -0.000024
 27   3.305099 1.322380 1.487156 -0.000019 -0.000022 -0.000050
 28   2.932517 1.603245 -1.501142 -0.000002 -0.000009 -0.000024
 29   8.824059 0.150544 0.091743 -0.000529 -0.000302 -0.137195
 30   2.091553 -0.561179 1.819477 0.013891 -0.028842 0.001160
 31   2.121290 -0.565195 -1.814535 -0.014219 0.055610 -0.000002
 32   -0.814395 -0.093824 3.127092 -0.083351 -3.103217 -0.358837
 33   14.298673 -0.408176 0.471578 -0.000399 0.000075 -0.469987
 34   15.835795 0.581398 0.242756 -0.056408 0.019890 0.053050
 35   -0.815868 -0.091229 -3.114430 0.147701 3.163736 -0.058618
 36   14.294526 -0.410349 -0.467541 0.000033 0.000036 -0.282107
 37   15.834409 0.579420 -0.284600 0.199935 0.023435 0.198943
 38   1.167030 -3.461562 -2.823813 -0.001010 0.000108 0.062134
 39   -4.457742 -1.058760 -0.746180 -0.001234 0.000192 0.087337
 40   1.145446 -3.453675 3.237290 -0.001010 0.000109 0.062133
 41   -4.433840 -1.055224 0.959566 -0.001415 0.000156 0.087337
 42   -0.602779 1.685583 -2.610487 0.000479 0.002394 0.000711
 43   -0.648443 1.698578 2.853751 -0.000137 -0.000814 0.001631
time 16
  0   -0.010486 0.000000 2.055121 0.000000 0.000000 -1.571069
  1   -1.093036 0.000002 -0.326057 -0.221665 -1.569082 -1.348744
  2   2.262337 0.113614 0.064702 -0.000103 -0.001569 -0.016710
  3   2.380047 0.353302 0.047440 -0.011686 -0.000316 -0.028262
  4   2.033756 0.190472 -0.000128 -0.000010 0.000024 -0.139576
  5   2.451511 0.204909 -0.003447 -0.016552 -0.000397 -0.070049
  6   7.247600 -0.397300 -0.109469 0.000001 -0.000003 0.156829
  7   -2.022252 -0.104661 3.136172 -2.499681 -1.608104 -0.332478
  8   1.168026 -0.537438 -0.063437 -0.157081 0.455612 -0.303903
  9   6.790376 -0.619176 0.015206 -1.469481 1.198503 -1.237819
 10   8.637599 0.544015 -0.090417 -1.017417 -0.481812 -0.300060
 11   6.790465 -0.619039 0.017802 -0.618485 0.831497 -0.292613
 12   -2.022474 -0.104699 -2.873818 -2.187033 1.456418 -5.260853
 13   1.167898 -0.537463 0.063297 -0.167516 -0.702348 0.152215
 14   7.002743 -0.617765 -0.183752 1.416484 -1.119203 -1.576514
 15   8.209042 0.615527 -0.255885 1.850296 0.892871 0.343437
 16   7.002735 -0.617911 -0.183641 1.462921 -1.164941 -1.602458
 17   1.574674 0.609930 -0.000899 0.029207 0.007084 0.295422
 18   -0.602177 0.511412 -0.000006 0.000000 0.000000 0.000000
 19   3.673773 0.177020 1.119313 -0.000002 -0.000014 -0.174510
 20   3.646422 0.364499 -1.117566 0.000007 -0.000003 -0.174546
 21   2.899356 1.190005 1.518280 0.000002 -0.000011 -0.000026
 22   -0.226528 -0.758005 0.473551 0.000194 -0.057471 0.890061
 23   3.805651 1.330659 -1.631083 0.000019 0.000002 -0.000024
 24   -0.246150 -0.011872 -0.516511 -0.000005 -0.000006 0.000048
 25   4.117120 1.989525 1.648862 -0.064423 0.440701 0.014429
 26   4.941382 1.997366 -1.629410 -0.000001 0.000005 -0.000024
 27   3.305099 1.322380 1.487156 -0.000019 -0.000022 -0.000050
 28   2.932517 1.603245 -1.501142 -0.000002 -0.000009 -0.000024
 29   8.824059 0.150544 0.091743 -0.000172 -0.000302 -0.161283
 30   2.075928 -0.561179 1.854635 0.011125 -0.084843 0.000753
 31   2.097852 -0.565195 -1.849693 -0.011737 0.118758 -0.000311
 32   -0.814395 -0.093824 3.127092 -0.083351 -3.103217 -0.358837
 33   14.298673 -0.408176 0.471578 -0.000399 0.000075 -0.469987
 34   15.835795 0.581398 0.242756 -0.056408 0.019890 0.053050
 35   -0.815868 -0.091229 -3.114430 0.147701 3.163736 -0.058618
 36   14.294526 -0.410349 -0.467541 0.000033 0.000036 -0.282107
 37   15.834409 0.579420 -0.284600 0.199935 0.023435 0.198943
 38   1.155311 -3.457655 -2.823813 -0.000884 0.000096 0.054497
 39   -4.457742 -1.058760 -0.746180 -0.000947 0.000168 0.071098
 40   1.137633 -3.449769 3.237290 -0.000884 0.000097 0.054496
 41   -4.433840 -1.055224 0.959566 -0.001164 0.000108 0.071098
 42   -0.618404 1.689489 -2.680801 -0.004051 -0.020191 0.000669
 43   -0.652349 1.698578 2.900628 0.007709 0.038226 0.001631
time 17
  0   -0.010486 0.000000 2.055121 0.000000 0.000000 -1.571069
  1   -1.093036 0.000002 -0.326057 -0.221665 -1.569082 -1.348744
  2   2.262337 0.113614 0.064702 -0.000103 -0.001569 -0.016710
  3   2.380047 0.353302 0.047440 -0.011686 -0.000316 -0.028262
  4   2.033756 0.190472 -0.000128 -0.000010 0.000024 -0.139576
  5   2.451511 0.204909 -0.003447 -0.016552 -0.000449 -0.077776
  6   7.247600 -0.397300 -0.109469 0.000001 -0.000003 0.156829
  7   -2.022252 -0.104661 3.136172 -2.150759 -1.618194 -0.739887
  8   1.168026 -0.537438 -0.063437 -0.188974 0.439914 -0.219703
  9   6.790376 -0.619176 0.015206 -1.403183 1.132296 -1.269138
 10   8.637599 0.544015 -0.090417 -1.029130 -0.473717 -0.301652
 11   6.790465 -0.619039 0.017802 -0.608004 0.760718 -0.282462
 12   -2.022474 -0.104699 -2.873818 -2.260996 1.450468 -5.331414
 13   1.167898 -0.537463 0.063297 -0.167094 -0.701788 0.151367
 14   7.002743 -0.617765 -0.183752 1.543102 -1.190581 -1.686329
 15   8.209042 0.615527 -0.255885 1.869206 0.943714 0.367252
 16   7.002735 -0.617911 -0.183641 1.591156 -1.238415 -1.716651
 17   1.574674 0.609930 -0.000899 0.029654 0.007037 0.303146
 18   -0.602177 0.511412 -0.000006 0.000000 0.000000 0.000000
 19   3.673773 0.177020 1.119313 -0.000002 -0.000014 -0.174510
 20   3.646422 0.364499 -1.117566 0.000007 -0.000003 -0.174546
 21   2.899356 1.190005 1.518280 0.000002 -0.000011 -0.000026
 22   -0.226528 -0.758005 0.473551 0.000194 -0.057471 0.890061
 23   3.805651 1.330659 -1.631083 0.000019 0.000002 -0.000024
 24   -0.246150 -0.011872 -0.516511 -0.000005 -0.000006 0.000048
 25   4.117120 1.989525 1.648862 -0.064423 0.440701 0.014429
 26   4.941382 1.997366 -1.629410 -0.000001 0.000005 -0.000024
 27   3.305099 1.322380 1.487156 -0.000019 -0.000022 -0.000050
 28   2.932517 1.603245 -1.501142 -0.000002 -0.000009 -0.000024
 29   8.824059 0.150544 0.091743 0.000095 -0.000278 -0.183386
 30   2.056396 -0.561179 1.885886 0.008589 -0.136281 0.000367
 31   2.078320 -0.561289 -1.880944 -0.009438 0.176803 -0.000621
 32   -0.814395 -0.093824 3.127092 -0.083351 -3.103217 -0.358837
 33   14.298673 -0.408176 0.471578 -0.000399 0.000075 -0.469987
 34   15.835795 0.581398 0.242756 -0.056408 0.019890 0.053050
 35   -0.815868 -0.091229 -3.114430 0.147701 3.163736 -0.058618
 36   14.294526 -0.410349 -0.467541 0.000033 0.000036 -0.282107
 37   15.834409 0.579420 -0.284600 0.199935 0.023435 0.198943
 38   1.151404 -3.457655 -2.823813 -0.000737 0.000072 0.044722
 39   -4.457742 -1.054854 -0.746180 -0.000659 0.000132 0.053681
 40   1.129820 -3.449769 3.237290 -0.000737 0.000073 0.044721
 41   -4.433840 -1.059130 0.959566 -0.000876 0.000072 0.053681
 42   -0.634030 1.693396 -2.743303 -0.008221 -0.040951 0.000627
 43   -0.660162 1.698578 2.947504 0.014930 0.074113 0.001631
time 18
  0   -0.010486 0.000000 2.055121 0.000000 0.000000 -1.571069
  1   -1.093036 0.000002 -0.326057 -0.221665 -1.569082 -1.348744
  2   2.262337 0.113614 0.064702 -0.000103 -0.001569 -0.016710
  3   2.380047 0.353302 0.047440 -0.011686 -0.000316 -0.028262
  4   2.033756 0.190472 -0.000128 -0.000010 0.000024 -0.139576
  5   2.451511 0.204909 -0.003447 -0.016552 -0.000501 -0.082407
  6   7.247600 -0.397300 -0.109469 0.000001 -0.000003 0.156829
  7   -2.022252 -0.104661 3.136172 -1.936324 -1.640650 -1.039950
  8   1.168026 -0.537438 -0.063437 -0.216185 0.428795 -0.107226
  9   6.790376 -0.619176 0.015206 -1.298881 1.031385 -1.297061
 10   8.637599 0.544015 -0.090417 -1.048240 -0.460554 -0.302664
 11   6.790465 -0.619039 0.017802 -0.590544 0.654806 -0.268447
 12   -2.022474 -0.104699 -2.873818 -2.312253 1.445592 -5.380338
 13   1.167898 -0.537463 0.063297 -0.166742 -0.701534 0.150641
 14   7.002743 -0.617765 -0.183752 1.640513 -1.246514 -1.769494
 15   8.209042 0.615527 -0.255885 1.886319 0.981997 0.388240
 16   7.002735 -0.617911 -0.183641 -1.454053 -1.845546 1.340532
 17   1.574674 0.609930 -0.000899 0.029816 0.007037 0.307730
 18   -0.602177 0.511412 -0.000006 0.000000 0.000000 0.000000
 19   3.673773 0.177020 1.119313 -0.000002 -0.000014 -0.174510
 20   3.646422 0.364499 -1.117566 0.000007 -0.000003 -0.174546
 21   2.899356 1.190005 1.518280 0.000002 -0.000011 -0.000026
 22   -0.226528 -0.758005 0.473551 0.000194 -0.057471 0.890061
 23   3.805651 1.330659 -1.631083 0.000019 0.000002 -0.000024
 24   -0.246150 -0.011872 -0.516511 -0.000005 -0.000006 0.000048
 25   4.117120 1.989525 1.648862 -0.064423 0.440701 0.014429
 26   4.941382 1.997366 -1.629410 -0.000001 0.000005 -0.000024
 27   3.305099 1.322380 1.487156 -0.000019 -0.000022 -0.000050
 28   2.932517 1.603245 -1.501142 -0.000002 -0.000009 -0.000024
 29   8.824059 0.150544 0.091743 0.000452 -0.000278 -0.201626
 30   2.044677 -0.561179 1.913230 0.006501 -0.178652 0.000067
 31   2.062695 -0.561289 -1.908288 -0.007554 0.224617 -0.000875
 32   -0.814395 -0.093824 3.127092 -0.083351 -3.103217 -0.358837
 33   14.298673 -0.408176 0.471578 -0.000399 0.000075 -0.469987
 34   15.835795 0.581398 0.242756 -0.056408 0.019890 0.053050
 35   -0.815868 -0.091229 -3.114430 0.147701 3.163736 -0.058618
 36   14.294526 -0.410349 -0.467541 0.000033 0.000036 -0.282107
 37   15.834409 0.579420 -0.284600 0.199935 0.023435 0.198943
 38   1.143591 -3.453749 -2.823813 -0.000526 0.000060 0.032564
 39   -4.457742 -1.054854 -0.746180 -0.000395 0.000084 0.035675
 40   1.122007 -3.449769 3.237290 -0.000526 0.000061 0.032563
 41   -4.433840 -1.059130 0.959566 -0.000576 0.000036 0.035675
 42   -0.645749 1.697302 -2.794086 -0.011649 -0.058061 0.000627
 43   -0.664068 1.698578 2.986568 0.020878 0.103675 0.001631
time 19
  0   -0.010486 0.000000 2.055121 0.000000 0.000000 -1.571069
  1   -1.093036 0.000002 -0.326057 -0.221665 -1.569082 -1.348744
  2   2.262337 0.113614 0.064702 -0.000103 -0.001569 -0.016710
  3   2.380047 0.353302 0.047440 -0.011686 -0.000316 -0.028262
  4   2.033756 0.190472 -0.000128 -0.000010 0.000024 -0.139576
  5   2.451511 0.204909 -0.003447 -0.016552 -0.000540 -0.086642
  6   7.247600 -0.397300 -0.109469 0.000001 -0.000003 0.156829
  7   -2.022252 -0.104661 3.136172 1.254979 -1.470397 -4.334067
  8   1.168026 -0.537438 -0.063437 -0.242699 0.417876 0.013854
  9   6.790376 -0.619176 0.015206 -1.163622 0.904312 -1.323701
 10   8.637599 0.544015 -0.090417 -1.073514 -0.442464 -0.303099
 11   6.790465 -0.619039 0.017802 -0.566253 0.523681 -0.252991
 12   -2.022474 -0.104699 -2.873818 -2.342911 1.442341 -5.409348
 13   1.167898 -0.537463 0.063297 -0.166531 -0.701432 0.150156
 14   7.002743 -0.617765 -0.183752 -1.439481 -1.858539 1.320168
 15   8.209042 0.615527 -0.255885 1.898758 1.006057 0.403154
 16   7.002735 -0.617911 -0.183641 -1.395443 -1.808048 1.290251
 17   1.574674 0.609930 -0.000899 0.030019 0.007037 0.312017
 18   -0.602177 0.511412 -0.000006 0.000000 0.000000 0.000000
 19   3.673773 0.177020 1.119313 -0.000002 -0.000014 -0.174510
 20   3.646422 0.364499 -1.117566 0.000007 -0.000003 -0.174546
 21   2.899356 1.190005 1.518280 0.000002 -0.000011 -0.000026
 22   -0.226528 -0.758005 0.473551 0.000194 -0.057471 0.890061
 23   3.805651 1.330659 -1.631083 0.000019 0.000002 -0.000024
 24   -0.246150 -0.011872 -0.516511 -0.000005 -0.000006 0.000048
 25   4.117120 1.989525 1.648862 -0.064423 0.440701 0.014429
 26   4.941382 1.997366 -1.629410 -0.000001 0.000005 -0.000024
 27   3.305099 1.322380 1.487156 -0.000019 -0.000022 -0.000050
 28   2.932517 1.603245 -1.501142 -0.000002 -0.000009 -0.000024
 29   8.824059 0.150544 0.091743 0.000630 -0.000255 -0.213965
 30   2.036864 -0.561179 1.932762 0.005091 -0.207422 -0.000126
 31   2.050975 -0.561289 -1.923914 -0.006267 0.257046 -0.001057
 32   -0.814395 -0.093824 3.127092 -0.083351 -3.103217 -0.358837
 33   14.298673 -0.408176 0.471578 -0.000399 0.000075 -0.469987
 34   15.835795 0.581398 0.242756 -0.056408 0.019890 0.053050
 35   -0.815868 -0.091229 -3.114430 0.147701 3.163736 -0.058618
 36   14.294526 -0.410349 -0.467541 0.000033 0.000036 -0.282107
 37   15.834409 0.579420 -0.284600 0.199935 0.023435 0.198943
 38   1.139685 -3.453749 -2.823813 -0.000295 0.000024 0.017718
 39   -4.457742 -1.054854 -0.746180 -0.000168 0.000048 0.017585
 40   1.118101 -3.449769 3.237290 -0.000295 0.000025 0.017717
 41   -4.433840 -1.059130 0.959566 -0.000289 0.000012 0.017585
 42   -0.653562 1.697302 -2.829243 -0.013974 -0.069668 0.000586
 43   -0.664068 1.698578 3.013913 0.024926 0.123729 0.001631
time 20
  0   -0.010486 0.000000 2.055121 0.000000 0.000000 -1.571069
  1   -1.093036 0.000002 -0.326057 -0.221665 -1.569082 -1.348744
  2   2.262337 0.113614 0.064702 -0.000103 -0.001569 -0.016710
  3   2.380047 0.353302 0.047440 -0.011686 -0.000316 -0.028262
  4   2.033756 0.190472 -0.000128 -0.000010 0.000024 -0.139576
  5   2.451511 0.204909 -0.003447 -0.016552 -0.000553 -0.088524
  6   7.247600 -0.397300 -0.109469 0.000001 -0.000003 0.156829
  7   -2.022252 -0.104661 3.136172 1.212514 -1.437130 -4.401499
  8   1.168026 -0.537438 -0.063437 -0.272821 0.406254 0.123864
  9   6.790376 -0.619176 0.015206 -1.007225 0.759486 -1.353586
 10   8.637599 0.544015 -0.090417 -1.103985 -0.419587 -0.303171
 11   6.790465 -0.619039 0.017802 -0.535247 0.377206 -0.238630
 12   -2.022474 -0.104699 -2.873818 -2.353258 1.441209 -5.419113
 13   1.167898 -0.537463 0.063297 -0.166391 -0.701432 0.149975
 14   7.002743 -0.617765 -0.183752 -1.417961 -1.845479 1.302264
 15   8.209042 0.615527 -0.255885 1.903360 1.014380 0.408686
 16   7.002735 -0.617911 -0.183641 -1.375671 -1.794684 1.273583
 17   1.574674 0.609930 -0.000899 0.030100 0.007013 0.313902
 18   -0.602177 0.511412 -0.000006 0.000000 0.000000 0.000000
 19   3.673773 0.177020 1.119313 -0.000002 -0.000014 -0.174510
 20   3.646422 0.364499 -1.117566 0.000007 -0.000003 -0.174546
 21   2.899356 1.190005 1.518280 0.000002 -0.000011 -0.000026
 22   -0.226528 -0.758005 0.473551 0.000194 -0.057471 0.890061
 23   3.805651 1.330659 -1.631083 0.000019 0.000002 -0.000024
 24   -0.246150 -0.011872 -0.516511 -0.000005 -0.000006 0.000048
 25   4.117120 1.989525 1.648862 -0.064423 0.440701 0.014429
 26   4.941382 1.997366 -1.629410 -0.000001 0.000005 -0.000024
 27   3.305099 1.322380 1.487156 -0.000019 -0.000022 -0.000050
 28   2.932517 1.603245 -1.501142 -0.000002 -0.000009 -0.000024
 29   8.824059 0.150544 0.091743 0.000719 -0.000231 -0.218525
 30   2.032958 -0.561179 1.936668 0.004562 -0.218001 -0.000190
 31   2.047069 -0.561289 -1.931726 -0.005807 0.268986 -0.001112
 32   -0.814395 -0.093824 3.127092 -0.083351 -3.103217 -0.358837
 33   14.298673 -0.408176 0.471578 -0.000399 0.000075 -0.469987
 34   15.835795 0.581398 0.242756 -0.056408 0.019890 0.053050
 35   -0.815868 -0.091229 -3.114430 0.147701 3.163736 -0.058618
 36   14.294526 -0.410349 -0.467541 0.000033 0.000036 -0.282107
 37   15.834409 0.579420 -0.284600 0.199935 0.023435 0.198943
 38   1.139685 -3.453749 -2.823813 0.000000 0.000000 0.000001
 39   -4.457742 -1.054854 -0.746180 0.000000 0.000000 0.000000
 40   1.118101 -3.449769 3.237290 0.000000 0.000001 0.000000
 41   -4.433840 -1.059130 0.959566 -0.000001 0.000000 0.000000
 42   -0.657468 1.697302 -2.844869 -0.014837 -0.073946 0.000586
 43   -0.664068 1.698578 3.025632 0.026412 0.131120 0.001631
time 21
  0   -0.010486 0.000000 2.055121 0.000000 0.000000 -1.571069
  1   -1.093036 0.000002 -0.326057 -0.221665 -1.569082 -1.348744
  2   2.262337 0.113614 0.064702 -0.000103 -0.001569 -0.016710
  3   2.380047 0.353302 0.047440 -0.011686 -0.000316 -0.028262
  4   2.033756 0.190472 -0.000128 -0.000010 0.000024 -0.139576
  5   2.451511 0.204909 -0.003447 -0.016552 -0.000579 -0.091917
  6   7.247600 -0.397300 -0.109469 0.000001 -0.000003 0.156829
  7   -2.022252 -0.104661 3.136172 1.123941 -1.405362 -4.419907
  8   1.168026 -0.537438 -0.063437 -0.310346 0.396291 0.203699
  9   6.790376 -0.619176 0.015206 -0.840231 0.605382 -1.392225
 10   8.637599 0.544015 -0.090417 -1.138594 -0.392064 -0.302809
 11   6.790465 -0.619039 0.017802 -0.497671 0.225244 -0.227844
 12   -2.022474 -0.104699 -2.873818 -2.353258 1.441209 -5.419113
 13   1.167898 -0.537463 0.063297 -0.166391 -0.701432 0.149975
 14   7.002743 -0.617765 -0.183752 -1.417961 -1.845479 1.302264
 15   8.209042 0.615527 -0.255885 1.903360 1.014380 0.408686
 16   7.002735 -0.617911 -0.183641 -1.375671 -1.794684 1.273583
 17   1.574674 0.609930 -0.000899 0.030344 0.007013 0.317229
 18   -0.602177 0.511412 -0.000006 0.000000 0.000000 0.000000
 19   3.673773 0.177020 1.119313 -0.000002 -0.000014 -0.174510
 20   3.646422 0.364499 -1.117566 0.000007 -0.000003 -0.174546
 21   2.899356 1.190005 1.518280 0.000002 -0.000011 -0.000026
 22   -0.226528 -0.758005 0.473551 0.000194 -0.057471 0.890061
 23   3.805651 1.330659 -1.631083 0.000019 0.000002 -0.000024
 24   -0.246150 -0.011872 -0.516511 -0.000005 -0.000006 0.000048
 25   4.117120 1.989525 1.648862 -0.064423 0.440701 0.014429
 26   4.941382 1.997366 -1.629410 -0.000001 0.000005 -0.000024
 27   3.305099 1.322380 1.487156 -0.000019 -0.000022 -0.000050
 28   2.932517 1.603245 -1.501142 -0.000002 -0.000009 -0.000024
 29   8.824059 0.150544 0.091743 0.000630 -0.000231 -0.211927
 30   2.036864 -0.561179 1.932762 0.005091 -0.207422 -0.000126
 31   2.050975 -0.561289 -1.923914 -0.006267 0.257046 -0.001057
 32   -0.814395 -0.093824 3.127092 -0.083351 -3.103217 -0.358837
 33   14.298673 -0.408176 0.471578 -0.000399 0.000075 -0.469987
 34   15.835795 0.581398 0.242756 -0.056408 0.019890 0.053050
 35   -0.815868 -0.091229 -3.114430 0.147701 3.163736 -0.058618
 36   14.294526 -0.410349 -0.467541 0.000033 0.000036 -0.282107
 37   15.834409 0.579420 -0.284600 0.199935 0.023435 0.198943
 38   1.139685 -3.453749 -2.823813 0.000337 -0.000048 -0.020343
 39   -4.457742 -1.054854 -0.746180 0.000108 -0.000048 -0.016463
 40   1.118101 -3.449769 3.237290 0.000337 -0.000047 -0.020344
 41   -4.433840 -1.059130 0.959566 0.000263 0.000000 -0.016463
 42   -0.657468 1.697302 -2.840962 -0.014681 -0.072995 0.000544
 43   -0.664068 1.698578 3.021725 0.026075 0.129456 0.001631
time 22
  0   -0.010486 0.000000 2.055121 0.000000 0.000000 -1.571069
  1   -1.093036 0.000002 -0.326057 -0.221665 -1.569082 -1.348744
  2   2.262337 0.113614 0.064702 -0.000103 -0.001569 -0.016710
  3   2.380047 0.353302 0.047440 -0.011686 -0.000316 -0.028262
  4   2.033756 0.190472 -0.000128 -0.000010 0.000024 -0.139576
  5   2.451511 0.204909 -0.003447 -0.016552 -0.000606 -0.095830
  6   7.247600 -0.397300 -0.109469 0.000001 -0.000003 0.156829
  7   -2.022252 -0.104661 3.136172 1.013033 -1.378755 -4.403096
  8   1.168026 -0.537438 -0.063437 -0.358123 0.392166 0.234507
  9   6.790376 -0.619176 0.015206 -0.673570 0.450545 -1.445505
 10   8.637599 0.544015 -0.090417 -1.176022 -0.360037 -0.302230
 11   6.790465 -0.619039 0.017802 -0.453672 0.077661 -0.223230
 12   -2.022474 -0.104699 -2.873818 -2.353258 1.441209 -5.419113
 13   1.167898 -0.537463 0.063297 -0.166391 -0.701432 0.149975
 14   7.002743 -0.617765 -0.183752 -1.417961 -1.845479 1.302264
 15   8.209042 0.615527 -0.255885 1.903360 1.014380 0.408686
 16   7.002735 -0.617911 -0.183641 -1.375671 -1.794684 1.273583
 17   1.574674 0.609930 -0.000899 0.030507 0.006966 0.321183
 18   -0.602177 0.511412 -0.000006 0.000000 0.000000 0.000000
 19   3.673773 0.177020 1.119313 -0.000002 -0.000014 -0.174510
 20   3.646422 0.364499 -1.117566 0.000007 -0.000003 -0.174546
 21   2.899356 1.190005 1.518280 0.000002 -0.000011 -0.000026
 22   -0.226528 -0.758005 0.473551 0.000194 -0.057471 0.890061
 23   3.805651 1.330659 -1.631083 0.000019 0.000002 -0.000024
 24   -0.246150 -0.011872 -0.516511 -0.000005 -0.000006 0.000048
 25   4.117120 1.989525 1.648862 -0.064423 0.440701 0.014429
 26   4.941382 1.997366 -1.629410 -0.000001 0.000005 -0.000024
 27   3.305099 1.322380 1.487156 -0.000019 -0.000022 -0.000050
 28   2.932517 1.603245 -1.501142 -0.000002 -0.000009 -0.000024
 29   8.824059 0.150544 0.091743 0.000273 -0.000231 -0.193955
 30   2.044677 -0.561179 1.913230 0.006501 -0.178652 0.000067
 31   2.062695 -0.561289 -1.908288 -0.007554 0.224617 -0.000875
 32   -0.814395 -0.093824 3.127092 -0.083351 -3.103217 -0.358837
 33   14.298673 -0.408176 0.471578 -0.000399 0.000075 -0.469987
 34   15.835795 0.581398 0.242756 -0.056408 0.019890 0.053050
 35   -0.815868 -0.091229 -3.114430 0.147701 3.163736 -0.058618
 36   14.294526 -0.410349 -0.467541 0.000033 0.000036 -0.282107
 37   15.834409 0.579420 -0.284600 0.199935 0.023435 0.198943
 38   1.139685 -3.453749 -2.823813 0.000674 -0.000108 -0.041054
 39   -4.457742 -1.054854 -0.746180 0.000192 -0.000096 -0.030963
 40   1.118101 -3.449769 3.237290 0.000674 -0.000107 -0.041056
 41   -4.433840 -1.059130 0.959566 0.000514 -0.000012 -0.030963
 42   -0.657468 1.697302 -2.837056 -0.014262 -0.070358 0.000544
 43   -0.664068 1.698578 3.017819 0.025126 0.124749 0.001631
time 23
  0   -0.010486 0.000000 2.055121 0.000000 0.000000 -1.571069
  1   -1.093036 0.000002 -0.326057 -0.221665 -1.569082 -1.348744
  2   2.262337 0.113614 0.064702 -0.000103 -0.001569 -0.016710
  3   2.380047 0.353302 0.047440 -0.011686 -0.000316 -0.028262
  4   2.033756 0.190472 -0.000128 -0.000010 0.000024 -0.139576
  5   2.451511 0.204909 -0.003447 -0.016552 -0.000619 -0.096870
  6   7.247600 -0.397300 -0.109469 0.000001 -0.000003 0.156829
  7   -2.022252 -0.104661 3.136172 0.897141 -1.356962 -4.361397
  8   1.168026 -0.537438 -0.063437 -0.407292 0.394430 0.230142
  9   6.790376 -0.619176 0.015206 -0.516451 0.302515 -1.517275
 10   8.637599 0.544015 -0.090417 -1.215299 -0.323715 -0.301724
 11   6.790465 -0.619039 0.017802 -0.403396 -0.057160 -0.237764
 12   -2.022474 -0.104699 -2.873818 -2.353258 1.441209 -5.419113
 13   1.167898 -0.537463 0.063297 -0.166391 -0.701432 0.149975
 14   7.002743 -0.617765 -0.183752 -1.417961 -1.845479 1.302264
 15   8.209042 0.615527 -0.255885 1.903360 1.014380 0.408686
 16   7.002735 -0.617911 -0.183641 -1.375671 -1.794684 1.273583
 17   1.574674 0.609930 -0.000899 0.030507 0.006966 0.322218
 18   -0.602177 0.511412 -0.000006 0.000000 0.000000 0.000000
 19   3.673773 0.177020 1.119313 -0.000002 -0.000014 -0.174510
 20   3.646422 0.364499 -1.117566 0.000007 -0.000003 -0.174546
 21   2.899356 1.190005 1.518280 0.000002 -0.000011 -0.000026
 22   -0.226528 -0.758005 0.473551 0.000194 -0.057471 0.890061
 23   3.805651 1.330659 -1.631083 0.000019 0.000002 -0.000024
 24   -0.246150 -0.011872 -0.516511 -0.000005 -0.000006 0.000048
 25   4.117120 1.989525 1.648862 -0.064423 0.440701 0.014429
 26   4.941382 1.997366 -1.629410 -0.000001 0.000005 -0.000024
 27   3.305099 1.322380 1.487156 -0.000019 -0.000022 -0.000050
 28   2.932517 1.603245 -1.501142 -0.000002 -0.000009 -0.000024
 29   8.824059 0.150544 0.091743 -0.000083 -0.000207 -0.167506
 30   2.056396 -0.561179 1.885886 0.008589 -0.136281 0.000367
 31   2.078320 -0.561289 -1.880944 -0.009438 0.176803 -0.000621
 32   -0.814395 -0.093824 3.127092 -0.083351 -3.103217 -0.358837
 33   14.298673 -0.408176 0.471578 -0.000399 0.000075 -0.469987
 34   15.835795 0.581398 0.242756 -0.056408 0.019890 0.053050
 35   -0.815868 -0.091229 -3.114430 0.147701 3.163736 -0.058618
 36   14.294526 -0.410349 -0.467541 0.000033 0.000036 -0.282107
 37   15.834409 0.579420 -0.284600 0.199935 0.023435 0.198943
 38   1.139685 -3.453749 -2.823813 0.000989 -0.000181 -0.059322
 39   -4.457742 -1.054854 -0.746180 0.000312 -0.000144 -0.042519
 40   1.118101 -3.449769 3.237290 0.000989 -0.000180 -0.059323
 41   -4.433840 -1.059130 0.959566 0.000706 -0.000036 -0.042519
 42   -0.657468 1.697302 -2.829243 -0.013603 -0.066249 0.000544
 43   -0.664068 1.698578 3.006100 0.023664 0.117484 0.001631
time 24
  0   -0.010486 0.000000 2.055121 0.000000 0.000000 -1.571069
  1   -1.093036 0.000002 -0.326057 -0.221665 -1.569082 -1.348744
  2   2.262337 0.113614 0.064702 -0.000103 -0.001569 -0.016710
  3   2.380047 0.353302 0.047440 -0.011686 -0.000316 -0.028262
  4   2.033756 0.190472 -0.000128 -0.000010 0.000024 -0.139576
  5   2.451511 0.204909 -0.003447 -0.016552 -0.000632 -0.098430
  6   7.247600 -0.397300 -0.109469 0.000001 -0.000003 0.156829
  7   -2.022252 -0.104661 3.136172 0.788246 -1.336984 -4.307771
  8   1.168026 -0.537438 -0.063437 -0.447855 0.400367 0.218439
  9   6.790376 -0.619176 0.015206 -0.372260 0.165164 -1.604892
 10   8.637599 0.544015 -0.090417 -1.255104 -0.283170 -0.302158
 11   6.790465 -0.619039 0.017802 -0.349150 -0.176944 -0.277329
 12   -2.022474 -0.104699 -2.873818 -2.353258 1.441209 -5.419113
 13   1.167898 -0.537463 0.063297 -0.166391 -0.701432 0.149975
 14   7.002743 -0.617765 -0.183752 -1.417961 -1.845479 1.302264
 15   8.209042 0.615527 -0.255885 1.903360 1.014380 0.408686
 16   7.002735 -0.617911 -0.183641 -1.375671 -1.794684 1.273583
 17   1.574674 0.609930 -0.000899 0.030629 0.006966 0.323845
 18   -0.602177 0.511412 -0.000006 0.000000 0.000000 0.000000
 19   3.673773 0.177020 1.119313 -0.000002 -0.000014 -0.174510
 20   3.646422 0.364499 -1.117566 0.000007 -0.000003 -0.174546
 21   2.899356 1.190005 1.518280 0.000002 -0.000011 -0.000026
 22   -0.226528 -0.758005 0.473551 0.000194 -0.057471 0.890061
 23   3.805651 1.330659 -1.631083 0.000019 0.000002 -0.000024
 24   -0.246150 -0.011872 -0.516511 -0.000005 -0.000006 0.000048
 25   4.117120 1.989525 1.648862 -0.064423 0.440701 0.014429
 26   4.941382 1.997366 -1.629410 -0.000001 0.000005 -0.000024
 27   3.305099 1.322380 1.487156 -0.000019 -0.000022 -0.000050
 28   2.932517 1.603245 -1.501142 -0.000002 -0.000009 -0.000024
 29   8.824059 0.150544 0.091743 -0.000618 -0.000184 -0.135371
 30   2.075928 -0.561179 1.854635 0.011125 -0.084843 0.000753
 31   2.097852 -0.565195 -1.849693 -0.011737 0.118758 -0.000311
 32   -0.814395 -0.093824 3.127092 -0.083351 -3.103217 -0.358837
 33   14.298673 -0.408176 0.471578 -0.000399 0.000075 -0.469987
 34   15.835795 0.581398 0.242756 -0.056408 0.019890 0.053050
 35   -0.815868 -0.091229 -3.114430 0.147701 3.163736 -0.058618
 36   14.294526 -0.410349 -0.467541 0.000033 0.000036 -0.282107
 37   15.834409 0.579420 -0.284600 0.199935 0.023435 0.198943
 38   1.139685 -3.453749 -2.823813 0.001200 -0.000229 -0.072335
 39   -4.457742 -1.054854 -0.746180 0.000527 -0.000168 -0.050119
 40   1.118101 -3.449769 3.237290 0.001200 -0.000228 -0.072336
 41   -4.433840 -1.059130 0.959566 0.000826 -0.000096 -0.050119
 42   -0.657468 1.697302 -2.817524 -0.012740 -0.060975 0.000502
 43   -0.664068 1.698578 2.998287 0.021777 0.108132 0.001631
time 25
  0   -0.010486 0.000000 2.055121 0.000000 0.000000 -1.571069
  1   -1.093036 0.000002 -0.326057 -0.221665 -1.569082 -1.348744
  2   2.262337 0.113614 0.064702 -0.000103 -0.001569 -0.016710
  3   2.380047 0.353302 0.047440 -0.011686 -0.000316 -0.028262
  4   2.033756 0.190472 -0.000128 -0.000010 0.000024 -0.139576
  5   2.451511 0.204909 -0.003447 -0.016552 -0.000632 -0.099297
  6   7.247600 -0.397300 -0.109469 0.000001 -0.000003 0.156829
  7   -2.022252 -0.104661 3.136172 0.689033 -1.318304 -4.247946
  8   1.168026 -0.537438 -0.063437 -0.480760 0.408719 0.201168
  9   6.790376 -0.619176 0.015206 -0.242715 0.041494 -1.703755
 10   8.637599 0.544015 -0.090417 -1.294205 -0.238543 -0.304401
 11   6.790465 -0.619039 0.017802 -0.294144 -0.280611 -0.333793
 12   -2.022474 -0.104699 -2.873818 -2.353258 1.441209 -5.419113
 13   1.167898 -0.537463 0.063297 -0.166391 -0.701432 0.149975
 14   7.002743 -0.617765 -0.183752 -1.417961 -1.845479 1.302264
 15   8.209042 0.615527 -0.255885 1.903360 1.014380 0.408686
 16   7.002735 -0.617911 -0.183641 -1.375671 -1.794684 1.273583
 17   1.574674 0.609930 -0.000899 0.030710 0.006966 0.324769
 18   -0.602177 0.511412 -0.000006 0.000000 0.000000 0.000000
 19   3.673773 0.177020 1.119313 -0.000002 -0.000014 -0.174510
 20   3.646422 0.364499 -1.117566 0.000007 -0.000003 -0.174546
 21   2.899356 1.190005 1.518280 0.000002 -0.000011 -0.000026
 22   -0.226528 -0.758005 0.473551 0.000194 -0.057471 0.890061
 23   3.805651 1.330659 -1.631083 0.000019 0.000002 -0.000024
 24   -0.246150 -0.011872 -0.516511 -0.000005 -0.000006 0.000048
 25   4.117120 1.989525 1.648862 -0.064423 0.440701 0.014429
 26   4.941382 1.997366 -1.629410 -0.000001 0.000005 -0.000024
 27   3.305099 1.322380 1.487156 -0.000019 -0.000022 -0.000050
 28   2.932517 1.603245 -1.501142 -0.000002 -0.000009 -0.000024
 29   8.824059 0.150544 0.091743 -0.001153 -0.000136 -0.100392
 30   2.091553 -0.561179 1.819477 0.013891 -0.028842 0.001160
 31   2.121290 -0.565195 -1.814535 -0.014219 0.055610 -0.000002
 32   -0.814395 -0.093824 3.127092 -0.083351 -3.103217 -0.358837
 33   14.298673 -0.408176 0.471578 -0.000399 0.000075 -0.469987
 34   15.835795 0.581398 0.242756 -0.056408 0.019890 0.053050
 35   -0.815868 -0.091229 -3.114430 0.147701 3.163736 -0.058618
 36   14.294526 -0.410349 -0.467541 0.000033 0.000036 -0.282107
 37   15.834409 0.579420 -0.284600 0.199935 0.023435 0.198943
 38   1.139685 -3.453749 -2.823813 0.001284 -0.000253 -0.077284
 39   -4.457742 -1.054854 -0.746180 0.000875 -0.000180 -0.052896
 40   1.118101 -3.449769 3.237290 0.001284 -0.000252 -0.077285
 41   -4.433840 -1.059130 0.959566 0.000874 -0.000180 -0.052896
 42   -0.657468 1.697302 -2.801898 -0.011709 -0.054780 0.000502
 43   -0.664068 1.698578 2.982662 0.019566 0.097132 0.001589
time 26
  0   -0.010486 0.000000 2.055121 0.000000 0.000000 -1.571069
  1   -1.093036 0.000002 -0.326057 -0.221665 -1.569082 -1.348744
  2   2.262337 0.113614 0.064702 -0.000103 -0.001569 -0.016710
  3   2.380047 0.353302 0.047440 -0.011686 -0.000316 -0.028262
  4   2.033756 0.190472 -0.000128 -0.000010 0.000024 -0.139576
  5   2.451511 0.204909 -0.003447 -0.016552 -0.000645 -0.099619
  6   7.247600 -0.397300 -0.109469 0.000001 -0.000003 0.156829
  7   -2.022252 -0.104661 3.136172 0.601036 -1.300460 -4.186149
  8   1.168026 -0.537438 -0.063437 -0.506832 0.418228 0.180292
  9   6.790376 -0.619176 0.015206 -0.129425 -0.065557 -1.809032
 10   8.637599 0.544015 -0.090417 -1.331633 -0.190185 -0.309465
 11   6.790465 -0.619039 0.017802 -0.241591 -0.367279 -0.399081
 12   -2.022474 -0.104699 -2.873818 -2.353258 1.441209 -5.419113
 13   1.167898 -0.537463 0.063297 -0.166391 -0.701432 0.149975
 14   7.002743 -0.617765 -0.183752 -1.417961 -1.845479 1.302264
 15   8.209042 0.615527 -0.255885 1.903360 1.014380 0.408686
 16   7.002735 -0.617911 -0.183641 -1.375671 -1.794684 1.273583
 17   1.574674 0.609930 -0.000899 0.030710 0.006966 0.325027
 18   -0.602177 0.511412 -0.000006 0.000000 0.000000 0.000000
 19   3.673773 0.177020 1.119313 -0.000002 -0.000014 -0.174510
 20   3.646422 0.364499 -1.117566 0.000007 -0.000003 -0.174546
 21   2.899356 1.190005 1.518280 0.000002 -0.000011 -0.000026
 22   -0.226528 -0.758005 0.473551 0.000194 -0.057471 0.890061
 23   3.805651 1.330659 -1.631083 0.000019 0.000002 -0.000024
 24   -0.246150 -0.011872 -0.516511 -0.000005 -0.000006 0.000048
 25   4.117120 1.989525 1.648862 -0.064423 0.440701 0.014429
 26   4.941382 1.997366 -1.629410 -0.000001 0.000005 -0.000024
 27   3.305099 1.322380 1.487156 -0.000019 -0.000022 -0.000050
 28   2.932517 1.603245 -1.501142 -0.000002 -0.000009 -0.000024
 29   8.824059 0.150544 0.091743 -0.001776 -0.000136 -0.065414
 30   2.111085 -0.565085 1.788226 0.016644 0.027129 0.001568
 31   2.140822 -0.569102 -1.779378 -0.016716 -0.007537 0.000326
 32   -0.814395 -0.093824 3.127092 -0.083351 -3.103217 -0.358837
 33   14.298673 -0.408176 0.471578 -0.000399 0.000075 -0.469987
 34   15.835795 0.581398 0.242756 -0.056408 0.019890 0.053050
 35   -0.815868 -0.091229 -3.114430 0.147701 3.163736 -0.058618
 36   14.294526 -0.410349 -0.467541 0.000033 0.000036 -0.282107
 37   15.834409 0.579420 -0.284600 0.199935 0.023435 0.198943
 38   1.139685 -3.453749 -2.823813 0.001242 -0.000241 -0.075145
 39   -4.457742 -1.054854 -0.746180 0.001402 0.000803 -0.051409
 40   1.118101 -3.449769 3.237290 0.001242 -0.000240 -0.075146
 41   -4.433840 -1.059130 0.959566 0.000454 -0.002265 -0.051381
 42   -0.657468 1.697302 -2.790179 -0.010546 -0.047911 0.000502
 43   -0.664068 1.698578 2.970942 0.017104 0.084971 0.001547
time 27
  0   -0.010486 0.000000 2.055121 0.000000 0.000000 -1.571069
  1   -1.093036 0.000002 -0.326057 -0.221665 -1.569082 -1.348744
  2   2.262337 0.113614 0.064702 -0.000103 -0.001569 -0.016710
  3   2.380047 0.353302 0.047440 -0.011686 -0.000316 -0.028262
  4   2.033756 0.190472 -0.000128 -0.000010 0.000024 -0.139576
  5   2.451511 0.204909 -0.003447 -0.016552 -0.000632 -0.098554
  6   7.247600 -0.397300 -0.109469 0.000001 -0.000003 0.156829
  7   -2.022252 -0.104661 3.136172 0.524637 -1.283308 -4.125667
  8   1.168026 -0.537438 -0.063437 -0.526829 0.427688 0.157835
  9   6.790376 -0.619176 0.015206 -0.034000 -0.153253 -1.915743
 10   8.637599 0.544015 -0.090417 -1.366682 -0.138307 -0.318218
 11   6.790465 -0.619039 0.017802 -0.194789 -0.436011 -0.464715
 12   -2.022474 -0.104699 -2.873818 -2.353258 1.441209 -5.419113
 13   1.167898 -0.537463 0.063297 -0.166391 -0.701432 0.149975
 14   7.002743 -0.617765 -0.183752 -1.417961 -1.845479 1.302264
 15   8.209042 0.615527 -0.255885 1.903360 1.014380 0.408686
 16   7.002735 -0.617911 -0.183641 -1.375671 -1.794684 1.273583
 17   1.574674 0.609930 -0.000899 0.030629 0.006966 0.323992
 18   -0.602177 0.511412 -0.000006 0.000000 0.000000 0.000000
 19   3.673773 0.177020 1.119313 -0.000002 -0.000014 -0.174510
 20   3.646422 0.364499 -1.117566 0.000007 -0.000003 -0.174546
 21   2.899356 1.190005 1.518280 0.000002 -0.000011 -0.000026
 22   -0.226528 -0.758005 0.473551 0.000194 -0.057471 0.890061
 23   3.805651 1.330659 -1.631083 0.000019 0.000002 -0.000024
 24   -0.246150 -0.011872 -0.516511 -0.000005 -0.000006 0.000048
 25   4.117120 1.989525 1.648862 -0.064423 0.440701 0.014429
 26   4.941382 1.997366 -1.629410 -0.000001 0.000005 -0.000024
 27   3.305099 1.322380 1.487156 -0.000019 -0.000022 -0.000050
 28   2.932517 1.603245 -1.501142 -0.000002 -0.000009 -0.000024
 29   8.824059 0.150544 0.091743 -0.002311 -0.000112 -0.033225
 30   2.122804 -0.565085 1.756975 0.019180 0.078568 0.001932
 31   2.160354 -0.569102 -1.748127 -0.018999 -0.065582 0.000635
 32   -0.814395 -0.093824 3.127092 -0.083351 -3.103217 -0.358837
 33   14.298673 -0.408176 0.471578 -0.000399 0.000075 -0.469987
 34   15.835795 0.581398 0.242756 -0.056408 0.019890 0.053050
 35   -0.815868 -0.091229 -3.114430 0.147701 3.163736 -0.058618
 36   14.294526 -0.410349 -0.467541 0.000033 0.000036 -0.282107
 37   15.834409 0.579420 -0.284600 0.199935 0.023435 0.198943
 38   1.139685 -3.453749 -2.823813 0.001158 -0.000229 -0.069280
 39   -4.457742 -1.054854 -0.746180 0.002073 0.003488 -0.047371
 40   1.118101 -3.449769 3.237290 0.001158 -0.000228 -0.069281
 41   -4.433840 -1.059130 0.959566 -0.000696 -0.007742 -0.047343
 42   -0.657468 1.697302 -2.774554 -0.009288 -0.040659 0.000460
 43   -0.664068 1.698578 2.955317 0.014518 0.072104 0.001464
time 28
  0   -0.010486 0.000000 2.055121 0.000000 0.000000 -1.571069
  1   -1.093036 0.000002 -0.326057 -0.221665 -1.569082 -1.348744
  2   2.262337 0.113614 0.064702 -0.000103 -0.001569 -0.016710
  3   2.380047 0.353302 0.047440 -0.011686 -0.000316 -0.028262
  4   2.033756 0.190472 -0.000128 -0.000010 0.000024 -0.139576
  5   2.451511 0.204909 -0.003447 -0.016552 -0.000619 -0.097712
  6   7.247600 -0.397300 -0.109469 0.000001 -0.000003 0.156829
  7   -2.022252 -0.104661 3.136172 0.459741 -1.266876 -4.069129
  8   1.168026 -0.537438 -0.063437 -0.541699 0.435939 0.135820
  9   6.790376 -0.619176 0.015206 0.042062 -0.218726 -2.018982
 10   8.637599 0.544015 -0.090417 -1.398738 -0.083332 -0.331675
 11   6.790465 -0.619039 0.017802 -0.157097 -0.486039 -0.522275
 12   -2.022474 -0.104699 -2.873818 -2.353258 1.441209 -5.419113
 13   1.167898 -0.537463 0.063297 -0.166391 -0.701432 0.149975
 14   7.002743 -0.617765 -0.183752 -1.417961 -1.845479 1.302264
 15   8.209042 0.615527 -0.255885 1.903360 1.014380 0.408686
 16   7.002735 -0.617911 -0.183641 -1.375671 -1.794684 1.273583
 17   1.574674 0.609930 -0.000899 0.030629 0.006966 0.323068
 18   -0.602177 0.511412 -0.000006 0.000000 0.000000 0.000000
 19   3.673773 0.177020 1.119313 -0.000002 -0.000014 -0.174510
 20   3.646422 0.364499 -1.117566 0.000007 -0.000003 -0.174546
 21   2.899356 1.190005 1.518280 0.000002 -0.000011 -0.000026
 22   -0.226528 -0.758005 0.473551 0.000194 -0.057471 0.890061
 23   3.805651 1.330659 -1.631083 0.000019 0.000002 -0.000024
 24   -0.246150 -0.011872 -0.516511 -0.000005 -0.000006 0.000048
 25   4.117120 1.989525 1.648862 -0.064423 0.440701 0.014429
 26   4.941382 1.997366 -1.629410 -0.000001 0.000005 -0.000024
 27   3.305099 1.322380 1.487156 -0.000019 -0.000022 -0.000050
 28   2.932517 1.603245 -1.501142 -0.000002 -0.000009 -0.000024
 29   8.824059 0.150544 0.091743 -0.002757 -0.000089 -0.006776
 30   2.138430 -0.565085 1.733537 0.021282 0.120939 0.002254
 31   2.179885 -0.569102 -1.720782 -0.020884 -0.113371 0.000890
 32   -0.814395 -0.093824 3.127092 -0.083351 -3.103217 -0.358837
 33   14.298673 -0.408176 0.471578 -0.000399 0.000075 -0.469987
 34   15.835795 0.581398 0.242756 -0.056408 0.019890 0.053050
 35   -0.815868 -0.091229 -3.114430 0.147701 3.163736 -0.058618
 36   14.294526 -0.410349 -0.467541 0.000033 0.000036 -0.282107
 37   15.834409 0.579420 -0.284600 0.199935 0.023435 0.198943
 38   1.139685 -3.453749 -2.823813 0.001010 -0.000193 -0.060605
 39   -4.457742 -1.054854 -0.746180 0.002852 0.007442 -0.041425
 40   1.118101 -3.449769 3.237290 0.001010 -0.000192 -0.060606
 41   -4.433840 -1.059130 0.959566 -0.002398 -0.015760 -0.041369
 42   -0.657468 1.697302 -2.758929 -0.007970 -0.033284 0.000460
 43   -0.664068 1.698578 2.939692 0.011882 0.059017 0.001380
time 29
  0   -0.010486 0.000000 2.055121 0.000000 0.000000 -1.571069
  1   -1.093036 0.000002 -0.326057 -0.221665 -1.569082 -1.348744
  2   2.262337 0.113614 0.064702 -0.000103 -0.001569 -0.016710
  3   2.380047 0.353302 0.047440 -0.011686 -0.000316 -0.028262
  4   2.033756 0.190472 -0.000128 -0.000010 0.000024 -0.139576
  5   2.451511 0.204909 -0.003447 -0.016552 -0.000606 -0.095285
  6   7.247600 -0.397300 -0.109469 0.000001 -0.000003 0.156829
  7   -2.022252 -0.104661 3.136172 0.405581 -1.251339 -4.018602
  8   1.168026 -0.537438 -0.063437 -0.552141 0.441927 0.116336
  9   6.790376 -0.619176 0.015206 0.097375 -0.259103 -2.113770
 10   8.637599 0.544015 -0.090417 -1.427623 -0.025682 -0.350773
 11   6.790465 -0.619039 0.017802 -0.131988 -0.516568 -0.563051
 12   -2.022474 -0.104699 -2.873818 -2.353258 1.441209 -5.419113
 13   1.167898 -0.537463 0.063297 -0.166391 -0.701432 0.149975
 14   7.002743 -0.617765 -0.183752 -1.417961 -1.845479 1.302264
 15   8.209042 0.615527 -0.255885 1.903360 1.014380 0.408686
 16   7.002735 -0.617911 -0.183641 -1.375671 -1.794684 1.273583
 17   1.574674 0.609930 -0.000899 0.030507 0.006966 0.320703
 18   -0.602177 0.511412 -0.000006 0.000000 0.000000 0.000000
 19   3.673773 0.177020 1.119313 -0.000002 -0.000014 -0.174510
 20   3.646422 0.364499 -1.117566 0.000007 -0.000003 -0.174546
 21   2.899356 1.190005 1.518280 0.000002 -0.000011 -0.000026
 22   -0.226528 -0.758005 0.473551 0.000194 -0.057471 0.890061
 23   3.805651 1.330659 -1.631083 0.000019 0.000002 -0.000024
 24   -0.246150 -0.011872 -0.516511 -0.000005 -0.000006 0.000048
 25   4.117120 1.989525 1.648862 -0.064423 0.440701 0.014429
 26   4.941382 1.997366 -1.629410 -0.000001 0.000005 -0.000024
 27   3.305099 1.322380 1.487156 -0.000019 -0.000022 -0.000050
 28   2.932517 1.603245 -1.501142 -0.000002 -0.000009 -0.000024
 29   8.824059 0.150544 0.091743 -0.003024 -0.000089 0.011196
 30   2.146242 -0.565085 1.714005 0.022692 0.149680 0.002469
 31   2.191605 -0.569102 -1.705157 -0.022171 -0.145825 0.001072
 32   -0.814395 -0.093824 3.127092 -0.083351 -3.103217 -0.358837
 33   14.298673 -0.408176 0.471578 -0.000399 0.000075 -0.469987
 34   15.835795 0.581398 0.242756 -0.056408 0.019890 0.053050
 35   -0.815868 -0.091229 -3.114430 0.147701 3.163736 -0.058618
 36   14.294526 -0.410349 -0.467541 0.000033 0.000036 -0.282107
 37   15.834409 0.579420 -0.284600 0.199935 0.023435 0.198943
 38   1.139685 -3.453749 -2.823813 0.000821 -0.000157 -0.050096
 39   -4.457742 -1.054854 -0.746180 0.003679 0.012248 -0.034217
 40   1.118101 -3.449769 3.237290 0.000821 -0.000156 -0.050098
 41   -4.433840 -1.059130 0.959566 -0.004471 -0.025455 -0.034105
 42   -0.657468 1.697302 -2.743303 -0.006627 -0.026032 0.000418
 43   -0.664068 1.698578 2.924066 0.009296 0.046150 0.001296
time 30
  0   -0.010486 0.000000 2.055121 0.000000 0.000000 -1.571069
  1   -1.093036 0.000002 -0.326057 -0.221665 -1.569082 -1.348744
  2   2.262337 0.113614 0.064702 -0.000103 -0.001569 -0.016710
  3   2.380047 0.353302 0.047440 -0.011686 -0.000316 -0.028262
  4   2.033756 0.190472 -0.000128 -0.000010 0.000024 -0.139576
  5   2.451511 0.204909 -0.003447 -0.016552 -0.000566 -0.089812
  6   7.247600 -0.397300 -0.109469 0.000001 -0.000003 0.156829
  7   -2.022252 -0.104661 3.136172 0.361199 -1.237127 -3.975964
  8   1.168026 -0.537438 -0.063437 -0.558785 0.444593 0.101660
  9   6.790376 -0.619176 0.015206 0.130552 -0.271450 -2.195048
 10   8.637599 0.544015 -0.090417 -1.453250 0.034079 -0.376528
 11   6.790465 -0.619039 0.017802 -0.122849 -0.526915 -0.578565
 12   -2.022474 -0.104699 -2.873818 -2.353258 1.441209 -5.419113
 13   1.167898 -0.537463 0.063297 -0.166391 -0.701432 0.149975
 14   7.002743 -0.617765 -0.183752 -1.417961 -1.845479 1.302264
 15   8.209042 0.615527 -0.255885 1.903360 1.014380 0.408686
 16   7.002735 -0.617911 -0.183641 -1.375671 -1.794684 1.273583
 17   1.574674 0.609930 -0.000899 0.030263 0.007013 0.315196
 18   -0.602177 0.511412 -0.000006 0.000000 0.000000 0.000000
 19   3.673773 0.177020 1.119313 -0.000002 -0.000014 -0.174510
 20   3.646422 0.364499 -1.117566 0.000007 -0.000003 -0.174546
 21   2.899356 1.190005 1.518280 0.000002 -0.000011 -0.000026
 22   -0.226528 -0.758005 0.473551 0.000194 -0.057471 0.890061
 23   3.805651 1.330659 -1.631083 0.000019 0.000002 -0.000024
 24   -0.246150 -0.011872 -0.516511 -0.000005 -0.000006 0.000048
 25   4.117120 1.989525 1.648862 -0.064423 0.440701 0.014429
 26   4.941382 1.997366 -1.629410 -0.000001 0.000005 -0.000024
 27   3.305099 1.322380 1.487156 -0.000019 -0.000022 -0.000050
 28   2.932517 1.603245 -1.501142 -0.000002 -0.000009 -0.000024
 29   8.824059 0.150544 0.091743 -0.003113 -0.000089 0.017794
 30   2.150149 -0.565085 1.710099 0.023221 0.160287 0.002533
 31   2.195511 -0.569102 -1.697344 -0.022646 -0.157766 0.001126
 32   -0.814395 -0.093824 3.127092 -0.083351 -3.103217 -0.358837
 33   14.298673 -0.408176 0.471578 -0.000399 0.000075 -0.469987
 34   15.835795 0.581398 0.242756 -0.056408 0.019890 0.053050
 35   -0.815868 -0.091229 -3.114430 0.147701 3.163736 -0.058618
 36   14.294526 -0.410349 -0.467541 0.000033 0.000036 -0.282107
 37   15.834409 0.579420 -0.284600 0.199935 0.023435 0.198943
 38   1.139685 -3.453749 -2.823813 0.000631 -0.000121 -0.038611
 39   -4.457742 -1.054854 -0.746180 0.004506 0.017474 -0.026364
 40   1.118101 -3.449769 3.237290 0.000631 -0.000120 -0.038612
 41   -4.433840 -1.059130 0.959566 -0.006724 -0.036002 -0.026224
 42   -0.657468 1.697302 -2.727678 -0.005285 -0.019179 0.000376
 43   -0.664068 1.698578 2.908441 0.006847 0.033990 0.001171
time 31
  0   -0.010486 0.000000 2.055121 0.000000 0.000000 -1.571069
  1   -1.093036 0.000002 -0.326057 -0.221665 -1.569082 -1.348744
  2   2.262337 0.113614 0.064702 -0.000103 -0.001569 -0.016710
  3   2.380047 0.353302 0.047440 -0.011686 -0.000316 -0.028262
  4   2.033756 0.190472 -0.000128 -0.000010 0.000024 -0.139576
  5   2.451511 0.204909 -0.003447 -0.016552 -0.000527 -0.085131
  6   7.247600 -0.397300 -0.109469 0.000001 -0.000003 0.156829
  7   -2.022252 -0.104661 3.136172 0.324006 -1.225077 -3.940652
  8   1.168026 -0.537438 -0.063437 -0.561316 0.441725 0.092171
  9   6.790376 -0.619176 0.015206 0.147973 -0.255366 -2.259271
 10   8.637599 0.544015 -0.090417 -1.464610 0.092644 -0.421092
 11   6.790465 -0.619039 0.017802 -0.122849 -0.526915 -0.578565
 12   -2.022474 -0.104699 -2.873818 -2.353258 1.441209 -5.419113
 13   1.167898 -0.537463 0.063297 -0.166391 -0.701432 0.149975
 14   7.002743 -0.617765 -0.183752 -1.417961 -1.845479 1.302264
 15   8.209042 0.615527 -0.255885 1.903360 1.014380 0.408686
 16   7.002735 -0.617911 -0.183641 -1.375671 -1.794684 1.273583
 17   1.574674 0.609930 -0.000899 0.029938 0.007037 0.310428
 18   -0.602177 0.511412 -0.000006 0.000000 0.000000 0.000000
 19   3.665960 0.227803 1.119313 -0.000002 -0.000014 -0.174510
 20   3.646422 0.364499 -1.117566 0.000007 -0.000003 -0.174546
 21   3.133739 1.225162 1.545624 0.000002 -0.000011 -0.000026
 22   -0.234341 -0.562687 0.485270 0.000147 -0.042562 0.659333
 23   3.805651 1.330659 -1.631083 0.000019 0.000002 -0.000024
 24   -0.246150 -0.011872 -0.516511 -0.000005 -0.000006 0.000048
 25   4.331970 1.993432 1.644956 -0.047717 0.326440 0.010678
 26   4.941382 1.997366 -1.629410 -0.000001 0.000005 -0.000024
 27   3.207439 1.396601 1.494969 -0.000019 -0.000022 -0.000050
 28   2.932517 1.603245 -1.501142 -0.000002 -0.000009 -0.000024
 29   8.824059 0.150544 0.091743 -0.003024 -0.000089 0.011196
 30   2.146242 -0.565085 1.714005 0.022692 0.149680 0.002469
 31   2.191605 -0.569102 -1.705157 -0.022171 -0.145825 0.001072
 32   -0.814395 -0.093824 3.127092 -0.083351 -3.103217 -0.358837
 33   14.298673 -0.408176 0.471578 -0.000399 0.000075 -0.469987
 34   15.835795 0.581398 0.242756 -0.056408 0.019890 0.053050
 35   -0.815868 -0.091229 -3.114430 0.147701 3.163736 -0.058618
 36   14.294526 -0.410349 -0.467541 0.000033 0.000036 -0.282107
 37   15.834409 0.579420 -0.284600 0.199935 0.023435 0.198943
 38   1.139685 -3.453749 -2.823813 0.000442 -0.000084 -0.027186
 39   -4.457742 -1.054854 -0.746180 0.005285 0.022711 -0.018511
 40   1.118101 -3.449769 3.237290 0.000442 -0.000083 -0.027187
 41   -4.433840 -1.059130 0.959566 -0.008977 -0.046524 -0.018314
 42   -0.657468 1.697302 -2.715959 -0.004003 -0.012969 0.000335
 43   -0.664068 1.698578 2.896721 0.004623 0.022990 0.001004
time 32
  0   -0.010486 0.000000 2.055121 0.000000 0.000000 -1.571069
  1   -1.093036 0.000002 -0.326057 -0.221665 -1.569082 -1.348744
  2   2.262337 0.113614 0.064702 -0.000103 -0.001569 -0.016710
  3   2.380047 0.353302 0.047440 -0.011686 -0.000316 -0.028262
  4   2.033756 0.190472 -0.000128 -0.000010 0.000024 -0.139576
  5   2.451511 0.204909 -0.003447 -0.016552 -0.000475 -0.079559
  6   7.247600 -0.397300 -0.109469 0.000001 -0.000003 0.156829
  7   -2.022252 -0.104661 3.136172 0.292852 -1.215766 -3.911631
  8   1.168026 -0.537438 -0.063437 -0.559734 0.433071 0.086351
  9   6.790376 -0.619176 0.015206 0.158126 -0.220728 -2.306740
 10   8.637599 0.544015 -0.090417 -1.460031 0.143255 -0.485334
 11   6.790465 -0.619039 0.017802 -0.122849 -0.526915 -0.578565
 12   -2.022474 -0.104699 -2.873818 -2.353258 1.441209 -5.419113
 13   1.167898 -0.537463 0.063297 -0.166391 -0.701432 0.149975
 14   7.002743 -0.617765 -0.183752 -1.417961 -1.845479 1.302264
 15   8.209042 0.615527 -0.255885 1.903360 1.014380 0.408686
 16   7.002735 -0.617911 -0.183641 -1.375671 -1.794684 1.273583
 17   1.574674 0.609930 -0.000899 0.029735 0.007037 0.304958
 18   -0.602177 0.511412 -0.000006 0.000000 0.000000 0.000000
 19   3.654241 0.317650 1.119313 -0.000002 -0.000014 -0.174510
 20   3.646422 0.364499 -1.117566 0.000007 -0.000003 -0.174546
 21   3.571252 1.295477 1.600313 0.000002 -0.000011 -0.000026
 22   -0.242154 -0.203301 0.504802 0.000036 -0.014878 0.230753
 23   3.805651 1.330659 -1.631083 0.000019 0.000002 -0.000024
 24   -0.246150 -0.011872 -0.516511 -0.000005 -0.000006 0.000048
 25   4.730420 1.997338 1.633236 -0.016689 0.114247 0.003715
 26   4.941382 1.997366 -1.629410 -0.000001 0.000005 -0.000024
 27   3.027746 1.533324 1.510595 -0.000019 -0.000022 -0.000050
 28   2.932517 1.603245 -1.501142 -0.000002 -0.000009 -0.000024
 29   8.824059 0.150544 0.091743 -0.002757 -0.000089 -0.006776
 30   2.138430 -0.565085 1.733537 0.021282 0.120939 0.002254
 31   2.179885 -0.569102 -1.720782 -0.020884 -0.113371 0.000890
 32   -0.814395 -0.093824 3.127092 -0.083351 -3.103217 -0.358837
 33   14.298673 -0.408176 0.471578 -0.000399 0.000075 -0.469987
 34   15.835795 0.581398 0.242756 -0.056408 0.019890 0.053050
 35   -0.815868 -0.091229 -3.114430 0.147701 3.163736 -0.058618
 36   14.294526 -0.410349 -0.467541 0.000033 0.000036 -0.282107
 37   15.834409 0.579420 -0.284600 0.199935 0.023435 0.198943
 38   1.139685 -3.453749 -2.823813 0.000274 -0.000048 -0.016678
 39   -4.457742 -1.054854 -0.746180 0.005980 0.027517 -0.011275
 40   1.118101 -3.449769 3.237290 0.000274 -0.000047 -0.016679
 41   -4.433840 -1.059130 0.959566 -0.011051 -0.056196 -0.011078
 42   -0.657468 1.697302 -2.704239 -0.002792 -0.007695 0.000251
 43   -0.664068 1.698578 2.885002 0.002736 0.013638 0.000795
time 33
  0   -0.010486 0.000000 2.055121 0.000000 0.000000 -1.571069
  1   -1.093036 0.000002 -0.326057 -0.221665 -1.569082 -1.348744
  2   2.262337 0.113614 0.064702 -0.000103 -0.001569 -0.016710
  3   2.380047 0.353302 0.047440 -0.011686 -0.000316 -0.028262
  4   2.033756 0.190472 -0.000128 -0.000010 0.000024 -0.139576
  5   2.451511 0.204909 -0.003447 -0.016552 -0.000449 -0.076587
  6   7.247600 -0.397300 -0.109469 0.000001 -0.000003 0.156829
  7   -2.022252 -0.104661 3.136172 0.268696 -1.209193 -3.889561
  8   1.168026 -0.537438 -0.063437 -0.555558 0.420945 0.082935
  9   6.790376 -0.619176 0.015206 0.163008 -0.180216 -2.338889
 10   8.637599 0.544015 -0.090417 -1.449992 0.180773 -0.552831
 11   6.790465 -0.619039 0.017802 -0.122849 -0.526915 -0.578565
 12   -2.022474 -0.104699 -2.873818 -2.353258 1.441209 -5.419113
 13   1.167898 -0.537463 0.063297 -0.166391 -0.701432 0.149975
 14   7.002743 -0.617765 -0.183752 -1.417961 -1.845479 1.302264
 15   8.209042 0.615527 -0.255885 1.903360 1.014380 0.408686
 16   7.002735 -0.617911 -0.183641 -1.375671 -1.794684 1.273583
 17   1.574674 0.609930 -0.000899 0.029532 0.007037 0.301927
 18   -0.602177 0.511412 -0.000006 0.000000 0.000000 0.000000
 19   3.646428 0.364526 1.119313 -0.000002 -0.000014 -0.174510
 20   3.646422 0.364499 -1.117566 0.000007 -0.000003 -0.174546
 21   3.805634 1.330634 1.627658 0.000002 -0.000011 -0.000026
 22   -0.246060 -0.011889 0.516521 -0.000011 0.000031 0.000025
 23   3.805651 1.330659 -1.631083 0.000019 0.000002 -0.000024
 24   -0.246150 -0.011872 -0.516511 -0.000005 -0.000006 0.000048
 25   4.941364 1.997338 1.629330 0.000018 -0.000001 -0.000024
 26   4.941382 1.997366 -1.629410 -0.000001 0.000005 -0.000024
 27   2.930087 1.603639 1.514501 -0.000019 -0.000022 -0.000050
 28   2.932517 1.603245 -1.501142 -0.000002 -0.000009 -0.000024
 29   8.824059 0.150544 0.091743 -0.002311 -0.000112 -0.033225
 30   2.122804 -0.565085 1.756975 0.019180 0.078568 0.001932
 31   2.160354 -0.569102 -1.748127 -0.018999 -0.065582 0.000635
 32   -0.814395 -0.093824 3.127092 -0.083351 -3.103217 -0.358837
 33   14.298673 -0.408176 0.471578 -0.000399 0.000075 -0.469987
 34   15.835795 0.581398 0.242756 -0.056408 0.019890 0.053050
 35   -0.815868 -0.091229 -3.114430 0.147701 3.163736 -0.058618
 36   14.294526 -0.410349 -0.467541 0.000033 0.000036 -0.282107
 37   15.834409 0.579420 -0.284600 0.199935 0.023435 0.198943
 38   1.139685 -3.453749 -2.823813 0.000126 -0.000024 -0.008002
 39   -4.457742 -1.054854 -0.746180 0.006532 0.031472 -0.005329
 40   1.118101 -3.449769 3.237290 0.000126 -0.000023 -0.008003
 41   -4.433840 -1.059130 0.959566 -0.012753 -0.064154 -0.005104
 42   -0.657468 1.697302 -2.696427 -0.001690 -0.003586 0.000167
 43   -0.664068 1.698578 2.873283 0.001274 0.006373 0.000544
time 34
  0   -0.010486 0.000000 2.055121 0.000000 0.000000 -1.571069
  1   -1.093036 0.000002 -0.326057 -0.221665 -1.569082 -1.348744
  2   2.262337 0.113614 0.064702 -0.000103 -0.001569 -0.016710
  3   2.380047 0.353302 0.047440 -0.011686 -0.000316 -0.028262
  4   2.033756 0.190472 -0.000128 -0.000010 0.000024 -0.139576
  5   2.451511 0.204909 -0.003447 -0.016552 -0.000397 -0.070049
  6   7.247600 -0.397300 -0.109469 0.000001 -0.000003 0.156829
  7   -2.022252 -0.104661 3.136172 0.252976 -1.205302 -3.875380
  8   1.168026 -0.537438 -0.063437 -0.550306 0.407512 0.080910
  9   6.790376 -0.619176 0.015206 0.164617 -0.146646 -2.357303
 10   8.637599 0.544015 -0.090417 -1.440745 0.203016 -0.606221
 11   6.790465 -0.619039 0.017802 -0.122849 -0.526915 -0.578565
 12   -2.022474 -0.104699 -2.873818 -2.353258 1.441209 -5.419113
 13   1.167898 -0.537463 0.063297 -0.166391 -0.701432 0.149975
 14   7.002743 -0.617765 -0.183752 -1.417961 -1.845479 1.302264
 15   8.209042 0.615527 -0.255885 1.903360 1.014380 0.408686
 16   7.002735 -0.617911 -0.183641 -1.375671 -1.794684 1.273583
 17   1.574674 0.609930 -0.000899 0.029207 0.007084 0.295422
 18   -0.602177 0.511412 -0.000006 0.000000 0.000000 0.000000
 19   3.646428 0.364526 1.119313 -0.000002 -0.000014 -0.174510
 20   3.646422 0.364499 -1.117566 0.000007 -0.000003 -0.174546
 21   3.805634 1.330634 1.627658 0.000002 -0.000011 -0.000026
 22   -0.246060 -0.011889 0.516521 -0.000011 0.000031 0.000025
 23   3.805651 1.330659 -1.631083 0.000019 0.000002 -0.000024
 24   -0.246150 -0.011872 -0.516511 -0.000005 -0.000006 0.000048
 25   4.941364 1.997338 1.629330 0.000018 -0.000001 -0.000024
 26   4.941382 1.997366 -1.629410 -0.000001 0.000005 -0.000024
 27   2.930087 1.603639 1.514501 -0.000019 -0.000022 -0.000050
 28   2.932517 1.603245 -1.501142 -0.000002 -0.000009 -0.000024
 29   8.824059 0.150544 0.091743 -0.001776 -0.000136 -0.065414
 30   2.111085 -0.565085 1.788226 0.016644 0.027129 0.001568
 31   2.140822 -0.569102 -1.779378 -0.016716 -0.007537 0.000326
 32   -0.814395 -0.093824 3.127092 -0.083351 -3.103217 -0.358837
 33   14.298673 -0.408176 0.471578 -0.000399 0.000075 -0.469987
 34   15.835795 0.581398 0.242756 -0.056408 0.019890 0.053050
 35   -0.815868 -0.091229 -3.114430 0.147701 3.163736 -0.058618
 36   14.294526 -0.410349 -0.467541 0.000033 0.000036 -0.282107
 37   15.834409 0.579420 -0.284600 0.199935 0.023435 0.198943
 38   1.139685 -3.453749 -2.823813 0.000021 0.000000 -0.002137
 39   -4.457742 -1.054854 -0.746180 0.006903 0.034156 -0.001318
 40   1.118101 -3.449769 3.237290 0.000021 0.000001 -0.002138
 41   -4.433840 -1.059130 0.959566 -0.013915 -0.069559 -0.001038
 42   -0.657468 1.697302 -2.688614 -0.000755 -0.000933 0.000084
 43   -0.664068 1.698578 2.869377 0.000325 0.001665 0.000293
time 35
  0   -0.010486 0.000000 2.055121 0.000000 0.000000 -1.571069
  1   -1.093036 0.000002 -0.326057 -0.221665 -1.569082 -1.348744
  2   2.262337 0.113614 0.064702 -0.000103 -0.001569 -0.016710
  3   2.380047 0.353302 0.047440 -0.011686 -0.000316 -0.028262
  4   2.033756 0.190472 -0.000128 -0.000010 0.000024 -0.139576
  5   2.451511 0.204909 -0.003447 -0.016638 -0.000331 -0.059623
  6   7.247600 -0.397300 -0.109469 0.000001 -0.000003 0.156829
  7   -2.022252 -0.104661 3.136172 0.247320 -1.204004 -3.870308
  8   1.168026 -0.537438 -0.063437 -0.545306 0.395084 0.079076
  9   6.790376 -0.619176 0.015206 0.164783 -0.132564 -2.363114
 10   8.637599 0.544015 -0.090417 -1.436518 0.210337 -0.627852
 11   6.790465 -0.619039 0.017802 -0.122849 -0.526915 -0.578565
 12   -2.022474 -0.104699 -2.873818 -2.353258 1.441209 -5.419113
 13   1.167898 -0.537463 0.063297 -0.166391 -0.701432 0.149975
 14   7.002743 -0.617765 -0.183752 -1.417961 -1.845479 1.302264
 15   8.209042 0.615527 -0.255885 1.903360 1.014380 0.408686
 16   7.002735 -0.617911 -0.183641 -1.375671 -1.794684 1.273583
 17   1.574674 0.609930 -0.000899 0.028679 0.007108 0.284851
 18   -0.602177 0.511412 -0.000006 0.000000 0.000000 0.000000
 19   3.646428 0.364526 1.119313 -0.000002 -0.000014 -0.174510
 20   3.646422 0.364499 -1.117566 0.000007 -0.000003 -0.174546
 21   3.805634 1.330634 1.627658 0.000002 -0.000011 -0.000026
 22   -0.246060 -0.011889 0.516521 -0.000011 0.000031 0.000025
 23   3.805651 1.330659 -1.631083 0.000019 0.000002 -0.000024
 24   -0.246150 -0.011872 -0.516511 -0.000005 -0.000006 0.000048
 25   4.941364 1.997338 1.629330 0.000018 -0.000001 -0.000024
 26   4.941382 1.997366 -1.629410 -0.000001 0.000005 -0.000024
 27   2.930087 1.603639 1.514501 -0.000019 -0.000022 -0.000050
 28   2.932517 1.603245 -1.501142 -0.000002 -0.000009 -0.000024
 29   8.824059 0.150544 0.091743 -0.001153 -0.000136 -0.100392
 30   2.091553 -0.561179 1.819477 0.013891 -0.028842 0.001160
 31   2.121290 -0.565195 -1.814535 -0.014219 0.055610 -0.000002
 32   -0.814395 -0.093824 3.127092 -0.083351 -3.103217 -0.358837
 33   14.298673 -0.408176 0.471578 -0.000399 0.000075 -0.469987
 34   15.835795 0.581398 0.242756 -0.056408 0.019890 0.053050
 35   -0.815868 -0.091229 -3.114430 0.147701 3.163736 -0.058618
 36   14.294526 -0.410349 -0.467541 0.000033 0.000036 -0.282107
 37   15.834409 0.579420 -0.284600 0.199935 0.023435 0.198943
 38   1.139685 -3.453749 -2.823813 0.000000 0.000000 0.000001
 39   -4.457742 -1.054854 -0.746180 0.007035 0.035151 0.000140
 40   1.118101 -3.449769 3.237290 0.000000 0.000001 0.000000
 41   -4.433840 -1.059130 0.959566 -0.014335 -0.071536 0.000421
 42   -0.657468 1.697302 -2.688614 0.000000 0.000002 0.000000
 43   -0.664068 1.698578 2.869377 0.000000 0.000002 0.000000
time 36
  0   -0.010486 0.000000 2.055121 0.000000 0.000000 -1.571069
  1   -1.093036 0.000002 -0.326057 -0.221665 -1.569082 -1.348744
  2   2.262337 0.113614 0.064702 -0.000103 -0.001569 -0.016710
  3   2.380047 0.353302 0.047440 -0.011686 -0.000316 -0.028262
  4   2.033756 0.190472 -0.000128 -0.000010 0.000024 -0.139576
  5   2.451511 0.204909 -0.003447 -0.016638 -0.000292 -0.056106
  6   7.247600 -0.397300 -0.109469 0.000001 -0.000003 0.156829
  7   -2.022252 -0.104661 3.136172 0.253071 -1.206080 -3.875661
  8   1.168026 -0.537438 -0.063437 -0.541889 0.385273 0.076672
  9   6.790376 -0.619176 0.015206 0.160955 -0.145912 -2.347115
 10   8.637599 0.544015 -0.090417 -1.393014 0.157896 -0.517599
 11   6.790465 -0.619039 0.017802 -0.122849 -0.526915 -0.578565
 12   -2.022474 -0.104699 -2.873818 -2.353258 1.441209 -5.419113
 13   1.167898 -0.537463 0.063297 -0.166391 -0.701432 0.149975
 14   7.002743 -0.617765 -0.183752 -1.417961 -1.845479 1.302264
 15   8.209042 0.615527 -0.255885 1.903360 1.014380 0.408686
 16   7.002735 -0.617911 -0.183641 -1.375671 -1.794684 1.273583
 17   1.574674 0.609930 -0.000899 0.028557 0.007108 0.281339
 18   -0.602177 0.511412 -0.000006 0.000000 0.000000 0.000000
 19   3.646428 0.364526 1.119313 -0.000002 -0.000014 -0.174510
 20   3.646422 0.364499 -1.117566 0.000007 -0.000003 -0.174546
 21   3.805634 1.330634 1.627658 0.000002 -0.000011 -0.000026
 22   -0.246060 -0.011889 0.516521 -0.000011 0.000031 0.000025
 23   3.805651 1.330659 -1.631083 0.000019 0.000002 -0.000024
 24   -0.246150 -0.011872 -0.516511 -0.000005 -0.000006 0.000048
 25   4.941364 1.997338 1.629330 0.000018 -0.000001 -0.000024
 26   4.941382 1.997366 -1.629410 -0.000001 0.000005 -0.000024
 27   2.930087 1.603639 1.514501 -0.000019 -0.000022 -0.000050
 28   2.932517 1.603245 -1.501142 -0.000002 -0.000009 -0.000024
 29   8.824059 0.150544 0.091743 -0.000618 -0.000184 -0.135371
 30   2.075928 -0.561179 1.854635 0.011125 -0.084843 0.000753
 31   2.097852 -0.565195 -1.849693 -0.011737 0.118758 -0.000311
 32   -0.814395 -0.093824 3.127092 -0.083351 -3.103217 -0.358837
 33   14.298673 -0.408176 0.471578 -0.000399 0.000075 -0.469987
 34   15.835795 0.581398 0.242756 -0.056408 0.019890 0.053050
 35   -0.815868 -0.091229 -3.114430 0.147701 3.163736 -0.058618
 36   14.294526 -0.410349 -0.467541 0.000033 0.000036 -0.282107
 37   15.834409 0.579420 -0.284600 0.199935 0.023435 0.198943
 38   1.139685 -3.453749 -2.823813 0.000000 0.000000 0.000001
 39   -4.457742 -1.054854 -0.746180 0.006304 0.031496 0.000140
 40   1.118101 -3.449769 3.237290 0.000000 0.000001 0.000000
 41   -4.433840 -1.059130 0.959566 -0.012848 -0.064106 0.000365
 42   -0.649655 1.724647 -2.688614 0.000539 0.000002 -0.008030
 43   -0.656255 1.722016 2.869377 0.000125 0.000002 -0.008155
time 37
  0   -0.010486 0.000000 2.055121 0.000000 0.000000 -1.571069
  1   -1.093036 0.000002 -0.326057 -0.221665 -1.569082 -1.348744
  2   2.262337 0.113614 0.064702 -0.000103 -0.001569 -0.016710
  3   2.380047 0.353302 0.047440 -0.011686 -0.000316 -0.028262
  4   2.033756 0.190472 -0.000128 -0.000010 0.000024 -0.139576
  5   2.451511 0.204909 -0.003447 -0.016638 -0.000240 -0.048949
  6   7.247600 -0.397300 -0.109469 0.000001 -0.000003 0.156829
  7   -2.022252 -0.104661 3.136172 0.267163 -1.210952 -3.888622
  8   1.168026 -0.537438 -0.063437 -0.539928 0.378329 0.073888
  9   6.790376 -0.619176 0.015206 0.151856 -0.177614 -2.309079
 10   8.637599 0.544015 -0.090417 -1.346427 -0.001609 -0.267795
 11   6.790465 -0.619039 0.017802 -0.122849 -0.526915 -0.578565
 12   -2.022474 -0.104699 -2.873818 -2.353258 1.441209 -5.419113
 13   1.167898 -0.537463 0.063297 -0.166391 -0.701432 0.149975
 14   7.002743 -0.617765 -0.183752 -1.417961 -1.845479 1.302264
 15   8.209042 0.615527 -0.255885 1.903360 1.014380 0.408686
 16   7.002735 -0.617911 -0.183641 -1.375671 -1.794684 1.273583
 17   1.574674 0.609930 -0.000899 0.028151 0.007155 0.274132
 18   -0.602177 0.511412 -0.000006 0.000000 0.000000 0.000000
 19   3.646428 0.364526 1.119313 -0.000002 -0.000014 -0.174510
 20   3.646422 0.364499 -1.117566 0.000007 -0.000003 -0.174546
 21   3.805634 1.330634 1.627658 0.000002 -0.000011 -0.000026
 22   -0.246060 -0.011889 0.516521 -0.000011 0.000031 0.000025
 23   3.805651 1.330659 -1.631083 0.000019 0.000002 -0.000024
 24   -0.246150 -0.011872 -0.516511 -0.000005 -0.000006 0.000048
 25   4.941364 1.997338 1.629330 0.000018 -0.000001 -0.000024
 26   4.941382 1.997366 -1.629410 -0.000001 0.000005 -0.000024
 27   2.930087 1.603639 1.514501 -0.000019 -0.000022 -0.000050
 28   2.932517 1.603245 -1.501142 -0.000002 -0.000009 -0.000024
 29   8.824059 0.150544 0.091743 -0.000083 -0.000207 -0.167506
 30   2.056396 -0.561179 1.885886 0.008589 -0.136281 0.000367
 31   2.078320 -0.561289 -1.880944 -0.009438 0.176803 -0.000621
 32   -0.814395 -0.093824 3.127092 -0.083351 -3.103217 -0.358837
 33   14.298673 -0.408176 0.471578 -0.000399 0.000075 -0.469987
 34   15.835795 0.581398 0.242756 -0.056408 0.019890 0.053050
 35   -0.815868 -0.091229 -3.114430 0.147701 3.163736 -0.058618
 36   14.294526 -0.410349 -0.467541 0.000033 0.000036 -0.282107
 37   15.834409 0.579420 -0.284600 0.199935 0.023435 0.198943
 38   1.139685 -3.453749 -2.823813 0.000000 0.000000 0.000001
 39   -4.457742 -1.054854 -0.746180 0.004554 0.022771 0.000084
 40   1.118101 -3.449769 3.237290 0.000000 0.000001 0.000000
 41   -4.433840 -1.059130 0.959566 -0.009289 -0.046356 0.000280
 42   -0.626217 1.787148 -2.688614 0.000899 0.000002 -0.027059
 43   -0.632817 1.788424 2.869377 0.000437 0.000002 -0.027226
time 38
  0   -0.010486 0.000000 2.055121 0.000000 0.000000 -1.571069
  1   -1.093036 0.000002 -0.326057 -0.221665 -1.569082 -1.348744
  2   2.262337 0.113614 0.064702 -0.000103 -0.001569 -0.016710
  3   2.380047 0.353302 0.047440 -0.011686 -0.000316 -0.028262
  4   2.033756 0.190472 -0.000128 -0.000010 0.000024 -0.139576
  5   2.451511 0.204909 -0.003447 -0.016638 -0.000188 -0.042089
  6   7.247600 -0.397300 -0.109469 0.000001 -0.000003 0.156829
  7   -2.022252 -0.104661 3.136172 0.284513 -1.216717 -3.904588
  8   1.168026 -0.537438 -0.063437 -0.538978 0.373751 0.071295
  9   6.790376 -0.619176 0.015206 0.141038 -0.215589 -2.263723
 10   8.637599 0.544015 -0.090417 -1.405519 -0.219538 0.023174
 11   6.790465 -0.619039 0.017802 -0.122849 -0.526915 -0.578565
 12   -2.022474 -0.104699 -2.873818 -2.353258 1.441209 -5.419113
 13   1.167898 -0.537463 0.063297 -0.166391 -0.701432 0.149975
 14   7.002743 -0.617765 -0.183752 -1.417961 -1.845479 1.302264
 15   8.209042 0.615527 -0.255885 1.903360 1.014380 0.408686
 16   7.002735 -0.617911 -0.183641 -1.375671 -1.794684 1.273583
 17   1.574674 0.609930 -0.000899 0.027866 0.007155 0.267220
 18   -0.602177 0.511412 -0.000006 0.000000 0.000000 0.000000
 19   3.646428 0.364526 1.119313 -0.000002 -0.000014 -0.174510
 20   3.646422 0.364499 -1.117566 0.000007 -0.000003 -0.174546
 21   3.805634 1.330634 1.627658 0.000002 -0.000011 -0.000026
 22   -0.246060 -0.011889 0.516521 -0.000011 0.000031 0.000025
 23   3.805651 1.330659 -1.631083 0.000019 0.000002 -0.000024
 24   -0.246150 -0.011872 -0.516511 -0.000005 -0.000006 0.000048
 25   4.941364 1.997338 1.629330 0.000018 -0.000001 -0.000024
 26   4.941382 1.997366 -1.629410 -0.000001 0.000005 -0.000024
 27   2.930087 1.603639 1.514501 -0.000019 -0.000022 -0.000050
 28   2.932517 1.603245 -1.501142 -0.000002 -0.000009 -0.000024
 29   8.824059 0.150544 0.091743 0.000273 -0.000231 -0.193955
 30   2.044677 -0.561179 1.913230 0.006501 -0.178652 0.000067
 31   2.062695 -0.561289 -1.908288 -0.007554 0.224617 -0.000875
 32   -0.814395 -0.093824 3.127092 -0.083351 -3.103217 -0.358837
 33   14.298673 -0.408176 0.471578 -0.000399 0.000075 -0.469987
 34   15.835795 0.581398 0.242756 -0.056408 0.019890 0.053050
 35   -0.815868 -0.091229 -3.114430 0.147701 3.163736 -0.058618
 36   14.294526 -0.410349 -0.467541 0.000033 0.000036 -0.282107
 37   15.834409 0.579420 -0.284600 0.199935 0.023435 0.198943
 38   1.139685 -3.453749 -2.823813 0.000000 0.000000 0.000001
 39   -4.457742 -1.054854 -0.746180 0.002469 0.012368 0.000056
 40   1.118101 -3.449769 3.237290 0.000000 0.000001 0.000000
 41   -4.433840 -1.059130 0.959566 -0.005047 -0.025180 0.000140
 42   -0.598872 1.865276 -2.688614 0.001115 0.000002 -0.049727
 43   -0.605472 1.862646 2.869377 0.000800 0.000002 -0.049810
time 39
  0   -0.010486 0.000000 2.055121 0.000000 0.000000 -1.571069
  1   -1.093036 0.000002 -0.326057 -0.221665 -1.569082 -1.348744
  2   2.262337 0.113614 0.064702 -0.000103 -0.001569 -0.016710
  3   2.380047 0.353302 0.047440 -0.011686 -0.000316 -0.028262
  4   2.033756 0.190472 -0.000128 -0.000010 0.000024 -0.139576
  5   2.451511 0.204909 -0.003447 -0.016638 -0.000136 -0.035625
  6   7.247600 -0.397300 -0.109469 0.000001 -0.000003 0.156829
  7   -2.022252 -0.104661 3.136172 0.299371 -1.221445 -3.918393
  8   1.168026 -0.537438 -0.063437 -0.538725 0.371285 0.069397
  9   6.790376 -0.619176 0.015206 0.131884 -0.247357 -2.225763
 10   8.637599 0.544015 -0.090417 -1.558223 -0.386715 0.287954
 11   6.790465 -0.619039 0.017802 -0.122849 -0.526915 -0.578565
 12   -2.022474 -0.104699 -2.873818 -2.353258 1.441209 -5.419113
 13   1.167898 -0.537463 0.063297 -0.166391 -0.701432 0.149975
 14   7.002743 -0.617765 -0.183752 -1.417961 -1.845479 1.302264
 15   8.209042 0.615527 -0.255885 1.903360 1.014380 0.408686
 16   7.002735 -0.617911 -0.183641 -1.375671 -1.794684 1.273583
 17   1.574674 0.609930 -0.000899 0.027460 0.007179 0.260789
 18   -0.602177 0.511412 -0.000006 0.000000 0.000000 0.000000
 19   3.646428 0.364526 1.119313 -0.000002 -0.000014 -0.174510
 20   3.646422 0.364499 -1.117566 0.000007 -0.000003 -0.174546
 21   3.805634 1.330634 1.627658 0.000002 -0.000011 -0.000026
 22   -0.246060 -0.011889 0.516521 -0.000011 0.000031 0.000025
 23   3.805651 1.330659 -1.631083 0.000019 0.000002 -0.000024
 24   -0.246150 -0.011872 -0.516511 -0.000005 -0.000006 0.000048
 25   4.941364 1.997338 1.629330 0.000018 -0.000001 -0.000024
 26   4.941382 1.997366 -1.629410 -0.000001 0.000005 -0.000024
 27   2.930087 1.603639 1.514501 -0.000019 -0.000022 -0.000050
 28   2.932517 1.603245 -1.501142 -0.000002 -0.000009 -0.000024
 29   8.824059 0.150544 0.091743 0.000630 -0.000231 -0.211927
 30   2.036864 -0.561179 1.932762 0.005091 -0.207422 -0.000126
 31   2.050975 -0.561289 -1.923914 -0.006267 0.257046 -0.001057
 32   -0.814395 -0.093824 3.127092 -0.083351 -3.103217 -0.358837
 33   14.298673 -0.408176 0.471578 -0.000399 0.000075 -0.469987
 34   15.835795 0.581398 0.242756 -0.056408 0.019890 0.053050
 35   -0.815868 -0.091229 -3.114430 0.147701 3.163736 -0.058618
 36   14.294526 -0.410349 -0.467541 0.000033 0.000036 -0.282107
 37   15.834409 0.579420 -0.284600 0.199935 0.023435 0.198943
 38   1.139685 -3.453749 -2.823813 0.000000 0.000000 0.000001
 39   -4.457742 -1.054854 -0.746180 0.000731 0.003655 0.000000
 40   1.118101 -3.449769 3.237290 0.000000 0.000001 0.000000
 41   -4.433840 -1.059130 0.959566 -0.001487 -0.007430 0.000028
 42   -0.575434 1.931684 -2.688614 0.001222 0.000002 -0.068714
 43   -0.582034 1.929054 2.869377 0.001112 0.000002 -0.068756
time 40
  0   -0.010486 0.000000 2.055121 0.000000 0.000000 -1.571069
  1   -1.093036 0.000002 -0.326057 -0.221665 -1.569082 -1.348744
  2   2.262337 0.113614 0.064702 -0.000103 -0.001569 -0.016710
  3   2.380047 0.353302 0.047440 -0.011686 -0.000316 -0.028262
  4   2.033756 0.190472 -0.000128 -0.000010 0.000024 -0.139576
  5   2.451511 0.204909 -0.003447 -0.016638 -0.000057 -0.027056
  6   7.247600 -0.397300 -0.109469 0.000001 -0.000003 0.156829
  7   -2.022252 -0.104661 3.136172 0.305697 -1.223434 -3.924216
  8   1.168026 -0.537438 -0.063437 -0.538725 0.370531 0.068638
  9   6.790376 -0.619176 0.015206 0.128111 -0.260705 -2.209915
 10   8.637599 0.544015 -0.090417 -1.651220 -0.443449 0.409854
 11   6.790465 -0.619039 0.017802 -0.122849 -0.526915 -0.578565
 12   -2.022474 -0.104699 -2.873818 -2.353258 1.441209 -5.419113
 13   1.167898 -0.537463 0.063297 -0.166391 -0.701432 0.149975
 14   7.002743 -0.617765 -0.183752 -1.417961 -1.845479 1.302264
 15   8.209042 0.615527 -0.255885 1.903360 1.014380 0.408686
 16   7.002735 -0.617911 -0.183641 -1.375671 -1.794684 1.273583
 17   1.574674 0.609930 -0.000899 0.027094 0.007179 0.252177
 18   -0.602177 0.511412 -0.000006 0.000000 0.000000 0.000000
 19   3.673773 0.177020 1.119313 -0.000002 -0.000014 -0.174510
 20   3.673767 0.176993 -1.117566 0.000007 -0.000003 -0.174546
 21   2.899356 1.190005 1.518280 0.000002 -0.000011 -0.000026
 22   -0.226528 -0.758005 0.473551 0.000194 -0.057471 0.890061
 23   2.914999 1.182217 -1.611551 0.000019 0.000002 -0.000024
 24   -0.074270 -0.562670 -0.551668 0.000187 -0.057496 0.890104
 25   4.117120 1.989525 1.648862 -0.064423 0.440701 0.014429
 26   4.117138 1.989553 -1.609878 0.071535 -0.408734 -0.041706
 27   3.305099 1.322380 1.487156 -0.000019 -0.000022 -0.000050
 28   3.307528 1.321986 -1.528487 -0.000002 -0.000009 -0.000024
 29   8.824059 0.150544 0.091743 0.000719 -0.000231 -0.218525
 30   2.032958 -0.561179 1.936668 0.004562 -0.218001 -0.000190
 31   2.047069 -0.561289 -1.931726 -0.005807 0.268986 -0.001112
 32   -0.814395 -0.093824 3.127092 -0.083351 -3.103217 -0.358837
 33   14.298673 -0.408176 0.471578 -0.000399 0.000075 -0.469987
 34   15.835795 0.581398 0.242756 -0.056408 0.019890 0.053050
 35   -0.815868 -0.091229 -3.114430 0.147701 3.163736 -0.058618
 36   14.294526 -0.410349 -0.467541 0.000033 0.000036 -0.282107
 37   15.834409 0.579420 -0.284600 0.199935 0.023435 0.198943
 38   1.139685 -3.453749 -2.823813 0.000000 0.000000 0.000001
 39   -4.457742 -1.054854 -0.746180 0.000000 0.000000 0.000000
 40   1.118101 -3.449769 3.237290 0.000000 0.000001 0.000000
 41   -4.433840 -1.059130 0.959566 -0.000001 0.000000 0.000000
 42   -0.567622 1.959029 -2.688614 0.001246 0.000002 -0.076660
 43   -0.574221 1.956398 2.869377 0.001249 0.000002 -0.076660
time 41
  0   -0.010486 0.000000 2.055121 0.000000 0.000000 -1.571069
  1   -1.093036 0.000002 -0.326057 -0.221665 -1.569082 -1.348744
  2   2.262337 0.113614 0.064702 -0.000103 -0.001569 -0.016710
  3   2.380047 0.353302 0.047440 -0.011686 -0.000316 -0.028262
  4   2.033756 0.190472 -0.000128 -0.000010 0.000024 -0.139576
  5   2.451511 0.204909 -0.003447 -0.016638 -0.000044 -0.024555
  6   7.247600 -0.397300 -0.109469 0.000001 -0.000003 0.156829
  7   -2.022252 -0.104661 3.136172 0.299371 -1.221445 -3.918393
  8   1.168026 -0.537438 -0.063437 -0.539421 0.373097 0.069713
  9   6.790376 -0.619176 0.015206 0.131884 -0.247357 -2.225763
 10   8.637599 0.544015 -0.090417 -1.558223 -0.386715 0.287954
 11   6.790465 -0.619039 0.017802 -0.122849 -0.526915 -0.578565
 12   -2.022474 -0.104699 -2.873818 -2.353258 1.441209 -5.419113
 13   1.167898 -0.537463 0.063297 -0.166391 -0.701432 0.149975
 14   7.002743 -0.617765 -0.183752 -1.417961 -1.845479 1.302264
 15   8.209042 0.615527 -0.255885 1.903360 1.014380 0.408686
 16   7.002735 -0.617911 -0.183641 -1.375671 -1.794684 1.273583
 17   1.574674 0.609930 -0.000899 0.026973 0.007179 0.249627
 18   -0.602177 0.511412 -0.000006 0.000000 0.000000 0.000000
 19   3.646428 0.364526 1.119313 -0.000002 -0.000014 -0.174510
 20   3.646422 0.364499 -1.117566 0.000007 -0.000003 -0.174546
 21   3.805634 1.330634 1.627658 0.000002 -0.000011 -0.000026
 22   -0.246060 -0.011889 0.516521 -0.000011 0.000031 0.000025
 23   3.805651 1.330659 -1.631083 0.000019 0.000002 -0.000024
 24   -0.246150 -0.011872 -0.516511 -0.000005 -0.000006 0.000048
 25   4.941364 1.997338 1.629330 0.000018 -0.000001 -0.000024
 26   4.941382 1.997366 -1.629410 -0.000001 0.000005 -0.000024
 27   2.930087 1.603639 1.514501 -0.000019 -0.000022 -0.000050
 28   2.932517 1.603245 -1.501142 -0.000002 -0.000009 -0.000024
 29   8.824059 0.150544 0.091743 0.000630 -0.000255 -0.214770
 30   2.032958 -0.561179 1.932762 0.004996 -0.209195 -0.000126
 31   2.050975 -0.561289 -1.923914 -0.006190 0.259040 -0.001057
 32   -0.814395 -0.093824 3.127092 -0.083351 -3.103217 -0.358837
 33   14.298673 -0.408176 0.471578 -0.000399 0.000075 -0.469987
 34   15.835795 0.581398 0.242756 -0.056408 0.019890 0.053050
 35   -0.815868 -0.091229 -3.114430 0.147701 3.163736 -0.058618
 36   14.294526 -0.410349 -0.467541 0.000033 0.000036 -0.282107
 37   15.834409 0.579420 -0.284600 0.199935 0.023435 0.198943
 38   1.139685 -3.453749 -2.823813 0.000000 0.000000 0.000001
 39   -4.457742 -1.054854 -0.746180 0.000731 0.003655 0.000000
 40   1.118101 -3.449769 3.237290 0.000000 0.000001 0.000000
 41   -4.433840 -1.059130 0.959566 -0.001487 -0.007430 0.000028
 42   -0.571528 1.931684 -2.688614 0.001007 0.000002 -0.062357
 43   -0.578128 1.929054 2.869377 0.001012 0.000002 -0.062357
time 42
  0   -0.010486 0.000000 2.055121 0.000000 0.000000 -1.571069
  1   -1.093036 0.000002 -0.326057 -0.221665 -1.569082 -1.348744
  2   2.262337 0.113614 0.064702 -0.000103 -0.001569 -0.016710
  3   2.380047 0.353302 0.047440 -0.011686 -0.000316 -0.028262
  4   2.033756 0.190472 -0.000128 -0.000010 0.000024 -0.139576
  5   2.451511 0.204909 -0.003447 -0.016638 -0.000005 -0.020221
  6   7.247600 -0.397300 -0.109469 0.000001 -0.000003 0.156829
  7   -2.022252 -0.104661 3.136172 0.284513 -1.216717 -3.904588
  8   1.168026 -0.537438 -0.063437 -0.541067 0.379185 0.072244
  9   6.790376 -0.619176 0.015206 0.141038 -0.215589 -2.263723
 10   8.637599 0.544015 -0.090417 -1.405519 -0.219538 0.023174
 11   6.790465 -0.619039 0.017802 -0.122849 -0.526915 -0.578565
 12   -2.022474 -0.104699 -2.873818 -2.353258 1.441209 -5.419113
 13   1.167898 -0.537463 0.063297 -0.166391 -0.701432 0.149975
 14   7.002743 -0.617765 -0.183752 -1.417961 -1.845479 1.302264
 15   8.209042 0.615527 -0.255885 1.903360 1.014380 0.408686
 16   7.002735 -0.617911 -0.183641 -1.375671 -1.794684 1.273583
 17   1.574674 0.609930 -0.000899 0.026729 0.007226 0.245302
 18   -0.602177 0.511412 -0.000006 0.000000 0.000000 0.000000
 19   3.646428 0.364526 1.119313 -0.000002 -0.000014 -0.174510
 20   3.646422 0.364499 -1.117566 0.000007 -0.000003 -0.174546
 21   3.805634 1.330634 1.627658 0.000002 -0.000011 -0.000026
 22   -0.246060 -0.011889 0.516521 -0.000011 0.000031 0.000025
 23   3.805651 1.330659 -1.631083 0.000019 0.000002 -0.000024
 24   -0.246150 -0.011872 -0.516511 -0.000005 -0.000006 0.000048
 25   4.941364 1.997338 1.629330 0.000018 -0.000001 -0.000024
 26   4.941382 1.997366 -1.629410 -0.000001 0.000005 -0.000024
 27   2.930087 1.603639 1.514501 -0.000019 -0.000022 -0.000050
 28   2.932517 1.603245 -1.501142 -0.000002 -0.000009 -0.000024
 29   8.824059 0.150544 0.091743 0.000452 -0.000278 -0.204362
 30   2.040770 -0.561179 1.917137 0.006189 -0.185045 0.000024
 31   2.058788 -0.561289 -1.912194 -0.007263 0.231792 -0.000912
 32   -0.814395 -0.093824 3.127092 -0.083351 -3.103217 -0.358837
 33   14.298673 -0.408176 0.471578 -0.000399 0.000075 -0.469987
 34   15.835795 0.581398 0.242756 -0.056408 0.019890 0.053050
 35   -0.815868 -0.091229 -3.114430 0.147701 3.163736 -0.058618
 36   14.294526 -0.410349 -0.467541 0.000033 0.000036 -0.282107
 37   15.834409 0.579420 -0.284600 0.199935 0.023435 0.198943
 38   1.139685 -3.453749 -2.823813 0.000000 0.000000 0.000001
 39   -4.457742 -1.054854 -0.746180 0.002469 0.012368 0.000056
 40   1.118101 -3.449769 3.237290 0.000000 0.000001 0.000000
 41   -4.433840 -1.059130 0.959566 -0.005047 -0.025180 0.000140
 42   -0.587153 1.865276 -2.688614 0.000455 0.000002 -0.028272
 43   -0.593753 1.862646 2.869377 0.000462 0.000002 -0.028230
time 43
  0   -0.010486 0.000000 2.055121 0.000000 0.000000 -1.571069
  1   -1.093036 0.000002 -0.326057 -0.221665 -1.569082 -1.348744
  2   2.262337 0.113614 0.064702 -0.000103 -0.001569 -0.016710
  3   2.380047 0.353302 0.047440 -0.011686 -0.000316 -0.028262
  4   2.033756 0.190472 -0.000128 -0.000010 0.000024 -0.139576
  5   2.451511 0.204909 -0.003447 -0.016638 -0.000005 -0.015639
  6   7.247600 -0.397300 -0.109469 0.000001 -0.000003 0.156829
  7   -2.022252 -0.104661 3.136172 0.267163 -1.210952 -3.888622
  8   1.168026 -0.537438 -0.063437 -0.543028 0.386430 0.075343
  9   6.790376 -0.619176 0.015206 0.151856 -0.177614 -2.309079
 10   8.637599 0.544015 -0.090417 -1.346427 -0.001609 -0.267795
 11   6.790465 -0.619039 0.017802 -0.122849 -0.526915 -0.578565
 12   -2.022474 -0.104699 -2.873818 -2.353258 1.441209 -5.419113
 13   1.167898 -0.537463 0.063297 -0.166391 -0.701432 0.149975
 14   7.002743 -0.617765 -0.183752 -1.417961 -1.845479 1.302264
 15   8.209042 0.615527 -0.255885 1.903360 1.014380 0.408686
 16   7.002735 -0.617911 -0.183641 -1.375671 -1.794684 1.273583
 17   1.574674 0.609930 -0.000899 0.026485 0.007226 0.240571
 18   -0.602177 0.511412 -0.000006 0.000000 0.000000 0.000000
 19   3.646428 0.364526 1.119313 -0.000002 -0.000014 -0.174510
 20   3.646422 0.364499 -1.117566 0.000007 -0.000003 -0.174546
 21   3.805634 1.330634 1.627658 0.000002 -0.000011 -0.000026
 22   -0.246060 -0.011889 0.516521 -0.000011 0.000031 0.000025
 23   3.805651 1.330659 -1.631083 0.000019 0.000002 -0.000024
 24   -0.246150 -0.011872 -0.516511 -0.000005 -0.000006 0.000048
 25   4.941364 1.997338 1.629330 0.000018 -0.000001 -0.000024
 26   4.941382 1.997366 -1.629410 -0.000001 0.000005 -0.000024
 27   2.930087 1.603639 1.514501 -0.000019 -0.000022 -0.000050
 28   2.932517 1.603245 -1.501142 -0.000002 -0.000009 -0.000024
 29   8.824059 0.150544 0.091743 0.000184 -0.000278 -0.188804
 30   2.052489 -0.561179 1.893698 0.007965 -0.148923 0.000281
 31   2.074414 -0.561289 -1.888756 -0.008871 0.191075 -0.000693
 32   -0.814395 -0.093824 3.127092 -0.083351 -3.103217 -0.358837
 33   14.298673 -0.408176 0.471578 -0.000399 0.000075 -0.469987
 34   15.835795 0.581398 0.242756 -0.056408 0.019890 0.053050
 35   -0.815868 -0.091229 -3.114430 0.147701 3.163736 -0.058618
 36   14.294526 -0.410349 -0.467541 0.000033 0.000036 -0.282107
 37   15.834409 0.579420 -0.284600 0.199935 0.023435 0.198943
 38   1.139685 -3.453749 -2.823813 0.000000 0.000000 0.000001
 39   -4.457742 -1.054854 -0.746180 0.004554 0.022771 0.000084
 40   1.118101 -3.449769 3.237290 0.000000 0.000001 0.000000
 41   -4.433840 -1.059130 0.959566 -0.009289 -0.046356 0.000280
 42   -0.602779 1.783242 -2.688614 -0.000192 0.000002 0.012421
 43   -0.613285 1.784518 2.869377 -0.000187 0.000002 0.012421
time 44
  0   -0.010486 0.000000 2.055121 0.000000 0.000000 -1.571069
  1   -1.093036 0.000002 -0.326057 -0.221665 -1.569082 -1.348744
  2   2.262337 0.113614 0.064702 -0.000103 -0.001569 -0.016710
  3   2.380047 0.353302 0.047440 -0.011686 -0.000316 -0.028262
  4   2.033756 0.190472 -0.000128 -0.000010 0.000024 -0.139576
  5   2.451511 0.204909 -0.003447 -0.016638 0.000008 -0.013732
  6   7.247600 -0.397300 -0.109469 0.000001 -0.000003 0.156829
  7   -2.022252 -0.104661 3.136172 0.253071 -1.206080 -3.875661
  8   1.168026 -0.537438 -0.063437 -0.544674 0.392518 0.078000
  9   6.790376 -0.619176 0.015206 0.160955 -0.145912 -2.347115
 10   8.637599 0.544015 -0.090417 -1.393014 0.157896 -0.517599
 11   6.790465 -0.619039 0.017802 -0.122849 -0.526915 -0.578565
 12   -2.022474 -0.104699 -2.873818 -2.353258 1.441209 -5.419113
 13   1.167898 -0.537463 0.063297 -0.166391 -0.701432 0.149975
 14   7.002743 -0.617765 -0.183752 -1.417961 -1.845479 1.302264
 15   8.209042 0.615527 -0.255885 1.903360 1.014380 0.408686
 16   7.002735 -0.617911 -0.183641 -1.375671 -1.794684 1.273583
 17   1.574674 0.609930 -0.000899 0.026404 0.007226 0.238612
 18   -0.602177 0.511412 -0.000006 0.000000 0.000000 0.000000
 19   3.646428 0.364526 1.119313 -0.000002 -0.000014 -0.174510
 20   3.646422 0.364499 -1.117566 0.000007 -0.000003 -0.174546
 21   3.805634 1.330634 1.627658 0.000002 -0.000011 -0.000026
 22   -0.246060 -0.011889 0.516521 -0.000011 0.000031 0.000025
 23   3.805651 1.330659 -1.631083 0.000019 0.000002 -0.000024
 24   -0.246150 -0.011872 -0.516511 -0.000005 -0.000006 0.000048
 25   4.941364 1.997338 1.629330 0.000018 -0.000001 -0.000024
 26   4.941382 1.997366 -1.629410 -0.000001 0.000005 -0.000024
 27   2.930087 1.603639 1.514501 -0.000019 -0.000022 -0.000050
 28   2.932517 1.603245 -1.501142 -0.000002 -0.000009 -0.000024
 29   8.824059 0.150544 0.091743 0.000006 -0.000302 -0.169652
 30   2.068115 -0.561179 1.866354 0.010176 -0.104314 0.000603
 31   2.090039 -0.565195 -1.861412 -0.010863 0.140722 -0.000439
 32   -0.814395 -0.093824 3.127092 -0.083351 -3.103217 -0.358837
 33   14.298673 -0.408176 0.471578 -0.000399 0.000075 -0.469987
 34   15.835795 0.581398 0.242756 -0.056408 0.019890 0.053050
 35   -0.815868 -0.091229 -3.114430 0.147701 3.163736 -0.058618
 36   14.294526 -0.410349 -0.467541 0.000033 0.000036 -0.282107
 37   15.834409 0.579420 -0.284600 0.199935 0.023435 0.198943
 38   1.139685 -3.453749 -2.823813 0.000000 0.000000 0.000001
 39   -4.457742 -1.054854 -0.746180 0.006304 0.031496 0.000140
 40   1.118101 -3.449769 3.237290 0.000000 0.000001 0.000000
 41   -4.433840 -1.059130 0.959566 -0.012848 -0.064106 0.000365
 42   -0.622311 1.716834 -2.688614 -0.000743 0.000002 0.046506
 43   -0.628911 1.722016 2.869377 -0.000737 0.000002 0.046506
time 45
  0   -0.010486 0.000000 2.055121 0.000000 0.000000 -1.571069
  1   -1.093036 0.000002 -0.326057 -0.221665 -1.569082 -1.348744
  2   2.262337 0.113614 0.064702 -0.000103 -0.001569 -0.016710
  3   2.380047 0.353302 0.047440 -0.011686 -0.000316 -0.028262
  4   2.033756 0.190472 -0.000128 -0.000010 0.000024 -0.139576
  5   2.451511 0.204909 -0.003447 -0.016638 0.000021 -0.012791
  6   7.247600 -0.397300 -0.109469 0.000001 -0.000003 0.156829
  7   -2.022252 -0.104661 3.136172 0.247320 -1.204004 -3.870308
  8   1.168026 -0.537438 -0.063437 -0.545306 0.395084 0.079076
  9   6.790376 -0.619176 0.015206 0.164783 -0.132564 -2.363114
 10   8.637599 0.544015 -0.090417 -1.436518 0.210337 -0.627852
 11   6.790465 -0.619039 0.017802 -0.122849 -0.526915 -0.578565
 12   -2.022474 -0.104699 -2.873818 -2.353258 1.441209 -5.419113
 13   1.167898 -0.537463 0.063297 -0.166391 -0.701432 0.149975
 14   7.002743 -0.617765 -0.183752 -1.417961 -1.845479 1.302264
 15   8.209042 0.615527 -0.255885 1.903360 1.014380 0.408686
 16   7.002735 -0.617911 -0.183641 -1.375671 -1.794684 1.273583
 17   1.574674 0.609930 -0.000899 0.026282 0.007226 0.237651
 18   -0.602177 0.511412 -0.000006 0.000000 0.000000 0.000000
 19   3.646428 0.364526 1.119313 -0.000002 -0.000014 -0.174510
 20   3.646422 0.364499 -1.117566 0.000007 -0.000003 -0.174546
 21   3.805634 1.330634 1.627658 0.000002 -0.000011 -0.000026
 22   -0.246060 -0.011889 0.516521 -0.000011 0.000031 0.000025
 23   3.805651 1.330659 -1.631083 0.000019 0.000002 -0.000024
 24   -0.246150 -0.011872 -0.516511 -0.000005 -0.000006 0.000048
 25   4.941364 1.997338 1.629330 0.000018 -0.000001 -0.000024
 26   4.941382 1.997366 -1.629410 -0.000001 0.000005 -0.000024
 27   2.930087 1.603639 1.514501 -0.000019 -0.000022 -0.000050
 28   2.932517 1.603245 -1.501142 -0.000002 -0.000009 -0.000024
 29   8.824059 0.150544 0.091743 -0.000350 -0.000302 -0.148246
 30   2.083740 -0.561179 1.839009 0.012617 -0.054561 0.000967
 31   2.113477 -0.565195 -1.834067 -0.013085 0.084620 -0.000129
 32   -0.814395 -0.093824 3.127092 -0.083351 -3.103217 -0.358837
 33   14.298673 -0.408176 0.471578 -0.000399 0.000075 -0.469987
 34   15.835795 0.581398 0.242756 -0.056408 0.019890 0.053050
 35   -0.815868 -0.091229 -3.114430 0.147701 3.163736 -0.058618
 36   14.294526 -0.410349 -0.467541 0.000033 0.000036 -0.282107
 37   15.834409 0.579420 -0.284600 0.199935 0.023435 0.198943
 38   1.139685 -3.453749 -2.823813 0.000000 0.000000 0.000001
 39   -4.457742 -1.054854 -0.746180 0.007035 0.035151 0.000140
 40   1.118101 -3.449769 3.237290 0.000000 0.000001 0.000000
 41   -4.433840 -1.059130 0.959566 -0.014335 -0.071536 0.000421
 42   -0.637936 1.693396 -2.688614 -0.000971 -0.000013 0.060810
 43   -0.644536 1.698578 2.869377 -0.000975 -0.000014 0.060810
time 46
  0   -0.010486 0.000000 2.055121 0.000000 0.000000 -1.571069
  1   -1.093036 0.000002 -0.326057 -0.221665 -1.569082 -1.348744
  2   2.262337 0.113614 0.064702 -0.000103 -0.001569 -0.016710
  3   2.380047 0.353302 0.047440 -0.011686 -0.000316 -0.028262
  4   2.033756 0.190472 -0.000128 -0.000010 0.000024 -0.139576
  5   2.451511 0.204909 -0.003447 -0.016638 0.000021 -0.012668
  6   7.247600 -0.397300 -0.109469 0.000001 -0.000003 0.156829
  7   -2.022252 -0.104661 3.136172 0.251442 -1.205474 -3.874159
  8   1.168026 -0.537438 -0.063437 -0.544863 0.393222 0.078317
  9   6.790376 -0.619176 0.015206 0.162065 -0.142041 -2.351718
 10   8.637599 0.544015 -0.090417 -1.404110 0.174085 -0.548924
 11   6.790465 -0.619039 0.017802 -0.122849 -0.526915 -0.578565
 12   -2.022474 -0.104699 -2.873818 -2.353258 1.441209 -5.419113
 13   1.167898 -0.537463 0.063297 -0.166391 -0.701432 0.149975
 14   7.002743 -0.617765 -0.183752 -1.417961 -1.845479 1.302264
 15   8.209042 0.615527 -0.255885 1.903360 1.014380 0.408686
 16   7.002735 -0.617911 -0.183641 -1.375671 -1.794684 1.273583
 17   1.574674 0.609930 -0.000899 0.026282 0.007226 0.237541
 18   -0.602177 0.511412 -0.000006 0.000000 0.000000 0.000000
 19   3.646428 0.364526 1.119313 -0.000002 -0.000014 -0.174510
 20   3.646422 0.364499 -1.117566 0.000007 -0.000003 -0.174546
 21   3.805634 1.330634 1.627658 0.000002 -0.000011 -0.000026
 22   -0.246060 -0.011889 0.516521 -0.000011 0.000031 0.000025
 23   3.805651 1.330659 -1.631083 0.000019 0.000002 -0.000024
 24   -0.246150 -0.011872 -0.516511 -0.000005 -0.000006 0.000048
 25   4.941364 1.997338 1.629330 0.000018 -0.000001 -0.000024
 26   4.941382 1.997366 -1.629410 -0.000001 0.000005 -0.000024
 27   2.930087 1.603639 1.514501 -0.000019 -0.000022 -0.000050
 28   2.932517 1.603245 -1.501142 -0.000002 -0.000009 -0.000024
 29   8.824059 0.150544 0.091743 -0.000707 -0.000302 -0.126143
 30   2.099366 -0.561179 1.803852 0.015152 -0.003123 0.001353
 31   2.129103 -0.565195 -1.798910 -0.015368 0.026575 0.000144
 32   -0.814395 -0.093824 3.127092 -0.083351 -3.103217 -0.358837
 33   14.298673 -0.408176 0.471578 -0.000399 0.000075 -0.469987
 34   15.835795 0.581398 0.242756 -0.056408 0.019890 0.053050
 35   -0.815868 -0.091229 -3.114430 0.147701 3.163736 -0.058618
 36   14.294526 -0.410349 -0.467541 0.000033 0.000036 -0.282107
 37   15.834409 0.579420 -0.284600 0.199935 0.023435 0.198943
 38   1.139685 -3.453749 -2.823813 0.000000 0.000000 0.000001
 39   -4.457742 -1.054854 -0.746180 0.006508 0.032550 0.000140
 40   1.118101 -3.449769 3.237290 0.000000 0.000001 0.000000
 41   -4.433840 -1.059130 0.959566 -0.013280 -0.066239 0.000393
 42   -0.645749 1.693396 -2.688614 -0.000899 -0.000013 0.056293
 43   -0.652349 1.698578 2.869377 -0.000900 -0.000014 0.056293
time 47
  0   -0.010486 0.000000 2.055121 0.000000 0.000000 -1.571069
  1   -1.093036 0.000002 -0.326057 -0.221665 -1.569082 -1.348744
  2   2.262337 0.113614 0.064702 -0.000103 -0.001569 -0.016710
  3   2.380047 0.353302 0.047440 -0.011686 -0.000316 -0.028262
  4   2.033756 0.190472 -0.000128 -0.000010 0.000024 -0.139576
  5   2.451511 0.204909 -0.003447 -0.016638 0.000021 -0.012668
  6   7.247600 -0.397300 -0.109469 0.000001 -0.000003 0.156829
  7   -2.022252 -0.104661 3.136172 0.261890 -1.209136 -3.883738
  8   1.168026 -0.537438 -0.063437 -0.543598 0.388694 0.076356
  9   6.790376 -0.619176 0.015206 0.155241 -0.165734 -2.323343
 10   8.637599 0.544015 -0.090417 -1.354001 0.062376 -0.359382
 11   6.790465 -0.619039 0.017802 -0.122849 -0.526915 -0.578565
 12   -2.022474 -0.104699 -2.873818 -2.353258 1.441209 -5.419113
 13   1.167898 -0.537463 0.063297 -0.166391 -0.701432 0.149975
 14   7.002743 -0.617765 -0.183752 -1.417961 -1.845479 1.302264
 15   8.209042 0.615527 -0.255885 1.903360 1.014380 0.408686
 16   7.002735 -0.617911 -0.183641 -1.375671 -1.794684 1.273583
 17   1.574674 0.609930 -0.000899 0.026282 0.007226 0.237541
 18   -0.602177 0.511412 -0.000006 0.000000 0.000000 0.000000
 19   3.646428 0.364526 1.119313 -0.000002 -0.000014 -0.174510
 20   3.646422 0.364499 -1.117566 0.000007 -0.000003 -0.174546
 21   3.805634 1.330634 1.627658 0.000002 -0.000011 -0.000026
 22   -0.246060 -0.011889 0.516521 -0.000011 0.000031 0.000025
 23   3.805651 1.330659 -1.631083 0.000019 0.000002 -0.000024
 24   -0.246150 -0.011872 -0.516511 -0.000005 -0.000006 0.000048
 25   4.941364 1.997338 1.629330 0.000018 -0.000001 -0.000024
 26   4.941382 1.997366 -1.629410 -0.000001 0.000005 -0.000024
 27   2.930087 1.603639 1.514501 -0.000019 -0.000022 -0.000050
 28   2.932517 1.603245 -1.501142 -0.000002 -0.000009 -0.000024
 29   8.824059 0.150544 0.091743 -0.001063 -0.000326 -0.104738
 30   2.111085 -0.565085 1.780414 0.017607 0.046600 0.001718
 31   2.148634 -0.569102 -1.767659 -0.017574 -0.029502 0.000453
 32   -0.814395 -0.093824 3.127092 -0.083351 -3.103217 -0.358837
 33   14.298673 -0.408176 0.471578 -0.000399 0.000075 -0.469987
 34   15.835795 0.581398 0.242756 -0.056408 0.019890 0.053050
 35   -0.815868 -0.091229 -3.114430 0.147701 3.163736 -0.058618
 36   14.294526 -0.410349 -0.467541 0.000033 0.000036 -0.282107
 37   15.834409 0.579420 -0.284600 0.199935 0.023435 0.198943
 38   1.139685 -3.453749 -2.823813 0.000000 0.000000 0.000001
 39   -4.457742 -1.054854 -0.746180 0.005213 0.026031 0.000112
 40   1.118101 -3.449769 3.237290 0.000000 0.000001 0.000000
 41   -4.433840 -1.059130 0.959566 -0.010619 -0.052996 0.000309
 42   -0.653562 1.693396 -2.688614 -0.000719 0.000002 0.045043
 43   -0.660162 1.698578 2.869377 -0.000725 0.000002 0.045043
time 48
  0   -0.010486 0.000000 2.055121 0.000000 0.000000 -1.571069
  1   -1.093036 0.000002 -0.326057 -0.221665 -1.569082 -1.348744
  2   2.262337 0.113614 0.064702 -0.000103 -0.001569 -0.016710
  3   2.380047 0.353302 0.047440 -0.011686 -0.000316 -0.028262
  4   2.033756 0.190472 -0.000128 -0.000010 0.000024 -0.139576
  5   2.451511 0.204909 -0.003447 -0.016638 0.000021 -0.012668
  6   7.247600 -0.397300 -0.109469 0.000001 -0.000003 0.156829
  7   -2.022252 -0.104661 3.136172 0.275790 -1.213834 -3.896605
  8   1.168026 -0.537438 -0.063437 -0.542016 0.382807 0.073825
  9   6.790376 -0.619176 0.015206 0.146419 -0.196568 -2.286439
 10   8.637599 0.544015 -0.090417 -1.359813 -0.109869 -0.123395
 11   6.790465 -0.619039 0.017802 -0.122849 -0.526915 -0.578565
 12   -2.022474 -0.104699 -2.873818 -2.353258 1.441209 -5.419113
 13   1.167898 -0.537463 0.063297 -0.166391 -0.701432 0.149975
 14   7.002743 -0.617765 -0.183752 -1.417961 -1.845479 1.302264
 15   8.209042 0.615527 -0.255885 1.903360 1.014380 0.408686
 16   7.002735 -0.617911 -0.183641 -1.375671 -1.794684 1.273583
 17   1.574674 0.609930 -0.000899 0.026282 0.007226 0.237541
 18   -0.602177 0.511412 -0.000006 0.000000 0.000000 0.000000
 19   3.646428 0.364526 1.119313 -0.000002 -0.000014 -0.174510
 20   3.646422 0.364499 -1.117566 0.000007 -0.000003 -0.174546
 21   3.805634 1.330634 1.627658 0.000002 -0.000011 -0.000026
 22   -0.246060 -0.011889 0.516521 -0.000011 0.000031 0.000025
 23   3.805651 1.330659 -1.631083 0.000019 0.000002 -0.000024
 24   -0.246150 -0.011872 -0.516511 -0.000005 -0.000006 0.000048
 25   4.941364 1.997338 1.629330 0.000018 -0.000001 -0.000024
 26   4.941382 1.997366 -1.629410 -0.000001 0.000005 -0.000024
 27   2.930087 1.603639 1.514501 -0.000019 -0.000022 -0.000050
 28   2.932517 1.603245 -1.501142 -0.000002 -0.000009 -0.000024
 29   8.824059 0.150544 0.091743 -0.001420 -0.000326 -0.085532
 30   2.126710 -0.565085 1.749163 0.019803 0.091209 0.002040
 31   2.168166 -0.569102 -1.740314 -0.019566 -0.079854 0.000708
 32   -0.814395 -0.093824 3.127092 -0.083351 -3.103217 -0.358837
 33   14.298673 -0.408176 0.471578 -0.000399 0.000075 -0.469987
 34   15.835795 0.581398 0.242756 -0.056408 0.019890 0.053050
 35   -0.815868 -0.091229 -3.114430 0.147701 3.163736 -0.058618
 36   14.294526 -0.410349 -0.467541 0.000033 0.000036 -0.282107
 37   15.834409 0.579420 -0.284600 0.199935 0.023435 0.198943
 38   1.139685 -3.453749 -2.823813 0.000000 0.000000 0.000001
 39   -4.457742 -1.054854 -0.746180 0.003511 0.017569 0.000056
 40   1.118101 -3.449769 3.237290 0.000000 0.000001 0.000000
 41   -4.433840 -1.059130 0.959566 -0.007168 -0.035762 0.000196
 42   -0.657468 1.697302 -2.688614 -0.000479 0.000002 0.030405
 43   -0.664068 1.698578 2.869377 -0.000487 0.000002 0.030405
time 49
  0   -0.010486 0.000000 2.055121 0.000000 0.000000 -1.571069
  1   -1.093036 0.000002 -0.326057 -0.221665 -1.569082 -1.348744
  2   2.262337 0.113614 0.064702 -0.000103 -0.001569 -0.016710
  3   2.380047 0.353302 0.047440 -0.011686 -0.000316 -0.028262
  4   2.033756 0.190472 -0.000128 -0.000010 0.000024 -0.139576
  5   2.451511 0.204909 -0.003447 -0.016638 0.000021 -0.012668
  6   7.247600 -0.397300 -0.109469 0.000001 -0.000003 0.156829
  7   -2.022252 -0.104661 3.136172 0.289977 -1.218476 -3.909753
  8   1.168026 -0.537438 -0.063437 -0.540434 0.376920 0.071295
  9   6.790376 -0.619176 0.015206 0.137598 -0.227469 -2.249536
 10   8.637599 0.544015 -0.090417 -1.451225 -0.285775 0.118524
 11   6.790465 -0.619039 0.017802 -0.122849 -0.526915 -0.578565
 12   -2.022474 -0.104699 -2.873818 -2.353258 1.441209 -5.419113
 13   1.167898 -0.537463 0.063297 -0.166391 -0.701432 0.149975
 14   7.002743 -0.617765 -0.183752 -1.417961 -1.845479 1.302264
 15   8.209042 0.615527 -0.255885 1.903360 1.014380 0.408686
 16   7.002735 -0.617911 -0.183641 -1.375671 -1.794684 1.273583
 17   1.574674 0.609930 -0.000899 0.026282 0.007226 0.237541
 18   -0.602177 0.511412 -0.000006 0.000000 0.000000 0.000000
 19   3.646428 0.364526 1.119313 -0.000002 -0.000014 -0.174510
 20   3.646422 0.364499 -1.117566 0.000007 -0.000003 -0.174546
 21   3.805634 1.330634 1.627658 0.000002 -0.000011 -0.000026
 22   -0.246060 -0.011889 0.516521 -0.000011 0.000031 0.000025
 23   3.805651 1.330659 -1.631083 0.000019 0.000002 -0.000024
 24   -0.246150 -0.011872 -0.516511 -0.000005 -0.000006 0.000048
 25   4.941364 1.997338 1.629330 0.000018 -0.000001 -0.000024
 26   4.941382 1.997366 -1.629410 -0.000001 0.000005 -0.000024
 27   2.930087 1.603639 1.514501 -0.000019 -0.000022 -0.000050
 28   2.932517 1.603245 -1.501142 -0.000002 -0.000009 -0.000024
 29   8.824059 0.150544 0.091743 -0.001687 -0.000326 -0.069974
 30   2.138430 -0.565085 1.729631 0.021593 0.127303 0.002297
 31   2.179885 -0.569102 -1.716876 -0.021175 -0.120571 0.000926
 32   -0.814395 -0.093824 3.127092 -0.083351 -3.103217 -0.358837
 33   14.298673 -0.408176 0.471578 -0.000399 0.000075 -0.469987
 34   15.835795 0.581398 0.242756 -0.056408 0.019890 0.053050
 35   -0.815868 -0.091229 -3.114430 0.147701 3.163736 -0.058618
 36   14.294526 -0.410349 -0.467541 0.000033 0.000036 -0.282107
 37   15.834409 0.579420 -0.284600 0.199935 0.023435 0.198943
 38   1.139685 -3.453749 -2.823813 0.000000 0.000000 0.000001
 39   -4.457742 -1.054854 -0.746180 0.001822 0.009108 0.000028
 40   1.118101 -3.449769 3.237290 0.000000 0.000001 0.000000
 41   -4.433840 -1.059130 0.959566 -0.003716 -0.018540 0.000112
 42   -0.657468 1.697302 -2.688614 -0.000252 0.000002 0.015767
 43   -0.664068 1.698578 2.869377 -0.000250 0.000002 0.015767
time 50
  0   -0.010486 0.000000 2.055121 0.000000 0.000000 -1.571069
  1   -1.093036 0.000002 -0.326057 -0.221665 -1.569082 -1.348744
  2   2.262337 0.113614 0.064702 -0.000103 -0.001569 -0.016710
  3   2.380047 0.353302 0.047440 -0.011686 -0.000316 -0.028262
  4   2.033756 0.190472 -0.000128 -0.000010 0.000024 -0.139576
  5   2.451511 0.204909 -0.003447 -0.016638 0.000021 -0.012668
  6   7.247600 -0.397300 -0.109469 0.000001 -0.000003 0.156829
  7   -2.022252 -0.104661 3.136172 0.301096 -1.222021 -3.920084
  8   1.168026 -0.537438 -0.063437 -0.539231 0.372342 0.069397
  9   6.790376 -0.619176 0.015206 0.130830 -0.251161 -2.221235
 10   8.637599 0.544015 -0.090417 -1.583322 -0.404101 0.322318
 11   6.790465 -0.619039 0.017802 -0.122849 -0.526915 -0.578565
 12   -2.022474 -0.104699 -2.873818 -2.353258 1.441209 -5.419113
 13   1.167898 -0.537463 0.063297 -0.166391 -0.701432 0.149975
 14   7.002743 -0.617765 -0.183752 -1.417961 -1.845479 1.302264
 15   8.209042 0.615527 -0.255885 1.903360 1.014380 0.408686
 16   7.002735 -0.617911 -0.183641 -1.375671 -1.794684 1.273583
 17   1.574674 0.609930 -0.000899 0.026282 0.007226 0.237541
 18   -0.602177 0.511412 -0.000006 0.000000 0.000000 0.000000
 19   3.646428 0.364526 1.119313 -0.000002 -0.000014 -0.174510
 20   3.646422 0.364499 -1.117566 0.000007 -0.000003 -0.174546
 21   3.805634 1.330634 1.627658 0.000002 -0.000011 -0.000026
 22   -0.246060 -0.011889 0.516521 -0.000011 0.000031 0.000025
 23   3.805651 1.330659 -1.631083 0.000019 0.000002 -0.000024
 24   -0.246150 -0.011872 -0.516511 -0.000005 -0.000006 0.000048
 25   4.941364 1.997338 1.629330 0.000018 -0.000001 -0.000024
 26   4.941382 1.997366 -1.629410 -0.000001 0.000005 -0.000024
 27   2.930087 1.603639 1.514501 -0.000019 -0.000022 -0.000050
 28   2.932517 1.603245 -1.501142 -0.000002 -0.000009 -0.000024
 29   8.824059 0.150544 0.091743 -0.001866 -0.000326 -0.059566
 30   2.146242 -0.565085 1.714005 0.022787 0.151482 0.002469
 31   2.191605 -0.569102 -1.701251 -0.022247 -0.147819 0.001072
 32   -0.814395 -0.093824 3.127092 -0.083351 -3.103217 -0.358837
 33   14.298673 -0.408176 0.471578 -0.000399 0.000075 -0.469987
 34   15.835795 0.581398 0.242756 -0.056408 0.019890 0.053050
 35   -0.815868 -0.091229 -3.114430 0.147701 3.163736 -0.058618
 36   14.294526 -0.410349 -0.467541 0.000033 0.000036 -0.282107
 37   15.834409 0.579420 -0.284600 0.199935 0.023435 0.198943
 38   1.139685 -3.453749 -2.823813 0.000000 0.000000 0.000001
 39   -4.457742 -1.054854 -0.746180 0.000515 0.002601 0.000000
 40   1.118101 -3.449769 3.237290 0.000000 0.000001 0.000000
 41   -4.433840 -1.059130 0.959566 -0.001056 -0.005297 0.000028
 42   -0.657468 1.697302 -2.688614 -0.000072 0.000002 0.004475
 43   -0.664068 1.698578 2.869377 -0.000062 0.000002 0.004475
time 51
  0   -0.010486 0.000000 2.055121 0.000000 0.000000 -1.571069
  1   -1.093036 0.000002 -0.326057 -0.221665 -1.569082 -1.348744
  2   2.262337 0.113614 0.064702 -0.000103 -0.001569 -0.016710
  3   2.380047 0.353302 0.047440 -0.011686 -0.000316 -0.028262
  4   2.033756 0.190472 -0.000128 -0.000010 0.000024 -0.139576
  5   2.451511 0.204909 -0.003447 -0.016638 0.000021 -0.012668
  6   7.247600 -0.397300 -0.109469 0.000001 -0.000003 0.156829
  7   -2.022252 -0.104661 3.136172 0.325636 -1.225077 -3.496615
  8   1.168026 -0.537438 -0.063437 0.681385 1.084843 0.765515
  9   6.790376 -0.619176 0.015206 -0.000047 -0.000085 -0.354246
 10   8.637599 0.544015 -0.090417 -1.500805 0.180913 -0.286459
 11   6.790465 -0.619039 0.017802 -0.002006 -0.010912 -0.263199
 12   -2.022474 -0.104699 -2.873818 -0.514912 1.396280 -3.660349
 13   1.167898 -0.537463 0.063297 -0.293627 -1.189280 0.277340
 14   7.002743 -0.617765 -0.183752 0.000059 0.000137 -0.232914
 15   8.209042 0.615527 -0.255885 1.747115 -0.188455 0.226470
 16   7.002735 -0.617911 -0.183641 0.014626 0.001616 -0.181630
 17   1.574674 0.609930 -0.000899 0.026282 0.007226 0.237541
 18   -0.602177 0.511412 -0.000006 0.000000 0.000000 0.000000
 19   3.646428 0.364526 1.119313 -0.000002 -0.000014 -0.174510
 20   3.646422 0.364499 -1.117566 0.000007 -0.000003 -0.174546
 21   3.805634 1.330634 1.627658 0.000002 -0.000011 -0.000026
 22   -0.246060 -0.011889 0.516521 -0.000011 0.000031 0.000025
 23   3.805651 1.330659 -1.631083 0.000019 0.000002 -0.000024
 24   -0.246150 -0.011872 -0.516511 -0.000005 -0.000006 0.000048
 25   4.941364 1.997338 1.629330 0.000018 -0.000001 -0.000024
 26   4.941382 1.997366 -1.629410 -0.000001 0.000005 -0.000024
 27   2.930087 1.603639 1.514501 -0.000019 -0.000022 -0.000050
 28   2.932517 1.603245 -1.501142 -0.000002 -0.000009 -0.000024
 29   8.824059 0.150544 0.091743 0.000006 -0.000231 -0.174534
 30   2.111085 -0.561179 1.784320 -0.000008 -0.000682 0.000024
 31   2.121290 -0.561289 -1.853599 0.000000 0.000000 -0.000002
 32   -0.814395 -0.093824 3.127092 -0.083351 -3.103217 -0.358837
 33   14.298673 -0.408176 0.471578 -0.000399 0.000075 -0.469987
 34   15.835795 0.581398 0.242756 -0.056408 0.019890 0.053050
 35   -0.815868 -0.091229 -3.114430 0.147701 3.163736 -0.058618
 36   14.294526 -0.410349 -0.467541 0.000033 0.000036 -0.282107
 37   15.834409 0.579420 -0.284600 0.199935 0.023435 0.198943
 38   1.139685 -3.453749 -2.823813 0.000000 0.000000 0.000001
 39   -4.457742 -1.054854 -0.746180 0.000000 0.000000 0.000000
 40   1.118101 -3.449769 3.237290 0.000000 0.000001 0.000000
 41   -4.433840 -1.059130 0.959566 -0.000001 0.000000 0.000000
 42   -0.657468 1.697302 -2.688614 0.000000 0.000002 0.000000
 43   -0.664068 1.698578 2.869377 0.000000 0.000002 0.000000
end
