version 1
nodes
  0 "Bip01" -1
  1 "Bip01 Pelvis" 0
  2 "Bip01 Spine" 1
  3 "Bip01 Spine1" 2
  4 "Bip01 Spine2" 3
  5 "Bip01 Spine3" 4
  6 "Bip01 Neck" 5
  7 "Bip01 L Arm" 6
  8 "Bip01 L Arm1" 7
  9 "Bip01 L Arm2" 8
 10 "Bip01 L Hand" 9
 11 "Bip06 L elbow2-smooth" 8
 12 "Bip01 R Arm" 6
 13 "Bip01 R Arm1" 12
 14 "Bip01 R Arm2" 13
 15 "Bip01 R Hand" 14
 16 "Bip06 R elbow2-smooth" 13
 17 "Bip01 Head" 6
 18 "Bip06 Head_helper" 17
 19 "Bip06 Head_eyes_l" 18
 20 "Bip06 Head_eyes_r" 18
 21 "Bip06 Head_blink_l" 18
 22 "Bip06 Head_blink_smooth_l1" 21
 23 "Bip06 Head_blink_r" 18
 24 "Bip06 Head_blink_smooth_r1" 23
 25 "Bip06 Head_L_eyebrow" 18
 26 "Bip06 Head_R_eyebrow" 18
 27 "Bip06 Head_blink_l_lid" 18
 28 "Bip06 Head_blink_r_lid" 18
 29 "Bip06 bunny" 18
 30 "Bip06 bunnyL" 29
 31 "Bip06 bunnyR" 29
 32 "Bip01 L Leg" 1
 33 "Bip01 L Leg1" 32
 34 "Bip01 L Foot" 33
 35 "Bip01 R Leg" 1
 36 "Bip01 R Leg1" 35
 37 "Bip01 R Foot" 36
 38 "Bip03 HairR1" 17
 39 "Bip03 HairR2" 38
 40 "Bip03 HairL1" 17
 41 "Bip03 HairL2" 40
 42 "Bip03 swingR" 17
 43 "Bip03 swingL" 17
end
skeleton
time 0
  0   -0.401123 2.578204 -27.160614 0.000000 0.058410 -1.414606
  1   -1.093036 0.000002 -0.326057 0.130753 -1.537596 -1.404825
  2   2.262337 0.113614 0.064702 -0.000065 -0.001569 0.036888
  3   2.380047 0.353302 0.047440 0.000000 -0.000028 0.079867
  4   2.033756 0.190472 -0.000128 -0.002149 -0.019559 -0.076398
  5   2.451511 0.204909 -0.003447 -0.009517 0.000465 -0.076612
  6   7.247600 -0.397300 -0.109469 0.000001 0.000033 0.156829
  7   -2.022252 -0.104661 3.136172 0.506136 -1.342519 -3.724080
  8   1.168026 -0.537438 -0.063437 -1.102048 1.273974 -1.358011
  9   6.790376 -0.619176 0.015206 -0.010477 -0.035190 -0.050489
 10   8.637599 0.544015 -0.090417 -1.569848 0.133541 0.534793
 11   6.790465 -0.619039 0.017802 -0.010473 -0.035216 -0.050494
 12   -2.022474 -0.104699 -2.873818 -0.506864 1.342818 -3.724879
 13   1.167898 -0.537463 0.063297 -0.156971 -1.247966 -1.331977
 14   7.002743 -0.617765 -0.183752 0.048622 0.002181 -0.062045
 15   8.209042 0.615527 -0.255885 1.604604 0.162227 0.394855
 16   7.002735 -0.617911 -0.183641 0.048662 0.002180 -0.062027
 17   1.574674 0.609930 -0.000899 0.000000 0.176184 -0.178899
 18   -0.602177 0.511412 -0.000006 0.000000 0.000000 0.000000
 19   3.677679 0.177020 1.119313 -0.000002 -0.000014 -0.174510
 20   3.677673 0.176993 -1.117566 0.000007 -0.000003 -0.174546
 21   3.942357 1.334540 1.627658 0.000002 -0.000011 -0.000026
 22   -0.246060 -0.011889 0.516521 -0.000011 0.000031 0.000025
 23   3.942374 1.334565 -1.631083 0.000019 0.000002 -0.000024
 24   -0.246150 -0.011872 -0.516511 -0.000005 -0.000006 0.000048
 25   4.941364 1.997338 1.629330 0.000018 -0.000001 -0.000024
 26   4.941382 1.997366 -1.629410 -0.000001 0.000005 -0.000024
 27   2.914462 1.619264 1.514501 -0.000019 -0.000022 -0.000050
 28   2.920798 1.618870 -1.501142 -0.000002 -0.000009 -0.000024
 29   8.824059 0.150544 0.091743 0.000006 -0.000231 -0.174534
 30   2.111085 -0.561179 1.784320 -0.000008 -0.000682 0.000024
 31   2.121290 -0.561289 -1.853599 0.000000 0.000000 -0.000002
 32   -0.814395 -0.093824 3.127092 2.033895 -0.595762 1.245569
 33   14.298673 -0.408176 0.471578 0.016331 0.010002 -2.724496
 34   15.835795 0.581398 0.242756 0.181646 -0.319932 -0.465199
 35   -0.815868 -0.091229 -3.114430 -2.166992 0.671142 1.180672
 36   14.294526 -0.410349 -0.467541 -0.017177 -0.008377 -2.629941
 37   15.834409 0.579420 -0.284600 -0.247071 0.131729 -0.299508
 38   1.729547 -3.367809 -2.765217 0.030542 -0.196147 -0.008552
 39   -4.457742 -1.054854 -0.746180 0.000000 0.000000 0.000000
 40   0.528239 -3.535709 3.178694 0.030542 -0.196147 -0.008553
 41   -4.433840 -1.059130 0.959566 -0.000001 0.000000 0.000000
 42   -0.192610 1.630894 -3.157378 -0.086984 -0.181103 0.027143
 43   -0.632817 1.690765 2.595931 -0.036345 -0.105994 0.002049
time 1
  0   -0.401123 2.578204 -27.160614 0.000000 0.058410 -1.414606
  1   -1.093036 0.000002 -0.326057 0.130753 -1.537596 -1.404825
  2   2.262337 0.113614 0.064702 -0.000065 -0.001569 0.036906
  3   2.380047 0.353302 0.047440 0.000000 -0.000028 0.079867
  4   2.033756 0.190472 -0.000128 -0.002149 -0.019559 -0.076398
  5   2.451511 0.204909 -0.003447 -0.009517 0.000465 -0.076612
  6   7.247600 -0.397300 -0.109469 0.000001 0.000033 0.156829
  7   -2.022252 -0.104661 3.136172 0.506136 -1.342519 -3.724080
  8   1.168026 -0.537438 -0.063437 -1.102048 1.273974 -1.358011
  9   6.790376 -0.619176 0.015206 -0.010477 -0.035190 -0.050489
 10   8.637599 0.544015 -0.090417 -1.569848 0.133541 0.534793
 11   6.790465 -0.619039 0.017802 -0.010473 -0.035216 -0.050494
 12   -2.022474 -0.104699 -2.873818 -0.506864 1.342818 -3.724879
 13   1.167898 -0.537463 0.063297 -0.156971 -1.247966 -1.331977
 14   7.002743 -0.617765 -0.183752 0.048622 0.002181 -0.062045
 15   8.209042 0.615527 -0.255885 1.604604 0.162227 0.394855
 16   7.002735 -0.617911 -0.183641 0.048662 0.002180 -0.062027
 17   1.574674 0.609930 -0.000899 0.000000 0.176113 -0.178899
 18   -0.602177 0.511412 -0.000006 0.000000 0.000000 0.000000
 19   3.673773 0.177020 1.119313 -0.000002 -0.000014 -0.174510
 20   3.673767 0.176993 -1.117566 0.000007 -0.000003 -0.174546
 21   3.942357 1.334540 1.627658 0.000002 -0.000011 -0.000026
 22   -0.246060 -0.011889 0.516521 -0.000011 0.000031 0.000025
 23   3.942374 1.334565 -1.631083 0.000019 0.000002 -0.000024
 24   -0.246150 -0.011872 -0.516511 -0.000005 -0.000006 0.000048
 25   4.941364 1.997338 1.629330 0.000018 -0.000001 -0.000024
 26   4.941382 1.997366 -1.629410 -0.000001 0.000005 -0.000024
 27   2.914462 1.619264 1.514501 -0.000019 -0.000022 -0.000050
 28   2.916892 1.618870 -1.501142 -0.000002 -0.000009 -0.000024
 29   8.824059 0.150544 0.091743 0.000006 0.000101 -0.174588
 30   2.111085 -0.561179 1.784320 -0.000062 -0.000014 -0.000126
 31   2.121290 -0.561289 -1.853599 -0.000031 0.000414 -0.000093
 32   -0.814395 -0.093824 3.127092 2.033895 -0.595762 1.245569
 33   14.298673 -0.408176 0.471578 0.016331 0.010002 -2.724496
 34   15.835795 0.581398 0.242756 0.181646 -0.319932 -0.465199
 35   -0.815868 -0.091229 -3.114430 -2.166992 0.671142 1.180672
 36   14.294526 -0.410349 -0.467541 -0.017177 -0.008377 -2.629941
 37   15.834409 0.579420 -0.284600 -0.247071 0.131729 -0.299508
 38   1.729547 -3.367809 -2.765217 0.030479 -0.196147 -0.008247
 39   -4.457742 -1.054854 -0.746180 -0.000036 -0.000132 0.000449
 40   0.528239 -3.535709 3.178694 0.030479 -0.196147 -0.008248
 41   -4.433840 -1.059130 0.959566 -0.000013 -0.000072 0.000309
 42   -0.192610 1.630894 -3.157378 -0.086840 -0.180889 0.027143
 43   -0.632817 1.686859 2.592025 -0.036370 -0.106041 0.002217
time 2
  0   -0.401123 2.578204 -27.160614 0.000000 0.058410 -1.414606
  1   -1.093036 0.000002 -0.326057 0.130753 -1.537596 -1.404825
  2   2.262337 0.113614 0.064702 -0.000065 -0.001557 0.036960
  3   2.380047 0.353302 0.047440 0.000000 -0.000016 0.079908
  4   2.033756 0.190472 -0.000128 -0.002149 -0.019571 -0.076434
  5   2.451511 0.204909 -0.003447 -0.009517 0.000452 -0.076612
  6   7.247600 -0.397300 -0.109469 0.000001 0.000033 0.156829
  7   -2.022252 -0.104661 3.136172 0.506136 -1.342519 -3.724080
  8   1.168026 -0.537438 -0.063437 -1.102048 1.273974 -1.358011
  9   6.790376 -0.619176 0.015206 -0.010477 -0.035190 -0.050489
 10   8.637599 0.544015 -0.090417 -1.569848 0.133541 0.534793
 11   6.790465 -0.619039 0.017802 -0.010473 -0.035216 -0.050494
 12   -2.022474 -0.104699 -2.873818 -0.506864 1.342818 -3.724879
 13   1.167898 -0.537463 0.063297 -0.156971 -1.247966 -1.331977
 14   7.002743 -0.617765 -0.183752 0.048622 0.002181 -0.062045
 15   8.209042 0.615527 -0.255885 1.604604 0.162227 0.394855
 16   7.002735 -0.617911 -0.183641 0.048662 0.002180 -0.062027
 17   1.574674 0.609930 -0.000899 0.000000 0.176113 -0.178899
 18   -0.602177 0.511412 -0.000006 0.000000 0.000000 0.000000
 19   3.673773 0.177020 1.119313 -0.000002 -0.000014 -0.174510
 20   3.673767 0.176993 -1.117566 0.000007 -0.000003 -0.174546
 21   3.942357 1.334540 1.627658 0.000002 -0.000011 -0.000026
 22   -0.246060 -0.011889 0.516521 -0.000011 0.000031 0.000025
 23   3.942374 1.334565 -1.631083 0.000019 0.000002 -0.000024
 24   -0.246150 -0.011872 -0.516511 -0.000005 -0.000006 0.000048
 25   4.941364 1.997338 1.629330 0.000018 -0.000001 -0.000024
 26   4.941382 1.997366 -1.629410 -0.000001 0.000005 -0.000024
 27   2.914462 1.619264 1.514501 -0.000019 -0.000022 -0.000050
 28   2.916892 1.618870 -1.501142 -0.000002 -0.000009 -0.000024
 29   8.824059 0.150544 0.091743 -0.000083 0.001122 -0.174802
 30   2.111085 -0.561179 1.784320 -0.000252 0.002021 -0.000619
 31   2.121290 -0.561289 -1.853599 -0.000138 0.001684 -0.000402
 32   -0.814395 -0.093824 3.127092 2.033895 -0.595762 1.245569
 33   14.298673 -0.408176 0.471578 0.016331 0.010002 -2.724496
 34   15.835795 0.581398 0.242756 0.181646 -0.319932 -0.465199
 35   -0.815868 -0.091229 -3.114430 -2.166992 0.671142 1.180672
 36   14.294526 -0.410349 -0.467541 -0.017177 -0.008377 -2.629941
 37   15.834409 0.579420 -0.284600 -0.247071 0.131729 -0.299508
 38   1.729547 -3.367809 -2.765217 0.030269 -0.196147 -0.007514
 39   -4.457742 -1.054854 -0.746180 -0.000168 -0.000527 0.001739
 40   0.528239 -3.535709 3.178694 0.030311 -0.196159 -0.007515
 41   -4.433840 -1.059130 0.959566 -0.000061 -0.000288 0.001206
 42   -0.192610 1.630894 -3.153472 -0.086421 -0.180245 0.027059
 43   -0.632817 1.686859 2.592025 -0.036458 -0.106198 0.002718
time 3
  0   -0.401123 2.578204 -27.160614 0.000000 0.058410 -1.414606
  1   -1.093036 0.000002 -0.326057 0.130753 -1.537596 -1.404825
  2   2.262337 0.113614 0.064702 -0.000065 -0.001533 0.037015
  3   2.380047 0.353302 0.047440 0.000000 0.000008 0.079928
  4   2.033756 0.190472 -0.000128 -0.002149 -0.019595 -0.076542
  5   2.451511 0.204909 -0.003447 -0.009517 0.000426 -0.076686
  6   7.247600 -0.397300 -0.109469 0.000001 0.000033 0.156829
  7   -2.022252 -0.104661 3.136172 0.506136 -1.342519 -3.724080
  8   1.168026 -0.537438 -0.063437 -1.102048 1.273974 -1.358011
  9   6.790376 -0.619176 0.015206 -0.010477 -0.035190 -0.050489
 10   8.637599 0.544015 -0.090417 -1.569848 0.133541 0.534793
 11   6.790465 -0.619039 0.017802 -0.010473 -0.035216 -0.050494
 12   -2.022474 -0.104699 -2.873818 -0.506864 1.342818 -3.724879
 13   1.167898 -0.537463 0.063297 -0.156971 -1.247966 -1.331977
 14   7.002743 -0.617765 -0.183752 0.048622 0.002181 -0.062045
 15   8.209042 0.615527 -0.255885 1.604604 0.162227 0.394855
 16   7.002735 -0.617911 -0.183641 0.048662 0.002180 -0.062027
 17   1.574674 0.609930 -0.000899 0.000000 0.176113 -0.178899
 18   -0.602177 0.511412 -0.000006 0.000000 0.000000 0.000000
 19   3.673773 0.177020 1.119313 -0.000002 -0.000014 -0.174510
 20   3.673767 0.176993 -1.117566 0.000007 -0.000003 -0.174546
 21   3.942357 1.334540 1.627658 0.000002 -0.000011 -0.000026
 22   -0.246060 -0.011889 0.516521 -0.000011 0.000031 0.000025
 23   3.942374 1.334565 -1.631083 0.000019 0.000002 -0.000024
 24   -0.246150 -0.011872 -0.516511 -0.000005 -0.000006 0.000048
 25   4.941364 1.997338 1.629330 0.000018 -0.000001 -0.000024
 26   4.941382 1.997366 -1.629410 -0.000001 0.000005 -0.000024
 27   2.914462 1.619264 1.514501 -0.000019 -0.000022 -0.000050
 28   2.920798 1.618870 -1.501142 -0.000002 -0.000009 -0.000024
 29   8.824059 0.150544 0.091743 -0.000172 0.002760 -0.175124
 30   2.111085 -0.561179 1.784320 -0.000564 0.005246 -0.001413
 31   2.121290 -0.561289 -1.853599 -0.000306 0.003730 -0.000894
 32   -0.814395 -0.093824 3.127092 2.033895 -0.595762 1.245569
 33   14.298673 -0.408176 0.471578 0.016331 0.010002 -2.724496
 34   15.835795 0.581398 0.242756 0.181646 -0.319932 -0.465199
 35   -0.815868 -0.091229 -3.114430 -2.166992 0.671142 1.180672
 36   14.294526 -0.410349 -0.467541 -0.017177 -0.008377 -2.629941
 37   15.834409 0.579420 -0.284600 -0.247071 0.131729 -0.299508
 38   1.729547 -3.367809 -2.765217 0.029932 -0.196159 -0.006292
 39   -4.457742 -1.054854 -0.746180 -0.000384 -0.001174 0.003870
 40   0.528239 -3.535709 3.178694 0.029995 -0.196159 -0.006293
 41   -4.433840 -1.059130 0.959566 -0.000133 -0.000635 0.002664
 42   -0.192610 1.630894 -3.153472 -0.085726 -0.179217 0.026892
 43   -0.632817 1.686859 2.592025 -0.036608 -0.106449 0.003597
time 4
  0   -0.401123 2.578204 -27.160614 0.000000 0.058410 -1.414606
  1   -1.093036 0.000002 -0.326057 0.130753 -1.537596 -1.404825
  2   2.262337 0.113614 0.064702 -0.000065 -0.001497 0.037069
  3   2.380047 0.353302 0.047440 0.000000 0.000044 0.080030
  4   2.033756 0.190472 -0.000128 -0.002149 -0.019631 -0.076542
  5   2.451511 0.204909 -0.003447 -0.009517 0.000400 -0.076711
  6   7.247600 -0.397300 -0.109469 0.000001 0.000033 0.156829
  7   -2.022252 -0.104661 3.136172 0.506136 -1.342519 -3.724080
  8   1.168026 -0.537438 -0.063437 -1.102048 1.273974 -1.358011
  9   6.790376 -0.619176 0.015206 -0.010477 -0.035190 -0.050489
 10   8.637599 0.544015 -0.090417 -1.569848 0.133541 0.534793
 11   6.790465 -0.619039 0.017802 -0.010473 -0.035216 -0.050494
 12   -2.022474 -0.104699 -2.873818 -0.506864 1.342818 -3.724879
 13   1.167898 -0.537463 0.063297 -0.156971 -1.247966 -1.331977
 14   7.002743 -0.617765 -0.183752 0.048622 0.002181 -0.062045
 15   8.209042 0.615527 -0.255885 1.604604 0.162227 0.394855
 16   7.002735 -0.617911 -0.183641 0.048662 0.002180 -0.062027
 17   1.574674 0.609930 -0.000899 0.000000 0.176113 -0.178899
 18   -0.602177 0.511412 -0.000006 0.000000 0.000000 0.000000
 19   3.673773 0.177020 1.119313 -0.000002 -0.000014 -0.174510
 20   3.673767 0.176993 -1.117566 0.000007 -0.000003 -0.174546
 21   3.942357 1.334540 1.627658 0.000002 -0.000011 -0.000026
 22   -0.246060 -0.011889 0.516521 -0.000011 0.000031 0.000025
 23   3.942374 1.334565 -1.631083 0.000019 0.000002 -0.000024
 24   -0.246150 -0.011872 -0.516511 -0.000005 -0.000006 0.000048
 25   4.941364 1.997338 1.629330 0.000018 -0.000001 -0.000024
 26   4.941382 1.997366 -1.629410 -0.000001 0.000005 -0.000024
 27   2.914462 1.619264 1.514501 -0.000019 -0.000022 -0.000050
 28   2.916892 1.618870 -1.501142 -0.000002 -0.000009 -0.000024
 29   8.824059 0.150544 0.091743 -0.000350 0.004968 -0.175553
 30   2.111085 -0.561179 1.780414 -0.000971 0.009606 -0.002485
 31   2.121290 -0.561289 -1.857505 -0.000536 0.006475 -0.001549
 32   -0.814395 -0.093824 3.127092 2.033895 -0.595762 1.245569
 33   14.298673 -0.408176 0.471578 0.016331 0.010002 -2.724496
 34   15.835795 0.581398 0.242756 0.181646 -0.319932 -0.465199
 35   -0.815868 -0.091229 -3.114430 -2.166992 0.671142 1.180672
 36   14.294526 -0.410349 -0.467541 -0.017177 -0.008377 -2.629941
 37   15.834409 0.579420 -0.284600 -0.247071 0.131729 -0.299508
 38   1.729547 -3.371715 -2.765217 0.029490 -0.196159 -0.004581
 39   -4.457742 -1.054854 -0.746180 -0.000671 -0.002049 0.006703
 40   0.528239 -3.531803 3.178694 0.029595 -0.196159 -0.004582
 41   -4.433840 -1.059130 0.959566 -0.000241 -0.001103 0.004628
 42   -0.192610 1.630894 -3.149565 -0.084779 -0.177807 0.026725
 43   -0.628911 1.682953 2.588118 -0.036808 -0.106794 0.004726
time 5
  0   -0.401123 2.578204 -27.160614 0.000000 0.058410 -1.414606
  1   -1.093036 0.000002 -0.326057 0.130753 -1.537596 -1.404825
  2   2.262337 0.113614 0.064702 -0.000065 -0.001461 0.037123
  3   2.380047 0.353302 0.047440 0.000000 0.000080 0.080112
  4   2.033756 0.190472 -0.000128 -0.002149 -0.019667 -0.076687
  5   2.451511 0.204909 -0.003447 -0.009517 0.000374 -0.076810
  6   7.247600 -0.397300 -0.109469 0.000001 0.000033 0.156829
  7   -2.022252 -0.104661 3.136172 0.506136 -1.342519 -3.724080
  8   1.168026 -0.537438 -0.063437 -1.102048 1.273974 -1.358011
  9   6.790376 -0.619176 0.015206 -0.010477 -0.035190 -0.050489
 10   8.637599 0.544015 -0.090417 -1.569848 0.133541 0.534793
 11   6.790465 -0.619039 0.017802 -0.010473 -0.035216 -0.050494
 12   -2.022474 -0.104699 -2.873818 -0.506864 1.342818 -3.724879
 13   1.167898 -0.537463 0.063297 -0.156971 -1.247966 -1.331977
 14   7.002743 -0.617765 -0.183752 0.048622 0.002181 -0.062045
 15   8.209042 0.615527 -0.255885 1.604604 0.162227 0.394855
 16   7.002735 -0.617911 -0.183641 0.048662 0.002180 -0.062027
 17   1.574674 0.609930 -0.000899 0.000000 0.176113 -0.178899
 18   -0.602177 0.511412 -0.000006 0.000000 0.000000 0.000000
 19   3.673773 0.177020 1.119313 -0.000002 -0.000014 -0.174510
 20   3.673767 0.176993 -1.117566 0.000007 -0.000003 -0.174546
 21   3.942357 1.334540 1.627658 0.000002 -0.000011 -0.000026
 22   -0.246060 -0.011889 0.516521 -0.000011 0.000031 0.000025
 23   3.942374 1.334565 -1.631083 0.000019 0.000002 -0.000024
 24   -0.246150 -0.011872 -0.516511 -0.000005 -0.000006 0.000048
 25   4.941364 1.997338 1.629330 0.000018 -0.000001 -0.000024
 26   4.941382 1.997366 -1.629410 -0.000001 0.000005 -0.000024
 27   2.914462 1.619264 1.514501 -0.000019 -0.000022 -0.000050
 28   2.920798 1.618870 -1.501142 -0.000002 -0.000009 -0.000024
 29   8.824059 0.150544 0.091743 -0.000529 0.007697 -0.176090
 30   2.111085 -0.561179 1.776507 -0.001486 0.015040 -0.003793
 31   2.121290 -0.561289 -1.861412 -0.000827 0.009894 -0.002349
 32   -0.814395 -0.093824 3.127092 2.033895 -0.595762 1.245569
 33   14.298673 -0.408176 0.471578 0.016331 0.010002 -2.724496
 34   15.835795 0.581398 0.242756 0.181646 -0.319932 -0.465199
 35   -0.815868 -0.091229 -3.114430 -2.166992 0.671142 1.180672
 36   14.294526 -0.410349 -0.467541 -0.017177 -0.008377 -2.629941
 37   15.834409 0.579420 -0.284600 -0.247071 0.131729 -0.299508
 38   1.729547 -3.371715 -2.765217 0.028921 -0.196171 -0.002565
 39   -4.457742 -1.054854 -0.746180 -0.001031 -0.003152 0.010237
 40   0.528239 -3.531803 3.178694 0.029090 -0.196171 -0.002566
 41   -4.433840 -1.059130 0.959566 -0.000373 -0.001678 0.007068
 42   -0.192610 1.630894 -3.145659 -0.083593 -0.176028 0.026474
 43   -0.628911 1.682953 2.584212 -0.037057 -0.107233 0.006190
time 6
  0   -0.401123 2.578204 -27.160614 0.000000 0.058410 -1.414606
  1   -1.093036 0.000002 -0.326057 0.130753 -1.537596 -1.404825
  2   2.262337 0.113614 0.064702 -0.000065 -0.001413 0.037268
  3   2.380047 0.353302 0.047440 0.000000 0.000140 0.080214
  4   2.033756 0.190472 -0.000128 -0.002149 -0.019727 -0.076832
  5   2.451511 0.204909 -0.003447 -0.009517 0.000321 -0.076934
  6   7.247600 -0.397300 -0.109469 0.000001 0.000033 0.156829
  7   -2.022252 -0.104661 3.136172 0.506136 -1.342519 -3.724080
  8   1.168026 -0.537438 -0.063437 -1.102048 1.273974 -1.358011
  9   6.790376 -0.619176 0.015206 -0.010477 -0.035190 -0.050489
 10   8.637599 0.544015 -0.090417 -1.569848 0.133541 0.534793
 11   6.790465 -0.619039 0.017802 -0.010473 -0.035216 -0.050494
 12   -2.022474 -0.104699 -2.873818 -0.506864 1.342818 -3.724879
 13   1.167898 -0.537463 0.063297 -0.156971 -1.247966 -1.331977
 14   7.002743 -0.617765 -0.183752 0.048622 0.002181 -0.062045
 15   8.209042 0.615527 -0.255885 1.604604 0.162227 0.394855
 16   7.002735 -0.617911 -0.183641 0.048662 0.002180 -0.062027
 17   1.574674 0.609930 -0.000899 0.000000 0.176113 -0.178899
 18   -0.602177 0.511412 -0.000006 0.000000 0.000000 0.000000
 19   3.673773 0.177020 1.119313 -0.000002 -0.000014 -0.174510
 20   3.673767 0.176993 -1.117566 0.000007 -0.000003 -0.174546
 21   3.942357 1.334540 1.627658 0.000002 -0.000011 -0.000026
 22   -0.246060 -0.011889 0.516521 -0.000011 0.000031 0.000025
 23   3.942374 1.334565 -1.631083 0.000019 0.000002 -0.000024
 24   -0.246150 -0.011872 -0.516511 -0.000005 -0.000006 0.000048
 25   4.941364 1.997338 1.629330 0.000018 -0.000001 -0.000024
 26   4.941382 1.997366 -1.629410 -0.000001 0.000005 -0.000024
 27   2.914462 1.619264 1.514501 -0.000019 -0.000022 -0.000050
 28   2.916892 1.618870 -1.501142 -0.000002 -0.000009 -0.000024
 29   8.824059 0.150544 0.091743 -0.000796 0.010926 -0.176734
 30   2.111085 -0.561179 1.772601 -0.002083 0.021375 -0.005337
 31   2.121290 -0.561289 -1.865318 -0.001164 0.013909 -0.003314
 32   -0.814395 -0.093824 3.127092 2.033895 -0.595762 1.245569
 33   14.298673 -0.408176 0.471578 0.016331 0.010002 -2.724496
 34   15.835795 0.581398 0.242756 0.181646 -0.319932 -0.465199
 35   -0.815868 -0.091229 -3.114430 -2.166992 0.671142 1.180672
 36   14.294526 -0.410349 -0.467541 -0.017177 -0.008377 -2.629941
 37   15.834409 0.579420 -0.284600 -0.247071 0.131729 -0.299508
 38   1.729547 -3.371715 -2.765217 0.028248 -0.196171 -0.000121
 39   -4.457742 -1.054854 -0.746180 -0.001450 -0.004446 0.014360
 40   0.528239 -3.531803 3.178694 0.028479 -0.196171 -0.000122
 41   -4.433840 -1.059130 0.959566 -0.000528 -0.002361 0.009957
 42   -0.192610 1.630894 -3.137846 -0.082190 -0.173897 0.026223
 43   -0.628911 1.679046 2.580306 -0.037370 -0.107751 0.007946
time 7
  0   -0.401123 2.578204 -27.160614 0.000000 0.058410 -1.414606
  1   -1.093036 0.000002 -0.326057 0.130753 -1.537596 -1.404825
  2   2.262337 0.113614 0.064702 -0.000065 -0.001366 0.037358
  3   2.380047 0.353302 0.047440 0.000000 0.000200 0.080316
  4   2.033756 0.190472 -0.000128 -0.002149 -0.019762 -0.076869
  5   2.451511 0.204909 -0.003447 -0.009517 0.000269 -0.077033
  6   7.247600 -0.397300 -0.109469 0.000001 0.000033 0.156829
  7   -2.022252 -0.104661 3.136172 0.506136 -1.342519 -3.724080
  8   1.168026 -0.537438 -0.063437 -1.102048 1.273974 -1.358011
  9   6.790376 -0.619176 0.015206 -0.010477 -0.035190 -0.050489
 10   8.637599 0.544015 -0.090417 -1.569848 0.133541 0.534793
 11   6.790465 -0.619039 0.017802 -0.010473 -0.035216 -0.050494
 12   -2.022474 -0.104699 -2.873818 -0.506864 1.342818 -3.724879
 13   1.167898 -0.537463 0.063297 -0.156971 -1.247966 -1.331977
 14   7.002743 -0.617765 -0.183752 0.048622 0.002181 -0.062045
 15   8.209042 0.615527 -0.255885 1.604604 0.162227 0.394855
 16   7.002735 -0.617911 -0.183641 0.048662 0.002180 -0.062027
 17   1.574674 0.609930 -0.000899 0.000000 0.176042 -0.178899
 18   -0.602177 0.511412 -0.000006 0.000000 0.000000 0.000000
 19   3.673773 0.177020 1.119313 -0.000002 -0.000014 -0.174510
 20   3.673767 0.176993 -1.117566 0.000007 -0.000003 -0.174546
 21   3.942357 1.334540 1.627658 0.000002 -0.000011 -0.000026
 22   -0.246060 -0.011889 0.516521 -0.000011 0.000031 0.000025
 23   3.942374 1.334565 -1.631083 0.000019 0.000002 -0.000024
 24   -0.246150 -0.011872 -0.516511 -0.000005 -0.000006 0.000048
 25   4.941364 1.997338 1.629330 0.000018 -0.000001 -0.000024
 26   4.941382 1.997366 -1.629410 -0.000001 0.000005 -0.000024
 27   2.914462 1.619264 1.514501 -0.000019 -0.000022 -0.000050
 28   2.920798 1.618870 -1.501142 -0.000002 -0.000009 -0.000024
 29   8.824059 0.150544 0.091743 -0.001063 0.014558 -0.177485
 30   2.114991 -0.561179 1.768695 -0.002761 0.028582 -0.007095
 31   2.121290 -0.565195 -1.869224 -0.001548 0.018442 -0.004387
 32   -0.814395 -0.093824 3.127092 2.033895 -0.595762 1.245569
 33   14.298673 -0.408176 0.471578 0.016331 0.010002 -2.724496
 34   15.835795 0.581398 0.242756 0.181646 -0.319932 -0.465199
 35   -0.815868 -0.091229 -3.114430 -2.166992 0.671142 1.180672
 36   14.294526 -0.410349 -0.467541 -0.017177 -0.008377 -2.629941
 37   15.834409 0.579420 -0.284600 -0.247071 0.131729 -0.299508
 38   1.729547 -3.371715 -2.765217 0.027490 -0.196183 0.002567
 39   -4.457742 -1.054854 -0.746180 -0.001918 -0.005932 0.019044
 40   0.528239 -3.531803 3.178694 0.027806 -0.196183 0.002566
 41   -4.433840 -1.059130 0.959566 -0.000708 -0.003140 0.013210
 42   -0.192610 1.630894 -3.133940 -0.080560 -0.171459 0.025888
 43   -0.625004 1.675140 2.576399 -0.037707 -0.108347 0.009954
time 8
  0   -0.401123 2.578204 -27.160614 0.000000 0.058410 -1.414606
  1   -1.093036 0.000002 -0.326057 0.130753 -1.537596 -1.404825
  2   2.262337 0.113614 0.064702 -0.000065 -0.001294 0.037539
  3   2.380047 0.353302 0.047440 0.000000 0.000272 0.080479
  4   2.033756 0.190472 -0.000128 -0.002112 -0.019834 -0.077014
  5   2.451511 0.204909 -0.003447 -0.009517 0.000191 -0.077231
  6   7.247600 -0.397300 -0.109469 0.000001 0.000033 0.156829
  7   -2.022252 -0.104661 3.136172 0.506136 -1.342519 -3.724080
  8   1.168026 -0.537438 -0.063437 -1.102048 1.273974 -1.358011
  9   6.790376 -0.619176 0.015206 -0.010477 -0.035190 -0.050489
 10   8.637599 0.544015 -0.090417 -1.569848 0.133541 0.534793
 11   6.790465 -0.619039 0.017802 -0.010473 -0.035216 -0.050494
 12   -2.022474 -0.104699 -2.873818 -0.506864 1.342818 -3.724879
 13   1.167898 -0.537463 0.063297 -0.156971 -1.247966 -1.331977
 14   7.002743 -0.617765 -0.183752 0.048622 0.002181 -0.062045
 15   8.209042 0.615527 -0.255885 1.604604 0.162227 0.394855
 16   7.002735 -0.617911 -0.183641 0.048662 0.002180 -0.062027
 17   1.574674 0.609930 -0.000899 0.000000 0.176042 -0.178899
 18   -0.602177 0.511412 -0.000006 0.000000 0.000000 0.000000
 19   3.673773 0.177020 1.119313 -0.000002 -0.000014 -0.174510
 20   3.673767 0.176993 -1.117566 0.000007 -0.000003 -0.174546
 21   3.942357 1.334540 1.627658 0.000002 -0.000011 -0.000026
 22   -0.246060 -0.011889 0.516521 -0.000011 0.000031 0.000025
 23   3.942374 1.334565 -1.631083 0.000019 0.000002 -0.000024
 24   -0.246150 -0.011872 -0.516511 -0.000005 -0.000006 0.000048
 25   4.941364 1.997338 1.629330 0.000018 -0.000001 -0.000024
 26   4.941382 1.997366 -1.629410 -0.000001 0.000005 -0.000024
 27   2.914462 1.619264 1.514501 -0.000019 -0.000022 -0.000050
 28   2.916892 1.618870 -1.501142 -0.000002 -0.000009 -0.000024
 29   8.824059 0.150544 0.091743 -0.001331 0.018570 -0.178289
 30   2.114991 -0.561179 1.764788 -0.003507 0.036545 -0.009025
 31   2.117383 -0.565195 -1.873131 -0.001961 0.023467 -0.005588
 32   -0.814395 -0.093824 3.127092 2.033895 -0.595762 1.245569
 33   14.298673 -0.408176 0.471578 0.016331 0.010002 -2.724496
 34   15.835795 0.581398 0.242756 0.181646 -0.319932 -0.465199
 35   -0.815868 -0.091229 -3.114430 -2.166992 0.671142 1.180672
 36   14.294526 -0.410349 -0.467541 -0.017177 -0.008377 -2.629941
 37   15.834409 0.579420 -0.284600 -0.247071 0.131729 -0.299508
 38   1.729547 -3.375622 -2.765217 0.026627 -0.196183 0.005622
 39   -4.457742 -1.054854 -0.746180 -0.002445 -0.007598 0.024232
 40   0.528239 -3.527896 3.178694 0.027027 -0.196195 0.005621
 41   -4.433840 -1.059130 0.959566 -0.000912 -0.003991 0.016772
 42   -0.192610 1.634800 -3.126127 -0.078739 -0.168715 0.025512
 43   -0.625004 1.671233 2.572493 -0.038107 -0.109022 0.012212
time 9
  0   -0.401123 2.578204 -27.160614 0.000000 0.058410 -1.414606
  1   -1.093036 0.000002 -0.326057 0.130753 -1.537596 -1.404825
  2   2.262337 0.113614 0.064702 -0.000065 -0.001210 0.037683
  3   2.380047 0.353302 0.047440 0.000000 0.000319 0.080663
  4   2.033756 0.190472 -0.000128 -0.002112 -0.019906 -0.077267
  5   2.451511 0.204909 -0.003447 -0.009517 0.000126 -0.077355
  6   7.247600 -0.397300 -0.109469 0.000001 0.000033 0.156829
  7   -2.022252 -0.104661 3.136172 0.506136 -1.342519 -3.724080
  8   1.168026 -0.537438 -0.063437 -1.102048 1.273974 -1.358011
  9   6.790376 -0.619176 0.015206 -0.010477 -0.035190 -0.050489
 10   8.637599 0.544015 -0.090417 -1.569848 0.133541 0.534793
 11   6.790465 -0.619039 0.017802 -0.010473 -0.035216 -0.050494
 12   -2.022474 -0.104699 -2.873818 -0.506864 1.342818 -3.724879
 13   1.167898 -0.537463 0.063297 -0.156971 -1.247966 -1.331977
 14   7.002743 -0.617765 -0.183752 0.048622 0.002181 -0.062045
 15   8.209042 0.615527 -0.255885 1.604604 0.162227 0.394855
 16   7.002735 -0.617911 -0.183641 0.048662 0.002180 -0.062027
 17   1.574674 0.609930 -0.000899 0.000000 0.176042 -0.178899
 18   -0.602177 0.511412 -0.000006 0.000000 0.000000 0.000000
 19   3.677679 0.177020 1.119313 -0.000002 -0.000014 -0.174510
 20   3.673767 0.176993 -1.117566 0.000007 -0.000003 -0.174546
 21   3.942357 1.334540 1.627658 0.000002 -0.000011 -0.000026
 22   -0.246060 -0.011889 0.516521 -0.000011 0.000031 0.000025
 23   3.942374 1.334565 -1.631083 0.000019 0.000002 -0.000024
 24   -0.246150 -0.011872 -0.516511 -0.000005 -0.000006 0.000048
 25   4.941364 1.997338 1.629330 0.000018 -0.000001 -0.000024
 26   4.941382 1.997366 -1.629410 -0.000001 0.000005 -0.000024
 27   2.914462 1.619264 1.514501 -0.000019 -0.000022 -0.000050
 28   2.920798 1.618870 -1.501142 -0.000002 -0.000009 -0.000024
 29   8.824059 0.150544 0.091743 -0.001687 0.022937 -0.179148
 30   2.114991 -0.561179 1.760882 -0.004320 0.045147 -0.011126
 31   2.117383 -0.565195 -1.880944 -0.002421 0.028880 -0.006880
 32   -0.814395 -0.093824 3.127092 2.033895 -0.595762 1.245569
 33   14.298673 -0.408176 0.471578 0.016331 0.010002 -2.724496
 34   15.835795 0.581398 0.242756 0.181646 -0.319932 -0.465199
 35   -0.815868 -0.091229 -3.114430 -2.166992 0.671142 1.180672
 36   14.294526 -0.410349 -0.467541 -0.017177 -0.008377 -2.629941
 37   15.834409 0.579420 -0.284600 -0.247071 0.131729 -0.299508
 38   1.729547 -3.375622 -2.765217 0.025701 -0.196195 0.008921
 39   -4.457742 -1.054854 -0.746180 -0.003008 -0.009420 0.029842
 40   0.528239 -3.527896 3.178694 0.026164 -0.196195 0.008920
 41   -4.433840 -1.059130 0.959566 -0.001128 -0.004914 0.020670
 42   -0.192610 1.634800 -3.118315 -0.076713 -0.165694 0.025135
 43   -0.625004 1.667327 2.568586 -0.038532 -0.109775 0.014680
time 10
  0   -0.401123 2.578204 -27.160614 0.000000 0.058410 -1.414606
  1   -1.093036 0.000002 -0.326057 0.130753 -1.537596 -1.404825
  2   2.262337 0.113614 0.064702 -0.000065 -0.001126 0.037864
  3   2.380047 0.353302 0.047440 0.000000 0.000415 0.080826
  4   2.033756 0.190472 -0.000128 -0.002112 -0.020002 -0.077449
  5   2.451511 0.204909 -0.003447 -0.009517 0.000021 -0.077553
  6   7.247600 -0.397300 -0.109469 0.000001 0.000033 0.156829
  7   -2.022252 -0.104661 3.136172 0.506136 -1.342519 -3.724080
  8   1.168026 -0.537438 -0.063437 -1.102048 1.273974 -1.358011
  9   6.790376 -0.619176 0.015206 -0.010477 -0.035190 -0.050489
 10   8.637599 0.544015 -0.090417 -1.569848 0.133541 0.534793
 11   6.790465 -0.619039 0.017802 -0.010473 -0.035216 -0.050494
 12   -2.022474 -0.104699 -2.873818 -0.506864 1.342818 -3.724879
 13   1.167898 -0.537463 0.063297 -0.156971 -1.247966 -1.331977
 14   7.002743 -0.617765 -0.183752 0.048622 0.002181 -0.062045
 15   8.209042 0.615527 -0.255885 1.604604 0.162227 0.394855
 16   7.002735 -0.617911 -0.183641 0.048662 0.002180 -0.062027
 17   1.574674 0.609930 -0.000899 0.000000 0.176042 -0.178899
 18   -0.602177 0.511412 -0.000006 0.000000 0.000000 0.000000
 19   3.673773 0.177020 1.119313 -0.000002 -0.000014 -0.174510
 20   3.673767 0.176993 -1.117566 0.000007 -0.000003 -0.174546
 21   3.942357 1.334540 1.627658 0.000002 -0.000011 -0.000026
 22   -0.246060 -0.011889 0.516521 -0.000011 0.000031 0.000025
 23   3.942374 1.334565 -1.631083 0.000019 0.000002 -0.000024
 24   -0.246150 -0.011872 -0.516511 -0.000005 -0.000006 0.000048
 25   4.941364 1.997338 1.629330 0.000018 -0.000001 -0.000024
 26   4.941382 1.997366 -1.629410 -0.000001 0.000005 -0.000024
 27   2.914462 1.619264 1.514501 -0.000019 -0.000022 -0.000050
 28   2.916892 1.618870 -1.501142 -0.000002 -0.000009 -0.000024
 29   8.824059 0.150544 0.091743 -0.002044 0.027566 -0.180060
 30   2.118898 -0.561179 1.753069 -0.005174 0.054331 -0.013378
 31   2.117383 -0.569102 -1.884850 -0.002896 0.034682 -0.008263
 32   -0.814395 -0.093824 3.127092 2.033895 -0.595762 1.245569
 33   14.298673 -0.408176 0.471578 0.016331 0.010002 -2.724496
 34   15.835795 0.581398 0.242756 0.181646 -0.319932 -0.465199
 35   -0.815868 -0.091229 -3.114430 -2.166992 0.671142 1.180672
 36   14.294526 -0.410349 -0.467541 -0.017177 -0.008377 -2.629941
 37   15.834409 0.579420 -0.284600 -0.247071 0.131729 -0.299508
 38   1.729547 -3.379528 -2.765217 0.024691 -0.196207 0.012403
 39   -4.457742 -1.054854 -0.746180 -0.003619 -0.011385 0.035816
 40   0.528239 -3.523990 3.178694 0.025238 -0.196207 0.012402
 41   -4.433840 -1.059130 0.959566 -0.001367 -0.005896 0.024821
 42   -0.196516 1.634800 -3.110502 -0.074520 -0.162398 0.024717
 43   -0.621098 1.663421 2.564680 -0.039007 -0.110575 0.017398
time 11
  0   -0.401123 2.578204 -27.160614 0.000000 0.058410 -1.414606
  1   -1.093036 0.000002 -0.326057 0.130753 -1.537596 -1.404825
  2   2.262337 0.113614 0.064702 -0.000065 -0.001006 0.038099
  3   2.380047 0.353302 0.047440 0.000000 0.000511 0.081030
  4   2.033756 0.190472 -0.000128 -0.002112 -0.020098 -0.077594
  5   2.451511 0.204909 -0.003447 -0.009517 -0.000031 -0.077776
  6   7.247600 -0.397300 -0.109469 0.000001 0.000033 0.156829
  7   -2.022252 -0.104661 3.136172 0.506136 -1.342519 -3.724080
  8   1.168026 -0.537438 -0.063437 -1.102048 1.273974 -1.358011
  9   6.790376 -0.619176 0.015206 -0.010477 -0.035190 -0.050489
 10   8.637599 0.544015 -0.090417 -1.569848 0.133541 0.534793
 11   6.790465 -0.619039 0.017802 -0.010473 -0.035216 -0.050494
 12   -2.022474 -0.104699 -2.873818 -0.506864 1.342818 -3.724879
 13   1.167898 -0.537463 0.063297 -0.156971 -1.247966 -1.331977
 14   7.002743 -0.617765 -0.183752 0.048622 0.002181 -0.062045
 15   8.209042 0.615527 -0.255885 1.604604 0.162227 0.394855
 16   7.002735 -0.617911 -0.183641 0.048662 0.002180 -0.062027
 17   1.574674 0.609930 -0.000899 0.000000 0.175971 -0.178899
 18   -0.602177 0.511412 -0.000006 0.000000 0.000000 0.000000
 19   3.673773 0.177020 1.119313 -0.000002 -0.000014 -0.174510
 20   3.673767 0.176993 -1.117566 0.000007 -0.000003 -0.174546
 21   3.942357 1.334540 1.627658 0.000002 -0.000011 -0.000026
 22   -0.246060 -0.011889 0.516521 -0.000011 0.000031 0.000025
 23   3.942374 1.334565 -1.631083 0.000019 0.000002 -0.000024
 24   -0.246150 -0.011872 -0.516511 -0.000005 -0.000006 0.000048
 25   4.941364 1.997338 1.629330 0.000018 -0.000001 -0.000024
 26   4.941382 1.997366 -1.629410 -0.000001 0.000005 -0.000024
 27   2.914462 1.619264 1.514501 -0.000019 -0.000022 -0.000050
 28   2.916892 1.618870 -1.501142 -0.000002 -0.000009 -0.000024
 29   8.824059 0.150544 0.091743 -0.002400 0.032456 -0.181025
 30   2.118898 -0.561179 1.749163 -0.006083 0.064008 -0.015715
 31   2.117383 -0.569102 -1.892663 -0.003417 0.040769 -0.009718
 32   -0.814395 -0.093824 3.127092 2.033895 -0.595762 1.245569
 33   14.298673 -0.408176 0.471578 0.016331 0.010002 -2.724496
 34   15.835795 0.581398 0.242756 0.181646 -0.319932 -0.465199
 35   -0.815868 -0.091229 -3.114430 -2.166992 0.671142 1.180672
 36   14.294526 -0.410349 -0.467541 -0.017177 -0.008377 -2.629941
 37   15.834409 0.579420 -0.284600 -0.247071 0.131729 -0.299508
 38   1.729547 -3.379528 -2.765217 0.023617 -0.196219 0.016069
 39   -4.457742 -1.054854 -0.746180 -0.004255 -0.013483 0.042126
 40   0.528239 -3.523990 3.178694 0.024270 -0.196219 0.016068
 41   -4.433840 -1.059130 0.959566 -0.001619 -0.006939 0.029168
 42   -0.196516 1.634800 -3.098783 -0.072171 -0.158871 0.024257
 43   -0.621098 1.655608 2.556867 -0.039506 -0.111439 0.020326
time 12
  0   -0.401123 2.578204 -27.160614 0.000000 0.058410 -1.414606
  1   -1.093036 0.000002 -0.326057 0.130753 -1.537596 -1.404825
  2   2.262337 0.113614 0.064702 -0.000065 -0.000898 0.038316
  3   2.380047 0.353302 0.047440 0.000000 0.000619 0.081234
  4   2.033756 0.190472 -0.000128 -0.002112 -0.020230 -0.077775
  5   2.451511 0.204909 -0.003447 -0.009517 -0.000149 -0.077974
  6   7.247600 -0.397300 -0.109469 0.000001 0.000033 0.156829
  7   -2.022252 -0.104661 3.136172 0.506136 -1.342519 -3.724080
  8   1.168026 -0.537438 -0.063437 -1.102048 1.273974 -1.358011
  9   6.790376 -0.619176 0.015206 -0.010477 -0.035190 -0.050489
 10   8.637599 0.544015 -0.090417 -1.569848 0.133541 0.534793
 11   6.790465 -0.619039 0.017802 -0.010473 -0.035216 -0.050494
 12   -2.022474 -0.104699 -2.873818 -0.506864 1.342818 -3.724879
 13   1.167898 -0.537463 0.063297 -0.156971 -1.247966 -1.331977
 14   7.002743 -0.617765 -0.183752 0.048622 0.002181 -0.062045
 15   8.209042 0.615527 -0.255885 1.604604 0.162227 0.394855
 16   7.002735 -0.617911 -0.183641 0.048662 0.002180 -0.062027
 17   1.574674 0.609930 -0.000899 0.000000 0.175971 -0.178899
 18   -0.602177 0.511412 -0.000006 0.000000 0.000000 0.000000
 19   3.673773 0.177020 1.119313 -0.000002 -0.000014 -0.174510
 20   3.673767 0.176993 -1.117566 0.000007 -0.000003 -0.174546
 21   3.942357 1.334540 1.627658 0.000002 -0.000011 -0.000026
 22   -0.246060 -0.011889 0.516521 -0.000011 0.000031 0.000025
 23   3.942374 1.334565 -1.631083 0.000019 0.000002 -0.000024
 24   -0.246150 -0.011872 -0.516511 -0.000005 -0.000006 0.000048
 25   4.941364 1.997338 1.629330 0.000018 -0.000001 -0.000024
 26   4.941382 1.997366 -1.629410 -0.000001 0.000005 -0.000024
 27   2.914462 1.619264 1.514501 -0.000019 -0.000022 -0.000050
 28   2.916892 1.618870 -1.501142 -0.000002 -0.000009 -0.000024
 29   8.824059 0.150544 0.091743 -0.002757 0.037536 -0.182045
 30   2.118898 -0.557273 1.741350 -0.007032 0.074034 -0.018160
 31   2.113477 -0.569102 -1.896569 -0.003938 0.047089 -0.011229
 32   -0.814395 -0.093824 3.127092 2.033895 -0.595762 1.245569
 33   14.298673 -0.408176 0.471578 0.016331 0.010002 -2.724496
 34   15.835795 0.581398 0.242756 0.181646 -0.319932 -0.465199
 35   -0.815868 -0.091229 -3.114430 -2.166992 0.671142 1.180672
 36   14.294526 -0.410349 -0.467541 -0.017177 -0.008377 -2.629941
 37   15.834409 0.579420 -0.284600 -0.247071 0.131729 -0.299508
 38   1.729547 -3.383434 -2.765217 0.022501 -0.196231 0.019918
 39   -4.457742 -1.054854 -0.746180 -0.004914 -0.015700 0.048633
 40   0.528239 -3.520084 3.178694 0.023217 -0.196231 0.019917
 41   -4.433840 -1.059130 0.959566 -0.001895 -0.008018 0.033684
 42   -0.196516 1.638706 -3.090970 -0.069666 -0.155100 0.023755
 43   -0.617192 1.651702 2.552961 -0.040044 -0.112364 0.023379
time 13
  0   -0.401123 2.578204 -27.160614 0.000000 0.058410 -1.414606
  1   -1.093036 0.000002 -0.326057 0.130753 -1.537596 -1.404825
  2   2.262337 0.113614 0.064702 -0.000065 -0.000778 0.038569
  3   2.380047 0.353302 0.047440 0.000000 0.000763 0.081479
  4   2.033756 0.190472 -0.000128 -0.002112 -0.020350 -0.078029
  5   2.451511 0.204909 -0.003447 -0.009500 -0.000266 -0.078197
  6   7.247600 -0.397300 -0.109469 0.000001 0.000033 0.156829
  7   -2.022252 -0.104661 3.136172 0.506136 -1.342519 -3.724080
  8   1.168026 -0.537438 -0.063437 -1.102048 1.273974 -1.358011
  9   6.790376 -0.619176 0.015206 -0.010477 -0.035190 -0.050489
 10   8.637599 0.544015 -0.090417 -1.569848 0.133541 0.534793
 11   6.790465 -0.619039 0.017802 -0.010473 -0.035216 -0.050494
 12   -2.022474 -0.104699 -2.873818 -0.506864 1.342818 -3.724879
 13   1.167898 -0.537463 0.063297 -0.156971 -1.247966 -1.331977
 14   7.002743 -0.617765 -0.183752 0.048622 0.002181 -0.062045
 15   8.209042 0.615527 -0.255885 1.604604 0.162227 0.394855
 16   7.002735 -0.617911 -0.183641 0.048662 0.002180 -0.062027
 17   1.574674 0.609930 -0.000899 0.000000 0.175971 -0.178899
 18   -0.602177 0.511412 -0.000006 0.000000 0.000000 0.000000
 19   3.673773 0.177020 1.119313 -0.000002 -0.000014 -0.174510
 20   3.673767 0.176993 -1.117566 0.000007 -0.000003 -0.174546
 21   3.942357 1.334540 1.627658 0.000002 -0.000011 -0.000026
 22   -0.246060 -0.011889 0.516521 -0.000011 0.000031 0.000025
 23   3.942374 1.334565 -1.631083 0.000019 0.000002 -0.000024
 24   -0.246150 -0.011872 -0.516511 -0.000005 -0.000006 0.000048
 25   4.941364 1.997338 1.629330 0.000018 -0.000001 -0.000024
 26   4.941382 1.997366 -1.629410 -0.000001 0.000005 -0.000024
 27   2.914462 1.619264 1.514501 -0.000019 -0.000022 -0.000050
 28   2.916892 1.618870 -1.501142 -0.000002 -0.000009 -0.000024
 29   8.824059 0.150544 0.091743 -0.003113 0.042735 -0.183118
 30   2.122804 -0.557273 1.737444 -0.008009 0.084351 -0.020669
 31   2.113477 -0.573008 -1.904382 -0.004489 0.053590 -0.012775
 32   -0.814395 -0.093824 3.127092 2.033895 -0.595762 1.245569
 33   14.298673 -0.408176 0.471578 0.016331 0.010002 -2.724496
 34   15.835795 0.581398 0.242756 0.181646 -0.319932 -0.465199
 35   -0.815868 -0.091229 -3.114430 -2.166992 0.671142 1.180672
 36   14.294526 -0.410349 -0.467541 -0.017177 -0.008377 -2.629941
 37   15.834409 0.579420 -0.284600 -0.247071 0.131729 -0.299508
 38   1.729547 -3.383434 -2.765217 0.021323 -0.196243 0.023828
 39   -4.457742 -1.054854 -0.746180 -0.005597 -0.018013 0.055364
 40   0.528239 -3.520084 3.178694 0.022123 -0.196243 0.023827
 41   -4.433840 -1.059130 0.959566 -0.002170 -0.009120 0.038340
 42   -0.196516 1.638706 -3.079251 -0.067030 -0.151144 0.023211
 43   -0.613285 1.643889 2.545148 -0.040606 -0.113337 0.026641
time 14
  0   -0.401123 2.578204 -27.160614 0.000000 0.058410 -1.414606
  1   -1.093036 0.000002 -0.326057 0.130753 -1.537596 -1.404825
  2   2.262337 0.113614 0.064702 -0.000065 -0.000646 0.038822
  3   2.380047 0.353302 0.047440 0.000000 0.000883 0.081724
  4   2.033756 0.190472 -0.000128 -0.002112 -0.020482 -0.078319
  5   2.451511 0.204909 -0.003447 -0.009500 -0.000384 -0.078494
  6   7.247600 -0.397300 -0.109469 0.000001 0.000033 0.156829
  7   -2.022252 -0.104661 3.136172 0.506136 -1.342519 -3.724080
  8   1.168026 -0.537438 -0.063437 -1.102048 1.273974 -1.358011
  9   6.790376 -0.619176 0.015206 -0.010477 -0.035190 -0.050489
 10   8.637599 0.544015 -0.090417 -1.569848 0.133541 0.534793
 11   6.790465 -0.619039 0.017802 -0.010473 -0.035216 -0.050494
 12   -2.022474 -0.104699 -2.873818 -0.506864 1.342818 -3.724879
 13   1.167898 -0.537463 0.063297 -0.156971 -1.247966 -1.331977
 14   7.002743 -0.617765 -0.183752 0.048622 0.002181 -0.062045
 15   8.209042 0.615527 -0.255885 1.604604 0.162227 0.394855
 16   7.002735 -0.617911 -0.183641 0.048662 0.002180 -0.062027
 17   1.574674 0.609930 -0.000899 0.000000 0.175900 -0.178899
 18   -0.602177 0.511412 -0.000006 0.000000 0.000000 0.000000
 19   3.673773 0.177020 1.119313 -0.000002 -0.000014 -0.174510
 20   3.673767 0.176993 -1.117566 0.000007 -0.000003 -0.174546
 21   3.942357 1.334540 1.627658 0.000002 -0.000011 -0.000026
 22   -0.246060 -0.011889 0.516521 -0.000011 0.000031 0.000025
 23   3.942374 1.334565 -1.631083 0.000019 0.000002 -0.000024
 24   -0.246150 -0.011872 -0.516511 -0.000005 -0.000006 0.000048
 25   4.941364 1.997338 1.629330 0.000018 -0.000001 -0.000024
 26   4.941382 1.997366 -1.629410 -0.000001 0.000005 -0.000024
 27   2.914462 1.619264 1.514501 -0.000019 -0.000022 -0.000050
 28   2.916892 1.618870 -1.501142 -0.000002 -0.000009 -0.000024
 29   8.824059 0.150544 0.091743 -0.003470 0.048052 -0.184191
 30   2.122804 -0.557273 1.729631 -0.008985 0.094842 -0.023242
 31   2.113477 -0.573008 -1.908288 -0.005041 0.060195 -0.014358
 32   -0.814395 -0.093824 3.127092 2.033895 -0.595762 1.245569
 33   14.298673 -0.408176 0.471578 0.016331 0.010002 -2.724496
 34   15.835795 0.581398 0.242756 0.181646 -0.319932 -0.465199
 35   -0.815868 -0.091229 -3.114430 -2.166992 0.671142 1.180672
 36   14.294526 -0.410349 -0.467541 -0.017177 -0.008377 -2.629941
 37   15.834409 0.579420 -0.284600 -0.247071 0.131729 -0.299508
 38   1.729547 -3.387341 -2.765217 0.020102 -0.196256 0.027860
 39   -4.457742 -1.054854 -0.746180 -0.006280 -0.020410 0.062207
 40   0.528239 -3.516177 3.178694 0.020986 -0.196255 0.027859
 41   -4.433840 -1.059130 0.959566 -0.002470 -0.010247 0.043080
 42   -0.196516 1.638706 -3.071438 -0.064261 -0.146989 0.022668
 43   -0.613285 1.639982 2.537335 -0.041193 -0.114357 0.030070
time 15
  0   -0.401123 2.578204 -27.160614 0.000000 0.058410 -1.414606
  1   -1.093036 0.000002 -0.326057 0.130753 -1.537596 -1.404825
  2   2.262337 0.113614 0.064702 -0.000065 -0.000539 0.039093
  3   2.380047 0.353302 0.047440 0.000000 0.001027 0.082030
  4   2.033756 0.190472 -0.000128 -0.002112 -0.020589 -0.078609
  5   2.451511 0.204909 -0.003447 -0.009500 -0.000488 -0.078717
  6   7.247600 -0.397300 -0.109469 0.000001 0.000033 0.156829
  7   -2.022252 -0.104661 3.136172 0.506136 -1.342519 -3.724080
  8   1.168026 -0.537438 -0.063437 -1.102048 1.273974 -1.358011
  9   6.790376 -0.619176 0.015206 -0.010477 -0.035190 -0.050489
 10   8.637599 0.544015 -0.090417 -1.569848 0.133541 0.534793
 11   6.790465 -0.619039 0.017802 -0.010473 -0.035216 -0.050494
 12   -2.022474 -0.104699 -2.873818 -0.506864 1.342818 -3.724879
 13   1.167898 -0.537463 0.063297 -0.156971 -1.247966 -1.331977
 14   7.002743 -0.617765 -0.183752 0.048622 0.002181 -0.062045
 15   8.209042 0.615527 -0.255885 1.604604 0.162227 0.394855
 16   7.002735 -0.617911 -0.183641 0.048662 0.002180 -0.062027
 17   1.574674 0.609930 -0.000899 0.000000 0.175900 -0.178899
 18   -0.602177 0.511412 -0.000006 0.000000 0.000000 0.000000
 19   3.677679 0.177020 1.119313 -0.000002 -0.000014 -0.174510
 20   3.673767 0.176993 -1.117566 0.000007 -0.000003 -0.174546
 21   3.942357 1.334540 1.627658 0.000002 -0.000011 -0.000026
 22   -0.246060 -0.011889 0.516521 -0.000011 0.000031 0.000025
 23   3.942374 1.334565 -1.631083 0.000019 0.000002 -0.000024
 24   -0.246150 -0.011872 -0.516511 -0.000005 -0.000006 0.000048
 25   4.941364 1.997338 1.629330 0.000018 -0.000001 -0.000024
 26   4.941382 1.997366 -1.629410 -0.000001 0.000005 -0.000024
 27   2.914462 1.619264 1.514501 -0.000019 -0.000022 -0.000050
 28   2.916892 1.618870 -1.501142 -0.000002 -0.000009 -0.000024
 29   8.824059 0.150544 0.091743 -0.003915 0.053417 -0.185264
 30   2.122804 -0.557273 1.725724 -0.009988 0.105449 -0.025815
 31   2.113477 -0.576914 -1.916101 -0.005608 0.066877 -0.015941
 32   -0.814395 -0.093824 3.127092 2.033895 -0.595762 1.245569
 33   14.298673 -0.408176 0.471578 0.016331 0.010002 -2.724496
 34   15.835795 0.581398 0.242756 0.181646 -0.319932 -0.465199
 35   -0.815868 -0.091229 -3.114430 -2.166992 0.671142 1.180672
 36   14.294526 -0.410349 -0.467541 -0.017177 -0.008377 -2.629941
 37   15.834409 0.579420 -0.284600 -0.247071 0.131729 -0.299508
 38   1.729547 -3.387341 -2.765217 0.018860 -0.196268 0.031892
 39   -4.457742 -1.054854 -0.746180 -0.006987 -0.022891 0.069107
 40   0.528239 -3.516177 3.178694 0.019807 -0.196255 0.031891
 41   -4.433840 -1.059130 0.959566 -0.002781 -0.011385 0.047876
 42   -0.196516 1.642613 -3.059719 -0.061385 -0.142681 0.022124
 43   -0.609379 1.632170 2.529523 -0.041805 -0.115424 0.033625
time 16
  0   -0.401123 2.578204 -27.160614 0.000000 0.058410 -1.414606
  1   -1.093036 0.000002 -0.326057 0.130753 -1.537596 -1.404825
  2   2.262337 0.113614 0.064702 -0.000065 -0.000395 0.039382
  3   2.380047 0.353302 0.047440 0.000015 0.001134 0.082336
  4   2.033756 0.190472 -0.000128 -0.002112 -0.020733 -0.078899
  5   2.451511 0.204909 -0.003447 -0.009483 -0.000632 -0.079039
  6   7.247600 -0.397300 -0.109469 0.000001 0.000033 0.156829
  7   -2.022252 -0.104661 3.136172 0.506136 -1.342519 -3.724080
  8   1.168026 -0.537438 -0.063437 -1.102048 1.273974 -1.358011
  9   6.790376 -0.619176 0.015206 -0.010477 -0.035190 -0.050489
 10   8.637599 0.544015 -0.090417 -1.569848 0.133541 0.534793
 11   6.790465 -0.619039 0.017802 -0.010473 -0.035216 -0.050494
 12   -2.022474 -0.104699 -2.873818 -0.506864 1.342818 -3.724879
 13   1.167898 -0.537463 0.063297 -0.156971 -1.247966 -1.331977
 14   7.002743 -0.617765 -0.183752 0.048622 0.002181 -0.062045
 15   8.209042 0.615527 -0.255885 1.604604 0.162227 0.394855
 16   7.002735 -0.617911 -0.183641 0.048662 0.002180 -0.062027
 17   1.574674 0.609930 -0.000899 0.000000 0.175829 -0.178936
 18   -0.602177 0.511412 -0.000006 0.000000 0.000000 0.000000
 19   3.673773 0.177020 1.119313 -0.000002 -0.000014 -0.174510
 20   3.673767 0.176993 -1.117566 0.000007 -0.000003 -0.174546
 21   3.942357 1.334540 1.627658 0.000002 -0.000011 -0.000026
 22   -0.246060 -0.011889 0.516521 -0.000011 0.000031 0.000025
 23   3.942374 1.334565 -1.631083 0.000019 0.000002 -0.000024
 24   -0.246150 -0.011872 -0.516511 -0.000005 -0.000006 0.000048
 25   4.941364 1.997338 1.629330 0.000018 -0.000001 -0.000024
 26   4.941382 1.997366 -1.629410 -0.000001 0.000005 -0.000024
 27   2.914462 1.619264 1.514501 -0.000019 -0.000022 -0.000050
 28   2.920798 1.618870 -1.501142 -0.000002 -0.000009 -0.000024
 29   8.824059 0.150544 0.091743 -0.004272 0.058758 -0.186283
 30   2.126710 -0.557273 1.717912 -0.010978 0.116056 -0.028388
 31   2.109571 -0.576914 -1.923914 -0.006159 0.073560 -0.017542
 32   -0.814395 -0.093824 3.127092 2.033895 -0.595762 1.245569
 33   14.298673 -0.408176 0.471578 0.016331 0.010002 -2.724496
 34   15.835795 0.581398 0.242756 0.181646 -0.319932 -0.465199
 35   -0.815868 -0.091229 -3.114430 -2.166992 0.671142 1.180672
 36   14.294526 -0.410349 -0.467541 -0.017177 -0.008377 -2.629941
 37   15.834409 0.579420 -0.284600 -0.247071 0.131729 -0.299508
 38   1.729547 -3.391247 -2.765217 0.017597 -0.196268 0.035925
 39   -4.457742 -1.054854 -0.746180 -0.007682 -0.025419 0.076006
 40   0.528239 -3.512271 3.178694 0.018586 -0.196267 0.035924
 41   -4.433840 -1.059130 0.959566 -0.003093 -0.012524 0.052643
 42   -0.196516 1.642613 -3.048000 -0.058413 -0.138219 0.021539
 43   -0.605472 1.628263 2.521710 -0.042442 -0.116523 0.037264
time 17
  0   -0.401123 2.578204 -27.160614 0.000000 0.058410 -1.414606
  1   -1.093036 0.000002 -0.326057 0.130753 -1.537596 -1.404825
  2   2.262337 0.113614 0.064702 -0.000065 -0.000227 0.039653
  3   2.380047 0.353302 0.047440 0.000030 0.001290 0.082642
  4   2.033756 0.190472 -0.000128 -0.002112 -0.020877 -0.079189
  5   2.451511 0.204909 -0.003447 -0.009483 -0.000814 -0.079361
  6   7.247600 -0.397300 -0.109469 0.000001 0.000033 0.156829
  7   -2.022252 -0.104661 3.136172 0.506136 -1.342519 -3.724080
  8   1.168026 -0.537438 -0.063437 -1.102048 1.273974 -1.358011
  9   6.790376 -0.619176 0.015206 -0.010477 -0.035190 -0.050489
 10   8.637599 0.544015 -0.090417 -1.569848 0.133541 0.534793
 11   6.790465 -0.619039 0.017802 -0.010473 -0.035216 -0.050494
 12   -2.022474 -0.104699 -2.873818 -0.506864 1.342818 -3.724879
 13   1.167898 -0.537463 0.063297 -0.156971 -1.247966 -1.331977
 14   7.002743 -0.617765 -0.183752 0.048622 0.002181 -0.062045
 15   8.209042 0.615527 -0.255885 1.604604 0.162227 0.394855
 16   7.002735 -0.617911 -0.183641 0.048662 0.002180 -0.062027
 17   1.574674 0.609930 -0.000899 0.000000 0.175758 -0.178936
 18   -0.602177 0.511412 -0.000006 0.000000 0.000000 0.000000
 19   3.673773 0.177020 1.119313 -0.000002 -0.000014 -0.174510
 20   3.673767 0.176993 -1.117566 0.000007 -0.000003 -0.174546
 21   3.942357 1.334540 1.627658 0.000002 -0.000011 -0.000026
 22   -0.246060 -0.011889 0.516521 -0.000011 0.000031 0.000025
 23   3.942374 1.334565 -1.631083 0.000019 0.000002 -0.000024
 24   -0.246150 -0.011872 -0.516511 -0.000005 -0.000006 0.000048
 25   4.941364 1.997338 1.629330 0.000018 -0.000001 -0.000024
 26   4.941382 1.997366 -1.629410 -0.000001 0.000005 -0.000024
 27   2.914462 1.619264 1.514501 -0.000019 -0.000022 -0.000050
 28   2.920798 1.618870 -1.501142 -0.000002 -0.000009 -0.000024
 29   8.824059 0.150544 0.091743 -0.004718 0.064075 -0.187356
 30   2.126710 -0.557273 1.714005 -0.011968 0.126547 -0.030961
 31   2.109571 -0.576914 -1.927820 -0.006726 0.080191 -0.019107
 32   -0.814395 -0.093824 3.127092 2.033895 -0.595762 1.245569
 33   14.298673 -0.408176 0.471578 0.016331 0.010002 -2.724496
 34   15.835795 0.581398 0.242756 0.181646 -0.319932 -0.465199
 35   -0.815868 -0.091229 -3.114430 -2.166992 0.671142 1.180672
 36   14.294526 -0.410349 -0.467541 -0.017177 -0.008377 -2.629941
 37   15.834409 0.579420 -0.284600 -0.247071 0.131729 -0.299508
 38   1.729547 -3.391247 -2.765217 0.016313 -0.196280 0.039957
 39   -4.457742 -1.054854 -0.746180 -0.008377 -0.027984 0.082850
 40   0.528239 -3.512271 3.178694 0.017344 -0.196279 0.039956
 41   -4.433840 -1.059130 0.959566 -0.003417 -0.013650 0.057383
 42   -0.196516 1.646519 -3.036281 -0.055357 -0.133634 0.020953
 43   -0.605472 1.620451 2.513897 -0.043092 -0.117637 0.041028
time 18
  0   -0.401123 2.578204 -27.160614 0.000000 0.058410 -1.414606
  1   -1.093036 0.000002 -0.326057 0.130753 -1.537596 -1.404825
  2   2.262337 0.113614 0.064702 -0.000065 -0.000059 0.039978
  3   2.380047 0.353302 0.047440 0.000045 0.001446 0.082948
  4   2.033756 0.190472 -0.000128 -0.002112 -0.021069 -0.079479
  5   2.451511 0.204909 -0.003447 -0.009483 -0.000971 -0.079658
  6   7.247600 -0.397300 -0.109469 0.000001 0.000033 0.156829
  7   -2.022252 -0.104661 3.136172 0.506136 -1.342519 -3.724080
  8   1.168026 -0.537438 -0.063437 -1.102048 1.273974 -1.358011
  9   6.790376 -0.619176 0.015206 -0.010477 -0.035190 -0.050489
 10   8.637599 0.544015 -0.090417 -1.569848 0.133541 0.534793
 11   6.790465 -0.619039 0.017802 -0.010473 -0.035216 -0.050494
 12   -2.022474 -0.104699 -2.873818 -0.506864 1.342818 -3.724879
 13   1.167898 -0.537463 0.063297 -0.156971 -1.247966 -1.331977
 14   7.002743 -0.617765 -0.183752 0.048622 0.002181 -0.062045
 15   8.209042 0.615527 -0.255885 1.604604 0.162227 0.394855
 16   7.002735 -0.617911 -0.183641 0.048662 0.002180 -0.062027
 17   1.574674 0.609930 -0.000899 -0.000041 0.175687 -0.178936
 18   -0.602177 0.511412 -0.000006 0.000000 0.000000 0.000000
 19   3.673773 0.177020 1.119313 -0.000002 -0.000014 -0.174510
 20   3.673767 0.176993 -1.117566 0.000007 -0.000003 -0.174546
 21   3.942357 1.334540 1.627658 0.000002 -0.000011 -0.000026
 22   -0.246060 -0.011889 0.516521 -0.000011 0.000031 0.000025
 23   3.942374 1.334565 -1.631083 0.000019 0.000002 -0.000024
 24   -0.246150 -0.011872 -0.516511 -0.000005 -0.000006 0.000048
 25   4.941364 1.997338 1.629330 0.000018 -0.000001 -0.000024
 26   4.941382 1.997366 -1.629410 -0.000001 0.000005 -0.000024
 27   2.914462 1.619264 1.514501 -0.000019 -0.000022 -0.000050
 28   2.916892 1.618870 -1.501142 -0.000002 -0.000009 -0.000024
 29   8.824059 0.150544 0.091743 -0.005074 0.069298 -0.188429
 30   2.130617 -0.557273 1.706193 -0.012944 0.136864 -0.033470
 31   2.109571 -0.580821 -1.935633 -0.007263 0.086692 -0.020654
 32   -0.814395 -0.093824 3.127092 2.033895 -0.595762 1.245569
 33   14.298673 -0.408176 0.471578 0.016331 0.010002 -2.724496
 34   15.835795 0.581398 0.242756 0.181646 -0.319932 -0.465199
 35   -0.815868 -0.091229 -3.114430 -2.166992 0.671142 1.180672
 36   14.294526 -0.410349 -0.467541 -0.017177 -0.008377 -2.629941
 37   15.834409 0.579420 -0.284600 -0.247071 0.131729 -0.299508
 38   1.729547 -3.391247 -2.765217 0.015008 -0.196292 0.043867
 39   -4.457742 -1.054854 -0.746180 -0.009048 -0.030585 0.089553
 40   0.528239 -3.508365 3.178694 0.016103 -0.196291 0.043866
 41   -4.433840 -1.059130 0.959566 -0.003740 -0.014753 0.062039
 42   -0.196516 1.646519 -3.024562 -0.052229 -0.128927 0.020326
 43   -0.601566 1.612638 2.506084 -0.043767 -0.118798 0.044917
time 19
  0   -0.401123 2.578204 -27.160614 0.000000 0.058410 -1.414606
  1   -1.093036 0.000002 -0.326057 0.130753 -1.537596 -1.404825
  2   2.262337 0.113614 0.064702 -0.000065 0.000097 0.040358
  3   2.380047 0.353302 0.047440 0.000045 0.001638 0.083295
  4   2.033756 0.190472 -0.000128 -0.002112 -0.021225 -0.079913
  5   2.451511 0.204909 -0.003447 -0.009466 -0.001141 -0.080054
  6   7.247600 -0.397300 -0.109469 0.000001 0.000033 0.156829
  7   -2.022252 -0.104661 3.136172 0.506136 -1.342519 -3.724080
  8   1.168026 -0.537438 -0.063437 -1.102048 1.273974 -1.358011
  9   6.790376 -0.619176 0.015206 -0.010477 -0.035190 -0.050489
 10   8.637599 0.544015 -0.090417 -1.569848 0.133541 0.534793
 11   6.790465 -0.619039 0.017802 -0.010473 -0.035216 -0.050494
 12   -2.022474 -0.104699 -2.873818 -0.506864 1.342818 -3.724879
 13   1.167898 -0.537463 0.063297 -0.156971 -1.247966 -1.331977
 14   7.002743 -0.617765 -0.183752 0.048622 0.002181 -0.062045
 15   8.209042 0.615527 -0.255885 1.604604 0.162227 0.394855
 16   7.002735 -0.617911 -0.183641 0.048662 0.002180 -0.062027
 17   1.574674 0.609930 -0.000899 -0.000041 0.175616 -0.178936
 18   -0.602177 0.511412 -0.000006 0.000000 0.000000 0.000000
 19   3.673773 0.177020 1.119313 -0.000002 -0.000014 -0.174510
 20   3.673767 0.176993 -1.117566 0.000007 -0.000003 -0.174546
 21   3.942357 1.334540 1.627658 0.000002 -0.000011 -0.000026
 22   -0.246060 -0.011889 0.516521 -0.000011 0.000031 0.000025
 23   3.942374 1.334565 -1.631083 0.000019 0.000002 -0.000024
 24   -0.246150 -0.011872 -0.516511 -0.000005 -0.000006 0.000048
 25   4.941364 1.997338 1.629330 0.000018 -0.000001 -0.000024
 26   4.941382 1.997366 -1.629410 -0.000001 0.000005 -0.000024
 27   2.914462 1.619264 1.514501 -0.000019 -0.000022 -0.000050
 28   2.916892 1.618870 -1.501142 -0.000002 -0.000009 -0.000024
 29   8.824059 0.150544 0.091743 -0.005431 0.074354 -0.189448
 30   2.130617 -0.553366 1.702286 -0.013894 0.146890 -0.035915
 31   2.105664 -0.580821 -1.943445 -0.007799 0.093012 -0.022164
 32   -0.814395 -0.093824 3.127092 2.033895 -0.595762 1.245569
 33   14.298673 -0.408176 0.471578 0.016331 0.010002 -2.724496
 34   15.835795 0.581398 0.242756 0.181646 -0.319932 -0.465199
 35   -0.815868 -0.091229 -3.114430 -2.166992 0.671142 1.180672
 36   14.294526 -0.410349 -0.467541 -0.017177 -0.008377 -2.629941
 37   15.834409 0.579420 -0.284600 -0.247071 0.131729 -0.299508
 38   1.725640 -3.395154 -2.765217 0.013724 -0.196304 0.047716
 39   -4.457742 -1.054854 -0.746180 -0.009708 -0.033197 0.096088
 40   0.532146 -3.508365 3.178694 0.014819 -0.196303 0.047715
 41   -4.433840 -1.059130 0.959566 -0.004076 -0.015832 0.066583
 42   -0.196516 1.646519 -3.012843 -0.049041 -0.124144 0.019698
 43   -0.597660 1.604825 2.498272 -0.044441 -0.119975 0.048849
time 20
  0   -0.401123 2.578204 -27.160614 0.000000 0.058410 -1.414606
  1   -1.093036 0.000002 -0.326057 0.130753 -1.537596 -1.404825
  2   2.262337 0.113614 0.064702 -0.000065 0.000252 0.040683
  3   2.380047 0.353302 0.047440 0.000060 0.001806 0.083642
  4   2.033756 0.190472 -0.000128 -0.002112 -0.021380 -0.080240
  5   2.451511 0.204909 -0.003447 -0.009466 -0.001284 -0.080401
  6   7.247600 -0.397300 -0.109469 0.000001 0.000033 0.156829
  7   -2.022252 -0.104661 3.136172 0.506136 -1.342519 -3.724080
  8   1.168026 -0.537438 -0.063437 -1.102048 1.273974 -1.358011
  9   6.790376 -0.619176 0.015206 -0.010477 -0.035190 -0.050489
 10   8.637599 0.544015 -0.090417 -1.569848 0.133541 0.534793
 11   6.790465 -0.619039 0.017802 -0.010473 -0.035216 -0.050494
 12   -2.022474 -0.104699 -2.873818 -0.506864 1.342818 -3.724879
 13   1.167898 -0.537463 0.063297 -0.156971 -1.247966 -1.331977
 14   7.002743 -0.617765 -0.183752 0.048622 0.002181 -0.062045
 15   8.209042 0.615527 -0.255885 1.604604 0.162227 0.394855
 16   7.002735 -0.617911 -0.183641 0.048662 0.002180 -0.062027
 17   1.574674 0.609930 -0.000899 -0.000041 0.175545 -0.178936
 18   -0.602177 0.511412 -0.000006 0.000000 0.000000 0.000000
 19   3.673773 0.177020 1.119313 -0.000002 -0.000014 -0.174510
 20   3.673767 0.176993 -1.117566 0.000007 -0.000003 -0.174546
 21   3.942357 1.334540 1.627658 0.000002 -0.000011 -0.000026
 22   -0.246060 -0.011889 0.516521 -0.000011 0.000031 0.000025
 23   3.942374 1.334565 -1.631083 0.000019 0.000002 -0.000024
 24   -0.246150 -0.011872 -0.516511 -0.000005 -0.000006 0.000048
 25   4.941364 1.997338 1.629330 0.000018 -0.000001 -0.000024
 26   4.941382 1.997366 -1.629410 -0.000001 0.000005 -0.000024
 27   2.914462 1.619264 1.514501 -0.000019 -0.000022 -0.000050
 28   2.916892 1.618870 -1.501142 -0.000002 -0.000009 -0.000024
 29   8.824059 0.150544 0.091743 -0.005787 0.079244 -0.190414
 30   2.130617 -0.553366 1.694474 -0.014789 0.156567 -0.038252
 31   2.105664 -0.580821 -1.947352 -0.008304 0.099099 -0.023620
 32   -0.814395 -0.093824 3.127092 2.033895 -0.595762 1.245569
 33   14.298673 -0.408176 0.471578 0.016331 0.010002 -2.724496
 34   15.835795 0.581398 0.242756 0.181646 -0.319932 -0.465199
 35   -0.815868 -0.091229 -3.114430 -2.166992 0.671142 1.180672
 36   14.294526 -0.410349 -0.467541 -0.017177 -0.008377 -2.629941
 37   15.834409 0.579420 -0.284600 -0.247071 0.131729 -0.299508
 38   1.725640 -3.395154 -2.765217 0.012440 -0.196316 0.051381
 39   -4.457742 -1.054854 -0.746180 -0.010343 -0.035798 0.102370
 40   0.532146 -3.508365 3.178694 0.013556 -0.196315 0.051380
 41   -4.433840 -1.059130 0.959566 -0.004399 -0.016874 0.070930
 42   -0.200423 1.650426 -3.001123 -0.045817 -0.119299 0.019071
 43   -0.597660 1.597012 2.490459 -0.045141 -0.121167 0.052822
time 21
  0   -0.401123 2.578204 -27.160614 0.000000 0.058410 -1.414606
  1   -1.093036 0.000002 -0.326057 0.130753 -1.537596 -1.404825
  2   2.262337 0.113614 0.064702 -0.000065 0.000432 0.041081
  3   2.380047 0.353302 0.047440 0.000075 0.001961 0.083989
  4   2.033756 0.190472 -0.000128 -0.002112 -0.021560 -0.080566
  5   2.451511 0.204909 -0.003447 -0.009449 -0.001454 -0.080723
  6   7.247600 -0.397300 -0.109469 0.000001 0.000033 0.156829
  7   -2.022252 -0.104661 3.136172 0.506136 -1.342519 -3.724080
  8   1.168026 -0.537438 -0.063437 -1.102048 1.273974 -1.358011
  9   6.790376 -0.619176 0.015206 -0.010477 -0.035190 -0.050489
 10   8.637599 0.544015 -0.090417 -1.569848 0.133541 0.534793
 11   6.790465 -0.619039 0.017802 -0.010473 -0.035216 -0.050494
 12   -2.022474 -0.104699 -2.873818 -0.506864 1.342818 -3.724879
 13   1.167898 -0.537463 0.063297 -0.156971 -1.247966 -1.331977
 14   7.002743 -0.617765 -0.183752 0.048622 0.002181 -0.062045
 15   8.209042 0.615527 -0.255885 1.604604 0.162227 0.394855
 16   7.002735 -0.617911 -0.183641 0.048662 0.002180 -0.062027
 17   1.574674 0.609930 -0.000899 -0.000041 0.175403 -0.178936
 18   -0.602177 0.511412 -0.000006 0.000000 0.000000 0.000000
 19   3.677679 0.177020 1.119313 -0.000002 -0.000014 -0.174510
 20   3.673767 0.176993 -1.117566 0.000007 -0.000003 -0.174546
 21   3.942357 1.334540 1.627658 0.000002 -0.000011 -0.000026
 22   -0.246060 -0.011889 0.516521 -0.000011 0.000031 0.000025
 23   3.942374 1.334565 -1.631083 0.000019 0.000002 -0.000024
 24   -0.246150 -0.011872 -0.516511 -0.000005 -0.000006 0.000048
 25   4.941364 1.997338 1.629330 0.000018 -0.000001 -0.000024
 26   4.941382 1.997366 -1.629410 -0.000001 0.000005 -0.000024
 27   2.914462 1.619264 1.514501 -0.000019 -0.000022 -0.000050
 28   2.920798 1.618870 -1.501142 -0.000002 -0.000009 -0.000024
 29   8.824059 0.150544 0.091743 -0.006144 0.083873 -0.191326
 30   2.134523 -0.553366 1.690567 -0.015656 0.165751 -0.040504
 31   2.105664 -0.584727 -1.955165 -0.008795 0.104875 -0.025003
 32   -0.814395 -0.093824 3.127092 2.033895 -0.595762 1.245569
 33   14.298673 -0.408176 0.471578 0.016331 0.010002 -2.724496
 34   15.835795 0.581398 0.242756 0.181646 -0.319932 -0.465199
 35   -0.815868 -0.091229 -3.114430 -2.166992 0.671142 1.180672
 36   14.294526 -0.410349 -0.467541 -0.017177 -0.008377 -2.629941
 37   15.834409 0.579420 -0.284600 -0.247071 0.131729 -0.299508
 38   1.725640 -3.399060 -2.765217 0.011177 -0.196328 0.054864
 39   -4.457742 -1.054854 -0.746180 -0.010954 -0.038387 0.108372
 40   0.532146 -3.504458 3.178694 0.012272 -0.196327 0.054863
 41   -4.433840 -1.059130 0.959566 -0.004735 -0.017857 0.075081
 42   -0.200423 1.650426 -2.989404 -0.042545 -0.114392 0.018402
 43   -0.593753 1.593106 2.482646 -0.045828 -0.122360 0.056837
time 22
  0   -0.401123 2.578204 -27.160614 0.000000 0.058410 -1.414606
  1   -1.093036 0.000002 -0.326057 0.130753 -1.537596 -1.404825
  2   2.262337 0.113614 0.064702 -0.000065 0.000636 0.041424
  3   2.380047 0.353302 0.047440 0.000090 0.002153 0.084397
  4   2.033756 0.190472 -0.000128 -0.002112 -0.021764 -0.080965
  5   2.451511 0.204909 -0.003447 -0.009449 -0.001663 -0.081144
  6   7.247600 -0.397300 -0.109469 0.000001 0.000033 0.156829
  7   -2.022252 -0.104661 3.136172 0.506136 -1.342519 -3.724080
  8   1.168026 -0.537438 -0.063437 -1.102048 1.273974 -1.358011
  9   6.790376 -0.619176 0.015206 -0.010477 -0.035190 -0.050489
 10   8.637599 0.544015 -0.090417 -1.569848 0.133541 0.534793
 11   6.790465 -0.619039 0.017802 -0.010473 -0.035216 -0.050494
 12   -2.022474 -0.104699 -2.873818 -0.506864 1.342818 -3.724879
 13   1.167898 -0.537463 0.063297 -0.156971 -1.247966 -1.331977
 14   7.002743 -0.617765 -0.183752 0.048622 0.002181 -0.062045
 15   8.209042 0.615527 -0.255885 1.604604 0.162227 0.394855
 16   7.002735 -0.617911 -0.183641 0.048662 0.002180 -0.062027
 17   1.574674 0.609930 -0.000899 -0.000041 0.175261 -0.178936
 18   -0.602177 0.511412 -0.000006 0.000000 0.000000 0.000000
 19   3.673773 0.177020 1.119313 -0.000002 -0.000014 -0.174510
 20   3.673767 0.176993 -1.117566 0.000007 -0.000003 -0.174546
 21   3.942357 1.334540 1.627658 0.000002 -0.000011 -0.000026
 22   -0.246060 -0.011889 0.516521 -0.000011 0.000031 0.000025
 23   3.942374 1.334565 -1.631083 0.000019 0.000002 -0.000024
 24   -0.246150 -0.011872 -0.516511 -0.000005 -0.000006 0.000048
 25   4.941364 1.997338 1.629330 0.000018 -0.000001 -0.000024
 26   4.941382 1.997366 -1.629410 -0.000001 0.000005 -0.000024
 27   2.914462 1.619264 1.514501 -0.000019 -0.000022 -0.000050
 28   2.920798 1.618870 -1.501142 -0.000002 -0.000009 -0.000024
 29   8.824059 0.150544 0.091743 -0.006500 0.088241 -0.192184
 30   2.134523 -0.553366 1.686661 -0.016470 0.174353 -0.042605
 31   2.105664 -0.584727 -1.959071 -0.009254 0.110314 -0.026294
 32   -0.814395 -0.093824 3.127092 2.033895 -0.595762 1.245569
 33   14.298673 -0.408176 0.471578 0.016331 0.010002 -2.724496
 34   15.835795 0.581398 0.242756 0.181646 -0.319932 -0.465199
 35   -0.815868 -0.091229 -3.114430 -2.166992 0.671142 1.180672
 36   14.294526 -0.410349 -0.467541 -0.017177 -0.008377 -2.629941
 37   15.834409 0.579420 -0.284600 -0.247071 0.131729 -0.299508
 38   1.725640 -3.399060 -2.765217 0.009914 -0.196340 0.058163
 39   -4.457742 -1.054854 -0.746180 -0.011517 -0.040951 0.113981
 40   0.532146 -3.504458 3.178694 0.011009 -0.196339 0.058162
 41   -4.433840 -1.059130 0.959566 -0.005070 -0.018780 0.078951
 42   -0.200423 1.654332 -2.973779 -0.039262 -0.109471 0.017775
 43   -0.589847 1.585293 2.474833 -0.046540 -0.123568 0.060893
time 23
  0   -0.401123 2.578204 -27.160614 0.000000 0.058410 -1.414606
  1   -1.093036 0.000002 -0.326057 0.130753 -1.537596 -1.404825
  2   2.262337 0.113614 0.064702 -0.000065 0.000828 0.041858
  3   2.380047 0.353302 0.047440 0.000105 0.002357 0.084744
  4   2.033756 0.190472 -0.000128 -0.002112 -0.021956 -0.081400
  5   2.451511 0.204909 -0.003447 -0.009363 -0.001859 -0.081540
  6   7.247600 -0.397300 -0.109469 0.000001 0.000033 0.156829
  7   -2.022252 -0.104661 3.136172 0.506136 -1.342519 -3.724080
  8   1.168026 -0.537438 -0.063437 -1.102048 1.273974 -1.358011
  9   6.790376 -0.619176 0.015206 -0.010477 -0.035190 -0.050489
 10   8.637599 0.544015 -0.090417 -1.569848 0.133541 0.534793
 11   6.790465 -0.619039 0.017802 -0.010473 -0.035216 -0.050494
 12   -2.022474 -0.104699 -2.873818 -0.506864 1.342818 -3.724879
 13   1.167898 -0.537463 0.063297 -0.156971 -1.247966 -1.331977
 14   7.002743 -0.617765 -0.183752 0.048622 0.002181 -0.062045
 15   8.209042 0.615527 -0.255885 1.604604 0.162227 0.394855
 16   7.002735 -0.617911 -0.183641 0.048662 0.002180 -0.062027
 17   1.574674 0.609930 -0.000899 -0.000122 0.175119 -0.178973
 18   -0.602177 0.511412 -0.000006 0.000000 0.000000 0.000000
 19   3.673773 0.177020 1.119313 -0.000002 -0.000014 -0.174510
 20   3.673767 0.176993 -1.117566 0.000007 -0.000003 -0.174546
 21   3.942357 1.334540 1.627658 0.000002 -0.000011 -0.000026
 22   -0.246060 -0.011889 0.516521 -0.000011 0.000031 0.000025
 23   3.942374 1.334565 -1.631083 0.000019 0.000002 -0.000024
 24   -0.246150 -0.011872 -0.516511 -0.000005 -0.000006 0.000048
 25   4.941364 1.997338 1.629330 0.000018 -0.000001 -0.000024
 26   4.941382 1.997366 -1.629410 -0.000001 0.000005 -0.000024
 27   2.914462 1.619264 1.514501 -0.000019 -0.000022 -0.000050
 28   2.916892 1.618870 -1.501142 -0.000002 -0.000009 -0.000024
 29   8.824059 0.150544 0.091743 -0.006767 0.092252 -0.192989
 30   2.134523 -0.553366 1.678848 -0.017216 0.182316 -0.044535
 31   2.105664 -0.584727 -1.962977 -0.009668 0.115313 -0.027495
 32   -0.814395 -0.093824 3.127092 2.033895 -0.595762 1.245569
 33   14.298673 -0.408176 0.471578 0.016331 0.010002 -2.724496
 34   15.835795 0.581398 0.242756 0.181646 -0.319932 -0.465199
 35   -0.815868 -0.091229 -3.114430 -2.166992 0.671142 1.180672
 36   14.294526 -0.410349 -0.467541 -0.017177 -0.008377 -2.629941
 37   15.834409 0.579420 -0.284600 -0.247071 0.131729 -0.299508
 38   1.725640 -3.402966 -2.765217 0.008714 -0.196340 0.061218
 39   -4.457742 -1.054854 -0.746180 -0.012045 -0.043468 0.119142
 40   0.532146 -3.500552 3.178694 0.009746 -0.196339 0.061217
 41   -4.433840 -1.059130 0.959566 -0.005394 -0.019631 0.082541
 42   -0.200423 1.654332 -2.962060 -0.035978 -0.104534 0.017105
 43   -0.585941 1.577481 2.467021 -0.047240 -0.124792 0.064950
time 24
  0   -0.401123 2.578204 -27.160614 0.000000 0.058410 -1.414606
  1   -1.093036 0.000002 -0.326057 0.130753 -1.537596 -1.404825
  2   2.262337 0.113614 0.064702 -0.000065 0.000995 0.042219
  3   2.380047 0.353302 0.047440 0.000120 0.002561 0.085193
  4   2.033756 0.190472 -0.000128 -0.002112 -0.022123 -0.081726
  5   2.451511 0.204909 -0.003447 -0.009363 -0.002029 -0.081887
  6   7.247600 -0.397300 -0.109469 0.000001 0.000033 0.156829
  7   -2.022252 -0.104661 3.136172 0.506136 -1.342519 -3.724080
  8   1.168026 -0.537438 -0.063437 -1.102048 1.273974 -1.358011
  9   6.790376 -0.619176 0.015206 -0.010477 -0.035190 -0.050489
 10   8.637599 0.544015 -0.090417 -1.569848 0.133541 0.534793
 11   6.790465 -0.619039 0.017802 -0.010473 -0.035216 -0.050494
 12   -2.022474 -0.104699 -2.873818 -0.506864 1.342818 -3.724879
 13   1.167898 -0.537463 0.063297 -0.156971 -1.247966 -1.331977
 14   7.002743 -0.617765 -0.183752 0.048622 0.002181 -0.062045
 15   8.209042 0.615527 -0.255885 1.604604 0.162227 0.394855
 16   7.002735 -0.617911 -0.183641 0.048662 0.002180 -0.062027
 17   1.574674 0.609930 -0.000899 -0.000122 0.174906 -0.178973
 18   -0.602177 0.511412 -0.000006 0.000000 0.000000 0.000000
 19   3.677679 0.177020 1.119313 -0.000002 -0.000014 -0.174510
 20   3.677673 0.176993 -1.117566 0.000007 -0.000003 -0.174546
 21   3.942357 1.334540 1.627658 0.000002 -0.000011 -0.000026
 22   -0.246060 -0.011889 0.516521 -0.000011 0.000031 0.000025
 23   3.942374 1.334565 -1.631083 0.000019 0.000002 -0.000024
 24   -0.246150 -0.011872 -0.516511 -0.000005 -0.000006 0.000048
 25   4.941364 1.997338 1.629330 0.000018 -0.000001 -0.000024
 26   4.941382 1.997366 -1.629410 -0.000001 0.000005 -0.000024
 27   2.914462 1.619264 1.514501 -0.000019 -0.000022 -0.000050
 28   2.920798 1.618870 -1.501142 -0.000002 -0.000009 -0.000024
 29   8.824059 0.150544 0.091743 -0.007035 0.095908 -0.193740
 30   2.138430 -0.553366 1.674942 -0.017894 0.189523 -0.046293
 31   2.101758 -0.588634 -1.966884 -0.010051 0.119872 -0.028569
 32   -0.814395 -0.093824 3.127092 2.033895 -0.595762 1.245569
 33   14.298673 -0.408176 0.471578 0.016331 0.010002 -2.724496
 34   15.835795 0.581398 0.242756 0.181646 -0.319932 -0.465199
 35   -0.815868 -0.091229 -3.114430 -2.166992 0.671142 1.180672
 36   14.294526 -0.410349 -0.467541 -0.017177 -0.008377 -2.629941
 37   15.834409 0.579420 -0.284600 -0.247071 0.131729 -0.299508
 38   1.725640 -3.402966 -2.765217 0.007536 -0.196352 0.063967
 39   -4.457742 -1.054854 -0.746180 -0.012512 -0.045925 0.123854
 40   0.532146 -3.500552 3.178694 0.008504 -0.196351 0.063966
 41   -4.433840 -1.059130 0.959566 -0.005730 -0.020410 0.085795
 42   -0.200423 1.654332 -2.950341 -0.032694 -0.099597 0.016478
 43   -0.582034 1.569668 2.459208 -0.047940 -0.126000 0.069007
time 25
  0   -0.401123 2.578204 -27.160614 0.000000 0.058410 -1.414606
  1   -1.093036 0.000002 -0.326057 0.130753 -1.537596 -1.404825
  2   2.262337 0.113614 0.064702 -0.000065 0.001199 0.042653
  3   2.380047 0.353302 0.047440 0.000135 0.002728 0.085601
  4   2.033756 0.190472 -0.000128 -0.002112 -0.022327 -0.082125
  5   2.451511 0.204909 -0.003447 -0.009363 -0.002224 -0.082308
  6   7.247600 -0.397300 -0.109469 0.000001 0.000033 0.156829
  7   -2.022252 -0.104661 3.136172 0.506136 -1.342519 -3.724080
  8   1.168026 -0.537438 -0.063437 -1.102048 1.273974 -1.358011
  9   6.790376 -0.619176 0.015206 -0.010477 -0.035190 -0.050489
 10   8.637599 0.544015 -0.090417 -1.569848 0.133541 0.534793
 11   6.790465 -0.619039 0.017802 -0.010473 -0.035216 -0.050494
 12   -2.022474 -0.104699 -2.873818 -0.506864 1.342818 -3.724879
 13   1.167898 -0.537463 0.063297 -0.156971 -1.247966 -1.331977
 14   7.002743 -0.617765 -0.183752 0.048622 0.002181 -0.062045
 15   8.209042 0.615527 -0.255885 1.604604 0.162227 0.394855
 16   7.002735 -0.617911 -0.183641 0.048662 0.002180 -0.062027
 17   1.574674 0.609930 -0.000899 -0.000122 0.174693 -0.178973
 18   -0.602177 0.511412 -0.000006 0.000000 0.000000 0.000000
 19   3.677679 0.177020 1.119313 -0.000002 -0.000014 -0.174510
 20   3.677673 0.176993 -1.117566 0.000007 -0.000003 -0.174546
 21   3.942357 1.334540 1.627658 0.000002 -0.000011 -0.000026
 22   -0.246060 -0.011889 0.516521 -0.000011 0.000031 0.000025
 23   3.942374 1.334565 -1.631083 0.000019 0.000002 -0.000024
 24   -0.246150 -0.011872 -0.516511 -0.000005 -0.000006 0.000048
 25   4.941364 1.997338 1.629330 0.000018 -0.000001 -0.000024
 26   4.941382 1.997366 -1.629410 -0.000001 0.000005 -0.000024
 27   2.914462 1.619264 1.514501 -0.000019 -0.000022 -0.000050
 28   2.920798 1.618870 -1.501142 -0.000002 -0.000009 -0.000024
 29   8.824059 0.150544 0.091743 -0.007302 0.099113 -0.194384
 30   2.138430 -0.553366 1.671035 -0.018491 0.195858 -0.047837
 31   2.101758 -0.588634 -1.970790 -0.010388 0.123861 -0.029533
 32   -0.814395 -0.093824 3.127092 2.033895 -0.595762 1.245569
 33   14.298673 -0.408176 0.471578 0.016331 0.010002 -2.724496
 34   15.835795 0.581398 0.242756 0.181646 -0.319932 -0.465199
 35   -0.815868 -0.091229 -3.114430 -2.166992 0.671142 1.180672
 36   14.294526 -0.410349 -0.467541 -0.017177 -0.008377 -2.629941
 37   15.834409 0.579420 -0.284600 -0.247071 0.131729 -0.299508
 38   1.725640 -3.402966 -2.765217 0.006420 -0.196352 0.066350
 39   -4.457742 -1.054854 -0.746180 -0.012931 -0.048298 0.127977
 40   0.532146 -3.500552 3.178694 0.007283 -0.196351 0.066349
 41   -4.433840 -1.059130 0.959566 -0.006041 -0.021093 0.088655
 42   -0.200423 1.658238 -2.938622 -0.029422 -0.094690 0.015851
 43   -0.582034 1.561855 2.451396 -0.048639 -0.127193 0.073022
time 26
  0   -0.401123 2.578204 -27.160614 0.000000 0.058410 -1.414606
  1   -1.093036 0.000002 -0.326057 0.130753 -1.537596 -1.404825
  2   2.262337 0.113614 0.064702 -0.000065 0.001427 0.043032
  3   2.380047 0.353302 0.047440 0.000150 0.002932 0.086009
  4   2.033756 0.190472 -0.000128 -0.002112 -0.022555 -0.082559
  5   2.451511 0.204909 -0.003447 -0.009363 -0.002446 -0.082729
  6   7.247600 -0.397300 -0.109469 0.000001 0.000033 0.156829
  7   -2.022252 -0.104661 3.136172 0.506136 -1.342519 -3.724080
  8   1.168026 -0.537438 -0.063437 -1.102048 1.273974 -1.358011
  9   6.790376 -0.619176 0.015206 -0.010477 -0.035190 -0.050489
 10   8.637599 0.544015 -0.090417 -1.569848 0.133541 0.534793
 11   6.790465 -0.619039 0.017802 -0.010473 -0.035216 -0.050494
 12   -2.022474 -0.104699 -2.873818 -0.506864 1.342818 -3.724879
 13   1.167898 -0.537463 0.063297 -0.156971 -1.247966 -1.331977
 14   7.002743 -0.617765 -0.183752 0.048622 0.002181 -0.062045
 15   8.209042 0.615527 -0.255885 1.604604 0.162227 0.394855
 16   7.002735 -0.617911 -0.183641 0.048662 0.002180 -0.062027
 17   1.574674 0.609930 -0.000899 -0.000203 0.174480 -0.179010
 18   -0.602177 0.511412 -0.000006 0.000000 0.000000 0.000000
 19   3.673773 0.177020 1.119313 -0.000002 -0.000014 -0.174510
 20   3.673767 0.176993 -1.117566 0.000007 -0.000003 -0.174546
 21   3.942357 1.334540 1.627658 0.000002 -0.000011 -0.000026
 22   -0.246060 -0.011889 0.516521 -0.000011 0.000031 0.000025
 23   3.942374 1.334565 -1.631083 0.000019 0.000002 -0.000024
 24   -0.246150 -0.011872 -0.516511 -0.000005 -0.000006 0.000048
 25   4.941364 1.997338 1.629330 0.000018 -0.000001 -0.000024
 26   4.941382 1.997366 -1.629410 -0.000001 0.000005 -0.000024
 27   2.914462 1.619264 1.514501 -0.000019 -0.000022 -0.000050
 28   2.920798 1.618870 -1.501142 -0.000002 -0.000009 -0.000024
 29   8.824059 0.150544 0.091743 -0.007480 0.101842 -0.194920
 30   2.138430 -0.553366 1.671035 -0.019006 0.201292 -0.049145
 31   2.101758 -0.588634 -1.974696 -0.010679 0.127280 -0.030334
 32   -0.814395 -0.093824 3.127092 2.033895 -0.595762 1.245569
 33   14.298673 -0.408176 0.471578 0.016331 0.010002 -2.724496
 34   15.835795 0.581398 0.242756 0.181646 -0.319932 -0.465199
 35   -0.815868 -0.091229 -3.114430 -2.166992 0.671142 1.180672
 36   14.294526 -0.410349 -0.467541 -0.017177 -0.008377 -2.629941
 37   15.834409 0.579420 -0.284600 -0.247071 0.131729 -0.299508
 38   1.725640 -3.402966 -2.765217 0.005346 -0.196364 0.068427
 39   -4.457742 -1.054854 -0.746180 -0.013291 -0.050587 0.131511
 40   0.532146 -3.500552 3.178694 0.006083 -0.196363 0.068426
 41   -4.433840 -1.059130 0.959566 -0.006353 -0.021668 0.091095
 42   -0.200423 1.658238 -2.926902 -0.026198 -0.089845 0.015182
 43   -0.578128 1.554042 2.443583 -0.049327 -0.128385 0.077037
time 27
  0   -0.401123 2.578204 -27.160614 0.000000 0.058410 -1.414606
  1   -1.093036 0.000002 -0.326057 0.130753 -1.537596 -1.404825
  2   2.262337 0.113614 0.064702 -0.000065 0.001631 0.043484
  3   2.380047 0.353302 0.047440 0.000165 0.003160 0.086417
  4   2.033756 0.190472 -0.000128 -0.002112 -0.022759 -0.083031
  5   2.451511 0.204909 -0.003447 -0.009363 -0.002642 -0.083150
  6   7.247600 -0.397300 -0.109469 0.000001 0.000033 0.156829
  7   -2.022252 -0.104661 3.136172 0.506136 -1.342519 -3.724080
  8   1.168026 -0.537438 -0.063437 -1.102048 1.273974 -1.358011
  9   6.790376 -0.619176 0.015206 -0.010477 -0.035190 -0.050489
 10   8.637599 0.544015 -0.090417 -1.569848 0.133541 0.534793
 11   6.790465 -0.619039 0.017802 -0.010473 -0.035216 -0.050494
 12   -2.022474 -0.104699 -2.873818 -0.506864 1.342818 -3.724879
 13   1.167898 -0.537463 0.063297 -0.156971 -1.247966 -1.331977
 14   7.002743 -0.617765 -0.183752 0.048622 0.002181 -0.062045
 15   8.209042 0.615527 -0.255885 1.604604 0.162227 0.394855
 16   7.002735 -0.617911 -0.183641 0.048662 0.002180 -0.062027
 17   1.574674 0.609930 -0.000899 -0.000203 0.174196 -0.179010
 18   -0.602177 0.511412 -0.000006 0.000000 0.000000 0.000000
 19   3.677679 0.177020 1.119313 -0.000002 -0.000014 -0.174510
 20   3.677673 0.176993 -1.117566 0.000007 -0.000003 -0.174546
 21   3.942357 1.334540 1.627658 0.000002 -0.000011 -0.000026
 22   -0.246060 -0.011889 0.516521 -0.000011 0.000031 0.000025
 23   3.942374 1.334565 -1.631083 0.000019 0.000002 -0.000024
 24   -0.246150 -0.011872 -0.516511 -0.000005 -0.000006 0.000048
 25   4.941364 1.997338 1.629330 0.000018 -0.000001 -0.000024
 26   4.941382 1.997366 -1.629410 -0.000001 0.000005 -0.000024
 27   2.914462 1.619264 1.514501 -0.000019 -0.000022 -0.000050
 28   2.920798 1.618870 -1.501142 -0.000002 -0.000009 -0.000024
 29   8.824059 0.150544 0.091743 -0.007659 0.104050 -0.195349
 30   2.138430 -0.553366 1.667129 -0.019413 0.205652 -0.050217
 31   2.101758 -0.588634 -1.978603 -0.010909 0.130025 -0.031007
 32   -0.814395 -0.093824 3.127092 2.033895 -0.595762 1.245569
 33   14.298673 -0.408176 0.471578 0.016331 0.010002 -2.724496
 34   15.835795 0.581398 0.242756 0.181646 -0.319932 -0.465199
 35   -0.815868 -0.091229 -3.114430 -2.166992 0.671142 1.180672
 36   14.294526 -0.410349 -0.467541 -0.017177 -0.008377 -2.629941
 37   15.834409 0.579420 -0.284600 -0.247071 0.131729 -0.299508
 38   1.725640 -3.406873 -2.765217 0.004336 -0.196364 0.070076
 39   -4.457742 -1.054854 -0.746180 -0.013579 -0.052768 0.134343
 40   0.532146 -3.496645 3.178694 0.004947 -0.196363 0.070075
 41   -4.433840 -1.059130 0.959566 -0.006652 -0.022136 0.093087
 42   -0.200423 1.662145 -2.911277 -0.023010 -0.085062 0.014554
 43   -0.574221 1.550136 2.435770 -0.050014 -0.129562 0.080968
time 28
  0   -0.401123 2.578204 -27.160614 0.000000 0.058410 -1.414606
  1   -1.093036 0.000002 -0.326057 0.130753 -1.537596 -1.404825
  2   2.262337 0.113614 0.064702 -0.000065 0.001810 0.043918
  3   2.380047 0.353302 0.047440 0.000180 0.003364 0.086866
  4   2.033756 0.190472 -0.000128 -0.002112 -0.022938 -0.083466
  5   2.451511 0.204909 -0.003447 -0.009363 -0.002825 -0.083571
  6   7.247600 -0.397300 -0.109469 0.000001 0.000033 0.156829
  7   -2.022252 -0.104661 3.136172 0.506136 -1.342519 -3.724080
  8   1.168026 -0.537438 -0.063437 -1.102048 1.273974 -1.358011
  9   6.790376 -0.619176 0.015206 -0.010477 -0.035190 -0.050489
 10   8.637599 0.544015 -0.090417 -1.569848 0.133541 0.534793
 11   6.790465 -0.619039 0.017802 -0.010473 -0.035216 -0.050494
 12   -2.022474 -0.104699 -2.873818 -0.506864 1.342818 -3.724879
 13   1.167898 -0.537463 0.063297 -0.156971 -1.247966 -1.331977
 14   7.002743 -0.617765 -0.183752 0.048622 0.002181 -0.062045
 15   8.209042 0.615527 -0.255885 1.604604 0.162227 0.394855
 16   7.002735 -0.617911 -0.183641 0.048662 0.002180 -0.062027
 17   1.574674 0.609930 -0.000899 -0.000284 0.173841 -0.179010
 18   -0.602177 0.511412 -0.000006 0.000000 0.000000 0.000000
 19   3.673773 0.177020 1.119313 -0.000002 -0.000014 -0.174510
 20   3.673767 0.176993 -1.117566 0.000007 -0.000003 -0.174546
 21   3.942357 1.334540 1.627658 0.000002 -0.000011 -0.000026
 22   -0.246060 -0.011889 0.516521 -0.000011 0.000031 0.000025
 23   3.942374 1.334565 -1.631083 0.000019 0.000002 -0.000024
 24   -0.246150 -0.011872 -0.516511 -0.000005 -0.000006 0.000048
 25   4.941364 1.997338 1.629330 0.000018 -0.000001 -0.000024
 26   4.941382 1.997366 -1.629410 -0.000001 0.000005 -0.000024
 27   2.914462 1.619264 1.514501 -0.000019 -0.000022 -0.000050
 28   2.916892 1.618870 -1.501142 -0.000002 -0.000009 -0.000024
 29   8.824059 0.150544 0.091743 -0.007748 0.105688 -0.195671
 30   2.138430 -0.553366 1.663223 -0.019725 0.208906 -0.051011
 31   2.101758 -0.588634 -1.978603 -0.011078 0.132071 -0.031480
 32   -0.814395 -0.093824 3.127092 2.033895 -0.595762 1.245569
 33   14.298673 -0.408176 0.471578 0.016331 0.010002 -2.724496
 34   15.835795 0.581398 0.242756 0.181646 -0.319932 -0.465199
 35   -0.815868 -0.091229 -3.114430 -2.166992 0.671142 1.180672
 36   14.294526 -0.410349 -0.467541 -0.017177 -0.008377 -2.629941
 37   15.834409 0.579420 -0.284600 -0.247071 0.131729 -0.299508
 38   1.725640 -3.406873 -2.765217 0.003410 -0.196376 0.071359
 39   -4.457742 -1.054854 -0.746180 -0.013794 -0.054841 0.136475
 40   0.532146 -3.496645 3.178694 0.003831 -0.196376 0.071358
 41   -4.433840 -1.059130 0.959566 -0.006952 -0.022483 0.094545
 42   -0.200423 1.662145 -2.899558 -0.019882 -0.080370 0.013969
 43   -0.574221 1.542323 2.427957 -0.050676 -0.130723 0.084816
time 29
  0   -0.401123 2.578204 -27.160614 0.000000 0.058410 -1.414606
  1   -1.093036 0.000002 -0.326057 0.130753 -1.537596 -1.404825
  2   2.262337 0.113614 0.064702 -0.000065 0.002014 0.044297
  3   2.380047 0.353302 0.047440 0.000195 0.003543 0.087274
  4   2.033756 0.190472 -0.000128 -0.002057 -0.023142 -0.083901
  5   2.451511 0.204909 -0.003447 -0.009363 -0.003047 -0.083992
  6   7.247600 -0.397300 -0.109469 0.000001 0.000033 0.156829
  7   -2.022252 -0.104661 3.136172 0.506136 -1.342519 -3.724080
  8   1.168026 -0.537438 -0.063437 -1.102048 1.273974 -1.358011
  9   6.790376 -0.619176 0.015206 -0.010477 -0.035190 -0.050489
 10   8.637599 0.544015 -0.090417 -1.569848 0.133541 0.534793
 11   6.790465 -0.619039 0.017802 -0.010473 -0.035216 -0.050494
 12   -2.022474 -0.104699 -2.873818 -0.506864 1.342818 -3.724879
 13   1.167898 -0.537463 0.063297 -0.156971 -1.247966 -1.331977
 14   7.002743 -0.617765 -0.183752 0.048622 0.002181 -0.062045
 15   8.209042 0.615527 -0.255885 1.604604 0.162227 0.394855
 16   7.002735 -0.617911 -0.183641 0.048662 0.002180 -0.062027
 17   1.574674 0.609930 -0.000899 -0.000325 0.173415 -0.179010
 18   -0.602177 0.511412 -0.000006 0.000000 0.000000 0.000000
 19   3.677679 0.177020 1.119313 -0.000002 -0.000014 -0.174510
 20   3.677673 0.176993 -1.117566 0.000007 -0.000003 -0.174546
 21   3.942357 1.334540 1.627658 0.000002 -0.000011 -0.000026
 22   -0.246060 -0.011889 0.516521 -0.000011 0.000031 0.000025
 23   3.942374 1.334565 -1.631083 0.000019 0.000002 -0.000024
 24   -0.246150 -0.011872 -0.516511 -0.000005 -0.000006 0.000048
 25   4.941364 1.997338 1.629330 0.000018 -0.000001 -0.000024
 26   4.941382 1.997366 -1.629410 -0.000001 0.000005 -0.000024
 27   2.914462 1.619264 1.514501 -0.000019 -0.000022 -0.000050
 28   2.920798 1.618870 -1.501142 -0.000002 -0.000009 -0.000024
 29   8.824059 0.150544 0.091743 -0.007837 0.106709 -0.195886
 30   2.138430 -0.553366 1.663223 -0.019914 0.210912 -0.051504
 31   2.101758 -0.592540 -1.982509 -0.011185 0.133341 -0.031789
 32   -0.814395 -0.093824 3.127092 2.033895 -0.595762 1.245569
 33   14.298673 -0.408176 0.471578 0.016331 0.010002 -2.724496
 34   15.835795 0.581398 0.242756 0.181646 -0.319932 -0.465199
 35   -0.815868 -0.091229 -3.114430 -2.166992 0.671142 1.180672
 36   14.294526 -0.410349 -0.467541 -0.017177 -0.008377 -2.629941
 37   15.834409 0.579420 -0.284600 -0.247071 0.131729 -0.299508
 38   1.725640 -3.406873 -2.765217 0.002547 -0.196376 0.072092
 39   -4.457742 -1.054854 -0.746180 -0.013926 -0.056771 0.137765
 40   0.532146 -3.496645 3.178694 0.002778 -0.196376 0.072092
 41   -4.433840 -1.059130 0.959566 -0.007228 -0.022699 0.095443
 42   -0.204329 1.662145 -2.887839 -0.016826 -0.075770 0.013341
 43   -0.570315 1.534510 2.420145 -0.051326 -0.131837 0.088580
time 30
  0   -0.401123 2.578204 -27.160614 0.000000 0.058410 -1.414606
  1   -1.093036 0.000002 -0.326057 0.130753 -1.537596 -1.404825
  2   2.262337 0.113614 0.064702 -0.000065 0.002254 0.044749
  3   2.380047 0.353302 0.047440 0.000210 0.003759 0.087723
  4   2.033756 0.190472 -0.000128 -0.002057 -0.023382 -0.084227
  5   2.451511 0.204909 -0.003447 -0.009363 -0.003269 -0.084413
  6   7.247600 -0.397300 -0.109469 0.000001 0.000033 0.156829
  7   -2.022252 -0.104661 3.136172 0.506136 -1.342519 -3.724080
  8   1.168026 -0.537438 -0.063437 -1.102048 1.273974 -1.358011
  9   6.790376 -0.619176 0.015206 -0.010477 -0.035190 -0.050489
 10   8.637599 0.544015 -0.090417 -1.569848 0.133541 0.534793
 11   6.790465 -0.619039 0.017802 -0.010473 -0.035216 -0.050494
 12   -2.022474 -0.104699 -2.873818 -0.506864 1.342818 -3.724879
 13   1.167898 -0.537463 0.063297 -0.156971 -1.247966 -1.331977
 14   7.002743 -0.617765 -0.183752 0.048622 0.002181 -0.062045
 15   8.209042 0.615527 -0.255885 1.604604 0.162227 0.394855
 16   7.002735 -0.617911 -0.183641 0.048662 0.002180 -0.062027
 17   1.574674 0.609930 -0.000899 -0.000406 0.172989 -0.179010
 18   -0.602177 0.511412 -0.000006 0.000000 0.000000 0.000000
 19   3.673773 0.177020 1.119313 -0.000002 -0.000014 -0.174510
 20   3.673767 0.176993 -1.117566 0.000007 -0.000003 -0.174546
 21   3.942357 1.334540 1.627658 0.000002 -0.000011 -0.000026
 22   -0.246060 -0.011889 0.516521 -0.000011 0.000031 0.000025
 23   3.942374 1.334565 -1.631083 0.000019 0.000002 -0.000024
 24   -0.246150 -0.011872 -0.516511 -0.000005 -0.000006 0.000048
 25   4.941364 1.997338 1.629330 0.000018 -0.000001 -0.000024
 26   4.941382 1.997366 -1.629410 -0.000001 0.000005 -0.000024
 27   2.914462 1.619264 1.514501 -0.000019 -0.000022 -0.000050
 28   2.920798 1.618870 -1.501142 -0.000002 -0.000009 -0.000024
 29   8.824059 0.150544 0.091743 -0.007837 0.107065 -0.195940
 30   2.138430 -0.553366 1.663223 -0.019969 0.211609 -0.051654
 31   2.101758 -0.592540 -1.982509 -0.011216 0.133781 -0.031899
 32   -0.814395 -0.093824 3.127092 2.033895 -0.595762 1.245569
 33   14.298673 -0.408176 0.471578 0.016331 0.010002 -2.724496
 34   15.835795 0.581398 0.242756 0.181646 -0.319932 -0.465199
 35   -0.815868 -0.091229 -3.114430 -2.166992 0.671142 1.180672
 36   14.294526 -0.410349 -0.467541 -0.017177 -0.008377 -2.629941
 37   15.834409 0.579420 -0.284600 -0.247071 0.131729 -0.299508
 38   1.725640 -3.406873 -2.765217 0.001789 -0.196376 0.072337
 39   -4.457742 -1.054854 -0.746180 -0.013974 -0.058557 0.138214
 40   0.532146 -3.496645 3.178694 0.001789 -0.196376 0.072336
 41   -4.433840 -1.059130 0.959566 -0.007491 -0.022783 0.095751
 42   -0.204329 1.666051 -2.880026 -0.013854 -0.071309 0.012756
 43   -0.566409 1.530604 2.412332 -0.051963 -0.132936 0.092260
time 31
  0   -0.401123 2.578204 -27.160614 0.000000 0.058410 -1.414606
  1   -1.093036 0.000002 -0.326057 0.130753 -1.537596 -1.404825
  2   2.262337 0.113614 0.064702 -0.000065 0.002458 0.045201
  3   2.380047 0.353302 0.047440 0.000225 0.003987 0.088131
  4   2.033756 0.190472 -0.000128 -0.002057 -0.023586 -0.084662
  5   2.451511 0.204909 -0.003447 -0.009346 -0.003478 -0.084834
  6   7.247600 -0.397300 -0.109469 0.000001 0.000033 0.156829
  7   -2.022252 -0.104661 3.136172 0.506136 -1.342519 -3.724080
  8   1.168026 -0.537438 -0.063437 -1.102048 1.273974 -1.358011
  9   6.790376 -0.619176 0.015206 -0.010477 -0.035190 -0.050489
 10   8.637599 0.544015 -0.090417 -1.569848 0.133541 0.534793
 11   6.790465 -0.619039 0.017802 -0.010473 -0.035216 -0.050494
 12   -2.022474 -0.104699 -2.873818 -0.506864 1.342818 -3.724879
 13   1.167898 -0.537463 0.063297 -0.156971 -1.247966 -1.331977
 14   7.002743 -0.617765 -0.183752 0.048622 0.002181 -0.062045
 15   8.209042 0.615527 -0.255885 1.604604 0.162227 0.394855
 16   7.002735 -0.617911 -0.183641 0.048662 0.002180 -0.062027
 17   1.574674 0.609930 -0.000899 -0.000487 0.172421 -0.179047
 18   -0.602177 0.511412 -0.000006 0.000000 0.000000 0.000000
 19   3.673773 0.177020 1.119313 -0.000002 -0.000014 -0.174510
 20   3.673767 0.176993 -1.117566 0.000007 -0.000003 -0.174546
 21   3.942357 1.334540 1.627658 0.000002 -0.000011 -0.000026
 22   -0.246060 -0.011889 0.516521 -0.000011 0.000031 0.000025
 23   3.942374 1.334565 -1.631083 0.000019 0.000002 -0.000024
 24   -0.246150 -0.011872 -0.516511 -0.000005 -0.000006 0.000048
 25   4.941364 1.997338 1.629330 0.000018 -0.000001 -0.000024
 26   4.941382 1.997366 -1.629410 -0.000001 0.000005 -0.000024
 27   2.914462 1.619264 1.514501 -0.000019 -0.000022 -0.000050
 28   2.916892 1.618870 -1.501142 -0.000002 -0.000009 -0.000024
 29   8.824059 0.150544 0.091743 -0.007837 0.106258 -0.195886
 30   2.138430 -0.553366 1.663223 -0.019833 0.210389 -0.051654
 31   2.101758 -0.592540 -1.982509 -0.011139 0.132693 -0.031717
 32   -0.814395 -0.093824 3.127092 2.033895 -0.595762 1.245569
 33   14.298673 -0.408176 0.471578 0.016331 0.010002 -2.724496
 34   15.835795 0.581398 0.242756 0.181646 -0.319932 -0.465199
 35   -0.815868 -0.091229 -3.114430 -2.166992 0.671142 1.180672
 36   14.294526 -0.410349 -0.467541 -0.017177 -0.008377 -2.629941
 37   15.834409 0.579420 -0.284600 -0.247071 0.131729 -0.299508
 38   1.725640 -3.406873 -2.765217 0.001074 -0.196256 0.072337
 39   -4.457742 -1.054854 -0.746180 -0.013974 -0.060199 0.137933
 40   0.532146 -3.496645 3.178694 0.000842 -0.196207 0.072336
 41   -4.433840 -1.059130 0.959566 -0.007743 -0.022591 0.095443
 42   -0.204329 1.666051 -2.868307 -0.010978 -0.067000 0.012212
 43   -0.562502 1.522791 2.404519 -0.052575 -0.134003 0.095815
time 32
  0   -0.401123 2.578204 -27.160614 0.000000 0.058410 -1.414606
  1   -1.093036 0.000002 -0.326057 0.130753 -1.537596 -1.404825
  2   2.262337 0.113614 0.064702 -0.000065 0.002649 0.045598
  3   2.380047 0.353302 0.047440 0.000240 0.004191 0.088580
  4   2.033756 0.190472 -0.000128 -0.002057 -0.023765 -0.085097
  5   2.451511 0.204909 -0.003447 -0.009346 -0.003661 -0.085255
  6   7.247600 -0.397300 -0.109469 0.000001 0.000033 0.156829
  7   -2.022252 -0.104661 3.136172 0.506136 -1.342519 -3.724080
  8   1.168026 -0.537438 -0.063437 -1.102048 1.273974 -1.358011
  9   6.790376 -0.619176 0.015206 -0.010477 -0.035190 -0.050489
 10   8.637599 0.544015 -0.090417 -1.569848 0.133541 0.534793
 11   6.790465 -0.619039 0.017802 -0.010473 -0.035216 -0.050494
 12   -2.022474 -0.104699 -2.873818 -0.506864 1.342818 -3.724879
 13   1.167898 -0.537463 0.063297 -0.156971 -1.247966 -1.331977
 14   7.002743 -0.617765 -0.183752 0.048622 0.002181 -0.062045
 15   8.209042 0.615527 -0.255885 1.604604 0.162227 0.394855
 16   7.002735 -0.617911 -0.183641 0.048662 0.002180 -0.062027
 17   1.574674 0.609930 -0.000899 -0.000569 0.171782 -0.179084
 18   -0.602177 0.511412 -0.000006 0.000000 0.000000 0.000000
 19   3.673773 0.177020 1.119313 -0.000002 -0.000014 -0.174510
 20   3.673767 0.176993 -1.117566 0.000007 -0.000003 -0.174546
 21   3.942357 1.334540 1.627658 0.000002 -0.000011 -0.000026
 22   -0.246060 -0.011889 0.516521 -0.000011 0.000031 0.000025
 23   3.942374 1.334565 -1.631083 0.000019 0.000002 -0.000024
 24   -0.246150 -0.011872 -0.516511 -0.000005 -0.000006 0.000048
 25   4.941364 1.997338 1.629330 0.000018 -0.000001 -0.000024
 26   4.941382 1.997366 -1.629410 -0.000001 0.000005 -0.000024
 27   2.914462 1.619264 1.514501 -0.000019 -0.000022 -0.000050
 28   2.916892 1.618870 -1.501142 -0.000002 -0.000009 -0.000024
 29   8.824059 0.150544 0.091743 -0.007659 0.103908 -0.195725
 30   2.138430 -0.553366 1.667129 -0.019426 0.206901 -0.051654
 31   2.101758 -0.588634 -1.978603 -0.010879 0.129585 -0.031171
 32   -0.814395 -0.093824 3.127092 2.033895 -0.595762 1.245569
 33   14.298673 -0.408176 0.471578 0.016331 0.010002 -2.724496
 34   15.835795 0.581398 0.242756 0.181646 -0.319932 -0.465199
 35   -0.815868 -0.091229 -3.114430 -2.166992 0.671142 1.180672
 36   14.294526 -0.410349 -0.467541 -0.017177 -0.008377 -2.629941
 37   15.834409 0.579420 -0.284600 -0.247071 0.131729 -0.299508
 38   1.725640 -3.406873 -2.765217 0.000442 -0.195906 0.072337
 39   -4.457742 -1.054854 -0.746180 -0.013974 -0.061733 0.137120
 40   0.532146 -3.496645 3.178694 -0.000021 -0.195725 0.072336
 41   -4.433840 -1.059130 0.959566 -0.007983 -0.022052 0.094489
 42   -0.204329 1.666051 -2.856588 -0.008209 -0.062845 0.011668
 43   -0.562502 1.514979 2.400613 -0.053175 -0.135023 0.099203
time 33
  0   -0.401123 2.578204 -27.160614 0.000000 0.058410 -1.414606
  1   -1.093036 0.000002 -0.326057 0.130753 -1.537596 -1.404825
  2   2.262337 0.113614 0.064702 -0.000065 0.002853 0.046032
  3   2.380047 0.353302 0.047440 0.000255 0.004382 0.088968
  4   2.033756 0.190472 -0.000128 -0.002057 -0.023981 -0.085532
  5   2.451511 0.204909 -0.003447 -0.009329 -0.003896 -0.085750
  6   7.247600 -0.397300 -0.109469 0.000001 0.000033 0.156829
  7   -2.022252 -0.104661 3.136172 0.506136 -1.342519 -3.724080
  8   1.168026 -0.537438 -0.063437 -1.102048 1.273974 -1.358011
  9   6.790376 -0.619176 0.015206 -0.010477 -0.035190 -0.050489
 10   8.637599 0.544015 -0.090417 -1.569848 0.133541 0.534793
 11   6.790465 -0.619039 0.017802 -0.010473 -0.035216 -0.050494
 12   -2.022474 -0.104699 -2.873818 -0.506864 1.342818 -3.724879
 13   1.167898 -0.537463 0.063297 -0.156971 -1.247966 -1.331977
 14   7.002743 -0.617765 -0.183752 0.048622 0.002181 -0.062045
 15   8.209042 0.615527 -0.255885 1.604604 0.162227 0.394855
 16   7.002735 -0.617911 -0.183641 0.048662 0.002180 -0.062027
 17   1.574674 0.609930 -0.000899 -0.000569 0.171001 -0.179121
 18   -0.602177 0.511412 -0.000006 0.000000 0.000000 0.000000
 19   3.677679 0.177020 1.119313 -0.000002 -0.000014 -0.174510
 20   3.673767 0.176993 -1.117566 0.000007 -0.000003 -0.174546
 21   3.942357 1.334540 1.627658 0.000002 -0.000011 -0.000026
 22   -0.246060 -0.011889 0.516521 -0.000011 0.000031 0.000025
 23   3.942374 1.334565 -1.631083 0.000019 0.000002 -0.000024
 24   -0.246150 -0.011872 -0.516511 -0.000005 -0.000006 0.000048
 25   4.941364 1.997338 1.629330 0.000018 -0.000001 -0.000024
 26   4.941382 1.997366 -1.629410 -0.000001 0.000005 -0.000024
 27   2.914462 1.619264 1.514501 -0.000019 -0.000022 -0.000050
 28   2.920798 1.618870 -1.501142 -0.000002 -0.000009 -0.000024
 29   8.824059 0.150544 0.091743 -0.007302 0.100110 -0.195403
 30   2.138430 -0.553366 1.667129 -0.018789 0.201263 -0.051654
 31   2.105664 -0.588634 -1.974696 -0.010495 0.124560 -0.030334
 32   -0.814395 -0.093824 3.127092 2.033895 -0.595762 1.245569
 33   14.298673 -0.408176 0.471578 0.016331 0.010002 -2.724496
 34   15.835795 0.581398 0.242756 0.181646 -0.319932 -0.465199
 35   -0.815868 -0.091229 -3.114430 -2.166992 0.671142 1.180672
 36   14.294526 -0.410349 -0.467541 -0.017177 -0.008377 -2.629941
 37   15.834409 0.579420 -0.284600 -0.247071 0.131729 -0.299508
 38   1.725640 -3.406873 -2.765217 -0.000147 -0.195352 0.072337
 39   -4.457742 -1.054854 -0.746180 -0.013962 -0.063171 0.135774
 40   0.532146 -3.496645 3.178694 -0.000842 -0.194954 0.072336
 41   -4.433840 -1.059130 0.959566 -0.008198 -0.021189 0.092946
 42   -0.204329 1.669957 -2.844869 -0.005573 -0.058889 0.011125
 43   -0.558596 1.511072 2.392800 -0.053737 -0.135996 0.102465
time 34
  0   -0.401123 2.578204 -27.160614 0.000000 0.058410 -1.414606
  1   -1.093036 0.000002 -0.326057 0.130753 -1.537596 -1.404825
  2   2.262337 0.113614 0.064702 -0.000065 0.003081 0.046466
  3   2.380047 0.353302 0.047440 0.000270 0.004610 0.089417
  4   2.033756 0.190472 -0.000128 -0.002057 -0.024209 -0.085967
  5   2.451511 0.204909 -0.003447 -0.009312 -0.004091 -0.086097
  6   7.247600 -0.397300 -0.109469 0.000001 0.000033 0.156829
  7   -2.022252 -0.104661 3.136172 0.506136 -1.342519 -3.724080
  8   1.168026 -0.537438 -0.063437 -1.102048 1.273974 -1.358011
  9   6.790376 -0.619176 0.015206 -0.010477 -0.035190 -0.050489
 10   8.637599 0.544015 -0.090417 -1.569848 0.133541 0.534793
 11   6.790465 -0.619039 0.017802 -0.010473 -0.035216 -0.050494
 12   -2.022474 -0.104699 -2.873818 -0.506864 1.342818 -3.724879
 13   1.167898 -0.537463 0.063297 -0.156971 -1.247966 -1.331977
 14   7.002743 -0.617765 -0.183752 0.048622 0.002181 -0.062045
 15   8.209042 0.615527 -0.255885 1.604604 0.162227 0.394855
 16   7.002735 -0.617911 -0.183641 0.048662 0.002180 -0.062027
 17   1.574674 0.609930 -0.000899 -0.000772 0.170078 -0.179158
 18   -0.602177 0.511412 -0.000006 0.000000 0.000000 0.000000
 19   3.673773 0.177020 1.119313 -0.000002 -0.000014 -0.174510
 20   3.673767 0.176993 -1.117566 0.000007 -0.000003 -0.174546
 21   3.942357 1.334540 1.627658 0.000002 -0.000011 -0.000026
 22   -0.246060 -0.011889 0.516521 -0.000011 0.000031 0.000025
 23   3.942374 1.334565 -1.631083 0.000019 0.000002 -0.000024
 24   -0.246150 -0.011872 -0.516511 -0.000005 -0.000006 0.000048
 25   4.941364 1.997338 1.629330 0.000018 -0.000001 -0.000024
 26   4.941382 1.997366 -1.629410 -0.000001 0.000005 -0.000024
 27   2.914462 1.619264 1.514501 -0.000019 -0.000022 -0.000050
 28   2.920798 1.618870 -1.501142 -0.000002 -0.000009 -0.000024
 29   8.824059 0.150544 0.091743 -0.006946 0.095006 -0.194974
 30   2.134523 -0.553366 1.671035 -0.017907 0.193678 -0.051654
 31   2.109571 -0.588634 -1.970790 -0.009944 0.117774 -0.029169
 32   -0.814395 -0.093824 3.127092 2.033895 -0.595762 1.245569
 33   14.298673 -0.408176 0.471578 0.016331 0.010002 -2.724496
 34   15.835795 0.581398 0.242756 0.181646 -0.319932 -0.465199
 35   -0.815868 -0.091229 -3.114430 -2.166992 0.671142 1.180672
 36   14.294526 -0.410349 -0.467541 -0.017177 -0.008377 -2.629941
 37   15.834409 0.579420 -0.284600 -0.247071 0.131729 -0.299508
 38   1.725640 -3.406873 -2.765217 -0.000716 -0.194605 0.072337
 39   -4.457742 -1.054854 -0.746180 -0.013962 -0.064489 0.133979
 40   0.532146 -3.496645 3.178694 -0.001600 -0.193905 0.072336
 41   -4.433840 -1.059130 0.959566 -0.008414 -0.020026 0.090899
 42   -0.204329 1.669957 -2.837056 -0.003068 -0.055133 0.010665
 43   -0.558596 1.507166 2.384987 -0.054262 -0.136921 0.105560
time 35
  0   -0.401123 2.578204 -27.160614 0.000000 0.058410 -1.414606
  1   -1.093036 0.000002 -0.326057 0.130753 -1.537596 -1.404825
  2   2.262337 0.113614 0.064702 -0.000065 0.003261 0.046845
  3   2.380047 0.353302 0.047440 0.000285 0.004814 0.089825
  4   2.033756 0.190472 -0.000128 -0.002057 -0.024413 -0.086402
  5   2.451511 0.204909 -0.003447 -0.009312 -0.004274 -0.086518
  6   7.247600 -0.397300 -0.109469 0.000001 0.000033 0.156829
  7   -2.022252 -0.104661 3.136172 0.506136 -1.342519 -3.724080
  8   1.168026 -0.537438 -0.063437 -1.102048 1.273974 -1.358011
  9   6.790376 -0.619176 0.015206 -0.010477 -0.035190 -0.050489
 10   8.637599 0.544015 -0.090417 -1.569848 0.133541 0.534793
 11   6.790465 -0.619039 0.017802 -0.010473 -0.035216 -0.050494
 12   -2.022474 -0.104699 -2.873818 -0.506864 1.342818 -3.724879
 13   1.167898 -0.537463 0.063297 -0.156971 -1.247966 -1.331977
 14   7.002743 -0.617765 -0.183752 0.048622 0.002181 -0.062045
 15   8.209042 0.615527 -0.255885 1.604604 0.162227 0.394855
 16   7.002735 -0.617911 -0.183641 0.048662 0.002180 -0.062027
 17   1.574674 0.609930 -0.000899 -0.000894 0.169013 -0.179232
 18   -0.602177 0.511412 -0.000006 0.000000 0.000000 0.000000
 19   3.673773 0.177020 1.119313 -0.000002 -0.000014 -0.174510
 20   3.673767 0.176993 -1.117566 0.000007 -0.000003 -0.174546
 21   3.942357 1.334540 1.627658 0.000002 -0.000011 -0.000026
 22   -0.246060 -0.011889 0.516521 -0.000011 0.000031 0.000025
 23   3.942374 1.334565 -1.631083 0.000019 0.000002 -0.000024
 24   -0.246150 -0.011872 -0.516511 -0.000005 -0.000006 0.000048
 25   4.941364 1.997338 1.629330 0.000018 -0.000001 -0.000024
 26   4.941382 1.997366 -1.629410 -0.000001 0.000005 -0.000024
 27   2.914462 1.619264 1.514501 -0.000019 -0.000022 -0.000050
 28   2.920798 1.618870 -1.501142 -0.000002 -0.000009 -0.000024
 29   8.824059 0.150544 0.091743 -0.006411 0.088692 -0.194491
 30   2.130617 -0.553366 1.674942 -0.016823 0.184292 -0.051633
 31   2.113477 -0.588634 -1.962977 -0.009285 0.109382 -0.027750
 32   -0.814395 -0.093824 3.127092 2.033895 -0.595762 1.245569
 33   14.298673 -0.408176 0.471578 0.016331 0.010002 -2.724496
 34   15.835795 0.581398 0.242756 0.181646 -0.319932 -0.465199
 35   -0.815868 -0.091229 -3.114430 -2.166992 0.671142 1.180672
 36   14.294526 -0.410349 -0.467541 -0.017177 -0.008377 -2.629941
 37   15.834409 0.579420 -0.284600 -0.247071 0.131729 -0.299508
 38   1.725640 -3.406873 -2.765217 -0.001242 -0.193677 0.072337
 39   -4.457742 -1.054854 -0.746180 -0.013950 -0.065723 0.131707
 40   0.532146 -3.496645 3.178694 -0.002315 -0.192616 0.072336
 41   -4.433840 -1.059130 0.959566 -0.008606 -0.018576 0.088347
 42   -0.204329 1.669957 -2.829243 -0.000719 -0.051591 0.010205
 43   -0.554690 1.499353 2.381081 -0.054774 -0.137784 0.108445
time 36
  0   -0.401123 2.578204 -27.160614 0.000000 0.058410 -1.414606
  1   -1.093036 0.000002 -0.326057 0.130753 -1.537596 -1.404825
  2   2.262337 0.113614 0.064702 -0.000065 0.003452 0.047297
  3   2.380047 0.353302 0.047440 0.000300 0.004981 0.090233
  4   2.033756 0.190472 -0.000128 -0.002057 -0.024580 -0.086837
  5   2.451511 0.204909 -0.003447 -0.009226 -0.004470 -0.086939
  6   7.247600 -0.397300 -0.109469 0.000001 0.000033 0.156829
  7   -2.022252 -0.104661 3.136172 0.506136 -1.342519 -3.724080
  8   1.168026 -0.537438 -0.063437 -1.102048 1.273974 -1.358011
  9   6.790376 -0.619176 0.015206 -0.010477 -0.035190 -0.050489
 10   8.637599 0.544015 -0.090417 -1.569848 0.133541 0.534793
 11   6.790465 -0.619039 0.017802 -0.010473 -0.035216 -0.050494
 12   -2.022474 -0.104699 -2.873818 -0.506864 1.342818 -3.724879
 13   1.167898 -0.537463 0.063297 -0.156971 -1.247966 -1.331977
 14   7.002743 -0.617765 -0.183752 0.048622 0.002181 -0.062045
 15   8.209042 0.615527 -0.255885 1.604604 0.162227 0.394855
 16   7.002735 -0.617911 -0.183641 0.048662 0.002180 -0.062027
 17   1.574674 0.609930 -0.000899 -0.001097 0.167735 -0.179306
 18   -0.602177 0.511412 -0.000006 0.000000 0.000000 0.000000
 19   3.673773 0.177020 1.119313 -0.000002 -0.000014 -0.174510
 20   3.673767 0.176993 -1.117566 0.000007 -0.000003 -0.174546
 21   3.942357 1.334540 1.627658 0.000002 -0.000011 -0.000026
 22   -0.246060 -0.011889 0.516521 -0.000011 0.000031 0.000025
 23   3.942374 1.334565 -1.631083 0.000019 0.000002 -0.000024
 24   -0.246150 -0.011872 -0.516511 -0.000005 -0.000006 0.000048
 25   4.941364 1.997338 1.629330 0.000018 -0.000001 -0.000024
 26   4.941382 1.997366 -1.629410 -0.000001 0.000005 -0.000024
 27   2.914462 1.619264 1.514501 -0.000019 -0.000022 -0.000050
 28   2.920798 1.618870 -1.501142 -0.000002 -0.000009 -0.000024
 29   8.824059 0.150544 0.091743 -0.005876 0.081262 -0.193847
 30   2.126710 -0.553366 1.682754 -0.015562 0.173248 -0.051611
 31   2.117383 -0.584727 -1.955165 -0.008504 0.099539 -0.026076
 32   -0.814395 -0.093824 3.127092 2.033895 -0.595762 1.245569
 33   14.298673 -0.408176 0.471578 0.016331 0.010002 -2.724496
 34   15.835795 0.581398 0.242756 0.181646 -0.319932 -0.465199
 35   -0.815868 -0.091229 -3.114430 -2.166992 0.671142 1.180672
 36   14.294526 -0.410349 -0.467541 -0.017177 -0.008377 -2.629941
 37   15.834409 0.579420 -0.284600 -0.247071 0.131729 -0.299508
 38   1.725640 -3.406873 -2.765217 -0.001705 -0.192592 0.072337
 39   -4.457742 -1.054854 -0.746180 -0.013950 -0.066862 0.129042
 40   0.532146 -3.496645 3.178694 -0.002968 -0.191097 0.072336
 41   -4.433840 -1.059130 0.959566 -0.008786 -0.016886 0.085346
 42   -0.204329 1.673864 -2.821430 0.001462 -0.048295 0.009745
 43   -0.554690 1.495447 2.373268 -0.055236 -0.138585 0.111164
time 37
  0   -0.401123 2.578204 -27.160614 0.000000 0.058410 -1.414606
  1   -1.093036 0.000002 -0.326057 0.130753 -1.537596 -1.404825
  2   2.262337 0.113614 0.064702 -0.000065 0.003644 0.047658
  3   2.380047 0.353302 0.047440 0.000315 0.005173 0.090641
  4   2.033756 0.190472 -0.000128 -0.002057 -0.024772 -0.087163
  5   2.451511 0.204909 -0.003447 -0.009226 -0.004679 -0.087385
  6   7.247600 -0.397300 -0.109469 0.000001 0.000033 0.156829
  7   -2.022252 -0.104661 3.136172 0.506136 -1.342519 -3.724080
  8   1.168026 -0.537438 -0.063437 -1.102048 1.273974 -1.358011
  9   6.790376 -0.619176 0.015206 -0.010477 -0.035190 -0.050489
 10   8.637599 0.544015 -0.090417 -1.569848 0.133541 0.534793
 11   6.790465 -0.619039 0.017802 -0.010473 -0.035216 -0.050494
 12   -2.022474 -0.104699 -2.873818 -0.506864 1.342818 -3.724879
 13   1.167898 -0.537463 0.063297 -0.156971 -1.247966 -1.331977
 14   7.002743 -0.617765 -0.183752 0.048622 0.002181 -0.062045
 15   8.209042 0.615527 -0.255885 1.604604 0.162227 0.394855
 16   7.002735 -0.617911 -0.183641 0.048662 0.002180 -0.062027
 17   1.574674 0.609930 -0.000899 -0.001300 0.166315 -0.179380
 18   -0.602177 0.511412 -0.000006 0.000000 0.000000 0.000000
 19   3.677679 0.177020 1.119313 -0.000002 -0.000014 -0.174510
 20   3.673767 0.176993 -1.117566 0.000007 -0.000003 -0.174546
 21   3.942357 1.334540 1.627658 0.000002 -0.000011 -0.000026
 22   -0.246060 -0.011889 0.516521 -0.000011 0.000031 0.000025
 23   3.942374 1.334565 -1.631083 0.000019 0.000002 -0.000024
 24   -0.246150 -0.011872 -0.516511 -0.000005 -0.000006 0.000048
 25   4.941364 1.997338 1.629330 0.000018 -0.000001 -0.000024
 26   4.941382 1.997366 -1.629410 -0.000001 0.000005 -0.000024
 27   2.914462 1.619264 1.514501 -0.000019 -0.000022 -0.000050
 28   2.920798 1.618870 -1.501142 -0.000002 -0.000009 -0.000024
 29   8.824059 0.150544 0.091743 -0.005252 0.072858 -0.193150
 30   2.122804 -0.553366 1.686661 -0.014111 0.160752 -0.051568
 31   2.121290 -0.584727 -1.947352 -0.007630 0.088350 -0.024166
 32   -0.814395 -0.093824 3.127092 2.033895 -0.595762 1.245569
 33   14.298673 -0.408176 0.471578 0.016331 0.010002 -2.724496
 34   15.835795 0.581398 0.242756 0.181646 -0.319932 -0.465199
 35   -0.815868 -0.091229 -3.114430 -2.166992 0.671142 1.180672
 36   14.294526 -0.410349 -0.467541 -0.017177 -0.008377 -2.629941
 37   15.834409 0.579420 -0.284600 -0.247071 0.131729 -0.299508
 38   1.725640 -3.406873 -2.765217 -0.002147 -0.191351 0.072337
 39   -4.457742 -1.054854 -0.746180 -0.013926 -0.067905 0.125985
 40   0.532146 -3.496645 3.178694 -0.003578 -0.189386 0.072336
 41   -4.433840 -1.059130 0.959566 -0.008953 -0.014969 0.081952
 42   -0.204329 1.673864 -2.813618 0.003476 -0.045274 0.009368
 43   -0.550783 1.491540 2.369362 -0.055674 -0.139338 0.113673
time 38
  0   -0.401123 2.578204 -27.160614 0.000000 0.058410 -1.414606
  1   -1.093036 0.000002 -0.326057 0.130753 -1.537596 -1.404825
  2   2.262337 0.113614 0.064702 -0.000065 0.003812 0.048074
  3   2.380047 0.353302 0.047440 0.000330 0.005389 0.091029
  4   2.033756 0.190472 -0.000128 -0.002057 -0.024988 -0.087562
  5   2.451511 0.204909 -0.003447 -0.009226 -0.004875 -0.087781
  6   7.247600 -0.397300 -0.109469 0.000001 0.000033 0.156829
  7   -2.022252 -0.104661 3.136172 0.506136 -1.342519 -3.724080
  8   1.168026 -0.537438 -0.063437 -1.102048 1.273974 -1.358011
  9   6.790376 -0.619176 0.015206 -0.010477 -0.035190 -0.050489
 10   8.637599 0.544015 -0.090417 -1.569848 0.133541 0.534793
 11   6.790465 -0.619039 0.017802 -0.010473 -0.035216 -0.050494
 12   -2.022474 -0.104699 -2.873818 -0.506864 1.342818 -3.724879
 13   1.167898 -0.537463 0.063297 -0.156971 -1.247966 -1.331977
 14   7.002743 -0.617765 -0.183752 0.048622 0.002181 -0.062045
 15   8.209042 0.615527 -0.255885 1.604604 0.162227 0.394855
 16   7.002735 -0.617911 -0.183641 0.048662 0.002180 -0.062027
 17   1.574674 0.609930 -0.000899 -0.001584 0.164611 -0.179565
 18   -0.602177 0.511412 -0.000006 0.000000 0.000000 0.000000
 19   3.673773 0.177020 1.119313 -0.000002 -0.000014 -0.174510
 20   3.673767 0.176993 -1.117566 0.000007 -0.000003 -0.174546
 21   3.942357 1.334540 1.627658 0.000002 -0.000011 -0.000026
 22   -0.246060 -0.011889 0.516521 -0.000011 0.000031 0.000025
 23   3.942374 1.334565 -1.631083 0.000019 0.000002 -0.000024
 24   -0.246150 -0.011872 -0.516511 -0.000005 -0.000006 0.000048
 25   4.941364 1.997338 1.629330 0.000018 -0.000001 -0.000024
 26   4.941382 1.997366 -1.629410 -0.000001 0.000005 -0.000024
 27   2.914462 1.619264 1.514501 -0.000019 -0.000022 -0.000050
 28   2.916892 1.618870 -1.501142 -0.000002 -0.000009 -0.000024
 29   8.824059 0.150544 0.091743 -0.004539 0.063553 -0.192399
 30   2.118898 -0.557273 1.694474 -0.012524 0.146948 -0.051525
 31   2.125196 -0.580821 -1.939539 -0.006650 0.076021 -0.022073
 32   -0.814395 -0.093824 3.127092 2.033895 -0.595762 1.245569
 33   14.298673 -0.408176 0.471578 0.016331 0.010002 -2.724496
 34   15.835795 0.581398 0.242756 0.181646 -0.319932 -0.465199
 35   -0.815868 -0.091229 -3.114430 -2.166992 0.671142 1.180672
 36   14.294526 -0.410349 -0.467541 -0.017177 -0.008377 -2.629941
 37   15.834409 0.579420 -0.284600 -0.247071 0.131729 -0.299508
 38   1.725640 -3.406873 -2.765217 -0.002568 -0.189989 0.072337
 39   -4.457742 -1.054854 -0.746180 -0.013914 -0.068863 0.122592
 40   0.532146 -3.496645 3.178694 -0.004126 -0.187482 0.072336
 41   -4.433840 -1.059130 0.959566 -0.009109 -0.012847 0.078194
 42   -0.204329 1.673864 -2.805805 0.005309 -0.042530 0.008992
 43   -0.550783 1.487634 2.365455 -0.056061 -0.140013 0.115932
time 39
  0   -0.401123 2.578204 -27.160614 0.000000 0.058410 -1.414606
  1   -1.093036 0.000002 -0.326057 0.130753 -1.537596 -1.404825
  2   2.262337 0.113614 0.064702 -0.000065 0.004004 0.048417
  3   2.380047 0.353302 0.047440 0.000345 0.005569 0.091396
  4   2.033756 0.190472 -0.000128 -0.002057 -0.025180 -0.087997
  5   2.451511 0.204909 -0.003447 -0.009226 -0.005044 -0.088103
  6   7.247600 -0.397300 -0.109469 0.000001 0.000033 0.156829
  7   -2.022252 -0.104661 3.136172 0.506136 -1.342519 -3.724080
  8   1.168026 -0.537438 -0.063437 -1.102048 1.273974 -1.358011
  9   6.790376 -0.619176 0.015206 -0.010477 -0.035190 -0.050489
 10   8.637599 0.544015 -0.090417 -1.569848 0.133541 0.534793
 11   6.790465 -0.619039 0.017802 -0.010473 -0.035216 -0.050494
 12   -2.022474 -0.104699 -2.873818 -0.506864 1.342818 -3.724879
 13   1.167898 -0.537463 0.063297 -0.156971 -1.247966 -1.331977
 14   7.002743 -0.617765 -0.183752 0.048622 0.002181 -0.062045
 15   8.209042 0.615527 -0.255885 1.604604 0.162227 0.394855
 16   7.002735 -0.617911 -0.183641 0.048662 0.002180 -0.062027
 17   1.574674 0.609930 -0.000899 -0.001869 0.162576 -0.179675
 18   -0.602177 0.511412 -0.000006 0.000000 0.000000 0.000000
 19   3.673773 0.177020 1.119313 -0.000002 -0.000014 -0.174510
 20   3.673767 0.176993 -1.117566 0.000007 -0.000003 -0.174546
 21   3.942357 1.334540 1.627658 0.000002 -0.000011 -0.000026
 22   -0.246060 -0.011889 0.516521 -0.000011 0.000031 0.000025
 23   3.942374 1.334565 -1.631083 0.000019 0.000002 -0.000024
 24   -0.246150 -0.011872 -0.516511 -0.000005 -0.000006 0.000048
 25   4.941364 1.997338 1.629330 0.000018 -0.000001 -0.000024
 26   4.941382 1.997366 -1.629410 -0.000001 0.000005 -0.000024
 27   2.914462 1.619264 1.514501 -0.000019 -0.000022 -0.000050
 28   2.916892 1.618870 -1.501142 -0.000002 -0.000009 -0.000024
 29   8.824059 0.150544 0.091743 -0.003737 0.053488 -0.191594
 30   2.114991 -0.557273 1.702286 -0.010802 0.131982 -0.051461
 31   2.133009 -0.576914 -1.927820 -0.005592 0.062656 -0.019799
 32   -0.814395 -0.093824 3.127092 2.033895 -0.595762 1.245569
 33   14.298673 -0.408176 0.471578 0.016331 0.010002 -2.724496
 34   15.835795 0.581398 0.242756 0.181646 -0.319932 -0.465199
 35   -0.815868 -0.091229 -3.114430 -2.166992 0.671142 1.180672
 36   14.294526 -0.410349 -0.467541 -0.017177 -0.008377 -2.629941
 37   15.834409 0.579420 -0.284600 -0.247071 0.131729 -0.299508
 38   1.725640 -3.406873 -2.765217 -0.002926 -0.188519 0.072337
 39   -4.457742 -1.054854 -0.746180 -0.013878 -0.069738 0.118862
 40   0.532146 -3.496645 3.178694 -0.004652 -0.185422 0.072336
 41   -4.433840 -1.059130 0.959566 -0.009241 -0.010546 0.074155
 42   -0.204329 1.673864 -2.797992 0.006939 -0.040092 0.008699
 43   -0.546877 1.483728 2.361549 -0.056411 -0.140609 0.117897
time 40
  0   -0.401123 2.578204 -27.160614 0.000000 0.058410 -1.414606
  1   -1.093036 0.000002 -0.326057 0.130753 -1.537596 -1.404825
  2   2.262337 0.113614 0.064702 -0.000065 0.004159 0.048833
  3   2.380047 0.353302 0.047440 0.000360 0.005749 0.091743
  4   2.033756 0.190472 -0.000128 -0.002057 -0.025335 -0.088323
  5   2.451511 0.204909 -0.003447 -0.009226 -0.005214 -0.088524
  6   7.247600 -0.397300 -0.109469 0.000001 0.000033 0.156829
  7   -2.022252 -0.104661 3.136172 0.506136 -1.342519 -3.724080
  8   1.168026 -0.537438 -0.063437 -1.102048 1.273974 -1.358011
  9   6.790376 -0.619176 0.015206 -0.010477 -0.035190 -0.050489
 10   8.637599 0.544015 -0.090417 -1.569848 0.133541 0.534793
 11   6.790465 -0.619039 0.017802 -0.010473 -0.035216 -0.050494
 12   -2.022474 -0.104699 -2.873818 -0.506864 1.342818 -3.724879
 13   1.167898 -0.537463 0.063297 -0.156971 -1.247966 -1.331977
 14   7.002743 -0.617765 -0.183752 0.048622 0.002181 -0.062045
 15   8.209042 0.615527 -0.255885 1.604604 0.162227 0.394855
 16   7.002735 -0.617911 -0.183641 0.048662 0.002180 -0.062027
 17   1.574674 0.609930 -0.000899 -0.002153 0.160209 -0.179786
 18   -0.602177 0.511412 -0.000006 0.000000 0.000000 0.000000
 19   3.673773 0.177020 1.119313 -0.000002 -0.000014 -0.174510
 20   3.673767 0.176993 -1.117566 0.000007 -0.000003 -0.174546
 21   3.832979 1.322821 1.619845 0.000002 -0.000011 -0.000026
 22   -0.246060 -0.086110 0.512615 0.000005 -0.005949 0.092568
 23   3.832995 1.322846 -1.631083 0.000019 0.000002 -0.000024
 24   -0.230525 -0.066561 -0.520417 0.000007 -0.005986 0.092596
 25   4.859330 1.997338 1.629330 -0.006681 0.045822 0.001474
 26   4.859348 1.997366 -1.629410 0.007429 -0.042493 -0.004350
 27   2.953525 1.591920 1.514501 -0.000019 -0.000022 -0.000050
 28   2.955955 1.591526 -1.501142 -0.000002 -0.000009 -0.000024
 29   8.824059 0.150544 0.091743 -0.002846 0.042759 -0.190682
 30   2.111085 -0.557273 1.710099 -0.008971 0.116027 -0.051397
 31   2.140822 -0.576914 -1.920007 -0.004459 0.048410 -0.017379
 32   -0.814395 -0.093824 3.127092 2.033895 -0.595762 1.245569
 33   14.298673 -0.408176 0.471578 0.016331 0.010002 -2.724496
 34   15.835795 0.581398 0.242756 0.181646 -0.319932 -0.465199
 35   -0.815868 -0.091229 -3.114430 -2.166992 0.671142 1.180672
 36   14.294526 -0.410349 -0.467541 -0.017177 -0.008377 -2.629941
 37   15.834409 0.579420 -0.284600 -0.247071 0.131729 -0.299508
 38   1.725640 -3.406873 -2.765217 -0.003263 -0.186940 0.072337
 39   -4.457742 -1.054854 -0.746180 -0.013854 -0.070529 0.114879
 40   0.532146 -3.496645 3.178694 -0.005115 -0.183228 0.072275
 41   -4.433840 -1.059130 0.959566 -0.009385 -0.008090 0.069808
 42   -0.208236 1.677770 -2.794086 0.008341 -0.037976 0.008406
 43   -0.546877 1.479821 2.357643 -0.056711 -0.141127 0.119654
time 41
  0   -0.401123 2.578204 -27.160614 0.000000 0.058410 -1.414606
  1   -1.093036 0.000002 -0.326057 0.130753 -1.537596 -1.404825
  2   2.262337 0.113614 0.064702 -0.000065 0.004327 0.049140
  3   2.380047 0.353302 0.047440 0.000375 0.005904 0.092090
  4   2.033756 0.190472 -0.000128 -0.002057 -0.025503 -0.088649
  5   2.451511 0.204909 -0.003447 -0.009226 -0.005384 -0.088846
  6   7.247600 -0.397300 -0.109469 0.000001 0.000033 0.156829
  7   -2.022252 -0.104661 3.136172 0.506136 -1.342519 -3.724080
  8   1.168026 -0.537438 -0.063437 -1.102048 1.273974 -1.358011
  9   6.790376 -0.619176 0.015206 -0.010477 -0.035190 -0.050489
 10   8.637599 0.544015 -0.090417 -1.569848 0.133541 0.534793
 11   6.790465 -0.619039 0.017802 -0.010473 -0.035216 -0.050494
 12   -2.022474 -0.104699 -2.873818 -0.506864 1.342818 -3.724879
 13   1.167898 -0.537463 0.063297 -0.156971 -1.247966 -1.331977
 14   7.002743 -0.617765 -0.183752 0.048622 0.002181 -0.062045
 15   8.209042 0.615527 -0.255885 1.604604 0.162227 0.394855
 16   7.002735 -0.617911 -0.183641 0.048662 0.002180 -0.062027
 17   1.574674 0.609930 -0.000899 -0.002559 0.157393 -0.179934
 18   -0.602177 0.511412 -0.000006 0.000000 0.000000 0.000000
 19   3.673773 0.177020 1.119313 -0.000002 -0.000014 -0.174510
 20   3.673767 0.176993 -1.117566 0.000007 -0.000003 -0.174546
 21   3.575158 1.287664 1.592501 0.000002 -0.000011 -0.000026
 22   -0.242154 -0.273616 0.500896 0.000068 -0.020211 0.313307
 23   3.582988 1.283783 -1.627177 0.000019 0.000002 -0.000024
 24   -0.187554 -0.203284 -0.528230 0.000055 -0.020236 0.313358
 25   4.652292 1.997338 1.637143 -0.022669 0.155116 0.005057
 26   4.652310 1.997366 -1.621597 0.025179 -0.143867 -0.014693
 27   3.051185 1.517699 1.506688 -0.000019 -0.000022 -0.000050
 28   3.053615 1.517305 -1.508955 -0.000002 -0.000009 -0.000024
 29   8.824059 0.150544 0.091743 -0.002044 0.031483 -0.189770
 30   2.107179 -0.557273 1.717912 -0.007032 0.099259 -0.051289
 31   2.148634 -0.573008 -1.908288 -0.003279 0.033413 -0.014831
 32   -0.814395 -0.093824 3.127092 2.033895 -0.595762 1.245569
 33   14.298673 -0.408176 0.471578 0.016331 0.010002 -2.724496
 34   15.835795 0.581398 0.242756 0.181646 -0.319932 -0.465199
 35   -0.815868 -0.091229 -3.114430 -2.166992 0.671142 1.180672
 36   14.294526 -0.410349 -0.467541 -0.017177 -0.008377 -2.629941
 37   15.834409 0.579420 -0.284600 -0.247071 0.131729 -0.299508
 38   1.725640 -3.406873 -2.765217 -0.003578 -0.185290 0.072276
 39   -4.457742 -1.054854 -0.746180 -0.013806 -0.071260 0.110616
 40   0.532146 -3.496645 3.178694 -0.005536 -0.180927 0.072275
 41   -4.433840 -1.059130 0.959566 -0.009505 -0.005513 0.065264
 42   -0.208236 1.677770 -2.790179 0.009528 -0.036198 0.008155
 43   -0.546877 1.475915 2.353736 -0.056961 -0.141566 0.121118
time 42
  0   -0.401123 2.578204 -27.160614 0.000000 0.058410 -1.414606
  1   -1.093036 0.000002 -0.326057 0.130753 -1.537596 -1.404825
  2   2.262337 0.113614 0.064702 -0.000065 0.004519 0.049520
  3   2.380047 0.353302 0.047440 0.000390 0.006060 0.092457
  4   2.033756 0.190472 -0.000128 -0.002057 -0.025695 -0.089048
  5   2.451511 0.204909 -0.003447 -0.009226 -0.005567 -0.089168
  6   7.247600 -0.397300 -0.109469 0.000001 0.000033 0.156829
  7   -2.022252 -0.104661 3.136172 0.506136 -1.342519 -3.724080
  8   1.168026 -0.537438 -0.063437 -1.102048 1.273974 -1.358011
  9   6.790376 -0.619176 0.015206 -0.010477 -0.035190 -0.050489
 10   8.637599 0.544015 -0.090417 -1.569848 0.133541 0.534793
 11   6.790465 -0.619039 0.017802 -0.010473 -0.035216 -0.050494
 12   -2.022474 -0.104699 -2.873818 -0.506864 1.342818 -3.724879
 13   1.167898 -0.537463 0.063297 -0.156971 -1.247966 -1.331977
 14   7.002743 -0.617765 -0.183752 0.048622 0.002181 -0.062045
 15   8.209042 0.615527 -0.255885 1.604604 0.162227 0.394855
 16   7.002735 -0.617911 -0.183641 0.048662 0.002180 -0.062027
 17   1.574674 0.609930 -0.000899 -0.003047 0.154127 -0.180045
 18   -0.602177 0.511412 -0.000006 0.000000 0.000000 0.000000
 19   3.673773 0.177020 1.119313 -0.000002 -0.000014 -0.174510
 20   3.673767 0.176993 -1.117566 0.000007 -0.000003 -0.174546
 21   3.266555 1.240788 1.557343 0.000002 -0.000011 -0.000026
 22   -0.234341 -0.492372 0.489176 0.000131 -0.037229 0.576779
 23   3.278291 1.236906 -1.619364 0.000019 0.000002 -0.000024
 24   -0.132865 -0.367352 -0.539949 0.000115 -0.037254 0.576821
 25   4.410098 1.993432 1.641049 -0.041736 0.285571 0.009336
 26   4.410116 1.993460 -1.617691 0.046355 -0.264850 -0.027025
 27   3.168375 1.431759 1.498875 -0.000019 -0.000022 -0.000050
 28   3.170805 1.431365 -1.516768 -0.000002 -0.000009 -0.000024
 29   8.824059 0.150544 0.091743 -0.001063 0.019756 -0.188804
 30   2.099366 -0.561179 1.725724 -0.005025 0.081822 -0.051182
 31   2.156447 -0.573008 -1.896569 -0.002038 0.017872 -0.012193
 32   -0.814395 -0.093824 3.127092 2.033895 -0.595762 1.245569
 33   14.298673 -0.408176 0.471578 0.016331 0.010002 -2.724496
 34   15.835795 0.581398 0.242756 0.181646 -0.319932 -0.465199
 35   -0.815868 -0.091229 -3.114430 -2.166992 0.671142 1.180672
 36   14.294526 -0.410349 -0.467541 -0.017177 -0.008377 -2.629941
 37   15.834409 0.579420 -0.284600 -0.247071 0.131729 -0.299508
 38   1.725640 -3.406873 -2.765217 -0.003852 -0.183566 0.072276
 39   -4.457742 -1.054854 -0.746180 -0.013758 -0.071908 0.106156
 40   0.532146 -3.496645 3.178694 -0.005915 -0.178529 0.072214
 41   -4.433840 -1.059130 0.959566 -0.009613 -0.002840 0.060525
 42   -0.208236 1.677770 -2.786273 0.010475 -0.034772 0.007988
 43   -0.546877 1.475915 2.353736 -0.057160 -0.141911 0.122289
time 43
  0   -0.401123 2.578204 -27.160614 0.000000 0.058410 -1.414606
  1   -1.093036 0.000002 -0.326057 0.130753 -1.537596 -1.404825
  2   2.262337 0.113614 0.064702 -0.000065 0.004675 0.049845
  3   2.380047 0.353302 0.047440 0.000405 0.006252 0.092743
  4   2.033756 0.190472 -0.000128 -0.002057 -0.025851 -0.089338
  5   2.451511 0.204909 -0.003447 -0.009226 -0.005723 -0.089490
  6   7.247600 -0.397300 -0.109469 0.000001 0.000033 0.156829
  7   -2.022252 -0.104661 3.136172 0.506136 -1.342519 -3.724080
  8   1.168026 -0.537438 -0.063437 -1.102048 1.273974 -1.358011
  9   6.790376 -0.619176 0.015206 -0.010477 -0.035190 -0.050489
 10   8.637599 0.544015 -0.090417 -1.569848 0.133541 0.534793
 11   6.790465 -0.619039 0.017802 -0.010473 -0.035216 -0.050494
 12   -2.022474 -0.104699 -2.873818 -0.506864 1.342818 -3.724879
 13   1.167898 -0.537463 0.063297 -0.156971 -1.247966 -1.331977
 14   7.002743 -0.617765 -0.183752 0.048622 0.002181 -0.062045
 15   8.209042 0.615527 -0.255885 1.604604 0.162227 0.394855
 16   7.002735 -0.617911 -0.183641 0.048662 0.002180 -0.062027
 17   1.574674 0.609930 -0.000899 -0.003656 0.150269 -0.180267
 18   -0.602177 0.511412 -0.000006 0.000000 0.000000 0.000000
 19   3.673773 0.177020 1.119313 -0.000002 -0.000014 -0.174510
 20   3.677673 0.176993 -1.117566 0.000007 -0.000003 -0.174546
 21   3.008735 1.205630 1.529999 0.000002 -0.000011 -0.000026
 22   -0.230435 -0.679878 0.477457 0.000178 -0.051491 0.797518
 23   3.020471 1.197842 -1.615458 0.000019 0.000002 -0.000024
 24   -0.089895 -0.507981 -0.547762 0.000163 -0.051516 0.797556
 25   4.203060 1.993432 1.648862 -0.057712 0.394864 0.012919
 26   4.203078 1.993460 -1.609878 0.064093 -0.366224 -0.037368
 27   3.266035 1.353631 1.491063 -0.000019 -0.000022 -0.000050
 28   3.268465 1.353237 -1.524580 -0.000002 -0.000009 -0.000024
 29   8.824059 0.150544 0.091743 -0.000172 0.007697 -0.187839
 30   2.095459 -0.561179 1.733537 -0.002964 0.063921 -0.051054
 31   2.164260 -0.569102 -1.884850 -0.000781 0.001865 -0.009464
 32   -0.814395 -0.093824 3.127092 2.033895 -0.595762 1.245569
 33   14.298673 -0.408176 0.471578 0.016331 0.010002 -2.724496
 34   15.835795 0.581398 0.242756 0.181646 -0.319932 -0.465199
 35   -0.815868 -0.091229 -3.114430 -2.166992 0.671142 1.180672
 36   14.294526 -0.410349 -0.467541 -0.017177 -0.008377 -2.629941
 37   15.834409 0.579420 -0.284600 -0.247071 0.131729 -0.299508
 38   1.725640 -3.406873 -2.765217 -0.004084 -0.181795 0.072276
 39   -4.457742 -1.054854 -0.746180 -0.013710 -0.072483 0.101501
 40   0.532146 -3.496645 3.178694 -0.006273 -0.176070 0.072214
 41   -4.433840 -1.059130 0.959566 -0.009709 -0.000084 0.055673
 42   -0.208236 1.677770 -2.782367 0.011170 -0.033744 0.007863
 43   -0.542971 1.475915 2.349830 -0.057310 -0.142162 0.123125
time 44
  0   -0.401123 2.578204 -27.160614 0.000000 0.058410 -1.414606
  1   -1.093036 0.000002 -0.326057 0.130753 -1.537596 -1.404825
  2   2.262337 0.113614 0.064702 -0.000065 0.004807 0.050134
  3   2.380047 0.353302 0.047440 0.000420 0.006396 0.093090
  4   2.033756 0.190472 -0.000128 -0.002057 -0.025983 -0.089628
  5   2.451511 0.204909 -0.003447 -0.009226 -0.005854 -0.089812
  6   7.247600 -0.397300 -0.109469 0.000001 0.000033 0.156829
  7   -2.022252 -0.104661 3.136172 0.506136 -1.342519 -3.724080
  8   1.168026 -0.537438 -0.063437 -1.102048 1.273974 -1.358011
  9   6.790376 -0.619176 0.015206 -0.010477 -0.035190 -0.050489
 10   8.637599 0.544015 -0.090417 -1.569848 0.133541 0.534793
 11   6.790465 -0.619039 0.017802 -0.010473 -0.035216 -0.050494
 12   -2.022474 -0.104699 -2.873818 -0.506864 1.342818 -3.724879
 13   1.167898 -0.537463 0.063297 -0.156971 -1.247966 -1.331977
 14   7.002743 -0.617765 -0.183752 0.048622 0.002181 -0.062045
 15   8.209042 0.615527 -0.255885 1.604604 0.162227 0.394855
 16   7.002735 -0.617911 -0.183641 0.048662 0.002180 -0.062027
 17   1.574674 0.609930 -0.000899 -0.003575 0.150293 -0.180267
 18   -0.602177 0.511412 -0.000006 0.000000 0.000000 0.000000
 19   3.673773 0.177020 1.119313 -0.000002 -0.000014 -0.174510
 20   3.673767 0.176993 -1.117566 0.000007 -0.000003 -0.174546
 21   2.899356 1.190005 1.518280 0.000002 -0.000011 -0.000026
 22   -0.226528 -0.758005 0.473551 0.000194 -0.057471 0.890061
 23   2.914999 1.182217 -1.611551 0.000019 0.000002 -0.000024
 24   -0.074270 -0.562670 -0.551668 0.000187 -0.057496 0.890104
 25   4.117120 1.989525 1.648862 -0.064423 0.440701 0.014429
 26   4.117138 1.989553 -1.609878 0.071535 -0.408734 -0.041706
 27   3.305099 1.322380 1.487156 -0.000019 -0.000022 -0.000050
 28   3.307528 1.321986 -1.528487 -0.000002 -0.000009 -0.000024
 29   8.824059 0.150544 0.091743 0.000719 -0.004551 -0.186819
 30   2.087647 -0.561179 1.745256 -0.000862 0.045670 -0.050904
 31   2.172073 -0.565195 -1.873131 0.000490 -0.014401 -0.006698
 32   -0.814395 -0.093824 3.127092 2.033895 -0.595762 1.245569
 33   14.298673 -0.408176 0.471578 0.016331 0.010002 -2.724496
 34   15.835795 0.581398 0.242756 0.181646 -0.319932 -0.465199
 35   -0.815868 -0.091229 -3.114430 -2.166992 0.671142 1.180672
 36   14.294526 -0.410349 -0.467541 -0.017177 -0.008377 -2.629941
 37   15.834409 0.579420 -0.284600 -0.247071 0.131729 -0.299508
 38   1.725640 -3.406873 -2.765217 -0.004315 -0.179999 0.072215
 39   -4.457742 -1.054854 -0.746180 -0.013638 -0.072998 0.096705
 40   0.532146 -3.496645 3.178694 -0.006588 -0.173564 0.072153
 41   -4.433840 -1.059130 0.959566 -0.009804 0.002709 0.050708
 42   -0.208236 1.677770 -2.782367 0.011589 -0.033100 0.007779
 43   -0.542971 1.472009 2.349830 -0.057398 -0.142319 0.123669
time 45
  0   -0.401123 2.578204 -27.160614 0.000000 0.058410 -1.414606
  1   -1.093036 0.000002 -0.326057 0.130753 -1.537596 -1.404825
  2   2.262337 0.113614 0.064702 -0.000065 0.004950 0.050405
  3   2.380047 0.353302 0.047440 0.000435 0.006528 0.093396
  4   2.033756 0.190472 -0.000128 -0.002057 -0.026114 -0.089918
  5   2.451511 0.204909 -0.003447 -0.009209 -0.005998 -0.090109
  6   7.247600 -0.397300 -0.109469 0.000001 0.000033 0.156829
  7   -2.022252 -0.104661 3.136172 0.506136 -1.342519 -3.724080
  8   1.168026 -0.537438 -0.063437 -1.102048 1.273974 -1.358011
  9   6.790376 -0.619176 0.015206 -0.010477 -0.035190 -0.050489
 10   8.637599 0.544015 -0.090417 -1.569848 0.133541 0.534793
 11   6.790465 -0.619039 0.017802 -0.010473 -0.035216 -0.050494
 12   -2.022474 -0.104699 -2.873818 -0.506864 1.342818 -3.724879
 13   1.167898 -0.537463 0.063297 -0.156971 -1.247966 -1.331977
 14   7.002743 -0.617765 -0.183752 0.048622 0.002181 -0.062045
 15   8.209042 0.615527 -0.255885 1.604604 0.162227 0.394855
 16   7.002735 -0.617911 -0.183641 0.048662 0.002180 -0.062027
 17   1.574674 0.609930 -0.000899 -0.003575 0.150293 -0.180267
 18   -0.602177 0.511412 -0.000006 0.000000 0.000000 0.000000
 19   3.673773 0.177020 1.119313 -0.000002 -0.000014 -0.174510
 20   3.673767 0.176993 -1.117566 0.000007 -0.000003 -0.174546
 21   3.063424 1.213443 1.537812 0.000002 -0.000011 -0.000026
 22   -0.230435 -0.640814 0.481364 0.000162 -0.048483 0.751015
 23   3.075160 1.209562 -1.615458 0.000019 0.000002 -0.000024
 24   -0.101614 -0.476730 -0.547762 0.000163 -0.048508 0.751051
 25   4.246030 1.993432 1.648862 -0.054356 0.371832 0.012164
 26   4.246048 1.993460 -1.609878 0.060353 -0.344856 -0.035187
 27   3.246503 1.369257 1.491063 -0.000019 -0.000022 -0.000050
 28   3.248933 1.368863 -1.524580 -0.000002 -0.000009 -0.000024
 29   8.824059 0.150544 0.091743 0.001610 -0.016943 -0.185800
 30   2.083740 -0.561179 1.753069 0.001240 0.027275 -0.050732
 31   2.183792 -0.561289 -1.861412 0.001793 -0.030849 -0.003914
 32   -0.814395 -0.093824 3.127092 2.033895 -0.595762 1.245569
 33   14.298673 -0.408176 0.471578 0.016331 0.010002 -2.724496
 34   15.835795 0.581398 0.242756 0.181646 -0.319932 -0.465199
 35   -0.815868 -0.091229 -3.114430 -2.166992 0.671142 1.180672
 36   14.294526 -0.410349 -0.467541 -0.017177 -0.008377 -2.629941
 37   15.834409 0.579420 -0.284600 -0.247071 0.131729 -0.299508
 38   1.725640 -3.406873 -2.765217 -0.004505 -0.178180 0.072215
 39   -4.457742 -1.054854 -0.746180 -0.013567 -0.073454 0.091768
 40   0.532146 -3.496645 3.178694 -0.006862 -0.171033 0.072153
 41   -4.433840 -1.059130 0.959566 -0.009876 0.005537 0.045716
 42   -0.208236 1.677770 -2.782367 0.011733 -0.032886 0.007737
 43   -0.542971 1.472009 2.349830 -0.057435 -0.142382 0.123836
time 46
  0   -0.401123 2.578204 -27.160614 0.000000 0.058410 -1.414606
  1   -1.093036 0.000002 -0.326057 0.130753 -1.537596 -1.404825
  2   2.262337 0.113614 0.064702 -0.000065 0.005082 0.050694
  3   2.380047 0.353302 0.047440 0.000435 0.006647 0.093661
  4   2.033756 0.190472 -0.000128 -0.002020 -0.026258 -0.090208
  5   2.451511 0.204909 -0.003447 -0.009209 -0.006128 -0.090406
  6   7.247600 -0.397300 -0.109469 0.000001 0.000033 0.156829
  7   -2.022252 -0.104661 3.136172 0.506136 -1.342519 -3.724080
  8   1.168026 -0.537438 -0.063437 -1.102048 1.273974 -1.358011
  9   6.790376 -0.619176 0.015206 -0.010477 -0.035190 -0.050489
 10   8.637599 0.544015 -0.090417 -1.569848 0.133541 0.534793
 11   6.790465 -0.619039 0.017802 -0.010473 -0.035216 -0.050494
 12   -2.022474 -0.104699 -2.873818 -0.506864 1.342818 -3.724879
 13   1.167898 -0.537463 0.063297 -0.156971 -1.247966 -1.331977
 14   7.002743 -0.617765 -0.183752 0.048622 0.002181 -0.062045
 15   8.209042 0.615527 -0.255885 1.604604 0.162227 0.394855
 16   7.002735 -0.617911 -0.183641 0.048662 0.002180 -0.062027
 17   1.574674 0.609930 -0.000899 -0.003575 0.150293 -0.180267
 18   -0.602177 0.511412 -0.000006 0.000000 0.000000 0.000000
 19   3.673773 0.177020 1.119313 -0.000002 -0.000014 -0.174510
 20   3.673767 0.176993 -1.117566 0.000007 -0.000003 -0.174546
 21   3.422810 1.264226 1.572969 0.000002 -0.000011 -0.000026
 22   -0.238247 -0.382994 0.496989 0.000099 -0.028720 0.445010
 23   3.430640 1.260344 -1.623270 0.000019 0.000002 -0.000024
 24   -0.160210 -0.285318 -0.532136 0.000091 -0.028745 0.445076
 25   4.531195 1.993432 1.637143 -0.032197 0.220350 0.007203
 26   4.531213 1.993460 -1.621597 0.035761 -0.204352 -0.020865
 27   3.109780 1.474729 1.502782 -0.000019 -0.000022 -0.000050
 28   3.112210 1.474335 -1.512861 -0.000002 -0.000009 -0.000024
 29   8.824059 0.150544 0.091743 0.002591 -0.029310 -0.184781
 30   2.075928 -0.561179 1.760882 0.003355 0.008879 -0.050518
 31   2.191605 -0.561289 -1.853599 0.003095 -0.047296 -0.001112
 32   -0.814395 -0.093824 3.127092 2.033895 -0.595762 1.245569
 33   14.298673 -0.408176 0.471578 0.016331 0.010002 -2.724496
 34   15.835795 0.581398 0.242756 0.181646 -0.319932 -0.465199
 35   -0.815868 -0.091229 -3.114430 -2.166992 0.671142 1.180672
 36   14.294526 -0.410349 -0.467541 -0.017177 -0.008377 -2.629941
 37   15.834409 0.579420 -0.284600 -0.247071 0.131729 -0.299508
 38   1.725640 -3.406873 -2.765217 -0.004673 -0.176360 0.072154
 39   -4.457742 -1.054854 -0.746180 -0.013471 -0.073849 0.086748
 40   0.532146 -3.496645 3.178694 -0.007094 -0.168503 0.072092
 41   -4.433840 -1.059130 0.959566 -0.009948 0.008365 0.040724
 42   -0.208236 1.677770 -2.782367 0.011577 -0.033116 0.007779
 43   -0.542971 1.472009 2.349830 -0.057398 -0.142319 0.123669
time 47
  0   -0.401123 2.578204 -27.160614 0.000000 0.058410 -1.414606
  1   -1.093036 0.000002 -0.326057 0.130753 -1.537596 -1.404825
  2   2.262337 0.113614 0.064702 -0.000065 0.005226 0.050947
  3   2.380047 0.353302 0.047440 0.000450 0.006779 0.093906
  4   2.033756 0.190472 -0.000128 -0.002020 -0.026402 -0.090498
  5   2.451511 0.204909 -0.003447 -0.009192 -0.006285 -0.090654
  6   7.247600 -0.397300 -0.109469 0.000001 0.000033 0.156829
  7   -2.022252 -0.104661 3.136172 0.506136 -1.342519 -3.724080
  8   1.168026 -0.537438 -0.063437 -1.102048 1.273974 -1.358011
  9   6.790376 -0.619176 0.015206 -0.010477 -0.035190 -0.050489
 10   8.637599 0.544015 -0.090417 -1.569848 0.133541 0.534793
 11   6.790465 -0.619039 0.017802 -0.010473 -0.035216 -0.050494
 12   -2.022474 -0.104699 -2.873818 -0.506864 1.342818 -3.724879
 13   1.167898 -0.537463 0.063297 -0.156971 -1.247966 -1.331977
 14   7.002743 -0.617765 -0.183752 0.048622 0.002181 -0.062045
 15   8.209042 0.615527 -0.255885 1.604604 0.162227 0.394855
 16   7.002735 -0.617911 -0.183641 0.048662 0.002180 -0.062027
 17   1.574674 0.609930 -0.000899 -0.003575 0.150293 -0.180267
 18   -0.602177 0.511412 -0.000006 0.000000 0.000000 0.000000
 19   3.677679 0.177020 1.119313 -0.000002 -0.000014 -0.174510
 20   3.677673 0.176993 -1.117566 0.000007 -0.000003 -0.174546
 21   3.782196 1.315009 1.612033 0.000002 -0.000011 -0.000026
 22   -0.246060 -0.125174 0.512615 0.000020 -0.008957 0.139070
 23   3.782213 1.315034 -1.631083 0.000019 0.000002 -0.000024
 24   -0.218805 -0.097812 -0.520417 0.000019 -0.008982 0.139101
 25   4.816360 1.997338 1.629330 -0.010049 0.068854 0.002229
 26   4.816378 1.997366 -1.629410 0.011169 -0.063848 -0.006532
 27   2.973057 1.576294 1.510595 -0.000019 -0.000022 -0.000050
 28   2.975487 1.575900 -1.505048 -0.000002 -0.000009 -0.000024
 29   8.824059 0.150544 0.091743 0.003571 -0.041583 -0.183761
 30   2.068115 -0.561179 1.768695 0.005457 -0.009342 -0.050303
 31   2.199417 -0.561289 -1.841880 0.004382 -0.063588 0.001636
 32   -0.814395 -0.093824 3.127092 2.033895 -0.595762 1.245569
 33   14.298673 -0.408176 0.471578 0.016331 0.010002 -2.724496
 34   15.835795 0.581398 0.242756 0.181646 -0.319932 -0.465199
 35   -0.815868 -0.091229 -3.114430 -2.166992 0.671142 1.180672
 36   14.294526 -0.410349 -0.467541 -0.017177 -0.008377 -2.629941
 37   15.834409 0.579420 -0.284600 -0.247071 0.131729 -0.299508
 38   1.725640 -3.406873 -2.765217 -0.004820 -0.174565 0.072154
 39   -4.457742 -1.054854 -0.746180 -0.013375 -0.074197 0.081672
 40   0.532146 -3.496645 3.178694 -0.007304 -0.165996 0.072030
 41   -4.433840 -1.059130 0.959566 -0.010020 0.011158 0.035787
 42   -0.208236 1.677770 -2.782367 0.011134 -0.033775 0.007863
 43   -0.542971 1.475915 2.349830 -0.057310 -0.142162 0.123083
time 48
  0   -0.401123 2.578204 -27.160614 0.000000 0.058410 -1.414606
  1   -1.093036 0.000002 -0.326057 0.130753 -1.537596 -1.404825
  2   2.262337 0.113614 0.064702 -0.000065 0.005346 0.051182
  3   2.380047 0.353302 0.047440 0.000465 0.006887 0.094151
  4   2.033756 0.190472 -0.000128 -0.002020 -0.026522 -0.090679
  5   2.451511 0.204909 -0.003447 -0.009192 -0.006402 -0.090852
  6   7.247600 -0.397300 -0.109469 0.000001 0.000033 0.156829
  7   -2.022252 -0.104661 3.136172 0.506136 -1.342519 -3.724080
  8   1.168026 -0.537438 -0.063437 -1.102048 1.273974 -1.358011
  9   6.790376 -0.619176 0.015206 -0.010477 -0.035190 -0.050489
 10   8.637599 0.544015 -0.090417 -1.569848 0.133541 0.534793
 11   6.790465 -0.619039 0.017802 -0.010473 -0.035216 -0.050494
 12   -2.022474 -0.104699 -2.873818 -0.506864 1.342818 -3.724879
 13   1.167898 -0.537463 0.063297 -0.156971 -1.247966 -1.331977
 14   7.002743 -0.617765 -0.183752 0.048622 0.002181 -0.062045
 15   8.209042 0.615527 -0.255885 1.604604 0.162227 0.394855
 16   7.002735 -0.617911 -0.183641 0.048662 0.002180 -0.062027
 17   1.574674 0.609930 -0.000899 -0.003575 0.150293 -0.180267
 18   -0.602177 0.511412 -0.000006 0.000000 0.000000 0.000000
 19   3.673773 0.177020 1.119313 -0.000002 -0.000014 -0.174510
 20   3.673767 0.176993 -1.117566 0.000007 -0.000003 -0.174546
 21   3.942357 1.334540 1.627658 0.000002 -0.000011 -0.000026
 22   -0.246060 -0.011889 0.516521 -0.000011 0.000031 0.000025
 23   3.942374 1.334565 -1.631083 0.000019 0.000002 -0.000024
 24   -0.246150 -0.011872 -0.516511 -0.000005 -0.000006 0.000048
 25   4.941364 1.997338 1.629330 0.000018 -0.000001 -0.000024
 26   4.941382 1.997366 -1.629410 -0.000001 0.000005 -0.000024
 27   2.914462 1.619264 1.514501 -0.000019 -0.000022 -0.000050
 28   2.920798 1.618870 -1.501142 -0.000002 -0.000009 -0.000024
 29   8.824059 0.150544 0.091743 0.004462 -0.053642 -0.182742
 30   2.064209 -0.561179 1.780414 0.007518 -0.027244 -0.050046
 31   2.207230 -0.557383 -1.830161 0.005654 -0.079595 0.004365
 32   -0.814395 -0.093824 3.127092 2.033895 -0.595762 1.245569
 33   14.298673 -0.408176 0.471578 0.016331 0.010002 -2.724496
 34   15.835795 0.581398 0.242756 0.181646 -0.319932 -0.465199
 35   -0.815868 -0.091229 -3.114430 -2.166992 0.671142 1.180672
 36   14.294526 -0.410349 -0.467541 -0.017177 -0.008377 -2.629941
 37   15.834409 0.579420 -0.284600 -0.247071 0.131729 -0.299508
 38   1.725640 -3.406873 -2.765217 -0.004947 -0.172793 0.072092
 39   -4.457742 -1.054854 -0.746180 -0.013267 -0.074496 0.076595
 40   0.532146 -3.496645 3.178694 -0.007493 -0.163538 0.071969
 41   -4.433840 -1.059130 0.959566 -0.010080 0.013914 0.030907
 42   -0.208236 1.677770 -2.786273 0.010415 -0.034864 0.007988
 43   -0.546877 1.475915 2.353736 -0.057148 -0.141896 0.122205
time 49
  0   -0.401123 2.578204 -27.160614 0.000000 0.058410 -1.414606
  1   -1.093036 0.000002 -0.326057 0.130753 -1.537596 -1.404825
  2   2.262337 0.113614 0.064702 -0.000065 0.005454 0.051417
  3   2.380047 0.353302 0.047440 0.000465 0.007019 0.094355
  4   2.033756 0.190472 -0.000128 -0.002020 -0.026630 -0.090933
  5   2.451511 0.204909 -0.003447 -0.009175 -0.006507 -0.091075
  6   7.247600 -0.397300 -0.109469 0.000001 0.000033 0.156829
  7   -2.022252 -0.104661 3.136172 0.506136 -1.342519 -3.724080
  8   1.168026 -0.537438 -0.063437 -1.102048 1.273974 -1.358011
  9   6.790376 -0.619176 0.015206 -0.010477 -0.035190 -0.050489
 10   8.637599 0.544015 -0.090417 -1.569848 0.133541 0.534793
 11   6.790465 -0.619039 0.017802 -0.010473 -0.035216 -0.050494
 12   -2.022474 -0.104699 -2.873818 -0.506864 1.342818 -3.724879
 13   1.167898 -0.537463 0.063297 -0.156971 -1.247966 -1.331977
 14   7.002743 -0.617765 -0.183752 0.048622 0.002181 -0.062045
 15   8.209042 0.615527 -0.255885 1.604604 0.162227 0.394855
 16   7.002735 -0.617911 -0.183641 0.048662 0.002180 -0.062027
 17   1.574674 0.609930 -0.000899 -0.003575 0.150293 -0.180267
 18   -0.602177 0.511412 -0.000006 0.000000 0.000000 0.000000
 19   3.673773 0.177020 1.119313 -0.000002 -0.000014 -0.174510
 20   3.673767 0.176993 -1.117566 0.000007 -0.000003 -0.174546
 21   3.942357 1.334540 1.627658 0.000002 -0.000011 -0.000026
 22   -0.246060 -0.011889 0.516521 -0.000011 0.000031 0.000025
 23   3.942374 1.334565 -1.631083 0.000019 0.000002 -0.000024
 24   -0.246150 -0.011872 -0.516511 -0.000005 -0.000006 0.000048
 25   4.941364 1.997338 1.629330 0.000018 -0.000001 -0.000024
 26   4.941382 1.997366 -1.629410 -0.000001 0.000005 -0.000024
 27   2.914462 1.619264 1.514501 -0.000019 -0.000022 -0.000050
 28   2.916892 1.618870 -1.501142 -0.000002 -0.000009 -0.000024
 29   8.824059 0.150544 0.091743 0.005443 -0.065368 -0.181776
 30   2.056396 -0.565085 1.784320 0.009525 -0.044680 -0.049767
 31   2.215043 -0.557383 -1.818442 0.006880 -0.095162 0.007003
 32   -0.814395 -0.093824 3.127092 2.033895 -0.595762 1.245569
 33   14.298673 -0.408176 0.471578 0.016331 0.010002 -2.724496
 34   15.835795 0.581398 0.242756 0.181646 -0.319932 -0.465199
 35   -0.815868 -0.091229 -3.114430 -2.166992 0.671142 1.180672
 36   14.294526 -0.410349 -0.467541 -0.017177 -0.008377 -2.629941
 37   15.834409 0.579420 -0.284600 -0.247071 0.131729 -0.299508
 38   1.725640 -3.406873 -2.765217 -0.005052 -0.171082 0.072031
 39   -4.457742 -1.054854 -0.746180 -0.013147 -0.074748 0.071519
 40   0.532146 -3.496645 3.178694 -0.007662 -0.161140 0.071908
 41   -4.433840 -1.059130 0.959566 -0.010128 0.016599 0.026196
 42   -0.208236 1.677770 -2.790179 0.009432 -0.036336 0.008197
 43   -0.546877 1.479821 2.353736 -0.056936 -0.141535 0.120992
time 50
  0   -0.401123 2.578204 -27.160614 0.000000 0.058410 -1.414606
  1   -1.093036 0.000002 -0.326057 0.130753 -1.537596 -1.404825
  2   2.262337 0.113614 0.064702 -0.000065 0.005550 0.051652
  3   2.380047 0.353302 0.047440 0.000480 0.007127 0.094600
  4   2.033756 0.190472 -0.000128 -0.002020 -0.026726 -0.091114
  5   2.451511 0.204909 -0.003447 -0.009175 -0.006598 -0.091347
  6   7.247600 -0.397300 -0.109469 0.000001 0.000033 0.156829
  7   -2.022252 -0.104661 3.136172 0.506136 -1.342519 -3.724080
  8   1.168026 -0.537438 -0.063437 -1.102048 1.273974 -1.358011
  9   6.790376 -0.619176 0.015206 -0.010477 -0.035190 -0.050489
 10   8.637599 0.544015 -0.090417 -1.569848 0.133541 0.534793
 11   6.790465 -0.619039 0.017802 -0.010473 -0.035216 -0.050494
 12   -2.022474 -0.104699 -2.873818 -0.506864 1.342818 -3.724879
 13   1.167898 -0.537463 0.063297 -0.156971 -1.247966 -1.331977
 14   7.002743 -0.617765 -0.183752 0.048622 0.002181 -0.062045
 15   8.209042 0.615527 -0.255885 1.604604 0.162227 0.394855
 16   7.002735 -0.617911 -0.183641 0.048662 0.002180 -0.062027
 17   1.574674 0.609930 -0.000899 -0.003575 0.150340 -0.180267
 18   -0.602177 0.511412 -0.000006 0.000000 0.000000 0.000000
 19   3.673773 0.177020 1.119313 -0.000002 -0.000014 -0.174510
 20   3.673767 0.176993 -1.117566 0.000007 -0.000003 -0.174546
 21   3.942357 1.334540 1.627658 0.000002 -0.000011 -0.000026
 22   -0.246060 -0.011889 0.516521 -0.000011 0.000031 0.000025
 23   3.942374 1.334565 -1.631083 0.000019 0.000002 -0.000024
 24   -0.246150 -0.011872 -0.516511 -0.000005 -0.000006 0.000048
 25   4.941364 1.997338 1.629330 0.000018 -0.000001 -0.000024
 26   4.941382 1.997366 -1.629410 -0.000001 0.000005 -0.000024
 27   2.914462 1.619264 1.514501 -0.000019 -0.000022 -0.000050
 28   2.920798 1.618870 -1.501142 -0.000002 -0.000009 -0.000024
 29   8.824059 0.150544 0.091743 0.006245 -0.076644 -0.180811
 30   2.052489 -0.565085 1.792133 0.011464 -0.061449 -0.049445
 31   2.222856 -0.553476 -1.806723 0.008075 -0.110133 0.009551
 32   -0.814395 -0.093824 3.127092 2.033895 -0.595762 1.245569
 33   14.298673 -0.408176 0.471578 0.016331 0.010002 -2.724496
 34   15.835795 0.581398 0.242756 0.181646 -0.319932 -0.465199
 35   -0.815868 -0.091229 -3.114430 -2.166992 0.671142 1.180672
 36   14.294526 -0.410349 -0.467541 -0.017177 -0.008377 -2.629941
 37   15.834409 0.579420 -0.284600 -0.247071 0.131729 -0.299508
 38   1.725640 -3.406873 -2.765217 -0.005136 -0.169419 0.071970
 39   -4.457742 -1.054854 -0.746180 -0.013003 -0.074952 0.066470
 40   0.532146 -3.496645 3.178694 -0.007788 -0.158838 0.071786
 41   -4.433840 -1.059130 0.959566 -0.010164 0.019163 0.021624
 42   -0.204329 1.677770 -2.794086 0.008197 -0.038191 0.008448
 43   -0.546877 1.479821 2.357643 -0.056673 -0.141080 0.119487
time 51
  0   -0.401123 2.578204 -27.160614 0.000000 0.058410 -1.414606
  1   -1.093036 0.000002 -0.326057 0.130753 -1.537596 -1.404825
  2   2.262337 0.113614 0.064702 -0.000065 0.005622 0.051833
  3   2.380047 0.353302 0.047440 0.000480 0.007211 0.094763
  4   2.033756 0.190472 -0.000128 -0.002020 -0.026797 -0.091295
  5   2.451511 0.204909 -0.003447 -0.009175 -0.006676 -0.091496
  6   7.247600 -0.397300 -0.109469 0.000001 0.000033 0.156829
  7   -2.022252 -0.104661 3.136172 0.506136 -1.342519 -3.724080
  8   1.168026 -0.537438 -0.063437 -1.102048 1.273974 -1.358011
  9   6.790376 -0.619176 0.015206 -0.010477 -0.035190 -0.050489
 10   8.637599 0.544015 -0.090417 -1.569848 0.133541 0.534793
 11   6.790465 -0.619039 0.017802 -0.010473 -0.035216 -0.050494
 12   -2.022474 -0.104699 -2.873818 -0.506864 1.342818 -3.724879
 13   1.167898 -0.537463 0.063297 -0.156971 -1.247966 -1.331977
 14   7.002743 -0.617765 -0.183752 0.048622 0.002181 -0.062045
 15   8.209042 0.615527 -0.255885 1.604604 0.162227 0.394855
 16   7.002735 -0.617911 -0.183641 0.048662 0.002180 -0.062027
 17   1.574674 0.609930 -0.000899 -0.003575 0.150340 -0.180267
 18   -0.602177 0.511412 -0.000006 0.000000 0.000000 0.000000
 19   3.673773 0.177020 1.119313 -0.000002 -0.000014 -0.174510
 20   3.673767 0.176993 -1.117566 0.000007 -0.000003 -0.174546
 21   3.942357 1.334540 1.627658 0.000002 -0.000011 -0.000026
 22   -0.246060 -0.011889 0.516521 -0.000011 0.000031 0.000025
 23   3.942374 1.334565 -1.631083 0.000019 0.000002 -0.000024
 24   -0.246150 -0.011872 -0.516511 -0.000005 -0.000006 0.000048
 25   4.941364 1.997338 1.629330 0.000018 -0.000001 -0.000024
 26   4.941382 1.997366 -1.629410 -0.000001 0.000005 -0.000024
 27   2.914462 1.619264 1.514501 -0.000019 -0.000022 -0.000050
 28   2.916892 1.618870 -1.501142 -0.000002 -0.000009 -0.000024
 29   8.824059 0.150544 0.091743 0.007136 -0.087373 -0.179899
 30   2.048583 -0.565085 1.799945 0.013295 -0.077403 -0.049081
 31   2.230668 -0.549570 -1.795003 0.009193 -0.124379 0.011971
 32   -0.814395 -0.093824 3.127092 2.033895 -0.595762 1.245569
 33   14.298673 -0.408176 0.471578 0.016331 0.010002 -2.724496
 34   15.835795 0.581398 0.242756 0.181646 -0.319932 -0.465199
 35   -0.815868 -0.091229 -3.114430 -2.166992 0.671142 1.180672
 36   14.294526 -0.410349 -0.467541 -0.017177 -0.008377 -2.629941
 37   15.834409 0.579420 -0.284600 -0.247071 0.131729 -0.299508
 38   1.725640 -3.406873 -2.765217 -0.005199 -0.167852 0.071909
 39   -4.457742 -1.054854 -0.746180 -0.012847 -0.075119 0.061506
 40   0.532146 -3.496645 3.178694 -0.007893 -0.156645 0.071725
 41   -4.433840 -1.059130 0.959566 -0.010200 0.021620 0.017305
 42   -0.204329 1.673864 -2.797992 0.006723 -0.040399 0.008741
 43   -0.546877 1.483728 2.361549 -0.056361 -0.140530 0.117646
time 52
  0   -0.401123 2.578204 -27.160614 0.000000 0.058410 -1.414606
  1   -1.093036 0.000002 -0.326057 0.130753 -1.537596 -1.404825
  2   2.262337 0.113614 0.064702 -0.000065 0.005705 0.051959
  3   2.380047 0.353302 0.047440 0.000495 0.007295 0.094906
  4   2.033756 0.190472 -0.000128 -0.002020 -0.026869 -0.091549
  5   2.451511 0.204909 -0.003447 -0.009175 -0.006742 -0.091694
  6   7.247600 -0.397300 -0.109469 0.000001 0.000033 0.156829
  7   -2.022252 -0.104661 3.136172 0.506136 -1.342519 -3.724080
  8   1.168026 -0.537438 -0.063437 -1.102048 1.273974 -1.358011
  9   6.790376 -0.619176 0.015206 -0.010477 -0.035190 -0.050489
 10   8.637599 0.544015 -0.090417 -1.569848 0.133541 0.534793
 11   6.790465 -0.619039 0.017802 -0.010473 -0.035216 -0.050494
 12   -2.022474 -0.104699 -2.873818 -0.506864 1.342818 -3.724879
 13   1.167898 -0.537463 0.063297 -0.156971 -1.247966 -1.331977
 14   7.002743 -0.617765 -0.183752 0.048622 0.002181 -0.062045
 15   8.209042 0.615527 -0.255885 1.604604 0.162227 0.394855
 16   7.002735 -0.617911 -0.183641 0.048662 0.002180 -0.062027
 17   1.574674 0.609930 -0.000899 -0.003575 0.150364 -0.180267
 18   -0.602177 0.511412 -0.000006 0.000000 0.000000 0.000000
 19   3.673773 0.177020 1.119313 -0.000002 -0.000014 -0.174510
 20   3.673767 0.176993 -1.117566 0.000007 -0.000003 -0.174546
 21   3.942357 1.334540 1.627658 0.000002 -0.000011 -0.000026
 22   -0.246060 -0.011889 0.516521 -0.000011 0.000031 0.000025
 23   3.942374 1.334565 -1.631083 0.000019 0.000002 -0.000024
 24   -0.246150 -0.011872 -0.516511 -0.000005 -0.000006 0.000048
 25   4.941364 1.997338 1.629330 0.000018 -0.000001 -0.000024
 26   4.941382 1.997366 -1.629410 -0.000001 0.000005 -0.000024
 27   2.914462 1.619264 1.514501 -0.000019 -0.000022 -0.000050
 28   2.916892 1.618870 -1.501142 -0.000002 -0.000009 -0.000024
 29   8.824059 0.150544 0.091743 0.007849 -0.097438 -0.179040
 30   2.040770 -0.568992 1.807758 0.015017 -0.092341 -0.048695
 31   2.238481 -0.549570 -1.787191 0.010250 -0.137744 0.014245
 32   -0.814395 -0.093824 3.127092 2.033895 -0.595762 1.245569
 33   14.298673 -0.408176 0.471578 0.016331 0.010002 -2.724496
 34   15.835795 0.581398 0.242756 0.181646 -0.319932 -0.465199
 35   -0.815868 -0.091229 -3.114430 -2.166992 0.671142 1.180672
 36   14.294526 -0.410349 -0.467541 -0.017177 -0.008377 -2.629941
 37   15.834409 0.579420 -0.284600 -0.247071 0.131729 -0.299508
 38   1.725640 -3.406873 -2.765217 -0.005262 -0.166370 0.071848
 39   -4.457742 -1.054854 -0.746180 -0.012680 -0.075263 0.056626
 40   0.532146 -3.496645 3.178694 -0.007999 -0.154584 0.071603
 41   -4.433840 -1.059130 0.959566 -0.010236 0.023921 0.013238
 42   -0.204329 1.673864 -2.805805 0.005034 -0.042944 0.009075
 43   -0.550783 1.487634 2.365455 -0.055998 -0.139903 0.115555
time 53
  0   -0.401123 2.578204 -27.160614 0.000000 0.058410 -1.414606
  1   -1.093036 0.000002 -0.326057 0.130753 -1.537596 -1.404825
  2   2.262337 0.113614 0.064702 -0.000065 0.005777 0.052140
  3   2.380047 0.353302 0.047440 0.000495 0.007342 0.095069
  4   2.033756 0.190472 -0.000128 -0.002020 -0.026941 -0.091694
  5   2.451511 0.204909 -0.003447 -0.009158 -0.006820 -0.091818
  6   7.247600 -0.397300 -0.109469 0.000001 0.000033 0.156829
  7   -2.022252 -0.104661 3.136172 0.506136 -1.342519 -3.724080
  8   1.168026 -0.537438 -0.063437 -1.102048 1.273974 -1.358011
  9   6.790376 -0.619176 0.015206 -0.010477 -0.035190 -0.050489
 10   8.637599 0.544015 -0.090417 -1.569848 0.133541 0.534793
 11   6.790465 -0.619039 0.017802 -0.010473 -0.035216 -0.050494
 12   -2.022474 -0.104699 -2.873818 -0.506864 1.342818 -3.724879
 13   1.167898 -0.537463 0.063297 -0.156971 -1.247966 -1.331977
 14   7.002743 -0.617765 -0.183752 0.048622 0.002181 -0.062045
 15   8.209042 0.615527 -0.255885 1.604604 0.162227 0.394855
 16   7.002735 -0.617911 -0.183641 0.048662 0.002180 -0.062027
 17   1.574674 0.609930 -0.000899 -0.003575 0.150364 -0.180230
 18   -0.602177 0.511412 -0.000006 0.000000 0.000000 0.000000
 19   3.673773 0.177020 1.119313 -0.000002 -0.000014 -0.174510
 20   3.673767 0.176993 -1.117566 0.000007 -0.000003 -0.174546
 21   3.942357 1.334540 1.627658 0.000002 -0.000011 -0.000026
 22   -0.246060 -0.011889 0.516521 -0.000011 0.000031 0.000025
 23   3.942374 1.334565 -1.631083 0.000019 0.000002 -0.000024
 24   -0.246150 -0.011872 -0.516511 -0.000005 -0.000006 0.000048
 25   4.941364 1.997338 1.629330 0.000018 -0.000001 -0.000024
 26   4.941382 1.997366 -1.629410 -0.000001 0.000005 -0.000024
 27   2.914462 1.619264 1.514501 -0.000019 -0.000022 -0.000050
 28   2.916892 1.618870 -1.501142 -0.000002 -0.000009 -0.000024
 29   8.824059 0.150544 0.091743 0.008562 -0.106743 -0.178236
 30   2.036864 -0.568992 1.811665 0.016617 -0.106174 -0.048287
 31   2.242387 -0.545664 -1.775472 0.011231 -0.150099 0.016338
 32   -0.814395 -0.093824 3.127092 2.033895 -0.595762 1.245569
 33   14.298673 -0.408176 0.471578 0.016331 0.010002 -2.724496
 34   15.835795 0.581398 0.242756 0.181646 -0.319932 -0.465199
 35   -0.815868 -0.091229 -3.114430 -2.166992 0.671142 1.180672
 36   14.294526 -0.410349 -0.467541 -0.017177 -0.008377 -2.629941
 37   15.834409 0.579420 -0.284600 -0.247071 0.131729 -0.299508
 38   1.725640 -3.406873 -2.765217 -0.005304 -0.165008 0.071787
 39   -4.457742 -1.054854 -0.746180 -0.012500 -0.075359 0.051914
 40   0.532146 -3.496645 3.178694 -0.008062 -0.152680 0.071542
 41   -4.433840 -1.059130 0.959566 -0.010260 0.026043 0.009480
 42   -0.204329 1.673864 -2.813618 0.003128 -0.045811 0.009452
 43   -0.550783 1.491540 2.369362 -0.055599 -0.139197 0.113213
time 54
  0   -0.401123 2.578204 -27.160614 0.000000 0.058410 -1.414606
  1   -1.093036 0.000002 -0.326057 0.130753 -1.537596 -1.404825
  2   2.262337 0.113614 0.064702 -0.000065 0.005837 0.052230
  3   2.380047 0.353302 0.047440 0.000510 0.007402 0.095212
  4   2.033756 0.190472 -0.000128 -0.002020 -0.027001 -0.091730
  5   2.451511 0.204909 -0.003447 -0.009158 -0.006872 -0.091917
  6   7.247600 -0.397300 -0.109469 0.000001 0.000033 0.156829
  7   -2.022252 -0.104661 3.136172 0.506136 -1.342519 -3.724080
  8   1.168026 -0.537438 -0.063437 -1.102048 1.273974 -1.358011
  9   6.790376 -0.619176 0.015206 -0.010477 -0.035190 -0.050489
 10   8.637599 0.544015 -0.090417 -1.569848 0.133541 0.534793
 11   6.790465 -0.619039 0.017802 -0.010473 -0.035216 -0.050494
 12   -2.022474 -0.104699 -2.873818 -0.506864 1.342818 -3.724879
 13   1.167898 -0.537463 0.063297 -0.156971 -1.247966 -1.331977
 14   7.002743 -0.617765 -0.183752 0.048622 0.002181 -0.062045
 15   8.209042 0.615527 -0.255885 1.604604 0.162227 0.394855
 16   7.002735 -0.617911 -0.183641 0.048662 0.002180 -0.062027
 17   1.574674 0.609930 -0.000899 -0.003575 0.150364 -0.180230
 18   -0.602177 0.511412 -0.000006 0.000000 0.000000 0.000000
 19   3.677679 0.177020 1.119313 -0.000002 -0.000014 -0.174510
 20   3.677673 0.176993 -1.117566 0.000007 -0.000003 -0.174546
 21   3.942357 1.334540 1.627658 0.000002 -0.000011 -0.000026
 22   -0.246060 -0.011889 0.516521 -0.000011 0.000031 0.000025
 23   3.942374 1.334565 -1.631083 0.000019 0.000002 -0.000024
 24   -0.246150 -0.011872 -0.516511 -0.000005 -0.000006 0.000048
 25   4.941364 1.997338 1.629330 0.000018 -0.000001 -0.000024
 26   4.941382 1.997366 -1.629410 -0.000001 0.000005 -0.000024
 27   2.914462 1.619264 1.514501 -0.000019 -0.000022 -0.000050
 28   2.920798 1.618870 -1.501142 -0.000002 -0.000009 -0.000024
 29   8.824059 0.150544 0.091743 0.009275 -0.115147 -0.177538
 30   2.032958 -0.568992 1.819477 0.018054 -0.118670 -0.047816
 31   2.250200 -0.545664 -1.767659 0.012120 -0.161262 0.018248
 32   -0.814395 -0.093824 3.127092 2.033895 -0.595762 1.245569
 33   14.298673 -0.408176 0.471578 0.016331 0.010002 -2.724496
 34   15.835795 0.581398 0.242756 0.181646 -0.319932 -0.465199
 35   -0.815868 -0.091229 -3.114430 -2.166992 0.671142 1.180672
 36   14.294526 -0.410349 -0.467541 -0.017177 -0.008377 -2.629941
 37   15.834409 0.579420 -0.284600 -0.247071 0.131729 -0.299508
 38   1.725640 -3.406873 -2.765217 -0.005346 -0.163779 0.071726
 39   -4.457742 -1.054854 -0.746180 -0.012296 -0.075443 0.047371
 40   0.532146 -3.496645 3.178694 -0.008125 -0.150969 0.071419
 41   -4.433840 -1.059130 0.959566 -0.010284 0.027960 0.006086
 42   -0.204329 1.673864 -2.821430 0.001031 -0.048954 0.009828
 43   -0.554690 1.495447 2.377174 -0.055149 -0.138428 0.110620
time 55
  0   -0.401123 2.578204 -27.160614 0.000000 0.058410 -1.414606
  1   -1.093036 0.000002 -0.326057 0.130753 -1.537596 -1.404825
  2   2.262337 0.113614 0.064702 -0.000065 0.005885 0.052375
  3   2.380047 0.353302 0.047440 0.000510 0.007450 0.095314
  4   2.033756 0.190472 -0.000128 -0.002020 -0.027061 -0.091839
  5   2.451511 0.204909 -0.003447 -0.009158 -0.006938 -0.092016
  6   7.247600 -0.397300 -0.109469 0.000001 0.000033 0.156829
  7   -2.022252 -0.104661 3.136172 0.506136 -1.342519 -3.724080
  8   1.168026 -0.537438 -0.063437 -1.102048 1.273974 -1.358011
  9   6.790376 -0.619176 0.015206 -0.010477 -0.035190 -0.050489
 10   8.637599 0.544015 -0.090417 -1.569848 0.133541 0.534793
 11   6.790465 -0.619039 0.017802 -0.010473 -0.035216 -0.050494
 12   -2.022474 -0.104699 -2.873818 -0.506864 1.342818 -3.724879
 13   1.167898 -0.537463 0.063297 -0.156971 -1.247966 -1.331977
 14   7.002743 -0.617765 -0.183752 0.048622 0.002181 -0.062045
 15   8.209042 0.615527 -0.255885 1.604604 0.162227 0.394855
 16   7.002735 -0.617911 -0.183641 0.048662 0.002180 -0.062027
 17   1.574674 0.609930 -0.000899 -0.003575 0.150411 -0.180230
 18   -0.602177 0.511412 -0.000006 0.000000 0.000000 0.000000
 19   3.673773 0.177020 1.119313 -0.000002 -0.000014 -0.174510
 20   3.673767 0.176993 -1.117566 0.000007 -0.000003 -0.174546
 21   3.942357 1.334540 1.627658 0.000002 -0.000011 -0.000026
 22   -0.246060 -0.011889 0.516521 -0.000011 0.000031 0.000025
 23   3.942374 1.334565 -1.631083 0.000019 0.000002 -0.000024
 24   -0.246150 -0.011872 -0.516511 -0.000005 -0.000006 0.000048
 25   4.941364 1.997338 1.629330 0.000018 -0.000001 -0.000024
 26   4.941382 1.997366 -1.629410 -0.000001 0.000005 -0.000024
 27   2.914462 1.619264 1.514501 -0.000019 -0.000022 -0.000050
 28   2.916892 1.618870 -1.501142 -0.000002 -0.000009 -0.000024
 29   8.824059 0.150544 0.091743 0.009810 -0.122577 -0.176895
 30   2.029051 -0.568992 1.823384 0.019315 -0.129713 -0.047322
 31   2.254107 -0.541757 -1.763752 0.012901 -0.171105 0.019922
 32   -0.814395 -0.093824 3.127092 2.033895 -0.595762 1.245569
 33   14.298673 -0.408176 0.471578 0.016331 0.010002 -2.724496
 34   15.835795 0.581398 0.242756 0.181646 -0.319932 -0.465199
 35   -0.815868 -0.091229 -3.114430 -2.166992 0.671142 1.180672
 36   14.294526 -0.410349 -0.467541 -0.017177 -0.008377 -2.629941
 37   15.834409 0.579420 -0.284600 -0.247071 0.131729 -0.299508
 38   1.725640 -3.406873 -2.765217 -0.005368 -0.162683 0.071604
 39   -4.457742 -1.054854 -0.746180 -0.012080 -0.075503 0.043023
 40   0.532146 -3.496645 3.178694 -0.008167 -0.149451 0.071297
 41   -4.433840 -1.059130 0.959566 -0.010296 0.029662 0.003113
 42   -0.204329 1.669957 -2.829243 -0.001234 -0.052373 0.010288
 43   -0.554690 1.503260 2.381081 -0.054662 -0.137596 0.107818
time 56
  0   -0.401123 2.578204 -27.160614 0.000000 0.058410 -1.414606
  1   -1.093036 0.000002 -0.326057 0.130753 -1.537596 -1.404825
  2   2.262337 0.113614 0.064702 -0.000065 0.005957 0.052447
  3   2.380047 0.353302 0.047440 0.000510 0.007498 0.095416
  4   2.033756 0.190472 -0.000128 -0.002020 -0.027097 -0.091984
  5   2.451511 0.204909 -0.003447 -0.009158 -0.006977 -0.092115
  6   7.247600 -0.397300 -0.109469 0.000001 0.000033 0.156829
  7   -2.022252 -0.104661 3.136172 0.506136 -1.342519 -3.724080
  8   1.168026 -0.537438 -0.063437 -1.102048 1.273974 -1.358011
  9   6.790376 -0.619176 0.015206 -0.010477 -0.035190 -0.050489
 10   8.637599 0.544015 -0.090417 -1.569848 0.133541 0.534793
 11   6.790465 -0.619039 0.017802 -0.010473 -0.035216 -0.050494
 12   -2.022474 -0.104699 -2.873818 -0.506864 1.342818 -3.724879
 13   1.167898 -0.537463 0.063297 -0.156971 -1.247966 -1.331977
 14   7.002743 -0.617765 -0.183752 0.048622 0.002181 -0.062045
 15   8.209042 0.615527 -0.255885 1.604604 0.162227 0.394855
 16   7.002735 -0.617911 -0.183641 0.048662 0.002180 -0.062027
 17   1.574674 0.609930 -0.000899 -0.003575 0.150435 -0.180230
 18   -0.602177 0.511412 -0.000006 0.000000 0.000000 0.000000
 19   3.677679 0.177020 1.119313 -0.000002 -0.000014 -0.174510
 20   3.677673 0.176993 -1.117566 0.000007 -0.000003 -0.174546
 21   3.942357 1.334540 1.627658 0.000002 -0.000011 -0.000026
 22   -0.246060 -0.011889 0.516521 -0.000011 0.000031 0.000025
 23   3.942374 1.334565 -1.631083 0.000019 0.000002 -0.000024
 24   -0.246150 -0.011872 -0.516511 -0.000005 -0.000006 0.000048
 25   4.941364 1.997338 1.629330 0.000018 -0.000001 -0.000024
 26   4.941382 1.997366 -1.629410 -0.000001 0.000005 -0.000024
 27   2.914462 1.619264 1.514501 -0.000019 -0.000022 -0.000050
 28   2.920798 1.618870 -1.501142 -0.000002 -0.000009 -0.000024
 29   8.824059 0.150544 0.091743 0.010344 -0.128891 -0.176304
 30   2.025145 -0.568992 1.827290 0.020400 -0.139100 -0.046765
 31   2.258013 -0.541757 -1.755940 0.013560 -0.179497 0.021341
 32   -0.814395 -0.093824 3.127092 2.033895 -0.595762 1.245569
 33   14.298673 -0.408176 0.471578 0.016331 0.010002 -2.724496
 34   15.835795 0.581398 0.242756 0.181646 -0.319932 -0.465199
 35   -0.815868 -0.091229 -3.114430 -2.166992 0.671142 1.180672
 36   14.294526 -0.410349 -0.467541 -0.017177 -0.008377 -2.629941
 37   15.834409 0.579420 -0.284600 -0.247071 0.131729 -0.299508
 38   1.725640 -3.406873 -2.765217 -0.005389 -0.161755 0.071543
 39   -4.457742 -1.054854 -0.746180 -0.011853 -0.075539 0.038929
 40   0.532146 -3.496645 3.178694 -0.008188 -0.148161 0.071114
 41   -4.433840 -1.059130 0.959566 -0.010308 0.031100 0.000561
 42   -0.204329 1.669957 -2.840962 -0.003679 -0.056053 0.010790
 43   -0.558596 1.507166 2.388894 -0.054137 -0.136686 0.104807
time 57
  0   -0.401123 2.578204 -27.160614 0.000000 0.058410 -1.414606
  1   -1.093036 0.000002 -0.326057 0.130753 -1.537596 -1.404825
  2   2.262337 0.113614 0.064702 -0.000065 0.005981 0.052501
  3   2.380047 0.353302 0.047440 0.000510 0.007522 0.095477
  4   2.033756 0.190472 -0.000128 -0.002020 -0.027157 -0.091984
  5   2.451511 0.204909 -0.003447 -0.009158 -0.007029 -0.092214
  6   7.247600 -0.397300 -0.109469 0.000001 0.000033 0.156829
  7   -2.022252 -0.104661 3.136172 0.506136 -1.342519 -3.724080
  8   1.168026 -0.537438 -0.063437 -1.102048 1.273974 -1.358011
  9   6.790376 -0.619176 0.015206 -0.010477 -0.035190 -0.050489
 10   8.637599 0.544015 -0.090417 -1.569848 0.133541 0.534793
 11   6.790465 -0.619039 0.017802 -0.010473 -0.035216 -0.050494
 12   -2.022474 -0.104699 -2.873818 -0.506864 1.342818 -3.724879
 13   1.167898 -0.537463 0.063297 -0.156971 -1.247966 -1.331977
 14   7.002743 -0.617765 -0.183752 0.048622 0.002181 -0.062045
 15   8.209042 0.615527 -0.255885 1.604604 0.162227 0.394855
 16   7.002735 -0.617911 -0.183641 0.048662 0.002180 -0.062027
 17   1.574674 0.609930 -0.000899 -0.003575 0.150435 -0.180230
 18   -0.602177 0.511412 -0.000006 0.000000 0.000000 0.000000
 19   3.677679 0.177020 1.119313 -0.000002 -0.000014 -0.174510
 20   3.673767 0.176993 -1.117566 0.000007 -0.000003 -0.174546
 21   3.942357 1.334540 1.627658 0.000002 -0.000011 -0.000026
 22   -0.246060 -0.011889 0.516521 -0.000011 0.000031 0.000025
 23   3.942374 1.334565 -1.631083 0.000019 0.000002 -0.000024
 24   -0.246150 -0.011872 -0.516511 -0.000005 -0.000006 0.000048
 25   4.941364 1.997338 1.629330 0.000018 -0.000001 -0.000024
 26   4.941382 1.997366 -1.629410 -0.000001 0.000005 -0.000024
 27   2.914462 1.619264 1.514501 -0.000019 -0.000022 -0.000050
 28   2.920798 1.618870 -1.501142 -0.000002 -0.000009 -0.000024
 29   8.824059 0.150544 0.091743 0.010701 -0.133995 -0.175875
 30   2.025145 -0.568992 1.831196 0.021282 -0.146685 -0.046186
 31   2.261919 -0.541757 -1.752033 0.014096 -0.186283 0.022488
 32   -0.814395 -0.093824 3.127092 2.033895 -0.595762 1.245569
 33   14.298673 -0.408176 0.471578 0.016331 0.010002 -2.724496
 34   15.835795 0.581398 0.242756 0.181646 -0.319932 -0.465199
 35   -0.815868 -0.091229 -3.114430 -2.166992 0.671142 1.180672
 36   14.294526 -0.410349 -0.467541 -0.017177 -0.008377 -2.629941
 37   15.834409 0.579420 -0.284600 -0.247071 0.131729 -0.299508
 38   1.725640 -3.406873 -2.765217 -0.005389 -0.161008 0.071420
 39   -4.457742 -1.054854 -0.746180 -0.011589 -0.075563 0.035086
 40   0.532146 -3.496645 3.178694 -0.008209 -0.147113 0.070992
 41   -4.433840 -1.059130 0.959566 -0.010320 0.032275 -0.001486
 42   -0.204329 1.669957 -2.848775 -0.006280 -0.059947 0.011292
 43   -0.558596 1.511072 2.392800 -0.053587 -0.135729 0.101587
time 58
  0   -0.401123 2.578204 -27.160614 0.000000 0.058410 -1.414606
  1   -1.093036 0.000002 -0.326057 0.130753 -1.537596 -1.404825
  2   2.262337 0.113614 0.064702 -0.000065 0.006005 0.052538
  3   2.380047 0.353302 0.047440 0.000510 0.007546 0.095518
  4   2.033756 0.190472 -0.000128 -0.002020 -0.027181 -0.092129
  5   2.451511 0.204909 -0.003447 -0.009158 -0.007055 -0.092239
  6   7.247600 -0.397300 -0.109469 0.000001 0.000033 0.156829
  7   -2.022252 -0.104661 3.136172 0.506136 -1.342519 -3.724080
  8   1.168026 -0.537438 -0.063437 -1.102048 1.273974 -1.358011
  9   6.790376 -0.619176 0.015206 -0.010477 -0.035190 -0.050489
 10   8.637599 0.544015 -0.090417 -1.569848 0.133541 0.534793
 11   6.790465 -0.619039 0.017802 -0.010473 -0.035216 -0.050494
 12   -2.022474 -0.104699 -2.873818 -0.506864 1.342818 -3.724879
 13   1.167898 -0.537463 0.063297 -0.156971 -1.247966 -1.331977
 14   7.002743 -0.617765 -0.183752 0.048622 0.002181 -0.062045
 15   8.209042 0.615527 -0.255885 1.604604 0.162227 0.394855
 16   7.002735 -0.617911 -0.183641 0.048662 0.002180 -0.062027
 17   1.574674 0.609930 -0.000899 -0.003575 0.150506 -0.180230
 18   -0.602177 0.511412 -0.000006 0.000000 0.000000 0.000000
 19   3.673773 0.177020 1.119313 -0.000002 -0.000014 -0.174510
 20   3.673767 0.176993 -1.117566 0.000007 -0.000003 -0.174546
 21   3.942357 1.334540 1.627658 0.000002 -0.000011 -0.000026
 22   -0.246060 -0.011889 0.516521 -0.000011 0.000031 0.000025
 23   3.942374 1.334565 -1.631083 0.000019 0.000002 -0.000024
 24   -0.246150 -0.011872 -0.516511 -0.000005 -0.000006 0.000048
 25   4.941364 1.997338 1.629330 0.000018 -0.000001 -0.000024
 26   4.941382 1.997366 -1.629410 -0.000001 0.000005 -0.000024
 27   2.914462 1.619264 1.514501 -0.000019 -0.000022 -0.000050
 28   2.920798 1.618870 -1.501142 -0.000002 -0.000009 -0.000024
 29   8.824059 0.150544 0.091743 0.010968 -0.137793 -0.175500
 30   2.021238 -0.572898 1.835103 0.021919 -0.152323 -0.045564
 31   2.265826 -0.537851 -1.748127 0.014494 -0.191308 0.023343
 32   -0.814395 -0.093824 3.127092 2.033895 -0.595762 1.245569
 33   14.298673 -0.408176 0.471578 0.016331 0.010002 -2.724496
 34   15.835795 0.581398 0.242756 0.181646 -0.319932 -0.465199
 35   -0.815868 -0.091229 -3.114430 -2.166992 0.671142 1.180672
 36   14.294526 -0.410349 -0.467541 -0.017177 -0.008377 -2.629941
 37   15.834409 0.579420 -0.284600 -0.247071 0.131729 -0.299508
 38   1.725640 -3.406873 -2.765217 -0.005410 -0.160453 0.071298
 39   -4.457742 -1.054854 -0.746180 -0.011325 -0.075575 0.031552
 40   0.532146 -3.496645 3.178694 -0.008230 -0.146341 0.070809
 41   -4.433840 -1.059130 0.959566 -0.010320 0.033137 -0.003001
 42   -0.204329 1.666051 -2.860494 -0.009012 -0.064056 0.011836
 43   -0.562502 1.518885 2.400613 -0.053000 -0.134725 0.098241
time 59
  0   -0.401123 2.578204 -27.160614 0.000000 0.058410 -1.414606
  1   -1.093036 0.000002 -0.326057 0.130753 -1.537596 -1.404825
  2   2.262337 0.113614 0.064702 -0.000065 0.006017 0.052610
  3   2.380047 0.353302 0.047440 0.000525 0.007558 0.095559
  4   2.033756 0.190472 -0.000128 -0.002020 -0.027193 -0.092129
  5   2.451511 0.204909 -0.003447 -0.009158 -0.007068 -0.092239
  6   7.247600 -0.397300 -0.109469 0.000001 0.000033 0.156829
  7   -2.022252 -0.104661 3.136172 0.506136 -1.342519 -3.724080
  8   1.168026 -0.537438 -0.063437 -1.102048 1.273974 -1.358011
  9   6.790376 -0.619176 0.015206 -0.010477 -0.035190 -0.050489
 10   8.637599 0.544015 -0.090417 -1.569848 0.133541 0.534793
 11   6.790465 -0.619039 0.017802 -0.010473 -0.035216 -0.050494
 12   -2.022474 -0.104699 -2.873818 -0.506864 1.342818 -3.724879
 13   1.167898 -0.537463 0.063297 -0.156971 -1.247966 -1.331977
 14   7.002743 -0.617765 -0.183752 0.048622 0.002181 -0.062045
 15   8.209042 0.615527 -0.255885 1.604604 0.162227 0.394855
 16   7.002735 -0.617911 -0.183641 0.048662 0.002180 -0.062027
 17   1.574674 0.609930 -0.000899 -0.003575 0.150553 -0.180230
 18   -0.602177 0.511412 -0.000006 0.000000 0.000000 0.000000
 19   3.673773 0.177020 1.119313 -0.000002 -0.000014 -0.174510
 20   3.673767 0.176993 -1.117566 0.000007 -0.000003 -0.174546
 21   3.942357 1.334540 1.627658 0.000002 -0.000011 -0.000026
 22   -0.246060 -0.011889 0.516521 -0.000011 0.000031 0.000025
 23   3.942374 1.334565 -1.631083 0.000019 0.000002 -0.000024
 24   -0.246150 -0.011872 -0.516511 -0.000005 -0.000006 0.000048
 25   4.941364 1.997338 1.629330 0.000018 -0.000001 -0.000024
 26   4.941382 1.997366 -1.629410 -0.000001 0.000005 -0.000024
 27   2.914462 1.619264 1.514501 -0.000019 -0.000022 -0.000050
 28   2.920798 1.618870 -1.501142 -0.000002 -0.000009 -0.000024
 29   8.824059 0.150544 0.091743 0.011236 -0.140143 -0.175231
 30   2.021238 -0.572898 1.835103 0.022326 -0.155810 -0.044878
 31   2.265826 -0.537851 -1.744221 0.014740 -0.194442 0.023889
 32   -0.814395 -0.093824 3.127092 2.033895 -0.595762 1.245569
 33   14.298673 -0.408176 0.471578 0.016331 0.010002 -2.724496
 34   15.835795 0.581398 0.242756 0.181646 -0.319932 -0.465199
 35   -0.815868 -0.091229 -3.114430 -2.166992 0.671142 1.180672
 36   14.294526 -0.410349 -0.467541 -0.017177 -0.008377 -2.629941
 37   15.834409 0.579420 -0.284600 -0.247071 0.131729 -0.299508
 38   1.725640 -3.406873 -2.765217 -0.005410 -0.160104 0.071176
 39   -4.457742 -1.054854 -0.746180 -0.011026 -0.075587 0.028355
 40   0.532146 -3.496645 3.178694 -0.008230 -0.145859 0.070686
 41   -4.433840 -1.059130 0.959566 -0.010332 0.033665 -0.003955
 42   -0.204329 1.666051 -2.872213 -0.011877 -0.068349 0.012379
 43   -0.566409 1.522791 2.408425 -0.052388 -0.133673 0.094686
time 60
  0   -0.401123 2.578204 -27.160614 0.000000 0.058410 -1.414606
  1   -1.093036 0.000002 -0.326057 0.130753 -1.537596 -1.404825
  2   2.262337 0.113614 0.064702 -0.000065 0.006029 0.052610
  3   2.380047 0.353302 0.047440 0.000525 0.007570 0.095559
  4   2.033756 0.190472 -0.000128 -0.002020 -0.027205 -0.092129
  5   2.451511 0.204909 -0.003447 -0.009158 -0.007068 -0.092313
  6   7.247600 -0.397300 -0.109469 0.000001 0.000033 0.156829
  7   -2.022252 -0.104661 3.136172 0.506136 -1.342519 -3.724080
  8   1.168026 -0.537438 -0.063437 -1.102048 1.273974 -1.358011
  9   6.790376 -0.619176 0.015206 -0.010477 -0.035190 -0.050489
 10   8.637599 0.544015 -0.090417 -1.569848 0.133541 0.534793
 11   6.790465 -0.619039 0.017802 -0.010473 -0.035216 -0.050494
 12   -2.022474 -0.104699 -2.873818 -0.506864 1.342818 -3.724879
 13   1.167898 -0.537463 0.063297 -0.156971 -1.247966 -1.331977
 14   7.002743 -0.617765 -0.183752 0.048622 0.002181 -0.062045
 15   8.209042 0.615527 -0.255885 1.604604 0.162227 0.394855
 16   7.002735 -0.617911 -0.183641 0.048662 0.002180 -0.062027
 17   1.574674 0.609930 -0.000899 -0.003575 0.150577 -0.180230
 18   -0.602177 0.511412 -0.000006 0.000000 0.000000 0.000000
 19   3.677679 0.177020 1.119313 -0.000002 -0.000014 -0.174510
 20   3.673767 0.176993 -1.117566 0.000007 -0.000003 -0.174546
 21   3.942357 1.334540 1.627658 0.000002 -0.000011 -0.000026
 22   -0.246060 -0.011889 0.516521 -0.000011 0.000031 0.000025
 23   3.942374 1.334565 -1.631083 0.000019 0.000002 -0.000024
 24   -0.246150 -0.011872 -0.516511 -0.000005 -0.000006 0.000048
 25   4.941364 1.997338 1.629330 0.000018 -0.000001 -0.000024
 26   4.941382 1.997366 -1.629410 -0.000001 0.000005 -0.000024
 27   2.914462 1.619264 1.514501 -0.000019 -0.000022 -0.000050
 28   2.920798 1.618870 -1.501142 -0.000002 -0.000009 -0.000024
 29   8.824059 0.150544 0.091743 0.011236 -0.140950 -0.175124
 30   2.021238 -0.572898 1.839009 0.022461 -0.157031 -0.044149
 31   2.265826 -0.537851 -1.744221 0.014832 -0.195504 0.024071
 32   -0.814395 -0.093824 3.127092 2.033895 -0.595762 1.245569
 33   14.298673 -0.408176 0.471578 0.016331 0.010002 -2.724496
 34   15.835795 0.581398 0.242756 0.181646 -0.319932 -0.465199
 35   -0.815868 -0.091229 -3.114430 -2.166992 0.671142 1.180672
 36   14.294526 -0.410349 -0.467541 -0.017177 -0.008377 -2.629941
 37   15.834409 0.579420 -0.284600 -0.247071 0.131729 -0.299508
 38   1.725640 -3.406873 -2.765217 -0.005410 -0.159995 0.071054
 39   -4.457742 -1.054854 -0.746180 -0.010714 -0.075587 0.025494
 40   0.532146 -3.496645 3.178694 -0.008230 -0.145691 0.070503
 41   -4.433840 -1.059130 0.959566 -0.010332 0.033856 -0.004291
 42   -0.204329 1.666051 -2.880026 -0.014861 -0.072826 0.012965
 43   -0.566409 1.530604 2.416238 -0.051750 -0.132575 0.091006
time 61
  0   -0.401123 2.578204 -27.160614 0.000000 0.058410 -1.414606
  1   -1.093036 0.000002 -0.326057 0.130753 -1.537596 -1.404825
  2   2.262337 0.113614 0.064702 -0.000065 0.006005 0.052538
  3   2.380047 0.353302 0.047440 0.000510 0.007546 0.095518
  4   2.033756 0.190472 -0.000128 -0.002020 -0.027181 -0.092129
  5   2.451511 0.204909 -0.003447 -0.009158 -0.007055 -0.092239
  6   7.247600 -0.397300 -0.109469 0.000001 0.000033 0.156829
  7   -2.022252 -0.104661 3.136172 0.506136 -1.342519 -3.724080
  8   1.168026 -0.537438 -0.063437 -1.102048 1.273974 -1.358011
  9   6.790376 -0.619176 0.015206 -0.010477 -0.035190 -0.050489
 10   8.637599 0.544015 -0.090417 -1.569848 0.133541 0.534793
 11   6.790465 -0.619039 0.017802 -0.010473 -0.035216 -0.050494
 12   -2.022474 -0.104699 -2.873818 -0.506864 1.342818 -3.724879
 13   1.167898 -0.537463 0.063297 -0.156971 -1.247966 -1.331977
 14   7.002743 -0.617765 -0.183752 0.048622 0.002181 -0.062045
 15   8.209042 0.615527 -0.255885 1.604604 0.162227 0.394855
 16   7.002735 -0.617911 -0.183641 0.048662 0.002180 -0.062027
 17   1.574674 0.609930 -0.000899 -0.003575 0.150648 -0.180230
 18   -0.602177 0.511412 -0.000006 0.000000 0.000000 0.000000
 19   3.673773 0.177020 1.119313 -0.000002 -0.000014 -0.174510
 20   3.673767 0.176993 -1.117566 0.000007 -0.000003 -0.174546
 21   3.942357 1.334540 1.627658 0.000002 -0.000011 -0.000026
 22   -0.246060 -0.011889 0.516521 -0.000011 0.000031 0.000025
 23   3.942374 1.334565 -1.631083 0.000019 0.000002 -0.000024
 24   -0.246150 -0.011872 -0.516511 -0.000005 -0.000006 0.000048
 25   4.941364 1.997338 1.629330 0.000018 -0.000001 -0.000024
 26   4.941382 1.997366 -1.629410 -0.000001 0.000005 -0.000024
 27   2.914462 1.619264 1.514501 -0.000019 -0.000022 -0.000050
 28   2.916892 1.618870 -1.501142 -0.000002 -0.000009 -0.000024
 29   8.824059 0.150544 0.091743 0.011236 -0.140451 -0.175070
 30   2.021238 -0.572898 1.839009 0.022380 -0.156478 -0.043291
 31   2.265826 -0.537851 -1.744221 0.014770 -0.194831 0.023980
 32   -0.814395 -0.093824 3.127092 2.033895 -0.595762 1.245569
 33   14.298673 -0.408176 0.471578 0.016331 0.010002 -2.724496
 34   15.835795 0.581398 0.242756 0.181646 -0.319932 -0.465199
 35   -0.815868 -0.091229 -3.114430 -2.166992 0.671142 1.180672
 36   14.294526 -0.410349 -0.467541 -0.017177 -0.008377 -2.629941
 37   15.834409 0.579420 -0.284600 -0.247071 0.131729 -0.299508
 38   1.725640 -3.406873 -2.765217 -0.005283 -0.160116 0.070687
 39   -4.457742 -1.054854 -0.746180 -0.010367 -0.075323 0.022970
 40   0.532146 -3.496645 3.178694 -0.008104 -0.145871 0.070014
 41   -4.433840 -1.059130 0.959566 -0.010296 0.033737 -0.004263
 42   -0.204329 1.662145 -2.891745 -0.017929 -0.077426 0.013592
 43   -0.570315 1.538417 2.424051 -0.051088 -0.131445 0.087241
time 62
  0   -0.401123 2.578204 -27.160614 0.000000 0.058410 -1.414606
  1   -1.093036 0.000002 -0.326057 0.130753 -1.537596 -1.404825
  2   2.262337 0.113614 0.064702 -0.000065 0.005921 0.052447
  3   2.380047 0.353302 0.047440 0.000510 0.007486 0.095375
  4   2.033756 0.190472 -0.000128 -0.002020 -0.027097 -0.091984
  5   2.451511 0.204909 -0.003447 -0.009158 -0.006977 -0.092115
  6   7.247600 -0.397300 -0.109469 0.000001 0.000033 0.156829
  7   -2.022252 -0.104661 3.136172 0.506136 -1.342519 -3.724080
  8   1.168026 -0.537438 -0.063437 -1.102048 1.273974 -1.358011
  9   6.790376 -0.619176 0.015206 -0.010477 -0.035190 -0.050489
 10   8.637599 0.544015 -0.090417 -1.569848 0.133541 0.534793
 11   6.790465 -0.619039 0.017802 -0.010473 -0.035216 -0.050494
 12   -2.022474 -0.104699 -2.873818 -0.506864 1.342818 -3.724879
 13   1.167898 -0.537463 0.063297 -0.156971 -1.247966 -1.331977
 14   7.002743 -0.617765 -0.183752 0.048622 0.002181 -0.062045
 15   8.209042 0.615527 -0.255885 1.604604 0.162227 0.394855
 16   7.002735 -0.617911 -0.183641 0.048662 0.002180 -0.062027
 17   1.574674 0.609930 -0.000899 -0.003575 0.150695 -0.180230
 18   -0.602177 0.511412 -0.000006 0.000000 0.000000 0.000000
 19   3.673773 0.177020 1.119313 -0.000002 -0.000014 -0.174510
 20   3.673767 0.176993 -1.117566 0.000007 -0.000003 -0.174546
 21   3.942357 1.334540 1.627658 0.000002 -0.000011 -0.000026
 22   -0.246060 -0.011889 0.516521 -0.000011 0.000031 0.000025
 23   3.942374 1.334565 -1.631083 0.000019 0.000002 -0.000024
 24   -0.246150 -0.011872 -0.516511 -0.000005 -0.000006 0.000048
 25   4.941364 1.997338 1.629330 0.000018 -0.000001 -0.000024
 26   4.941382 1.997366 -1.629410 -0.000001 0.000005 -0.000024
 27   2.914462 1.619264 1.514501 -0.000019 -0.000022 -0.000050
 28   2.916892 1.618870 -1.501142 -0.000002 -0.000009 -0.000024
 29   8.824059 0.150544 0.091743 0.011057 -0.139027 -0.175017
 30   2.021238 -0.572898 1.835103 0.022163 -0.154880 -0.042240
 31   2.265826 -0.537851 -1.744221 0.014617 -0.192836 0.023743
 32   -0.814395 -0.093824 3.127092 2.033895 -0.595762 1.245569
 33   14.298673 -0.408176 0.471578 0.016331 0.010002 -2.724496
 34   15.835795 0.581398 0.242756 0.181646 -0.319932 -0.465199
 35   -0.815868 -0.091229 -3.114430 -2.166992 0.671142 1.180672
 36   14.294526 -0.410349 -0.467541 -0.017177 -0.008377 -2.629941
 37   15.834409 0.579420 -0.284600 -0.247071 0.131729 -0.299508
 38   1.725640 -3.406873 -2.765217 -0.004904 -0.160477 0.069771
 39   -4.457742 -1.054854 -0.746180 -0.009995 -0.074556 0.020586
 40   0.532146 -3.496645 3.178694 -0.007704 -0.146378 0.069098
 41   -4.433840 -1.059130 0.959566 -0.010188 0.033389 -0.004235
 42   -0.200423 1.662145 -2.907371 -0.021081 -0.082164 0.014178
 43   -0.574221 1.546230 2.431864 -0.050414 -0.130284 0.083352
time 63
  0   -0.401123 2.578204 -27.160614 0.000000 0.058410 -1.414606
  1   -1.093036 0.000002 -0.326057 0.130753 -1.537596 -1.404825
  2   2.262337 0.113614 0.064702 -0.000065 0.005825 0.052212
  3   2.380047 0.353302 0.047440 0.000510 0.007390 0.095171
  4   2.033756 0.190472 -0.000128 -0.002020 -0.026989 -0.091730
  5   2.451511 0.204909 -0.003447 -0.009158 -0.006859 -0.091917
  6   7.247600 -0.397300 -0.109469 0.000001 0.000033 0.156829
  7   -2.022252 -0.104661 3.136172 0.506136 -1.342519 -3.724080
  8   1.168026 -0.537438 -0.063437 -1.102048 1.273974 -1.358011
  9   6.790376 -0.619176 0.015206 -0.010477 -0.035190 -0.050489
 10   8.637599 0.544015 -0.090417 -1.569848 0.133541 0.534793
 11   6.790465 -0.619039 0.017802 -0.010473 -0.035216 -0.050494
 12   -2.022474 -0.104699 -2.873818 -0.506864 1.342818 -3.724879
 13   1.167898 -0.537463 0.063297 -0.156971 -1.247966 -1.331977
 14   7.002743 -0.617765 -0.183752 0.048622 0.002181 -0.062045
 15   8.209042 0.615527 -0.255885 1.604604 0.162227 0.394855
 16   7.002735 -0.617911 -0.183641 0.048662 0.002180 -0.062027
 17   1.574674 0.609930 -0.000899 -0.003575 0.150766 -0.180230
 18   -0.602177 0.511412 -0.000006 0.000000 0.000000 0.000000
 19   3.673773 0.177020 1.119313 -0.000002 -0.000014 -0.174510
 20   3.673767 0.176993 -1.117566 0.000007 -0.000003 -0.174546
 21   3.942357 1.334540 1.627658 0.000002 -0.000011 -0.000026
 22   -0.246060 -0.011889 0.516521 -0.000011 0.000031 0.000025
 23   3.942374 1.334565 -1.631083 0.000019 0.000002 -0.000024
 24   -0.246150 -0.011872 -0.516511 -0.000005 -0.000006 0.000048
 25   4.941364 1.997338 1.629330 0.000018 -0.000001 -0.000024
 26   4.941382 1.997366 -1.629410 -0.000001 0.000005 -0.000024
 27   2.914462 1.619264 1.514501 -0.000019 -0.000022 -0.000050
 28   2.916892 1.618870 -1.501142 -0.000002 -0.000009 -0.000024
 29   8.824059 0.150544 0.091743 0.010879 -0.136748 -0.174963
 30   2.021238 -0.568992 1.835103 0.021797 -0.152352 -0.041018
 31   2.261919 -0.537851 -1.748127 0.014387 -0.189650 0.023343
 32   -0.814395 -0.093824 3.127092 2.033895 -0.595762 1.245569
 33   14.298673 -0.408176 0.471578 0.016331 0.010002 -2.724496
 34   15.835795 0.581398 0.242756 0.181646 -0.319932 -0.465199
 35   -0.815868 -0.091229 -3.114430 -2.166992 0.671142 1.180672
 36   14.294526 -0.410349 -0.467541 -0.017177 -0.008377 -2.629941
 37   15.834409 0.579420 -0.284600 -0.247071 0.131729 -0.299508
 38   1.725640 -3.406873 -2.765217 -0.004336 -0.161068 0.068366
 39   -4.457742 -1.054854 -0.746180 -0.009600 -0.073322 0.018371
 40   0.532146 -3.496645 3.178694 -0.007072 -0.147197 0.067693
 41   -4.433840 -1.059130 0.959566 -0.010020 0.032838 -0.004151
 42   -0.200423 1.658238 -2.919090 -0.024305 -0.087009 0.014847
 43   -0.578128 1.550136 2.439676 -0.049726 -0.129091 0.079379
time 64
  0   -0.401123 2.578204 -27.160614 0.000000 0.058410 -1.414606
  1   -1.093036 0.000002 -0.326057 0.130753 -1.537596 -1.404825
  2   2.262337 0.113614 0.064702 -0.000065 0.005681 0.051923
  3   2.380047 0.353302 0.047440 0.000495 0.007271 0.094906
  4   2.033756 0.190472 -0.000128 -0.002020 -0.026857 -0.091440
  5   2.451511 0.204909 -0.003447 -0.009175 -0.006729 -0.091595
  6   7.247600 -0.397300 -0.109469 0.000001 0.000033 0.156829
  7   -2.022252 -0.104661 3.136172 0.506136 -1.342519 -3.724080
  8   1.168026 -0.537438 -0.063437 -1.102048 1.273974 -1.358011
  9   6.790376 -0.619176 0.015206 -0.010477 -0.035190 -0.050489
 10   8.637599 0.544015 -0.090417 -1.569848 0.133541 0.534793
 11   6.790465 -0.619039 0.017802 -0.010473 -0.035216 -0.050494
 12   -2.022474 -0.104699 -2.873818 -0.506864 1.342818 -3.724879
 13   1.167898 -0.537463 0.063297 -0.156971 -1.247966 -1.331977
 14   7.002743 -0.617765 -0.183752 0.048622 0.002181 -0.062045
 15   8.209042 0.615527 -0.255885 1.604604 0.162227 0.394855
 16   7.002735 -0.617911 -0.183641 0.048662 0.002180 -0.062027
 17   1.574674 0.609930 -0.000899 -0.003575 0.150861 -0.180230
 18   -0.602177 0.511412 -0.000006 0.000000 0.000000 0.000000
 19   3.673773 0.177020 1.119313 -0.000002 -0.000014 -0.174510
 20   3.673767 0.176993 -1.117566 0.000007 -0.000003 -0.174546
 21   3.942357 1.334540 1.627658 0.000002 -0.000011 -0.000026
 22   -0.246060 -0.011889 0.516521 -0.000011 0.000031 0.000025
 23   3.942374 1.334565 -1.631083 0.000019 0.000002 -0.000024
 24   -0.246150 -0.011872 -0.516511 -0.000005 -0.000006 0.000048
 25   4.941364 1.997338 1.629330 0.000018 -0.000001 -0.000024
 26   4.941382 1.997366 -1.629410 -0.000001 0.000005 -0.000024
 27   2.914462 1.619264 1.514501 -0.000019 -0.000022 -0.000050
 28   2.920798 1.618870 -1.501142 -0.000002 -0.000009 -0.000024
 29   8.824059 0.150544 0.091743 0.010701 -0.133662 -0.174910
 30   2.025145 -0.568992 1.835103 0.021295 -0.148923 -0.039624
 31   2.258013 -0.537851 -1.748127 0.014065 -0.185377 0.022815
 32   -0.814395 -0.093824 3.127092 2.033895 -0.595762 1.245569
 33   14.298673 -0.408176 0.471578 0.016331 0.010002 -2.724496
 34   15.835795 0.581398 0.242756 0.181646 -0.319932 -0.465199
 35   -0.815868 -0.091229 -3.114430 -2.166992 0.671142 1.180672
 36   14.294526 -0.410349 -0.467541 -0.017177 -0.008377 -2.629941
 37   15.834409 0.579420 -0.284600 -0.247071 0.131729 -0.299508
 38   1.725640 -3.402966 -2.765217 -0.003536 -0.161863 0.066533
 39   -4.457742 -1.054854 -0.746180 -0.009180 -0.071668 0.016323
 40   0.532146 -3.500552 3.178694 -0.006231 -0.148306 0.065799
 41   -4.433840 -1.059130 0.959566 -0.009792 0.032095 -0.004067
 42   -0.200423 1.658238 -2.930809 -0.027589 -0.091931 0.015474
 43   -0.578128 1.557949 2.447489 -0.049027 -0.127883 0.075322
time 65
  0   -0.401123 2.578204 -27.160614 0.000000 0.058410 -1.414606
  1   -1.093036 0.000002 -0.326057 0.130753 -1.537596 -1.404825
  2   2.262337 0.113614 0.064702 -0.000065 0.005526 0.051580
  3   2.380047 0.353302 0.047440 0.000480 0.007091 0.094518
  4   2.033756 0.190472 -0.000128 -0.002020 -0.026690 -0.091114
  5   2.451511 0.204909 -0.003447 -0.009175 -0.006572 -0.091273
  6   7.247600 -0.397300 -0.109469 0.000001 0.000033 0.156829
  7   -2.022252 -0.104661 3.136172 0.506136 -1.342519 -3.724080
  8   1.168026 -0.537438 -0.063437 -1.102048 1.273974 -1.358011
  9   6.790376 -0.619176 0.015206 -0.010477 -0.035190 -0.050489
 10   8.637599 0.544015 -0.090417 -1.569848 0.133541 0.534793
 11   6.790465 -0.619039 0.017802 -0.010473 -0.035216 -0.050494
 12   -2.022474 -0.104699 -2.873818 -0.506864 1.342818 -3.724879
 13   1.167898 -0.537463 0.063297 -0.156971 -1.247966 -1.331977
 14   7.002743 -0.617765 -0.183752 0.048622 0.002181 -0.062045
 15   8.209042 0.615527 -0.255885 1.604604 0.162227 0.394855
 16   7.002735 -0.617911 -0.183641 0.048662 0.002180 -0.062027
 17   1.574674 0.609930 -0.000899 -0.003534 0.150932 -0.180230
 18   -0.602177 0.511412 -0.000006 0.000000 0.000000 0.000000
 19   3.677679 0.177020 1.119313 -0.000002 -0.000014 -0.174510
 20   3.673767 0.176993 -1.117566 0.000007 -0.000003 -0.174546
 21   3.942357 1.334540 1.627658 0.000002 -0.000011 -0.000026
 22   -0.246060 -0.011889 0.516521 -0.000011 0.000031 0.000025
 23   3.942374 1.334565 -1.631083 0.000019 0.000002 -0.000024
 24   -0.246150 -0.011872 -0.516511 -0.000005 -0.000006 0.000048
 25   4.941364 1.997338 1.629330 0.000018 -0.000001 -0.000024
 26   4.941382 1.997366 -1.629410 -0.000001 0.000005 -0.000024
 27   2.914462 1.619264 1.514501 -0.000019 -0.000022 -0.000050
 28   2.920798 1.618870 -1.501142 -0.000002 -0.000009 -0.000024
 29   8.824059 0.150544 0.091743 0.010344 -0.129841 -0.174856
 30   2.029051 -0.568992 1.835103 0.020685 -0.144680 -0.038080
 31   2.254107 -0.541757 -1.752033 0.013652 -0.180067 0.022160
 32   -0.814395 -0.093824 3.127092 2.033895 -0.595762 1.245569
 33   14.298673 -0.408176 0.471578 0.016331 0.010002 -2.724496
 34   15.835795 0.581398 0.242756 0.181646 -0.319932 -0.465199
 35   -0.815868 -0.091229 -3.114430 -2.166992 0.671142 1.180672
 36   14.294526 -0.410349 -0.467541 -0.017177 -0.008377 -2.629941
 37   15.834409 0.579420 -0.284600 -0.247071 0.131729 -0.299508
 38   1.725640 -3.402966 -2.765217 -0.002568 -0.162839 0.064333
 39   -4.457742 -1.054854 -0.746180 -0.008749 -0.069618 0.014444
 40   0.532146 -3.500552 3.178694 -0.005178 -0.149679 0.063599
 41   -4.433840 -1.059130 0.959566 -0.009517 0.031184 -0.003955
 42   -0.200423 1.658238 -2.942528 -0.030908 -0.096914 0.016143
 43   -0.582034 1.565761 2.455302 -0.048315 -0.126659 0.071224
time 66
  0   -0.401123 2.578204 -27.160614 0.000000 0.058410 -1.414606
  1   -1.093036 0.000002 -0.326057 0.130753 -1.537596 -1.404825
  2   2.262337 0.113614 0.064702 -0.000065 0.005298 0.051128
  3   2.380047 0.353302 0.047440 0.000465 0.006839 0.094069
  4   2.033756 0.190472 -0.000128 -0.002020 -0.026474 -0.090643
  5   2.451511 0.204909 -0.003447 -0.009192 -0.006350 -0.090827
  6   7.247600 -0.397300 -0.109469 0.000001 0.000033 0.156829
  7   -2.022252 -0.104661 3.136172 0.506136 -1.342519 -3.724080
  8   1.168026 -0.537438 -0.063437 -1.102048 1.273974 -1.358011
  9   6.790376 -0.619176 0.015206 -0.010477 -0.035190 -0.050489
 10   8.637599 0.544015 -0.090417 -1.569848 0.133541 0.534793
 11   6.790465 -0.619039 0.017802 -0.010473 -0.035216 -0.050494
 12   -2.022474 -0.104699 -2.873818 -0.506864 1.342818 -3.724879
 13   1.167898 -0.537463 0.063297 -0.156971 -1.247966 -1.331977
 14   7.002743 -0.617765 -0.183752 0.048622 0.002181 -0.062045
 15   8.209042 0.615527 -0.255885 1.604604 0.162227 0.394855
 16   7.002735 -0.617911 -0.183641 0.048662 0.002180 -0.062027
 17   1.574674 0.609930 -0.000899 -0.003534 0.151074 -0.180193
 18   -0.602177 0.511412 -0.000006 0.000000 0.000000 0.000000
 19   3.673773 0.177020 1.119313 -0.000002 -0.000014 -0.174510
 20   3.673767 0.176993 -1.117566 0.000007 -0.000003 -0.174546
 21   3.942357 1.334540 1.627658 0.000002 -0.000011 -0.000026
 22   -0.246060 -0.011889 0.516521 -0.000011 0.000031 0.000025
 23   3.942374 1.334565 -1.631083 0.000019 0.000002 -0.000024
 24   -0.246150 -0.011872 -0.516511 -0.000005 -0.000006 0.000048
 25   4.941364 1.997338 1.629330 0.000018 -0.000001 -0.000024
 26   4.941382 1.997366 -1.629410 -0.000001 0.000005 -0.000024
 27   2.914462 1.619264 1.514501 -0.000019 -0.000022 -0.000050
 28   2.916892 1.618870 -1.501142 -0.000002 -0.000009 -0.000024
 29   8.824059 0.150544 0.091743 0.009988 -0.125378 -0.174802
 30   2.029051 -0.568992 1.831196 0.019966 -0.139710 -0.036408
 31   2.250200 -0.541757 -1.755940 0.013177 -0.173850 0.021396
 32   -0.814395 -0.093824 3.127092 2.033895 -0.595762 1.245569
 33   14.298673 -0.408176 0.471578 0.016331 0.010002 -2.724496
 34   15.835795 0.581398 0.242756 0.181646 -0.319932 -0.465199
 35   -0.815868 -0.091229 -3.114430 -2.166992 0.671142 1.180672
 36   14.294526 -0.410349 -0.467541 -0.017177 -0.008377 -2.629941
 37   15.834409 0.579420 -0.284600 -0.247071 0.131729 -0.299508
 38   1.725640 -3.402966 -2.765217 -0.001431 -0.163996 0.061768
 39   -4.457742 -1.054854 -0.746180 -0.008293 -0.067210 0.012705
 40   0.532146 -3.500552 3.178694 -0.003936 -0.151282 0.061033
 41   -4.433840 -1.059130 0.959566 -0.009181 0.030105 -0.003814
 42   -0.200423 1.654332 -2.954247 -0.034252 -0.101943 0.016771
 43   -0.585941 1.573574 2.463115 -0.047602 -0.125420 0.067083
time 67
  0   -0.401123 2.578204 -27.160614 0.000000 0.058410 -1.414606
  1   -1.093036 0.000002 -0.326057 0.130753 -1.537596 -1.404825
  2   2.262337 0.113614 0.064702 -0.000065 0.005010 0.050586
  3   2.380047 0.353302 0.047440 0.000435 0.006587 0.093498
  4   2.033756 0.190472 -0.000128 -0.002020 -0.026186 -0.090063
  5   2.451511 0.204909 -0.003447 -0.009209 -0.006076 -0.090233
  6   7.247600 -0.397300 -0.109469 0.000001 0.000033 0.156829
  7   -2.022252 -0.104661 3.136172 0.506136 -1.342519 -3.724080
  8   1.168026 -0.537438 -0.063437 -1.102048 1.273974 -1.358011
  9   6.790376 -0.619176 0.015206 -0.010477 -0.035190 -0.050489
 10   8.637599 0.544015 -0.090417 -1.569848 0.133541 0.534793
 11   6.790465 -0.619039 0.017802 -0.010473 -0.035216 -0.050494
 12   -2.022474 -0.104699 -2.873818 -0.506864 1.342818 -3.724879
 13   1.167898 -0.537463 0.063297 -0.156971 -1.247966 -1.331977
 14   7.002743 -0.617765 -0.183752 0.048622 0.002181 -0.062045
 15   8.209042 0.615527 -0.255885 1.604604 0.162227 0.394855
 16   7.002735 -0.617911 -0.183641 0.048662 0.002180 -0.062027
 17   1.574674 0.609930 -0.000899 -0.003412 0.151192 -0.180193
 18   -0.602177 0.511412 -0.000006 0.000000 0.000000 0.000000
 19   3.673773 0.177020 1.119313 -0.000002 -0.000014 -0.174510
 20   3.673767 0.176993 -1.117566 0.000007 -0.000003 -0.174546
 21   3.942357 1.334540 1.627658 0.000002 -0.000011 -0.000026
 22   -0.246060 -0.011889 0.516521 -0.000011 0.000031 0.000025
 23   3.942374 1.334565 -1.631083 0.000019 0.000002 -0.000024
 24   -0.246150 -0.011872 -0.516511 -0.000005 -0.000006 0.000048
 25   4.941364 1.997338 1.629330 0.000018 -0.000001 -0.000024
 26   4.941382 1.997366 -1.629410 -0.000001 0.000005 -0.000024
 27   2.914462 1.619264 1.514501 -0.000019 -0.000022 -0.000050
 28   2.916892 1.618870 -1.501142 -0.000002 -0.000009 -0.000024
 29   8.824059 0.150544 0.091743 0.009631 -0.120298 -0.174802
 30   2.032958 -0.568992 1.831196 0.019166 -0.134072 -0.034628
 31   2.246294 -0.541757 -1.759846 0.012656 -0.166831 0.020541
 32   -0.814395 -0.093824 3.127092 2.033895 -0.595762 1.245569
 33   14.298673 -0.408176 0.471578 0.016331 0.010002 -2.724496
 34   15.835795 0.581398 0.242756 0.181646 -0.319932 -0.465199
 35   -0.815868 -0.091229 -3.114430 -2.166992 0.671142 1.180672
 36   14.294526 -0.410349 -0.467541 -0.017177 -0.008377 -2.629941
 37   15.834409 0.579420 -0.284600 -0.247071 0.131729 -0.299508
 38   1.725640 -3.402966 -2.765217 -0.000126 -0.165298 0.058835
 39   -4.457742 -1.054854 -0.746180 -0.007826 -0.064489 0.011135
 40   0.532146 -3.500552 3.178694 -0.002547 -0.153090 0.058101
 41   -4.433840 -1.059130 0.959566 -0.008810 0.028883 -0.003646
 42   -0.200423 1.654332 -2.969872 -0.037620 -0.107002 0.017440
 43   -0.589847 1.581387 2.470927 -0.046890 -0.124180 0.062943
time 68
  0   -0.401123 2.578204 -27.160614 0.000000 0.058410 -1.414606
  1   -1.093036 0.000002 -0.326057 0.130753 -1.537596 -1.404825
  2   2.262337 0.113614 0.064702 -0.000065 0.004747 0.049953
  3   2.380047 0.353302 0.047440 0.000405 0.006312 0.092906
  4   2.033756 0.190472 -0.000128 -0.002057 -0.025923 -0.089483
  5   2.451511 0.204909 -0.003447 -0.009226 -0.005802 -0.089688
  6   7.247600 -0.397300 -0.109469 0.000001 0.000033 0.156829
  7   -2.022252 -0.104661 3.136172 0.506136 -1.342519 -3.724080
  8   1.168026 -0.537438 -0.063437 -1.102048 1.273974 -1.358011
  9   6.790376 -0.619176 0.015206 -0.010477 -0.035190 -0.050489
 10   8.637599 0.544015 -0.090417 -1.569848 0.133541 0.534793
 11   6.790465 -0.619039 0.017802 -0.010473 -0.035216 -0.050494
 12   -2.022474 -0.104699 -2.873818 -0.506864 1.342818 -3.724879
 13   1.167898 -0.537463 0.063297 -0.156971 -1.247966 -1.331977
 14   7.002743 -0.617765 -0.183752 0.048622 0.002181 -0.062045
 15   8.209042 0.615527 -0.255885 1.604604 0.162227 0.394855
 16   7.002735 -0.617911 -0.183641 0.048662 0.002180 -0.062027
 17   1.574674 0.609930 -0.000899 -0.003412 0.151358 -0.180193
 18   -0.602177 0.511412 -0.000006 0.000000 0.000000 0.000000
 19   3.673773 0.177020 1.119313 -0.000002 -0.000014 -0.174510
 20   3.673767 0.176993 -1.117566 0.000007 -0.000003 -0.174546
 21   3.942357 1.334540 1.627658 0.000002 -0.000011 -0.000026
 22   -0.246060 -0.011889 0.516521 -0.000011 0.000031 0.000025
 23   3.942374 1.334565 -1.631083 0.000019 0.000002 -0.000024
 24   -0.246150 -0.011872 -0.516511 -0.000005 -0.000006 0.000048
 25   4.941364 1.997338 1.629330 0.000018 -0.000001 -0.000024
 26   4.941382 1.997366 -1.629410 -0.000001 0.000005 -0.000024
 27   2.914462 1.619264 1.514501 -0.000019 -0.000022 -0.000050
 28   2.920798 1.618870 -1.501142 -0.000002 -0.000009 -0.000024
 29   8.824059 0.150544 0.091743 0.009186 -0.114719 -0.174749
 30   2.036864 -0.568992 1.827290 0.018271 -0.127882 -0.032763
 31   2.238481 -0.541757 -1.763752 0.012058 -0.159087 0.019576
 32   -0.814395 -0.093824 3.127092 2.033895 -0.595762 1.245569
 33   14.298673 -0.408176 0.471578 0.016331 0.010002 -2.724496
 34   15.835795 0.581398 0.242756 0.181646 -0.319932 -0.465199
 35   -0.815868 -0.091229 -3.114430 -2.166992 0.671142 1.180672
 36   14.294526 -0.410349 -0.467541 -0.017177 -0.008377 -2.629941
 37   15.834409 0.579420 -0.284600 -0.247071 0.131729 -0.299508
 38   1.725640 -3.399060 -2.765217 0.001284 -0.166732 0.055658
 39   -4.457742 -1.054854 -0.746180 -0.007347 -0.061493 0.009676
 40   0.532146 -3.504458 3.178694 -0.001010 -0.155090 0.054985
 41   -4.433840 -1.059130 0.959566 -0.008402 0.027541 -0.003478
 42   -0.200423 1.650426 -2.981592 -0.040987 -0.112047 0.018109
 43   -0.589847 1.589200 2.478740 -0.046166 -0.122940 0.058802
time 69
  0   -0.401123 2.578204 -27.160614 0.000000 0.058410 -1.414606
  1   -1.093036 0.000002 -0.326057 0.130753 -1.537596 -1.404825
  2   2.262337 0.113614 0.064702 -0.000065 0.004411 0.049303
  3   2.380047 0.353302 0.047440 0.000390 0.005964 0.092253
  4   2.033756 0.190472 -0.000128 -0.002057 -0.025563 -0.088794
  5   2.451511 0.204909 -0.003447 -0.009226 -0.005475 -0.088945
  6   7.247600 -0.397300 -0.109469 0.000001 0.000033 0.156829
  7   -2.022252 -0.104661 3.136172 0.506136 -1.342519 -3.724080
  8   1.168026 -0.537438 -0.063437 -1.102048 1.273974 -1.358011
  9   6.790376 -0.619176 0.015206 -0.010477 -0.035190 -0.050489
 10   8.637599 0.544015 -0.090417 -1.569848 0.133541 0.534793
 11   6.790465 -0.619039 0.017802 -0.010473 -0.035216 -0.050494
 12   -2.022474 -0.104699 -2.873818 -0.506864 1.342818 -3.724879
 13   1.167898 -0.537463 0.063297 -0.156971 -1.247966 -1.331977
 14   7.002743 -0.617765 -0.183752 0.048622 0.002181 -0.062045
 15   8.209042 0.615527 -0.255885 1.604604 0.162227 0.394855
 16   7.002735 -0.617911 -0.183641 0.048662 0.002180 -0.062027
 17   1.574674 0.609930 -0.000899 -0.003412 0.151500 -0.180193
 18   -0.602177 0.511412 -0.000006 0.000000 0.000000 0.000000
 19   3.673773 0.177020 1.119313 -0.000002 -0.000014 -0.174510
 20   3.673767 0.176993 -1.117566 0.000007 -0.000003 -0.174546
 21   3.942357 1.334540 1.627658 0.000002 -0.000011 -0.000026
 22   -0.246060 -0.011889 0.516521 -0.000011 0.000031 0.000025
 23   3.942374 1.334565 -1.631083 0.000019 0.000002 -0.000024
 24   -0.246150 -0.011872 -0.516511 -0.000005 -0.000006 0.000048
 25   4.941364 1.997338 1.629330 0.000018 -0.000001 -0.000024
 26   4.941382 1.997366 -1.629410 -0.000001 0.000005 -0.000024
 27   2.914462 1.619264 1.514501 -0.000019 -0.000022 -0.000050
 28   2.916892 1.618870 -1.501142 -0.000002 -0.000009 -0.000024
 29   8.824059 0.150544 0.091743 0.008651 -0.108690 -0.174695
 30   2.040770 -0.568992 1.823384 0.017308 -0.121198 -0.030811
 31   2.234575 -0.545664 -1.771565 0.011430 -0.150695 0.018539
 32   -0.814395 -0.093824 3.127092 2.033895 -0.595762 1.245569
 33   14.298673 -0.408176 0.471578 0.016331 0.010002 -2.724496
 34   15.835795 0.581398 0.242756 0.181646 -0.319932 -0.465199
 35   -0.815868 -0.091229 -3.114430 -2.166992 0.671142 1.180672
 36   14.294526 -0.410349 -0.467541 -0.017177 -0.008377 -2.629941
 37   15.834409 0.579420 -0.284600 -0.247071 0.131729 -0.299508
 38   1.725640 -3.399060 -2.765217 0.002821 -0.168274 0.052237
 39   -4.457742 -1.054854 -0.746180 -0.006855 -0.058257 0.008358
 40   0.532146 -3.504458 3.178694 0.000631 -0.157259 0.051564
 41   -4.433840 -1.059130 0.959566 -0.007959 0.026090 -0.003309
 42   -0.200423 1.650426 -2.993311 -0.044331 -0.117076 0.018778
 43   -0.593753 1.597012 2.486553 -0.045453 -0.121701 0.054662
time 70
  0   -0.401123 2.578204 -27.160614 0.000000 0.058410 -1.414606
  1   -1.093036 0.000002 -0.326057 0.130753 -1.537596 -1.404825
  2   2.262337 0.113614 0.064702 -0.000065 0.004028 0.048580
  3   2.380047 0.353302 0.047440 0.000360 0.005629 0.091498
  4   2.033756 0.190472 -0.000128 -0.002057 -0.025204 -0.088033
  5   2.451511 0.204909 -0.003447 -0.009226 -0.005097 -0.088227
  6   7.247600 -0.397300 -0.109469 0.000001 0.000033 0.156829
  7   -2.022252 -0.104661 3.136172 0.506136 -1.342519 -3.724080
  8   1.168026 -0.537438 -0.063437 -1.102048 1.273974 -1.358011
  9   6.790376 -0.619176 0.015206 -0.010477 -0.035190 -0.050489
 10   8.637599 0.544015 -0.090417 -1.569848 0.133541 0.534793
 11   6.790465 -0.619039 0.017802 -0.010473 -0.035216 -0.050494
 12   -2.022474 -0.104699 -2.873818 -0.506864 1.342818 -3.724879
 13   1.167898 -0.537463 0.063297 -0.156971 -1.247966 -1.331977
 14   7.002743 -0.617765 -0.183752 0.048622 0.002181 -0.062045
 15   8.209042 0.615527 -0.255885 1.604604 0.162227 0.394855
 16   7.002735 -0.617911 -0.183641 0.048662 0.002180 -0.062027
 17   1.574674 0.609930 -0.000899 -0.003412 0.151713 -0.180193
 18   -0.602177 0.511412 -0.000006 0.000000 0.000000 0.000000
 19   3.673773 0.177020 1.119313 -0.000002 -0.000014 -0.174510
 20   3.673767 0.176993 -1.117566 0.000007 -0.000003 -0.174546
 21   3.942357 1.334540 1.627658 0.000002 -0.000011 -0.000026
 22   -0.246060 -0.011889 0.516521 -0.000011 0.000031 0.000025
 23   3.942374 1.334565 -1.631083 0.000019 0.000002 -0.000024
 24   -0.246150 -0.011872 -0.516511 -0.000005 -0.000006 0.000048
 25   4.941364 1.997338 1.629330 0.000018 -0.000001 -0.000024
 26   4.941382 1.997366 -1.629410 -0.000001 0.000005 -0.000024
 27   2.914462 1.619264 1.514501 -0.000019 -0.000022 -0.000050
 28   2.916892 1.618870 -1.501142 -0.000002 -0.000009 -0.000024
 29   8.824059 0.150544 0.091743 0.008116 -0.102281 -0.174695
 30   2.044677 -0.568992 1.823384 0.016291 -0.114078 -0.028774
 31   2.226762 -0.545664 -1.775472 0.010756 -0.141784 0.017447
 32   -0.814395 -0.093824 3.127092 2.033895 -0.595762 1.245569
 33   14.298673 -0.408176 0.471578 0.016331 0.010002 -2.724496
 34   15.835795 0.581398 0.242756 0.181646 -0.319932 -0.465199
 35   -0.815868 -0.091229 -3.114430 -2.166992 0.671142 1.180672
 36   14.294526 -0.410349 -0.467541 -0.017177 -0.008377 -2.629941
 37   15.834409 0.579420 -0.284600 -0.247071 0.131729 -0.299508
 38   1.725640 -3.395154 -2.765217 0.004462 -0.169925 0.048632
 39   -4.457742 -1.054854 -0.746180 -0.006364 -0.054818 0.007152
 40   0.532146 -3.508365 3.178694 0.002400 -0.159561 0.047959
 41   -4.433840 -1.059130 0.959566 -0.007491 0.024556 -0.003113
 42   -0.200423 1.650426 -3.008936 -0.047651 -0.122059 0.019406
 43   -0.597660 1.600919 2.498272 -0.044741 -0.120477 0.050563
time 71
  0   -0.401123 2.578204 -27.160614 0.000000 0.058410 -1.414606
  1   -1.093036 0.000002 -0.326057 0.130753 -1.537596 -1.404825
  2   2.262337 0.113614 0.064702 -0.000065 0.003680 0.047785
  3   2.380047 0.353302 0.047440 0.000330 0.005221 0.090682
  4   2.033756 0.190472 -0.000128 -0.002057 -0.024844 -0.087272
  5   2.451511 0.204909 -0.003447 -0.009226 -0.004731 -0.087484
  6   7.247600 -0.397300 -0.109469 0.000001 0.000033 0.156829
  7   -2.022252 -0.104661 3.136172 0.506136 -1.342519 -3.724080
  8   1.168026 -0.537438 -0.063437 -1.102048 1.273974 -1.358011
  9   6.790376 -0.619176 0.015206 -0.010477 -0.035190 -0.050489
 10   8.637599 0.544015 -0.090417 -1.569848 0.133541 0.534793
 11   6.790465 -0.619039 0.017802 -0.010473 -0.035216 -0.050494
 12   -2.022474 -0.104699 -2.873818 -0.506864 1.342818 -3.724879
 13   1.167898 -0.537463 0.063297 -0.156971 -1.247966 -1.331977
 14   7.002743 -0.617765 -0.183752 0.048622 0.002181 -0.062045
 15   8.209042 0.615527 -0.255885 1.604604 0.162227 0.394855
 16   7.002735 -0.617911 -0.183641 0.048662 0.002180 -0.062027
 17   1.574674 0.609930 -0.000899 -0.003331 0.151973 -0.180156
 18   -0.602177 0.511412 -0.000006 0.000000 0.000000 0.000000
 19   3.673773 0.177020 1.119313 -0.000002 -0.000014 -0.174510
 20   3.673767 0.176993 -1.117566 0.000007 -0.000003 -0.174546
 21   3.942357 1.334540 1.627658 0.000002 -0.000011 -0.000026
 22   -0.246060 -0.011889 0.516521 -0.000011 0.000031 0.000025
 23   3.942374 1.334565 -1.631083 0.000019 0.000002 -0.000024
 24   -0.246150 -0.011872 -0.516511 -0.000005 -0.000006 0.000048
 25   4.941364 1.997338 1.629330 0.000018 -0.000001 -0.000024
 26   4.941382 1.997366 -1.629410 -0.000001 0.000005 -0.000024
 27   2.914462 1.619264 1.514501 -0.000019 -0.000022 -0.000050
 28   2.920798 1.618870 -1.501142 -0.000002 -0.000009 -0.000024
 29   8.824059 0.150544 0.091743 0.007581 -0.095563 -0.174641
 30   2.048583 -0.568992 1.819477 0.015207 -0.106610 -0.026716
 31   2.218949 -0.545664 -1.779378 0.010036 -0.132460 0.016301
 32   -0.814395 -0.093824 3.127092 2.033895 -0.595762 1.245569
 33   14.298673 -0.408176 0.471578 0.016331 0.010002 -2.724496
 34   15.835795 0.581398 0.242756 0.181646 -0.319932 -0.465199
 35   -0.815868 -0.091229 -3.114430 -2.166992 0.671142 1.180672
 36   14.294526 -0.410349 -0.467541 -0.017177 -0.008377 -2.629941
 37   15.834409 0.579420 -0.284600 -0.247071 0.131729 -0.299508
 38   1.725640 -3.395154 -2.765217 0.006167 -0.171648 0.044844
 39   -4.457742 -1.054854 -0.746180 -0.005872 -0.051210 0.006086
 40   0.532146 -3.508365 3.178694 0.004252 -0.161971 0.044171
 41   -4.433840 -1.059130 0.959566 -0.007000 0.022939 -0.002889
 42   -0.196516 1.646519 -3.020655 -0.050935 -0.126980 0.020075
 43   -0.601566 1.608732 2.506084 -0.044042 -0.119269 0.046506
time 72
  0   -0.401123 2.578204 -27.160614 0.000000 0.058410 -1.414606
  1   -1.093036 0.000002 -0.326057 0.130753 -1.537596 -1.404825
  2   2.262337 0.113614 0.064702 -0.000065 0.003296 0.046954
  3   2.380047 0.353302 0.047440 0.000300 0.004838 0.089886
  4   2.033756 0.190472 -0.000128 -0.002057 -0.024425 -0.086438
  5   2.451511 0.204909 -0.003447 -0.009312 -0.004313 -0.086642
  6   7.247600 -0.397300 -0.109469 0.000001 0.000033 0.156829
  7   -2.022252 -0.104661 3.136172 0.506136 -1.342519 -3.724080
  8   1.168026 -0.537438 -0.063437 -1.102048 1.273974 -1.358011
  9   6.790376 -0.619176 0.015206 -0.010477 -0.035190 -0.050489
 10   8.637599 0.544015 -0.090417 -1.569848 0.133541 0.534793
 11   6.790465 -0.619039 0.017802 -0.010473 -0.035216 -0.050494
 12   -2.022474 -0.104699 -2.873818 -0.506864 1.342818 -3.724879
 13   1.167898 -0.537463 0.063297 -0.156971 -1.247966 -1.331977
 14   7.002743 -0.617765 -0.183752 0.048622 0.002181 -0.062045
 15   8.209042 0.615527 -0.255885 1.604604 0.162227 0.394855
 16   7.002735 -0.617911 -0.183641 0.048662 0.002180 -0.062027
 17   1.574674 0.609930 -0.000899 -0.003331 0.152257 -0.180156
 18   -0.602177 0.511412 -0.000006 0.000000 0.000000 0.000000
 19   3.673773 0.177020 1.119313 -0.000002 -0.000014 -0.174510
 20   3.673767 0.176993 -1.117566 0.000007 -0.000003 -0.174546
 21   3.942357 1.334540 1.627658 0.000002 -0.000011 -0.000026
 22   -0.246060 -0.011889 0.516521 -0.000011 0.000031 0.000025
 23   3.942374 1.334565 -1.631083 0.000019 0.000002 -0.000024
 24   -0.246150 -0.011872 -0.516511 -0.000005 -0.000006 0.000048
 25   4.941364 1.997338 1.629330 0.000018 -0.000001 -0.000024
 26   4.941382 1.997366 -1.629410 -0.000001 0.000005 -0.000024
 27   2.914462 1.619264 1.514501 -0.000019 -0.000022 -0.000050
 28   2.916892 1.618870 -1.501142 -0.000002 -0.000009 -0.000024
 29   8.824059 0.150544 0.091743 0.007047 -0.088608 -0.174641
 30   2.056396 -0.565085 1.815571 0.014095 -0.098850 -0.024614
 31   2.211136 -0.545664 -1.787191 0.009316 -0.122773 0.015100
 32   -0.814395 -0.093824 3.127092 2.033895 -0.595762 1.245569
 33   14.298673 -0.408176 0.471578 0.016331 0.010002 -2.724496
 34   15.835795 0.581398 0.242756 0.181646 -0.319932 -0.465199
 35   -0.815868 -0.091229 -3.114430 -2.166992 0.671142 1.180672
 36   14.294526 -0.410349 -0.467541 -0.017177 -0.008377 -2.629941
 37   15.834409 0.579420 -0.284600 -0.247071 0.131729 -0.299508
 38   1.729547 -3.391247 -2.765217 0.007957 -0.173444 0.040873
 39   -4.457742 -1.054854 -0.746180 -0.005381 -0.047471 0.005133
 40   0.528239 -3.512271 3.178694 0.006167 -0.164466 0.040322
 41   -4.433840 -1.059130 0.959566 -0.006485 0.021261 -0.002692
 42   -0.196516 1.646519 -3.032374 -0.054158 -0.131825 0.020702
 43   -0.601566 1.616544 2.513897 -0.043354 -0.118092 0.042533
time 73
  0   -0.401123 2.578204 -27.160614 0.000000 0.058410 -1.414606
  1   -1.093036 0.000002 -0.326057 0.130753 -1.537596 -1.404825
  2   2.262337 0.113614 0.064702 -0.000065 0.002901 0.046050
  3   2.380047 0.353302 0.047440 0.000255 0.004394 0.089029
  4   2.033756 0.190472 -0.000128 -0.002057 -0.023993 -0.085568
  5   2.451511 0.204909 -0.003447 -0.009329 -0.003922 -0.085775
  6   7.247600 -0.397300 -0.109469 0.000001 0.000033 0.156829
  7   -2.022252 -0.104661 3.136172 0.506136 -1.342519 -3.724080
  8   1.168026 -0.537438 -0.063437 -1.102048 1.273974 -1.358011
  9   6.790376 -0.619176 0.015206 -0.010477 -0.035190 -0.050489
 10   8.637599 0.544015 -0.090417 -1.569848 0.133541 0.534793
 11   6.790465 -0.619039 0.017802 -0.010473 -0.035216 -0.050494
 12   -2.022474 -0.104699 -2.873818 -0.506864 1.342818 -3.724879
 13   1.167898 -0.537463 0.063297 -0.156971 -1.247966 -1.331977
 14   7.002743 -0.617765 -0.183752 0.048622 0.002181 -0.062045
 15   8.209042 0.615527 -0.255885 1.604604 0.162227 0.394855
 16   7.002735 -0.617911 -0.183641 0.048662 0.002180 -0.062027
 17   1.574674 0.609930 -0.000899 -0.003250 0.152565 -0.180119
 18   -0.602177 0.511412 -0.000006 0.000000 0.000000 0.000000
 19   3.673773 0.177020 1.119313 -0.000002 -0.000014 -0.174510
 20   3.673767 0.176993 -1.117566 0.000007 -0.000003 -0.174546
 21   3.942357 1.334540 1.627658 0.000002 -0.000011 -0.000026
 22   -0.246060 -0.011889 0.516521 -0.000011 0.000031 0.000025
 23   3.942374 1.334565 -1.631083 0.000019 0.000002 -0.000024
 24   -0.246150 -0.011872 -0.516511 -0.000005 -0.000006 0.000048
 25   4.941364 1.997338 1.629330 0.000018 -0.000001 -0.000024
 26   4.941382 1.997366 -1.629410 -0.000001 0.000005 -0.000024
 27   2.914462 1.619264 1.514501 -0.000019 -0.000022 -0.000050
 28   2.916892 1.618870 -1.501142 -0.000002 -0.000009 -0.000024
 29   8.824059 0.150544 0.091743 0.006512 -0.081462 -0.174588
 30   2.060302 -0.565085 1.815571 0.012956 -0.090917 -0.022491
 31   2.203324 -0.549570 -1.791097 0.008550 -0.112853 0.013881
 32   -0.814395 -0.093824 3.127092 2.033895 -0.595762 1.245569
 33   14.298673 -0.408176 0.471578 0.016331 0.010002 -2.724496
 34   15.835795 0.581398 0.242756 0.181646 -0.319932 -0.465199
 35   -0.815868 -0.091229 -3.114430 -2.166992 0.671142 1.180672
 36   14.294526 -0.410349 -0.467541 -0.017177 -0.008377 -2.629941
 37   15.834409 0.579420 -0.284600 -0.247071 0.131729 -0.299508
 38   1.729547 -3.391247 -2.765217 0.009788 -0.175276 0.036902
 39   -4.457742 -1.054854 -0.746180 -0.004890 -0.043636 0.004263
 40   0.528239 -3.512271 3.178694 0.008146 -0.167020 0.036290
 41   -4.433840 -1.059130 0.959566 -0.005957 0.019547 -0.002468
 42   -0.196516 1.642613 -3.044094 -0.057310 -0.136563 0.021329
 43   -0.605472 1.624357 2.521710 -0.042680 -0.116915 0.038644
time 74
  0   -0.401123 2.578204 -27.160614 0.000000 0.058410 -1.414606
  1   -1.093036 0.000002 -0.326057 0.130753 -1.537596 -1.404825
  2   2.262337 0.113614 0.064702 -0.000065 0.002470 0.045219
  3   2.380047 0.353302 0.047440 0.000225 0.003999 0.088131
  4   2.033756 0.190472 -0.000128 -0.002057 -0.023598 -0.084771
  5   2.451511 0.204909 -0.003447 -0.009346 -0.003491 -0.084908
  6   7.247600 -0.397300 -0.109469 0.000001 0.000033 0.156829
  7   -2.022252 -0.104661 3.136172 0.506136 -1.342519 -3.724080
  8   1.168026 -0.537438 -0.063437 -1.102048 1.273974 -1.358011
  9   6.790376 -0.619176 0.015206 -0.010477 -0.035190 -0.050489
 10   8.637599 0.544015 -0.090417 -1.569848 0.133541 0.534793
 11   6.790465 -0.619039 0.017802 -0.010473 -0.035216 -0.050494
 12   -2.022474 -0.104699 -2.873818 -0.506864 1.342818 -3.724879
 13   1.167898 -0.537463 0.063297 -0.156971 -1.247966 -1.331977
 14   7.002743 -0.617765 -0.183752 0.048622 0.002181 -0.062045
 15   8.209042 0.615527 -0.255885 1.604604 0.162227 0.394855
 16   7.002735 -0.617911 -0.183641 0.048662 0.002180 -0.062027
 17   1.574674 0.609930 -0.000899 -0.003250 0.152967 -0.180119
 18   -0.602177 0.511412 -0.000006 0.000000 0.000000 0.000000
 19   3.677679 0.177020 1.119313 -0.000002 -0.000014 -0.174510
 20   3.677673 0.176993 -1.117566 0.000007 -0.000003 -0.174546
 21   3.942357 1.334540 1.627658 0.000002 -0.000011 -0.000026
 22   -0.246060 -0.011889 0.516521 -0.000011 0.000031 0.000025
 23   3.942374 1.334565 -1.631083 0.000019 0.000002 -0.000024
 24   -0.246150 -0.011872 -0.516511 -0.000005 -0.000006 0.000048
 25   4.941364 1.997338 1.629330 0.000018 -0.000001 -0.000024
 26   4.941382 1.997366 -1.629410 -0.000001 0.000005 -0.000024
 27   2.914462 1.619264 1.514501 -0.000019 -0.000022 -0.000050
 28   2.920798 1.618870 -1.501142 -0.000002 -0.000009 -0.000024
 29   8.824059 0.150544 0.091743 0.005888 -0.074222 -0.174588
 30   2.064209 -0.565085 1.811665 0.011803 -0.082896 -0.020390
 31   2.195511 -0.549570 -1.798910 0.007799 -0.102803 0.012644
 32   -0.814395 -0.093824 3.127092 2.033895 -0.595762 1.245569
 33   14.298673 -0.408176 0.471578 0.016331 0.010002 -2.724496
 34   15.835795 0.581398 0.242756 0.181646 -0.319932 -0.465199
 35   -0.815868 -0.091229 -3.114430 -2.166992 0.671142 1.180672
 36   14.294526 -0.410349 -0.467541 -0.017177 -0.008377 -2.629941
 37   15.834409 0.579420 -0.284600 -0.247071 0.131729 -0.299508
 38   1.729547 -3.387341 -2.765217 0.011640 -0.177131 0.032809
 39   -4.457742 -1.054854 -0.746180 -0.004410 -0.039741 0.003506
 40   0.528239 -3.516177 3.178694 0.010146 -0.169623 0.032258
 41   -4.433840 -1.059130 0.959566 -0.005430 0.017797 -0.002244
 42   -0.196516 1.642613 -3.055813 -0.060390 -0.141178 0.021915
 43   -0.609379 1.632170 2.529523 -0.042018 -0.115785 0.034838
time 75
  0   -0.401123 2.578204 -27.160614 0.000000 0.058410 -1.414606
  1   -1.093036 0.000002 -0.326057 0.130753 -1.537596 -1.404825
  2   2.262337 0.113614 0.064702 -0.000065 0.002014 0.044297
  3   2.380047 0.353302 0.047440 0.000195 0.003543 0.087274
  4   2.033756 0.190472 -0.000128 -0.002057 -0.023142 -0.083792
  5   2.451511 0.204909 -0.003447 -0.009363 -0.003034 -0.083992
  6   7.247600 -0.397300 -0.109469 0.000001 0.000033 0.156829
  7   -2.022252 -0.104661 3.136172 0.506136 -1.342519 -3.724080
  8   1.168026 -0.537438 -0.063437 -1.102048 1.273974 -1.358011
  9   6.790376 -0.619176 0.015206 -0.010477 -0.035190 -0.050489
 10   8.637599 0.544015 -0.090417 -1.569848 0.133541 0.534793
 11   6.790465 -0.619039 0.017802 -0.010473 -0.035216 -0.050494
 12   -2.022474 -0.104699 -2.873818 -0.506864 1.342818 -3.724879
 13   1.167898 -0.537463 0.063297 -0.156971 -1.247966 -1.331977
 14   7.002743 -0.617765 -0.183752 0.048622 0.002181 -0.062045
 15   8.209042 0.615527 -0.255885 1.604604 0.162227 0.394855
 16   7.002735 -0.617911 -0.183641 0.048662 0.002180 -0.062027
 17   1.574674 0.609930 -0.000899 -0.003128 0.153393 -0.180082
 18   -0.602177 0.511412 -0.000006 0.000000 0.000000 0.000000
 19   3.673773 0.177020 1.119313 -0.000002 -0.000014 -0.174510
 20   3.673767 0.176993 -1.117566 0.000007 -0.000003 -0.174546
 21   3.942357 1.334540 1.627658 0.000002 -0.000011 -0.000026
 22   -0.246060 -0.011889 0.516521 -0.000011 0.000031 0.000025
 23   3.942374 1.334565 -1.631083 0.000019 0.000002 -0.000024
 24   -0.246150 -0.011872 -0.516511 -0.000005 -0.000006 0.000048
 25   4.941364 1.997338 1.629330 0.000018 -0.000001 -0.000024
 26   4.941382 1.997366 -1.629410 -0.000001 0.000005 -0.000024
 27   2.914462 1.619264 1.514501 -0.000019 -0.000022 -0.000050
 28   2.920798 1.618870 -1.501142 -0.000002 -0.000009 -0.000024
 29   8.824059 0.150544 0.091743 0.005353 -0.066935 -0.174588
 30   2.068115 -0.565085 1.807758 0.010637 -0.074788 -0.018288
 31   2.187698 -0.549570 -1.802816 0.007033 -0.092701 0.011407
 32   -0.814395 -0.093824 3.127092 2.033895 -0.595762 1.245569
 33   14.298673 -0.408176 0.471578 0.016331 0.010002 -2.724496
 34   15.835795 0.581398 0.242756 0.181646 -0.319932 -0.465199
 35   -0.815868 -0.091229 -3.114430 -2.166992 0.671142 1.180672
 36   14.294526 -0.410349 -0.467541 -0.017177 -0.008377 -2.629941
 37   15.834409 0.579420 -0.284600 -0.247071 0.131729 -0.299508
 38   1.729547 -3.387341 -2.765217 0.013492 -0.178999 0.028715
 39   -4.457742 -1.054854 -0.746180 -0.003931 -0.035834 0.002861
 40   0.528239 -3.516177 3.178694 0.012145 -0.172226 0.028226
 41   -4.433840 -1.059130 0.959566 -0.004891 0.016047 -0.002019
 42   -0.196516 1.642613 -3.067532 -0.063363 -0.145640 0.022500
 43   -0.613285 1.636076 2.537335 -0.041393 -0.114687 0.031158
time 76
  0   -0.401123 2.578204 -27.160614 0.000000 0.058410 -1.414606
  1   -1.093036 0.000002 -0.326057 0.130753 -1.537596 -1.404825
  2   2.262337 0.113614 0.064702 -0.000065 0.001607 0.043448
  3   2.380047 0.353302 0.047440 0.000165 0.003136 0.086356
  4   2.033756 0.190472 -0.000128 -0.002112 -0.022735 -0.082922
  5   2.451511 0.204909 -0.003447 -0.009363 -0.002629 -0.083125
  6   7.247600 -0.397300 -0.109469 0.000001 0.000033 0.156829
  7   -2.022252 -0.104661 3.136172 0.506136 -1.342519 -3.724080
  8   1.168026 -0.537438 -0.063437 -1.102048 1.273974 -1.358011
  9   6.790376 -0.619176 0.015206 -0.010477 -0.035190 -0.050489
 10   8.637599 0.544015 -0.090417 -1.569848 0.133541 0.534793
 11   6.790465 -0.619039 0.017802 -0.010473 -0.035216 -0.050494
 12   -2.022474 -0.104699 -2.873818 -0.506864 1.342818 -3.724879
 13   1.167898 -0.537463 0.063297 -0.156971 -1.247966 -1.331977
 14   7.002743 -0.617765 -0.183752 0.048622 0.002181 -0.062045
 15   8.209042 0.615527 -0.255885 1.604604 0.162227 0.394855
 16   7.002735 -0.617911 -0.183641 0.048662 0.002180 -0.062027
 17   1.574674 0.609930 -0.000899 -0.003047 0.153914 -0.180045
 18   -0.602177 0.511412 -0.000006 0.000000 0.000000 0.000000
 19   3.673773 0.177020 1.119313 -0.000002 -0.000014 -0.174510
 20   3.673767 0.176993 -1.117566 0.000007 -0.000003 -0.174546
 21   3.942357 1.334540 1.627658 0.000002 -0.000011 -0.000026
 22   -0.246060 -0.011889 0.516521 -0.000011 0.000031 0.000025
 23   3.942374 1.334565 -1.631083 0.000019 0.000002 -0.000024
 24   -0.246150 -0.011872 -0.516511 -0.000005 -0.000006 0.000048
 25   4.941364 1.997338 1.629330 0.000018 -0.000001 -0.000024
 26   4.941382 1.997366 -1.629410 -0.000001 0.000005 -0.000024
 27   2.914462 1.619264 1.514501 -0.000019 -0.000022 -0.000050
 28   2.916892 1.618870 -1.501142 -0.000002 -0.000009 -0.000024
 29   8.824059 0.150544 0.091743 0.004730 -0.059695 -0.174588
 30   2.072021 -0.565085 1.803852 0.009484 -0.066767 -0.016230
 31   2.179885 -0.553476 -1.806723 0.006267 -0.082626 0.010169
 32   -0.814395 -0.093824 3.127092 2.033895 -0.595762 1.245569
 33   14.298673 -0.408176 0.471578 0.016331 0.010002 -2.724496
 34   15.835795 0.581398 0.242756 0.181646 -0.319932 -0.465199
 35   -0.815868 -0.091229 -3.114430 -2.166992 0.671142 1.180672
 36   14.294526 -0.410349 -0.467541 -0.017177 -0.008377 -2.629941
 37   15.834409 0.579420 -0.284600 -0.247071 0.131729 -0.299508
 38   1.729547 -3.383434 -2.765217 0.015345 -0.180867 0.024683
 39   -4.457742 -1.054854 -0.746180 -0.003476 -0.031939 0.002272
 40   0.528239 -3.520084 3.178694 0.014145 -0.174817 0.024255
 41   -4.433840 -1.059130 0.959566 -0.004363 0.014310 -0.001795
 42   -0.196516 1.638706 -3.079251 -0.066227 -0.149933 0.023086
 43   -0.613285 1.643889 2.541242 -0.040781 -0.113635 0.027645
time 77
  0   -0.401123 2.578204 -27.160614 0.000000 0.058410 -1.414606
  1   -1.093036 0.000002 -0.326057 0.130753 -1.537596 -1.404825
  2   2.262337 0.113614 0.064702 -0.000065 0.001163 0.042544
  3   2.380047 0.353302 0.047440 0.000135 0.002692 0.085499
  4   2.033756 0.190472 -0.000128 -0.002112 -0.022291 -0.082125
  5   2.451511 0.204909 -0.003447 -0.009363 -0.002185 -0.082209
  6   7.247600 -0.397300 -0.109469 0.000001 0.000033 0.156829
  7   -2.022252 -0.104661 3.136172 0.506136 -1.342519 -3.724080
  8   1.168026 -0.537438 -0.063437 -1.102048 1.273974 -1.358011
  9   6.790376 -0.619176 0.015206 -0.010477 -0.035190 -0.050489
 10   8.637599 0.544015 -0.090417 -1.569848 0.133541 0.534793
 11   6.790465 -0.619039 0.017802 -0.010473 -0.035216 -0.050494
 12   -2.022474 -0.104699 -2.873818 -0.506864 1.342818 -3.724879
 13   1.167898 -0.537463 0.063297 -0.156971 -1.247966 -1.331977
 14   7.002743 -0.617765 -0.183752 0.048622 0.002181 -0.062045
 15   8.209042 0.615527 -0.255885 1.604604 0.162227 0.394855
 16   7.002735 -0.617911 -0.183641 0.048662 0.002180 -0.062027
 17   1.574674 0.609930 -0.000899 -0.002965 0.154482 -0.180045
 18   -0.602177 0.511412 -0.000006 0.000000 0.000000 0.000000
 19   3.673773 0.177020 1.119313 -0.000002 -0.000014 -0.174510
 20   3.673767 0.176993 -1.117566 0.000007 -0.000003 -0.174546
 21   3.942357 1.334540 1.627658 0.000002 -0.000011 -0.000026
 22   -0.246060 -0.011889 0.516521 -0.000011 0.000031 0.000025
 23   3.942374 1.334565 -1.631083 0.000019 0.000002 -0.000024
 24   -0.246150 -0.011872 -0.516511 -0.000005 -0.000006 0.000048
 25   4.941364 1.997338 1.629330 0.000018 -0.000001 -0.000024
 26   4.941382 1.997366 -1.629410 -0.000001 0.000005 -0.000024
 27   2.914462 1.619264 1.514501 -0.000019 -0.000022 -0.000050
 28   2.920798 1.618870 -1.501142 -0.000002 -0.000009 -0.000024
 29   8.824059 0.150544 0.091743 0.004195 -0.052573 -0.174534
 30   2.079834 -0.565085 1.803852 0.008345 -0.058833 -0.014214
 31   2.175979 -0.553476 -1.814535 0.005516 -0.072705 0.008950
 32   -0.814395 -0.093824 3.127092 2.033895 -0.595762 1.245569
 33   14.298673 -0.408176 0.471578 0.016331 0.010002 -2.724496
 34   15.835795 0.581398 0.242756 0.181646 -0.319932 -0.465199
 35   -0.815868 -0.091229 -3.114430 -2.166992 0.671142 1.180672
 36   14.294526 -0.410349 -0.467541 -0.017177 -0.008377 -2.629941
 37   15.834409 0.579420 -0.284600 -0.247071 0.131729 -0.299508
 38   1.729547 -3.383434 -2.765217 0.017176 -0.182699 0.020651
 39   -4.457742 -1.054854 -0.746180 -0.003032 -0.028116 0.001795
 40   0.528239 -3.520084 3.178694 0.016124 -0.177384 0.020283
 41   -4.433840 -1.059130 0.959566 -0.003836 0.012584 -0.001571
 42   -0.196516 1.638706 -3.087064 -0.068959 -0.154042 0.023630
 43   -0.617192 1.647795 2.549055 -0.040193 -0.112631 0.024257
time 78
  0   -0.401123 2.578204 -27.160614 0.000000 0.058410 -1.414606
  1   -1.093036 0.000002 -0.326057 0.130753 -1.537596 -1.404825
  2   2.262337 0.113614 0.064702 -0.000065 0.000780 0.041713
  3   2.380047 0.353302 0.047440 0.000105 0.002321 0.084703
  4   2.033756 0.190472 -0.000128 -0.002112 -0.021908 -0.081255
  5   2.451511 0.204909 -0.003447 -0.009363 -0.001807 -0.081441
  6   7.247600 -0.397300 -0.109469 0.000001 0.000033 0.156829
  7   -2.022252 -0.104661 3.136172 0.506136 -1.342519 -3.724080
  8   1.168026 -0.537438 -0.063437 -1.102048 1.273974 -1.358011
  9   6.790376 -0.619176 0.015206 -0.010477 -0.035190 -0.050489
 10   8.637599 0.544015 -0.090417 -1.569848 0.133541 0.534793
 11   6.790465 -0.619039 0.017802 -0.010473 -0.035216 -0.050494
 12   -2.022474 -0.104699 -2.873818 -0.506864 1.342818 -3.724879
 13   1.167898 -0.537463 0.063297 -0.156971 -1.247966 -1.331977
 14   7.002743 -0.617765 -0.183752 0.048622 0.002181 -0.062045
 15   8.209042 0.615527 -0.255885 1.604604 0.162227 0.394855
 16   7.002735 -0.617911 -0.183641 0.048662 0.002180 -0.062027
 17   1.574674 0.609930 -0.000899 -0.002843 0.155192 -0.180008
 18   -0.602177 0.511412 -0.000006 0.000000 0.000000 0.000000
 19   3.673773 0.177020 1.119313 -0.000002 -0.000014 -0.174510
 20   3.673767 0.176993 -1.117566 0.000007 -0.000003 -0.174546
 21   3.942357 1.334540 1.627658 0.000002 -0.000011 -0.000026
 22   -0.246060 -0.011889 0.516521 -0.000011 0.000031 0.000025
 23   3.942374 1.334565 -1.631083 0.000019 0.000002 -0.000024
 24   -0.246150 -0.011872 -0.516511 -0.000005 -0.000006 0.000048
 25   4.941364 1.997338 1.629330 0.000018 -0.000001 -0.000024
 26   4.941382 1.997366 -1.629410 -0.000001 0.000005 -0.000024
 27   2.914462 1.619264 1.514501 -0.000019 -0.000022 -0.000050
 28   2.916892 1.618870 -1.501142 -0.000002 -0.000009 -0.000024
 29   8.824059 0.150544 0.091743 0.003571 -0.045594 -0.174534
 30   2.083740 -0.561179 1.799945 0.007233 -0.051074 -0.012263
 31   2.168166 -0.553476 -1.818442 0.004780 -0.063044 0.007749
 32   -0.814395 -0.093824 3.127092 2.033895 -0.595762 1.245569
 33   14.298673 -0.408176 0.471578 0.016331 0.010002 -2.724496
 34   15.835795 0.581398 0.242756 0.181646 -0.319932 -0.465199
 35   -0.815868 -0.091229 -3.114430 -2.166992 0.671142 1.180672
 36   14.294526 -0.410349 -0.467541 -0.017177 -0.008377 -2.629941
 37   15.834409 0.579420 -0.284600 -0.247071 0.131729 -0.299508
 38   1.729547 -3.379528 -2.765217 0.018944 -0.184494 0.016741
 39   -4.457742 -1.054854 -0.746180 -0.002601 -0.024365 0.001374
 40   0.528239 -3.523990 3.178694 0.018039 -0.179878 0.016434
 41   -4.433840 -1.059130 0.959566 -0.003333 0.010918 -0.001374
 42   -0.196516 1.638706 -3.098783 -0.071560 -0.157952 0.024132
 43   -0.617192 1.655608 2.556867 -0.039631 -0.111674 0.021078
time 79
  0   -0.401123 2.578204 -27.160614 0.000000 0.058410 -1.414606
  1   -1.093036 0.000002 -0.326057 0.130753 -1.537596 -1.404825
  2   2.262337 0.113614 0.064702 -0.000065 0.000372 0.040936
  3   2.380047 0.353302 0.047440 0.000075 0.001913 0.083887
  4   2.033756 0.190472 -0.000128 -0.002112 -0.021500 -0.080421
  5   2.451511 0.204909 -0.003447 -0.009449 -0.001402 -0.080624
  6   7.247600 -0.397300 -0.109469 0.000001 0.000033 0.156829
  7   -2.022252 -0.104661 3.136172 0.506136 -1.342519 -3.724080
  8   1.168026 -0.537438 -0.063437 -1.102048 1.273974 -1.358011
  9   6.790376 -0.619176 0.015206 -0.010477 -0.035190 -0.050489
 10   8.637599 0.544015 -0.090417 -1.569848 0.133541 0.534793
 11   6.790465 -0.619039 0.017802 -0.010473 -0.035216 -0.050494
 12   -2.022474 -0.104699 -2.873818 -0.506864 1.342818 -3.724879
 13   1.167898 -0.537463 0.063297 -0.156971 -1.247966 -1.331977
 14   7.002743 -0.617765 -0.183752 0.048622 0.002181 -0.062045
 15   8.209042 0.615527 -0.255885 1.604604 0.162227 0.394855
 16   7.002735 -0.617911 -0.183641 0.048662 0.002180 -0.062027
 17   1.574674 0.609930 -0.000899 -0.002843 0.155973 -0.180008
 18   -0.602177 0.511412 -0.000006 0.000000 0.000000 0.000000
 19   3.673773 0.177020 1.119313 -0.000002 -0.000014 -0.174510
 20   3.673767 0.176993 -1.117566 0.000007 -0.000003 -0.174546
 21   3.942357 1.334540 1.627658 0.000002 -0.000011 -0.000026
 22   -0.246060 -0.011889 0.516521 -0.000011 0.000031 0.000025
 23   3.942374 1.334565 -1.631083 0.000019 0.000002 -0.000024
 24   -0.246150 -0.011872 -0.516511 -0.000005 -0.000006 0.000048
 25   4.941364 1.997338 1.629330 0.000018 -0.000001 -0.000024
 26   4.941382 1.997366 -1.629410 -0.000001 0.000005 -0.000024
 27   2.914462 1.619264 1.514501 -0.000019 -0.000022 -0.000050
 28   2.916892 1.618870 -1.501142 -0.000002 -0.000009 -0.000024
 29   8.824059 0.150544 0.091743 0.003036 -0.038876 -0.174534
 30   2.087647 -0.561179 1.796039 0.006162 -0.043605 -0.010397
 31   2.160354 -0.557383 -1.826254 0.004060 -0.053694 0.006603
 32   -0.814395 -0.093824 3.127092 2.033895 -0.595762 1.245569
 33   14.298673 -0.408176 0.471578 0.016331 0.010002 -2.724496
 34   15.835795 0.581398 0.242756 0.181646 -0.319932 -0.465199
 35   -0.815868 -0.091229 -3.114430 -2.166992 0.671142 1.180672
 36   14.294526 -0.410349 -0.467541 -0.017177 -0.008377 -2.629941
 37   15.834409 0.579420 -0.284600 -0.247071 0.131729 -0.299508
 38   1.729547 -3.379528 -2.765217 0.020670 -0.186217 0.013014
 39   -4.457742 -1.054854 -0.746180 -0.002205 -0.020757 0.001038
 40   0.528239 -3.523990 3.178694 0.019891 -0.182288 0.012708
 41   -4.433840 -1.059130 0.959566 -0.002829 0.009300 -0.001178
 42   -0.196516 1.634800 -3.106596 -0.074005 -0.161616 0.024592
 43   -0.621098 1.659514 2.560774 -0.039119 -0.110764 0.018025
time 80
  0   -0.401123 2.578204 -27.160614 0.000000 0.058410 -1.414606
  1   -1.093036 0.000002 -0.326057 0.130753 -1.537596 -1.404825
  2   2.262337 0.113614 0.064702 -0.000065 0.000037 0.040195
  3   2.380047 0.353302 0.047440 0.000045 0.001578 0.083152
  4   2.033756 0.190472 -0.000128 -0.002112 -0.021165 -0.079768
  5   2.451511 0.204909 -0.003447 -0.009466 -0.001063 -0.079881
  6   7.247600 -0.397300 -0.109469 0.000001 0.000033 0.156829
  7   -2.022252 -0.104661 3.136172 0.506136 -1.342519 -3.724080
  8   1.168026 -0.537438 -0.063437 -1.102048 1.273974 -1.358011
  9   6.790376 -0.619176 0.015206 -0.010477 -0.035190 -0.050489
 10   8.637599 0.544015 -0.090417 -1.569848 0.133541 0.534793
 11   6.790465 -0.619039 0.017802 -0.010473 -0.035216 -0.050494
 12   -2.022474 -0.104699 -2.873818 -0.506864 1.342818 -3.724879
 13   1.167898 -0.537463 0.063297 -0.156971 -1.247966 -1.331977
 14   7.002743 -0.617765 -0.183752 0.048622 0.002181 -0.062045
 15   8.209042 0.615527 -0.255885 1.604604 0.162227 0.394855
 16   7.002735 -0.617911 -0.183641 0.048662 0.002180 -0.062027
 17   1.574674 0.609930 -0.000899 -0.002681 0.156943 -0.179971
 18   -0.602177 0.511412 -0.000006 0.000000 0.000000 0.000000
 19   3.673773 0.177020 1.119313 -0.000002 -0.000014 -0.174510
 20   3.673767 0.176993 -1.117566 0.000007 -0.000003 -0.174546
 21   3.942357 1.334540 1.627658 0.000002 -0.000011 -0.000026
 22   -0.246060 -0.011889 0.516521 -0.000011 0.000031 0.000025
 23   3.942374 1.334565 -1.631083 0.000019 0.000002 -0.000024
 24   -0.246150 -0.011872 -0.516511 -0.000005 -0.000006 0.000048
 25   4.941364 1.997338 1.629330 0.000018 -0.000001 -0.000024
 26   4.941382 1.997366 -1.629410 -0.000001 0.000005 -0.000024
 27   2.914462 1.619264 1.514501 -0.000019 -0.000022 -0.000050
 28   2.916892 1.618870 -1.501142 -0.000002 -0.000009 -0.000024
 29   8.824059 0.150544 0.091743 0.002591 -0.032467 -0.174534
 30   2.091553 -0.561179 1.796039 0.005131 -0.036485 -0.008639
 31   2.152541 -0.557383 -1.830161 0.003386 -0.044784 0.005511
 32   -0.814395 -0.093824 3.127092 2.033895 -0.595762 1.245569
 33   14.298673 -0.408176 0.471578 0.016331 0.010002 -2.724496
 34   15.835795 0.581398 0.242756 0.181646 -0.319932 -0.465199
 35   -0.815868 -0.091229 -3.114430 -2.166992 0.671142 1.180672
 36   14.294526 -0.410349 -0.467541 -0.017177 -0.008377 -2.629941
 37   15.834409 0.579420 -0.284600 -0.247071 0.131729 -0.299508
 38   1.729547 -3.375622 -2.765217 0.022312 -0.187868 0.009410
 39   -4.457742 -1.054854 -0.746180 -0.001822 -0.017318 0.000757
 40   0.528239 -3.527896 3.178694 0.021659 -0.184590 0.009164
 41   -4.433840 -1.059130 0.959566 -0.002362 0.007754 -0.000982
 42   -0.192610 1.634800 -3.114408 -0.076282 -0.165035 0.025052
 43   -0.625004 1.667327 2.568586 -0.038632 -0.109932 0.015223
time 81
  0   -0.401123 2.578204 -27.160614 0.000000 0.058410 -1.414606
  1   -1.093036 0.000002 -0.326057 0.130753 -1.537596 -1.404825
  2   2.262337 0.113614 0.064702 -0.000065 -0.000311 0.039563
  3   2.380047 0.353302 0.047440 0.000015 0.001218 0.082479
  4   2.033756 0.190472 -0.000128 -0.002112 -0.020817 -0.079044
  5   2.451511 0.204909 -0.003447 -0.009483 -0.000723 -0.079237
  6   7.247600 -0.397300 -0.109469 0.000001 0.000033 0.156829
  7   -2.022252 -0.104661 3.136172 0.506136 -1.342519 -3.724080
  8   1.168026 -0.537438 -0.063437 -1.102048 1.273974 -1.358011
  9   6.790376 -0.619176 0.015206 -0.010477 -0.035190 -0.050489
 10   8.637599 0.544015 -0.090417 -1.569848 0.133541 0.534793
 11   6.790465 -0.619039 0.017802 -0.010473 -0.035216 -0.050494
 12   -2.022474 -0.104699 -2.873818 -0.506864 1.342818 -3.724879
 13   1.167898 -0.537463 0.063297 -0.156971 -1.247966 -1.331977
 14   7.002743 -0.617765 -0.183752 0.048622 0.002181 -0.062045
 15   8.209042 0.615527 -0.255885 1.604604 0.162227 0.394855
 16   7.002735 -0.617911 -0.183641 0.048662 0.002180 -0.062027
 17   1.574674 0.609930 -0.000899 -0.002519 0.158032 -0.179897
 18   -0.602177 0.511412 -0.000006 0.000000 0.000000 0.000000
 19   3.673773 0.177020 1.119313 -0.000002 -0.000014 -0.174510
 20   3.673767 0.176993 -1.117566 0.000007 -0.000003 -0.174546
 21   3.942357 1.334540 1.627658 0.000002 -0.000011 -0.000026
 22   -0.246060 -0.011889 0.516521 -0.000011 0.000031 0.000025
 23   3.942374 1.334565 -1.631083 0.000019 0.000002 -0.000024
 24   -0.246150 -0.011872 -0.516511 -0.000005 -0.000006 0.000048
 25   4.941364 1.997338 1.629330 0.000018 -0.000001 -0.000024
 26   4.941382 1.997366 -1.629410 -0.000001 0.000005 -0.000024
 27   2.914462 1.619264 1.514501 -0.000019 -0.000022 -0.000050
 28   2.916892 1.618870 -1.501142 -0.000002 -0.000009 -0.000024
 29   8.824059 0.150544 0.091743 0.002056 -0.026438 -0.174534
 30   2.095459 -0.561179 1.792133 0.004169 -0.029801 -0.006988
 31   2.148634 -0.557383 -1.834067 0.002758 -0.036417 0.004474
 32   -0.814395 -0.093824 3.127092 2.033895 -0.595762 1.245569
 33   14.298673 -0.408176 0.471578 0.016331 0.010002 -2.724496
 34   15.835795 0.581398 0.242756 0.181646 -0.319932 -0.465199
 35   -0.815868 -0.091229 -3.114430 -2.166992 0.671142 1.180672
 36   14.294526 -0.410349 -0.467541 -0.017177 -0.008377 -2.629941
 37   15.834409 0.579420 -0.284600 -0.247071 0.131729 -0.299508
 38   1.729547 -3.375622 -2.765217 0.023849 -0.189411 0.006049
 39   -4.457742 -1.054854 -0.746180 -0.001474 -0.014082 0.000533
 40   0.528239 -3.527896 3.178694 0.023322 -0.186747 0.005865
 41   -4.433840 -1.059130 0.959566 -0.001919 0.006304 -0.000785
 42   -0.192610 1.634800 -3.126127 -0.078379 -0.168193 0.025470
 43   -0.625004 1.671233 2.572493 -0.038182 -0.109163 0.012630
time 82
  0   -0.401123 2.578204 -27.160614 0.000000 0.058410 -1.414606
  1   -1.093036 0.000002 -0.326057 0.130753 -1.537596 -1.404825
  2   2.262337 0.113614 0.064702 -0.000065 -0.000610 0.038912
  3   2.380047 0.353302 0.047440 0.000000 0.000955 0.081887
  4   2.033756 0.190472 -0.000128 -0.002112 -0.020530 -0.078464
  5   2.451511 0.204909 -0.003447 -0.009500 -0.000436 -0.078618
  6   7.247600 -0.397300 -0.109469 0.000001 0.000033 0.156829
  7   -2.022252 -0.104661 3.136172 0.506136 -1.342519 -3.724080
  8   1.168026 -0.537438 -0.063437 -1.102048 1.273974 -1.358011
  9   6.790376 -0.619176 0.015206 -0.010477 -0.035190 -0.050489
 10   8.637599 0.544015 -0.090417 -1.569848 0.133541 0.534793
 11   6.790465 -0.619039 0.017802 -0.010473 -0.035216 -0.050494
 12   -2.022474 -0.104699 -2.873818 -0.506864 1.342818 -3.724879
 13   1.167898 -0.537463 0.063297 -0.156971 -1.247966 -1.331977
 14   7.002743 -0.617765 -0.183752 0.048622 0.002181 -0.062045
 15   8.209042 0.615527 -0.255885 1.604604 0.162227 0.394855
 16   7.002735 -0.617911 -0.183641 0.048662 0.002180 -0.062027
 17   1.574674 0.609930 -0.000899 -0.002356 0.159286 -0.179823
 18   -0.602177 0.511412 -0.000006 0.000000 0.000000 0.000000
 19   3.677679 0.177020 1.119313 -0.000002 -0.000014 -0.174510
 20   3.677673 0.176993 -1.117566 0.000007 -0.000003 -0.174546
 21   3.942357 1.334540 1.627658 0.000002 -0.000011 -0.000026
 22   -0.246060 -0.011889 0.516521 -0.000011 0.000031 0.000025
 23   3.942374 1.334565 -1.631083 0.000019 0.000002 -0.000024
 24   -0.246150 -0.011872 -0.516511 -0.000005 -0.000006 0.000048
 25   4.941364 1.997338 1.629330 0.000018 -0.000001 -0.000024
 26   4.941382 1.997366 -1.629410 -0.000001 0.000005 -0.000024
 27   2.914462 1.619264 1.514501 -0.000019 -0.000022 -0.000050
 28   2.920798 1.618870 -1.501142 -0.000002 -0.000009 -0.000024
 29   8.824059 0.150544 0.091743 0.001610 -0.020859 -0.174534
 30   2.099366 -0.561179 1.792133 0.003287 -0.023611 -0.005487
 31   2.140822 -0.561289 -1.837973 0.002176 -0.028673 0.003528
 32   -0.814395 -0.093824 3.127092 2.033895 -0.595762 1.245569
 33   14.298673 -0.408176 0.471578 0.016331 0.010002 -2.724496
 34   15.835795 0.581398 0.242756 0.181646 -0.319932 -0.465199
 35   -0.815868 -0.091229 -3.114430 -2.166992 0.671142 1.180672
 36   14.294526 -0.410349 -0.467541 -0.017177 -0.008377 -2.629941
 37   15.834409 0.579420 -0.284600 -0.247071 0.131729 -0.299508
 38   1.729547 -3.375622 -2.765217 0.025280 -0.190845 0.002934
 39   -4.457742 -1.054854 -0.746180 -0.001151 -0.011086 0.000337
 40   0.528239 -3.527896 3.178694 0.024859 -0.188748 0.002749
 41   -4.433840 -1.059130 0.959566 -0.001511 0.004962 -0.000617
 42   -0.192610 1.630894 -3.130033 -0.080285 -0.171045 0.025846
 43   -0.625004 1.675140 2.576399 -0.037770 -0.108457 0.010288
time 83
  0   -0.401123 2.578204 -27.160614 0.000000 0.058410 -1.414606
  1   -1.093036 0.000002 -0.326057 0.130753 -1.537596 -1.404825
  2   2.262337 0.113614 0.064702 -0.000065 -0.000850 0.038388
  3   2.380047 0.353302 0.047440 0.000000 0.000667 0.081336
  4   2.033756 0.190472 -0.000128 -0.002112 -0.020278 -0.077884
  5   2.451511 0.204909 -0.003447 -0.009517 -0.000188 -0.078073
  6   7.247600 -0.397300 -0.109469 0.000001 0.000033 0.156829
  7   -2.022252 -0.104661 3.136172 0.506136 -1.342519 -3.724080
  8   1.168026 -0.537438 -0.063437 -1.102048 1.273974 -1.358011
  9   6.790376 -0.619176 0.015206 -0.010477 -0.035190 -0.050489
 10   8.637599 0.544015 -0.090417 -1.569848 0.133541 0.534793
 11   6.790465 -0.619039 0.017802 -0.010473 -0.035216 -0.050494
 12   -2.022474 -0.104699 -2.873818 -0.506864 1.342818 -3.724879
 13   1.167898 -0.537463 0.063297 -0.156971 -1.247966 -1.331977
 14   7.002743 -0.617765 -0.183752 0.048622 0.002181 -0.062045
 15   8.209042 0.615527 -0.255885 1.604604 0.162227 0.394855
 16   7.002735 -0.617911 -0.183641 0.048662 0.002180 -0.062027
 17   1.574674 0.609930 -0.000899 -0.002153 0.160730 -0.179749
 18   -0.602177 0.511412 -0.000006 0.000000 0.000000 0.000000
 19   3.673773 0.177020 1.119313 -0.000002 -0.000014 -0.174510
 20   3.673767 0.176993 -1.117566 0.000007 -0.000003 -0.174546
 21   3.942357 1.334540 1.627658 0.000002 -0.000011 -0.000026
 22   -0.246060 -0.011889 0.516521 -0.000011 0.000031 0.000025
 23   3.942374 1.334565 -1.631083 0.000019 0.000002 -0.000024
 24   -0.246150 -0.011872 -0.516511 -0.000005 -0.000006 0.000048
 25   4.941364 1.997338 1.629330 0.000018 -0.000001 -0.000024
 26   4.941382 1.997366 -1.629410 -0.000001 0.000005 -0.000024
 27   2.914462 1.619264 1.514501 -0.000019 -0.000022 -0.000050
 28   2.916892 1.618870 -1.501142 -0.000002 -0.000009 -0.000024
 29   8.824059 0.150544 0.091743 0.001254 -0.015803 -0.174534
 30   2.103272 -0.561179 1.788226 0.002474 -0.017973 -0.004115
 31   2.136915 -0.561289 -1.841880 0.001639 -0.021628 0.002655
 32   -0.814395 -0.093824 3.127092 2.033895 -0.595762 1.245569
 33   14.298673 -0.408176 0.471578 0.016331 0.010002 -2.724496
 34   15.835795 0.581398 0.242756 0.181646 -0.319932 -0.465199
 35   -0.815868 -0.091229 -3.114430 -2.166992 0.671142 1.180672
 36   14.294526 -0.410349 -0.467541 -0.017177 -0.008377 -2.629941
 37   15.834409 0.579420 -0.284600 -0.247071 0.131729 -0.299508
 38   1.729547 -3.371715 -2.765217 0.026564 -0.192146 0.000123
 39   -4.457742 -1.054854 -0.746180 -0.000863 -0.008365 0.000224
 40   0.528239 -3.531803 3.178694 0.026248 -0.190567 0.000000
 41   -4.433840 -1.059130 0.959566 -0.001140 0.003739 -0.000449
 42   -0.192610 1.630894 -3.137846 -0.081975 -0.173590 0.026181
 43   -0.628911 1.679046 2.580306 -0.037407 -0.107829 0.008197
time 84
  0   -0.401123 2.578204 -27.160614 0.000000 0.058410 -1.414606
  1   -1.093036 0.000002 -0.326057 0.130753 -1.537596 -1.404825
  2   2.262337 0.113614 0.064702 -0.000065 -0.001090 0.037936
  3   2.380047 0.353302 0.047440 0.000000 0.000451 0.080887
  4   2.033756 0.190472 -0.000128 -0.002112 -0.020038 -0.077449
  5   2.451511 0.204909 -0.003447 -0.009517 -0.000005 -0.077652
  6   7.247600 -0.397300 -0.109469 0.000001 0.000033 0.156829
  7   -2.022252 -0.104661 3.136172 0.506136 -1.342519 -3.724080
  8   1.168026 -0.537438 -0.063437 -1.102048 1.273974 -1.358011
  9   6.790376 -0.619176 0.015206 -0.010477 -0.035190 -0.050489
 10   8.637599 0.544015 -0.090417 -1.569848 0.133541 0.534793
 11   6.790465 -0.619039 0.017802 -0.010473 -0.035216 -0.050494
 12   -2.022474 -0.104699 -2.873818 -0.506864 1.342818 -3.724879
 13   1.167898 -0.537463 0.063297 -0.156971 -1.247966 -1.331977
 14   7.002743 -0.617765 -0.183752 0.048622 0.002181 -0.062045
 15   8.209042 0.615527 -0.255885 1.604604 0.162227 0.394855
 16   7.002735 -0.617911 -0.183641 0.048662 0.002180 -0.062027
 17   1.574674 0.609930 -0.000899 -0.001869 0.162434 -0.179675
 18   -0.602177 0.511412 -0.000006 0.000000 0.000000 0.000000
 19   3.673773 0.177020 1.119313 -0.000002 -0.000014 -0.174510
 20   3.673767 0.176993 -1.117566 0.000007 -0.000003 -0.174546
 21   3.942357 1.334540 1.627658 0.000002 -0.000011 -0.000026
 22   -0.246060 -0.011889 0.516521 -0.000011 0.000031 0.000025
 23   3.942374 1.334565 -1.631083 0.000019 0.000002 -0.000024
 24   -0.246150 -0.011872 -0.516511 -0.000005 -0.000006 0.000048
 25   4.941364 1.997338 1.629330 0.000018 -0.000001 -0.000024
 26   4.941382 1.997366 -1.629410 -0.000001 0.000005 -0.000024
 27   2.914462 1.619264 1.514501 -0.000019 -0.000022 -0.000050
 28   2.916892 1.618870 -1.501142 -0.000002 -0.000009 -0.000024
 29   8.824059 0.150544 0.091743 0.000897 -0.011317 -0.174534
 30   2.107179 -0.561179 1.788226 0.001755 -0.013004 -0.002914
 31   2.129103 -0.561289 -1.845786 0.001164 -0.015411 0.001890
 32   -0.814395 -0.093824 3.127092 2.033895 -0.595762 1.245569
 33   14.298673 -0.408176 0.471578 0.016331 0.010002 -2.724496
 34   15.835795 0.581398 0.242756 0.181646 -0.319932 -0.465199
 35   -0.815868 -0.091229 -3.114430 -2.166992 0.671142 1.180672
 36   14.294526 -0.410349 -0.467541 -0.017177 -0.008377 -2.629941
 37   15.834409 0.579420 -0.284600 -0.247071 0.131729 -0.299508
 38   1.729547 -3.371715 -2.765217 0.027701 -0.193291 -0.002321
 39   -4.457742 -1.054854 -0.746180 -0.000611 -0.005956 0.000112
 40   0.528239 -3.531803 3.178694 0.027490 -0.192170 -0.002444
 41   -4.433840 -1.059130 0.959566 -0.000816 0.002673 -0.000337
 42   -0.192610 1.630894 -3.141753 -0.083449 -0.175798 0.026474
 43   -0.628911 1.682953 2.584212 -0.037095 -0.107296 0.006399
time 85
  0   -0.401123 2.578204 -27.160614 0.000000 0.058410 -1.414606
  1   -1.093036 0.000002 -0.326057 0.130753 -1.537596 -1.404825
  2   2.262337 0.113614 0.064702 -0.000065 -0.001270 0.037575
  3   2.380047 0.353302 0.047440 0.000000 0.000284 0.080520
  4   2.033756 0.190472 -0.000128 -0.002112 -0.019858 -0.077122
  5   2.451511 0.204909 -0.003447 -0.009517 0.000165 -0.077231
  6   7.247600 -0.397300 -0.109469 0.000001 0.000033 0.156829
  7   -2.022252 -0.104661 3.136172 0.506136 -1.342519 -3.724080
  8   1.168026 -0.537438 -0.063437 -1.102048 1.273974 -1.358011
  9   6.790376 -0.619176 0.015206 -0.010477 -0.035190 -0.050489
 10   8.637599 0.544015 -0.090417 -1.569848 0.133541 0.534793
 11   6.790465 -0.619039 0.017802 -0.010473 -0.035216 -0.050494
 12   -2.022474 -0.104699 -2.873818 -0.506864 1.342818 -3.724879
 13   1.167898 -0.537463 0.063297 -0.156971 -1.247966 -1.331977
 14   7.002743 -0.617765 -0.183752 0.048622 0.002181 -0.062045
 15   8.209042 0.615527 -0.255885 1.604604 0.162227 0.394855
 16   7.002735 -0.617911 -0.183641 0.048662 0.002180 -0.062027
 17   1.574674 0.609930 -0.000899 -0.001584 0.164398 -0.179565
 18   -0.602177 0.511412 -0.000006 0.000000 0.000000 0.000000
 19   3.673773 0.177020 1.119313 -0.000002 -0.000014 -0.174510
 20   3.673767 0.176993 -1.117566 0.000007 -0.000003 -0.174546
 21   3.942357 1.334540 1.627658 0.000002 -0.000011 -0.000026
 22   -0.246060 -0.011889 0.516521 -0.000011 0.000031 0.000025
 23   3.942374 1.334565 -1.631083 0.000019 0.000002 -0.000024
 24   -0.246150 -0.011872 -0.516511 -0.000005 -0.000006 0.000048
 25   4.941364 1.997338 1.629330 0.000018 -0.000001 -0.000024
 26   4.941382 1.997366 -1.629410 -0.000001 0.000005 -0.000024
 27   2.914462 1.619264 1.514501 -0.000019 -0.000022 -0.000050
 28   2.916892 1.618870 -1.501142 -0.000002 -0.000009 -0.000024
 29   8.824059 0.150544 0.091743 0.000541 -0.007519 -0.174534
 30   2.107179 -0.561179 1.784320 0.001145 -0.008761 -0.001906
 31   2.125196 -0.561289 -1.849693 0.000766 -0.010127 0.001235
 32   -0.814395 -0.093824 3.127092 2.033895 -0.595762 1.245569
 33   14.298673 -0.408176 0.471578 0.016331 0.010002 -2.724496
 34   15.835795 0.581398 0.242756 0.181646 -0.319932 -0.465199
 35   -0.815868 -0.091229 -3.114430 -2.166992 0.671142 1.180672
 36   14.294526 -0.410349 -0.467541 -0.017177 -0.008377 -2.629941
 37   15.834409 0.579420 -0.284600 -0.247071 0.131729 -0.299508
 38   1.729547 -3.371715 -2.765217 0.028690 -0.194279 -0.004459
 39   -4.457742 -1.054854 -0.746180 -0.000395 -0.003907 0.000056
 40   0.528239 -3.531803 3.178694 0.028543 -0.193532 -0.004521
 41   -4.433840 -1.059130 0.959566 -0.000528 0.001750 -0.000196
 42   -0.192610 1.630894 -3.149565 -0.084683 -0.177654 0.026683
 43   -0.628911 1.682953 2.588118 -0.036833 -0.106841 0.004851
time 86
  0   -0.401123 2.578204 -27.160614 0.000000 0.058410 -1.414606
  1   -1.093036 0.000002 -0.326057 0.130753 -1.537596 -1.404825
  2   2.262337 0.113614 0.064702 -0.000065 -0.001413 0.037304
  3   2.380047 0.353302 0.047440 0.000000 0.000152 0.080214
  4   2.033756 0.190472 -0.000128 -0.002149 -0.019739 -0.076832
  5   2.451511 0.204909 -0.003447 -0.009517 0.000308 -0.076934
  6   7.247600 -0.397300 -0.109469 0.000001 0.000033 0.156829
  7   -2.022252 -0.104661 3.136172 0.506136 -1.342519 -3.724080
  8   1.168026 -0.537438 -0.063437 -1.102048 1.273974 -1.358011
  9   6.790376 -0.619176 0.015206 -0.010477 -0.035190 -0.050489
 10   8.637599 0.544015 -0.090417 -1.569848 0.133541 0.534793
 11   6.790465 -0.619039 0.017802 -0.010473 -0.035216 -0.050494
 12   -2.022474 -0.104699 -2.873818 -0.506864 1.342818 -3.724879
 13   1.167898 -0.537463 0.063297 -0.156971 -1.247966 -1.331977
 14   7.002743 -0.617765 -0.183752 0.048622 0.002181 -0.062045
 15   8.209042 0.615527 -0.255885 1.604604 0.162227 0.394855
 16   7.002735 -0.617911 -0.183641 0.048662 0.002180 -0.062027
 17   1.574674 0.609930 -0.000899 -0.001300 0.166741 -0.179343
 18   -0.602177 0.511412 -0.000006 0.000000 0.000000 0.000000
 19   3.673773 0.177020 1.119313 -0.000002 -0.000014 -0.174510
 20   3.673767 0.176993 -1.117566 0.000007 -0.000003 -0.174546
 21   3.942357 1.334540 1.627658 0.000002 -0.000011 -0.000026
 22   -0.246060 -0.011889 0.516521 -0.000011 0.000031 0.000025
 23   3.942374 1.334565 -1.631083 0.000019 0.000002 -0.000024
 24   -0.246150 -0.011872 -0.516511 -0.000005 -0.000006 0.000048
 25   4.941364 1.997338 1.629330 0.000018 -0.000001 -0.000024
 26   4.941382 1.997366 -1.629410 -0.000001 0.000005 -0.000024
 27   2.914462 1.619264 1.514501 -0.000019 -0.000022 -0.000050
 28   2.920798 1.618870 -1.501142 -0.000002 -0.000009 -0.000024
 29   8.824059 0.150544 0.091743 0.000273 -0.004433 -0.174534
 30   2.111085 -0.561179 1.784320 0.000656 -0.005332 -0.001070
 31   2.125196 -0.561289 -1.853599 0.000429 -0.005828 0.000708
 32   -0.814395 -0.093824 3.127092 2.033895 -0.595762 1.245569
 33   14.298673 -0.408176 0.471578 0.016331 0.010002 -2.724496
 34   15.835795 0.581398 0.242756 0.181646 -0.319932 -0.465199
 35   -0.815868 -0.091229 -3.114430 -2.166992 0.671142 1.180672
 36   14.294526 -0.410349 -0.467541 -0.017177 -0.008377 -2.629941
 37   15.834409 0.579420 -0.284600 -0.247071 0.131729 -0.299508
 38   1.729547 -3.367809 -2.765217 0.029469 -0.195075 -0.006170
 39   -4.457742 -1.054854 -0.746180 -0.000228 -0.002253 0.000000
 40   0.528239 -3.535709 3.178694 0.029385 -0.194640 -0.006232
 41   -4.433840 -1.059130 0.959566 -0.000301 0.001007 -0.000112
 42   -0.192610 1.630894 -3.153472 -0.085666 -0.179125 0.026892
 43   -0.632817 1.686859 2.592025 -0.036620 -0.106464 0.003639
time 87
  0   -0.401123 2.578204 -27.160614 0.000000 0.058410 -1.414606
  1   -1.093036 0.000002 -0.326057 0.130753 -1.537596 -1.404825
  2   2.262337 0.113614 0.064702 -0.000065 -0.001497 0.037069
  3   2.380047 0.353302 0.047440 0.000000 0.000044 0.080030
  4   2.033756 0.190472 -0.000128 -0.002149 -0.019631 -0.076579
  5   2.451511 0.204909 -0.003447 -0.009517 0.000400 -0.076711
  6   7.247600 -0.397300 -0.109469 0.000001 0.000033 0.156829
  7   -2.022252 -0.104661 3.136172 0.506136 -1.342519 -3.724080
  8   1.168026 -0.537438 -0.063437 -1.102048 1.273974 -1.358011
  9   6.790376 -0.619176 0.015206 -0.010477 -0.035190 -0.050489
 10   8.637599 0.544015 -0.090417 -1.569848 0.133541 0.534793
 11   6.790465 -0.619039 0.017802 -0.010473 -0.035216 -0.050494
 12   -2.022474 -0.104699 -2.873818 -0.506864 1.342818 -3.724879
 13   1.167898 -0.537463 0.063297 -0.156971 -1.247966 -1.331977
 14   7.002743 -0.617765 -0.183752 0.048622 0.002181 -0.062045
 15   8.209042 0.615527 -0.255885 1.604604 0.162227 0.394855
 16   7.002735 -0.617911 -0.183641 0.048662 0.002180 -0.062027
 17   1.574674 0.609930 -0.000899 -0.000894 0.169439 -0.179195
 18   -0.602177 0.511412 -0.000006 0.000000 0.000000 0.000000
 19   3.677679 0.177020 1.119313 -0.000002 -0.000014 -0.174510
 20   3.673767 0.176993 -1.117566 0.000007 -0.000003 -0.174546
 21   3.942357 1.334540 1.627658 0.000002 -0.000011 -0.000026
 22   -0.246060 -0.011889 0.516521 -0.000011 0.000031 0.000025
 23   3.942374 1.334565 -1.631083 0.000019 0.000002 -0.000024
 24   -0.246150 -0.011872 -0.516511 -0.000005 -0.000006 0.000048
 25   4.941364 1.997338 1.629330 0.000018 -0.000001 -0.000024
 26   4.941382 1.997366 -1.629410 -0.000001 0.000005 -0.000024
 27   2.914462 1.619264 1.514501 -0.000019 -0.000022 -0.000050
 28   2.920798 1.618870 -1.501142 -0.000002 -0.000009 -0.000024
 29   8.824059 0.150544 0.091743 0.000095 -0.002130 -0.174534
 30   2.111085 -0.561179 1.784320 0.000290 -0.002803 -0.000469
 31   2.121290 -0.561289 -1.853599 0.000199 -0.002642 0.000326
 32   -0.814395 -0.093824 3.127092 2.033895 -0.595762 1.245569
 33   14.298673 -0.408176 0.471578 0.016331 0.010002 -2.724496
 34   15.835795 0.581398 0.242756 0.181646 -0.319932 -0.465199
 35   -0.815868 -0.091229 -3.114430 -2.166992 0.671142 1.180672
 36   14.294526 -0.410349 -0.467541 -0.017177 -0.008377 -2.629941
 37   15.834409 0.579420 -0.284600 -0.247071 0.131729 -0.299508
 38   1.729547 -3.367809 -2.765217 0.030058 -0.195653 -0.007453
 39   -4.457742 -1.054854 -0.746180 -0.000096 -0.001019 0.000000
 40   0.528239 -3.535709 3.178694 0.030016 -0.195460 -0.007454
 41   -4.433840 -1.059130 0.959566 -0.000133 0.000455 -0.000056
 42   -0.192610 1.630894 -3.153472 -0.086397 -0.180214 0.027017
 43   -0.632817 1.686859 2.592025 -0.036470 -0.106198 0.002760
time 88
  0   -0.401123 2.578204 -27.160614 0.000000 0.058410 -1.414606
  1   -1.093036 0.000002 -0.326057 0.130753 -1.537596 -1.404825
  2   2.262337 0.113614 0.064702 -0.000065 -0.001557 0.036960
  3   2.380047 0.353302 0.047440 0.000000 -0.000016 0.079908
  4   2.033756 0.190472 -0.000128 -0.002149 -0.019571 -0.076434
  5   2.451511 0.204909 -0.003447 -0.009517 0.000452 -0.076612
  6   7.247600 -0.397300 -0.109469 0.000001 0.000033 0.156829
  7   -2.022252 -0.104661 3.136172 0.506136 -1.342519 -3.724080
  8   1.168026 -0.537438 -0.063437 -1.102048 1.273974 -1.358011
  9   6.790376 -0.619176 0.015206 -0.010477 -0.035190 -0.050489
 10   8.637599 0.544015 -0.090417 -1.569848 0.133541 0.534793
 11   6.790465 -0.619039 0.017802 -0.010473 -0.035216 -0.050494
 12   -2.022474 -0.104699 -2.873818 -0.506864 1.342818 -3.724879
 13   1.167898 -0.537463 0.063297 -0.156971 -1.247966 -1.331977
 14   7.002743 -0.617765 -0.183752 0.048622 0.002181 -0.062045
 15   8.209042 0.615527 -0.255885 1.604604 0.162227 0.394855
 16   7.002735 -0.617911 -0.183641 0.048662 0.002180 -0.062027
 17   1.574674 0.609930 -0.000899 -0.000406 0.172563 -0.179047
 18   -0.602177 0.511412 -0.000006 0.000000 0.000000 0.000000
 19   3.673773 0.177020 1.119313 -0.000002 -0.000014 -0.174510
 20   3.673767 0.176993 -1.117566 0.000007 -0.000003 -0.174546
 21   3.942357 1.334540 1.627658 0.000002 -0.000011 -0.000026
 22   -0.246060 -0.011889 0.516521 -0.000011 0.000031 0.000025
 23   3.942374 1.334565 -1.631083 0.000019 0.000002 -0.000024
 24   -0.246150 -0.011872 -0.516511 -0.000005 -0.000006 0.000048
 25   4.941364 1.997338 1.629330 0.000018 -0.000001 -0.000024
 26   4.941382 1.997366 -1.629410 -0.000001 0.000005 -0.000024
 27   2.914462 1.619264 1.514501 -0.000019 -0.000022 -0.000050
 28   2.920798 1.618870 -1.501142 -0.000002 -0.000009 -0.000024
 29   8.824059 0.150544 0.091743 0.000006 -0.000706 -0.174534
 30   2.111085 -0.561179 1.784320 0.000060 -0.001205 -0.000105
 31   2.121290 -0.561289 -1.853599 0.000046 -0.000673 0.000071
 32   -0.814395 -0.093824 3.127092 2.033895 -0.595762 1.245569
 33   14.298673 -0.408176 0.471578 0.016331 0.010002 -2.724496
 34   15.835795 0.581398 0.242756 0.181646 -0.319932 -0.465199
 35   -0.815868 -0.091229 -3.114430 -2.166992 0.671142 1.180672
 36   14.294526 -0.410349 -0.467541 -0.017177 -0.008377 -2.629941
 37   15.834409 0.579420 -0.284600 -0.247071 0.131729 -0.299508
 38   1.729547 -3.367809 -2.765217 0.030416 -0.196027 -0.008247
 39   -4.457742 -1.054854 -0.746180 -0.000024 -0.000252 0.000000
 40   0.528239 -3.535709 3.178694 0.030416 -0.195978 -0.008248
 41   -4.433840 -1.059130 0.959566 -0.000037 0.000108 0.000000
 42   -0.192610 1.630894 -3.157378 -0.086828 -0.180873 0.027143
 43   -0.632817 1.686859 2.592025 -0.036370 -0.106041 0.002217
time 89
  0   -0.401123 2.578204 -27.160614 0.000000 0.058410 -1.414606
  1   -1.093036 0.000002 -0.326057 0.130753 -1.537596 -1.404825
  2   2.262337 0.113614 0.064702 -0.000065 -0.001569 0.036888
  3   2.380047 0.353302 0.047440 0.000000 -0.000028 0.079867
  4   2.033756 0.190472 -0.000128 -0.002149 -0.019559 -0.076398
  5   2.451511 0.204909 -0.003447 -0.009517 0.000465 -0.076612
  6   7.247600 -0.397300 -0.109469 0.000001 0.000033 0.156829
  7   -2.022252 -0.104661 3.136172 0.506136 -1.342519 -3.724080
  8   1.168026 -0.537438 -0.063437 -1.102048 1.273974 -1.358011
  9   6.790376 -0.619176 0.015206 -0.010477 -0.035190 -0.050489
 10   8.637599 0.544015 -0.090417 -1.569848 0.133541 0.534793
 11   6.790465 -0.619039 0.017802 -0.010473 -0.035216 -0.050494
 12   -2.022474 -0.104699 -2.873818 -0.506864 1.342818 -3.724879
 13   1.167898 -0.537463 0.063297 -0.156971 -1.247966 -1.331977
 14   7.002743 -0.617765 -0.183752 0.048622 0.002181 -0.062045
 15   8.209042 0.615527 -0.255885 1.604604 0.162227 0.394855
 16   7.002735 -0.617911 -0.183641 0.048662 0.002180 -0.062027
 17   1.574674 0.609930 -0.000899 0.000000 0.176184 -0.178899
 18   -0.602177 0.511412 -0.000006 0.000000 0.000000 0.000000
 19   3.677679 0.177020 1.119313 -0.000002 -0.000014 -0.174510
 20   3.677673 0.176993 -1.117566 0.000007 -0.000003 -0.174546
 21   3.942357 1.334540 1.627658 0.000002 -0.000011 -0.000026
 22   -0.246060 -0.011889 0.516521 -0.000011 0.000031 0.000025
 23   3.942374 1.334565 -1.631083 0.000019 0.000002 -0.000024
 24   -0.246150 -0.011872 -0.516511 -0.000005 -0.000006 0.000048
 25   4.941364 1.997338 1.629330 0.000018 -0.000001 -0.000024
 26   4.941382 1.997366 -1.629410 -0.000001 0.000005 -0.000024
 27   2.914462 1.619264 1.514501 -0.000019 -0.000022 -0.000050
 28   2.920798 1.618870 -1.501142 -0.000002 -0.000009 -0.000024
 29   8.824059 0.150544 0.091743 0.000006 -0.000231 -0.174534
 30   2.111085 -0.561179 1.784320 -0.000008 -0.000682 0.000024
 31   2.121290 -0.561289 -1.853599 0.000000 0.000000 -0.000002
 32   -0.814395 -0.093824 3.127092 2.033895 -0.595762 1.245569
 33   14.298673 -0.408176 0.471578 0.016331 0.010002 -2.724496
 34   15.835795 0.581398 0.242756 0.181646 -0.319932 -0.465199
 35   -0.815868 -0.091229 -3.114430 -2.166992 0.671142 1.180672
 36   14.294526 -0.410349 -0.467541 -0.017177 -0.008377 -2.629941
 37   15.834409 0.579420 -0.284600 -0.247071 0.131729 -0.299508
 38   1.729547 -3.367809 -2.765217 0.030542 -0.196147 -0.008552
 39   -4.457742 -1.054854 -0.746180 0.000000 0.000000 0.000000
 40   0.528239 -3.535709 3.178694 0.030542 -0.196147 -0.008553
 41   -4.433840 -1.059130 0.959566 -0.000001 0.000000 0.000000
 42   -0.192610 1.630894 -3.157378 -0.086984 -0.181103 0.027143
 43   -0.632817 1.690765 2.595931 -0.036345 -0.105994 0.002049
end
