version 1
nodes
  0 "Bip01" -1
  1 "Bip01 Pelvis" 0
  2 "Bip01 Spine" 1
  3 "Bip01 Spine1" 2
  4 "Bip01 Spine2" 3
  5 "Bip01 Spine3" 4
  6 "Bip01 Neck" 5
  7 "Bip01 L Arm" 6
  8 "Bip01 L Arm1" 7
  9 "Bip01 L Arm2" 8
 10 "Bip01 L Hand" 9
 11 "Bip06 L elbow2-smooth" 8
 12 "Bip01 R Arm" 6
 13 "Bip01 R Arm1" 12
 14 "Bip01 R Arm2" 13
 15 "Bip01 R Hand" 14
 16 "Bip06 R elbow2-smooth" 13
 17 "Bip01 Head" 6
 18 "Bip06 Head_helper" 17
 19 "Bip06 Head_eyes_l" 18
 20 "Bip06 Head_eyes_r" 18
 21 "Bip06 Head_blink_l" 18
 22 "Bip06 Head_blink_smooth_l1" 21
 23 "Bip06 Head_blink_r" 18
 24 "Bip06 Head_blink_smooth_r1" 23
 25 "Bip06 Head_L_eyebrow" 18
 26 "Bip06 Head_R_eyebrow" 18
 27 "Bip06 Head_blink_l_lid" 18
 28 "Bip06 Head_blink_r_lid" 18
 29 "Bip06 bunny" 18
 30 "Bip06 bunnyL" 29
 31 "Bip06 bunnyR" 29
 32 "Bip01 L Leg" 1
 33 "Bip01 L Leg1" 32
 34 "Bip01 L Foot" 33
 35 "Bip01 R Leg" 1
 36 "Bip01 R Leg1" 35
 37 "Bip01 R Foot" 36
 38 "Bip03 HairR1" 17
 39 "Bip03 HairR2" 38
 40 "Bip03 HairL1" 17
 41 "Bip03 HairL2" 40
 42 "Bip03 swingR" 17
 43 "Bip03 swingL" 17
end
skeleton
time 0
  0   -0.967547 0.175787 -20.574476 0.000000 0.000000 -1.572114
  1   -1.093036 0.000002 -0.326057 -1.570756 -1.570425 -0.000219
  2   2.262337 0.113614 0.064702 -0.000052 0.000049 0.087866
  3   2.380047 0.353302 0.047440 0.000000 -0.000040 0.148287
  4   2.033756 0.190472 -0.000128 -0.000010 0.000024 -0.139576
  5   2.451511 0.204909 -0.003447 0.000000 -0.000005 -0.017472
  6   7.247600 -0.397300 -0.109469 0.000001 0.000009 0.418441
  7   -2.022252 -0.104661 3.136172 -0.298783 -1.361862 -2.901749
  8   1.168026 -0.537438 -0.063437 -1.609874 0.834026 -1.551398
  9   6.790376 -0.619176 0.015206 -0.729327 0.926736 -1.948647
 10   8.637599 0.544015 -0.090417 -1.514543 -0.020614 -0.397363
 11   6.790465 -0.619039 0.017802 -0.206847 0.780474 -1.138531
 12   -2.022474 -0.104699 -2.873818 0.298873 1.361712 -2.901984
 13   1.167898 -0.537463 0.063297 1.035394 -0.887357 -0.918101
 14   7.002743 -0.617765 -0.183752 0.173931 -0.185947 -2.168985
 15   8.209042 0.615527 -0.255885 2.560768 0.102153 -0.345857
 16   7.002735 -0.617911 -0.183641 0.094749 -0.166026 -1.529327
 17   1.574674 0.609930 -0.000899 -0.401096 -0.010429 -0.024476
 18   -0.602177 0.511412 -0.000006 0.000000 0.000000 0.000000
 19   3.673773 0.177020 1.119313 -0.000002 -0.000014 -0.174510
 20   3.673767 0.176993 -1.117566 0.000007 -0.000003 -0.174546
 21   3.942357 1.334540 1.627658 0.000002 -0.000011 -0.000026
 22   -0.246060 -0.011889 0.516521 -0.000011 0.000031 0.000025
 23   3.942374 1.334565 -1.631083 0.000019 0.000002 -0.000024
 24   -0.246150 -0.011872 -0.516511 -0.000005 -0.000006 0.000048
 25   4.941364 1.997338 1.629330 0.000018 -0.000001 -0.000024
 26   4.941382 1.997366 -1.629410 -0.000001 0.000005 -0.000024
 27   2.914462 1.619264 1.514501 -0.000019 -0.000022 -0.000050
 28   2.916892 1.618870 -1.501142 -0.000002 -0.000009 -0.000024
 29   8.824059 0.150544 0.091743 0.000006 -0.000231 -0.174534
 30   2.111085 -0.561179 1.784320 -0.000008 -0.000682 0.000024
 31   2.121290 -0.561289 -1.853599 0.000000 0.000000 -0.000002
 32   -0.814395 -0.093824 3.127092 3.071685 -0.114787 1.239365
 33   14.298673 -0.408176 0.471578 0.000020 -0.000002 -1.896136
 34   15.835795 0.581398 0.242756 -0.214735 0.106913 -0.097869
 35   -0.815868 -0.091229 -3.114430 0.066464 3.132818 -1.010216
 36   14.294526 -0.410349 -0.467541 0.000009 -0.000036 -2.607695
 37   15.834409 0.579420 -0.284600 -0.006131 -0.035383 0.214508
 38   1.139685 -3.453749 -2.823813 0.000000 0.000000 0.000001
 39   -4.457742 -1.054854 -0.746180 0.000000 0.000000 0.000000
 40   1.118101 -3.449769 3.237290 0.000000 0.000001 0.000000
 41   -4.433840 -1.059130 0.959566 -0.000001 0.000000 0.000000
 42   -0.657468 1.697302 -2.688614 0.000000 0.000002 0.000000
 43   -0.664068 1.698578 2.869377 0.000000 0.000002 0.000000
time 1
  0   -0.967547 0.175787 -20.574476 0.000000 0.000000 -1.572114
  1   -1.093036 0.000002 -0.326057 -1.570756 -1.570425 -0.000219
  2   2.262337 0.113614 0.064702 0.017322 -0.001437 0.087812
  3   2.380047 0.353302 0.047440 0.023477 -0.003480 0.148246
  4   2.033756 0.190472 -0.000128 0.012531 0.001726 -0.139576
  5   2.451511 0.204909 -0.003447 0.000000 -0.000005 -0.017472
  6   7.247600 -0.397300 -0.109469 0.000001 0.000009 0.418441
  7   -2.022252 -0.104661 3.136172 -0.298783 -1.361862 -2.901749
  8   1.168026 -0.537438 -0.063437 -1.586207 0.913724 -1.507938
  9   6.790376 -0.619176 0.015206 -0.594567 0.885491 -1.816050
 10   8.637599 0.544015 -0.090417 -1.539730 0.016200 -0.429918
 11   6.790465 -0.619039 0.017802 -0.162469 0.720440 -1.095390
 12   -2.022474 -0.104699 -2.873818 0.298873 1.361683 -2.901984
 13   1.167898 -0.537463 0.063297 1.171629 -0.862336 -0.963502
 14   7.002743 -0.617765 -0.183752 0.173931 -0.185947 -2.168985
 15   8.209042 0.615527 -0.255885 2.560768 0.102153 -0.345857
 16   7.002735 -0.617911 -0.183641 0.094749 -0.166026 -1.529327
 17   1.574674 0.609930 -0.000899 -0.322087 -0.005909 -0.008916
 18   -0.602177 0.511412 -0.000006 0.000000 0.000000 0.000000
 19   3.673773 0.177020 1.119313 -0.000002 -0.000014 -0.174510
 20   3.673767 0.176993 -1.117566 0.000007 -0.000003 -0.174546
 21   3.942357 1.334540 1.627658 0.000002 -0.000011 -0.000026
 22   -0.246060 -0.011889 0.516521 -0.000011 0.000031 0.000025
 23   3.942374 1.334565 -1.631083 0.000019 0.000002 -0.000024
 24   -0.246150 -0.011872 -0.516511 -0.000005 -0.000006 0.000048
 25   4.941364 1.997338 1.629330 0.000018 -0.000001 -0.000024
 26   4.941382 1.997366 -1.629410 -0.000001 0.000005 -0.000024
 27   2.914462 1.619264 1.514501 -0.000019 -0.000022 -0.000050
 28   2.916892 1.618870 -1.501142 -0.000002 -0.000009 -0.000024
 29   8.824059 0.150544 0.091743 0.000006 -0.000231 -0.174534
 30   2.111085 -0.561179 1.784320 -0.000008 -0.000682 0.000024
 31   2.121290 -0.561289 -1.853599 0.000000 0.000000 -0.000002
 32   -0.814395 -0.093824 3.127092 3.071685 -0.114787 1.239365
 33   14.298673 -0.408176 0.471578 0.000020 -0.000002 -1.896136
 34   15.835795 0.581398 0.242756 -0.214735 0.106913 -0.097869
 35   -0.815868 -0.091229 -3.114430 0.066464 3.132818 -1.010216
 36   14.294526 -0.410349 -0.467541 0.000009 -0.000036 -2.607695
 37   15.834409 0.579420 -0.284600 -0.006131 -0.035383 0.214508
 38   1.139685 -3.453749 -2.823813 0.000000 0.000000 0.000001
 39   -4.457742 -1.054854 -0.746180 0.000000 0.000000 0.000000
 40   1.118101 -3.449769 3.237290 0.000000 0.000001 0.000000
 41   -4.433840 -1.059130 0.959566 -0.000001 0.000000 0.000000
 42   -0.657468 1.697302 -2.688614 0.000000 0.000002 0.000000
 43   -0.664068 1.698578 2.869377 0.000000 0.000002 0.000000
time 2
  0   -0.967547 0.175787 -20.574476 0.000000 0.000000 -1.572114
  1   -1.093036 0.000002 -0.326057 -1.570756 -1.570425 -0.000219
  2   2.262337 0.113614 0.064702 0.034683 -0.002971 0.087812
  3   2.380047 0.353302 0.047440 0.046983 -0.006991 0.148144
  4   2.033756 0.190472 -0.000128 0.025072 0.003464 -0.139576
  5   2.451511 0.204909 -0.003447 0.000000 -0.000005 -0.017472
  6   7.247600 -0.397300 -0.109469 0.000001 0.000009 0.418441
  7   -2.022252 -0.104661 3.136172 -0.298783 -1.361862 -2.901749
  8   1.168026 -0.537438 -0.063437 -1.553238 0.992667 -1.455875
  9   6.790376 -0.619176 0.015206 -0.475951 0.834235 -1.700208
 10   8.637599 0.544015 -0.090417 -1.566061 0.051677 -0.463703
 11   6.790465 -0.619039 0.017802 -0.123492 0.659411 -1.057382
 12   -2.022474 -0.104699 -2.873818 0.298873 1.361683 -2.901984
 13   1.167898 -0.537463 0.063297 1.301817 -0.833756 -1.001881
 14   7.002743 -0.617765 -0.183752 0.173931 -0.185947 -2.168985
 15   8.209042 0.615527 -0.255885 2.560768 0.102153 -0.345857
 16   7.002735 -0.617911 -0.183641 0.094749 -0.166026 -1.529327
 17   1.574674 0.609930 -0.000899 -0.242916 -0.002690 0.006682
 18   -0.602177 0.511412 -0.000006 0.000000 0.000000 0.000000
 19   3.673773 0.177020 1.119313 -0.000002 -0.000014 -0.174510
 20   3.673767 0.176993 -1.117566 0.000007 -0.000003 -0.174546
 21   3.942357 1.334540 1.627658 0.000002 -0.000011 -0.000026
 22   -0.246060 -0.011889 0.516521 -0.000011 0.000031 0.000025
 23   3.942374 1.334565 -1.631083 0.000019 0.000002 -0.000024
 24   -0.246150 -0.011872 -0.516511 -0.000005 -0.000006 0.000048
 25   4.941364 1.997338 1.629330 0.000018 -0.000001 -0.000024
 26   4.941382 1.997366 -1.629410 -0.000001 0.000005 -0.000024
 27   2.914462 1.619264 1.514501 -0.000019 -0.000022 -0.000050
 28   2.916892 1.618870 -1.501142 -0.000002 -0.000009 -0.000024
 29   8.824059 0.150544 0.091743 0.000006 -0.000231 -0.174534
 30   2.111085 -0.561179 1.784320 -0.000008 -0.000682 0.000024
 31   2.121290 -0.561289 -1.853599 0.000000 0.000000 -0.000002
 32   -0.814395 -0.093824 3.127092 3.071685 -0.114787 1.239365
 33   14.298673 -0.408176 0.471578 0.000020 -0.000002 -1.896136
 34   15.835795 0.581398 0.242756 -0.214735 0.106913 -0.097869
 35   -0.815868 -0.091229 -3.114430 0.066464 3.132818 -1.010216
 36   14.294526 -0.410349 -0.467541 0.000009 -0.000036 -2.607695
 37   15.834409 0.579420 -0.284600 -0.006131 -0.035383 0.214508
 38   1.139685 -3.453749 -2.823813 0.000000 0.000000 0.000001
 39   -4.457742 -1.054854 -0.746180 0.000000 0.000000 0.000000
 40   1.118101 -3.449769 3.237290 0.000000 0.000001 0.000000
 41   -4.433840 -1.059130 0.959566 -0.000001 0.000000 0.000000
 42   -0.657468 1.697302 -2.688614 0.000000 0.000002 0.000000
 43   -0.664068 1.698578 2.869377 0.000000 0.000002 0.000000
time 3
  0   -0.967547 0.175787 -20.574476 0.000000 0.000000 -1.572114
  1   -1.093036 0.000002 -0.326057 -1.570756 -1.570425 -0.000219
  2   2.262337 0.113614 0.064702 0.052108 -0.004517 0.087794
  3   2.380047 0.353302 0.047440 0.070565 -0.010491 0.147899
  4   2.033756 0.190472 -0.000128 0.037650 0.005189 -0.139576
  5   2.451511 0.204909 -0.003447 0.000000 -0.000005 -0.017472
  6   7.247600 -0.397300 -0.109469 0.000001 0.000009 0.418441
  7   -2.022252 -0.104661 3.136172 -0.298783 -1.361862 -2.901749
  8   1.168026 -0.537438 -0.063437 -1.507043 1.070302 -1.391286
  9   6.790376 -0.619176 0.015206 -0.372981 0.774836 -1.599610
 10   8.637599 0.544015 -0.090417 -1.593361 0.086801 -0.498211
 11   6.790465 -0.619039 0.017802 -0.089069 0.597501 -1.022950
 12   -2.022474 -0.104699 -2.873818 0.298873 1.361683 -2.901984
 13   1.167898 -0.537463 0.063297 1.426242 -0.801921 -1.033601
 14   7.002743 -0.617765 -0.183752 0.173931 -0.185947 -2.168985
 15   8.209042 0.615527 -0.255885 2.560768 0.102153 -0.345857
 16   7.002735 -0.617911 -0.183641 0.094749 -0.166026 -1.529327
 17   1.574674 0.609930 -0.000899 -0.163745 -0.000702 0.022686
 18   -0.602177 0.511412 -0.000006 0.000000 0.000000 0.000000
 19   3.673773 0.177020 1.119313 -0.000002 -0.000014 -0.174510
 20   3.673767 0.176993 -1.117566 0.000007 -0.000003 -0.174546
 21   3.942357 1.334540 1.627658 0.000002 -0.000011 -0.000026
 22   -0.246060 -0.011889 0.516521 -0.000011 0.000031 0.000025
 23   3.942374 1.334565 -1.631083 0.000019 0.000002 -0.000024
 24   -0.246150 -0.011872 -0.516511 -0.000005 -0.000006 0.000048
 25   4.941364 1.997338 1.629330 0.000018 -0.000001 -0.000024
 26   4.941382 1.997366 -1.629410 -0.000001 0.000005 -0.000024
 27   2.914462 1.619264 1.514501 -0.000019 -0.000022 -0.000050
 28   2.916892 1.618870 -1.501142 -0.000002 -0.000009 -0.000024
 29   8.824059 0.150544 0.091743 0.000006 -0.000231 -0.174534
 30   2.111085 -0.561179 1.784320 -0.000008 -0.000682 0.000024
 31   2.121290 -0.561289 -1.853599 0.000000 0.000000 -0.000002
 32   -0.814395 -0.093824 3.127092 3.071685 -0.114787 1.239365
 33   14.298673 -0.408176 0.471578 0.000020 -0.000002 -1.896136
 34   15.835795 0.581398 0.242756 -0.214735 0.106913 -0.097869
 35   -0.815868 -0.091229 -3.114430 0.066464 3.132818 -1.010216
 36   14.294526 -0.410349 -0.467541 0.000009 -0.000036 -2.607695
 37   15.834409 0.579420 -0.284600 -0.006131 -0.035383 0.214508
 38   1.139685 -3.453749 -2.823813 0.000000 0.000000 0.000001
 39   -4.457742 -1.054854 -0.746180 0.000000 0.000000 0.000000
 40   1.118101 -3.449769 3.237290 0.000000 0.000001 0.000000
 41   -4.433840 -1.059130 0.959566 -0.000001 0.000000 0.000000
 42   -0.657468 1.697302 -2.688614 0.000000 0.000002 0.000000
 43   -0.664068 1.698578 2.869377 0.000000 0.000002 0.000000
time 4
  0   -0.967547 0.175787 -20.574476 0.000000 0.000000 -1.572114
  1   -1.093036 0.000002 -0.326057 -1.570756 -1.570425 -0.000219
  2   2.262337 0.113614 0.064702 0.069482 -0.006051 0.087685
  3   2.380047 0.353302 0.047440 0.094086 -0.014002 0.147634
  4   2.033756 0.190472 -0.000128 0.050228 0.006999 -0.139576
  5   2.451511 0.204909 -0.003447 0.000000 -0.000005 -0.017472
  6   7.247600 -0.397300 -0.109469 0.000001 0.000009 0.418441
  7   -2.022252 -0.104661 3.136172 -0.298783 -1.361862 -2.901749
  8   1.168026 -0.537438 -0.063437 -1.441421 1.146176 -1.307213
  9   6.790376 -0.619176 0.015206 -0.284047 0.709097 -1.513426
 10   8.637599 0.544015 -0.090417 -1.622599 0.121011 -0.533804
 11   6.790465 -0.619039 0.017802 -0.058442 0.534965 -0.991921
 12   -2.022474 -0.104699 -2.873818 0.298873 1.361683 -2.901984
 13   1.167898 -0.537463 0.063297 1.545042 -0.767899 -1.058481
 14   7.002743 -0.617765 -0.183752 0.173931 -0.185947 -2.168985
 15   8.209042 0.615527 -0.255885 2.560768 0.102153 -0.345857
 16   7.002735 -0.617911 -0.183641 0.094749 -0.166026 -1.529327
 17   1.574674 0.609930 -0.000899 -0.084574 -0.000016 0.038727
 18   -0.602177 0.511412 -0.000006 0.000000 0.000000 0.000000
 19   3.673773 0.177020 1.119313 -0.000002 -0.000014 -0.174510
 20   3.673767 0.176993 -1.117566 0.000007 -0.000003 -0.174546
 21   3.942357 1.334540 1.627658 0.000002 -0.000011 -0.000026
 22   -0.246060 -0.011889 0.516521 -0.000011 0.000031 0.000025
 23   3.942374 1.334565 -1.631083 0.000019 0.000002 -0.000024
 24   -0.246150 -0.011872 -0.516511 -0.000005 -0.000006 0.000048
 25   4.941364 1.997338 1.629330 0.000018 -0.000001 -0.000024
 26   4.941382 1.997366 -1.629410 -0.000001 0.000005 -0.000024
 27   2.914462 1.619264 1.514501 -0.000019 -0.000022 -0.000050
 28   2.916892 1.618870 -1.501142 -0.000002 -0.000009 -0.000024
 29   8.824059 0.150544 0.091743 0.000006 -0.000231 -0.174534
 30   2.111085 -0.561179 1.784320 -0.000008 -0.000682 0.000024
 31   2.121290 -0.561289 -1.853599 0.000000 0.000000 -0.000002
 32   -0.814395 -0.093824 3.127092 3.071685 -0.114787 1.239365
 33   14.298673 -0.408176 0.471578 0.000020 -0.000002 -1.896136
 34   15.835795 0.581398 0.242756 -0.214735 0.106913 -0.097869
 35   -0.815868 -0.091229 -3.114430 0.066464 3.132818 -1.010216
 36   14.294526 -0.410349 -0.467541 0.000009 -0.000036 -2.607695
 37   15.834409 0.579420 -0.284600 -0.006131 -0.035383 0.214508
 38   1.139685 -3.453749 -2.823813 0.000000 0.000000 0.000001
 39   -4.457742 -1.054854 -0.746180 0.000000 0.000000 0.000000
 40   1.118101 -3.449769 3.237290 0.000000 0.000001 0.000000
 41   -4.433840 -1.059130 0.959566 -0.000001 0.000000 0.000000
 42   -0.657468 1.697302 -2.688614 0.000000 0.000002 0.000000
 43   -0.664068 1.698578 2.869377 0.000000 0.000002 0.000000
time 5
  0   -0.967547 0.175787 -20.574476 0.000000 0.000000 -1.572114
  1   -1.093036 0.000002 -0.326057 -1.570756 -1.570425 -0.000219
  2   2.262337 0.113614 0.064702 0.086805 -0.007586 0.087541
  3   2.380047 0.353302 0.047440 0.117698 -0.017490 0.147246
  4   2.033756 0.190472 -0.000128 0.062768 0.008785 -0.139322
  5   2.451511 0.204909 -0.003447 0.000000 -0.000005 -0.017472
  6   7.247600 -0.397300 -0.109469 0.000001 0.000009 0.418441
  7   -2.022252 -0.104661 3.136172 -0.298783 -1.361862 -2.901749
  8   1.168026 -0.537438 -0.063437 -1.344412 1.218528 -1.192016
  9   6.790376 -0.619176 0.015206 -0.207208 0.638285 -1.439090
 10   8.637599 0.544015 -0.090417 -1.651924 0.154376 -0.570555
 11   6.790465 -0.619039 0.017802 -0.031086 0.471805 -0.963430
 12   -2.022474 -0.104699 -2.873818 0.298873 1.361683 -2.901984
 13   1.167898 -0.537463 0.063297 1.659133 -0.731945 -1.077186
 14   7.002743 -0.617765 -0.183752 0.173931 -0.185947 -2.168985
 15   8.209042 0.615527 -0.255885 2.560768 0.102153 -0.345857
 16   7.002735 -0.617911 -0.183641 0.094749 -0.166026 -1.529327
 17   1.574674 0.609930 -0.000899 -0.005403 -0.000513 0.054731
 18   -0.602177 0.511412 -0.000006 0.000000 0.000000 0.000000
 19   3.673773 0.177020 1.119313 -0.000002 -0.000014 -0.174510
 20   3.673767 0.176993 -1.117566 0.000007 -0.000003 -0.174546
 21   3.942357 1.334540 1.627658 0.000002 -0.000011 -0.000026
 22   -0.246060 -0.011889 0.516521 -0.000011 0.000031 0.000025
 23   3.942374 1.334565 -1.631083 0.000019 0.000002 -0.000024
 24   -0.246150 -0.011872 -0.516511 -0.000005 -0.000006 0.000048
 25   4.941364 1.997338 1.629330 0.000018 -0.000001 -0.000024
 26   4.941382 1.997366 -1.629410 -0.000001 0.000005 -0.000024
 27   2.914462 1.619264 1.514501 -0.000019 -0.000022 -0.000050
 28   2.916892 1.618870 -1.501142 -0.000002 -0.000009 -0.000024
 29   8.824059 0.150544 0.091743 0.000006 -0.000231 -0.174534
 30   2.111085 -0.561179 1.784320 -0.000008 -0.000682 0.000024
 31   2.121290 -0.561289 -1.853599 0.000000 0.000000 -0.000002
 32   -0.814395 -0.093824 3.127092 3.071685 -0.114787 1.239365
 33   14.298673 -0.408176 0.471578 0.000020 -0.000002 -1.896136
 34   15.835795 0.581398 0.242756 -0.214735 0.106913 -0.097869
 35   -0.815868 -0.091229 -3.114430 0.066464 3.132818 -1.010216
 36   14.294526 -0.410349 -0.467541 0.000009 -0.000036 -2.607695
 37   15.834409 0.579420 -0.284600 -0.006131 -0.035383 0.214508
 38   1.139685 -3.453749 -2.823813 0.000000 0.000000 0.000001
 39   -4.457742 -1.054854 -0.746180 0.000000 0.000000 0.000000
 40   1.118101 -3.449769 3.237290 0.000000 0.000001 0.000000
 41   -4.433840 -1.059130 0.959566 -0.000001 0.000000 0.000000
 42   -0.657468 1.697302 -2.688614 0.000000 0.000002 0.000000
 43   -0.664068 1.698578 2.869377 0.000000 0.000002 0.000000
time 6
  0   -0.967547 0.175787 -20.574476 0.000000 0.000000 -1.572114
  1   -1.093036 0.000002 -0.326057 -1.570756 -1.570425 -0.000219
  2   2.262337 0.113614 0.064702 0.104268 -0.009108 0.087360
  3   2.380047 0.353302 0.047440 0.141129 -0.020989 0.146777
  4   2.033756 0.190472 -0.000128 0.075365 0.010511 -0.139286
  5   2.451511 0.204909 -0.003447 0.000000 -0.000005 -0.017472
  6   7.247600 -0.397300 -0.109469 0.000001 0.000009 0.418441
  7   -2.022252 -0.104661 3.136172 -0.298783 -1.361862 -2.901749
  8   1.168026 -0.537438 -0.063437 -1.195830 1.285295 -1.025641
  9   6.790376 -0.619176 0.015206 -0.140632 0.563603 -1.375019
 10   8.637599 0.544015 -0.090417 -1.683716 0.186333 -0.608825
 11   6.790465 -0.619039 0.017802 -0.006619 0.408331 -0.937073
 12   -2.022474 -0.104699 -2.873818 0.298873 1.361683 -2.901984
 13   1.167898 -0.537463 0.063297 1.768655 -0.694872 -1.089535
 14   7.002743 -0.617765 -0.183752 0.173931 -0.185947 -2.168985
 15   8.209042 0.615527 -0.255885 2.560768 0.102153 -0.345857
 16   7.002735 -0.617911 -0.183641 0.094749 -0.166026 -1.529327
 17   1.574674 0.609930 -0.000899 0.073281 -0.002359 0.070699
 18   -0.602177 0.511412 -0.000006 0.000000 0.000000 0.000000
 19   3.673773 0.177020 1.119313 -0.000002 -0.000014 -0.174510
 20   3.673767 0.176993 -1.117566 0.000007 -0.000003 -0.174546
 21   3.942357 1.334540 1.627658 0.000002 -0.000011 -0.000026
 22   -0.246060 -0.011889 0.516521 -0.000011 0.000031 0.000025
 23   3.942374 1.334565 -1.631083 0.000019 0.000002 -0.000024
 24   -0.246150 -0.011872 -0.516511 -0.000005 -0.000006 0.000048
 25   4.941364 1.997338 1.629330 0.000018 -0.000001 -0.000024
 26   4.941382 1.997366 -1.629410 -0.000001 0.000005 -0.000024
 27   2.914462 1.619264 1.514501 -0.000019 -0.000022 -0.000050
 28   2.916892 1.618870 -1.501142 -0.000002 -0.000009 -0.000024
 29   8.824059 0.150544 0.091743 0.000006 -0.000231 -0.174534
 30   2.111085 -0.561179 1.784320 -0.000008 -0.000682 0.000024
 31   2.121290 -0.561289 -1.853599 0.000000 0.000000 -0.000002
 32   -0.814395 -0.093824 3.127092 3.071685 -0.114787 1.239365
 33   14.298673 -0.408176 0.471578 0.000020 -0.000002 -1.896136
 34   15.835795 0.581398 0.242756 -0.214735 0.106913 -0.097869
 35   -0.815868 -0.091229 -3.114430 0.066464 3.132818 -1.010216
 36   14.294526 -0.410349 -0.467541 0.000009 -0.000036 -2.607695
 37   15.834409 0.579420 -0.284600 -0.006131 -0.035383 0.214508
 38   1.139685 -3.453749 -2.823813 0.000000 0.000000 0.000001
 39   -4.457742 -1.054854 -0.746180 0.000000 0.000000 0.000000
 40   1.118101 -3.449769 3.237290 0.000000 0.000001 0.000000
 41   -4.433840 -1.059130 0.959566 -0.000001 0.000000 0.000000
 42   -0.657468 1.697302 -2.688614 0.000000 0.000002 0.000000
 43   -0.664068 1.698578 2.869377 0.000000 0.000002 0.000000
time 7
  0   -0.967547 0.175787 -20.574476 0.000000 0.000000 -1.572114
  1   -1.093036 0.000002 -0.326057 -1.570756 -1.570425 -0.000219
  2   2.262337 0.113614 0.064702 0.121642 -0.010630 0.087288
  3   2.380047 0.353302 0.047440 0.164726 -0.024477 0.146226
  4   2.033756 0.190472 -0.000128 0.087906 0.012248 -0.139141
  5   2.451511 0.204909 -0.003447 0.000000 -0.000005 -0.017472
  6   7.247600 -0.397300 -0.109469 0.000001 0.000009 0.418441
  7   -2.022252 -0.104661 3.136172 -0.298783 -1.361862 -2.901749
  8   1.168026 -0.537438 -0.063437 -0.962198 1.341194 -0.774370
  9   6.790376 -0.619176 0.015206 -0.082212 0.485651 -1.319776
 10   8.637599 0.544015 -0.090417 -1.716828 0.217024 -0.648036
 11   6.790465 -0.619039 0.017802 0.015570 0.344374 -0.912618
 12   -2.022474 -0.104699 -2.873818 0.298873 1.361712 -2.901984
 13   1.167898 -0.537463 0.063297 1.874451 -0.656935 -1.096618
 14   7.002743 -0.617765 -0.183752 0.173931 -0.185947 -2.168985
 15   8.209042 0.615527 -0.255885 2.560768 0.102153 -0.345857
 16   7.002735 -0.617911 -0.183641 0.094749 -0.166026 -1.529327
 17   1.574674 0.609930 -0.000899 0.152452 -0.005412 0.086518
 18   -0.602177 0.511412 -0.000006 0.000000 0.000000 0.000000
 19   3.673773 0.177020 1.119313 -0.000002 -0.000014 -0.174510
 20   3.673767 0.176993 -1.117566 0.000007 -0.000003 -0.174546
 21   3.942357 1.334540 1.627658 0.000002 -0.000011 -0.000026
 22   -0.246060 -0.011889 0.516521 -0.000011 0.000031 0.000025
 23   3.942374 1.334565 -1.631083 0.000019 0.000002 -0.000024
 24   -0.246150 -0.011872 -0.516511 -0.000005 -0.000006 0.000048
 25   4.941364 1.997338 1.629330 0.000018 -0.000001 -0.000024
 26   4.941382 1.997366 -1.629410 -0.000001 0.000005 -0.000024
 27   2.914462 1.619264 1.514501 -0.000019 -0.000022 -0.000050
 28   2.916892 1.618870 -1.501142 -0.000002 -0.000009 -0.000024
 29   8.824059 0.150544 0.091743 0.000006 -0.000231 -0.174534
 30   2.111085 -0.561179 1.784320 -0.000008 -0.000682 0.000024
 31   2.121290 -0.561289 -1.853599 0.000000 0.000000 -0.000002
 32   -0.814395 -0.093824 3.127092 3.071685 -0.114787 1.239365
 33   14.298673 -0.408176 0.471578 0.000020 -0.000002 -1.896136
 34   15.835795 0.581398 0.242756 -0.214735 0.106913 -0.097869
 35   -0.815868 -0.091229 -3.114430 0.066464 3.132818 -1.010216
 36   14.294526 -0.410349 -0.467541 0.000009 -0.000036 -2.607695
 37   15.834409 0.579420 -0.284600 -0.006131 -0.035383 0.214508
 38   1.139685 -3.453749 -2.823813 0.000000 0.000000 0.000001
 39   -4.457742 -1.054854 -0.746180 0.000000 0.000000 0.000000
 40   1.118101 -3.449769 3.237290 0.000000 0.000001 0.000000
 41   -4.433840 -1.059130 0.959566 -0.000001 0.000000 0.000000
 42   -0.657468 1.697302 -2.688614 0.000000 0.000002 0.000000
 43   -0.664068 1.698578 2.869377 0.000000 0.000002 0.000000
time 8
  0   -0.967547 0.175787 -20.574476 0.000000 0.000000 -1.572114
  1   -1.093036 0.000002 -0.326057 -1.570756 -1.570425 -0.000219
  2   2.262337 0.113614 0.064702 0.138965 -0.012164 0.087035
  3   2.380047 0.353302 0.047440 0.188293 -0.027880 0.145634
  4   2.033756 0.190472 -0.000128 0.100484 0.014034 -0.138996
  5   2.451511 0.204909 -0.003447 0.000000 -0.000005 -0.017472
  6   7.247600 -0.397300 -0.109469 0.000001 0.000009 0.418441
  7   -2.022252 -0.104661 3.136172 -0.298783 -1.361862 -2.901749
  8   1.168026 -0.537438 -0.063437 -0.611245 1.376565 -0.406005
  9   6.790376 -0.619176 0.015206 -0.030838 0.405229 -1.271477
 10   8.637599 0.544015 -0.090417 -1.751173 0.246236 -0.688404
 11   6.790465 -0.619039 0.017802 0.035599 0.280162 -0.889491
 12   -2.022474 -0.104699 -2.873818 0.298873 1.361712 -2.901984
 13   1.167898 -0.537463 0.063297 1.976662 -0.618539 -1.098434
 14   7.002743 -0.617765 -0.183752 0.173931 -0.185947 -2.168985
 15   8.209042 0.615527 -0.255885 2.560768 0.102153 -0.345857
 16   7.002735 -0.617911 -0.183641 0.094749 -0.166026 -1.529327
 17   1.574674 0.609930 -0.000899 0.231623 -0.009743 0.101968
 18   -0.602177 0.511412 -0.000006 0.000000 0.000000 0.000000
 19   3.673773 0.177020 1.119313 -0.000002 -0.000014 -0.174510
 20   3.673767 0.176993 -1.117566 0.000007 -0.000003 -0.174546
 21   3.942357 1.334540 1.627658 0.000002 -0.000011 -0.000026
 22   -0.246060 -0.011889 0.516521 -0.000011 0.000031 0.000025
 23   3.942374 1.334565 -1.631083 0.000019 0.000002 -0.000024
 24   -0.246150 -0.011872 -0.516511 -0.000005 -0.000006 0.000048
 25   4.941364 1.997338 1.629330 0.000018 -0.000001 -0.000024
 26   4.941382 1.997366 -1.629410 -0.000001 0.000005 -0.000024
 27   2.914462 1.619264 1.514501 -0.000019 -0.000022 -0.000050
 28   2.916892 1.618870 -1.501142 -0.000002 -0.000009 -0.000024
 29   8.824059 0.150544 0.091743 0.000006 -0.000231 -0.174534
 30   2.111085 -0.561179 1.784320 -0.000008 -0.000682 0.000024
 31   2.121290 -0.561289 -1.853599 0.000000 0.000000 -0.000002
 32   -0.814395 -0.093824 3.127092 3.071685 -0.114787 1.239365
 33   14.298673 -0.408176 0.471578 0.000020 -0.000002 -1.896136
 34   15.835795 0.581398 0.242756 -0.214735 0.106913 -0.097869
 35   -0.815868 -0.091229 -3.114430 0.066464 3.132818 -1.010216
 36   14.294526 -0.410349 -0.467541 0.000009 -0.000036 -2.607695
 37   15.834409 0.579420 -0.284600 -0.006131 -0.035383 0.214508
 38   1.139685 -3.453749 -2.823813 0.000000 0.000000 0.000001
 39   -4.457742 -1.054854 -0.746180 0.000000 0.000000 0.000000
 40   1.118101 -3.449769 3.237290 0.000000 0.000001 0.000000
 41   -4.433840 -1.059130 0.959566 -0.000001 0.000000 0.000000
 42   -0.657468 1.697302 -2.688614 0.000000 0.000002 0.000000
 43   -0.664068 1.698578 2.869377 0.000000 0.000002 0.000000
time 9
  0   -0.967547 0.175787 -20.574476 0.000000 0.000000 -1.572114
  1   -1.093036 0.000002 -0.326057 -1.570756 -1.570425 -0.000219
  2   2.262337 0.113614 0.064702 0.156428 -0.013686 0.086800
  3   2.380047 0.353302 0.047440 0.211844 -0.031404 0.144961
  4   2.033756 0.190472 -0.000128 0.113061 0.015820 -0.138706
  5   2.451511 0.204909 -0.003447 0.000000 -0.000005 -0.017472
  6   7.247600 -0.397300 -0.109469 0.000001 0.000009 0.418441
  7   -2.022252 -0.104661 3.136172 -0.298783 -1.361862 -2.901749
  8   1.168026 -0.537438 -0.063437 -0.183975 1.379584 0.038273
  9   6.790376 -0.619176 0.015206 0.014433 0.322871 -1.228989
 10   8.637599 0.544015 -0.090417 -1.787280 0.274392 -0.730581
 11   6.790465 -0.619039 0.017802 0.053613 0.215694 -0.867401
 12   -2.022474 -0.104699 -2.873818 0.298873 1.361683 -2.901984
 13   1.167898 -0.537463 0.063297 2.076342 -0.580297 -1.095407
 14   7.002743 -0.617765 -0.183752 0.173931 -0.185947 -2.168985
 15   8.209042 0.615527 -0.255885 2.560768 0.102153 -0.345857
 16   7.002735 -0.617911 -0.183641 0.094749 -0.166026 -1.529327
 17   1.574674 0.609930 -0.000899 0.310632 -0.015257 0.117048
 18   -0.602177 0.511412 -0.000006 0.000000 0.000000 0.000000
 19   3.673773 0.177020 1.119313 -0.000002 -0.000014 -0.174510
 20   3.673767 0.176993 -1.117566 0.000007 -0.000003 -0.174546
 21   3.942357 1.334540 1.627658 0.000002 -0.000011 -0.000026
 22   -0.246060 -0.011889 0.516521 -0.000011 0.000031 0.000025
 23   3.942374 1.334565 -1.631083 0.000019 0.000002 -0.000024
 24   -0.246150 -0.011872 -0.516511 -0.000005 -0.000006 0.000048
 25   4.941364 1.997338 1.629330 0.000018 -0.000001 -0.000024
 26   4.941382 1.997366 -1.629410 -0.000001 0.000005 -0.000024
 27   2.914462 1.619264 1.514501 -0.000019 -0.000022 -0.000050
 28   2.916892 1.618870 -1.501142 -0.000002 -0.000009 -0.000024
 29   8.824059 0.150544 0.091743 0.000006 -0.000231 -0.174534
 30   2.111085 -0.561179 1.784320 -0.000008 -0.000682 0.000024
 31   2.121290 -0.561289 -1.853599 0.000000 0.000000 -0.000002
 32   -0.814395 -0.093824 3.127092 3.071685 -0.114787 1.239365
 33   14.298673 -0.408176 0.471578 0.000020 -0.000002 -1.896136
 34   15.835795 0.581398 0.242756 -0.214735 0.106913 -0.097869
 35   -0.815868 -0.091229 -3.114430 0.066464 3.132818 -1.010216
 36   14.294526 -0.410349 -0.467541 0.000009 -0.000036 -2.607695
 37   15.834409 0.579420 -0.284600 -0.006131 -0.035383 0.214508
 38   1.139685 -3.453749 -2.823813 0.000000 0.000000 0.000001
 39   -4.457742 -1.054854 -0.746180 0.000000 0.000000 0.000000
 40   1.118101 -3.449769 3.237290 0.000000 0.000001 0.000000
 41   -4.433840 -1.059130 0.959566 -0.000001 0.000000 0.000000
 42   -0.657468 1.697302 -2.688614 0.000000 0.000002 0.000000
 43   -0.664068 1.698578 2.869377 0.000000 0.000002 0.000000
time 10
  0   -0.967547 0.175787 -20.574476 0.000000 0.000000 -1.572114
  1   -1.093036 0.000002 -0.326057 -1.570756 -1.570425 -0.000219
  2   2.262337 0.113614 0.064702 0.173751 -0.015196 0.086583
  3   2.380047 0.353302 0.047440 0.235471 -0.034771 0.144165
  4   2.033756 0.190472 -0.000128 0.125658 0.017534 -0.138561
  5   2.451511 0.204909 -0.003447 0.000000 -0.000005 -0.017472
  6   7.247600 -0.397300 -0.109469 0.000001 0.000009 0.418441
  7   -2.022252 -0.104661 3.136172 -0.298783 -1.361862 -2.901749
  8   1.168026 -0.537438 -0.063437 0.185266 1.348741 0.425553
  9   6.790376 -0.619176 0.015206 0.055377 0.238912 -1.191406
 10   8.637599 0.544015 -0.090417 -1.824796 0.300929 -0.773843
 11   6.790465 -0.619039 0.017802 0.070021 0.151111 -0.846465
 12   -2.022474 -0.104699 -2.873818 0.298873 1.361683 -2.901984
 13   1.167898 -0.537463 0.063297 2.173913 -0.542512 -1.088264
 14   7.002743 -0.617765 -0.183752 0.173931 -0.185947 -2.168985
 15   8.209042 0.615527 -0.255885 2.560768 0.102153 -0.345857
 16   7.002735 -0.617911 -0.183641 0.094749 -0.166026 -1.529327
 17   1.574674 0.609930 -0.000899 0.389518 -0.021955 0.131462
 18   -0.602177 0.511412 -0.000006 0.000000 0.000000 0.000000
 19   3.673773 0.177020 1.119313 -0.000002 -0.000014 -0.174510
 20   3.673767 0.176993 -1.117566 0.000007 -0.000003 -0.174546
 21   3.942357 1.334540 1.627658 0.000002 -0.000011 -0.000026
 22   -0.246060 -0.011889 0.516521 -0.000011 0.000031 0.000025
 23   3.942374 1.334565 -1.631083 0.000019 0.000002 -0.000024
 24   -0.246150 -0.011872 -0.516511 -0.000005 -0.000006 0.000048
 25   4.941364 1.997338 1.629330 0.000018 -0.000001 -0.000024
 26   4.941382 1.997366 -1.629410 -0.000001 0.000005 -0.000024
 27   2.914462 1.619264 1.514501 -0.000019 -0.000022 -0.000050
 28   2.916892 1.618870 -1.501142 -0.000002 -0.000009 -0.000024
 29   8.824059 0.150544 0.091743 0.000006 -0.000231 -0.174534
 30   2.111085 -0.561179 1.784320 -0.000008 -0.000682 0.000024
 31   2.121290 -0.561289 -1.853599 0.000000 0.000000 -0.000002
 32   -0.814395 -0.093824 3.127092 3.071685 -0.114787 1.239365
 33   14.298673 -0.408176 0.471578 0.000020 -0.000002 -1.896136
 34   15.835795 0.581398 0.242756 -0.214735 0.106913 -0.097869
 35   -0.815868 -0.091229 -3.114430 0.066464 3.132818 -1.010216
 36   14.294526 -0.410349 -0.467541 0.000009 -0.000036 -2.607695
 37   15.834409 0.579420 -0.284600 -0.006131 -0.035383 0.214508
 38   1.139685 -3.453749 -2.823813 0.000000 0.000000 0.000001
 39   -4.457742 -1.054854 -0.746180 0.000000 0.000000 0.000000
 40   1.118101 -3.449769 3.237290 0.000000 0.000001 0.000000
 41   -4.433840 -1.059130 0.959566 -0.000001 0.000000 0.000000
 42   -0.657468 1.697302 -2.688614 0.000000 0.000002 0.000000
 43   -0.664068 1.698578 2.869377 0.000000 0.000002 0.000000
time 11
  0   -0.967547 0.175787 -20.574476 0.000000 0.000000 -1.572114
  1   -1.093036 0.000002 -0.326057 -1.570756 -1.570425 -0.000219
  2   2.262337 0.113614 0.064702 0.191163 -0.016706 0.086294
  3   2.380047 0.353302 0.047440 0.258932 -0.038247 0.143308
  4   2.033756 0.190472 -0.000128 0.138199 0.019259 -0.138416
  5   2.451511 0.204909 -0.003447 0.000000 -0.000005 -0.017472
  6   7.247600 -0.397300 -0.109469 0.000001 0.000009 0.418441
  7   -2.022252 -0.104661 3.136172 -0.298783 -1.361862 -2.901749
  8   1.168026 -0.537438 -0.063437 0.436680 1.295408 0.694600
  9   6.790376 -0.619176 0.015206 0.092382 0.153351 -1.157974
 10   8.637599 0.544015 -0.090417 -1.863985 0.325847 -0.818551
 11   6.790465 -0.619039 0.017802 0.084794 0.086302 -0.825933
 12   -2.022474 -0.104699 -2.873818 0.298873 1.361683 -2.901984
 13   1.167898 -0.537463 0.063297 2.269516 -0.505337 -1.076944
 14   7.002743 -0.617765 -0.183752 0.173931 -0.185947 -2.168985
 15   8.209042 0.615527 -0.255885 2.560768 0.102153 -0.345857
 16   7.002735 -0.617911 -0.183641 0.094749 -0.166026 -1.529327
 17   1.574674 0.609930 -0.000899 0.468283 -0.029765 0.145655
 18   -0.602177 0.511412 -0.000006 0.000000 0.000000 0.000000
 19   3.673773 0.177020 1.119313 -0.000002 -0.000014 -0.174510
 20   3.673767 0.176993 -1.117566 0.000007 -0.000003 -0.174546
 21   3.942357 1.334540 1.627658 0.000002 -0.000011 -0.000026
 22   -0.246060 -0.011889 0.516521 -0.000011 0.000031 0.000025
 23   3.942374 1.334565 -1.631083 0.000019 0.000002 -0.000024
 24   -0.246150 -0.011872 -0.516511 -0.000005 -0.000006 0.000048
 25   4.941364 1.997338 1.629330 0.000018 -0.000001 -0.000024
 26   4.941382 1.997366 -1.629410 -0.000001 0.000005 -0.000024
 27   2.914462 1.619264 1.514501 -0.000019 -0.000022 -0.000050
 28   2.916892 1.618870 -1.501142 -0.000002 -0.000009 -0.000024
 29   8.824059 0.150544 0.091743 0.000006 -0.000231 -0.174534
 30   2.111085 -0.561179 1.784320 -0.000008 -0.000682 0.000024
 31   2.121290 -0.561289 -1.853599 0.000000 0.000000 -0.000002
 32   -0.814395 -0.093824 3.127092 3.071685 -0.114787 1.239365
 33   14.298673 -0.408176 0.471578 0.000020 -0.000002 -1.896136
 34   15.835795 0.581398 0.242756 -0.214735 0.106913 -0.097869
 35   -0.815868 -0.091229 -3.114430 0.066464 3.132818 -1.010216
 36   14.294526 -0.410349 -0.467541 0.000009 -0.000036 -2.607695
 37   15.834409 0.579420 -0.284600 -0.006131 -0.035383 0.214508
 38   1.139685 -3.453749 -2.823813 0.000000 0.000000 0.000001
 39   -4.457742 -1.054854 -0.746180 0.000000 0.000000 0.000000
 40   1.118101 -3.449769 3.237290 0.000000 0.000001 0.000000
 41   -4.433840 -1.059130 0.959566 -0.000001 0.000000 0.000000
 42   -0.657468 1.697302 -2.688614 0.000000 0.000002 0.000000
 43   -0.664068 1.698578 2.869377 0.000000 0.000002 0.000000
time 12
  0   -0.967547 0.175787 -20.574476 0.000000 0.000000 -1.572114
  1   -1.093036 0.000002 -0.326057 -1.570756 -1.570425 -0.000219
  2   2.262337 0.113614 0.064702 0.191163 -0.016706 0.086294
  3   2.380047 0.353302 0.047440 0.258932 -0.038247 0.143308
  4   2.033756 0.190472 -0.000128 0.138199 0.019259 -0.138416
  5   2.451511 0.204909 -0.003447 0.000000 -0.000005 -0.017472
  6   7.247600 -0.397300 -0.109469 0.000001 0.000009 0.418441
  7   -2.022252 -0.104661 3.136172 -0.298783 -1.361862 -2.901749
  8   1.168026 -0.537438 -0.063437 0.436680 1.295408 0.694600
  9   6.790376 -0.619176 0.015206 0.092382 0.153351 -1.157974
 10   8.637599 0.544015 -0.090417 -1.863985 0.325847 -0.818551
 11   6.790465 -0.619039 0.017802 0.084794 0.086302 -0.825933
 12   -2.022474 -0.104699 -2.873818 0.298873 1.361683 -2.901984
 13   1.167898 -0.537463 0.063297 2.269516 -0.505337 -1.076944
 14   7.002743 -0.617765 -0.183752 0.173931 -0.185947 -2.168985
 15   8.209042 0.615527 -0.255885 2.560768 0.102153 -0.345857
 16   7.002735 -0.617911 -0.183641 0.094749 -0.166026 -1.529327
 17   1.574674 0.609930 -0.000899 0.468283 -0.029765 0.145655
 18   -0.602177 0.511412 -0.000006 0.000000 0.000000 0.000000
 19   3.673773 0.177020 1.119313 -0.000002 -0.000014 -0.174510
 20   3.673767 0.176993 -1.117566 0.000007 -0.000003 -0.174546
 21   3.942357 1.334540 1.627658 0.000002 -0.000011 -0.000026
 22   -0.246060 -0.011889 0.516521 -0.000011 0.000031 0.000025
 23   3.942374 1.334565 -1.631083 0.000019 0.000002 -0.000024
 24   -0.246150 -0.011872 -0.516511 -0.000005 -0.000006 0.000048
 25   4.941364 1.997338 1.629330 0.000018 -0.000001 -0.000024
 26   4.941382 1.997366 -1.629410 -0.000001 0.000005 -0.000024
 27   2.914462 1.619264 1.514501 -0.000019 -0.000022 -0.000050
 28   2.916892 1.618870 -1.501142 -0.000002 -0.000009 -0.000024
 29   8.824059 0.150544 0.091743 0.000006 -0.000231 -0.174534
 30   2.111085 -0.561179 1.784320 -0.000008 -0.000682 0.000024
 31   2.121290 -0.561289 -1.853599 0.000000 0.000000 -0.000002
 32   -0.814395 -0.093824 3.127092 3.071685 -0.114787 1.239365
 33   14.298673 -0.408176 0.471578 0.000020 -0.000002 -1.896136
 34   15.835795 0.581398 0.242756 -0.214735 0.106913 -0.097869
 35   -0.815868 -0.091229 -3.114430 0.066464 3.132818 -1.010216
 36   14.294526 -0.410349 -0.467541 0.000009 -0.000036 -2.607695
 37   15.834409 0.579420 -0.284600 -0.006131 -0.035383 0.214508
 38   1.139685 -3.453749 -2.823813 0.000000 0.000000 0.000001
 39   -4.457742 -1.054854 -0.746180 0.000000 0.000000 0.000000
 40   1.118101 -3.449769 3.237290 0.000000 0.000001 0.000000
 41   -4.433840 -1.059130 0.959566 -0.000001 0.000000 0.000000
 42   -0.657468 1.697302 -2.688614 0.000000 0.000002 0.000000
 43   -0.664068 1.698578 2.869377 0.000000 0.000002 0.000000
time 13
  0   -0.967547 0.175787 -20.574476 0.000000 0.000000 -1.572114
  1   -1.093036 0.000002 -0.326057 -1.570756 -1.570425 -0.000219
  2   2.262337 0.113614 0.064702 0.191163 -0.016706 0.086294
  3   2.380047 0.353302 0.047440 0.258932 -0.038247 0.143308
  4   2.033756 0.190472 -0.000128 0.138199 0.019259 -0.138416
  5   2.451511 0.204909 -0.003447 0.000000 -0.000005 -0.017472
  6   7.247600 -0.397300 -0.109469 0.000001 0.000009 0.418441
  7   -2.022252 -0.104661 3.136172 -0.298783 -1.361862 -2.901749
  8   1.168026 -0.537438 -0.063437 0.436680 1.295408 0.694600
  9   6.790376 -0.619176 0.015206 0.092382 0.153351 -1.157974
 10   8.637599 0.544015 -0.090417 -1.863985 0.325847 -0.818551
 11   6.790465 -0.619039 0.017802 0.084794 0.086302 -0.825933
 12   -2.022474 -0.104699 -2.873818 0.298873 1.361683 -2.901984
 13   1.167898 -0.537463 0.063297 2.269516 -0.505337 -1.076944
 14   7.002743 -0.617765 -0.183752 0.173931 -0.185947 -2.168985
 15   8.209042 0.615527 -0.255885 2.560768 0.102153 -0.345857
 16   7.002735 -0.617911 -0.183641 0.094749 -0.166026 -1.529327
 17   1.574674 0.609930 -0.000899 0.468283 -0.029765 0.145655
 18   -0.602177 0.511412 -0.000006 0.000000 0.000000 0.000000
 19   3.673773 0.177020 1.119313 -0.000002 -0.000014 -0.174510
 20   3.673767 0.176993 -1.117566 0.000007 -0.000003 -0.174546
 21   3.942357 1.334540 1.627658 0.000002 -0.000011 -0.000026
 22   -0.246060 -0.011889 0.516521 -0.000011 0.000031 0.000025
 23   3.942374 1.334565 -1.631083 0.000019 0.000002 -0.000024
 24   -0.246150 -0.011872 -0.516511 -0.000005 -0.000006 0.000048
 25   4.941364 1.997338 1.629330 0.000018 -0.000001 -0.000024
 26   4.941382 1.997366 -1.629410 -0.000001 0.000005 -0.000024
 27   2.914462 1.619264 1.514501 -0.000019 -0.000022 -0.000050
 28   2.916892 1.618870 -1.501142 -0.000002 -0.000009 -0.000024
 29   8.824059 0.150544 0.091743 0.000006 -0.000231 -0.174534
 30   2.111085 -0.561179 1.784320 -0.000008 -0.000682 0.000024
 31   2.121290 -0.561289 -1.853599 0.000000 0.000000 -0.000002
 32   -0.814395 -0.093824 3.127092 3.071685 -0.114787 1.239365
 33   14.298673 -0.408176 0.471578 0.000020 -0.000002 -1.896136
 34   15.835795 0.581398 0.242756 -0.214735 0.106913 -0.097869
 35   -0.815868 -0.091229 -3.114430 0.066464 3.132818 -1.010216
 36   14.294526 -0.410349 -0.467541 0.000009 -0.000036 -2.607695
 37   15.834409 0.579420 -0.284600 -0.006131 -0.035383 0.214508
 38   1.139685 -3.453749 -2.823813 0.000000 0.000000 0.000001
 39   -4.457742 -1.054854 -0.746180 0.000000 0.000000 0.000000
 40   1.118101 -3.449769 3.237290 0.000000 0.000001 0.000000
 41   -4.433840 -1.059130 0.959566 -0.000001 0.000000 0.000000
 42   -0.657468 1.697302 -2.688614 0.000000 0.000002 0.000000
 43   -0.664068 1.698578 2.869377 0.000000 0.000002 0.000000
time 14
  0   -0.967547 0.175787 -20.574476 0.000000 0.000000 -1.572114
  1   -1.093036 0.000002 -0.326057 -1.570756 -1.570425 -0.000219
  2   2.262337 0.113614 0.064702 0.191163 -0.016706 0.086294
  3   2.380047 0.353302 0.047440 0.258932 -0.038247 0.143308
  4   2.033756 0.190472 -0.000128 0.138199 0.019259 -0.138416
  5   2.451511 0.204909 -0.003447 0.000000 -0.000005 -0.017472
  6   7.247600 -0.397300 -0.109469 0.000001 0.000009 0.418441
  7   -2.022252 -0.104661 3.136172 -0.298783 -1.361862 -2.901749
  8   1.168026 -0.537438 -0.063437 0.436680 1.295408 0.694600
  9   6.790376 -0.619176 0.015206 0.092382 0.153351 -1.157974
 10   8.637599 0.544015 -0.090417 -1.863985 0.325847 -0.818551
 11   6.790465 -0.619039 0.017802 0.084794 0.086302 -0.825933
 12   -2.022474 -0.104699 -2.873818 0.298873 1.361683 -2.901984
 13   1.167898 -0.537463 0.063297 2.269516 -0.505337 -1.076944
 14   7.002743 -0.617765 -0.183752 0.173931 -0.185947 -2.168985
 15   8.209042 0.615527 -0.255885 2.560768 0.102153 -0.345857
 16   7.002735 -0.617911 -0.183641 0.094749 -0.166026 -1.529327
 17   1.574674 0.609930 -0.000899 0.468283 -0.029765 0.145655
 18   -0.602177 0.511412 -0.000006 0.000000 0.000000 0.000000
 19   3.673773 0.177020 1.119313 -0.000002 -0.000014 -0.174510
 20   3.673767 0.176993 -1.117566 0.000007 -0.000003 -0.174546
 21   3.942357 1.334540 1.627658 0.000002 -0.000011 -0.000026
 22   -0.246060 -0.011889 0.516521 -0.000011 0.000031 0.000025
 23   3.942374 1.334565 -1.631083 0.000019 0.000002 -0.000024
 24   -0.246150 -0.011872 -0.516511 -0.000005 -0.000006 0.000048
 25   4.941364 1.997338 1.629330 0.000018 -0.000001 -0.000024
 26   4.941382 1.997366 -1.629410 -0.000001 0.000005 -0.000024
 27   2.914462 1.619264 1.514501 -0.000019 -0.000022 -0.000050
 28   2.916892 1.618870 -1.501142 -0.000002 -0.000009 -0.000024
 29   8.824059 0.150544 0.091743 0.000006 -0.000231 -0.174534
 30   2.111085 -0.561179 1.784320 -0.000008 -0.000682 0.000024
 31   2.121290 -0.561289 -1.853599 0.000000 0.000000 -0.000002
 32   -0.814395 -0.093824 3.127092 3.071685 -0.114787 1.239365
 33   14.298673 -0.408176 0.471578 0.000020 -0.000002 -1.896136
 34   15.835795 0.581398 0.242756 -0.214735 0.106913 -0.097869
 35   -0.815868 -0.091229 -3.114430 0.066464 3.132818 -1.010216
 36   14.294526 -0.410349 -0.467541 0.000009 -0.000036 -2.607695
 37   15.834409 0.579420 -0.284600 -0.006131 -0.035383 0.214508
 38   1.139685 -3.453749 -2.823813 0.000000 0.000000 0.000001
 39   -4.457742 -1.054854 -0.746180 0.000000 0.000000 0.000000
 40   1.118101 -3.449769 3.237290 0.000000 0.000001 0.000000
 41   -4.433840 -1.059130 0.959566 -0.000001 0.000000 0.000000
 42   -0.657468 1.697302 -2.688614 0.000000 0.000002 0.000000
 43   -0.664068 1.698578 2.869377 0.000000 0.000002 0.000000
time 15
  0   -0.967547 0.175787 -20.574476 0.000000 0.000000 -1.572114
  1   -1.093036 0.000002 -0.326057 -1.570756 -1.570425 -0.000219
  2   2.262337 0.113614 0.064702 0.191163 -0.016706 0.086294
  3   2.380047 0.353302 0.047440 0.258932 -0.038247 0.143308
  4   2.033756 0.190472 -0.000128 0.138199 0.019259 -0.138416
  5   2.451511 0.204909 -0.003447 0.000000 -0.000005 -0.017472
  6   7.247600 -0.397300 -0.109469 0.000001 0.000009 0.418441
  7   -2.022252 -0.104661 3.136172 -0.298783 -1.361862 -2.901749
  8   1.168026 -0.537438 -0.063437 0.436680 1.295408 0.694600
  9   6.790376 -0.619176 0.015206 0.092382 0.153351 -1.157974
 10   8.637599 0.544015 -0.090417 -1.863985 0.325847 -0.818551
 11   6.790465 -0.619039 0.017802 0.084794 0.086302 -0.825933
 12   -2.022474 -0.104699 -2.873818 0.298873 1.361683 -2.901984
 13   1.167898 -0.537463 0.063297 2.269516 -0.505337 -1.076944
 14   7.002743 -0.617765 -0.183752 0.173931 -0.185947 -2.168985
 15   8.209042 0.615527 -0.255885 2.560768 0.102153 -0.345857
 16   7.002735 -0.617911 -0.183641 0.094749 -0.166026 -1.529327
 17   1.574674 0.609930 -0.000899 0.468283 -0.029765 0.145655
 18   -0.602177 0.511412 -0.000006 0.000000 0.000000 0.000000
 19   3.673773 0.177020 1.119313 -0.000002 -0.000014 -0.174510
 20   3.673767 0.176993 -1.117566 0.000007 -0.000003 -0.174546
 21   3.942357 1.334540 1.627658 0.000002 -0.000011 -0.000026
 22   -0.246060 -0.011889 0.516521 -0.000011 0.000031 0.000025
 23   3.942374 1.334565 -1.631083 0.000019 0.000002 -0.000024
 24   -0.246150 -0.011872 -0.516511 -0.000005 -0.000006 0.000048
 25   4.941364 1.997338 1.629330 0.000018 -0.000001 -0.000024
 26   4.941382 1.997366 -1.629410 -0.000001 0.000005 -0.000024
 27   2.914462 1.619264 1.514501 -0.000019 -0.000022 -0.000050
 28   2.916892 1.618870 -1.501142 -0.000002 -0.000009 -0.000024
 29   8.824059 0.150544 0.091743 0.000006 -0.000231 -0.174534
 30   2.111085 -0.561179 1.784320 -0.000008 -0.000682 0.000024
 31   2.121290 -0.561289 -1.853599 0.000000 0.000000 -0.000002
 32   -0.814395 -0.093824 3.127092 3.071685 -0.114787 1.239365
 33   14.298673 -0.408176 0.471578 0.000020 -0.000002 -1.896136
 34   15.835795 0.581398 0.242756 -0.214735 0.106913 -0.097869
 35   -0.815868 -0.091229 -3.114430 0.066464 3.132818 -1.010216
 36   14.294526 -0.410349 -0.467541 0.000009 -0.000036 -2.607695
 37   15.834409 0.579420 -0.284600 -0.006131 -0.035383 0.214508
 38   1.139685 -3.453749 -2.823813 0.000000 0.000000 0.000001
 39   -4.457742 -1.054854 -0.746180 0.000000 0.000000 0.000000
 40   1.118101 -3.449769 3.237290 0.000000 0.000001 0.000000
 41   -4.433840 -1.059130 0.959566 -0.000001 0.000000 0.000000
 42   -0.657468 1.697302 -2.688614 0.000000 0.000002 0.000000
 43   -0.664068 1.698578 2.869377 0.000000 0.000002 0.000000
time 16
  0   -0.967547 0.175787 -20.574476 0.000000 0.000000 -1.572114
  1   -1.093036 0.000002 -0.326057 -1.570756 -1.570425 -0.000219
  2   2.262337 0.113614 0.064702 0.175254 -0.015316 0.086529
  3   2.380047 0.353302 0.047440 0.237376 -0.035119 0.144063
  4   2.033756 0.190472 -0.000128 0.126690 0.017653 -0.138561
  5   2.451511 0.204909 -0.003447 0.000000 -0.000005 -0.017472
  6   7.247600 -0.397300 -0.109469 0.000001 0.000009 0.418441
  7   -2.022252 -0.104661 3.136172 -0.298783 -1.361862 -2.901749
  8   1.168026 -0.537438 -0.063437 0.210705 1.345018 0.452502
  9   6.790376 -0.619176 0.015206 0.058540 0.231771 -1.188312
 10   8.637599 0.544015 -0.090417 -1.827966 0.302970 -0.777388
 11   6.790465 -0.619039 0.017802 0.071277 0.145739 -0.844562
 12   -2.022474 -0.104699 -2.873818 0.298873 1.361683 -2.901984
 13   1.167898 -0.537463 0.063297 2.181927 -0.539359 -1.087356
 14   7.002743 -0.617765 -0.183752 0.173931 -0.185947 -2.168985
 15   8.209042 0.615527 -0.255885 2.560768 0.102153 -0.345857
 16   7.002735 -0.617911 -0.183641 0.094749 -0.166026 -1.529327
 17   1.574674 0.609930 -0.000899 0.396059 -0.022570 0.132793
 18   -0.602177 0.511412 -0.000006 0.000000 0.000000 0.000000
 19   3.673773 0.177020 1.119313 -0.000002 -0.000014 -0.174510
 20   3.673767 0.176993 -1.117566 0.000007 -0.000003 -0.174546
 21   3.942357 1.334540 1.627658 0.000002 -0.000011 -0.000026
 22   -0.246060 -0.011889 0.516521 -0.000011 0.000031 0.000025
 23   3.942374 1.334565 -1.631083 0.000019 0.000002 -0.000024
 24   -0.246150 -0.011872 -0.516511 -0.000005 -0.000006 0.000048
 25   4.941364 1.997338 1.629330 0.000018 -0.000001 -0.000024
 26   4.941382 1.997366 -1.629410 -0.000001 0.000005 -0.000024
 27   2.914462 1.619264 1.514501 -0.000019 -0.000022 -0.000050
 28   2.916892 1.618870 -1.501142 -0.000002 -0.000009 -0.000024
 29   8.824059 0.150544 0.091743 0.000006 -0.000231 -0.174534
 30   2.111085 -0.561179 1.784320 -0.000008 -0.000682 0.000024
 31   2.121290 -0.561289 -1.853599 0.000000 0.000000 -0.000002
 32   -0.814395 -0.093824 3.127092 3.071685 -0.114787 1.239365
 33   14.298673 -0.408176 0.471578 0.000020 -0.000002 -1.896136
 34   15.835795 0.581398 0.242756 -0.214735 0.106913 -0.097869
 35   -0.815868 -0.091229 -3.114430 0.066464 3.132818 -1.010216
 36   14.294526 -0.410349 -0.467541 0.000009 -0.000036 -2.607695
 37   15.834409 0.579420 -0.284600 -0.006131 -0.035383 0.214508
 38   1.139685 -3.453749 -2.823813 0.000000 0.000000 0.000001
 39   -4.457742 -1.054854 -0.746180 0.000000 0.000000 0.000000
 40   1.118101 -3.449769 3.237290 0.000000 0.000001 0.000000
 41   -4.433840 -1.059130 0.959566 -0.000001 0.000000 0.000000
 42   -0.657468 1.697302 -2.688614 0.000000 0.000002 0.000000
 43   -0.664068 1.698578 2.869377 0.000000 0.000002 0.000000
time 17
  0   -0.967547 0.175787 -20.574476 0.000000 0.000000 -1.572114
  1   -1.093036 0.000002 -0.326057 -1.570756 -1.570425 -0.000219
  2   2.262337 0.113614 0.064702 0.159281 -0.013901 0.086782
  3   2.380047 0.353302 0.047440 0.215774 -0.031979 0.144818
  4   2.033756 0.190472 -0.000128 0.115145 0.016047 -0.138706
  5   2.451511 0.204909 -0.003447 0.000000 -0.000005 -0.017472
  6   7.247600 -0.397300 -0.109469 0.000001 0.000009 0.418441
  7   -2.022252 -0.104661 3.136172 -0.298783 -1.361862 -2.901749
  8   1.168026 -0.537438 -0.063437 -0.114999 1.376414 0.110137
  9   6.790376 -0.619176 0.015206 0.021479 0.308989 -1.222272
 10   8.637599 0.544015 -0.090417 -1.793533 0.278756 -0.737526
 11   6.790465 -0.619039 0.017802 0.056445 0.204920 -0.863825
 12   -2.022474 -0.104699 -2.873818 0.298873 1.361683 -2.901984
 13   1.167898 -0.537463 0.063297 2.092650 -0.573991 -1.094499
 14   7.002743 -0.617765 -0.183752 0.173931 -0.185947 -2.168985
 15   8.209042 0.615527 -0.255885 2.560768 0.102153 -0.345857
 16   7.002735 -0.617911 -0.183641 0.094749 -0.166026 -1.529327
 17   1.574674 0.609930 -0.000899 0.323793 -0.016251 0.119450
 18   -0.602177 0.511412 -0.000006 0.000000 0.000000 0.000000
 19   3.673773 0.177020 1.119313 -0.000002 -0.000014 -0.174510
 20   3.673767 0.176993 -1.117566 0.000007 -0.000003 -0.174546
 21   3.942357 1.334540 1.627658 0.000002 -0.000011 -0.000026
 22   -0.246060 -0.011889 0.516521 -0.000011 0.000031 0.000025
 23   3.942374 1.334565 -1.631083 0.000019 0.000002 -0.000024
 24   -0.246150 -0.011872 -0.516511 -0.000005 -0.000006 0.000048
 25   4.941364 1.997338 1.629330 0.000018 -0.000001 -0.000024
 26   4.941382 1.997366 -1.629410 -0.000001 0.000005 -0.000024
 27   2.914462 1.619264 1.514501 -0.000019 -0.000022 -0.000050
 28   2.916892 1.618870 -1.501142 -0.000002 -0.000009 -0.000024
 29   8.824059 0.150544 0.091743 0.000006 -0.000231 -0.174534
 30   2.111085 -0.561179 1.784320 -0.000008 -0.000682 0.000024
 31   2.121290 -0.561289 -1.853599 0.000000 0.000000 -0.000002
 32   -0.814395 -0.093824 3.127092 3.071685 -0.114787 1.239365
 33   14.298673 -0.408176 0.471578 0.000020 -0.000002 -1.896136
 34   15.835795 0.581398 0.242756 -0.214735 0.106913 -0.097869
 35   -0.815868 -0.091229 -3.114430 0.066464 3.132818 -1.010216
 36   14.294526 -0.410349 -0.467541 0.000009 -0.000036 -2.607695
 37   15.834409 0.579420 -0.284600 -0.006131 -0.035383 0.214508
 38   1.139685 -3.453749 -2.823813 0.000000 0.000000 0.000001
 39   -4.457742 -1.054854 -0.746180 0.000000 0.000000 0.000000
 40   1.118101 -3.449769 3.237290 0.000000 0.000001 0.000000
 41   -4.433840 -1.059130 0.959566 -0.000001 0.000000 0.000000
 42   -0.657468 1.697302 -2.688614 0.000000 0.000002 0.000000
 43   -0.664068 1.698578 2.869377 0.000000 0.000002 0.000000
time 18
  0   -0.967547 0.175787 -20.574476 0.000000 0.000000 -1.572114
  1   -1.093036 0.000002 -0.326057 -1.570756 -1.570425 -0.000219
  2   2.262337 0.113614 0.064702 0.143372 -0.012559 0.086999
  3   2.380047 0.353302 0.047440 0.194173 -0.028803 0.145471
  4   2.033756 0.190472 -0.000128 0.103619 0.014442 -0.138887
  5   2.451511 0.204909 -0.003447 0.000000 -0.000005 -0.017472
  6   7.247600 -0.397300 -0.109469 0.000001 0.000009 0.418441
  7   -2.022252 -0.104661 3.136172 -0.298783 -1.361862 -2.901749
  8   1.168026 -0.537438 -0.063437 -0.506958 1.380439 -0.297324
  9   6.790376 -0.619176 0.015206 -0.018965 0.384873 -1.260308
 10   8.637599 0.544015 -0.090417 -1.760068 0.253345 -0.699039
 11   6.790465 -0.619039 0.017802 0.040358 0.264130 -0.883781
 12   -2.022474 -0.104699 -2.873818 0.298873 1.361712 -2.901984
 13   1.167898 -0.537463 0.063297 2.001898 -0.608979 -1.098010
 14   7.002743 -0.617765 -0.183752 0.173931 -0.185947 -2.168985
 15   8.209042 0.615527 -0.255885 2.560768 0.102153 -0.345857
 16   7.002735 -0.617911 -0.183641 0.094749 -0.166026 -1.529327
 17   1.574674 0.609930 -0.000899 0.251365 -0.010997 0.105664
 18   -0.602177 0.511412 -0.000006 0.000000 0.000000 0.000000
 19   3.673773 0.177020 1.119313 -0.000002 -0.000014 -0.174510
 20   3.673767 0.176993 -1.117566 0.000007 -0.000003 -0.174546
 21   3.942357 1.334540 1.627658 0.000002 -0.000011 -0.000026
 22   -0.246060 -0.011889 0.516521 -0.000011 0.000031 0.000025
 23   3.942374 1.334565 -1.631083 0.000019 0.000002 -0.000024
 24   -0.246150 -0.011872 -0.516511 -0.000005 -0.000006 0.000048
 25   4.941364 1.997338 1.629330 0.000018 -0.000001 -0.000024
 26   4.941382 1.997366 -1.629410 -0.000001 0.000005 -0.000024
 27   2.914462 1.619264 1.514501 -0.000019 -0.000022 -0.000050
 28   2.916892 1.618870 -1.501142 -0.000002 -0.000009 -0.000024
 29   8.824059 0.150544 0.091743 0.000006 -0.000231 -0.174534
 30   2.111085 -0.561179 1.784320 -0.000008 -0.000682 0.000024
 31   2.121290 -0.561289 -1.853599 0.000000 0.000000 -0.000002
 32   -0.814395 -0.093824 3.127092 3.071685 -0.114787 1.239365
 33   14.298673 -0.408176 0.471578 0.000020 -0.000002 -1.896136
 34   15.835795 0.581398 0.242756 -0.214735 0.106913 -0.097869
 35   -0.815868 -0.091229 -3.114430 0.066464 3.132818 -1.010216
 36   14.294526 -0.410349 -0.467541 0.000009 -0.000036 -2.607695
 37   15.834409 0.579420 -0.284600 -0.006131 -0.035383 0.214508
 38   1.139685 -3.453749 -2.823813 0.000000 0.000000 0.000001
 39   -4.457742 -1.054854 -0.746180 0.000000 0.000000 0.000000
 40   1.118101 -3.449769 3.237290 0.000000 0.000001 0.000000
 41   -4.433840 -1.059130 0.959566 -0.000001 0.000000 0.000000
 42   -0.657468 1.697302 -2.688614 0.000000 0.000002 0.000000
 43   -0.664068 1.698578 2.869377 0.000000 0.000002 0.000000
time 19
  0   -0.967547 0.175787 -20.574476 0.000000 0.000000 -1.572114
  1   -1.093036 0.000002 -0.326057 -1.570756 -1.570425 -0.000219
  2   2.262337 0.113614 0.064702 0.127399 -0.011193 0.087234
  3   2.380047 0.353302 0.047440 0.172647 -0.025615 0.146022
  4   2.033756 0.190472 -0.000128 0.092111 0.012860 -0.139141
  5   2.451511 0.204909 -0.003447 0.000000 -0.000005 -0.017472
  6   7.247600 -0.397300 -0.109469 0.000001 0.000009 0.418441
  7   -2.022252 -0.104661 3.136172 -0.298783 -1.361862 -2.901749
  8   1.168026 -0.537438 -0.063437 -0.858861 1.355886 -0.665246
  9   6.790376 -0.619176 0.015206 -0.064348 0.459155 -1.302947
 10   8.637599 0.544015 -0.090417 -1.728277 0.226808 -0.661492
 11   6.790465 -0.619039 0.017802 0.022519 0.323084 -0.904659
 12   -2.022474 -0.104699 -2.873818 0.298873 1.361683 -2.901984
 13   1.167898 -0.537463 0.063297 1.908826 -0.644221 -1.097768
 14   7.002743 -0.617765 -0.183752 0.173931 -0.185947 -2.168985
 15   8.209042 0.615527 -0.255885 2.560768 0.102153 -0.345857
 16   7.002735 -0.617911 -0.183641 0.094749 -0.166026 -1.529327
 17   1.574674 0.609930 -0.000899 0.178856 -0.006737 0.091655
 18   -0.602177 0.511412 -0.000006 0.000000 0.000000 0.000000
 19   3.673773 0.177020 1.119313 -0.000002 -0.000014 -0.174510
 20   3.673767 0.176993 -1.117566 0.000007 -0.000003 -0.174546
 21   3.942357 1.334540 1.627658 0.000002 -0.000011 -0.000026
 22   -0.246060 -0.011889 0.516521 -0.000011 0.000031 0.000025
 23   3.942374 1.334565 -1.631083 0.000019 0.000002 -0.000024
 24   -0.246150 -0.011872 -0.516511 -0.000005 -0.000006 0.000048
 25   4.941364 1.997338 1.629330 0.000018 -0.000001 -0.000024
 26   4.941382 1.997366 -1.629410 -0.000001 0.000005 -0.000024
 27   2.914462 1.619264 1.514501 -0.000019 -0.000022 -0.000050
 28   2.916892 1.618870 -1.501142 -0.000002 -0.000009 -0.000024
 29   8.824059 0.150544 0.091743 0.000006 -0.000231 -0.174534
 30   2.111085 -0.561179 1.784320 -0.000008 -0.000682 0.000024
 31   2.121290 -0.561289 -1.853599 0.000000 0.000000 -0.000002
 32   -0.814395 -0.093824 3.127092 3.071685 -0.114787 1.239365
 33   14.298673 -0.408176 0.471578 0.000020 -0.000002 -1.896136
 34   15.835795 0.581398 0.242756 -0.214735 0.106913 -0.097869
 35   -0.815868 -0.091229 -3.114430 0.066464 3.132818 -1.010216
 36   14.294526 -0.410349 -0.467541 0.000009 -0.000036 -2.607695
 37   15.834409 0.579420 -0.284600 -0.006131 -0.035383 0.214508
 38   1.139685 -3.453749 -2.823813 0.000000 0.000000 0.000001
 39   -4.457742 -1.054854 -0.746180 0.000000 0.000000 0.000000
 40   1.118101 -3.449769 3.237290 0.000000 0.000001 0.000000
 41   -4.433840 -1.059130 0.959566 -0.000001 0.000000 0.000000
 42   -0.657468 1.697302 -2.688614 0.000000 0.000002 0.000000
 43   -0.664068 1.698578 2.869377 0.000000 0.000002 0.000000
time 20
  0   -0.967547 0.175787 -20.574476 0.000000 0.000000 -1.572114
  1   -1.093036 0.000002 -0.326057 -1.570756 -1.570425 -0.000219
  2   2.262337 0.113614 0.064702 0.111503 -0.009755 0.087306
  3   2.380047 0.353302 0.047440 0.150940 -0.022403 0.146593
  4   2.033756 0.190472 -0.000128 0.080602 0.011242 -0.139177
  5   2.451511 0.204909 -0.003447 0.000000 -0.000005 -0.017472
  6   7.247600 -0.397300 -0.109469 0.000001 0.000009 0.418441
  7   -2.022252 -0.104661 3.136172 -0.298783 -1.361862 -2.901749
  8   1.168026 -0.537438 -0.063437 -1.111034 1.310452 -0.933723
  9   6.790376 -0.619176 0.015206 -0.115334 0.531368 -1.351246
 10   8.637599 0.544015 -0.090417 -1.697190 0.199144 -0.624958
 11   6.790465 -0.619039 0.017802 0.002928 0.381668 -0.926806
 12   -2.022474 -0.104699 -2.873818 0.298873 1.361712 -2.901984
 13   1.167898 -0.537463 0.063297 1.813152 -0.679209 -1.093107
 14   7.002743 -0.617765 -0.183752 0.173931 -0.185947 -2.168985
 15   8.209042 0.615527 -0.255885 2.560768 0.102153 -0.345857
 16   7.002735 -0.617911 -0.183641 0.094749 -0.166026 -1.529327
 17   1.574674 0.609930 -0.000899 0.106347 -0.003495 0.077278
 18   -0.602177 0.511412 -0.000006 0.000000 0.000000 0.000000
 19   3.673773 0.177020 1.119313 -0.000002 -0.000014 -0.174510
 20   3.673767 0.176993 -1.117566 0.000007 -0.000003 -0.174546
 21   3.942357 1.334540 1.627658 0.000002 -0.000011 -0.000026
 22   -0.246060 -0.011889 0.516521 -0.000011 0.000031 0.000025
 23   3.942374 1.334565 -1.631083 0.000019 0.000002 -0.000024
 24   -0.246150 -0.011872 -0.516511 -0.000005 -0.000006 0.000048
 25   4.941364 1.997338 1.629330 0.000018 -0.000001 -0.000024
 26   4.941382 1.997366 -1.629410 -0.000001 0.000005 -0.000024
 27   2.914462 1.619264 1.514501 -0.000019 -0.000022 -0.000050
 28   2.916892 1.618870 -1.501142 -0.000002 -0.000009 -0.000024
 29   8.824059 0.150544 0.091743 0.000006 -0.000231 -0.174534
 30   2.111085 -0.561179 1.784320 -0.000008 -0.000682 0.000024
 31   2.121290 -0.561289 -1.853599 0.000000 0.000000 -0.000002
 32   -0.814395 -0.093824 3.127092 3.071685 -0.114787 1.239365
 33   14.298673 -0.408176 0.471578 0.000020 -0.000002 -1.896136
 34   15.835795 0.581398 0.242756 -0.214735 0.106913 -0.097869
 35   -0.815868 -0.091229 -3.114430 0.066464 3.132818 -1.010216
 36   14.294526 -0.410349 -0.467541 0.000009 -0.000036 -2.607695
 37   15.834409 0.579420 -0.284600 -0.006131 -0.035383 0.214508
 38   1.139685 -3.453749 -2.823813 0.000000 0.000000 0.000001
 39   -4.457742 -1.054854 -0.746180 0.000000 0.000000 0.000000
 40   1.118101 -3.449769 3.237290 0.000000 0.000001 0.000000
 41   -4.433840 -1.059130 0.959566 -0.000001 0.000000 0.000000
 42   -0.657468 1.697302 -2.688614 0.000000 0.000002 0.000000
 43   -0.664068 1.698578 2.869377 0.000000 0.000002 0.000000
time 21
  0   -0.967547 0.175787 -20.574476 0.000000 0.000000 -1.572114
  1   -1.093036 0.000002 -0.326057 -1.570756 -1.570425 -0.000219
  2   2.262337 0.113614 0.064702 0.095492 -0.008341 0.087505
  3   2.380047 0.353302 0.047440 0.129414 -0.019215 0.147022
  4   2.033756 0.190472 -0.000128 0.069076 0.009660 -0.139286
  5   2.451511 0.204909 -0.003447 0.000000 -0.000005 -0.017472
  6   7.247600 -0.397300 -0.109469 0.000001 0.000009 0.418441
  7   -2.022252 -0.104661 3.136172 -0.298783 -1.361862 -2.901749
  8   1.168026 -0.537438 -0.063437 -1.278347 1.252943 -1.117179
  9   6.790376 -0.619176 0.015206 -0.172755 0.601378 -1.406187
 10   8.637599 0.544015 -0.090417 -1.667776 0.170355 -0.589654
 11   6.790465 -0.619039 0.017802 -0.018414 0.440111 -0.950165
 12   -2.022474 -0.104699 -2.873818 0.298873 1.361683 -2.901984
 13   1.167898 -0.537463 0.063297 1.714456 -0.713587 -1.084087
 14   7.002743 -0.617765 -0.183752 0.173931 -0.185947 -2.168985
 15   8.209042 0.615527 -0.255885 2.560768 0.102153 -0.345857
 16   7.002735 -0.617911 -0.183641 0.094749 -0.166026 -1.529327
 17   1.574674 0.609930 -0.000899 0.033756 -0.001294 0.062900
 18   -0.602177 0.511412 -0.000006 0.000000 0.000000 0.000000
 19   3.673773 0.177020 1.119313 -0.000002 -0.000014 -0.174510
 20   3.673767 0.176993 -1.117566 0.000007 -0.000003 -0.174546
 21   3.942357 1.334540 1.627658 0.000002 -0.000011 -0.000026
 22   -0.246060 -0.011889 0.516521 -0.000011 0.000031 0.000025
 23   3.942374 1.334565 -1.631083 0.000019 0.000002 -0.000024
 24   -0.246150 -0.011872 -0.516511 -0.000005 -0.000006 0.000048
 25   4.941364 1.997338 1.629330 0.000018 -0.000001 -0.000024
 26   4.941382 1.997366 -1.629410 -0.000001 0.000005 -0.000024
 27   2.914462 1.619264 1.514501 -0.000019 -0.000022 -0.000050
 28   2.916892 1.618870 -1.501142 -0.000002 -0.000009 -0.000024
 29   8.824059 0.150544 0.091743 0.000006 -0.000231 -0.174534
 30   2.111085 -0.561179 1.784320 -0.000008 -0.000682 0.000024
 31   2.121290 -0.561289 -1.853599 0.000000 0.000000 -0.000002
 32   -0.814395 -0.093824 3.127092 3.071685 -0.114787 1.239365
 33   14.298673 -0.408176 0.471578 0.000020 -0.000002 -1.896136
 34   15.835795 0.581398 0.242756 -0.214735 0.106913 -0.097869
 35   -0.815868 -0.091229 -3.114430 0.066464 3.132818 -1.010216
 36   14.294526 -0.410349 -0.467541 0.000009 -0.000036 -2.607695
 37   15.834409 0.579420 -0.284600 -0.006131 -0.035383 0.214508
 38   1.139685 -3.453749 -2.823813 0.000000 0.000000 0.000001
 39   -4.457742 -1.054854 -0.746180 0.000000 0.000000 0.000000
 40   1.118101 -3.449769 3.237290 0.000000 0.000001 0.000000
 41   -4.433840 -1.059130 0.959566 -0.000001 0.000000 0.000000
 42   -0.657468 1.697302 -2.688614 0.000000 0.000002 0.000000
 43   -0.664068 1.698578 2.869377 0.000000 0.000002 0.000000
time 22
  0   -0.967547 0.175787 -20.574476 0.000000 0.000000 -1.572114
  1   -1.093036 0.000002 -0.326057 -1.570756 -1.570425 -0.000219
  2   2.262337 0.113614 0.064702 0.079621 -0.006974 0.087577
  3   2.380047 0.353302 0.047440 0.107827 -0.016016 0.147430
  4   2.033756 0.190472 -0.000128 0.057568 0.008054 -0.139431
  5   2.451511 0.204909 -0.003447 0.000000 -0.000005 -0.017472
  6   7.247600 -0.397300 -0.109469 0.000001 0.000009 0.418441
  7   -2.022252 -0.104661 3.136172 -0.298783 -1.361862 -2.901749
  8   1.168026 -0.537438 -0.063437 -1.389531 1.188792 -1.244775
  9   6.790376 -0.619176 0.015206 -0.237944 0.668252 -1.468674
 10   8.637599 0.544015 -0.090417 -1.639683 0.140580 -0.555074
 11   6.790465 -0.619039 0.017802 -0.042093 0.498126 -0.974965
 12   -2.022474 -0.104699 -2.873818 0.298873 1.361683 -2.901984
 13   1.167898 -0.537463 0.063297 1.612175 -0.747151 -1.070043
 14   7.002743 -0.617765 -0.183752 0.173931 -0.185947 -2.168985
 15   8.209042 0.615527 -0.255885 2.560768 0.102153 -0.345857
 16   7.002735 -0.617911 -0.183641 0.094749 -0.166026 -1.529327
 17   1.574674 0.609930 -0.000899 -0.038468 -0.000158 0.048152
 18   -0.602177 0.511412 -0.000006 0.000000 0.000000 0.000000
 19   3.673773 0.177020 1.119313 -0.000002 -0.000014 -0.174510
 20   3.673767 0.176993 -1.117566 0.000007 -0.000003 -0.174546
 21   3.942357 1.334540 1.627658 0.000002 -0.000011 -0.000026
 22   -0.246060 -0.011889 0.516521 -0.000011 0.000031 0.000025
 23   3.942374 1.334565 -1.631083 0.000019 0.000002 -0.000024
 24   -0.246150 -0.011872 -0.516511 -0.000005 -0.000006 0.000048
 25   4.941364 1.997338 1.629330 0.000018 -0.000001 -0.000024
 26   4.941382 1.997366 -1.629410 -0.000001 0.000005 -0.000024
 27   2.914462 1.619264 1.514501 -0.000019 -0.000022 -0.000050
 28   2.916892 1.618870 -1.501142 -0.000002 -0.000009 -0.000024
 29   8.824059 0.150544 0.091743 0.000006 -0.000231 -0.174534
 30   2.111085 -0.561179 1.784320 -0.000008 -0.000682 0.000024
 31   2.121290 -0.561289 -1.853599 0.000000 0.000000 -0.000002
 32   -0.814395 -0.093824 3.127092 3.071685 -0.114787 1.239365
 33   14.298673 -0.408176 0.471578 0.000020 -0.000002 -1.896136
 34   15.835795 0.581398 0.242756 -0.214735 0.106913 -0.097869
 35   -0.815868 -0.091229 -3.114430 0.066464 3.132818 -1.010216
 36   14.294526 -0.410349 -0.467541 0.000009 -0.000036 -2.607695
 37   15.834409 0.579420 -0.284600 -0.006131 -0.035383 0.214508
 38   1.139685 -3.453749 -2.823813 0.000000 0.000000 0.000001
 39   -4.457742 -1.054854 -0.746180 0.000000 0.000000 0.000000
 40   1.118101 -3.449769 3.237290 0.000000 0.000001 0.000000
 41   -4.433840 -1.059130 0.959566 -0.000001 0.000000 0.000000
 42   -0.657468 1.697302 -2.688614 0.000000 0.000002 0.000000
 43   -0.664068 1.698578 2.869377 0.000000 0.000002 0.000000
time 23
  0   -0.967547 0.175787 -20.574476 0.000000 0.000000 -1.572114
  1   -1.093036 0.000002 -0.326057 -1.570756 -1.570425 -0.000219
  2   2.262337 0.113614 0.064702 0.063661 -0.005572 0.087740
  3   2.380047 0.353302 0.047440 0.086301 -0.012828 0.147736
  4   2.033756 0.190472 -0.000128 0.046023 0.006436 -0.139576
  5   2.451511 0.204909 -0.003447 0.000000 -0.000005 -0.017472
  6   7.247600 -0.397300 -0.109469 0.000001 0.000009 0.418441
  7   -2.022252 -0.104661 3.136172 -0.298783 -1.361862 -2.901749
  8   1.168026 -0.537438 -0.063437 -1.466164 1.121069 -1.337831
  9   6.790376 -0.619176 0.015206 -0.312342 0.731655 -1.540670
 10   8.637599 0.544015 -0.090417 -1.612824 0.109819 -0.521868
 11   6.790465 -0.619039 0.017802 -0.068252 0.555858 -1.001899
 12   -2.022474 -0.104699 -2.873818 0.298873 1.361712 -2.901984
 13   1.167898 -0.537463 0.063297 1.506098 -0.779392 -1.050914
 14   7.002743 -0.617765 -0.183752 0.173931 -0.185947 -2.168985
 15   8.209042 0.615527 -0.255885 2.560768 0.102153 -0.345857
 16   7.002735 -0.617911 -0.183641 0.094749 -0.166026 -1.529327
 17   1.574674 0.609930 -0.000899 -0.110937 -0.000087 0.033368
 18   -0.602177 0.511412 -0.000006 0.000000 0.000000 0.000000
 19   3.673773 0.177020 1.119313 -0.000002 -0.000014 -0.174510
 20   3.673767 0.176993 -1.117566 0.000007 -0.000003 -0.174546
 21   3.942357 1.334540 1.627658 0.000002 -0.000011 -0.000026
 22   -0.246060 -0.011889 0.516521 -0.000011 0.000031 0.000025
 23   3.942374 1.334565 -1.631083 0.000019 0.000002 -0.000024
 24   -0.246150 -0.011872 -0.516511 -0.000005 -0.000006 0.000048
 25   4.941364 1.997338 1.629330 0.000018 -0.000001 -0.000024
 26   4.941382 1.997366 -1.629410 -0.000001 0.000005 -0.000024
 27   2.914462 1.619264 1.514501 -0.000019 -0.000022 -0.000050
 28   2.916892 1.618870 -1.501142 -0.000002 -0.000009 -0.000024
 29   8.824059 0.150544 0.091743 0.000006 -0.000231 -0.174534
 30   2.111085 -0.561179 1.784320 -0.000008 -0.000682 0.000024
 31   2.121290 -0.561289 -1.853599 0.000000 0.000000 -0.000002
 32   -0.814395 -0.093824 3.127092 3.071685 -0.114787 1.239365
 33   14.298673 -0.408176 0.471578 0.000020 -0.000002 -1.896136
 34   15.835795 0.581398 0.242756 -0.214735 0.106913 -0.097869
 35   -0.815868 -0.091229 -3.114430 0.066464 3.132818 -1.010216
 36   14.294526 -0.410349 -0.467541 0.000009 -0.000036 -2.607695
 37   15.834409 0.579420 -0.284600 -0.006131 -0.035383 0.214508
 38   1.139685 -3.453749 -2.823813 0.000000 0.000000 0.000001
 39   -4.457742 -1.054854 -0.746180 0.000000 0.000000 0.000000
 40   1.118101 -3.449769 3.237290 0.000000 0.000001 0.000000
 41   -4.433840 -1.059130 0.959566 -0.000001 0.000000 0.000000
 42   -0.657468 1.697302 -2.688614 0.000000 0.000002 0.000000
 43   -0.664068 1.698578 2.869377 0.000000 0.000002 0.000000
time 24
  0   -0.967547 0.175787 -20.574476 0.000000 0.000000 -1.572114
  1   -1.093036 0.000002 -0.326057 -1.570756 -1.570425 -0.000219
  2   2.262337 0.113614 0.064702 0.047739 -0.004182 0.087794
  3   2.380047 0.353302 0.047440 0.064669 -0.009640 0.147981
  4   2.033756 0.190472 -0.000128 0.034533 0.004818 -0.139576
  5   2.451511 0.204909 -0.003447 0.000000 -0.000005 -0.017472
  6   7.247600 -0.397300 -0.109469 0.000001 0.000009 0.418441
  7   -2.022252 -0.104661 3.136172 -0.298783 -1.361862 -2.901749
  8   1.168026 -0.537438 -0.063437 -1.520142 1.051082 -1.408936
  9   6.790376 -0.619176 0.015206 -0.397226 0.790253 -1.623382
 10   8.637599 0.544015 -0.090417 -1.586492 0.078214 -0.489530
 11   6.790465 -0.619039 0.017802 -0.097273 0.612993 -1.031256
 12   -2.022474 -0.104699 -2.873818 0.298873 1.361683 -2.901984
 13   1.167898 -0.537463 0.063297 1.395663 -0.810058 -1.026337
 14   7.002743 -0.617765 -0.183752 0.173931 -0.185947 -2.168985
 15   8.209042 0.615527 -0.255885 2.560768 0.102153 -0.345857
 16   7.002735 -0.617911 -0.183641 0.094749 -0.166026 -1.529327
 17   1.574674 0.609930 -0.000899 -0.183568 -0.001081 0.018694
 18   -0.602177 0.511412 -0.000006 0.000000 0.000000 0.000000
 19   3.673773 0.177020 1.119313 -0.000002 -0.000014 -0.174510
 20   3.673767 0.176993 -1.117566 0.000007 -0.000003 -0.174546
 21   3.942357 1.334540 1.627658 0.000002 -0.000011 -0.000026
 22   -0.246060 -0.011889 0.516521 -0.000011 0.000031 0.000025
 23   3.942374 1.334565 -1.631083 0.000019 0.000002 -0.000024
 24   -0.246150 -0.011872 -0.516511 -0.000005 -0.000006 0.000048
 25   4.941364 1.997338 1.629330 0.000018 -0.000001 -0.000024
 26   4.941382 1.997366 -1.629410 -0.000001 0.000005 -0.000024
 27   2.914462 1.619264 1.514501 -0.000019 -0.000022 -0.000050
 28   2.916892 1.618870 -1.501142 -0.000002 -0.000009 -0.000024
 29   8.824059 0.150544 0.091743 0.000006 -0.000231 -0.174534
 30   2.111085 -0.561179 1.784320 -0.000008 -0.000682 0.000024
 31   2.121290 -0.561289 -1.853599 0.000000 0.000000 -0.000002
 32   -0.814395 -0.093824 3.127092 3.071685 -0.114787 1.239365
 33   14.298673 -0.408176 0.471578 0.000020 -0.000002 -1.896136
 34   15.835795 0.581398 0.242756 -0.214735 0.106913 -0.097869
 35   -0.815868 -0.091229 -3.114430 0.066464 3.132818 -1.010216
 36   14.294526 -0.410349 -0.467541 0.000009 -0.000036 -2.607695
 37   15.834409 0.579420 -0.284600 -0.006131 -0.035383 0.214508
 38   1.139685 -3.453749 -2.823813 0.000000 0.000000 0.000001
 39   -4.457742 -1.054854 -0.746180 0.000000 0.000000 0.000000
 40   1.118101 -3.449769 3.237290 0.000000 0.000001 0.000000
 41   -4.433840 -1.059130 0.959566 -0.000001 0.000000 0.000000
 42   -0.657468 1.697302 -2.688614 0.000000 0.000002 0.000000
 43   -0.664068 1.698578 2.869377 0.000000 0.000002 0.000000
time 25
  0   -0.967547 0.175787 -20.574476 0.000000 0.000000 -1.572114
  1   -1.093036 0.000002 -0.326057 -1.570756 -1.570425 -0.000219
  2   2.262337 0.113614 0.064702 0.031779 -0.002744 0.087812
  3   2.380047 0.353302 0.047440 0.043083 -0.006428 0.148144
  4   2.033756 0.190472 -0.000128 0.022988 0.003200 -0.139576
  5   2.451511 0.204909 -0.003447 0.000000 -0.000005 -0.017472
  6   7.247600 -0.397300 -0.109469 0.000001 0.000009 0.418441
  7   -2.022252 -0.104661 3.136172 -0.298783 -1.361862 -2.901749
  8   1.168026 -0.537438 -0.063437 -1.559376 0.979535 -1.465364
  9   6.790376 -0.619176 0.015206 -0.494592 0.843378 -1.718471
 10   8.637599 0.544015 -0.090417 -1.561922 0.045905 -0.458060
 11   6.790465 -0.619039 0.017802 -0.129652 0.669616 -1.063438
 12   -2.022474 -0.104699 -2.873818 0.298873 1.361683 -2.901984
 13   1.167898 -0.537463 0.063297 1.280447 -0.838638 -0.995888
 14   7.002743 -0.617765 -0.183752 0.173931 -0.185947 -2.168985
 15   8.209042 0.615527 -0.255885 2.560768 0.102153 -0.345857
 16   7.002735 -0.617911 -0.183641 0.094749 -0.166026 -1.529327
 17   1.574674 0.609930 -0.000899 -0.256077 -0.003140 0.004021
 18   -0.602177 0.511412 -0.000006 0.000000 0.000000 0.000000
 19   3.673773 0.177020 1.119313 -0.000002 -0.000014 -0.174510
 20   3.673767 0.176993 -1.117566 0.000007 -0.000003 -0.174546
 21   3.942357 1.334540 1.627658 0.000002 -0.000011 -0.000026
 22   -0.246060 -0.011889 0.516521 -0.000011 0.000031 0.000025
 23   3.942374 1.334565 -1.631083 0.000019 0.000002 -0.000024
 24   -0.246150 -0.011872 -0.516511 -0.000005 -0.000006 0.000048
 25   4.941364 1.997338 1.629330 0.000018 -0.000001 -0.000024
 26   4.941382 1.997366 -1.629410 -0.000001 0.000005 -0.000024
 27   2.914462 1.619264 1.514501 -0.000019 -0.000022 -0.000050
 28   2.916892 1.618870 -1.501142 -0.000002 -0.000009 -0.000024
 29   8.824059 0.150544 0.091743 0.000006 -0.000231 -0.174534
 30   2.111085 -0.561179 1.784320 -0.000008 -0.000682 0.000024
 31   2.121290 -0.561289 -1.853599 0.000000 0.000000 -0.000002
 32   -0.814395 -0.093824 3.127092 3.071685 -0.114787 1.239365
 33   14.298673 -0.408176 0.471578 0.000020 -0.000002 -1.896136
 34   15.835795 0.581398 0.242756 -0.214735 0.106913 -0.097869
 35   -0.815868 -0.091229 -3.114430 0.066464 3.132818 -1.010216
 36   14.294526 -0.410349 -0.467541 0.000009 -0.000036 -2.607695
 37   15.834409 0.579420 -0.284600 -0.006131 -0.035383 0.214508
 38   1.139685 -3.453749 -2.823813 0.000000 0.000000 0.000001
 39   -4.457742 -1.054854 -0.746180 0.000000 0.000000 0.000000
 40   1.118101 -3.449769 3.237290 0.000000 0.000001 0.000000
 41   -4.433840 -1.059130 0.959566 -0.000001 0.000000 0.000000
 42   -0.657468 1.697302 -2.688614 0.000000 0.000002 0.000000
 43   -0.664068 1.698578 2.869377 0.000000 0.000002 0.000000
time 26
  0   -0.967547 0.175787 -20.574476 0.000000 0.000000 -1.572114
  1   -1.093036 0.000002 -0.326057 -1.570756 -1.570425 -0.000219
  2   2.262337 0.113614 0.064702 0.015870 -0.001342 0.087866
  3   2.380047 0.353302 0.047440 0.021451 -0.003204 0.148246
  4   2.033756 0.190472 -0.000128 0.011480 0.001558 -0.139576
  5   2.451511 0.204909 -0.003447 0.000000 -0.000005 -0.017472
  6   7.247600 -0.397300 -0.109469 0.000001 0.000009 0.418441
  7   -2.022252 -0.104661 3.136172 -0.298783 -1.361862 -2.901749
  8   1.168026 -0.537438 -0.063437 -1.588232 0.907032 -1.511797
  9   6.790376 -0.619176 0.015206 -0.605108 0.889295 -1.826691
 10   8.637599 0.544015 -0.090417 -1.537440 0.013103 -0.427386
 11   6.790465 -0.619039 0.017802 -0.165943 0.725471 -1.098908
 12   -2.022474 -0.104699 -2.873818 0.298873 1.361683 -2.901984
 13   1.167898 -0.537463 0.063297 1.160522 -0.864472 -0.959870
 14   7.002743 -0.617765 -0.183752 0.173931 -0.185947 -2.168985
 15   8.209042 0.615527 -0.255885 2.560768 0.102153 -0.345857
 16   7.002735 -0.617911 -0.183641 0.094749 -0.166026 -1.529327
 17   1.574674 0.609930 -0.000899 -0.328586 -0.006264 -0.010320
 18   -0.602177 0.511412 -0.000006 0.000000 0.000000 0.000000
 19   3.673773 0.177020 1.119313 -0.000002 -0.000014 -0.174510
 20   3.673767 0.176993 -1.117566 0.000007 -0.000003 -0.174546
 21   3.942357 1.334540 1.627658 0.000002 -0.000011 -0.000026
 22   -0.246060 -0.011889 0.516521 -0.000011 0.000031 0.000025
 23   3.942374 1.334565 -1.631083 0.000019 0.000002 -0.000024
 24   -0.246150 -0.011872 -0.516511 -0.000005 -0.000006 0.000048
 25   4.941364 1.997338 1.629330 0.000018 -0.000001 -0.000024
 26   4.941382 1.997366 -1.629410 -0.000001 0.000005 -0.000024
 27   2.914462 1.619264 1.514501 -0.000019 -0.000022 -0.000050
 28   2.916892 1.618870 -1.501142 -0.000002 -0.000009 -0.000024
 29   8.824059 0.150544 0.091743 0.000006 -0.000231 -0.174534
 30   2.111085 -0.561179 1.784320 -0.000008 -0.000682 0.000024
 31   2.121290 -0.561289 -1.853599 0.000000 0.000000 -0.000002
 32   -0.814395 -0.093824 3.127092 3.071685 -0.114787 1.239365
 33   14.298673 -0.408176 0.471578 0.000020 -0.000002 -1.896136
 34   15.835795 0.581398 0.242756 -0.214735 0.106913 -0.097869
 35   -0.815868 -0.091229 -3.114430 0.066464 3.132818 -1.010216
 36   14.294526 -0.410349 -0.467541 0.000009 -0.000036 -2.607695
 37   15.834409 0.579420 -0.284600 -0.006131 -0.035383 0.214508
 38   1.139685 -3.453749 -2.823813 0.000000 0.000000 0.000001
 39   -4.457742 -1.054854 -0.746180 0.000000 0.000000 0.000000
 40   1.118101 -3.449769 3.237290 0.000000 0.000001 0.000000
 41   -4.433840 -1.059130 0.959566 -0.000001 0.000000 0.000000
 42   -0.657468 1.697302 -2.688614 0.000000 0.000002 0.000000
 43   -0.664068 1.698578 2.869377 0.000000 0.000002 0.000000
time 27
  0   -0.967547 0.175787 -20.574476 0.000000 0.000000 -1.572114
  1   -1.093036 0.000002 -0.326057 -1.570756 -1.570425 -0.000219
  2   2.262337 0.113614 0.064702 -0.000052 0.000049 0.087866
  3   2.380047 0.353302 0.047440 0.000000 -0.000040 0.148287
  4   2.033756 0.190472 -0.000128 -0.000010 0.000024 -0.139576
  5   2.451511 0.204909 -0.003447 0.000000 -0.000005 -0.017472
  6   7.247600 -0.397300 -0.109469 0.000001 0.000009 0.418441
  7   -2.022252 -0.104661 3.136172 -0.298783 -1.361862 -2.901749
  8   1.168026 -0.537438 -0.063437 -1.609874 0.834026 -1.551398
  9   6.790376 -0.619176 0.015206 -0.729327 0.926736 -1.948647
 10   8.637599 0.544015 -0.090417 -1.514543 -0.020614 -0.397363
 11   6.790465 -0.619039 0.017802 -0.206847 0.780474 -1.138531
 12   -2.022474 -0.104699 -2.873818 0.298873 1.361712 -2.901984
 13   1.167898 -0.537463 0.063297 1.035394 -0.887357 -0.918101
 14   7.002743 -0.617765 -0.183752 0.173931 -0.185947 -2.168985
 15   8.209042 0.615527 -0.255885 2.560768 0.102153 -0.345857
 16   7.002735 -0.617911 -0.183641 0.094749 -0.166026 -1.529327
 17   1.574674 0.609930 -0.000899 -0.401096 -0.010429 -0.024476
 18   -0.602177 0.511412 -0.000006 0.000000 0.000000 0.000000
 19   3.673773 0.177020 1.119313 -0.000002 -0.000014 -0.174510
 20   3.673767 0.176993 -1.117566 0.000007 -0.000003 -0.174546
 21   3.942357 1.334540 1.627658 0.000002 -0.000011 -0.000026
 22   -0.246060 -0.011889 0.516521 -0.000011 0.000031 0.000025
 23   3.942374 1.334565 -1.631083 0.000019 0.000002 -0.000024
 24   -0.246150 -0.011872 -0.516511 -0.000005 -0.000006 0.000048
 25   4.941364 1.997338 1.629330 0.000018 -0.000001 -0.000024
 26   4.941382 1.997366 -1.629410 -0.000001 0.000005 -0.000024
 27   2.914462 1.619264 1.514501 -0.000019 -0.000022 -0.000050
 28   2.916892 1.618870 -1.501142 -0.000002 -0.000009 -0.000024
 29   8.824059 0.150544 0.091743 0.000006 -0.000231 -0.174534
 30   2.111085 -0.561179 1.784320 -0.000008 -0.000682 0.000024
 31   2.121290 -0.561289 -1.853599 0.000000 0.000000 -0.000002
 32   -0.814395 -0.093824 3.127092 3.071685 -0.114787 1.239365
 33   14.298673 -0.408176 0.471578 0.000020 -0.000002 -1.896136
 34   15.835795 0.581398 0.242756 -0.214735 0.106913 -0.097869
 35   -0.815868 -0.091229 -3.114430 0.066464 3.132818 -1.010216
 36   14.294526 -0.410349 -0.467541 0.000009 -0.000036 -2.607695
 37   15.834409 0.579420 -0.284600 -0.006131 -0.035383 0.214508
 38   1.139685 -3.453749 -2.823813 0.000000 0.000000 0.000001
 39   -4.457742 -1.054854 -0.746180 0.000000 0.000000 0.000000
 40   1.118101 -3.449769 3.237290 0.000000 0.000001 0.000000
 41   -4.433840 -1.059130 0.959566 -0.000001 0.000000 0.000000
 42   -0.657468 1.697302 -2.688614 0.000000 0.000002 0.000000
 43   -0.664068 1.698578 2.869377 0.000000 0.000002 0.000000
time 28
  0   -0.967547 0.175787 -20.574476 0.000000 0.000000 -1.572114
  1   -1.093036 0.000002 -0.326057 -1.570756 -1.570425 -0.000219
  2   2.262337 0.113614 0.064702 -0.000052 0.000049 0.087866
  3   2.380047 0.353302 0.047440 0.000000 -0.000040 0.148287
  4   2.033756 0.190472 -0.000128 -0.000010 0.000024 -0.139576
  5   2.451511 0.204909 -0.003447 0.000000 -0.000005 -0.017472
  6   7.247600 -0.397300 -0.109469 0.000001 0.000009 0.418441
  7   -2.022252 -0.104661 3.136172 -0.298783 -1.361862 -2.901749
  8   1.168026 -0.537438 -0.063437 -1.590700 0.638203 -1.633953
  9   6.790376 -0.619176 0.015206 -0.419418 0.969851 -1.802617
 10   8.637599 0.544015 -0.090417 -1.285398 -0.000694 -0.370885
 11   6.790465 -0.619039 0.017802 -0.011816 0.744687 -1.071974
 12   -2.022474 -0.104699 -2.873818 0.298873 1.361712 -2.901984
 13   1.167898 -0.537463 0.063297 1.126850 -0.801921 -0.986505
 14   7.002743 -0.617765 -0.183752 0.173931 -0.185947 -2.116512
 15   8.209042 0.615527 -0.255885 2.371232 0.132795 -0.265513
 16   7.002735 -0.617911 -0.183641 0.095879 -0.164785 -1.492734
 17   1.574674 0.609930 -0.000899 -0.401096 -0.010429 -0.133585
 18   -0.602177 0.511412 -0.000006 0.000000 0.000000 0.000000
 19   3.673773 0.177020 1.119313 -0.000002 -0.000014 -0.174510
 20   3.673767 0.176993 -1.117566 0.000007 -0.000003 -0.174546
 21   3.942357 1.334540 1.627658 0.000002 -0.000011 -0.000026
 22   -0.246060 -0.011889 0.516521 -0.000011 0.000031 0.000025
 23   3.942374 1.334565 -1.631083 0.000019 0.000002 -0.000024
 24   -0.246150 -0.011872 -0.516511 -0.000005 -0.000006 0.000048
 25   4.941364 1.997338 1.629330 0.000018 -0.000001 -0.000024
 26   4.941382 1.997366 -1.629410 -0.000001 0.000005 -0.000024
 27   2.914462 1.619264 1.514501 -0.000019 -0.000022 -0.000050
 28   2.916892 1.618870 -1.501142 -0.000002 -0.000009 -0.000024
 29   8.824059 0.150544 0.091743 0.000006 -0.000231 -0.174534
 30   2.111085 -0.561179 1.784320 -0.000008 -0.000682 0.000024
 31   2.121290 -0.561289 -1.853599 0.000000 0.000000 -0.000002
 32   -0.814395 -0.093824 3.127092 3.071685 -0.114787 1.239365
 33   14.298673 -0.408176 0.471578 0.000020 -0.000002 -1.896136
 34   15.835795 0.581398 0.242756 -0.214735 0.106913 -0.097869
 35   -0.815868 -0.091229 -3.114430 0.066464 3.132818 -1.010216
 36   14.294526 -0.410349 -0.467541 0.000009 -0.000036 -2.607695
 37   15.834409 0.579420 -0.284600 -0.006131 -0.035383 0.214508
 38   1.139685 -3.453749 -2.823813 0.000000 0.000000 0.000001
 39   -4.457742 -1.054854 -0.746180 0.000000 0.000000 0.000000
 40   1.118101 -3.449769 3.237290 0.000000 0.000001 0.000000
 41   -4.433840 -1.059130 0.959566 -0.000001 0.000000 0.000000
 42   -0.657468 1.697302 -2.688614 0.000000 0.000002 0.000000
 43   -0.664068 1.698578 2.869377 0.000000 0.000002 0.000000
time 29
  0   -0.967547 0.175787 -20.574476 0.000000 0.000000 -1.572114
  1   -1.093036 0.000002 -0.326057 -1.570756 -1.570425 -0.000219
  2   2.262337 0.113614 0.064702 -0.000052 0.000049 0.087866
  3   2.380047 0.353302 0.047440 0.000000 -0.000040 0.148287
  4   2.033756 0.190472 -0.000128 -0.000010 0.000024 -0.139576
  5   2.451511 0.204909 -0.003447 0.000000 -0.000005 -0.017472
  6   7.247600 -0.397300 -0.109469 0.000001 0.000009 0.418441
  7   -2.022252 -0.104661 3.136172 -0.298783 -1.361862 -2.901749
  8   1.168026 -0.537438 -0.063437 -1.555959 0.444442 -1.711257
  9   6.790376 -0.619176 0.015206 -0.088426 0.983799 -1.633872
 10   8.637599 0.544015 -0.090417 -1.055813 0.012469 -0.340428
 11   6.790465 -0.619039 0.017802 0.173697 0.697558 -1.013319
 12   -2.022474 -0.104699 -2.873818 0.298873 1.361712 -2.901984
 13   1.167898 -0.537463 0.063297 1.203121 -0.712875 -1.038928
 14   7.002743 -0.617765 -0.183752 0.173931 -0.185947 -2.064121
 15   8.209042 0.615527 -0.255885 2.183494 0.177812 -0.191905
 16   7.002735 -0.617911 -0.183641 0.096915 -0.163601 -1.456141
 17   1.574674 0.609930 -0.000899 -0.401096 -0.010429 -0.242657
 18   -0.602177 0.511412 -0.000006 0.000000 0.000000 0.000000
 19   3.673773 0.177020 1.119313 -0.000002 -0.000014 -0.174510
 20   3.673767 0.176993 -1.117566 0.000007 -0.000003 -0.174546
 21   3.942357 1.334540 1.627658 0.000002 -0.000011 -0.000026
 22   -0.246060 -0.011889 0.516521 -0.000011 0.000031 0.000025
 23   3.942374 1.334565 -1.631083 0.000019 0.000002 -0.000024
 24   -0.246150 -0.011872 -0.516511 -0.000005 -0.000006 0.000048
 25   4.941364 1.997338 1.629330 0.000018 -0.000001 -0.000024
 26   4.941382 1.997366 -1.629410 -0.000001 0.000005 -0.000024
 27   2.914462 1.619264 1.514501 -0.000019 -0.000022 -0.000050
 28   2.916892 1.618870 -1.501142 -0.000002 -0.000009 -0.000024
 29   8.824059 0.150544 0.091743 0.000006 -0.000231 -0.174534
 30   2.111085 -0.561179 1.784320 -0.000008 -0.000682 0.000024
 31   2.121290 -0.561289 -1.853599 0.000000 0.000000 -0.000002
 32   -0.814395 -0.093824 3.127092 3.071685 -0.114787 1.239365
 33   14.298673 -0.408176 0.471578 0.000020 -0.000002 -1.896136
 34   15.835795 0.581398 0.242756 -0.214735 0.106913 -0.097869
 35   -0.815868 -0.091229 -3.114430 0.066464 3.132818 -1.010216
 36   14.294526 -0.410349 -0.467541 0.000009 -0.000036 -2.607695
 37   15.834409 0.579420 -0.284600 -0.006131 -0.035383 0.214508
 38   1.139685 -3.453749 -2.823813 0.000000 0.000000 0.000001
 39   -4.457742 -1.054854 -0.746180 0.000000 0.000000 0.000000
 40   1.118101 -3.449769 3.237290 0.000000 0.000001 0.000000
 41   -4.433840 -1.059130 0.959566 -0.000001 0.000000 0.000000
 42   -0.657468 1.697302 -2.688614 0.000000 0.000002 0.000000
 43   -0.664068 1.698578 2.869377 0.000000 0.000002 0.000000
time 30
  0   -0.967547 0.175787 -20.574476 0.000000 0.000000 -1.572114
  1   -1.093036 0.000002 -0.326057 -1.570756 -1.570425 -0.000219
  2   2.262337 0.113614 0.064702 -0.000052 0.000049 0.087866
  3   2.380047 0.353302 0.047440 0.000000 -0.000040 0.148287
  4   2.033756 0.190472 -0.000128 -0.000010 0.000024 -0.139576
  5   2.451511 0.204909 -0.003447 0.000000 -0.000005 -0.017472
  6   7.247600 -0.397300 -0.109469 0.000001 0.000009 0.418441
  7   -2.022252 -0.104661 3.136172 -0.298783 -1.361862 -2.901749
  8   1.168026 -0.537438 -0.063437 -1.508435 0.253449 -1.790459
  9   6.790376 -0.619176 0.015206 0.240846 0.966247 -1.466410
 10   8.637599 0.544015 -0.090417 -0.825788 0.018382 -0.307729
 11   6.790465 -0.619039 0.017802 0.348466 0.639911 -0.964872
 12   -2.022474 -0.104699 -2.873818 0.298873 1.361712 -2.901984
 13   1.167898 -0.537463 0.063297 1.268216 -0.621591 -1.079426
 14   7.002743 -0.617765 -0.183752 0.173931 -0.185947 -2.011730
 15   8.209042 0.615527 -0.255885 1.997769 0.235465 -0.127678
 16   7.002735 -0.617911 -0.183641 0.097998 -0.162417 -1.419714
 17   1.574674 0.609930 -0.000899 -0.401096 -0.010429 -0.351692
 18   -0.602177 0.511412 -0.000006 0.000000 0.000000 0.000000
 19   3.673773 0.177020 1.119313 -0.000002 -0.000014 -0.174510
 20   3.673767 0.176993 -1.117566 0.000007 -0.000003 -0.174546
 21   3.942357 1.334540 1.627658 0.000002 -0.000011 -0.000026
 22   -0.246060 -0.011889 0.516521 -0.000011 0.000031 0.000025
 23   3.942374 1.334565 -1.631083 0.000019 0.000002 -0.000024
 24   -0.246150 -0.011872 -0.516511 -0.000005 -0.000006 0.000048
 25   4.941364 1.997338 1.629330 0.000018 -0.000001 -0.000024
 26   4.941382 1.997366 -1.629410 -0.000001 0.000005 -0.000024
 27   2.914462 1.619264 1.514501 -0.000019 -0.000022 -0.000050
 28   2.916892 1.618870 -1.501142 -0.000002 -0.000009 -0.000024
 29   8.824059 0.150544 0.091743 0.000006 -0.000231 -0.174534
 30   2.111085 -0.561179 1.784320 -0.000008 -0.000682 0.000024
 31   2.121290 -0.561289 -1.853599 0.000000 0.000000 -0.000002
 32   -0.814395 -0.093824 3.127092 3.071685 -0.114787 1.239365
 33   14.298673 -0.408176 0.471578 0.000020 -0.000002 -1.896136
 34   15.835795 0.581398 0.242756 -0.214735 0.106913 -0.097869
 35   -0.815868 -0.091229 -3.114430 0.066464 3.132818 -1.010216
 36   14.294526 -0.410349 -0.467541 0.000009 -0.000036 -2.607695
 37   15.834409 0.579420 -0.284600 -0.006131 -0.035383 0.214508
 38   1.139685 -3.453749 -2.823813 0.000000 0.000000 0.000001
 39   -4.457742 -1.054854 -0.746180 0.000000 0.000000 0.000000
 40   1.118101 -3.449769 3.237290 0.000000 0.000001 0.000000
 41   -4.433840 -1.059130 0.959566 -0.000001 0.000000 0.000000
 42   -0.657468 1.697302 -2.688614 0.000000 0.000002 0.000000
 43   -0.664068 1.698578 2.869377 0.000000 0.000002 0.000000
time 31
  0   -0.967547 0.175787 -20.574476 0.000000 0.000000 -1.572114
  1   -1.093036 0.000002 -0.326057 -1.570756 -1.570425 -0.000219
  2   2.262337 0.113614 0.064702 -0.000052 0.000049 0.087866
  3   2.380047 0.353302 0.047440 0.000000 -0.000040 0.148287
  4   2.033756 0.190472 -0.000128 -0.000010 0.000024 -0.139576
  5   2.451511 0.204909 -0.003447 0.000000 -0.000005 -0.017472
  6   7.247600 -0.397300 -0.109469 0.000001 0.000009 0.418441
  7   -2.022252 -0.104661 3.136172 -0.298783 -1.361862 -2.901749
  8   1.168026 -0.537438 -0.063437 -1.447306 0.066733 -1.876304
  9   6.790376 -0.619176 0.015206 0.547426 0.920129 -1.324003
 10   8.637599 0.544015 -0.090417 -0.595410 0.017045 -0.274306
 11   6.790465 -0.619039 0.017802 0.512461 0.573226 -0.927729
 12   -2.022474 -0.104699 -2.873818 0.298873 1.361712 -2.901984
 13   1.167898 -0.537463 0.063297 1.325437 -0.528476 -1.110359
 14   7.002743 -0.617765 -0.183752 0.173931 -0.185947 -1.959339
 15   8.209042 0.615527 -0.255885 1.812906 0.303786 -0.074577
 16   7.002735 -0.617911 -0.183641 0.099080 -0.161233 -1.383121
 17   1.574674 0.609930 -0.000899 -0.401096 -0.010429 -0.460764
 18   -0.602177 0.511412 -0.000006 0.000000 0.000000 0.000000
 19   3.673773 0.177020 1.119313 -0.000002 -0.000014 -0.174510
 20   3.673767 0.176993 -1.117566 0.000007 -0.000003 -0.174546
 21   3.942357 1.334540 1.627658 0.000002 -0.000011 -0.000026
 22   -0.246060 -0.011889 0.516521 -0.000011 0.000031 0.000025
 23   3.942374 1.334565 -1.631083 0.000019 0.000002 -0.000024
 24   -0.246150 -0.011872 -0.516511 -0.000005 -0.000006 0.000048
 25   4.941364 1.997338 1.629330 0.000018 -0.000001 -0.000024
 26   4.941382 1.997366 -1.629410 -0.000001 0.000005 -0.000024
 27   2.914462 1.619264 1.514501 -0.000019 -0.000022 -0.000050
 28   2.916892 1.618870 -1.501142 -0.000002 -0.000009 -0.000024
 29   8.824059 0.150544 0.091743 0.000006 -0.000231 -0.174534
 30   2.111085 -0.561179 1.784320 -0.000008 -0.000682 0.000024
 31   2.121290 -0.561289 -1.853599 0.000000 0.000000 -0.000002
 32   -0.814395 -0.093824 3.127092 3.071685 -0.114787 1.239365
 33   14.298673 -0.408176 0.471578 0.000020 -0.000002 -1.896136
 34   15.835795 0.581398 0.242756 -0.214735 0.106913 -0.097869
 35   -0.815868 -0.091229 -3.114430 0.066464 3.132818 -1.010216
 36   14.294526 -0.410349 -0.467541 0.000009 -0.000036 -2.607695
 37   15.834409 0.579420 -0.284600 -0.006131 -0.035383 0.214508
 38   1.139685 -3.453749 -2.823813 0.000000 0.000000 0.000001
 39   -4.457742 -1.054854 -0.746180 0.000000 0.000000 0.000000
 40   1.118101 -3.449769 3.237290 0.000000 0.000001 0.000000
 41   -4.433840 -1.059130 0.959566 -0.000001 0.000000 0.000000
 42   -0.657468 1.697302 -2.688614 0.000000 0.000002 0.000000
 43   -0.664068 1.698578 2.869377 0.000000 0.000002 0.000000
time 32
  0   -0.967547 0.175787 -20.574476 0.000000 0.000000 -1.572114
  1   -1.093036 0.000002 -0.326057 -1.570756 -1.570425 -0.000219
  2   2.262337 0.113614 0.064702 -0.000052 0.000049 0.087866
  3   2.380047 0.353302 0.047440 0.000000 -0.000040 0.148287
  4   2.033756 0.190472 -0.000128 -0.000010 0.000024 -0.139576
  5   2.451511 0.204909 -0.003447 0.000000 -0.000005 -0.017472
  6   7.247600 -0.397300 -0.109469 0.000001 0.000009 0.418441
  7   -2.022252 -0.104661 3.136172 -0.298783 -1.361862 -2.901749
  8   1.168026 -0.537438 -0.063437 -1.510207 0.260342 -1.886488
  9   6.790376 -0.619176 0.015206 0.547482 0.920129 -1.527463
 10   8.637599 0.544015 -0.090417 -0.523109 0.026195 -0.350701
 11   6.790465 -0.619039 0.017802 0.542621 0.563675 -1.055998
 12   -2.022474 -0.104699 -2.873818 0.298873 1.361712 -2.901984
 13   1.167898 -0.537463 0.063297 1.325437 -0.528476 -1.110359
 14   7.002743 -0.617765 -0.183752 0.173931 -0.185947 -1.959339
 15   8.209042 0.615527 -0.255885 1.812906 0.303786 -0.074577
 16   7.002735 -0.617911 -0.183641 0.099080 -0.161233 -1.383121
 17   1.574674 0.609930 -0.000899 -0.401096 -0.010429 -0.460764
 18   -0.602177 0.511412 -0.000006 0.000000 0.000000 0.000000
 19   3.673773 0.177020 1.119313 -0.000002 -0.000014 -0.174510
 20   3.673767 0.176993 -1.117566 0.000007 -0.000003 -0.174546
 21   3.942357 1.334540 1.627658 0.000002 -0.000011 -0.000026
 22   -0.246060 -0.011889 0.516521 -0.000011 0.000031 0.000025
 23   3.942374 1.334565 -1.631083 0.000019 0.000002 -0.000024
 24   -0.246150 -0.011872 -0.516511 -0.000005 -0.000006 0.000048
 25   4.941364 1.997338 1.629330 0.000018 -0.000001 -0.000024
 26   4.941382 1.997366 -1.629410 -0.000001 0.000005 -0.000024
 27   2.914462 1.619264 1.514501 -0.000019 -0.000022 -0.000050
 28   2.916892 1.618870 -1.501142 -0.000002 -0.000009 -0.000024
 29   8.824059 0.150544 0.091743 0.000006 -0.000231 -0.174534
 30   2.111085 -0.561179 1.784320 -0.000008 -0.000682 0.000024
 31   2.121290 -0.561289 -1.853599 0.000000 0.000000 -0.000002
 32   -0.814395 -0.093824 3.127092 3.071685 -0.114787 1.239365
 33   14.298673 -0.408176 0.471578 0.000020 -0.000002 -1.896136
 34   15.835795 0.581398 0.242756 -0.214735 0.106913 -0.097869
 35   -0.815868 -0.091229 -3.114430 0.066464 3.132818 -1.010216
 36   14.294526 -0.410349 -0.467541 0.000009 -0.000036 -2.607695
 37   15.834409 0.579420 -0.284600 -0.006131 -0.035383 0.214508
 38   1.139685 -3.453749 -2.823813 0.000000 0.000000 0.000001
 39   -4.457742 -1.054854 -0.746180 0.000000 0.000000 0.000000
 40   1.118101 -3.449769 3.237290 0.000000 0.000001 0.000000
 41   -4.433840 -1.059130 0.959566 -0.000001 0.000000 0.000000
 42   -0.657468 1.697302 -2.688614 0.000000 0.000002 0.000000
 43   -0.664068 1.698578 2.869377 0.000000 0.000002 0.000000
time 33
  0   -0.967547 0.175787 -20.574476 0.000000 0.000000 -1.572114
  1   -1.093036 0.000002 -0.326057 -1.570756 -1.570425 -0.000219
  2   2.262337 0.113614 0.064702 -0.000052 0.000049 0.087866
  3   2.380047 0.353302 0.047440 0.000000 -0.000040 0.148287
  4   2.033756 0.190472 -0.000128 -0.000010 0.000024 -0.139576
  5   2.451511 0.204909 -0.003447 0.000000 -0.000005 -0.017472
  6   7.247600 -0.397300 -0.109469 0.000001 0.000009 0.418441
  7   -2.022252 -0.104661 3.136172 -0.298783 -1.361862 -2.901749
  8   1.168026 -0.537438 -0.063437 -1.580132 0.453096 -1.911223
  9   6.790376 -0.619176 0.015206 0.547482 0.920129 -1.731225
 10   8.637599 0.544015 -0.090417 -0.451512 0.040977 -0.426156
 11   6.790465 -0.619039 0.017802 0.574124 0.554010 -1.184325
 12   -2.022474 -0.104699 -2.873818 0.298873 1.361712 -2.901984
 13   1.167898 -0.537463 0.063297 1.325437 -0.528476 -1.110359
 14   7.002743 -0.617765 -0.183752 0.173931 -0.185947 -1.959339
 15   8.209042 0.615527 -0.255885 1.812906 0.303786 -0.074577
 16   7.002735 -0.617911 -0.183641 0.099080 -0.161233 -1.383121
 17   1.574674 0.609930 -0.000899 -0.401096 -0.010429 -0.460764
 18   -0.602177 0.511412 -0.000006 0.000000 0.000000 0.000000
 19   3.673773 0.177020 1.119313 -0.000002 -0.000014 -0.174510
 20   3.673767 0.176993 -1.117566 0.000007 -0.000003 -0.174546
 21   3.942357 1.334540 1.627658 0.000002 -0.000011 -0.000026
 22   -0.246060 -0.011889 0.516521 -0.000011 0.000031 0.000025
 23   3.942374 1.334565 -1.631083 0.000019 0.000002 -0.000024
 24   -0.246150 -0.011872 -0.516511 -0.000005 -0.000006 0.000048
 25   4.941364 1.997338 1.629330 0.000018 -0.000001 -0.000024
 26   4.941382 1.997366 -1.629410 -0.000001 0.000005 -0.000024
 27   2.914462 1.619264 1.514501 -0.000019 -0.000022 -0.000050
 28   2.916892 1.618870 -1.501142 -0.000002 -0.000009 -0.000024
 29   8.824059 0.150544 0.091743 0.000006 -0.000231 -0.174534
 30   2.111085 -0.561179 1.784320 -0.000008 -0.000682 0.000024
 31   2.121290 -0.561289 -1.853599 0.000000 0.000000 -0.000002
 32   -0.814395 -0.093824 3.127092 3.071685 -0.114787 1.239365
 33   14.298673 -0.408176 0.471578 0.000020 -0.000002 -1.896136
 34   15.835795 0.581398 0.242756 -0.214735 0.106913 -0.097869
 35   -0.815868 -0.091229 -3.114430 0.066464 3.132818 -1.010216
 36   14.294526 -0.410349 -0.467541 0.000009 -0.000036 -2.607695
 37   15.834409 0.579420 -0.284600 -0.006131 -0.035383 0.214508
 38   1.139685 -3.453749 -2.823813 0.000000 0.000000 0.000001
 39   -4.457742 -1.054854 -0.746180 0.000000 0.000000 0.000000
 40   1.118101 -3.449769 3.237290 0.000000 0.000001 0.000000
 41   -4.433840 -1.059130 0.959566 -0.000001 0.000000 0.000000
 42   -0.657468 1.697302 -2.688614 0.000000 0.000002 0.000000
 43   -0.664068 1.698578 2.869377 0.000000 0.000002 0.000000
time 34
  0   -0.967547 0.175787 -20.574476 0.000000 0.000000 -1.572114
  1   -1.093036 0.000002 -0.326057 -1.570756 -1.570425 -0.000219
  2   2.262337 0.113614 0.064702 -0.000052 0.000049 0.087866
  3   2.380047 0.353302 0.047440 0.000000 -0.000040 0.148287
  4   2.033756 0.190472 -0.000128 -0.000010 0.000024 -0.139576
  5   2.451511 0.204909 -0.003447 0.000000 -0.000005 -0.017472
  6   7.247600 -0.397300 -0.109469 0.000001 0.000009 0.418441
  7   -2.022252 -0.104661 3.136172 -0.298783 -1.361862 -2.901749
  8   1.168026 -0.537438 -0.063437 -1.664864 0.643486 -1.955442
  9   6.790376 -0.619176 0.015206 0.547482 0.920129 -1.934912
 10   8.637599 0.544015 -0.090417 -0.381413 0.060827 -0.500237
 11   6.790465 -0.619039 0.017802 0.607057 0.544260 -1.312248
 12   -2.022474 -0.104699 -2.873818 0.298873 1.361712 -2.901984
 13   1.167898 -0.537463 0.063297 1.325437 -0.528476 -1.110359
 14   7.002743 -0.617765 -0.183752 0.173931 -0.185947 -1.959339
 15   8.209042 0.615527 -0.255885 1.812906 0.303786 -0.074577
 16   7.002735 -0.617911 -0.183641 0.099080 -0.161233 -1.383121
 17   1.574674 0.609930 -0.000899 -0.401096 -0.010429 -0.460764
 18   -0.602177 0.511412 -0.000006 0.000000 0.000000 0.000000
 19   3.673773 0.177020 1.119313 -0.000002 -0.000014 -0.174510
 20   3.673767 0.176993 -1.117566 0.000007 -0.000003 -0.174546
 21   3.942357 1.334540 1.627658 0.000002 -0.000011 -0.000026
 22   -0.246060 -0.011889 0.516521 -0.000011 0.000031 0.000025
 23   3.942374 1.334565 -1.631083 0.000019 0.000002 -0.000024
 24   -0.246150 -0.011872 -0.516511 -0.000005 -0.000006 0.000048
 25   4.941364 1.997338 1.629330 0.000018 -0.000001 -0.000024
 26   4.941382 1.997366 -1.629410 -0.000001 0.000005 -0.000024
 27   2.914462 1.619264 1.514501 -0.000019 -0.000022 -0.000050
 28   2.916892 1.618870 -1.501142 -0.000002 -0.000009 -0.000024
 29   8.824059 0.150544 0.091743 0.000006 -0.000231 -0.174534
 30   2.111085 -0.561179 1.784320 -0.000008 -0.000682 0.000024
 31   2.121290 -0.561289 -1.853599 0.000000 0.000000 -0.000002
 32   -0.814395 -0.093824 3.127092 3.071685 -0.114787 1.239365
 33   14.298673 -0.408176 0.471578 0.000020 -0.000002 -1.896136
 34   15.835795 0.581398 0.242756 -0.214735 0.106913 -0.097869
 35   -0.815868 -0.091229 -3.114430 0.066464 3.132818 -1.010216
 36   14.294526 -0.410349 -0.467541 0.000009 -0.000036 -2.607695
 37   15.834409 0.579420 -0.284600 -0.006131 -0.035383 0.214508
 38   1.139685 -3.453749 -2.823813 0.000000 0.000000 0.000001
 39   -4.457742 -1.054854 -0.746180 0.000000 0.000000 0.000000
 40   1.118101 -3.449769 3.237290 0.000000 0.000001 0.000000
 41   -4.433840 -1.059130 0.959566 -0.000001 0.000000 0.000000
 42   -0.657468 1.697302 -2.688614 0.000000 0.000002 0.000000
 43   -0.664068 1.698578 2.869377 0.000000 0.000002 0.000000
time 35
  0   -0.967547 0.175787 -20.574476 0.000000 0.000000 -1.572114
  1   -1.093036 0.000002 -0.326057 -1.570756 -1.570425 -0.000219
  2   2.262337 0.113614 0.064702 -0.000052 0.000049 0.087866
  3   2.380047 0.353302 0.047440 0.000000 -0.000040 0.148287
  4   2.033756 0.190472 -0.000128 -0.000010 0.000024 -0.139576
  5   2.451511 0.204909 -0.003447 0.000000 -0.000005 -0.017472
  6   7.247600 -0.397300 -0.109469 0.000001 0.000009 0.418441
  7   -2.022252 -0.104661 3.136172 -0.298783 -1.361862 -2.901749
  8   1.168026 -0.537438 -0.063437 -1.580132 0.453096 -1.911223
  9   6.790376 -0.619176 0.015206 0.547482 0.920129 -1.731225
 10   8.637599 0.544015 -0.090417 -0.451512 0.040977 -0.426156
 11   6.790465 -0.619039 0.017802 0.574124 0.554010 -1.184325
 12   -2.022474 -0.104699 -2.873818 0.298873 1.361712 -2.901984
 13   1.167898 -0.537463 0.063297 1.325437 -0.528476 -1.110359
 14   7.002743 -0.617765 -0.183752 0.173931 -0.185947 -1.959339
 15   8.209042 0.615527 -0.255885 1.812906 0.303786 -0.074577
 16   7.002735 -0.617911 -0.183641 0.099080 -0.161233 -1.383121
 17   1.574674 0.609930 -0.000899 -0.401096 -0.010429 -0.460764
 18   -0.602177 0.511412 -0.000006 0.000000 0.000000 0.000000
 19   3.673773 0.177020 1.119313 -0.000002 -0.000014 -0.174510
 20   3.673767 0.176993 -1.117566 0.000007 -0.000003 -0.174546
 21   3.942357 1.334540 1.627658 0.000002 -0.000011 -0.000026
 22   -0.246060 -0.011889 0.516521 -0.000011 0.000031 0.000025
 23   3.942374 1.334565 -1.631083 0.000019 0.000002 -0.000024
 24   -0.246150 -0.011872 -0.516511 -0.000005 -0.000006 0.000048
 25   4.941364 1.997338 1.629330 0.000018 -0.000001 -0.000024
 26   4.941382 1.997366 -1.629410 -0.000001 0.000005 -0.000024
 27   2.914462 1.619264 1.514501 -0.000019 -0.000022 -0.000050
 28   2.916892 1.618870 -1.501142 -0.000002 -0.000009 -0.000024
 29   8.824059 0.150544 0.091743 0.000006 -0.000231 -0.174534
 30   2.111085 -0.561179 1.784320 -0.000008 -0.000682 0.000024
 31   2.121290 -0.561289 -1.853599 0.000000 0.000000 -0.000002
 32   -0.814395 -0.093824 3.127092 3.071685 -0.114787 1.239365
 33   14.298673 -0.408176 0.471578 0.000020 -0.000002 -1.896136
 34   15.835795 0.581398 0.242756 -0.214735 0.106913 -0.097869
 35   -0.815868 -0.091229 -3.114430 0.066464 3.132818 -1.010216
 36   14.294526 -0.410349 -0.467541 0.000009 -0.000036 -2.607695
 37   15.834409 0.579420 -0.284600 -0.006131 -0.035383 0.214508
 38   1.139685 -3.453749 -2.823813 0.000000 0.000000 0.000001
 39   -4.457742 -1.054854 -0.746180 0.000000 0.000000 0.000000
 40   1.118101 -3.449769 3.237290 0.000000 0.000001 0.000000
 41   -4.433840 -1.059130 0.959566 -0.000001 0.000000 0.000000
 42   -0.657468 1.697302 -2.688614 0.000000 0.000002 0.000000
 43   -0.664068 1.698578 2.869377 0.000000 0.000002 0.000000
time 36
  0   -0.967547 0.175787 -20.574476 0.000000 0.000000 -1.572114
  1   -1.093036 0.000002 -0.326057 -1.570756 -1.570425 -0.000219
  2   2.262337 0.113614 0.064702 -0.000052 0.000049 0.087866
  3   2.380047 0.353302 0.047440 0.000000 -0.000040 0.148287
  4   2.033756 0.190472 -0.000128 -0.000010 0.000024 -0.139576
  5   2.451511 0.204909 -0.003447 0.000000 -0.000005 -0.017472
  6   7.247600 -0.397300 -0.109469 0.000001 0.000009 0.418441
  7   -2.022252 -0.104661 3.136172 -0.298783 -1.361862 -2.901749
  8   1.168026 -0.537438 -0.063437 -1.510207 0.260342 -1.886488
  9   6.790376 -0.619176 0.015206 0.547482 0.920129 -1.527463
 10   8.637599 0.544015 -0.090417 -0.523109 0.026195 -0.350701
 11   6.790465 -0.619039 0.017802 0.542621 0.563675 -1.055998
 12   -2.022474 -0.104699 -2.873818 0.298873 1.361712 -2.901984
 13   1.167898 -0.537463 0.063297 1.325437 -0.528476 -1.110359
 14   7.002743 -0.617765 -0.183752 0.173931 -0.185947 -1.959339
 15   8.209042 0.615527 -0.255885 1.812906 0.303786 -0.074577
 16   7.002735 -0.617911 -0.183641 0.099080 -0.161233 -1.383121
 17   1.574674 0.609930 -0.000899 -0.401096 -0.010429 -0.460764
 18   -0.602177 0.511412 -0.000006 0.000000 0.000000 0.000000
 19   3.673773 0.177020 1.119313 -0.000002 -0.000014 -0.174510
 20   3.673767 0.176993 -1.117566 0.000007 -0.000003 -0.174546
 21   3.942357 1.334540 1.627658 0.000002 -0.000011 -0.000026
 22   -0.246060 -0.011889 0.516521 -0.000011 0.000031 0.000025
 23   3.942374 1.334565 -1.631083 0.000019 0.000002 -0.000024
 24   -0.246150 -0.011872 -0.516511 -0.000005 -0.000006 0.000048
 25   4.941364 1.997338 1.629330 0.000018 -0.000001 -0.000024
 26   4.941382 1.997366 -1.629410 -0.000001 0.000005 -0.000024
 27   2.914462 1.619264 1.514501 -0.000019 -0.000022 -0.000050
 28   2.916892 1.618870 -1.501142 -0.000002 -0.000009 -0.000024
 29   8.824059 0.150544 0.091743 0.000006 -0.000231 -0.174534
 30   2.111085 -0.561179 1.784320 -0.000008 -0.000682 0.000024
 31   2.121290 -0.561289 -1.853599 0.000000 0.000000 -0.000002
 32   -0.814395 -0.093824 3.127092 3.071685 -0.114787 1.239365
 33   14.298673 -0.408176 0.471578 0.000020 -0.000002 -1.896136
 34   15.835795 0.581398 0.242756 -0.214735 0.106913 -0.097869
 35   -0.815868 -0.091229 -3.114430 0.066464 3.132818 -1.010216
 36   14.294526 -0.410349 -0.467541 0.000009 -0.000036 -2.607695
 37   15.834409 0.579420 -0.284600 -0.006131 -0.035383 0.214508
 38   1.139685 -3.453749 -2.823813 0.000000 0.000000 0.000001
 39   -4.457742 -1.054854 -0.746180 0.000000 0.000000 0.000000
 40   1.118101 -3.449769 3.237290 0.000000 0.000001 0.000000
 41   -4.433840 -1.059130 0.959566 -0.000001 0.000000 0.000000
 42   -0.657468 1.697302 -2.688614 0.000000 0.000002 0.000000
 43   -0.664068 1.698578 2.869377 0.000000 0.000002 0.000000
time 37
  0   -0.967547 0.175787 -20.574476 0.000000 0.000000 -1.572114
  1   -1.093036 0.000002 -0.326057 -1.570756 -1.570425 -0.000219
  2   2.262337 0.113614 0.064702 -0.000052 0.000049 0.087866
  3   2.380047 0.353302 0.047440 0.000000 -0.000040 0.148287
  4   2.033756 0.190472 -0.000128 -0.000010 0.000024 -0.139576
  5   2.451511 0.204909 -0.003447 0.000000 -0.000005 -0.017472
  6   7.247600 -0.397300 -0.109469 0.000001 0.000009 0.418441
  7   -2.022252 -0.104661 3.136172 -0.298783 -1.361862 -2.901749
  8   1.168026 -0.537438 -0.063437 -1.447306 0.066733 -1.876304
  9   6.790376 -0.619176 0.015206 0.547426 0.920129 -1.324003
 10   8.637599 0.544015 -0.090417 -0.595410 0.017045 -0.274306
 11   6.790465 -0.619039 0.017802 0.512461 0.573226 -0.927729
 12   -2.022474 -0.104699 -2.873818 0.298873 1.361712 -2.901984
 13   1.167898 -0.537463 0.063297 1.325437 -0.528476 -1.110359
 14   7.002743 -0.617765 -0.183752 0.173931 -0.185947 -1.959339
 15   8.209042 0.615527 -0.255885 1.812906 0.303786 -0.074577
 16   7.002735 -0.617911 -0.183641 0.099080 -0.161233 -1.383121
 17   1.574674 0.609930 -0.000899 -0.401096 -0.010429 -0.460764
 18   -0.602177 0.511412 -0.000006 0.000000 0.000000 0.000000
 19   3.673773 0.177020 1.119313 -0.000002 -0.000014 -0.174510
 20   3.673767 0.176993 -1.117566 0.000007 -0.000003 -0.174546
 21   3.942357 1.334540 1.627658 0.000002 -0.000011 -0.000026
 22   -0.246060 -0.011889 0.516521 -0.000011 0.000031 0.000025
 23   3.942374 1.334565 -1.631083 0.000019 0.000002 -0.000024
 24   -0.246150 -0.011872 -0.516511 -0.000005 -0.000006 0.000048
 25   4.941364 1.997338 1.629330 0.000018 -0.000001 -0.000024
 26   4.941382 1.997366 -1.629410 -0.000001 0.000005 -0.000024
 27   2.914462 1.619264 1.514501 -0.000019 -0.000022 -0.000050
 28   2.916892 1.618870 -1.501142 -0.000002 -0.000009 -0.000024
 29   8.824059 0.150544 0.091743 0.000006 -0.000231 -0.174534
 30   2.111085 -0.561179 1.784320 -0.000008 -0.000682 0.000024
 31   2.121290 -0.561289 -1.853599 0.000000 0.000000 -0.000002
 32   -0.814395 -0.093824 3.127092 3.071685 -0.114787 1.239365
 33   14.298673 -0.408176 0.471578 0.000020 -0.000002 -1.896136
 34   15.835795 0.581398 0.242756 -0.214735 0.106913 -0.097869
 35   -0.815868 -0.091229 -3.114430 0.066464 3.132818 -1.010216
 36   14.294526 -0.410349 -0.467541 0.000009 -0.000036 -2.607695
 37   15.834409 0.579420 -0.284600 -0.006131 -0.035383 0.214508
 38   1.139685 -3.453749 -2.823813 0.000000 0.000000 0.000001
 39   -4.457742 -1.054854 -0.746180 0.000000 0.000000 0.000000
 40   1.118101 -3.449769 3.237290 0.000000 0.000001 0.000000
 41   -4.433840 -1.059130 0.959566 -0.000001 0.000000 0.000000
 42   -0.657468 1.697302 -2.688614 0.000000 0.000002 0.000000
 43   -0.664068 1.698578 2.869377 0.000000 0.000002 0.000000
time 38
  0   -0.967547 0.175787 -20.574476 0.000000 0.000000 -1.572114
  1   -1.093036 0.000002 -0.326057 -1.570756 -1.570425 -0.000219
  2   2.262337 0.113614 0.064702 -0.000052 0.000049 0.087866
  3   2.380047 0.353302 0.047440 0.000000 -0.000040 0.148287
  4   2.033756 0.190472 -0.000128 -0.000010 0.000024 -0.139576
  5   2.451511 0.204909 -0.003447 0.000000 -0.000005 -0.017472
  6   7.247600 -0.397300 -0.109469 0.000001 0.000009 0.418441
  7   -2.022252 -0.104661 3.136172 -0.298783 -1.361862 -2.901749
  8   1.168026 -0.537438 -0.063437 -1.447306 0.066733 -1.876304
  9   6.790376 -0.619176 0.015206 0.547426 0.920129 -1.324003
 10   8.637599 0.544015 -0.090417 -0.595410 0.017045 -0.274306
 11   6.790465 -0.619039 0.017802 0.512461 0.573226 -0.927729
 12   -2.022474 -0.104699 -2.873818 0.298873 1.361712 -2.901984
 13   1.167898 -0.537463 0.063297 1.325437 -0.528476 -1.110359
 14   7.002743 -0.617765 -0.183752 0.173931 -0.185947 -1.959339
 15   8.209042 0.615527 -0.255885 1.812906 0.303786 -0.074577
 16   7.002735 -0.617911 -0.183641 0.099080 -0.161233 -1.383121
 17   1.574674 0.609930 -0.000899 -0.401096 -0.010429 -0.460764
 18   -0.602177 0.511412 -0.000006 0.000000 0.000000 0.000000
 19   3.673773 0.177020 1.119313 -0.000002 -0.000014 -0.174510
 20   3.673767 0.176993 -1.117566 0.000007 -0.000003 -0.174546
 21   3.942357 1.334540 1.627658 0.000002 -0.000011 -0.000026
 22   -0.246060 -0.011889 0.516521 -0.000011 0.000031 0.000025
 23   3.942374 1.334565 -1.631083 0.000019 0.000002 -0.000024
 24   -0.246150 -0.011872 -0.516511 -0.000005 -0.000006 0.000048
 25   4.941364 1.997338 1.629330 0.000018 -0.000001 -0.000024
 26   4.941382 1.997366 -1.629410 -0.000001 0.000005 -0.000024
 27   2.914462 1.619264 1.514501 -0.000019 -0.000022 -0.000050
 28   2.916892 1.618870 -1.501142 -0.000002 -0.000009 -0.000024
 29   8.824059 0.150544 0.091743 0.000006 -0.000231 -0.174534
 30   2.111085 -0.561179 1.784320 -0.000008 -0.000682 0.000024
 31   2.121290 -0.561289 -1.853599 0.000000 0.000000 -0.000002
 32   -0.814395 -0.093824 3.127092 3.071685 -0.114787 1.239365
 33   14.298673 -0.408176 0.471578 0.000020 -0.000002 -1.896136
 34   15.835795 0.581398 0.242756 -0.214735 0.106913 -0.097869
 35   -0.815868 -0.091229 -3.114430 0.066464 3.132818 -1.010216
 36   14.294526 -0.410349 -0.467541 0.000009 -0.000036 -2.607695
 37   15.834409 0.579420 -0.284600 -0.006131 -0.035383 0.214508
 38   1.139685 -3.453749 -2.823813 0.000000 0.000000 0.000001
 39   -4.457742 -1.054854 -0.746180 0.000000 0.000000 0.000000
 40   1.118101 -3.449769 3.237290 0.000000 0.000001 0.000000
 41   -4.433840 -1.059130 0.959566 -0.000001 0.000000 0.000000
 42   -0.657468 1.697302 -2.688614 0.000000 0.000002 0.000000
 43   -0.664068 1.698578 2.869377 0.000000 0.000002 0.000000
time 39
  0   -0.967547 0.175787 -20.574476 0.000000 0.000000 -1.572114
  1   -1.093036 0.000002 -0.326057 -1.570756 -1.570425 -0.000219
  2   2.262337 0.113614 0.064702 -0.000052 0.000049 0.087866
  3   2.380047 0.353302 0.047440 0.000000 -0.000040 0.148287
  4   2.033756 0.190472 -0.000128 -0.000010 0.000024 -0.139576
  5   2.451511 0.204909 -0.003447 0.000000 -0.000005 -0.017472
  6   7.247600 -0.397300 -0.109469 0.000001 0.000009 0.418441
  7   -2.022252 -0.104661 3.136172 -0.298783 -1.361862 -2.901749
  8   1.168026 -0.537438 -0.063437 -1.609874 0.834026 -1.551398
  9   6.790376 -0.619176 0.015206 -0.729327 0.926736 -1.948647
 10   8.637599 0.544015 -0.090417 -1.514543 -0.020614 -0.397363
 11   6.790465 -0.619039 0.017802 -0.206847 0.780474 -1.138531
 12   -2.022474 -0.104699 -2.873818 0.298873 1.361712 -2.901984
 13   1.167898 -0.537463 0.063297 1.035394 -0.887357 -0.918101
 14   7.002743 -0.617765 -0.183752 0.173931 -0.185947 -2.168985
 15   8.209042 0.615527 -0.255885 2.560768 0.102153 -0.345857
 16   7.002735 -0.617911 -0.183641 0.094749 -0.166026 -1.529327
 17   1.574674 0.609930 -0.000899 -0.401096 -0.010429 -0.024476
 18   -0.602177 0.511412 -0.000006 0.000000 0.000000 0.000000
 19   3.673773 0.177020 1.119313 -0.000002 -0.000014 -0.174510
 20   3.673767 0.176993 -1.117566 0.000007 -0.000003 -0.174546
 21   3.942357 1.334540 1.627658 0.000002 -0.000011 -0.000026
 22   -0.246060 -0.011889 0.516521 -0.000011 0.000031 0.000025
 23   3.942374 1.334565 -1.631083 0.000019 0.000002 -0.000024
 24   -0.246150 -0.011872 -0.516511 -0.000005 -0.000006 0.000048
 25   4.941364 1.997338 1.629330 0.000018 -0.000001 -0.000024
 26   4.941382 1.997366 -1.629410 -0.000001 0.000005 -0.000024
 27   2.914462 1.619264 1.514501 -0.000019 -0.000022 -0.000050
 28   2.916892 1.618870 -1.501142 -0.000002 -0.000009 -0.000024
 29   8.824059 0.150544 0.091743 0.000006 -0.000231 -0.174534
 30   2.111085 -0.561179 1.784320 -0.000008 -0.000682 0.000024
 31   2.121290 -0.561289 -1.853599 0.000000 0.000000 -0.000002
 32   -0.814395 -0.093824 3.127092 3.071685 -0.114787 1.239365
 33   14.298673 -0.408176 0.471578 0.000020 -0.000002 -1.896136
 34   15.835795 0.581398 0.242756 -0.214735 0.106913 -0.097869
 35   -0.815868 -0.091229 -3.114430 0.066464 3.132818 -1.010216
 36   14.294526 -0.410349 -0.467541 0.000009 -0.000036 -2.607695
 37   15.834409 0.579420 -0.284600 -0.006131 -0.035383 0.214508
 38   1.139685 -3.453749 -2.823813 0.000000 0.000000 0.000001
 39   -4.457742 -1.054854 -0.746180 0.000000 0.000000 0.000000
 40   1.118101 -3.449769 3.237290 0.000000 0.000001 0.000000
 41   -4.433840 -1.059130 0.959566 -0.000001 0.000000 0.000000
 42   -0.657468 1.697302 -2.688614 0.000000 0.000002 0.000000
 43   -0.664068 1.698578 2.869377 0.000000 0.000002 0.000000
end
