version 1
nodes
  0 "Bip01" -1
  1 "Bip01 Pelvis" 0
  2 "Bip01 Spine" 1
  3 "Bip01 Spine1" 2
  4 "Bip01 Spine2" 3
  5 "Bip01 Spine3" 4
  6 "Bip01 Neck" 5
  7 "Bip01 L Arm" 6
  8 "Bip01 L Arm1" 7
  9 "Bip01 L Arm2" 8
 10 "Bip01 L Hand" 9
 11 "Bip06 L elbow2-smooth" 8
 12 "Bip01 R Arm" 6
 13 "Bip01 R Arm1" 12
 14 "Bip01 R Arm2" 13
 15 "Bip01 R Hand" 14
 16 "Bip06 R elbow2-smooth" 13
 17 "Bip01 Head" 6
 18 "Bip06 Head_helper" 17
 19 "Bip06 Head_eyes_l" 18
 20 "Bip06 Head_eyes_r" 18
 21 "Bip06 Head_blink_l" 18
 22 "Bip06 Head_blink_smooth_l1" 21
 23 "Bip06 Head_blink_r" 18
 24 "Bip06 Head_blink_smooth_r1" 23
 25 "Bip06 Head_L_eyebrow" 18
 26 "Bip06 Head_R_eyebrow" 18
 27 "Bip06 Head_blink_l_lid" 18
 28 "Bip06 Head_blink_r_lid" 18
 29 "Bip06 bunny" 18
 30 "Bip06 bunnyL" 29
 31 "Bip06 bunnyR" 29
 32 "Bip01 L Leg" 1
 33 "Bip01 L Leg1" 32
 34 "Bip01 L Foot" 33
 35 "Bip01 R Leg" 1
 36 "Bip01 R Leg1" 35
 37 "Bip01 R Foot" 36
 38 "Bip03 HairR1" 17
 39 "Bip03 HairR2" 38
 40 "Bip03 HairL1" 17
 41 "Bip03 HairL2" 40
 42 "Bip03 swingR" 17
 43 "Bip03 swingL" 17
end
skeleton
time 0
  0   -0.967547 0.175787 -20.574476 0.000000 0.000000 -1.572114
  1   -1.093036 0.000002 -0.326057 -1.569027 -1.622749 -0.001768
  2   2.262337 0.113614 0.064702 0.125527 -0.072314 -0.129093
  3   2.380047 0.353302 0.047440 0.026192 -0.035670 -0.120821
  4   2.033756 0.190472 -0.000128 -0.008733 -0.018816 -0.419765
  5   2.451511 0.204909 -0.003447 -0.279450 0.115184 -0.423353
  6   7.247600 -0.397300 -0.109469 0.056796 0.015853 0.258572
  7   -2.022252 -0.104661 3.136172 0.914971 -1.325828 -4.320355
  8   1.168026 -0.537438 -0.063437 -0.398686 0.631460 -0.758998
  9   6.790376 -0.619176 0.015206 0.106862 -0.059417 -1.179633
 10   8.637599 0.544015 -0.090417 -3.109398 -0.055739 0.573859
 11   6.790465 -0.619039 0.017802 0.069758 -0.066626 -0.840640
 12   -2.022474 -0.104699 -2.873818 -1.710297 1.469159 -5.017766
 13   1.167898 -0.537463 0.063297 -0.324768 -0.362690 -0.722876
 14   7.002743 -0.617765 -0.183752 -0.125933 0.036422 -2.089780
 15   8.209042 0.615527 -0.255885 3.042518 0.208757 1.005609
 16   7.002735 -0.617911 -0.183641 -0.071335 0.067365 -1.481309
 17   1.574674 0.609930 -0.000899 0.271554 -0.178464 0.379027
 18   -0.602177 0.511412 -0.000006 0.000000 0.000000 0.000000
 19   3.673773 0.177020 1.119313 -0.000002 -0.000014 -0.174510
 20   3.673767 0.176993 -1.117566 0.000007 -0.000003 -0.174546
 21   3.942357 1.334540 1.627658 0.000002 -0.000011 -0.000026
 22   -0.246060 -0.011889 0.516521 -0.000011 0.000031 0.000025
 23   3.942374 1.334565 -1.631083 0.000019 0.000002 -0.000024
 24   -0.246150 -0.011872 -0.516511 -0.000005 -0.000006 0.000048
 25   4.941364 1.997338 1.629330 0.000018 -0.000001 -0.000024
 26   4.941382 1.997366 -1.629410 -0.000001 0.000005 -0.000024
 27   2.914462 1.619264 1.514501 -0.000019 -0.000022 -0.000050
 28   2.916892 1.618870 -1.501142 -0.000002 -0.000009 -0.000024
 29   8.824059 0.150544 0.091743 0.000006 -0.000231 -0.174534
 30   2.111085 -0.561179 1.784320 -0.000008 -0.000682 0.000024
 31   2.121290 -0.561289 -1.853599 0.000000 0.000000 -0.000002
 32   -0.814395 -0.093824 3.127092 3.071965 -0.114691 1.239365
 33   14.298673 -0.408176 0.471578 0.000248 0.000063 -1.896136
 34   15.835795 0.581398 0.242756 -0.214735 0.106913 -0.097869
 35   -0.815868 -0.091229 -3.114430 0.066464 3.132818 -1.010216
 36   14.294526 -0.410349 -0.467541 0.000021 -0.000012 -2.607695
 37   15.834409 0.579420 -0.284600 -0.006092 -0.035255 0.214508
 38   1.139685 -3.453749 -2.823813 0.000000 0.000000 0.000001
 39   -4.457742 -1.054854 -0.746180 0.000000 0.000000 0.000000
 40   1.118101 -3.449769 3.237290 0.000000 0.000001 0.000000
 41   -4.433840 -1.059130 0.959566 -0.000001 0.000000 0.000000
 42   -0.657468 1.697302 -2.688614 0.000000 0.000002 0.000000
 43   -0.664068 1.698578 2.869377 0.000000 0.000002 0.000000
time 1
  0   -0.967547 0.175787 -20.574476 0.000000 0.000000 -1.572114
  1   -1.093036 0.000002 -0.326057 -1.569027 -1.622749 -0.001768
  2   2.262337 0.113614 0.064702 0.127934 -0.073908 -0.128045
  3   2.380047 0.353302 0.047440 0.027557 -0.036917 -0.122086
  4   2.033756 0.190472 -0.000128 -0.008033 -0.018816 -0.422266
  5   2.451511 0.204909 -0.003447 -0.280768 0.120093 -0.426770
  6   7.247600 -0.397300 -0.109469 0.056796 0.015853 0.258572
  7   -2.022252 -0.104661 3.136172 0.969610 -1.328913 -4.371258
  8   1.168026 -0.537438 -0.063437 -0.383498 0.611939 -0.753874
  9   6.790376 -0.619176 0.015206 0.106474 -0.059150 -1.174124
 10   8.637599 0.544015 -0.090417 -3.075933 -0.094172 0.485237
 11   6.790465 -0.619039 0.017802 0.069496 -0.066313 -0.836661
 12   -2.022474 -0.104699 -2.873818 -1.625603 1.483265 -4.937248
 13   1.167898 -0.537463 0.063297 -0.299110 -0.400882 -0.724208
 14   7.002743 -0.617765 -0.183752 -0.125933 0.036422 -2.089945
 15   8.209042 0.615527 -0.255885 3.002468 0.229110 0.988109
 16   7.002735 -0.617911 -0.183641 -0.071382 0.067365 -1.481475
 17   1.574674 0.609930 -0.000899 0.272935 -0.188688 0.364945
 18   -0.602177 0.511412 -0.000006 0.000000 0.000000 0.000000
 19   3.673773 0.177020 1.119313 -0.000002 -0.000014 -0.174510
 20   3.673767 0.176993 -1.117566 0.000007 -0.000003 -0.174546
 21   3.942357 1.334540 1.627658 0.000002 -0.000011 -0.000026
 22   -0.246060 -0.011889 0.516521 -0.000011 0.000031 0.000025
 23   3.942374 1.334565 -1.631083 0.000019 0.000002 -0.000024
 24   -0.246150 -0.011872 -0.516511 -0.000005 -0.000006 0.000048
 25   4.941364 1.997338 1.629330 0.000018 -0.000001 -0.000024
 26   4.941382 1.997366 -1.629410 -0.000001 0.000005 -0.000024
 27   2.914462 1.619264 1.514501 -0.000019 -0.000022 -0.000050
 28   2.916892 1.618870 -1.501142 -0.000002 -0.000009 -0.000024
 29   8.824059 0.150544 0.091743 0.000006 -0.000231 -0.174534
 30   2.111085 -0.561179 1.784320 -0.000008 -0.000682 0.000024
 31   2.121290 -0.561289 -1.853599 0.000000 0.000000 -0.000002
 32   -0.814395 -0.093824 3.127092 3.071965 -0.114691 1.239365
 33   14.298673 -0.408176 0.471578 0.000248 0.000063 -1.896136
 34   15.835795 0.581398 0.242756 -0.214735 0.106913 -0.097869
 35   -0.815868 -0.091229 -3.114430 0.066464 3.132818 -1.010216
 36   14.294526 -0.410349 -0.467541 0.000021 -0.000012 -2.607695
 37   15.834409 0.579420 -0.284600 -0.006092 -0.035255 0.214508
 38   1.139685 -3.453749 -2.823813 0.000000 0.000000 0.000001
 39   -4.457742 -1.054854 -0.746180 0.000000 0.000000 0.000000
 40   1.118101 -3.449769 3.237290 0.000000 0.000001 0.000000
 41   -4.433840 -1.059130 0.959566 -0.000001 0.000000 0.000000
 42   -0.657468 1.697302 -2.688614 0.000000 0.000002 0.000000
 43   -0.664068 1.698578 2.869377 0.000000 0.000002 0.000000
time 2
  0   -0.967547 0.175787 -20.574476 0.000000 0.000000 -1.572114
  1   -1.093036 0.000002 -0.326057 -1.569027 -1.622749 -0.001768
  2   2.262337 0.113614 0.064702 0.130940 -0.074891 -0.128352
  3   2.380047 0.353302 0.047440 0.029282 -0.037624 -0.123596
  4   2.033756 0.190472 -0.000128 -0.007313 -0.019031 -0.424187
  5   2.451511 0.204909 -0.003447 -0.281675 0.124075 -0.429371
  6   7.247600 -0.397300 -0.109469 0.056796 0.015853 0.258572
  7   -2.022252 -0.104661 3.136172 1.027220 -1.328711 -4.424603
  8   1.168026 -0.537438 -0.063437 -0.362616 0.584215 -0.738881
  9   6.790376 -0.619176 0.015206 0.107695 -0.060017 -1.193519
 10   8.637599 0.544015 -0.090417 -2.993328 -0.177796 0.408552
 11   6.790465 -0.619039 0.017802 0.070342 -0.067365 -0.850272
 12   -2.022474 -0.104699 -2.873818 -1.469630 1.492262 -4.783775
 13   1.167898 -0.537463 0.063297 -0.271273 -0.438667 -0.723663
 14   7.002743 -0.617765 -0.183752 -0.125933 0.036422 -2.089945
 15   8.209042 0.615527 -0.255885 2.961052 0.247798 0.968865
 16   7.002735 -0.617911 -0.183641 -0.071382 0.067365 -1.481475
 17   1.574674 0.609930 -0.000899 0.273707 -0.200687 0.352046
 18   -0.602177 0.511412 -0.000006 0.000000 0.000000 0.000000
 19   3.673773 0.177020 1.119313 -0.000002 -0.000014 -0.174510
 20   3.673767 0.176993 -1.117566 0.000007 -0.000003 -0.174546
 21   3.942357 1.334540 1.627658 0.000002 -0.000011 -0.000026
 22   -0.246060 -0.011889 0.516521 -0.000011 0.000031 0.000025
 23   3.942374 1.334565 -1.631083 0.000019 0.000002 -0.000024
 24   -0.246150 -0.011872 -0.516511 -0.000005 -0.000006 0.000048
 25   4.941364 1.997338 1.629330 0.000018 -0.000001 -0.000024
 26   4.941382 1.997366 -1.629410 -0.000001 0.000005 -0.000024
 27   2.914462 1.619264 1.514501 -0.000019 -0.000022 -0.000050
 28   2.916892 1.618870 -1.501142 -0.000002 -0.000009 -0.000024
 29   8.824059 0.150544 0.091743 0.000006 -0.000231 -0.174534
 30   2.111085 -0.561179 1.784320 -0.000008 -0.000682 0.000024
 31   2.121290 -0.561289 -1.853599 0.000000 0.000000 -0.000002
 32   -0.814395 -0.093824 3.127092 3.071965 -0.114691 1.239365
 33   14.298673 -0.408176 0.471578 0.000248 0.000063 -1.896136
 34   15.835795 0.581398 0.242756 -0.214735 0.106913 -0.097869
 35   -0.815868 -0.091229 -3.114430 0.066464 3.132818 -1.010216
 36   14.294526 -0.410349 -0.467541 0.000021 -0.000012 -2.607695
 37   15.834409 0.579420 -0.284600 -0.006092 -0.035255 0.214508
 38   1.139685 -3.453749 -2.823813 0.000000 0.000000 0.000001
 39   -4.457742 -1.054854 -0.746180 0.000000 0.000000 0.000000
 40   1.118101 -3.449769 3.237290 0.000000 0.000001 0.000000
 41   -4.433840 -1.059130 0.959566 -0.000001 0.000000 0.000000
 42   -0.657468 1.697302 -2.688614 0.000000 0.000002 0.000000
 43   -0.664068 1.698578 2.869377 0.000000 0.000002 0.000000
time 3
  0   -0.967547 0.175787 -20.574476 0.000000 0.000000 -1.572114
  1   -1.093036 0.000002 -0.326057 -1.569027 -1.622749 -0.001768
  2   2.262337 0.113614 0.064702 0.133870 -0.074531 -0.129689
  3   2.380047 0.353302 0.047440 0.031097 -0.037432 -0.124841
  4   2.033756 0.190472 -0.000128 -0.006723 -0.018936 -0.425021
  5   2.451511 0.204909 -0.003447 -0.281675 0.125994 -0.430460
  6   7.247600 -0.397300 -0.109469 0.056796 0.015853 0.258572
  7   -2.022252 -0.104661 3.136172 1.064797 -1.326837 -4.456534
  8   1.168026 -0.537438 -0.063437 -0.335089 0.569675 -0.694915
  9   6.790376 -0.619176 0.015206 0.112632 -0.062954 -1.261666
 10   8.637599 0.544015 -0.090417 -2.779771 -0.272471 0.327526
 11   6.790465 -0.619039 0.017802 0.073320 -0.070975 -0.897911
 12   -2.022474 -0.104699 -2.873818 -1.272938 1.493104 -4.587027
 13   1.167898 -0.537463 0.063297 -0.244841 -0.470451 -0.724571
 14   7.002743 -0.617765 -0.183752 -0.125876 0.036422 -2.088955
 15   8.209042 0.615527 -0.255885 2.936101 0.268377 0.954432
 16   7.002735 -0.617911 -0.183641 -0.071288 0.067308 -1.480757
 17   1.574674 0.609930 -0.000899 0.273788 -0.215242 0.343693
 18   -0.602177 0.511412 -0.000006 0.000000 0.000000 0.000000
 19   3.673773 0.177020 1.119313 -0.000002 -0.000014 -0.174510
 20   3.673767 0.176993 -1.117566 0.000007 -0.000003 -0.174546
 21   3.942357 1.334540 1.627658 0.000002 -0.000011 -0.000026
 22   -0.246060 -0.011889 0.516521 -0.000011 0.000031 0.000025
 23   3.942374 1.334565 -1.631083 0.000019 0.000002 -0.000024
 24   -0.246150 -0.011872 -0.516511 -0.000005 -0.000006 0.000048
 25   4.941364 1.997338 1.629330 0.000018 -0.000001 -0.000024
 26   4.941382 1.997366 -1.629410 -0.000001 0.000005 -0.000024
 27   2.914462 1.619264 1.514501 -0.000019 -0.000022 -0.000050
 28   2.916892 1.618870 -1.501142 -0.000002 -0.000009 -0.000024
 29   8.824059 0.150544 0.091743 0.000006 -0.000231 -0.174534
 30   2.111085 -0.561179 1.784320 -0.000008 -0.000682 0.000024
 31   2.121290 -0.561289 -1.853599 0.000000 0.000000 -0.000002
 32   -0.814395 -0.093824 3.127092 3.071965 -0.114691 1.239365
 33   14.298673 -0.408176 0.471578 0.000248 0.000063 -1.896136
 34   15.835795 0.581398 0.242756 -0.214735 0.106913 -0.097869
 35   -0.815868 -0.091229 -3.114430 0.066464 3.132818 -1.010216
 36   14.294526 -0.410349 -0.467541 0.000021 -0.000012 -2.607695
 37   15.834409 0.579420 -0.284600 -0.006092 -0.035255 0.214508
 38   1.139685 -3.453749 -2.823813 0.000000 0.000000 0.000001
 39   -4.457742 -1.054854 -0.746180 0.000000 0.000000 0.000000
 40   1.118101 -3.449769 3.237290 0.000000 0.000001 0.000000
 41   -4.433840 -1.059130 0.959566 -0.000001 0.000000 0.000000
 42   -0.657468 1.697302 -2.688614 0.000000 0.000002 0.000000
 43   -0.664068 1.698578 2.869377 0.000000 0.000002 0.000000
time 4
  0   -0.967547 0.175787 -20.574476 0.000000 0.000000 -1.572114
  1   -1.093036 0.000002 -0.326057 -1.569027 -1.622749 -0.001768
  2   2.262337 0.113614 0.064702 0.136048 -0.073752 -0.130737
  3   2.380047 0.353302 0.047440 0.032657 -0.036509 -0.125800
  4   2.033756 0.190472 -0.000128 -0.006225 -0.018624 -0.425202
  5   2.451511 0.204909 -0.003447 -0.281538 0.127130 -0.430980
  6   7.247600 -0.397300 -0.109469 0.056796 0.015853 0.258572
  7   -2.022252 -0.104661 3.136172 1.061346 -1.330037 -4.445264
  8   1.168026 -0.537438 -0.063437 -0.265164 0.574303 -0.628302
  9   6.790376 -0.619176 0.015206 0.121620 -0.067159 -1.382565
 10   8.637599 0.544015 -0.090417 -2.459039 -0.466045 0.273775
 11   6.790465 -0.619039 0.017802 0.078984 -0.077086 -0.982463
 12   -2.022474 -0.104699 -2.873818 -1.111311 1.490434 -4.425225
 13   1.167898 -0.537463 0.063297 -0.220589 -0.498014 -0.726569
 14   7.002743 -0.617765 -0.183752 -0.125876 0.036422 -2.088625
 15   8.209042 0.615527 -0.255885 2.915897 0.286384 0.944089
 16   7.002735 -0.617911 -0.183641 -0.071288 0.067308 -1.480426
 17   1.574674 0.609930 -0.000899 0.275291 -0.231194 0.337816
 18   -0.602177 0.511412 -0.000006 0.000000 0.000000 0.000000
 19   3.673773 0.177020 1.119313 -0.000002 -0.000014 -0.174510
 20   3.673767 0.176993 -1.117566 0.000007 -0.000003 -0.174546
 21   3.942357 1.334540 1.627658 0.000002 -0.000011 -0.000026
 22   -0.246060 -0.011889 0.516521 -0.000011 0.000031 0.000025
 23   3.942374 1.334565 -1.631083 0.000019 0.000002 -0.000024
 24   -0.246150 -0.011872 -0.516511 -0.000005 -0.000006 0.000048
 25   4.941364 1.997338 1.629330 0.000018 -0.000001 -0.000024
 26   4.941382 1.997366 -1.629410 -0.000001 0.000005 -0.000024
 27   2.914462 1.619264 1.514501 -0.000019 -0.000022 -0.000050
 28   2.916892 1.618870 -1.501142 -0.000002 -0.000009 -0.000024
 29   8.824059 0.150544 0.091743 0.000006 -0.000231 -0.174534
 30   2.111085 -0.561179 1.784320 -0.000008 -0.000682 0.000024
 31   2.121290 -0.561289 -1.853599 0.000000 0.000000 -0.000002
 32   -0.814395 -0.093824 3.127092 3.071965 -0.114691 1.239365
 33   14.298673 -0.408176 0.471578 0.000248 0.000063 -1.896136
 34   15.835795 0.581398 0.242756 -0.214735 0.106913 -0.097869
 35   -0.815868 -0.091229 -3.114430 0.066464 3.132818 -1.010216
 36   14.294526 -0.410349 -0.467541 0.000021 -0.000012 -2.607695
 37   15.834409 0.579420 -0.284600 -0.006092 -0.035255 0.214508
 38   1.139685 -3.453749 -2.823813 0.000000 0.000000 0.000001
 39   -4.457742 -1.054854 -0.746180 0.000000 0.000000 0.000000
 40   1.118101 -3.449769 3.237290 0.000000 0.000001 0.000000
 41   -4.433840 -1.059130 0.959566 -0.000001 0.000000 0.000000
 42   -0.657468 1.697302 -2.688614 0.000000 0.000002 0.000000
 43   -0.664068 1.698578 2.869377 0.000000 0.000002 0.000000
time 5
  0   -0.967547 0.175787 -20.574476 0.000000 0.000000 -1.572114
  1   -1.093036 0.000002 -0.326057 -1.569027 -1.622749 -0.001768
  2   2.262337 0.113614 0.064702 0.137220 -0.072446 -0.131406
  3   2.380047 0.353302 0.047440 0.033587 -0.035335 -0.126453
  4   2.033756 0.190472 -0.000128 -0.006059 -0.016323 -0.425492
  5   2.451511 0.204909 -0.003447 -0.280922 0.125629 -0.430758
  6   7.247600 -0.397300 -0.109469 0.056796 0.015853 0.258572
  7   -2.022252 -0.104661 3.136172 1.020510 -1.333554 -4.397085
  8   1.168026 -0.537438 -0.063437 -0.187392 0.595586 -0.570988
  9   6.790376 -0.619176 0.015206 0.130996 -0.070362 -1.502936
 10   8.637599 0.544015 -0.090417 -2.206205 -0.634489 0.299819
 11   6.790465 -0.619039 0.017802 0.085116 -0.082743 -1.066668
 12   -2.022474 -0.104699 -2.873818 -1.014833 1.487270 -4.329388
 13   1.167898 -0.537463 0.063297 -0.198938 -0.520950 -0.728869
 14   7.002743 -0.617765 -0.183752 -0.125762 0.036422 -2.087635
 15   8.209042 0.615527 -0.255885 2.886560 0.302424 0.930798
 16   7.002735 -0.617911 -0.183641 -0.071194 0.067308 -1.479764
 17   1.574674 0.609930 -0.000899 0.279922 -0.246908 0.334489
 18   -0.602177 0.511412 -0.000006 0.000000 0.000000 0.000000
 19   3.673773 0.177020 1.119313 -0.000002 -0.000014 -0.174510
 20   3.673767 0.176993 -1.117566 0.000007 -0.000003 -0.174546
 21   3.942357 1.334540 1.627658 0.000002 -0.000011 -0.000026
 22   -0.246060 -0.011889 0.516521 -0.000011 0.000031 0.000025
 23   3.942374 1.334565 -1.631083 0.000019 0.000002 -0.000024
 24   -0.246150 -0.011872 -0.516511 -0.000005 -0.000006 0.000048
 25   4.941364 1.997338 1.629330 0.000018 -0.000001 -0.000024
 26   4.941382 1.997366 -1.629410 -0.000001 0.000005 -0.000024
 27   2.914462 1.619264 1.514501 -0.000019 -0.000022 -0.000050
 28   2.916892 1.618870 -1.501142 -0.000002 -0.000009 -0.000024
 29   8.824059 0.150544 0.091743 0.000006 -0.000231 -0.174534
 30   2.111085 -0.561179 1.784320 -0.000008 -0.000682 0.000024
 31   2.121290 -0.561289 -1.853599 0.000000 0.000000 -0.000002
 32   -0.814395 -0.093824 3.127092 3.071965 -0.114691 1.239365
 33   14.298673 -0.408176 0.471578 0.000248 0.000063 -1.896136
 34   15.835795 0.581398 0.242756 -0.214735 0.106913 -0.097869
 35   -0.815868 -0.091229 -3.114430 0.066464 3.132818 -1.010216
 36   14.294526 -0.410349 -0.467541 0.000021 -0.000012 -2.607695
 37   15.834409 0.579420 -0.284600 -0.006092 -0.035255 0.214508
 38   1.139685 -3.453749 -2.823813 0.000000 0.000000 0.000001
 39   -4.457742 -1.054854 -0.746180 0.000000 0.000000 0.000000
 40   1.118101 -3.449769 3.237290 0.000000 0.000001 0.000000
 41   -4.433840 -1.059130 0.959566 -0.000001 0.000000 0.000000
 42   -0.657468 1.697302 -2.688614 0.000000 0.000002 0.000000
 43   -0.664068 1.698578 2.869377 0.000000 0.000002 0.000000
time 6
  0   -0.967547 0.175787 -20.574476 0.000000 0.000000 -1.572114
  1   -1.093036 0.000002 -0.326057 -1.569027 -1.622749 -0.001768
  2   2.262337 0.113614 0.064702 0.136392 -0.071152 -0.132002
  3   2.380047 0.353302 0.047440 0.033527 -0.033729 -0.126759
  4   2.033756 0.190472 -0.000128 -0.006446 -0.010834 -0.425746
  5   2.451511 0.204909 -0.003447 -0.279433 0.120890 -0.429519
  6   7.247600 -0.397300 -0.109469 0.056796 0.015853 0.258572
  7   -2.022252 -0.104661 3.136172 0.992136 -1.340184 -4.368159
  8   1.168026 -0.537438 -0.063437 -0.158916 0.655159 -0.551061
  9   6.790376 -0.619176 0.015206 0.136877 -0.071697 -1.576668
 10   8.637599 0.544015 -0.090417 -2.017394 -0.694532 0.237892
 11   6.790465 -0.619039 0.017802 0.089086 -0.086012 -1.118229
 12   -2.022474 -0.104699 -2.873818 -1.047983 1.487996 -4.365865
 13   1.167898 -0.537463 0.063297 -0.179185 -0.540478 -0.734983
 14   7.002743 -0.617765 -0.183752 -0.125705 0.036422 -2.087140
 15   8.209042 0.615527 -0.255885 2.867506 0.315740 0.924063
 16   7.002735 -0.617911 -0.183641 -0.071147 0.067252 -1.479378
 17   1.574674 0.609930 -0.000899 0.286868 -0.262860 0.333381
 18   -0.602177 0.511412 -0.000006 0.000000 0.000000 0.000000
 19   3.673773 0.177020 1.119313 -0.000002 -0.000014 -0.174510
 20   3.673767 0.176993 -1.117566 0.000007 -0.000003 -0.174546
 21   3.942357 1.334540 1.627658 0.000002 -0.000011 -0.000026
 22   -0.246060 -0.011889 0.516521 -0.000011 0.000031 0.000025
 23   3.942374 1.334565 -1.631083 0.000019 0.000002 -0.000024
 24   -0.246150 -0.011872 -0.516511 -0.000005 -0.000006 0.000048
 25   4.941364 1.997338 1.629330 0.000018 -0.000001 -0.000024
 26   4.941382 1.997366 -1.629410 -0.000001 0.000005 -0.000024
 27   2.914462 1.619264 1.514501 -0.000019 -0.000022 -0.000050
 28   2.916892 1.618870 -1.501142 -0.000002 -0.000009 -0.000024
 29   8.824059 0.150544 0.091743 0.000006 -0.000231 -0.174534
 30   2.111085 -0.561179 1.784320 -0.000008 -0.000682 0.000024
 31   2.121290 -0.561289 -1.853599 0.000000 0.000000 -0.000002
 32   -0.814395 -0.093824 3.127092 3.071965 -0.114691 1.239365
 33   14.298673 -0.408176 0.471578 0.000248 0.000063 -1.896136
 34   15.835795 0.581398 0.242756 -0.214735 0.106913 -0.097869
 35   -0.815868 -0.091229 -3.114430 0.066464 3.132818 -1.010216
 36   14.294526 -0.410349 -0.467541 0.000021 -0.000012 -2.607695
 37   15.834409 0.579420 -0.284600 -0.006092 -0.035255 0.214508
 38   1.139685 -3.453749 -2.823813 0.000000 0.000000 0.000001
 39   -4.457742 -1.054854 -0.746180 0.000000 0.000000 0.000000
 40   1.118101 -3.449769 3.237290 0.000000 0.000001 0.000000
 41   -4.433840 -1.059130 0.959566 -0.000001 0.000000 0.000000
 42   -0.657468 1.697302 -2.688614 0.000000 0.000002 0.000000
 43   -0.664068 1.698578 2.869377 0.000000 0.000002 0.000000
time 7
  0   -0.967547 0.175787 -20.574476 0.000000 0.000000 -1.572114
  1   -1.093036 0.000002 -0.326057 -1.569027 -1.622749 -0.001768
  2   2.262337 0.113614 0.064702 0.133144 -0.069821 -0.131297
  3   2.380047 0.353302 0.047440 0.031907 -0.032147 -0.126718
  4   2.033756 0.190472 -0.000128 -0.007147 -0.007874 -0.426362
  5   2.451511 0.204909 -0.003447 -0.279313 0.118762 -0.429197
  6   7.247600 -0.397300 -0.109469 0.056796 0.015853 0.258572
  7   -2.022252 -0.104661 3.136172 0.920051 -1.341366 -4.294998
  8   1.168026 -0.537438 -0.063437 -0.178533 0.708190 -0.571494
  9   6.790376 -0.619176 0.015206 0.138541 -0.072031 -1.597723
 10   8.637599 0.544015 -0.090417 -1.850687 -0.712059 0.092552
 11   6.790465 -0.619039 0.017802 0.090196 -0.086893 -1.132994
 12   -2.022474 -0.104699 -2.873818 -1.016270 1.489476 -4.334654
 13   1.167898 -0.537463 0.063297 -0.166602 -0.546326 -0.742005
 14   7.002743 -0.617765 -0.183752 -0.125762 0.036422 -2.087305
 15   8.209042 0.615527 -0.255885 2.847086 0.322927 0.915102
 16   7.002735 -0.617911 -0.183641 -0.071194 0.067308 -1.479598
 17   1.574674 0.609930 -0.000899 0.295074 -0.279545 0.338185
 18   -0.602177 0.511412 -0.000006 0.000000 0.000000 0.000000
 19   3.673773 0.177020 1.119313 -0.000002 -0.000014 -0.174510
 20   3.673767 0.176993 -1.117566 0.000007 -0.000003 -0.174546
 21   3.942357 1.334540 1.627658 0.000002 -0.000011 -0.000026
 22   -0.246060 -0.011889 0.516521 -0.000011 0.000031 0.000025
 23   3.942374 1.334565 -1.631083 0.000019 0.000002 -0.000024
 24   -0.246150 -0.011872 -0.516511 -0.000005 -0.000006 0.000048
 25   4.941364 1.997338 1.629330 0.000018 -0.000001 -0.000024
 26   4.941382 1.997366 -1.629410 -0.000001 0.000005 -0.000024
 27   2.914462 1.619264 1.514501 -0.000019 -0.000022 -0.000050
 28   2.916892 1.618870 -1.501142 -0.000002 -0.000009 -0.000024
 29   8.824059 0.150544 0.091743 0.000006 -0.000231 -0.174534
 30   2.111085 -0.561179 1.784320 -0.000008 -0.000682 0.000024
 31   2.121290 -0.561289 -1.853599 0.000000 0.000000 -0.000002
 32   -0.814395 -0.093824 3.127092 3.071965 -0.114691 1.239365
 33   14.298673 -0.408176 0.471578 0.000248 0.000063 -1.896136
 34   15.835795 0.581398 0.242756 -0.214735 0.106913 -0.097869
 35   -0.815868 -0.091229 -3.114430 0.066464 3.132818 -1.010216
 36   14.294526 -0.410349 -0.467541 0.000021 -0.000012 -2.607695
 37   15.834409 0.579420 -0.284600 -0.006092 -0.035255 0.214508
 38   1.139685 -3.453749 -2.823813 0.000000 0.000000 0.000001
 39   -4.457742 -1.054854 -0.746180 0.000000 0.000000 0.000000
 40   1.118101 -3.449769 3.237290 0.000000 0.000001 0.000000
 41   -4.433840 -1.059130 0.959566 -0.000001 0.000000 0.000000
 42   -0.657468 1.697302 -2.688614 0.000000 0.000002 0.000000
 43   -0.664068 1.698578 2.869377 0.000000 0.000002 0.000000
time 8
  0   -0.967547 0.175787 -20.574476 0.000000 0.000000 -1.572114
  1   -1.093036 0.000002 -0.326057 -1.569027 -1.622749 -0.001768
  2   2.262337 0.113614 0.064702 0.129985 -0.069007 -0.129635
  3   2.380047 0.353302 0.047440 0.029492 -0.031020 -0.126168
  4   2.033756 0.190472 -0.000128 -0.008106 -0.006831 -0.427087
  5   2.451511 0.204909 -0.003447 -0.280357 0.119323 -0.430114
  6   7.247600 -0.397300 -0.109469 0.056796 0.015853 0.258572
  7   -2.022252 -0.104661 3.136172 0.866371 -1.336235 -4.239775
  8   1.168026 -0.537438 -0.063437 -0.230233 0.718555 -0.608565
  9   6.790376 -0.619176 0.015206 0.137709 -0.071830 -1.586554
 10   8.637599 0.544015 -0.090417 -1.805950 -0.623649 0.004799
 11   6.790465 -0.619039 0.017802 0.089612 -0.086438 -1.125266
 12   -2.022474 -0.104699 -2.873818 -0.993277 1.495135 -4.310527
 13   1.167898 -0.537463 0.063297 -0.156268 -0.546377 -0.746182
 14   7.002743 -0.617765 -0.183752 -0.126218 0.036309 -2.092833
 15   8.209042 0.615527 -0.255885 2.821344 0.321566 0.905360
 16   7.002735 -0.617911 -0.183641 -0.071570 0.067477 -1.483462
 17   1.574674 0.609930 -0.000899 0.303929 -0.296088 0.348756
 18   -0.602177 0.511412 -0.000006 0.000000 0.000000 0.000000
 19   3.673773 0.177020 1.119313 -0.000002 -0.000014 -0.174510
 20   3.673767 0.176993 -1.117566 0.000007 -0.000003 -0.174546
 21   3.942357 1.334540 1.627658 0.000002 -0.000011 -0.000026
 22   -0.246060 -0.011889 0.516521 -0.000011 0.000031 0.000025
 23   3.942374 1.334565 -1.631083 0.000019 0.000002 -0.000024
 24   -0.246150 -0.011872 -0.516511 -0.000005 -0.000006 0.000048
 25   4.941364 1.997338 1.629330 0.000018 -0.000001 -0.000024
 26   4.941382 1.997366 -1.629410 -0.000001 0.000005 -0.000024
 27   2.914462 1.619264 1.514501 -0.000019 -0.000022 -0.000050
 28   2.916892 1.618870 -1.501142 -0.000002 -0.000009 -0.000024
 29   8.824059 0.150544 0.091743 0.000006 -0.000231 -0.174534
 30   2.111085 -0.561179 1.784320 -0.000008 -0.000682 0.000024
 31   2.121290 -0.561289 -1.853599 0.000000 0.000000 -0.000002
 32   -0.814395 -0.093824 3.127092 3.071965 -0.114691 1.239365
 33   14.298673 -0.408176 0.471578 0.000248 0.000063 -1.896136
 34   15.835795 0.581398 0.242756 -0.214735 0.106913 -0.097869
 35   -0.815868 -0.091229 -3.114430 0.066464 3.132818 -1.010216
 36   14.294526 -0.410349 -0.467541 0.000021 -0.000012 -2.607695
 37   15.834409 0.579420 -0.284600 -0.006092 -0.035255 0.214508
 38   1.139685 -3.453749 -2.823813 0.000000 0.000000 0.000001
 39   -4.457742 -1.054854 -0.746180 0.000000 0.000000 0.000000
 40   1.118101 -3.449769 3.237290 0.000000 0.000001 0.000000
 41   -4.433840 -1.059130 0.959566 -0.000001 0.000000 0.000000
 42   -0.657468 1.697302 -2.688614 0.000000 0.000002 0.000000
 43   -0.664068 1.698578 2.869377 0.000000 0.000002 0.000000
time 9
  0   -0.967547 0.175787 -20.574476 0.000000 0.000000 -1.572114
  1   -1.093036 0.000002 -0.326057 -1.569027 -1.622749 -0.001768
  2   2.262337 0.113614 0.064702 0.124355 -0.068060 -0.127231
  3   2.380047 0.353302 0.047440 0.026132 -0.030876 -0.125106
  4   2.033756 0.190472 -0.000128 -0.009158 -0.006795 -0.427848
  5   2.451511 0.204909 -0.003447 -0.282702 0.123540 -0.432045
  6   7.247600 -0.397300 -0.109469 0.056796 0.015853 0.258572
  7   -2.022252 -0.104661 3.136172 0.855730 -1.330412 -4.234891
  8   1.168026 -0.537438 -0.063437 -0.249154 0.694555 -0.637791
  9   6.790376 -0.619176 0.015206 0.135823 -0.071497 -1.564593
 10   8.637599 0.544015 -0.090417 -1.841352 -0.565929 -0.028624
 11   6.790465 -0.619039 0.017802 0.088386 -0.085471 -1.109751
 12   -2.022474 -0.104699 -2.873818 -0.991648 1.506542 -4.310527
 13   1.167898 -0.537463 0.063297 -0.148746 -0.545258 -0.753325
 14   7.002743 -0.617765 -0.183752 -0.126559 0.036309 -2.096298
 15   8.209042 0.615527 -0.255885 2.792080 0.330115 0.902233
 16   7.002735 -0.617911 -0.183641 -0.071806 0.067590 -1.485835
 17   1.574674 0.609930 -0.000899 0.311485 -0.316607 0.366645
 18   -0.602177 0.511412 -0.000006 0.000000 0.000000 0.000000
 19   3.673773 0.177020 1.119313 -0.000002 -0.000014 -0.174510
 20   3.673767 0.176993 -1.117566 0.000007 -0.000003 -0.174546
 21   3.942357 1.334540 1.627658 0.000002 -0.000011 -0.000026
 22   -0.246060 -0.011889 0.516521 -0.000011 0.000031 0.000025
 23   3.942374 1.334565 -1.631083 0.000019 0.000002 -0.000024
 24   -0.246150 -0.011872 -0.516511 -0.000005 -0.000006 0.000048
 25   4.941364 1.997338 1.629330 0.000018 -0.000001 -0.000024
 26   4.941382 1.997366 -1.629410 -0.000001 0.000005 -0.000024
 27   2.914462 1.619264 1.514501 -0.000019 -0.000022 -0.000050
 28   2.916892 1.618870 -1.501142 -0.000002 -0.000009 -0.000024
 29   8.824059 0.150544 0.091743 0.000006 -0.000231 -0.174534
 30   2.111085 -0.561179 1.784320 -0.000008 -0.000682 0.000024
 31   2.121290 -0.561289 -1.853599 0.000000 0.000000 -0.000002
 32   -0.814395 -0.093824 3.127092 3.071965 -0.114691 1.239365
 33   14.298673 -0.408176 0.471578 0.000248 0.000063 -1.896136
 34   15.835795 0.581398 0.242756 -0.214735 0.106913 -0.097869
 35   -0.815868 -0.091229 -3.114430 0.066464 3.132818 -1.010216
 36   14.294526 -0.410349 -0.467541 0.000021 -0.000012 -2.607695
 37   15.834409 0.579420 -0.284600 -0.006092 -0.035255 0.214508
 38   1.139685 -3.453749 -2.823813 0.000000 0.000000 0.000001
 39   -4.457742 -1.054854 -0.746180 0.000000 0.000000 0.000000
 40   1.118101 -3.449769 3.237290 0.000000 0.000001 0.000000
 41   -4.433840 -1.059130 0.959566 -0.000001 0.000000 0.000000
 42   -0.657468 1.697302 -2.688614 0.000000 0.000002 0.000000
 43   -0.664068 1.698578 2.869377 0.000000 0.000002 0.000000
time 10
  0   -0.967547 0.175787 -20.574476 0.000000 0.000000 -1.572114
  1   -1.093036 0.000002 -0.326057 -1.569027 -1.622749 -0.001768
  2   2.262337 0.113614 0.064702 0.117706 -0.066741 -0.126021
  3   2.380047 0.353302 0.047440 0.022291 -0.030637 -0.124188
  4   2.033756 0.190472 -0.000128 -0.010319 -0.006939 -0.427848
  5   2.451511 0.204909 -0.003447 -0.286074 0.130799 -0.434250
  6   7.247600 -0.397300 -0.109469 0.056796 0.015853 0.258572
  7   -2.022252 -0.104661 3.136172 0.899921 -1.328336 -4.288518
  8   1.168026 -0.537438 -0.063437 -0.234979 0.674530 -0.647533
  9   6.790376 -0.619176 0.015206 0.133160 -0.070896 -1.530557
 10   8.637599 0.544015 -0.090417 -1.922195 -0.523202 -0.054234
 11   6.790465 -0.619039 0.017802 0.086575 -0.084022 -1.085989
 12   -2.022474 -0.104699 -2.873818 -1.075383 1.519109 -4.399853
 13   1.167898 -0.537463 0.063297 -0.142631 -0.545004 -0.762587
 14   7.002743 -0.617765 -0.183752 -0.126559 0.036309 -2.096463
 15   8.209042 0.615527 -0.255885 2.764397 0.344263 0.896700
 16   7.002735 -0.617911 -0.183641 -0.071806 0.067590 -1.485946
 17   1.574674 0.609930 -0.000899 0.316725 -0.343493 0.391964
 18   -0.602177 0.511412 -0.000006 0.000000 0.000000 0.000000
 19   3.673773 0.177020 1.119313 -0.000002 -0.000014 -0.174510
 20   3.673767 0.176993 -1.117566 0.000007 -0.000003 -0.174546
 21   3.942357 1.334540 1.627658 0.000002 -0.000011 -0.000026
 22   -0.246060 -0.011889 0.516521 -0.000011 0.000031 0.000025
 23   3.942374 1.334565 -1.631083 0.000019 0.000002 -0.000024
 24   -0.246150 -0.011872 -0.516511 -0.000005 -0.000006 0.000048
 25   4.941364 1.997338 1.629330 0.000018 -0.000001 -0.000024
 26   4.941382 1.997366 -1.629410 -0.000001 0.000005 -0.000024
 27   2.914462 1.619264 1.514501 -0.000019 -0.000022 -0.000050
 28   2.916892 1.618870 -1.501142 -0.000002 -0.000009 -0.000024
 29   8.824059 0.150544 0.091743 0.000006 -0.000231 -0.174534
 30   2.111085 -0.561179 1.784320 -0.000008 -0.000682 0.000024
 31   2.121290 -0.561289 -1.853599 0.000000 0.000000 -0.000002
 32   -0.814395 -0.093824 3.127092 3.071965 -0.114691 1.239365
 33   14.298673 -0.408176 0.471578 0.000248 0.000063 -1.896136
 34   15.835795 0.581398 0.242756 -0.214735 0.106913 -0.097869
 35   -0.815868 -0.091229 -3.114430 0.066464 3.132818 -1.010216
 36   14.294526 -0.410349 -0.467541 0.000021 -0.000012 -2.607695
 37   15.834409 0.579420 -0.284600 -0.006092 -0.035255 0.214508
 38   1.139685 -3.453749 -2.823813 0.000000 0.000000 0.000001
 39   -4.457742 -1.054854 -0.746180 0.000000 0.000000 0.000000
 40   1.118101 -3.449769 3.237290 0.000000 0.000001 0.000000
 41   -4.433840 -1.059130 0.959566 -0.000001 0.000000 0.000000
 42   -0.657468 1.697302 -2.688614 0.000000 0.000002 0.000000
 43   -0.664068 1.698578 2.869377 0.000000 0.000002 0.000000
time 11
  0   -0.967547 0.175787 -20.574476 0.000000 0.000000 -1.572114
  1   -1.093036 0.000002 -0.326057 -1.569027 -1.622749 -0.001768
  2   2.262337 0.113614 0.064702 0.107720 -0.065519 -0.124720
  3   2.380047 0.353302 0.047440 0.018091 -0.030493 -0.125310
  4   2.033756 0.190472 -0.000128 -0.011573 -0.007754 -0.429189
  5   2.451511 0.204909 -0.003447 -0.290319 0.140551 -0.437964
  6   7.247600 -0.397300 -0.109469 0.056796 0.015853 0.258572
  7   -2.022252 -0.104661 3.136172 0.942865 -1.328163 -4.333222
  8   1.168026 -0.537438 -0.063437 -0.227512 0.695511 -0.637095
  9   6.790376 -0.619176 0.015206 0.131107 -0.070362 -1.504068
 10   8.637599 0.544015 -0.090417 -1.852360 -0.554314 -0.090768
 11   6.790465 -0.619039 0.017802 0.085203 -0.082828 -1.067475
 12   -2.022474 -0.104699 -2.873818 -1.238543 1.517803 -4.565198
 13   1.167898 -0.537463 0.063297 -0.138413 -0.542258 -0.763253
 14   7.002743 -0.617765 -0.183752 -0.126787 0.036252 -2.098608
 15   8.209042 0.615527 -0.255885 2.744480 0.343280 0.896700
 16   7.002735 -0.617911 -0.183641 -0.071994 0.067647 -1.487546
 17   1.574674 0.609930 -0.000899 0.318269 -0.376366 0.425672
 18   -0.602177 0.511412 -0.000006 0.000000 0.000000 0.000000
 19   3.673773 0.177020 1.119313 -0.000002 -0.000014 -0.174510
 20   3.673767 0.176993 -1.117566 0.000007 -0.000003 -0.174546
 21   3.942357 1.334540 1.627658 0.000002 -0.000011 -0.000026
 22   -0.246060 -0.011889 0.516521 -0.000011 0.000031 0.000025
 23   3.942374 1.334565 -1.631083 0.000019 0.000002 -0.000024
 24   -0.246150 -0.011872 -0.516511 -0.000005 -0.000006 0.000048
 25   4.941364 1.997338 1.629330 0.000018 -0.000001 -0.000024
 26   4.941382 1.997366 -1.629410 -0.000001 0.000005 -0.000024
 27   2.914462 1.619264 1.514501 -0.000019 -0.000022 -0.000050
 28   2.916892 1.618870 -1.501142 -0.000002 -0.000009 -0.000024
 29   8.824059 0.150544 0.091743 0.000006 -0.000231 -0.174534
 30   2.111085 -0.561179 1.784320 -0.000008 -0.000682 0.000024
 31   2.121290 -0.561289 -1.853599 0.000000 0.000000 -0.000002
 32   -0.814395 -0.093824 3.127092 3.071965 -0.114691 1.239365
 33   14.298673 -0.408176 0.471578 0.000248 0.000063 -1.896136
 34   15.835795 0.581398 0.242756 -0.214735 0.106913 -0.097869
 35   -0.815868 -0.091229 -3.114430 0.066464 3.132818 -1.010216
 36   14.294526 -0.410349 -0.467541 0.000021 -0.000012 -2.607695
 37   15.834409 0.579420 -0.284600 -0.006092 -0.035255 0.214508
 38   1.139685 -3.453749 -2.823813 0.000000 0.000000 0.000001
 39   -4.457742 -1.054854 -0.746180 0.000000 0.000000 0.000000
 40   1.118101 -3.449769 3.237290 0.000000 0.000001 0.000000
 41   -4.433840 -1.059130 0.959566 -0.000001 0.000000 0.000000
 42   -0.657468 1.697302 -2.688614 0.000000 0.000002 0.000000
 43   -0.664068 1.698578 2.869377 0.000000 0.000002 0.000000
time 12
  0   -0.967547 0.175787 -20.574476 0.000000 0.000000 -1.572114
  1   -1.093036 0.000002 -0.326057 -1.569027 -1.622749 -0.001768
  2   2.262337 0.113614 0.064702 0.101109 -0.063038 -0.125135
  3   2.380047 0.353302 0.047440 0.014716 -0.030002 -0.126208
  4   2.033756 0.190472 -0.000128 -0.012643 -0.009408 -0.430168
  5   2.451511 0.204909 -0.003447 -0.294376 0.149873 -0.441555
  6   7.247600 -0.397300 -0.109469 0.056796 0.015853 0.258572
  7   -2.022252 -0.104661 3.136172 0.946124 -1.331536 -4.335006
  8   1.168026 -0.537438 -0.063437 -0.176571 0.722731 -0.587752
  9   6.790376 -0.619176 0.015206 0.130774 -0.070295 -1.501276
 10   8.637599 0.544015 -0.090417 -1.816782 -0.551991 -0.128170
 11   6.790465 -0.619039 0.017802 0.085057 -0.082657 -1.065515
 12   -2.022474 -0.104699 -2.873818 -1.326494 1.508254 -4.654812
 13   1.167898 -0.537463 0.063297 -0.138343 -0.541546 -0.763253
 14   7.002743 -0.617765 -0.183752 -0.126958 0.036195 -2.101001
 15   8.209042 0.615527 -0.255885 2.742826 0.341010 0.908848
 16   7.002735 -0.617911 -0.183641 -0.072135 0.067703 -1.489257
 17   1.574674 0.609930 -0.000899 0.318756 -0.409737 0.462264
 18   -0.602177 0.511412 -0.000006 0.000000 0.000000 0.000000
 19   3.673773 0.177020 1.119313 -0.000002 -0.000014 -0.174510
 20   3.673767 0.176993 -1.117566 0.000007 -0.000003 -0.174546
 21   3.942357 1.334540 1.627658 0.000002 -0.000011 -0.000026
 22   -0.246060 -0.011889 0.516521 -0.000011 0.000031 0.000025
 23   3.942374 1.334565 -1.631083 0.000019 0.000002 -0.000024
 24   -0.246150 -0.011872 -0.516511 -0.000005 -0.000006 0.000048
 25   4.941364 1.997338 1.629330 0.000018 -0.000001 -0.000024
 26   4.941382 1.997366 -1.629410 -0.000001 0.000005 -0.000024
 27   2.914462 1.619264 1.514501 -0.000019 -0.000022 -0.000050
 28   2.916892 1.618870 -1.501142 -0.000002 -0.000009 -0.000024
 29   8.824059 0.150544 0.091743 0.000006 -0.000231 -0.174534
 30   2.111085 -0.561179 1.784320 -0.000008 -0.000682 0.000024
 31   2.121290 -0.561289 -1.853599 0.000000 0.000000 -0.000002
 32   -0.814395 -0.093824 3.127092 3.071965 -0.114691 1.239365
 33   14.298673 -0.408176 0.471578 0.000248 0.000063 -1.896136
 34   15.835795 0.581398 0.242756 -0.214735 0.106913 -0.097869
 35   -0.815868 -0.091229 -3.114430 0.066464 3.132818 -1.010216
 36   14.294526 -0.410349 -0.467541 0.000021 -0.000012 -2.607695
 37   15.834409 0.579420 -0.284600 -0.006092 -0.035255 0.214508
 38   1.139685 -3.453749 -2.823813 0.000000 0.000000 0.000001
 39   -4.457742 -1.054854 -0.746180 0.000000 0.000000 0.000000
 40   1.118101 -3.449769 3.237290 0.000000 0.000001 0.000000
 41   -4.433840 -1.059130 0.959566 -0.000001 0.000000 0.000000
 42   -0.657468 1.697302 -2.688614 0.000000 0.000002 0.000000
 43   -0.664068 1.698578 2.869377 0.000000 0.000002 0.000000
time 13
  0   -0.967547 0.175787 -20.574476 0.000000 0.000000 -1.572114
  1   -1.093036 0.000002 -0.326057 -1.569027 -1.622749 -0.001768
  2   2.262337 0.113614 0.064702 0.096804 -0.059802 -0.126111
  3   2.380047 0.353302 0.047440 0.012826 -0.028947 -0.127025
  4   2.033756 0.190472 -0.000128 -0.013270 -0.011829 -0.430349
  5   2.451511 0.204909 -0.003447 -0.296909 0.155970 -0.443561
  6   7.247600 -0.397300 -0.109469 0.056796 0.015853 0.258572
  7   -2.022252 -0.104661 3.136172 0.916696 -1.343297 -4.305141
  8   1.168026 -0.537438 -0.063437 -0.108165 0.762278 -0.516331
  9   6.790376 -0.619176 0.015206 0.129110 -0.069828 -1.478711
 10   8.637599 0.544015 -0.090417 -1.821713 -0.497580 -0.235891
 11   6.790465 -0.619039 0.017802 0.083860 -0.081634 -1.049827
 12   -2.022474 -0.104699 -2.873818 -1.255022 1.498241 -4.584729
 13   1.167898 -0.537463 0.063297 -0.143826 -0.550598 -0.768822
 14   7.002743 -0.617765 -0.183752 -0.127357 0.036195 -2.106116
 15   8.209042 0.615527 -0.255885 2.780719 0.352208 0.942224
 16   7.002735 -0.617911 -0.183641 -0.072512 0.067929 -1.492734
 17   1.574674 0.609930 -0.000899 0.319934 -0.437072 0.497451
 18   -0.602177 0.511412 -0.000006 0.000000 0.000000 0.000000
 19   3.673773 0.177020 1.119313 -0.000002 -0.000014 -0.174510
 20   3.673767 0.176993 -1.117566 0.000007 -0.000003 -0.174546
 21   3.942357 1.334540 1.627658 0.000002 -0.000011 -0.000026
 22   -0.246060 -0.011889 0.516521 -0.000011 0.000031 0.000025
 23   3.942374 1.334565 -1.631083 0.000019 0.000002 -0.000024
 24   -0.246150 -0.011872 -0.516511 -0.000005 -0.000006 0.000048
 25   4.941364 1.997338 1.629330 0.000018 -0.000001 -0.000024
 26   4.941382 1.997366 -1.629410 -0.000001 0.000005 -0.000024
 27   2.914462 1.619264 1.514501 -0.000019 -0.000022 -0.000050
 28   2.916892 1.618870 -1.501142 -0.000002 -0.000009 -0.000024
 29   8.824059 0.150544 0.091743 0.000006 -0.000231 -0.174534
 30   2.111085 -0.561179 1.784320 -0.000008 -0.000682 0.000024
 31   2.121290 -0.561289 -1.853599 0.000000 0.000000 -0.000002
 32   -0.814395 -0.093824 3.127092 3.071965 -0.114691 1.239365
 33   14.298673 -0.408176 0.471578 0.000248 0.000063 -1.896136
 34   15.835795 0.581398 0.242756 -0.214735 0.106913 -0.097869
 35   -0.815868 -0.091229 -3.114430 0.066464 3.132818 -1.010216
 36   14.294526 -0.410349 -0.467541 0.000021 -0.000012 -2.607695
 37   15.834409 0.579420 -0.284600 -0.006092 -0.035255 0.214508
 38   1.139685 -3.453749 -2.823813 0.000000 0.000000 0.000001
 39   -4.457742 -1.054854 -0.746180 0.000000 0.000000 0.000000
 40   1.118101 -3.449769 3.237290 0.000000 0.000001 0.000000
 41   -4.433840 -1.059130 0.959566 -0.000001 0.000000 0.000000
 42   -0.657468 1.697302 -2.688614 0.000000 0.000002 0.000000
 43   -0.664068 1.698578 2.869377 0.000000 0.000002 0.000000
time 14
  0   -0.967547 0.175787 -20.574476 0.000000 0.000000 -1.572114
  1   -1.093036 0.000002 -0.326057 -1.569027 -1.622749 -0.001768
  2   2.262337 0.113614 0.064702 0.096995 -0.056914 -0.126364
  3   2.380047 0.353302 0.047440 0.013351 -0.027473 -0.127025
  4   2.033756 0.190472 -0.000128 -0.013141 -0.012608 -0.429769
  5   2.451511 0.204909 -0.003447 -0.296567 0.154912 -0.443016
  6   7.247600 -0.397300 -0.109469 0.056796 0.015853 0.258572
  7   -2.022252 -0.104661 3.136172 0.899250 -1.359325 -4.281098
  8   1.168026 -0.537438 -0.063437 0.016940 0.798806 -0.395757
  9   6.790376 -0.619176 0.015206 0.126058 -0.068827 -1.441203
 10   8.637599 0.544015 -0.090417 -2.073139 -0.652931 -0.318146
 11   6.790465 -0.619039 0.017802 0.081933 -0.079900 -1.023527
 12   -2.022474 -0.104699 -2.873818 -1.184316 1.494120 -4.515987
 13   1.167898 -0.537463 0.063297 -0.133000 -0.581670 -0.770638
 14   7.002743 -0.617765 -0.183752 -0.127983 0.036081 -2.112469
 15   8.209042 0.615527 -0.255885 2.762096 0.355915 0.925566
 16   7.002735 -0.617911 -0.183641 -0.072983 0.068154 -1.497260
 17   1.574674 0.609930 -0.000899 0.325459 -0.451769 0.522104
 18   -0.602177 0.511412 -0.000006 0.000000 0.000000 0.000000
 19   3.673773 0.177020 1.119313 -0.000002 -0.000014 -0.174510
 20   3.673767 0.176993 -1.117566 0.000007 -0.000003 -0.174546
 21   3.942357 1.334540 1.627658 0.000002 -0.000011 -0.000026
 22   -0.246060 -0.011889 0.516521 -0.000011 0.000031 0.000025
 23   3.942374 1.334565 -1.631083 0.000019 0.000002 -0.000024
 24   -0.246150 -0.011872 -0.516511 -0.000005 -0.000006 0.000048
 25   4.941364 1.997338 1.629330 0.000018 -0.000001 -0.000024
 26   4.941382 1.997366 -1.629410 -0.000001 0.000005 -0.000024
 27   2.914462 1.619264 1.514501 -0.000019 -0.000022 -0.000050
 28   2.916892 1.618870 -1.501142 -0.000002 -0.000009 -0.000024
 29   8.824059 0.150544 0.091743 0.000006 -0.000231 -0.174534
 30   2.111085 -0.561179 1.784320 -0.000008 -0.000682 0.000024
 31   2.121290 -0.561289 -1.853599 0.000000 0.000000 -0.000002
 32   -0.814395 -0.093824 3.127092 3.071965 -0.114691 1.239365
 33   14.298673 -0.408176 0.471578 0.000248 0.000063 -1.896136
 34   15.835795 0.581398 0.242756 -0.214735 0.106913 -0.097869
 35   -0.815868 -0.091229 -3.114430 0.066464 3.132818 -1.010216
 36   14.294526 -0.410349 -0.467541 0.000021 -0.000012 -2.607695
 37   15.834409 0.579420 -0.284600 -0.006092 -0.035255 0.214508
 38   1.139685 -3.453749 -2.823813 0.000000 0.000000 0.000001
 39   -4.457742 -1.054854 -0.746180 0.000000 0.000000 0.000000
 40   1.118101 -3.449769 3.237290 0.000000 0.000001 0.000000
 41   -4.433840 -1.059130 0.959566 -0.000001 0.000000 0.000000
 42   -0.657468 1.697302 -2.688614 0.000000 0.000002 0.000000
 43   -0.664068 1.698578 2.869377 0.000000 0.000002 0.000000
time 15
  0   -0.967547 0.175787 -20.574476 0.000000 0.000000 -1.572114
  1   -1.093036 0.000002 -0.326057 -1.569027 -1.622749 -0.001768
  2   2.262337 0.113614 0.064702 0.106255 -0.055656 -0.128514
  3   2.380047 0.353302 0.047440 0.018931 -0.026047 -0.125759
  4   2.033756 0.190472 -0.000128 -0.011610 -0.010678 -0.426217
  5   2.451511 0.204909 -0.003447 -0.290028 0.140382 -0.436057
  6   7.247600 -0.397300 -0.109469 0.056796 0.015853 0.258572
  7   -2.022252 -0.104661 3.136172 0.944591 -1.374633 -4.311997
  8   1.168026 -0.537438 -0.063437 0.294868 0.797347 -0.165679
  9   6.790376 -0.619176 0.015206 0.128888 -0.069761 -1.476900
 10   8.637599 0.544015 -0.090417 -2.171419 -0.848968 -0.359961
 11   6.790465 -0.619039 0.017802 0.083743 -0.081549 -1.048558
 12   -2.022474 -0.104699 -2.873818 -1.001325 1.497661 -4.338866
 13   1.167898 -0.537463 0.063297 -0.117394 -0.605521 -0.766764
 14   7.002743 -0.617765 -0.183752 -0.128723 0.035911 -2.121297
 15   8.209042 0.615527 -0.255885 2.698822 0.353343 0.897542
 16   7.002735 -0.617911 -0.183641 -0.073642 0.068436 -1.503386
 17   1.574674 0.609930 -0.000899 0.345079 -0.435581 0.528350
 18   -0.602177 0.511412 -0.000006 0.000000 0.000000 0.000000
 19   3.673773 0.177020 1.119313 -0.000002 -0.000014 -0.174510
 20   3.673767 0.176993 -1.117566 0.000007 -0.000003 -0.174546
 21   3.942357 1.334540 1.627658 0.000002 -0.000011 -0.000026
 22   -0.246060 -0.011889 0.516521 -0.000011 0.000031 0.000025
 23   3.942374 1.334565 -1.631083 0.000019 0.000002 -0.000024
 24   -0.246150 -0.011872 -0.516511 -0.000005 -0.000006 0.000048
 25   4.941364 1.997338 1.629330 0.000018 -0.000001 -0.000024
 26   4.941382 1.997366 -1.629410 -0.000001 0.000005 -0.000024
 27   2.914462 1.619264 1.514501 -0.000019 -0.000022 -0.000050
 28   2.916892 1.618870 -1.501142 -0.000002 -0.000009 -0.000024
 29   8.824059 0.150544 0.091743 0.000006 -0.000231 -0.174534
 30   2.111085 -0.561179 1.784320 -0.000008 -0.000682 0.000024
 31   2.121290 -0.561289 -1.853599 0.000000 0.000000 -0.000002
 32   -0.814395 -0.093824 3.127092 3.071965 -0.114691 1.239365
 33   14.298673 -0.408176 0.471578 0.000248 0.000063 -1.896136
 34   15.835795 0.581398 0.242756 -0.214735 0.106913 -0.097869
 35   -0.815868 -0.091229 -3.114430 0.066464 3.132818 -1.010216
 36   14.294526 -0.410349 -0.467541 0.000021 -0.000012 -2.607695
 37   15.834409 0.579420 -0.284600 -0.006092 -0.035255 0.214508
 38   1.139685 -3.453749 -2.823813 0.000000 0.000000 0.000001
 39   -4.457742 -1.054854 -0.746180 0.000000 0.000000 0.000000
 40   1.118101 -3.449769 3.237290 0.000000 0.000001 0.000000
 41   -4.433840 -1.059130 0.959566 -0.000001 0.000000 0.000000
 42   -0.657468 1.697302 -2.688614 0.000000 0.000002 0.000000
 43   -0.664068 1.698578 2.869377 0.000000 0.000002 0.000000
time 16
  0   -0.967547 0.175787 -20.574476 0.000000 0.000000 -1.572114
  1   -1.093036 0.000002 -0.326057 -1.569027 -1.622749 -0.001768
  2   2.262337 0.113614 0.064702 0.123909 -0.054301 -0.130755
  3   2.380047 0.353302 0.047440 0.029027 -0.024884 -0.123841
  4   2.033756 0.190472 -0.000128 -0.008733 -0.006040 -0.422266
  5   2.451511 0.204909 -0.003447 -0.278457 0.113644 -0.424938
  6   7.247600 -0.397300 -0.109469 0.056796 0.015853 0.258572
  7   -2.022252 -0.104661 3.136172 1.053294 -1.395100 -4.393704
  8   1.168026 -0.537438 -0.063437 0.648922 0.753775 0.102925
  9   6.790376 -0.619176 0.015206 0.134269 -0.071163 -1.543915
 10   8.637599 0.544015 -0.090417 -2.240726 -0.971377 -0.427820
 11   6.790465 -0.619039 0.017802 0.087305 -0.084562 -1.095332
 12   -2.022474 -0.104699 -2.873818 -0.540972 1.500737 -3.885245
 13   1.167898 -0.537463 0.063297 -0.119784 -0.594790 -0.769064
 14   7.002743 -0.617765 -0.183752 -0.129805 0.035684 -2.133013
 15   8.209042 0.615527 -0.255885 2.676820 0.352964 0.893513
 16   7.002735 -0.617911 -0.183641 -0.074442 0.068774 -1.511610
 17   1.574674 0.609930 -0.000899 0.372011 -0.393903 0.524247
 18   -0.602177 0.511412 -0.000006 0.000000 0.000000 0.000000
 19   3.673773 0.177020 1.119313 -0.000002 -0.000014 -0.174510
 20   3.673767 0.176993 -1.117566 0.000007 -0.000003 -0.174546
 21   3.942357 1.334540 1.627658 0.000002 -0.000011 -0.000026
 22   -0.246060 -0.011889 0.516521 -0.000011 0.000031 0.000025
 23   3.942374 1.334565 -1.631083 0.000019 0.000002 -0.000024
 24   -0.246150 -0.011872 -0.516511 -0.000005 -0.000006 0.000048
 25   4.941364 1.997338 1.629330 0.000018 -0.000001 -0.000024
 26   4.941382 1.997366 -1.629410 -0.000001 0.000005 -0.000024
 27   2.914462 1.619264 1.514501 -0.000019 -0.000022 -0.000050
 28   2.916892 1.618870 -1.501142 -0.000002 -0.000009 -0.000024
 29   8.824059 0.150544 0.091743 0.000006 -0.000231 -0.174534
 30   2.111085 -0.561179 1.784320 -0.000008 -0.000682 0.000024
 31   2.121290 -0.561289 -1.853599 0.000000 0.000000 -0.000002
 32   -0.814395 -0.093824 3.127092 3.071965 -0.114691 1.239365
 33   14.298673 -0.408176 0.471578 0.000248 0.000063 -1.896136
 34   15.835795 0.581398 0.242756 -0.214735 0.106913 -0.097869
 35   -0.815868 -0.091229 -3.114430 0.066464 3.132818 -1.010216
 36   14.294526 -0.410349 -0.467541 0.000021 -0.000012 -2.607695
 37   15.834409 0.579420 -0.284600 -0.006092 -0.035255 0.214508
 38   1.139685 -3.453749 -2.823813 0.000000 0.000000 0.000001
 39   -4.457742 -1.054854 -0.746180 0.000000 0.000000 0.000000
 40   1.118101 -3.449769 3.237290 0.000000 0.000001 0.000000
 41   -4.433840 -1.059130 0.959566 -0.000001 0.000000 0.000000
 42   -0.657468 1.697302 -2.688614 0.000000 0.000002 0.000000
 43   -0.664068 1.698578 2.869377 0.000000 0.000002 0.000000
time 17
  0   -0.967547 0.175787 -20.574476 0.000000 0.000000 -1.572114
  1   -1.093036 0.000002 -0.326057 -1.569027 -1.622749 -0.001768
  2   2.262337 0.113614 0.064702 0.141245 -0.052432 -0.130141
  3   2.380047 0.353302 0.047440 0.038793 -0.023722 -0.121576
  4   2.033756 0.190472 -0.000128 -0.005617 -0.002397 -0.419620
  5   2.451511 0.204909 -0.003447 -0.267708 0.087898 -0.414833
  6   7.247600 -0.397300 -0.109469 0.056796 0.015853 0.258572
  7   -2.022252 -0.104661 3.136172 1.232165 -1.421794 -4.532513
  8   1.168026 -0.537438 -0.063437 1.000698 0.670706 0.348059
  9   6.790376 -0.619176 0.015206 0.140483 -0.072298 -1.621420
 10   8.637599 0.544015 -0.090417 -2.143767 -1.016990 -0.534238
 11   6.790465 -0.619039 0.017802 0.091510 -0.087944 -1.149547
 12   -2.022474 -0.104699 -2.873818 -0.062894 1.489360 -3.412763
 13   1.167898 -0.537463 0.063297 -0.129907 -0.562345 -0.780929
 14   7.002743 -0.617765 -0.183752 -0.130943 0.035457 -2.145141
 15   8.209042 0.615527 -0.255885 2.686167 0.350921 0.910592
 16   7.002735 -0.617911 -0.183641 -0.075336 0.069169 -1.520165
 17   1.574674 0.609930 -0.000899 0.397724 -0.348416 0.522584
 18   -0.602177 0.511412 -0.000006 0.000000 0.000000 0.000000
 19   3.673773 0.177020 1.119313 -0.000002 -0.000014 -0.174510
 20   3.673767 0.176993 -1.117566 0.000007 -0.000003 -0.174546
 21   3.942357 1.334540 1.627658 0.000002 -0.000011 -0.000026
 22   -0.246060 -0.011889 0.516521 -0.000011 0.000031 0.000025
 23   3.942374 1.334565 -1.631083 0.000019 0.000002 -0.000024
 24   -0.246150 -0.011872 -0.516511 -0.000005 -0.000006 0.000048
 25   4.941364 1.997338 1.629330 0.000018 -0.000001 -0.000024
 26   4.941382 1.997366 -1.629410 -0.000001 0.000005 -0.000024
 27   2.914462 1.619264 1.514501 -0.000019 -0.000022 -0.000050
 28   2.916892 1.618870 -1.501142 -0.000002 -0.000009 -0.000024
 29   8.824059 0.150544 0.091743 0.000006 -0.000231 -0.174534
 30   2.111085 -0.561179 1.784320 -0.000008 -0.000682 0.000024
 31   2.121290 -0.561289 -1.853599 0.000000 0.000000 -0.000002
 32   -0.814395 -0.093824 3.127092 3.071965 -0.114691 1.239365
 33   14.298673 -0.408176 0.471578 0.000248 0.000063 -1.896136
 34   15.835795 0.581398 0.242756 -0.214735 0.106913 -0.097869
 35   -0.815868 -0.091229 -3.114430 0.066464 3.132818 -1.010216
 36   14.294526 -0.410349 -0.467541 0.000021 -0.000012 -2.607695
 37   15.834409 0.579420 -0.284600 -0.006092 -0.035255 0.214508
 38   1.139685 -3.453749 -2.823813 0.000000 0.000000 0.000001
 39   -4.457742 -1.054854 -0.746180 0.000000 0.000000 0.000000
 40   1.118101 -3.449769 3.237290 0.000000 0.000001 0.000000
 41   -4.433840 -1.059130 0.959566 -0.000001 0.000000 0.000000
 42   -0.657468 1.697302 -2.688614 0.000000 0.000002 0.000000
 43   -0.664068 1.698578 2.869377 0.000000 0.000002 0.000000
time 18
  0   -0.967547 0.175787 -20.574476 0.000000 0.000000 -1.572114
  1   -1.093036 0.000002 -0.326057 -1.569027 -1.622749 -0.001768
  2   2.262337 0.113614 0.064702 0.157727 -0.050874 -0.128840
  3   2.380047 0.353302 0.047440 0.048048 -0.022415 -0.119168
  4   2.033756 0.190472 -0.000128 -0.002739 -0.000419 -0.416829
  5   2.451511 0.204909 -0.003447 -0.261152 0.076005 -0.408518
  6   7.247600 -0.397300 -0.109469 0.056796 0.015853 0.258572
  7   -2.022252 -0.104661 3.136172 1.468550 -1.450650 -4.730019
  8   1.168026 -0.537438 -0.063437 1.308305 0.598957 0.532020
  9   6.790376 -0.619176 0.015206 0.143202 -0.072631 -1.653418
 10   8.637599 0.544015 -0.090417 -2.093217 -1.054297 -0.533660
 11   6.790465 -0.619039 0.017802 0.093320 -0.089224 -1.171982
 12   -2.022474 -0.104699 -2.873818 3.327526 1.662981 -0.023145
 13   1.167898 -0.537463 0.063297 -0.130118 -0.528374 -0.800058
 14   7.002743 -0.617765 -0.183752 -0.132082 0.035173 -2.157517
 15   8.209042 0.615527 -0.255885 2.698822 0.340253 0.945231
 16   7.002735 -0.617911 -0.183641 -0.076231 0.069564 -1.528830
 17   1.574674 0.609930 -0.000899 0.411454 -0.325695 0.532231
 18   -0.602177 0.511412 -0.000006 0.000000 0.000000 0.000000
 19   3.673773 0.177020 1.119313 -0.000002 -0.000014 -0.174510
 20   3.673767 0.176993 -1.117566 0.000007 -0.000003 -0.174546
 21   3.942357 1.334540 1.627658 0.000002 -0.000011 -0.000026
 22   -0.246060 -0.011889 0.516521 -0.000011 0.000031 0.000025
 23   3.942374 1.334565 -1.631083 0.000019 0.000002 -0.000024
 24   -0.246150 -0.011872 -0.516511 -0.000005 -0.000006 0.000048
 25   4.941364 1.997338 1.629330 0.000018 -0.000001 -0.000024
 26   4.941382 1.997366 -1.629410 -0.000001 0.000005 -0.000024
 27   2.914462 1.619264 1.514501 -0.000019 -0.000022 -0.000050
 28   2.916892 1.618870 -1.501142 -0.000002 -0.000009 -0.000024
 29   8.824059 0.150544 0.091743 0.000006 -0.000231 -0.174534
 30   2.111085 -0.561179 1.784320 -0.000008 -0.000682 0.000024
 31   2.121290 -0.561289 -1.853599 0.000000 0.000000 -0.000002
 32   -0.814395 -0.093824 3.127092 3.071965 -0.114691 1.239365
 33   14.298673 -0.408176 0.471578 0.000248 0.000063 -1.896136
 34   15.835795 0.581398 0.242756 -0.214735 0.106913 -0.097869
 35   -0.815868 -0.091229 -3.114430 0.066464 3.132818 -1.010216
 36   14.294526 -0.410349 -0.467541 0.000021 -0.000012 -2.607695
 37   15.834409 0.579420 -0.284600 -0.006092 -0.035255 0.214508
 38   1.139685 -3.453749 -2.823813 0.000000 0.000000 0.000001
 39   -4.457742 -1.054854 -0.746180 0.000000 0.000000 0.000000
 40   1.118101 -3.449769 3.237290 0.000000 0.000001 0.000000
 41   -4.433840 -1.059130 0.959566 -0.000001 0.000000 0.000000
 42   -0.657468 1.697302 -2.688614 0.000000 0.000002 0.000000
 43   -0.664068 1.698578 2.869377 0.000000 0.000002 0.000000
time 19
  0   -0.967547 0.175787 -20.574476 0.000000 0.000000 -1.572114
  1   -1.093036 0.000002 -0.326057 -1.569027 -1.622749 -0.001768
  2   2.262337 0.113614 0.064702 0.169777 -0.049927 -0.127683
  3   2.380047 0.353302 0.047440 0.054799 -0.022943 -0.118067
  4   2.033756 0.190472 -0.000128 -0.000305 -0.003487 -0.415923
  5   2.451511 0.204909 -0.003447 -0.263942 0.093721 -0.411465
  6   7.247600 -0.397300 -0.109469 0.056796 0.015853 0.258572
  7   -2.022252 -0.104661 3.136172 1.329365 -1.476681 -4.552517
  8   1.168026 -0.537438 -0.063437 1.482199 0.548693 0.634312
  9   6.790376 -0.619176 0.015206 0.142813 -0.072631 -1.649343
 10   8.637599 0.544015 -0.090417 -1.743512 -1.074218 -0.675382
 11   6.790465 -0.619039 0.017802 0.093115 -0.089053 -1.169099
 12   -2.022474 -0.104699 -2.873818 3.358759 1.658830 0.024630
 13   1.167898 -0.537463 0.063297 -0.122385 -0.493997 -0.811741
 14   7.002743 -0.617765 -0.183752 -0.132537 0.035059 -2.163458
 15   8.209042 0.615527 -0.255885 2.703352 0.336924 0.966520
 16   7.002735 -0.617911 -0.183641 -0.076654 0.069789 -1.532915
 17   1.574674 0.609930 -0.000899 0.392728 -0.349102 0.573184
 18   -0.602177 0.511412 -0.000006 0.000000 0.000000 0.000000
 19   3.673773 0.177020 1.119313 -0.000002 -0.000014 -0.174510
 20   3.673767 0.176993 -1.117566 0.000007 -0.000003 -0.174546
 21   3.942357 1.334540 1.627658 0.000002 -0.000011 -0.000026
 22   -0.246060 -0.011889 0.516521 -0.000011 0.000031 0.000025
 23   3.942374 1.334565 -1.631083 0.000019 0.000002 -0.000024
 24   -0.246150 -0.011872 -0.516511 -0.000005 -0.000006 0.000048
 25   4.941364 1.997338 1.629330 0.000018 -0.000001 -0.000024
 26   4.941382 1.997366 -1.629410 -0.000001 0.000005 -0.000024
 27   2.914462 1.619264 1.514501 -0.000019 -0.000022 -0.000050
 28   2.916892 1.618870 -1.501142 -0.000002 -0.000009 -0.000024
 29   8.824059 0.150544 0.091743 0.000006 -0.000231 -0.174534
 30   2.111085 -0.561179 1.784320 -0.000008 -0.000682 0.000024
 31   2.121290 -0.561289 -1.853599 0.000000 0.000000 -0.000002
 32   -0.814395 -0.093824 3.127092 3.071965 -0.114691 1.239365
 33   14.298673 -0.408176 0.471578 0.000248 0.000063 -1.896136
 34   15.835795 0.581398 0.242756 -0.214735 0.106913 -0.097869
 35   -0.815868 -0.091229 -3.114430 0.066464 3.132818 -1.010216
 36   14.294526 -0.410349 -0.467541 0.000021 -0.000012 -2.607695
 37   15.834409 0.579420 -0.284600 -0.006092 -0.035255 0.214508
 38   1.139685 -3.453749 -2.823813 0.000000 0.000000 0.000001
 39   -4.457742 -1.054854 -0.746180 0.000000 0.000000 0.000000
 40   1.118101 -3.449769 3.237290 0.000000 0.000001 0.000000
 41   -4.433840 -1.059130 0.959566 -0.000001 0.000000 0.000000
 42   -0.657468 1.697302 -2.688614 0.000000 0.000002 0.000000
 43   -0.664068 1.698578 2.869377 0.000000 0.000002 0.000000
time 20
  0   -0.967547 0.175787 -20.574476 0.000000 0.000000 -1.572114
  1   -1.093036 0.000002 -0.326057 -1.569027 -1.622749 -0.001768
  2   2.262337 0.113614 0.064702 0.177483 -0.051952 -0.126165
  3   2.380047 0.353302 0.047440 0.058579 -0.023542 -0.113883
  4   2.033756 0.190472 -0.000128 0.000986 -0.008833 -0.410631
  5   2.451511 0.204909 -0.003447 -0.271285 0.123971 -0.415997
  6   7.247600 -0.397300 -0.109469 0.056796 0.015853 0.258572
  7   -2.022252 -0.104661 3.136172 1.095471 -1.478699 -4.305517
  8   1.168026 -0.537438 -0.063437 1.598066 0.561373 0.617991
  9   6.790376 -0.619176 0.015206 0.137432 -0.071830 -1.584139
 10   8.637599 0.544015 -0.090417 -1.337269 -1.062181 -0.804444
 11   6.790465 -0.619039 0.017802 0.089495 -0.086353 -1.123536
 12   -2.022474 -0.104699 -2.873818 3.424196 1.643157 0.099882
 13   1.167898 -0.537463 0.063297 -0.110365 -0.484436 -0.813315
 14   7.002743 -0.617765 -0.183752 -0.132480 0.035059 -2.163210
 15   8.209042 0.615527 -0.255885 2.701195 0.344869 0.962190
 16   7.002735 -0.617911 -0.183641 -0.076654 0.069789 -1.532804
 17   1.574674 0.609930 -0.000899 0.358078 -0.379940 0.610034
 18   -0.602177 0.511412 -0.000006 0.000000 0.000000 0.000000
 19   3.673773 0.177020 1.119313 -0.000002 -0.000014 -0.174510
 20   3.673767 0.176993 -1.117566 0.000007 -0.000003 -0.174546
 21   3.942357 1.334540 1.627658 0.000002 -0.000011 -0.000026
 22   -0.246060 -0.011889 0.516521 -0.000011 0.000031 0.000025
 23   3.942374 1.334565 -1.631083 0.000019 0.000002 -0.000024
 24   -0.246150 -0.011872 -0.516511 -0.000005 -0.000006 0.000048
 25   4.941364 1.997338 1.629330 0.000018 -0.000001 -0.000024
 26   4.941382 1.997366 -1.629410 -0.000001 0.000005 -0.000024
 27   2.914462 1.619264 1.514501 -0.000019 -0.000022 -0.000050
 28   2.916892 1.618870 -1.501142 -0.000002 -0.000009 -0.000024
 29   8.824059 0.150544 0.091743 0.000006 -0.000231 -0.174534
 30   2.111085 -0.561179 1.784320 -0.000008 -0.000682 0.000024
 31   2.121290 -0.561289 -1.853599 0.000000 0.000000 -0.000002
 32   -0.814395 -0.093824 3.127092 3.071965 -0.114691 1.239365
 33   14.298673 -0.408176 0.471578 0.000248 0.000063 -1.896136
 34   15.835795 0.581398 0.242756 -0.214735 0.106913 -0.097869
 35   -0.815868 -0.091229 -3.114430 0.066464 3.132818 -1.010216
 36   14.294526 -0.410349 -0.467541 0.000021 -0.000012 -2.607695
 37   15.834409 0.579420 -0.284600 -0.006092 -0.035255 0.214508
 38   1.139685 -3.453749 -2.823813 0.000000 0.000000 0.000001
 39   -4.457742 -1.054854 -0.746180 0.000000 0.000000 0.000000
 40   1.118101 -3.449769 3.237290 0.000000 0.000001 0.000000
 41   -4.433840 -1.059130 0.959566 -0.000001 0.000000 0.000000
 42   -0.657468 1.697302 -2.688614 0.000000 0.000002 0.000000
 43   -0.664068 1.698578 2.869377 0.000000 0.000002 0.000000
time 21
  0   -0.967547 0.175787 -20.574476 0.000000 0.000000 -1.572114
  1   -1.093036 0.000002 -0.326057 -1.569027 -1.622749 -0.001768
  2   2.262337 0.113614 0.064702 0.174477 -0.052719 -0.121503
  3   2.380047 0.353302 0.047440 0.056164 -0.023829 -0.105231
  4   2.033756 0.190472 -0.000128 0.000027 -0.010283 -0.402403
  5   2.451511 0.204909 -0.003447 -0.276677 0.141230 -0.415874
  6   7.247600 -0.397300 -0.109469 0.056796 0.015853 0.258572
  7   -2.022252 -0.104661 3.136172 1.056553 -1.473971 -4.284104
  8   1.168026 -0.537438 -0.063437 1.679698 0.625221 0.499884
  9   6.790376 -0.619176 0.015206 0.131218 -0.070429 -1.507313
 10   8.637599 0.544015 -0.090417 -2.053060 -0.922174 -0.190531
 11   6.790465 -0.619039 0.017802 0.085349 -0.082970 -1.069725
 12   -2.022474 -0.104699 -2.873818 3.404747 1.626904 0.078053
 13   1.167898 -0.537463 0.063297 -0.090752 -0.496234 -0.809017
 14   7.002743 -0.617765 -0.183752 -0.132708 0.035003 -2.165190
 15   8.209042 0.615527 -0.255885 2.690481 0.354856 0.955034
 16   7.002735 -0.617911 -0.183641 -0.076796 0.069846 -1.534239
 17   1.574674 0.609930 -0.000899 0.332689 -0.403630 0.627590
 18   -0.602177 0.511412 -0.000006 0.000000 0.000000 0.000000
 19   3.673773 0.177020 1.119313 -0.000002 -0.000014 -0.174510
 20   3.673767 0.176993 -1.117566 0.000007 -0.000003 -0.174546
 21   3.942357 1.334540 1.627658 0.000002 -0.000011 -0.000026
 22   -0.246060 -0.011889 0.516521 -0.000011 0.000031 0.000025
 23   3.942374 1.334565 -1.631083 0.000019 0.000002 -0.000024
 24   -0.246150 -0.011872 -0.516511 -0.000005 -0.000006 0.000048
 25   4.941364 1.997338 1.629330 0.000018 -0.000001 -0.000024
 26   4.941382 1.997366 -1.629410 -0.000001 0.000005 -0.000024
 27   2.914462 1.619264 1.514501 -0.000019 -0.000022 -0.000050
 28   2.916892 1.618870 -1.501142 -0.000002 -0.000009 -0.000024
 29   8.824059 0.150544 0.091743 0.000006 -0.000231 -0.174534
 30   2.111085 -0.561179 1.784320 -0.000008 -0.000682 0.000024
 31   2.121290 -0.561289 -1.853599 0.000000 0.000000 -0.000002
 32   -0.814395 -0.093824 3.127092 3.071965 -0.114691 1.239365
 33   14.298673 -0.408176 0.471578 0.000248 0.000063 -1.896136
 34   15.835795 0.581398 0.242756 -0.214735 0.106913 -0.097869
 35   -0.815868 -0.091229 -3.114430 0.066464 3.132818 -1.010216
 36   14.294526 -0.410349 -0.467541 0.000021 -0.000012 -2.607695
 37   15.834409 0.579420 -0.284600 -0.006092 -0.035255 0.214508
 38   1.139685 -3.453749 -2.823813 0.000000 0.000000 0.000001
 39   -4.457742 -1.054854 -0.746180 0.000000 0.000000 0.000000
 40   1.118101 -3.449769 3.237290 0.000000 0.000001 0.000000
 41   -4.433840 -1.059130 0.959566 -0.000001 0.000000 0.000000
 42   -0.657468 1.697302 -2.688614 0.000000 0.000002 0.000000
 43   -0.664068 1.698578 2.869377 0.000000 0.000002 0.000000
time 22
  0   -0.967547 0.175787 -20.574476 0.000000 0.000000 -1.572114
  1   -1.093036 0.000002 -0.326057 -1.569027 -1.622749 -0.001768
  2   2.262337 0.113614 0.064702 0.169777 -0.051293 -0.115955
  3   2.380047 0.353302 0.047440 0.053509 -0.023506 -0.096171
  4   2.033756 0.190472 -0.000128 -0.001117 -0.010570 -0.394791
  5   2.451511 0.204909 -0.003447 -0.278012 0.145447 -0.411763
  6   7.247600 -0.397300 -0.109469 0.056796 0.015853 0.258572
  7   -2.022252 -0.104661 3.136172 1.064126 -1.459846 -4.310119
  8   1.168026 -0.537438 -0.063437 1.693430 0.648467 0.373616
  9   6.790376 -0.619176 0.015206 0.135656 -0.071497 -1.561046
 10   8.637599 0.544015 -0.090417 -2.349750 -0.632940 -0.014517
 11   6.790465 -0.619039 0.017802 0.088210 -0.085358 -1.107213
 12   -2.022474 -0.104699 -2.873818 3.349370 1.624321 0.021183
 13   1.167898 -0.537463 0.063297 -0.074724 -0.509304 -0.807322
 14   7.002743 -0.617765 -0.183752 -0.133334 0.034889 -2.172368
 15   8.209042 0.615527 -0.255885 2.686958 0.372106 0.971030
 16   7.002735 -0.617911 -0.183641 -0.077314 0.070071 -1.539317
 17   1.574674 0.609930 -0.000899 0.319447 -0.418044 0.643151
 18   -0.602177 0.511412 -0.000006 0.000000 0.000000 0.000000
 19   3.673773 0.177020 1.119313 -0.000002 -0.000014 -0.174510
 20   3.673767 0.176993 -1.117566 0.000007 -0.000003 -0.174546
 21   3.942357 1.334540 1.627658 0.000002 -0.000011 -0.000026
 22   -0.246060 -0.011889 0.516521 -0.000011 0.000031 0.000025
 23   3.942374 1.334565 -1.631083 0.000019 0.000002 -0.000024
 24   -0.246150 -0.011872 -0.516511 -0.000005 -0.000006 0.000048
 25   4.941364 1.997338 1.629330 0.000018 -0.000001 -0.000024
 26   4.941382 1.997366 -1.629410 -0.000001 0.000005 -0.000024
 27   2.914462 1.619264 1.514501 -0.000019 -0.000022 -0.000050
 28   2.916892 1.618870 -1.501142 -0.000002 -0.000009 -0.000024
 29   8.824059 0.150544 0.091743 0.000006 -0.000231 -0.174534
 30   2.111085 -0.561179 1.784320 -0.000008 -0.000682 0.000024
 31   2.121290 -0.561289 -1.853599 0.000000 0.000000 -0.000002
 32   -0.814395 -0.093824 3.127092 3.071965 -0.114691 1.239365
 33   14.298673 -0.408176 0.471578 0.000248 0.000063 -1.896136
 34   15.835795 0.581398 0.242756 -0.214735 0.106913 -0.097869
 35   -0.815868 -0.091229 -3.114430 0.066464 3.132818 -1.010216
 36   14.294526 -0.410349 -0.467541 0.000021 -0.000012 -2.607695
 37   15.834409 0.579420 -0.284600 -0.006092 -0.035255 0.214508
 38   1.139685 -3.453749 -2.823813 0.000000 0.000000 0.000001
 39   -4.457742 -1.054854 -0.746180 0.000000 0.000000 0.000000
 40   1.118101 -3.449769 3.237290 0.000000 0.000001 0.000000
 41   -4.433840 -1.059130 0.959566 -0.000001 0.000000 0.000000
 42   -0.657468 1.697302 -2.688614 0.000000 0.000002 0.000000
 43   -0.664068 1.698578 2.869377 0.000000 0.000002 0.000000
time 23
  0   -0.967547 0.175787 -20.574476 0.000000 0.000000 -1.572114
  1   -1.093036 0.000002 -0.326057 -1.569027 -1.622749 -0.001768
  2   2.262337 0.113614 0.064702 0.168401 -0.049136 -0.111817
  3   2.380047 0.353302 0.047440 0.052639 -0.022643 -0.087968
  4   2.033756 0.190472 -0.000128 -0.001854 -0.010163 -0.385621
  5   2.451511 0.204909 -0.003447 -0.276232 0.141335 -0.404581
  6   7.247600 -0.397300 -0.109469 0.056796 0.015853 0.258572
  7   -2.022252 -0.104661 3.136172 1.194013 -1.442780 -4.442259
  8   1.168026 -0.537438 -0.063437 1.656727 0.616266 0.289733
  9   6.790376 -0.619176 0.015206 0.147252 -0.072965 -1.703981
 10   8.637599 0.544015 -0.090417 -2.484137 -0.571982 0.130967
 11   6.790465 -0.619039 0.017802 0.096239 -0.091213 -1.207279
 12   -2.022474 -0.104699 -2.873818 3.429561 1.631548 0.099212
 13   1.167898 -0.537463 0.063297 -0.060595 -0.515661 -0.815555
 14   7.002743 -0.617765 -0.183752 -0.133790 0.034775 -2.177319
 15   8.209042 0.615527 -0.255885 2.677323 0.381488 0.976984
 16   7.002735 -0.617911 -0.183641 -0.077690 0.070184 -1.542684
 17   1.574674 0.609930 -0.000899 0.313638 -0.428410 0.654794
 18   -0.602177 0.511412 -0.000006 0.000000 0.000000 0.000000
 19   3.673773 0.177020 1.119313 -0.000002 -0.000014 -0.174510
 20   3.673767 0.176993 -1.117566 0.000007 -0.000003 -0.174546
 21   3.942357 1.334540 1.627658 0.000002 -0.000011 -0.000026
 22   -0.246060 -0.011889 0.516521 -0.000011 0.000031 0.000025
 23   3.942374 1.334565 -1.631083 0.000019 0.000002 -0.000024
 24   -0.246150 -0.011872 -0.516511 -0.000005 -0.000006 0.000048
 25   4.941364 1.997338 1.629330 0.000018 -0.000001 -0.000024
 26   4.941382 1.997366 -1.629410 -0.000001 0.000005 -0.000024
 27   2.914462 1.619264 1.514501 -0.000019 -0.000022 -0.000050
 28   2.916892 1.618870 -1.501142 -0.000002 -0.000009 -0.000024
 29   8.824059 0.150544 0.091743 0.000006 -0.000231 -0.174534
 30   2.111085 -0.561179 1.784320 -0.000008 -0.000682 0.000024
 31   2.121290 -0.561289 -1.853599 0.000000 0.000000 -0.000002
 32   -0.814395 -0.093824 3.127092 3.071965 -0.114691 1.239365
 33   14.298673 -0.408176 0.471578 0.000248 0.000063 -1.896136
 34   15.835795 0.581398 0.242756 -0.214735 0.106913 -0.097869
 35   -0.815868 -0.091229 -3.114430 0.066464 3.132818 -1.010216
 36   14.294526 -0.410349 -0.467541 0.000021 -0.000012 -2.607695
 37   15.834409 0.579420 -0.284600 -0.006092 -0.035255 0.214508
 38   1.139685 -3.453749 -2.823813 0.000000 0.000000 0.000001
 39   -4.457742 -1.054854 -0.746180 0.000000 0.000000 0.000000
 40   1.118101 -3.449769 3.237290 0.000000 0.000001 0.000000
 41   -4.433840 -1.059130 0.959566 -0.000001 0.000000 0.000000
 42   -0.657468 1.697302 -2.688614 0.000000 0.000002 0.000000
 43   -0.664068 1.698578 2.869377 0.000000 0.000002 0.000000
time 24
  0   -0.967547 0.175787 -20.574476 0.000000 0.000000 -1.572114
  1   -1.093036 0.000002 -0.326057 -1.569027 -1.622749 -0.001768
  2   2.262337 0.113614 0.064702 0.169242 -0.046428 -0.108691
  3   2.380047 0.353302 0.047440 0.052924 -0.020006 -0.079663
  4   2.033756 0.190472 -0.000128 -0.002242 -0.008078 -0.375979
  5   2.451511 0.204909 -0.003447 -0.273322 0.135538 -0.396259
  6   7.247600 -0.397300 -0.109469 0.056796 0.015853 0.258572
  7   -2.022252 -0.104661 3.136172 1.464045 -1.434709 -4.697430
  8   1.168026 -0.537438 -0.063437 1.637300 0.532392 0.260127
  9   6.790376 -0.619176 0.015206 0.159124 -0.072898 -1.847671
 10   8.637599 0.544015 -0.090417 -2.470663 -0.504971 0.092552
 11   6.790465 -0.619039 0.017802 0.104765 -0.096500 -1.307980
 12   -2.022474 -0.104699 -2.873818 -2.757660 1.639762 0.190741
 13   1.167898 -0.537463 0.063297 -0.041685 -0.511999 -0.832565
 14   7.002743 -0.617765 -0.183752 -0.134075 0.034662 -2.180701
 15   8.209042 0.615527 -0.255885 2.648849 0.375662 0.970068
 16   7.002735 -0.617911 -0.183641 -0.077926 0.070297 -1.545112
 17   1.574674 0.609930 -0.000899 0.310429 -0.444030 0.657714
 18   -0.602177 0.511412 -0.000006 0.000000 0.000000 0.000000
 19   3.673773 0.177020 1.119313 -0.000002 -0.000014 -0.174510
 20   3.673767 0.176993 -1.117566 0.000007 -0.000003 -0.174546
 21   3.942357 1.334540 1.627658 0.000002 -0.000011 -0.000026
 22   -0.246060 -0.011889 0.516521 -0.000011 0.000031 0.000025
 23   3.942374 1.334565 -1.631083 0.000019 0.000002 -0.000024
 24   -0.246150 -0.011872 -0.516511 -0.000005 -0.000006 0.000048
 25   4.941364 1.997338 1.629330 0.000018 -0.000001 -0.000024
 26   4.941382 1.997366 -1.629410 -0.000001 0.000005 -0.000024
 27   2.914462 1.619264 1.514501 -0.000019 -0.000022 -0.000050
 28   2.916892 1.618870 -1.501142 -0.000002 -0.000009 -0.000024
 29   8.824059 0.150544 0.091743 0.000006 -0.000231 -0.174534
 30   2.111085 -0.561179 1.784320 -0.000008 -0.000682 0.000024
 31   2.121290 -0.561289 -1.853599 0.000000 0.000000 -0.000002
 32   -0.814395 -0.093824 3.127092 3.071965 -0.114691 1.239365
 33   14.298673 -0.408176 0.471578 0.000248 0.000063 -1.896136
 34   15.835795 0.581398 0.242756 -0.214735 0.106913 -0.097869
 35   -0.815868 -0.091229 -3.114430 0.066464 3.132818 -1.010216
 36   14.294526 -0.410349 -0.467541 0.000021 -0.000012 -2.607695
 37   15.834409 0.579420 -0.284600 -0.006092 -0.035255 0.214508
 38   1.139685 -3.453749 -2.823813 0.000000 0.000000 0.000001
 39   -4.457742 -1.054854 -0.746180 0.000000 0.000000 0.000000
 40   1.118101 -3.449769 3.237290 0.000000 0.000001 0.000000
 41   -4.433840 -1.059130 0.959566 -0.000001 0.000000 0.000000
 42   -0.657468 1.697302 -2.688614 0.000000 0.000002 0.000000
 43   -0.664068 1.698578 2.869377 0.000000 0.000002 0.000000
time 25
  0   -0.967547 0.175787 -20.574476 0.000000 0.000000 -1.572114
  1   -1.093036 0.000002 -0.326057 -1.569027 -1.622749 -0.001768
  2   2.262337 0.113614 0.064702 0.168414 -0.043144 -0.104733
  3   2.380047 0.353302 0.047440 0.052384 -0.016351 -0.071521
  4   2.033756 0.190472 -0.000128 -0.003071 -0.005525 -0.366736
  5   2.451511 0.204909 -0.003447 -0.272449 0.135290 -0.389498
  6   7.247600 -0.397300 -0.109469 0.056796 0.015853 0.258572
  7   -2.022252 -0.104661 3.136172 1.745963 -1.434853 -4.955794
  8   1.168026 -0.537438 -0.063437 1.609773 0.438857 0.209582
  9   6.790376 -0.619176 0.015206 0.174825 -0.070095 -2.042981
 10   8.637599 0.544015 -0.090417 -2.448823 -0.455345 0.057755
 11   6.790465 -0.619039 0.017802 0.117144 -0.102413 -1.444958
 12   -2.022474 -0.104699 -2.873818 -2.740127 1.647946 0.207687
 13   1.167898 -0.537463 0.063297 -0.036764 -0.482148 -0.853026
 14   7.002743 -0.617765 -0.183752 -0.134188 0.034662 -2.181691
 15   8.209042 0.615527 -0.255885 2.631305 0.376419 0.969046
 16   7.002735 -0.617911 -0.183641 -0.078020 0.070353 -1.545775
 17   1.574674 0.609930 -0.000899 0.306001 -0.473353 0.659599
 18   -0.602177 0.511412 -0.000006 0.000000 0.000000 0.000000
 19   3.673773 0.177020 1.119313 -0.000002 -0.000014 -0.174510
 20   3.673767 0.176993 -1.117566 0.000007 -0.000003 -0.174546
 21   3.942357 1.334540 1.627658 0.000002 -0.000011 -0.000026
 22   -0.246060 -0.011889 0.516521 -0.000011 0.000031 0.000025
 23   3.942374 1.334565 -1.631083 0.000019 0.000002 -0.000024
 24   -0.246150 -0.011872 -0.516511 -0.000005 -0.000006 0.000048
 25   4.941364 1.997338 1.629330 0.000018 -0.000001 -0.000024
 26   4.941382 1.997366 -1.629410 -0.000001 0.000005 -0.000024
 27   2.914462 1.619264 1.514501 -0.000019 -0.000022 -0.000050
 28   2.916892 1.618870 -1.501142 -0.000002 -0.000009 -0.000024
 29   8.824059 0.150544 0.091743 0.000006 -0.000231 -0.174534
 30   2.111085 -0.561179 1.784320 -0.000008 -0.000682 0.000024
 31   2.121290 -0.561289 -1.853599 0.000000 0.000000 -0.000002
 32   -0.814395 -0.093824 3.127092 3.071965 -0.114691 1.239365
 33   14.298673 -0.408176 0.471578 0.000248 0.000063 -1.896136
 34   15.835795 0.581398 0.242756 -0.214735 0.106913 -0.097869
 35   -0.815868 -0.091229 -3.114430 0.066464 3.132818 -1.010216
 36   14.294526 -0.410349 -0.467541 0.000021 -0.000012 -2.607695
 37   15.834409 0.579420 -0.284600 -0.006092 -0.035255 0.214508
 38   1.139685 -3.453749 -2.823813 0.000000 0.000000 0.000001
 39   -4.457742 -1.054854 -0.746180 0.000000 0.000000 0.000000
 40   1.118101 -3.449769 3.237290 0.000000 0.000001 0.000000
 41   -4.433840 -1.059130 0.959566 -0.000001 0.000000 0.000000
 42   -0.657468 1.697302 -2.688614 0.000000 0.000002 0.000000
 43   -0.664068 1.698578 2.869377 0.000000 0.000002 0.000000
time 26
  0   -0.967547 0.175787 -20.574476 0.000000 0.000000 -1.572114
  1   -1.093036 0.000002 -0.326057 -1.569027 -1.622749 -0.001768
  2   2.262337 0.113614 0.064702 0.166911 -0.041082 -0.101300
  3   2.380047 0.353302 0.047440 0.051288 -0.013367 -0.063380
  4   2.033756 0.190472 -0.000128 -0.003975 -0.003368 -0.357457
  5   2.451511 0.204909 -0.003447 -0.276386 0.150669 -0.387393
  6   7.247600 -0.397300 -0.109469 0.056796 0.015853 0.258572
  7   -2.022252 -0.104661 3.136172 1.961356 -1.434363 -5.144002
  8   1.168026 -0.537438 -0.063437 1.569906 0.368568 0.195412
  9   6.790376 -0.619176 0.015206 0.186531 -0.065890 -2.193237
 10   8.637599 0.544015 -0.090417 -2.348782 -0.479912 0.035690
 11   6.790465 -0.619039 0.017802 0.127071 -0.106023 -1.550445
 12   -2.022474 -0.104699 -2.873818 -2.732941 1.640952 0.215921
 13   1.167898 -0.537463 0.063297 -0.031070 -0.455957 -0.875666
 14   7.002743 -0.617765 -0.183752 -0.133961 0.034662 -2.179711
 15   8.209042 0.615527 -0.255885 2.623324 0.382396 0.966881
 16   7.002735 -0.617911 -0.183641 -0.077831 0.070240 -1.544340
 17   1.574674 0.609930 -0.000899 0.293124 -0.519409 0.664588
 18   -0.602177 0.511412 -0.000006 0.000000 0.000000 0.000000
 19   3.673773 0.177020 1.119313 -0.000002 -0.000014 -0.174510
 20   3.673767 0.176993 -1.117566 0.000007 -0.000003 -0.174546
 21   3.942357 1.334540 1.627658 0.000002 -0.000011 -0.000026
 22   -0.246060 -0.011889 0.516521 -0.000011 0.000031 0.000025
 23   3.942374 1.334565 -1.631083 0.000019 0.000002 -0.000024
 24   -0.246150 -0.011872 -0.516511 -0.000005 -0.000006 0.000048
 25   4.941364 1.997338 1.629330 0.000018 -0.000001 -0.000024
 26   4.941382 1.997366 -1.629410 -0.000001 0.000005 -0.000024
 27   2.914462 1.619264 1.514501 -0.000019 -0.000022 -0.000050
 28   2.916892 1.618870 -1.501142 -0.000002 -0.000009 -0.000024
 29   8.824059 0.150544 0.091743 0.000006 -0.000231 -0.174534
 30   2.111085 -0.561179 1.784320 -0.000008 -0.000682 0.000024
 31   2.121290 -0.561289 -1.853599 0.000000 0.000000 -0.000002
 32   -0.814395 -0.093824 3.127092 3.071965 -0.114691 1.239365
 33   14.298673 -0.408176 0.471578 0.000248 0.000063 -1.896136
 34   15.835795 0.581398 0.242756 -0.214735 0.106913 -0.097869
 35   -0.815868 -0.091229 -3.114430 0.066464 3.132818 -1.010216
 36   14.294526 -0.410349 -0.467541 0.000021 -0.000012 -2.607695
 37   15.834409 0.579420 -0.284600 -0.006092 -0.035255 0.214508
 38   1.139685 -3.453749 -2.823813 0.000000 0.000000 0.000001
 39   -4.457742 -1.054854 -0.746180 0.000000 0.000000 0.000000
 40   1.118101 -3.449769 3.237290 0.000000 0.000001 0.000000
 41   -4.433840 -1.059130 0.959566 -0.000001 0.000000 0.000000
 42   -0.657468 1.697302 -2.688614 0.000000 0.000002 0.000000
 43   -0.664068 1.698578 2.869377 0.000000 0.000002 0.000000
time 27
  0   -0.967547 0.175787 -20.574476 0.000000 0.000000 -1.572114
  1   -1.093036 0.000002 -0.326057 -1.569027 -1.622749 -0.001768
  2   2.262337 0.113614 0.064702 0.165586 -0.038218 -0.097451
  3   2.380047 0.353302 0.047440 0.050748 -0.009604 -0.058686
  4   2.033756 0.190472 -0.000128 -0.004565 -0.001031 -0.352890
  5   2.451511 0.204909 -0.003447 -0.278303 0.157667 -0.386749
  6   7.247600 -0.397300 -0.109469 0.056796 0.015853 0.258572
  7   -2.022252 -0.104661 3.136172 2.137160 -1.430327 -5.301030
  8   1.168026 -0.537438 -0.063437 1.552061 0.332040 0.238492
  9   6.790376 -0.619176 0.015206 0.192856 -0.062620 -2.280175
 10   8.637599 0.544015 -0.090417 -2.259396 -0.519541 0.012178
 11   6.790465 -0.619039 0.017802 0.132968 -0.107728 -1.611580
 12   -2.022474 -0.104699 -2.873818 -2.680918 1.637875 -6.010506
 13   1.167898 -0.537463 0.063297 -0.019682 -0.453262 -0.898669
 14   7.002743 -0.617765 -0.183752 -0.133790 0.034775 -2.177153
 15   8.209042 0.615527 -0.255885 2.606067 0.388903 0.966700
 16   7.002735 -0.617911 -0.183641 -0.077643 0.070184 -1.542573
 17   1.574674 0.609930 -0.000899 0.279353 -0.548803 0.679853
 18   -0.602177 0.511412 -0.000006 0.000000 0.000000 0.000000
 19   3.673773 0.177020 1.119313 -0.000002 -0.000014 -0.174510
 20   3.673767 0.176993 -1.117566 0.000007 -0.000003 -0.174546
 21   3.942357 1.334540 1.627658 0.000002 -0.000011 -0.000026
 22   -0.246060 -0.011889 0.516521 -0.000011 0.000031 0.000025
 23   3.942374 1.334565 -1.631083 0.000019 0.000002 -0.000024
 24   -0.246150 -0.011872 -0.516511 -0.000005 -0.000006 0.000048
 25   4.941364 1.997338 1.629330 0.000018 -0.000001 -0.000024
 26   4.941382 1.997366 -1.629410 -0.000001 0.000005 -0.000024
 27   2.914462 1.619264 1.514501 -0.000019 -0.000022 -0.000050
 28   2.916892 1.618870 -1.501142 -0.000002 -0.000009 -0.000024
 29   8.824059 0.150544 0.091743 0.000006 -0.000231 -0.174534
 30   2.111085 -0.561179 1.784320 -0.000008 -0.000682 0.000024
 31   2.121290 -0.561289 -1.853599 0.000000 0.000000 -0.000002
 32   -0.814395 -0.093824 3.127092 3.071965 -0.114691 1.239365
 33   14.298673 -0.408176 0.471578 0.000248 0.000063 -1.896136
 34   15.835795 0.581398 0.242756 -0.214735 0.106913 -0.097869
 35   -0.815868 -0.091229 -3.114430 0.066464 3.132818 -1.010216
 36   14.294526 -0.410349 -0.467541 0.000021 -0.000012 -2.607695
 37   15.834409 0.579420 -0.284600 -0.006092 -0.035255 0.214508
 38   1.139685 -3.453749 -2.823813 0.000000 0.000000 0.000001
 39   -4.457742 -1.054854 -0.746180 0.000000 0.000000 0.000000
 40   1.118101 -3.449769 3.237290 0.000000 0.000001 0.000000
 41   -4.433840 -1.059130 0.959566 -0.000001 0.000000 0.000000
 42   -0.657468 1.697302 -2.688614 0.000000 0.000002 0.000000
 43   -0.664068 1.698578 2.869377 0.000000 0.000002 0.000000
time 28
  0   -0.967547 0.175787 -20.574476 0.000000 0.000000 -1.572114
  1   -1.093036 0.000002 -0.326057 -1.569027 -1.622749 -0.001768
  2   2.262337 0.113614 0.064702 0.166134 -0.036732 -0.096348
  3   2.380047 0.353302 0.047440 0.051258 -0.007267 -0.056075
  4   2.033756 0.190472 -0.000128 -0.004658 0.001618 -0.350425
  5   2.451511 0.204909 -0.003447 -0.279330 0.161858 -0.386650
  6   7.247600 -0.397300 -0.109469 0.056796 0.015853 0.258572
  7   -2.022252 -0.104661 3.136172 2.145116 -1.431134 -5.317748
  8   1.168026 -0.537438 -0.063437 1.574209 0.347084 0.327942
  9   6.790376 -0.619176 0.015206 0.195186 -0.061285 -2.312777
 10   8.637599 0.544015 -0.090417 -2.110302 -0.574587 0.044733
 11   6.790465 -0.619039 0.017802 0.135187 -0.108297 -1.634477
 12   -2.022474 -0.104699 -2.873818 -2.668080 1.634886 -5.997868
 13   1.167898 -0.537463 0.063297 -0.015465 -0.466179 -0.905570
 14   7.002743 -0.617765 -0.183752 -0.133619 0.034775 -2.175833
 15   8.209042 0.615527 -0.255885 2.592981 0.398209 0.964114
 16   7.002735 -0.617911 -0.183641 -0.077596 0.070128 -1.541635
 17   1.574674 0.609930 -0.000899 0.265217 -0.556897 0.693640
 18   -0.602177 0.511412 -0.000006 0.000000 0.000000 0.000000
 19   3.673773 0.177020 1.119313 -0.000002 -0.000014 -0.174510
 20   3.673767 0.176993 -1.117566 0.000007 -0.000003 -0.174546
 21   3.942357 1.334540 1.627658 0.000002 -0.000011 -0.000026
 22   -0.246060 -0.011889 0.516521 -0.000011 0.000031 0.000025
 23   3.942374 1.334565 -1.631083 0.000019 0.000002 -0.000024
 24   -0.246150 -0.011872 -0.516511 -0.000005 -0.000006 0.000048
 25   4.941364 1.997338 1.629330 0.000018 -0.000001 -0.000024
 26   4.941382 1.997366 -1.629410 -0.000001 0.000005 -0.000024
 27   2.914462 1.619264 1.514501 -0.000019 -0.000022 -0.000050
 28   2.916892 1.618870 -1.501142 -0.000002 -0.000009 -0.000024
 29   8.824059 0.150544 0.091743 0.000006 -0.000231 -0.174534
 30   2.111085 -0.561179 1.784320 -0.000008 -0.000682 0.000024
 31   2.121290 -0.561289 -1.853599 0.000000 0.000000 -0.000002
 32   -0.814395 -0.093824 3.127092 3.071965 -0.114691 1.239365
 33   14.298673 -0.408176 0.471578 0.000248 0.000063 -1.896136
 34   15.835795 0.581398 0.242756 -0.214735 0.106913 -0.097869
 35   -0.815868 -0.091229 -3.114430 0.066464 3.132818 -1.010216
 36   14.294526 -0.410349 -0.467541 0.000021 -0.000012 -2.607695
 37   15.834409 0.579420 -0.284600 -0.006092 -0.035255 0.214508
 38   1.139685 -3.453749 -2.823813 0.000000 0.000000 0.000001
 39   -4.457742 -1.054854 -0.746180 0.000000 0.000000 0.000000
 40   1.118101 -3.449769 3.237290 0.000000 0.000001 0.000000
 41   -4.433840 -1.059130 0.959566 -0.000001 0.000000 0.000000
 42   -0.657468 1.697302 -2.688614 0.000000 0.000002 0.000000
 43   -0.664068 1.698578 2.869377 0.000000 0.000002 0.000000
time 29
  0   -0.967547 0.175787 -20.574476 0.000000 0.000000 -1.572114
  1   -1.093036 0.000002 -0.326057 -1.569027 -1.622749 -0.001768
  2   2.262337 0.113614 0.064702 0.167573 -0.036672 -0.095878
  3   2.380047 0.353302 0.047440 0.052294 -0.006560 -0.055564
  4   2.033756 0.190472 -0.000128 -0.004528 0.004890 -0.351005
  5   2.451511 0.204909 -0.003447 -0.279433 0.162459 -0.387492
  6   7.247600 -0.397300 -0.109469 0.056796 0.015853 0.258572
  7   -2.022252 -0.104661 3.136172 2.108402 -1.432345 -5.298682
  8   1.168026 -0.537438 -0.063437 1.642489 0.398153 0.497733
  9   6.790376 -0.619176 0.015206 0.190748 -0.063755 -2.250743
 10   8.637599 0.544015 -0.090417 -1.981111 -0.607670 0.055440
 11   6.790465 -0.619039 0.017802 0.130983 -0.107188 -1.590933
 12   -2.022474 -0.104699 -2.873818 -2.650547 1.627252 -5.985039
 13   1.167898 -0.537463 0.063297 -0.013567 -0.495777 -0.897882
 14   7.002743 -0.617765 -0.183752 -0.133619 0.034775 -2.175998
 15   8.209042 0.615527 -0.255885 2.590033 0.408801 0.956357
 16   7.002735 -0.617911 -0.183641 -0.077596 0.070128 -1.541801
 17   1.574674 0.609930 -0.000899 0.258839 -0.543265 0.693825
 18   -0.602177 0.511412 -0.000006 0.000000 0.000000 0.000000
 19   3.673773 0.177020 1.119313 -0.000002 -0.000014 -0.174510
 20   3.673767 0.176993 -1.117566 0.000007 -0.000003 -0.174546
 21   3.942357 1.334540 1.627658 0.000002 -0.000011 -0.000026
 22   -0.246060 -0.011889 0.516521 -0.000011 0.000031 0.000025
 23   3.942374 1.334565 -1.631083 0.000019 0.000002 -0.000024
 24   -0.246150 -0.011872 -0.516511 -0.000005 -0.000006 0.000048
 25   4.941364 1.997338 1.629330 0.000018 -0.000001 -0.000024
 26   4.941382 1.997366 -1.629410 -0.000001 0.000005 -0.000024
 27   2.914462 1.619264 1.514501 -0.000019 -0.000022 -0.000050
 28   2.916892 1.618870 -1.501142 -0.000002 -0.000009 -0.000024
 29   8.824059 0.150544 0.091743 0.000006 -0.000231 -0.174534
 30   2.111085 -0.561179 1.784320 -0.000008 -0.000682 0.000024
 31   2.121290 -0.561289 -1.853599 0.000000 0.000000 -0.000002
 32   -0.814395 -0.093824 3.127092 3.071965 -0.114691 1.239365
 33   14.298673 -0.408176 0.471578 0.000248 0.000063 -1.896136
 34   15.835795 0.581398 0.242756 -0.214735 0.106913 -0.097869
 35   -0.815868 -0.091229 -3.114430 0.066464 3.132818 -1.010216
 36   14.294526 -0.410349 -0.467541 0.000021 -0.000012 -2.607695
 37   15.834409 0.579420 -0.284600 -0.006092 -0.035255 0.214508
 38   1.139685 -3.453749 -2.823813 0.000000 0.000000 0.000001
 39   -4.457742 -1.054854 -0.746180 0.000000 0.000000 0.000000
 40   1.118101 -3.449769 3.237290 0.000000 0.000001 0.000000
 41   -4.433840 -1.059130 0.959566 -0.000001 0.000000 0.000000
 42   -0.657468 1.697302 -2.688614 0.000000 0.000002 0.000000
 43   -0.664068 1.698578 2.869377 0.000000 0.000002 0.000000
time 30
  0   -0.967547 0.175787 -20.574476 0.000000 0.000000 -1.572114
  1   -1.093036 0.000002 -0.326057 -1.569027 -1.622749 -0.001768
  2   2.262337 0.113614 0.064702 0.168363 -0.036193 -0.094776
  3   2.380047 0.353302 0.047440 0.053164 -0.006032 -0.057727
  4   2.033756 0.190472 -0.000128 -0.004196 0.007455 -0.355681
  5   2.451511 0.204909 -0.003447 -0.276848 0.152341 -0.387913
  6   7.247600 -0.397300 -0.109469 0.056796 0.015853 0.258572
  7   -2.022252 -0.104661 3.136172 2.053571 -1.436208 -5.261773
  8   1.168026 -0.537438 -0.063437 1.698872 0.430203 0.679733
  9   6.790376 -0.619176 0.015206 0.181483 -0.067893 -2.128184
 10   8.637599 0.544015 -0.090417 -1.915062 -0.833201 0.100583
 11   6.790465 -0.619039 0.017802 0.122720 -0.104602 -1.504767
 12   -2.022474 -0.104699 -2.873818 -2.679098 1.627746 -6.021325
 13   1.167898 -0.537463 0.063297 -0.015676 -0.533002 -0.880569
 14   7.002743 -0.617765 -0.183752 -0.133790 0.034775 -2.177319
 15   8.209042 0.615527 -0.255885 2.592981 0.405548 0.943608
 16   7.002735 -0.617911 -0.183641 -0.077690 0.070184 -1.542684
 17   1.574674 0.609930 -0.000899 0.261074 -0.511244 0.682551
 18   -0.602177 0.511412 -0.000006 0.000000 0.000000 0.000000
 19   3.673773 0.177020 1.119313 -0.000002 -0.000014 -0.174510
 20   3.673767 0.176993 -1.117566 0.000007 -0.000003 -0.174546
 21   3.942357 1.334540 1.627658 0.000002 -0.000011 -0.000026
 22   -0.246060 -0.011889 0.516521 -0.000011 0.000031 0.000025
 23   3.942374 1.334565 -1.631083 0.000019 0.000002 -0.000024
 24   -0.246150 -0.011872 -0.516511 -0.000005 -0.000006 0.000048
 25   4.941364 1.997338 1.629330 0.000018 -0.000001 -0.000024
 26   4.941382 1.997366 -1.629410 -0.000001 0.000005 -0.000024
 27   2.914462 1.619264 1.514501 -0.000019 -0.000022 -0.000050
 28   2.916892 1.618870 -1.501142 -0.000002 -0.000009 -0.000024
 29   8.824059 0.150544 0.091743 0.000006 -0.000231 -0.174534
 30   2.111085 -0.561179 1.784320 -0.000008 -0.000682 0.000024
 31   2.121290 -0.561289 -1.853599 0.000000 0.000000 -0.000002
 32   -0.814395 -0.093824 3.127092 3.071965 -0.114691 1.239365
 33   14.298673 -0.408176 0.471578 0.000248 0.000063 -1.896136
 34   15.835795 0.581398 0.242756 -0.214735 0.106913 -0.097869
 35   -0.815868 -0.091229 -3.114430 0.066464 3.132818 -1.010216
 36   14.294526 -0.410349 -0.467541 0.000021 -0.000012 -2.607695
 37   15.834409 0.579420 -0.284600 -0.006092 -0.035255 0.214508
 38   1.139685 -3.453749 -2.823813 0.000000 0.000000 0.000001
 39   -4.457742 -1.054854 -0.746180 0.000000 0.000000 0.000000
 40   1.118101 -3.449769 3.237290 0.000000 0.000001 0.000000
 41   -4.433840 -1.059130 0.959566 -0.000001 0.000000 0.000000
 42   -0.657468 1.697302 -2.688614 0.000000 0.000002 0.000000
 43   -0.664068 1.698578 2.869377 0.000000 0.000002 0.000000
time 31
  0   -0.967547 0.175787 -20.574476 0.000000 0.000000 -1.572114
  1   -1.093036 0.000002 -0.326057 -1.569027 -1.622749 -0.001768
  2   2.262337 0.113614 0.064702 0.169382 -0.033137 -0.091017
  3   2.380047 0.353302 0.047440 0.054889 -0.004438 -0.063931
  4   2.033756 0.190472 -0.000128 -0.003237 0.008557 -0.366555
  5   2.451511 0.204909 -0.003447 -0.267896 0.120315 -0.385808
  6   7.247600 -0.397300 -0.109469 0.056796 0.015853 0.258572
  7   -2.022252 -0.104661 3.136172 2.018008 -1.436871 -5.241018
  8   1.168026 -0.537438 -0.063437 1.660777 0.441524 0.843704
  9   6.790376 -0.619176 0.015206 0.169333 -0.071430 -1.974306
 10   8.637599 0.544015 -0.090417 -2.142005 -0.859879 0.267264
 11   6.790465 -0.619039 0.017802 0.112735 -0.100480 -1.396684
 12   -2.022474 -0.104699 -2.873818 -2.735145 1.653838 0.202230
 13   1.167898 -0.537463 0.063297 -0.027274 -0.560260 -0.860835
 14   7.002743 -0.617765 -0.183752 -0.133847 0.034775 -2.178061
 15   8.209042 0.615527 -0.255885 2.596792 0.396847 0.937834
 16   7.002735 -0.617911 -0.183641 -0.077737 0.070240 -1.543236
 17   1.574674 0.609930 -0.000899 0.272651 -0.457851 0.666030
 18   -0.602177 0.511412 -0.000006 0.000000 0.000000 0.000000
 19   3.673773 0.177020 1.119313 -0.000002 -0.000014 -0.174510
 20   3.673767 0.176993 -1.117566 0.000007 -0.000003 -0.174546
 21   3.942357 1.334540 1.627658 0.000002 -0.000011 -0.000026
 22   -0.246060 -0.011889 0.516521 -0.000011 0.000031 0.000025
 23   3.942374 1.334565 -1.631083 0.000019 0.000002 -0.000024
 24   -0.246150 -0.011872 -0.516511 -0.000005 -0.000006 0.000048
 25   4.941364 1.997338 1.629330 0.000018 -0.000001 -0.000024
 26   4.941382 1.997366 -1.629410 -0.000001 0.000005 -0.000024
 27   2.914462 1.619264 1.514501 -0.000019 -0.000022 -0.000050
 28   2.916892 1.618870 -1.501142 -0.000002 -0.000009 -0.000024
 29   8.824059 0.150544 0.091743 0.000006 -0.000231 -0.174534
 30   2.111085 -0.561179 1.784320 -0.000008 -0.000682 0.000024
 31   2.121290 -0.561289 -1.853599 0.000000 0.000000 -0.000002
 32   -0.814395 -0.093824 3.127092 3.071965 -0.114691 1.239365
 33   14.298673 -0.408176 0.471578 0.000248 0.000063 -1.896136
 34   15.835795 0.581398 0.242756 -0.214735 0.106913 -0.097869
 35   -0.815868 -0.091229 -3.114430 0.066464 3.132818 -1.010216
 36   14.294526 -0.410349 -0.467541 0.000021 -0.000012 -2.607695
 37   15.834409 0.579420 -0.284600 -0.006092 -0.035255 0.214508
 38   1.139685 -3.453749 -2.823813 0.000000 0.000000 0.000001
 39   -4.457742 -1.054854 -0.746180 0.000000 0.000000 0.000000
 40   1.118101 -3.449769 3.237290 0.000000 0.000001 0.000000
 41   -4.433840 -1.059130 0.959566 -0.000001 0.000000 0.000000
 42   -0.657468 1.697302 -2.688614 0.000000 0.000002 0.000000
 43   -0.664068 1.698578 2.869377 0.000000 0.000002 0.000000
time 32
  0   -0.967547 0.175787 -20.574476 0.000000 0.000000 -1.572114
  1   -1.093036 0.000002 -0.326057 -1.569027 -1.622749 -0.001768
  2   2.262337 0.113614 0.064702 0.169000 -0.030392 -0.087963
  3   2.380047 0.353302 0.047440 0.055849 -0.002701 -0.069971
  4   2.033756 0.190472 -0.000128 -0.002647 0.010247 -0.377102
  5   2.451511 0.204909 -0.003447 -0.258533 0.085026 -0.382960
  6   7.247600 -0.397300 -0.109469 0.056796 0.015853 0.258572
  7   -2.022252 -0.104661 3.136172 1.794276 -1.448517 -5.050461
  8   1.168026 -0.537438 -0.063437 1.543961 0.444945 0.978829
  9   6.790376 -0.619176 0.015206 0.158070 -0.072965 -1.835295
 10   8.637599 0.544015 -0.090417 -2.620902 -0.543967 0.449282
 11   6.790465 -0.619039 0.017802 0.104064 -0.096046 -1.299271
 12   -2.022474 -0.104699 -2.873818 -2.773180 1.678973 0.159338
 13   1.167898 -0.537463 0.063297 -0.040771 -0.580958 -0.843764
 14   7.002743 -0.617765 -0.183752 -0.133676 0.034775 -2.176328
 15   8.209042 0.615527 -0.255885 2.606355 0.390264 0.934106
 16   7.002735 -0.617911 -0.183641 -0.077643 0.070184 -1.542187
 17   1.574674 0.609930 -0.000899 0.285528 -0.405476 0.635426
 18   -0.602177 0.511412 -0.000006 0.000000 0.000000 0.000000
 19   3.673773 0.177020 1.119313 -0.000002 -0.000014 -0.174510
 20   3.673767 0.176993 -1.117566 0.000007 -0.000003 -0.174546
 21   3.942357 1.334540 1.627658 0.000002 -0.000011 -0.000026
 22   -0.246060 -0.011889 0.516521 -0.000011 0.000031 0.000025
 23   3.942374 1.334565 -1.631083 0.000019 0.000002 -0.000024
 24   -0.246150 -0.011872 -0.516511 -0.000005 -0.000006 0.000048
 25   4.941364 1.997338 1.629330 0.000018 -0.000001 -0.000024
 26   4.941382 1.997366 -1.629410 -0.000001 0.000005 -0.000024
 27   2.914462 1.619264 1.514501 -0.000019 -0.000022 -0.000050
 28   2.916892 1.618870 -1.501142 -0.000002 -0.000009 -0.000024
 29   8.824059 0.150544 0.091743 0.000006 -0.000231 -0.174534
 30   2.111085 -0.561179 1.784320 -0.000008 -0.000682 0.000024
 31   2.121290 -0.561289 -1.853599 0.000000 0.000000 -0.000002
 32   -0.814395 -0.093824 3.127092 3.071965 -0.114691 1.239365
 33   14.298673 -0.408176 0.471578 0.000248 0.000063 -1.896136
 34   15.835795 0.581398 0.242756 -0.214735 0.106913 -0.097869
 35   -0.815868 -0.091229 -3.114430 0.066464 3.132818 -1.010216
 36   14.294526 -0.410349 -0.467541 0.000021 -0.000012 -2.607695
 37   15.834409 0.579420 -0.284600 -0.006092 -0.035255 0.214508
 38   1.139685 -3.453749 -2.823813 0.000000 0.000000 0.000001
 39   -4.457742 -1.054854 -0.746180 0.000000 0.000000 0.000000
 40   1.118101 -3.449769 3.237290 0.000000 0.000001 0.000000
 41   -4.433840 -1.059130 0.959566 -0.000001 0.000000 0.000000
 42   -0.657468 1.697302 -2.688614 0.000000 0.000002 0.000000
 43   -0.664068 1.698578 2.869377 0.000000 0.000002 0.000000
time 33
  0   -0.967547 0.175787 -20.574476 0.000000 0.000000 -1.572114
  1   -1.093036 0.000002 -0.326057 -1.569027 -1.622749 -0.001768
  2   2.262337 0.113614 0.064702 0.165841 -0.030188 -0.089048
  3   2.380047 0.353302 0.047440 0.054439 -0.002006 -0.071624
  4   2.033756 0.190472 -0.000128 -0.003274 0.014070 -0.379930
  5   2.451511 0.204909 -0.003447 -0.253980 0.065952 -0.380286
  6   7.247600 -0.397300 -0.109469 0.056796 0.015853 0.258572
  7   -2.022252 -0.104661 3.136172 1.439026 -1.454398 -4.737532
  8   1.168026 -0.537438 -0.063437 1.444737 0.483989 1.046644
  9   6.790376 -0.619176 0.015206 0.148195 -0.073098 -1.714773
 10   8.637599 0.544015 -0.090417 -2.660531 -0.367991 0.399075
 11   6.790465 -0.619039 0.017802 0.096852 -0.091640 -1.214835
 12   -2.022474 -0.104699 -2.873818 -2.798569 1.679466 0.119797
 13   1.167898 -0.537463 0.063297 -0.048082 -0.599062 -0.833897
 14   7.002743 -0.617765 -0.183752 -0.133562 0.034832 -2.174183
 15   8.209042 0.615527 -0.255885 2.620807 0.386406 0.933324
 16   7.002735 -0.617911 -0.183641 -0.077455 0.070071 -1.540586
 17   1.574674 0.609930 -0.000899 0.294830 -0.377242 0.579615
 18   -0.602177 0.511412 -0.000006 0.000000 0.000000 0.000000
 19   3.673773 0.177020 1.119313 -0.000002 -0.000014 -0.174510
 20   3.673767 0.176993 -1.117566 0.000007 -0.000003 -0.174546
 21   3.942357 1.334540 1.627658 0.000002 -0.000011 -0.000026
 22   -0.246060 -0.011889 0.516521 -0.000011 0.000031 0.000025
 23   3.942374 1.334565 -1.631083 0.000019 0.000002 -0.000024
 24   -0.246150 -0.011872 -0.516511 -0.000005 -0.000006 0.000048
 25   4.941364 1.997338 1.629330 0.000018 -0.000001 -0.000024
 26   4.941382 1.997366 -1.629410 -0.000001 0.000005 -0.000024
 27   2.914462 1.619264 1.514501 -0.000019 -0.000022 -0.000050
 28   2.916892 1.618870 -1.501142 -0.000002 -0.000009 -0.000024
 29   8.824059 0.150544 0.091743 0.000006 -0.000231 -0.174534
 30   2.111085 -0.561179 1.784320 -0.000008 -0.000682 0.000024
 31   2.121290 -0.561289 -1.853599 0.000000 0.000000 -0.000002
 32   -0.814395 -0.093824 3.127092 3.071965 -0.114691 1.239365
 33   14.298673 -0.408176 0.471578 0.000248 0.000063 -1.896136
 34   15.835795 0.581398 0.242756 -0.214735 0.106913 -0.097869
 35   -0.815868 -0.091229 -3.114430 0.066464 3.132818 -1.010216
 36   14.294526 -0.410349 -0.467541 0.000021 -0.000012 -2.607695
 37   15.834409 0.579420 -0.284600 -0.006092 -0.035255 0.214508
 38   1.139685 -3.453749 -2.823813 0.000000 0.000000 0.000001
 39   -4.457742 -1.054854 -0.746180 0.000000 0.000000 0.000000
 40   1.118101 -3.449769 3.237290 0.000000 0.000001 0.000000
 41   -4.433840 -1.059130 0.959566 -0.000001 0.000000 0.000000
 42   -0.657468 1.697302 -2.688614 0.000000 0.000002 0.000000
 43   -0.664068 1.698578 2.869377 0.000000 0.000002 0.000000
time 34
  0   -0.967547 0.175787 -20.574476 0.000000 0.000000 -1.572114
  1   -1.093036 0.000002 -0.326057 -1.569027 -1.622749 -0.001768
  2   2.262337 0.113614 0.064702 0.159969 -0.032969 -0.090801
  3   2.380047 0.353302 0.047440 0.050718 -0.003623 -0.071664
  4   2.033756 0.190472 -0.000128 -0.004639 0.018552 -0.381126
  5   2.451511 0.204909 -0.003447 -0.252645 0.057244 -0.379270
  6   7.247600 -0.397300 -0.109469 0.056796 0.015853 0.258572
  7   -2.022252 -0.104661 3.136172 1.196697 -1.441627 -4.522369
  8   1.168026 -0.537438 -0.063437 1.359499 0.551260 1.107627
  9   6.790376 -0.619176 0.015206 0.138930 -0.072031 -1.601723
 10   8.637599 0.544015 -0.090417 -2.584179 -0.267966 0.353787
 11   6.790465 -0.619039 0.017802 0.090458 -0.087063 -1.135763
 12   -2.022474 -0.104699 -2.873818 -2.822713 1.670382 0.085426
 13   1.167898 -0.537463 0.063297 -0.049980 -0.608928 -0.832202
 14   7.002743 -0.617765 -0.183752 -0.133448 0.034889 -2.173193
 15   8.209042 0.615527 -0.255885 2.637489 0.381715 0.937233
 16   7.002735 -0.617911 -0.183641 -0.077408 0.070071 -1.539759
 17   1.574674 0.609930 -0.000899 0.306204 -0.361054 0.515931
 18   -0.602177 0.511412 -0.000006 0.000000 0.000000 0.000000
 19   3.673773 0.177020 1.119313 -0.000002 -0.000014 -0.174510
 20   3.673767 0.176993 -1.117566 0.000007 -0.000003 -0.174546
 21   3.942357 1.334540 1.627658 0.000002 -0.000011 -0.000026
 22   -0.246060 -0.011889 0.516521 -0.000011 0.000031 0.000025
 23   3.942374 1.334565 -1.631083 0.000019 0.000002 -0.000024
 24   -0.246150 -0.011872 -0.516511 -0.000005 -0.000006 0.000048
 25   4.941364 1.997338 1.629330 0.000018 -0.000001 -0.000024
 26   4.941382 1.997366 -1.629410 -0.000001 0.000005 -0.000024
 27   2.914462 1.619264 1.514501 -0.000019 -0.000022 -0.000050
 28   2.916892 1.618870 -1.501142 -0.000002 -0.000009 -0.000024
 29   8.824059 0.150544 0.091743 0.000006 -0.000231 -0.174534
 30   2.111085 -0.561179 1.784320 -0.000008 -0.000682 0.000024
 31   2.121290 -0.561289 -1.853599 0.000000 0.000000 -0.000002
 32   -0.814395 -0.093824 3.127092 3.071965 -0.114691 1.239365
 33   14.298673 -0.408176 0.471578 0.000248 0.000063 -1.896136
 34   15.835795 0.581398 0.242756 -0.214735 0.106913 -0.097869
 35   -0.815868 -0.091229 -3.114430 0.066464 3.132818 -1.010216
 36   14.294526 -0.410349 -0.467541 0.000021 -0.000012 -2.607695
 37   15.834409 0.579420 -0.284600 -0.006092 -0.035255 0.214508
 38   1.139685 -3.453749 -2.823813 0.000000 0.000000 0.000001
 39   -4.457742 -1.054854 -0.746180 0.000000 0.000000 0.000000
 40   1.118101 -3.449769 3.237290 0.000000 0.000001 0.000000
 41   -4.433840 -1.059130 0.959566 -0.000001 0.000000 0.000000
 42   -0.657468 1.697302 -2.688614 0.000000 0.000002 0.000000
 43   -0.664068 1.698578 2.869377 0.000000 0.000002 0.000000
time 35
  0   -0.967547 0.175787 -20.574476 0.000000 0.000000 -1.572114
  1   -1.093036 0.000002 -0.326057 -1.569027 -1.622749 -0.001768
  2   2.262337 0.113614 0.064702 0.146276 -0.035641 -0.088180
  3   2.380047 0.353302 0.047440 0.042918 -0.004918 -0.070909
  4   2.033756 0.190472 -0.000128 -0.007184 0.021716 -0.383772
  5   2.451511 0.204909 -0.003447 -0.253809 0.051525 -0.380013
  6   7.247600 -0.397300 -0.109469 0.056796 0.015853 0.258572
  7   -2.022252 -0.104661 3.136172 1.051185 -1.424446 -4.377269
  8   1.168026 -0.537438 -0.063437 1.315962 0.605045 1.046834
  9   6.790376 -0.619176 0.015206 0.132383 -0.070696 -1.521652
 10   8.637599 0.544015 -0.090417 -2.559169 -0.239669 0.432715
 11   6.790465 -0.619039 0.017802 0.086108 -0.083595 -1.079702
 12   -2.022474 -0.104699 -2.873818 3.385585 1.655522 0.016492
 13   1.167898 -0.537463 0.063297 -0.037678 -0.613556 -0.853147
 14   7.002743 -0.617765 -0.183752 -0.133221 0.034889 -2.171378
 15   8.209042 0.615527 -0.255885 2.645973 0.380202 0.942285
 16   7.002735 -0.617911 -0.183641 -0.077266 0.070015 -1.538544
 17   1.574674 0.609930 -0.000899 0.330617 -0.367160 0.446962
 18   -0.602177 0.511412 -0.000006 0.000000 0.000000 0.000000
 19   3.673773 0.177020 1.119313 -0.000002 -0.000014 -0.174510
 20   3.673767 0.176993 -1.117566 0.000007 -0.000003 -0.174546
 21   3.942357 1.334540 1.627658 0.000002 -0.000011 -0.000026
 22   -0.246060 -0.011889 0.516521 -0.000011 0.000031 0.000025
 23   3.942374 1.334565 -1.631083 0.000019 0.000002 -0.000024
 24   -0.246150 -0.011872 -0.516511 -0.000005 -0.000006 0.000048
 25   4.941364 1.997338 1.629330 0.000018 -0.000001 -0.000024
 26   4.941382 1.997366 -1.629410 -0.000001 0.000005 -0.000024
 27   2.914462 1.619264 1.514501 -0.000019 -0.000022 -0.000050
 28   2.916892 1.618870 -1.501142 -0.000002 -0.000009 -0.000024
 29   8.824059 0.150544 0.091743 0.000006 -0.000231 -0.174534
 30   2.111085 -0.561179 1.784320 -0.000008 -0.000682 0.000024
 31   2.121290 -0.561289 -1.853599 0.000000 0.000000 -0.000002
 32   -0.814395 -0.093824 3.127092 3.071965 -0.114691 1.239365
 33   14.298673 -0.408176 0.471578 0.000248 0.000063 -1.896136
 34   15.835795 0.581398 0.242756 -0.214735 0.106913 -0.097869
 35   -0.815868 -0.091229 -3.114430 0.066464 3.132818 -1.010216
 36   14.294526 -0.410349 -0.467541 0.000021 -0.000012 -2.607695
 37   15.834409 0.579420 -0.284600 -0.006092 -0.035255 0.214508
 38   1.139685 -3.453749 -2.823813 0.000000 0.000000 0.000001
 39   -4.457742 -1.054854 -0.746180 0.000000 0.000000 0.000000
 40   1.118101 -3.449769 3.237290 0.000000 0.000001 0.000000
 41   -4.433840 -1.059130 0.959566 -0.000001 0.000000 0.000000
 42   -0.657468 1.697302 -2.688614 0.000000 0.000002 0.000000
 43   -0.664068 1.698578 2.869377 0.000000 0.000002 0.000000
time 36
  0   -0.967547 0.175787 -20.574476 0.000000 0.000000 -1.572114
  1   -1.093036 0.000002 -0.326057 -1.569027 -1.622749 -0.001768
  2   2.262337 0.113614 0.064702 0.129832 -0.039968 -0.080048
  3   2.380047 0.353302 0.047440 0.033557 -0.007578 -0.069399
  4   2.033756 0.190472 -0.000128 -0.010117 0.023106 -0.388774
  5   2.451511 0.204909 -0.003447 -0.256907 0.050141 -0.383604
  6   7.247600 -0.397300 -0.109469 0.056796 0.015853 0.258572
  7   -2.022252 -0.104661 3.136172 0.985714 -1.405593 -4.301478
  8   1.168026 -0.537438 -0.063437 1.303559 0.624467 0.913038
  9   6.790376 -0.619176 0.015206 0.131884 -0.070629 -1.514256
 10   8.637599 0.544015 -0.090417 -2.693027 -0.215736 0.536457
 11   6.790465 -0.619039 0.017802 0.085699 -0.083283 -1.074569
 12   -2.022474 -0.104699 -2.873818 3.361538 1.644812 0.005290
 13   1.167898 -0.537463 0.063297 -0.022073 -0.614522 -0.888378
 14   7.002743 -0.617765 -0.183752 -0.133448 0.034889 -2.173193
 15   8.209042 0.615527 -0.255885 2.646908 0.377024 0.942224
 16   7.002735 -0.617911 -0.183641 -0.077408 0.070071 -1.539814
 17   1.574674 0.609930 -0.000899 0.377332 -0.379514 0.361582
 18   -0.602177 0.511412 -0.000006 0.000000 0.000000 0.000000
 19   3.673773 0.177020 1.119313 -0.000002 -0.000014 -0.174510
 20   3.673767 0.176993 -1.117566 0.000007 -0.000003 -0.174546
 21   3.942357 1.334540 1.627658 0.000002 -0.000011 -0.000026
 22   -0.246060 -0.011889 0.516521 -0.000011 0.000031 0.000025
 23   3.942374 1.334565 -1.631083 0.000019 0.000002 -0.000024
 24   -0.246150 -0.011872 -0.516511 -0.000005 -0.000006 0.000048
 25   4.941364 1.997338 1.629330 0.000018 -0.000001 -0.000024
 26   4.941382 1.997366 -1.629410 -0.000001 0.000005 -0.000024
 27   2.914462 1.619264 1.514501 -0.000019 -0.000022 -0.000050
 28   2.916892 1.618870 -1.501142 -0.000002 -0.000009 -0.000024
 29   8.824059 0.150544 0.091743 0.000006 -0.000231 -0.174534
 30   2.111085 -0.561179 1.784320 -0.000008 -0.000682 0.000024
 31   2.121290 -0.561289 -1.853599 0.000000 0.000000 -0.000002
 32   -0.814395 -0.093824 3.127092 3.071965 -0.114691 1.239365
 33   14.298673 -0.408176 0.471578 0.000248 0.000063 -1.896136
 34   15.835795 0.581398 0.242756 -0.214735 0.106913 -0.097869
 35   -0.815868 -0.091229 -3.114430 0.066464 3.132818 -1.010216
 36   14.294526 -0.410349 -0.467541 0.000021 -0.000012 -2.607695
 37   15.834409 0.579420 -0.284600 -0.006092 -0.035255 0.214508
 38   1.139685 -3.453749 -2.823813 0.000000 0.000000 0.000001
 39   -4.457742 -1.054854 -0.746180 0.000000 0.000000 0.000000
 40   1.118101 -3.449769 3.237290 0.000000 0.000001 0.000000
 41   -4.433840 -1.059130 0.959566 -0.000001 0.000000 0.000000
 42   -0.657468 1.697302 -2.688614 0.000000 0.000002 0.000000
 43   -0.664068 1.698578 2.869377 0.000000 0.000002 0.000000
time 37
  0   -0.967547 0.175787 -20.574476 0.000000 0.000000 -1.572114
  1   -1.093036 0.000002 -0.326057 -1.569027 -1.622749 -0.001768
  2   2.262337 0.113614 0.064702 0.119464 -0.046583 -0.072549
  3   2.380047 0.353302 0.047440 0.027437 -0.012935 -0.068093
  4   2.033756 0.190472 -0.000128 -0.011573 0.020853 -0.392870
  5   2.451511 0.204909 -0.003447 -0.262299 0.061343 -0.389399
  6   7.247600 -0.397300 -0.109469 0.056796 0.015853 0.258572
  7   -2.022252 -0.104661 3.136172 0.968076 -1.380167 -4.282132
  8   1.168026 -0.537438 -0.063437 1.222117 0.687863 0.856863
  9   6.790376 -0.619176 0.015206 0.136100 -0.071563 -1.566857
 10   8.637599 0.544015 -0.090417 -2.800730 -0.170335 0.573859
 11   6.790465 -0.619039 0.017802 0.088502 -0.085614 -1.111308
 12   -2.022474 -0.104699 -2.873818 -2.816964 1.643970 0.122860
 13   1.167898 -0.537463 0.063297 -0.017152 -0.604961 -0.915619
 14   7.002743 -0.617765 -0.183752 -0.133676 0.034775 -2.176328
 15   8.209042 0.615527 -0.255885 2.649928 0.376192 0.939759
 16   7.002735 -0.617911 -0.183641 -0.077643 0.070184 -1.542187
 17   1.574674 0.609930 -0.000899 0.419741 -0.377857 0.283409
 18   -0.602177 0.511412 -0.000006 0.000000 0.000000 0.000000
 19   3.673773 0.177020 1.119313 -0.000002 -0.000014 -0.174510
 20   3.673767 0.176993 -1.117566 0.000007 -0.000003 -0.174546
 21   3.942357 1.334540 1.627658 0.000002 -0.000011 -0.000026
 22   -0.246060 -0.011889 0.516521 -0.000011 0.000031 0.000025
 23   3.942374 1.334565 -1.631083 0.000019 0.000002 -0.000024
 24   -0.246150 -0.011872 -0.516511 -0.000005 -0.000006 0.000048
 25   4.941364 1.997338 1.629330 0.000018 -0.000001 -0.000024
 26   4.941382 1.997366 -1.629410 -0.000001 0.000005 -0.000024
 27   2.914462 1.619264 1.514501 -0.000019 -0.000022 -0.000050
 28   2.916892 1.618870 -1.501142 -0.000002 -0.000009 -0.000024
 29   8.824059 0.150544 0.091743 0.000006 -0.000231 -0.174534
 30   2.111085 -0.561179 1.784320 -0.000008 -0.000682 0.000024
 31   2.121290 -0.561289 -1.853599 0.000000 0.000000 -0.000002
 32   -0.814395 -0.093824 3.127092 3.071965 -0.114691 1.239365
 33   14.298673 -0.408176 0.471578 0.000248 0.000063 -1.896136
 34   15.835795 0.581398 0.242756 -0.214735 0.106913 -0.097869
 35   -0.815868 -0.091229 -3.114430 0.066464 3.132818 -1.010216
 36   14.294526 -0.410349 -0.467541 0.000021 -0.000012 -2.607695
 37   15.834409 0.579420 -0.284600 -0.006092 -0.035255 0.214508
 38   1.139685 -3.453749 -2.823813 0.000000 0.000000 0.000001
 39   -4.457742 -1.054854 -0.746180 0.000000 0.000000 0.000000
 40   1.118101 -3.449769 3.237290 0.000000 0.000001 0.000000
 41   -4.433840 -1.059130 0.959566 -0.000001 0.000000 0.000000
 42   -0.657468 1.697302 -2.688614 0.000000 0.000002 0.000000
 43   -0.664068 1.698578 2.869377 0.000000 0.000002 0.000000
time 38
  0   -0.967547 0.175787 -20.574476 0.000000 0.000000 -1.572114
  1   -1.093036 0.000002 -0.326057 -1.569027 -1.622749 -0.001768
  2   2.262337 0.113614 0.064702 0.112420 -0.053307 -0.072748
  3   2.380047 0.353302 0.047440 0.022682 -0.017022 -0.066298
  4   2.033756 0.190472 -0.000128 -0.013067 0.019811 -0.391275
  5   2.451511 0.204909 -0.003447 -0.268187 0.077715 -0.393609
  6   7.247600 -0.397300 -0.109469 0.056796 0.015853 0.258572
  7   -2.022252 -0.104661 3.136172 1.009199 -1.355981 -4.341486
  8   1.168026 -0.537438 -0.063437 1.088658 0.789649 0.774751
  9   6.790376 -0.619176 0.015206 0.143202 -0.072631 -1.654852
 10   8.637599 0.544015 -0.090417 -2.927632 -0.081291 0.602001
 11   6.790465 -0.619039 0.017802 0.093407 -0.089309 -1.173020
 12   -2.022474 -0.104699 -2.873818 -2.801348 1.630242 0.135402
 13   1.167898 -0.537463 0.063297 -0.015465 -0.607301 -0.923670
 14   7.002743 -0.617765 -0.183752 -0.133562 0.034775 -2.175503
 15   8.209042 0.615527 -0.255885 2.653955 0.377327 0.938676
 16   7.002735 -0.617911 -0.183641 -0.077549 0.070128 -1.541469
 17   1.574674 0.609930 -0.000899 0.447160 -0.377881 0.218875
 18   -0.602177 0.511412 -0.000006 0.000000 0.000000 0.000000
 19   3.673773 0.177020 1.119313 -0.000002 -0.000014 -0.174510
 20   3.673767 0.176993 -1.117566 0.000007 -0.000003 -0.174546
 21   3.942357 1.334540 1.627658 0.000002 -0.000011 -0.000026
 22   -0.246060 -0.011889 0.516521 -0.000011 0.000031 0.000025
 23   3.942374 1.334565 -1.631083 0.000019 0.000002 -0.000024
 24   -0.246150 -0.011872 -0.516511 -0.000005 -0.000006 0.000048
 25   4.941364 1.997338 1.629330 0.000018 -0.000001 -0.000024
 26   4.941382 1.997366 -1.629410 -0.000001 0.000005 -0.000024
 27   2.914462 1.619264 1.514501 -0.000019 -0.000022 -0.000050
 28   2.916892 1.618870 -1.501142 -0.000002 -0.000009 -0.000024
 29   8.824059 0.150544 0.091743 0.000006 -0.000231 -0.174534
 30   2.111085 -0.561179 1.784320 -0.000008 -0.000682 0.000024
 31   2.121290 -0.561289 -1.853599 0.000000 0.000000 -0.000002
 32   -0.814395 -0.093824 3.127092 3.071965 -0.114691 1.239365
 33   14.298673 -0.408176 0.471578 0.000248 0.000063 -1.896136
 34   15.835795 0.581398 0.242756 -0.214735 0.106913 -0.097869
 35   -0.815868 -0.091229 -3.114430 0.066464 3.132818 -1.010216
 36   14.294526 -0.410349 -0.467541 0.000021 -0.000012 -2.607695
 37   15.834409 0.579420 -0.284600 -0.006092 -0.035255 0.214508
 38   1.139685 -3.453749 -2.823813 0.000000 0.000000 0.000001
 39   -4.457742 -1.054854 -0.746180 0.000000 0.000000 0.000000
 40   1.118101 -3.449769 3.237290 0.000000 0.000001 0.000000
 41   -4.433840 -1.059130 0.959566 -0.000001 0.000000 0.000000
 42   -0.657468 1.697302 -2.688614 0.000000 0.000002 0.000000
 43   -0.664068 1.698578 2.869377 0.000000 0.000002 0.000000
time 39
  0   -0.967547 0.175787 -20.574476 0.000000 0.000000 -1.572114
  1   -1.093036 0.000002 -0.326057 -1.569027 -1.622749 -0.001768
  2   2.262337 0.113614 0.064702 0.106943 -0.057669 -0.078024
  3   2.380047 0.353302 0.047440 0.018901 -0.019012 -0.066134
  4   2.033756 0.190472 -0.000128 -0.014561 0.020338 -0.387252
  5   2.451511 0.204909 -0.003447 -0.272158 0.089974 -0.394897
  6   7.247600 -0.397300 -0.109469 0.056796 0.015853 0.258572
  7   -2.022252 -0.104661 3.136172 1.027891 -1.338945 -4.386379
  8   1.168026 -0.537438 -0.063437 0.836296 0.886202 0.525947
  9   6.790376 -0.619176 0.015206 0.150858 -0.073165 -1.747224
 10   8.637599 0.544015 -0.090417 -3.100767 -0.018855 0.623198
 11   6.790465 -0.619039 0.017802 0.098779 -0.092890 -1.237674
 12   -2.022474 -0.104699 -2.873818 3.271479 1.611086 -0.083653
 13   1.167898 -0.537463 0.063297 -0.013356 -0.618946 -0.917132
 14   7.002743 -0.617765 -0.183752 -0.133164 0.034889 -2.170553
 15   8.209042 0.615527 -0.255885 2.652445 0.375813 0.935128
 16   7.002735 -0.617911 -0.183641 -0.077219 0.069959 -1.537992
 17   1.574674 0.609930 -0.000899 0.465074 -0.380011 0.180288
 18   -0.602177 0.511412 -0.000006 0.000000 0.000000 0.000000
 19   3.673773 0.177020 1.119313 -0.000002 -0.000014 -0.174510
 20   3.673767 0.176993 -1.117566 0.000007 -0.000003 -0.174546
 21   3.942357 1.334540 1.627658 0.000002 -0.000011 -0.000026
 22   -0.246060 -0.011889 0.516521 -0.000011 0.000031 0.000025
 23   3.942374 1.334565 -1.631083 0.000019 0.000002 -0.000024
 24   -0.246150 -0.011872 -0.516511 -0.000005 -0.000006 0.000048
 25   4.941364 1.997338 1.629330 0.000018 -0.000001 -0.000024
 26   4.941382 1.997366 -1.629410 -0.000001 0.000005 -0.000024
 27   2.914462 1.619264 1.514501 -0.000019 -0.000022 -0.000050
 28   2.916892 1.618870 -1.501142 -0.000002 -0.000009 -0.000024
 29   8.824059 0.150544 0.091743 0.000006 -0.000231 -0.174534
 30   2.111085 -0.561179 1.784320 -0.000008 -0.000682 0.000024
 31   2.121290 -0.561289 -1.853599 0.000000 0.000000 -0.000002
 32   -0.814395 -0.093824 3.127092 3.071965 -0.114691 1.239365
 33   14.298673 -0.408176 0.471578 0.000248 0.000063 -1.896136
 34   15.835795 0.581398 0.242756 -0.214735 0.106913 -0.097869
 35   -0.815868 -0.091229 -3.114430 0.066464 3.132818 -1.010216
 36   14.294526 -0.410349 -0.467541 0.000021 -0.000012 -2.607695
 37   15.834409 0.579420 -0.284600 -0.006092 -0.035255 0.214508
 38   1.139685 -3.453749 -2.823813 0.000000 0.000000 0.000001
 39   -4.457742 -1.054854 -0.746180 0.000000 0.000000 0.000000
 40   1.118101 -3.449769 3.237290 0.000000 0.000001 0.000000
 41   -4.433840 -1.059130 0.959566 -0.000001 0.000000 0.000000
 42   -0.657468 1.697302 -2.688614 0.000000 0.000002 0.000000
 43   -0.664068 1.698578 2.869377 0.000000 0.000002 0.000000
time 40
  0   -0.967547 0.175787 -20.574476 0.000000 0.000000 -1.572114
  1   -1.093036 0.000002 -0.326057 -1.569027 -1.622749 -0.001768
  2   2.262337 0.113614 0.064702 0.104803 -0.058592 -0.086391
  3   2.380047 0.353302 0.047440 0.016891 -0.019527 -0.067808
  4   2.033756 0.190472 -0.000128 -0.015576 0.021093 -0.385077
  5   2.451511 0.204909 -0.003447 -0.273425 0.093212 -0.394650
  6   7.247600 -0.397300 -0.109469 0.056796 0.015853 0.258572
  7   -2.022252 -0.104661 3.136172 1.038723 -1.334246 -4.418686
  8   1.168026 -0.537438 -0.063437 0.440097 0.910202 0.099003
  9   6.790376 -0.619176 0.015206 0.155185 -0.073165 -1.799749
 10   8.637599 0.544015 -0.090417 -3.277337 0.005993 0.648807
 11   6.790465 -0.619039 0.017802 0.101903 -0.094823 -1.274471
 12   -2.022474 -0.104699 -2.873818 -0.228066 1.535653 -3.589884
 13   1.167898 -0.537463 0.063297 -0.018769 -0.631253 -0.904662
 14   7.002743 -0.617765 -0.183752 -0.132537 0.035059 -2.163705
 15   8.209042 0.615527 -0.255885 2.652876 0.375889 0.931700
 16   7.002735 -0.617911 -0.183641 -0.076702 0.069789 -1.533135
 17   1.574674 0.609930 -0.000899 0.471980 -0.377289 0.168017
 18   -0.602177 0.511412 -0.000006 0.000000 0.000000 0.000000
 19   3.673773 0.177020 1.119313 -0.000002 -0.000014 -0.174510
 20   3.673767 0.176993 -1.117566 0.000007 -0.000003 -0.174546
 21   3.942357 1.334540 1.627658 0.000002 -0.000011 -0.000026
 22   -0.246060 -0.011889 0.516521 -0.000011 0.000031 0.000025
 23   3.942374 1.334565 -1.631083 0.000019 0.000002 -0.000024
 24   -0.246150 -0.011872 -0.516511 -0.000005 -0.000006 0.000048
 25   4.941364 1.997338 1.629330 0.000018 -0.000001 -0.000024
 26   4.941382 1.997366 -1.629410 -0.000001 0.000005 -0.000024
 27   2.914462 1.619264 1.514501 -0.000019 -0.000022 -0.000050
 28   2.916892 1.618870 -1.501142 -0.000002 -0.000009 -0.000024
 29   8.824059 0.150544 0.091743 0.000006 -0.000231 -0.174534
 30   2.111085 -0.561179 1.784320 -0.000008 -0.000682 0.000024
 31   2.121290 -0.561289 -1.853599 0.000000 0.000000 -0.000002
 32   -0.814395 -0.093824 3.127092 3.071965 -0.114691 1.239365
 33   14.298673 -0.408176 0.471578 0.000248 0.000063 -1.896136
 34   15.835795 0.581398 0.242756 -0.214735 0.106913 -0.097869
 35   -0.815868 -0.091229 -3.114430 0.066464 3.132818 -1.010216
 36   14.294526 -0.410349 -0.467541 0.000021 -0.000012 -2.607695
 37   15.834409 0.579420 -0.284600 -0.006092 -0.035255 0.214508
 38   1.139685 -3.453749 -2.823813 0.000000 0.000000 0.000001
 39   -4.457742 -1.054854 -0.746180 0.000000 0.000000 0.000000
 40   1.118101 -3.449769 3.237290 0.000000 0.000001 0.000000
 41   -4.433840 -1.059130 0.959566 -0.000001 0.000000 0.000000
 42   -0.657468 1.697302 -2.688614 0.000000 0.000002 0.000000
 43   -0.664068 1.698578 2.869377 0.000000 0.000002 0.000000
time 41
  0   -0.967547 0.175787 -20.574476 0.000000 0.000000 -1.572114
  1   -1.093036 0.000002 -0.326057 -1.569027 -1.622749 -0.001768
  2   2.262337 0.113614 0.064702 0.102141 -0.056507 -0.088704
  3   2.380047 0.353302 0.047440 0.015826 -0.019970 -0.074746
  4   2.033756 0.190472 -0.000128 -0.015576 0.018648 -0.391710
  5   2.451511 0.204909 -0.003447 -0.272586 0.087728 -0.396433
  6   7.247600 -0.397300 -0.109469 0.056796 0.015853 0.258572
  7   -2.022252 -0.104661 3.136172 1.019168 -1.337618 -4.406665
  8   1.168026 -0.537438 -0.063437 0.088068 0.774605 -0.339835
  9   6.790376 -0.619176 0.015206 0.156739 -0.073098 -1.818616
 10   8.637599 0.544015 -0.090417 -3.519163 -0.039620 0.660310
 11   6.790465 -0.619039 0.017802 0.103042 -0.095449 -1.287621
 12   -2.022474 -0.104699 -2.873818 -0.244449 1.522505 -3.599936
 13   1.167898 -0.537463 0.063297 -0.035569 -0.640407 -0.891284
 14   7.002743 -0.617765 -0.183752 -0.131911 0.035173 -2.156857
 15   8.209042 0.615527 -0.255885 2.657334 0.377251 0.919192
 16   7.002735 -0.617911 -0.183641 -0.076184 0.069564 -1.528278
 17   1.574674 0.609930 -0.000899 0.467187 -0.372485 0.186424
 18   -0.602177 0.511412 -0.000006 0.000000 0.000000 0.000000
 19   3.673773 0.177020 1.119313 -0.000002 -0.000014 -0.174510
 20   3.673767 0.176993 -1.117566 0.000007 -0.000003 -0.174546
 21   3.942357 1.334540 1.627658 0.000002 -0.000011 -0.000026
 22   -0.246060 -0.011889 0.516521 -0.000011 0.000031 0.000025
 23   3.942374 1.334565 -1.631083 0.000019 0.000002 -0.000024
 24   -0.246150 -0.011872 -0.516511 -0.000005 -0.000006 0.000048
 25   4.941364 1.997338 1.629330 0.000018 -0.000001 -0.000024
 26   4.941382 1.997366 -1.629410 -0.000001 0.000005 -0.000024
 27   2.914462 1.619264 1.514501 -0.000019 -0.000022 -0.000050
 28   2.916892 1.618870 -1.501142 -0.000002 -0.000009 -0.000024
 29   8.824059 0.150544 0.091743 0.000006 -0.000231 -0.174534
 30   2.111085 -0.561179 1.784320 -0.000008 -0.000682 0.000024
 31   2.121290 -0.561289 -1.853599 0.000000 0.000000 -0.000002
 32   -0.814395 -0.093824 3.127092 3.071965 -0.114691 1.239365
 33   14.298673 -0.408176 0.471578 0.000248 0.000063 -1.896136
 34   15.835795 0.581398 0.242756 -0.214735 0.106913 -0.097869
 35   -0.815868 -0.091229 -3.114430 0.066464 3.132818 -1.010216
 36   14.294526 -0.410349 -0.467541 0.000021 -0.000012 -2.607695
 37   15.834409 0.579420 -0.284600 -0.006092 -0.035255 0.214508
 38   1.139685 -3.453749 -2.823813 0.000000 0.000000 0.000001
 39   -4.457742 -1.054854 -0.746180 0.000000 0.000000 0.000000
 40   1.118101 -3.449769 3.237290 0.000000 0.000001 0.000000
 41   -4.433840 -1.059130 0.959566 -0.000001 0.000000 0.000000
 42   -0.657468 1.697302 -2.688614 0.000000 0.000002 0.000000
 43   -0.664068 1.698578 2.869377 0.000000 0.000002 0.000000
time 42
  0   -0.967547 0.175787 -20.574476 0.000000 0.000000 -1.572114
  1   -1.093036 0.000002 -0.326057 -1.569027 -1.622749 -0.001768
  2   2.262337 0.113614 0.064702 0.099797 -0.056267 -0.089897
  3   2.380047 0.353302 0.047440 0.014896 -0.019899 -0.081173
  4   2.033756 0.190472 -0.000128 -0.015354 0.014202 -0.397727
  5   2.451511 0.204909 -0.003447 -0.274024 0.089556 -0.401113
  6   7.247600 -0.397300 -0.109469 0.056796 0.015853 0.258572
  7   -2.022252 -0.104661 3.136172 1.026933 -1.341971 -4.430895
  8   1.168026 -0.537438 -0.063437 -0.088295 0.583914 -0.585981
  9   6.790376 -0.619176 0.015206 0.155019 -0.073165 -1.798617
 10   8.637599 0.544015 -0.090417 -3.683845 -0.104801 0.720356
 11   6.790465 -0.619039 0.017802 0.101787 -0.094738 -1.273606
 12   -2.022474 -0.104699 -2.873818 -0.373118 1.522128 -3.725932
 13   1.167898 -0.537463 0.063297 -0.040560 -0.661613 -0.878632
 14   7.002743 -0.617765 -0.183752 -0.131570 0.035286 -2.152484
 15   8.209042 0.615527 -0.255885 2.647699 0.383985 0.912096
 16   7.002735 -0.617911 -0.183641 -0.075854 0.069395 -1.525298
 17   1.574674 0.609930 -0.000899 0.458656 -0.376153 0.207861
 18   -0.602177 0.511412 -0.000006 0.000000 0.000000 0.000000
 19   3.673773 0.177020 1.119313 -0.000002 -0.000014 -0.174510
 20   3.673767 0.176993 -1.117566 0.000007 -0.000003 -0.174546
 21   3.942357 1.334540 1.627658 0.000002 -0.000011 -0.000026
 22   -0.246060 -0.011889 0.516521 -0.000011 0.000031 0.000025
 23   3.942374 1.334565 -1.631083 0.000019 0.000002 -0.000024
 24   -0.246150 -0.011872 -0.516511 -0.000005 -0.000006 0.000048
 25   4.941364 1.997338 1.629330 0.000018 -0.000001 -0.000024
 26   4.941382 1.997366 -1.629410 -0.000001 0.000005 -0.000024
 27   2.914462 1.619264 1.514501 -0.000019 -0.000022 -0.000050
 28   2.916892 1.618870 -1.501142 -0.000002 -0.000009 -0.000024
 29   8.824059 0.150544 0.091743 0.000006 -0.000231 -0.174534
 30   2.111085 -0.561179 1.784320 -0.000008 -0.000682 0.000024
 31   2.121290 -0.561289 -1.853599 0.000000 0.000000 -0.000002
 32   -0.814395 -0.093824 3.127092 3.071965 -0.114691 1.239365
 33   14.298673 -0.408176 0.471578 0.000248 0.000063 -1.896136
 34   15.835795 0.581398 0.242756 -0.214735 0.106913 -0.097869
 35   -0.815868 -0.091229 -3.114430 0.066464 3.132818 -1.010216
 36   14.294526 -0.410349 -0.467541 0.000021 -0.000012 -2.607695
 37   15.834409 0.579420 -0.284600 -0.006092 -0.035255 0.214508
 38   1.139685 -3.453749 -2.823813 0.000000 0.000000 0.000001
 39   -4.457742 -1.054854 -0.746180 0.000000 0.000000 0.000000
 40   1.118101 -3.449769 3.237290 0.000000 0.000001 0.000000
 41   -4.433840 -1.059130 0.959566 -0.000001 0.000000 0.000000
 42   -0.657468 1.697302 -2.688614 0.000000 0.000002 0.000000
 43   -0.664068 1.698578 2.869377 0.000000 0.000002 0.000000
time 43
  0   -0.967547 0.175787 -20.574476 0.000000 0.000000 -1.572114
  1   -1.093036 0.000002 -0.326057 -1.569027 -1.622749 -0.001768
  2   2.262337 0.113614 0.064702 0.098307 -0.057058 -0.090638
  3   2.380047 0.353302 0.047440 0.014176 -0.020594 -0.084948
  4   2.033756 0.190472 -0.000128 -0.015225 0.012392 -0.401787
  5   2.451511 0.204909 -0.003447 -0.274657 0.089804 -0.403862
  6   7.247600 -0.397300 -0.109469 0.056796 0.015853 0.258572
  7   -2.022252 -0.104661 3.136172 1.055978 -1.344854 -4.465644
  8   1.168026 -0.537438 -0.063437 -0.127592 0.496367 -0.647217
  9   6.790376 -0.619176 0.015206 0.153798 -0.073165 -1.784052
 10   8.637599 0.544015 -0.090417 -3.729815 -0.119935 0.754213
 11   6.790465 -0.619039 0.017802 0.100940 -0.094255 -1.263397
 12   -2.022474 -0.104699 -2.873818 -0.523822 1.522882 -3.879788
 13   1.167898 -0.537463 0.063297 -0.033953 -0.676819 -0.867857
 14   7.002743 -0.617765 -0.183752 -0.131797 0.035286 -2.154712
 15   8.209042 0.615527 -0.255885 2.624331 0.389659 0.924243
 16   7.002735 -0.617911 -0.183641 -0.076042 0.069507 -1.526843
 17   1.574674 0.609930 -0.000899 0.451588 -0.375680 0.217656
 18   -0.602177 0.511412 -0.000006 0.000000 0.000000 0.000000
 19   3.673773 0.177020 1.119313 -0.000002 -0.000014 -0.174510
 20   3.673767 0.176993 -1.117566 0.000007 -0.000003 -0.174546
 21   3.942357 1.334540 1.627658 0.000002 -0.000011 -0.000026
 22   -0.246060 -0.011889 0.516521 -0.000011 0.000031 0.000025
 23   3.942374 1.334565 -1.631083 0.000019 0.000002 -0.000024
 24   -0.246150 -0.011872 -0.516511 -0.000005 -0.000006 0.000048
 25   4.941364 1.997338 1.629330 0.000018 -0.000001 -0.000024
 26   4.941382 1.997366 -1.629410 -0.000001 0.000005 -0.000024
 27   2.914462 1.619264 1.514501 -0.000019 -0.000022 -0.000050
 28   2.916892 1.618870 -1.501142 -0.000002 -0.000009 -0.000024
 29   8.824059 0.150544 0.091743 0.000006 -0.000231 -0.174534
 30   2.111085 -0.561179 1.784320 -0.000008 -0.000682 0.000024
 31   2.121290 -0.561289 -1.853599 0.000000 0.000000 -0.000002
 32   -0.814395 -0.093824 3.127092 3.071965 -0.114691 1.239365
 33   14.298673 -0.408176 0.471578 0.000248 0.000063 -1.896136
 34   15.835795 0.581398 0.242756 -0.214735 0.106913 -0.097869
 35   -0.815868 -0.091229 -3.114430 0.066464 3.132818 -1.010216
 36   14.294526 -0.410349 -0.467541 0.000021 -0.000012 -2.607695
 37   15.834409 0.579420 -0.284600 -0.006092 -0.035255 0.214508
 38   1.139685 -3.453749 -2.823813 0.000000 0.000000 0.000001
 39   -4.457742 -1.054854 -0.746180 0.000000 0.000000 0.000000
 40   1.118101 -3.449769 3.237290 0.000000 0.000001 0.000000
 41   -4.433840 -1.059130 0.959566 -0.000001 0.000000 0.000000
 42   -0.657468 1.697302 -2.688614 0.000000 0.000002 0.000000
 43   -0.664068 1.698578 2.869377 0.000000 0.000002 0.000000
time 44
  0   -0.967547 0.175787 -20.574476 0.000000 0.000000 -1.572114
  1   -1.093036 0.000002 -0.326057 -1.569027 -1.622749 -0.001768
  2   2.262337 0.113614 0.064702 0.097619 -0.057393 -0.091017
  3   2.380047 0.353302 0.047440 0.013771 -0.021492 -0.086866
  4   2.033756 0.190472 -0.000128 -0.015188 0.010391 -0.403599
  5   2.451511 0.204909 -0.003447 -0.274589 0.088525 -0.404803
  6   7.247600 -0.397300 -0.109469 0.056796 0.015853 0.258572
  7   -2.022252 -0.104661 3.136172 1.061346 -1.347420 -4.464705
  8   1.168026 -0.537438 -0.063437 -0.070323 0.494304 -0.626404
  9   6.790376 -0.619176 0.015206 0.156572 -0.073098 -1.818013
 10   8.637599 0.544015 -0.090417 -3.784239 -0.094806 0.773891
 11   6.790465 -0.619039 0.017802 0.102984 -0.095449 -1.287217
 12   -2.022474 -0.104699 -2.873818 -0.584851 1.514611 -3.941349
 13   1.167898 -0.537463 0.063297 -0.034163 -0.662325 -0.855084
 14   7.002743 -0.617765 -0.183752 -0.131513 0.035286 -2.151989
 15   8.209042 0.615527 -0.255885 2.620951 0.383455 0.917628
 16   7.002735 -0.617911 -0.183641 -0.075854 0.069395 -1.524912
 17   1.574674 0.609930 -0.000899 0.444642 -0.372130 0.221463
 18   -0.602177 0.511412 -0.000006 0.000000 0.000000 0.000000
 19   3.673773 0.177020 1.119313 -0.000002 -0.000014 -0.174510
 20   3.673767 0.176993 -1.117566 0.000007 -0.000003 -0.174546
 21   3.942357 1.334540 1.627658 0.000002 -0.000011 -0.000026
 22   -0.246060 -0.011889 0.516521 -0.000011 0.000031 0.000025
 23   3.942374 1.334565 -1.631083 0.000019 0.000002 -0.000024
 24   -0.246150 -0.011872 -0.516511 -0.000005 -0.000006 0.000048
 25   4.941364 1.997338 1.629330 0.000018 -0.000001 -0.000024
 26   4.941382 1.997366 -1.629410 -0.000001 0.000005 -0.000024
 27   2.914462 1.619264 1.514501 -0.000019 -0.000022 -0.000050
 28   2.916892 1.618870 -1.501142 -0.000002 -0.000009 -0.000024
 29   8.824059 0.150544 0.091743 0.000006 -0.000231 -0.174534
 30   2.111085 -0.561179 1.784320 -0.000008 -0.000682 0.000024
 31   2.121290 -0.561289 -1.853599 0.000000 0.000000 -0.000002
 32   -0.814395 -0.093824 3.127092 3.071965 -0.114691 1.239365
 33   14.298673 -0.408176 0.471578 0.000248 0.000063 -1.896136
 34   15.835795 0.581398 0.242756 -0.214735 0.106913 -0.097869
 35   -0.815868 -0.091229 -3.114430 0.066464 3.132818 -1.010216
 36   14.294526 -0.410349 -0.467541 0.000021 -0.000012 -2.607695
 37   15.834409 0.579420 -0.284600 -0.006092 -0.035255 0.214508
 38   1.139685 -3.453749 -2.823813 0.000000 0.000000 0.000001
 39   -4.457742 -1.054854 -0.746180 0.000000 0.000000 0.000000
 40   1.118101 -3.449769 3.237290 0.000000 0.000001 0.000000
 41   -4.433840 -1.059130 0.959566 -0.000001 0.000000 0.000000
 42   -0.657468 1.697302 -2.688614 0.000000 0.000002 0.000000
 43   -0.664068 1.698578 2.869377 0.000000 0.000002 0.000000
time 45
  0   -0.967547 0.175787 -20.574476 0.000000 0.000000 -1.572114
  1   -1.093036 0.000002 -0.326057 -1.569027 -1.622749 -0.001768
  2   2.262337 0.113614 0.064702 0.086805 -0.060042 -0.091180
  3   2.380047 0.353302 0.047440 0.003735 -0.022271 -0.086826
  4   2.033756 0.190472 -0.000128 -0.024686 0.005225 -0.402729
  5   2.451511 0.204909 -0.003447 -0.282702 0.080966 -0.403540
  6   7.247600 -0.397300 -0.109469 0.056796 0.015853 0.258572
  7   -2.022252 -0.104661 3.136172 1.060771 -1.349726 -4.461699
  8   1.168026 -0.537438 -0.063437 -0.119429 0.508694 -0.635324
  9   6.790376 -0.619176 0.015206 0.152189 -0.078905 -1.763374
 10   8.637599 0.544015 -0.090417 -3.760549 -0.090794 0.739744
 11   6.790465 -0.619039 0.017802 0.098663 -0.097609 -1.248805
 12   -2.022474 -0.104699 -2.873818 -0.629881 1.523753 -3.987975
 13   1.167898 -0.537463 0.063297 -0.033953 -0.672649 -0.866404
 14   7.002743 -0.617765 -0.183752 -0.130829 0.035457 -2.144481
 15   8.209042 0.615527 -0.255885 2.611244 0.362422 0.913058
 16   7.002735 -0.617911 -0.183641 -0.075289 0.069169 -1.519668
 17   1.574674 0.609930 -0.000899 0.433430 -0.355847 0.233253
 18   -0.602177 0.511412 -0.000006 0.000000 0.000000 0.000000
 19   3.673773 0.177020 1.119313 -0.000002 -0.000014 -0.174510
 20   3.673767 0.176993 -1.117566 0.000007 -0.000003 -0.174546
 21   3.942357 1.334540 1.627658 0.000002 -0.000011 -0.000026
 22   -0.246060 -0.011889 0.516521 -0.000011 0.000031 0.000025
 23   3.942374 1.334565 -1.631083 0.000019 0.000002 -0.000024
 24   -0.246150 -0.011872 -0.516511 -0.000005 -0.000006 0.000048
 25   4.941364 1.997338 1.629330 0.000018 -0.000001 -0.000024
 26   4.941382 1.997366 -1.629410 -0.000001 0.000005 -0.000024
 27   2.914462 1.619264 1.514501 -0.000019 -0.000022 -0.000050
 28   2.916892 1.618870 -1.501142 -0.000002 -0.000009 -0.000024
 29   8.824059 0.150544 0.091743 0.000006 -0.000231 -0.174534
 30   2.111085 -0.561179 1.784320 -0.000008 -0.000682 0.000024
 31   2.121290 -0.561289 -1.853599 0.000000 0.000000 -0.000002
 32   -0.814395 -0.093824 3.127092 3.071965 -0.114691 1.239365
 33   14.298673 -0.408176 0.471578 0.000248 0.000063 -1.896136
 34   15.835795 0.581398 0.242756 -0.214735 0.106913 -0.097869
 35   -0.815868 -0.091229 -3.114430 0.066464 3.132818 -1.010216
 36   14.294526 -0.410349 -0.467541 0.000021 -0.000012 -2.607695
 37   15.834409 0.579420 -0.284600 -0.006092 -0.035255 0.214508
 38   1.139685 -3.453749 -2.823813 0.000000 0.000000 0.000001
 39   -4.457742 -1.054854 -0.746180 0.000000 0.000000 0.000000
 40   1.118101 -3.449769 3.237290 0.000000 0.000001 0.000000
 41   -4.433840 -1.059130 0.959566 -0.000001 0.000000 0.000000
 42   -0.657468 1.697302 -2.688614 0.000000 0.000002 0.000000
 43   -0.664068 1.698578 2.869377 0.000000 0.000002 0.000000
time 46
  0   -0.967547 0.175787 -20.574476 0.000000 0.000000 -1.572114
  1   -1.093036 0.000002 -0.326057 -1.569027 -1.622749 -0.001768
  2   2.262337 0.113614 0.064702 0.067495 -0.064416 -0.091270
  3   2.380047 0.353302 0.047440 -0.014371 -0.023698 -0.086703
  4   2.033756 0.190472 -0.000128 -0.043073 -0.001822 -0.401098
  5   2.451511 0.204909 -0.003447 -0.298826 0.069268 -0.401113
  6   7.247600 -0.397300 -0.109469 0.056796 0.015853 0.258572
  7   -2.022252 -0.104661 3.136172 1.058662 -1.352263 -4.458131
  8   1.168026 -0.537438 -0.063437 -0.215046 0.536668 -0.652847
  9   6.790376 -0.619176 0.015206 0.142037 -0.088449 -1.643230
 10   8.637599 0.544015 -0.090417 -3.726204 -0.098185 0.667689
 11   6.790465 -0.619039 0.017802 0.089816 -0.100110 -1.164369
 12   -2.022474 -0.104699 -2.873818 -0.800417 1.541051 -4.161075
 13   1.167898 -0.537463 0.063297 -0.033601 -0.692787 -0.888560
 14   7.002743 -0.617765 -0.183752 -0.130032 0.035570 -2.134828
 15   8.209042 0.615527 -0.255885 2.599668 0.333898 0.912096
 16   7.002735 -0.617911 -0.183641 -0.074583 0.068831 -1.512880
 17   1.574674 0.609930 -0.000899 0.419497 -0.329600 0.248333
 18   -0.602177 0.511412 -0.000006 0.000000 0.000000 0.000000
 19   3.673773 0.177020 1.119313 -0.000002 -0.000014 -0.174510
 20   3.673767 0.176993 -1.117566 0.000007 -0.000003 -0.174546
 21   3.942357 1.334540 1.627658 0.000002 -0.000011 -0.000026
 22   -0.246060 -0.011889 0.516521 -0.000011 0.000031 0.000025
 23   3.942374 1.334565 -1.631083 0.000019 0.000002 -0.000024
 24   -0.246150 -0.011872 -0.516511 -0.000005 -0.000006 0.000048
 25   4.941364 1.997338 1.629330 0.000018 -0.000001 -0.000024
 26   4.941382 1.997366 -1.629410 -0.000001 0.000005 -0.000024
 27   2.914462 1.619264 1.514501 -0.000019 -0.000022 -0.000050
 28   2.916892 1.618870 -1.501142 -0.000002 -0.000009 -0.000024
 29   8.824059 0.150544 0.091743 0.000006 -0.000231 -0.174534
 30   2.111085 -0.561179 1.784320 -0.000008 -0.000682 0.000024
 31   2.121290 -0.561289 -1.853599 0.000000 0.000000 -0.000002
 32   -0.814395 -0.093824 3.127092 3.071965 -0.114691 1.239365
 33   14.298673 -0.408176 0.471578 0.000248 0.000063 -1.896136
 34   15.835795 0.581398 0.242756 -0.214735 0.106913 -0.097869
 35   -0.815868 -0.091229 -3.114430 0.066464 3.132818 -1.010216
 36   14.294526 -0.410349 -0.467541 0.000021 -0.000012 -2.607695
 37   15.834409 0.579420 -0.284600 -0.006092 -0.035255 0.214508
 38   1.139685 -3.453749 -2.823813 0.000000 0.000000 0.000001
 39   -4.457742 -1.054854 -0.746180 0.000000 0.000000 0.000000
 40   1.118101 -3.449769 3.237290 0.000000 0.000001 0.000000
 41   -4.433840 -1.059130 0.959566 -0.000001 0.000000 0.000000
 42   -0.657468 1.697302 -2.688614 0.000000 0.000002 0.000000
 43   -0.664068 1.698578 2.869377 0.000000 0.000002 0.000000
time 47
  0   -0.967547 0.175787 -20.574476 0.000000 0.000000 -1.572114
  1   -1.093036 0.000002 -0.326057 -1.569027 -1.622749 -0.001768
  2   2.262337 0.113614 0.064702 0.045370 -0.069306 -0.091325
  3   2.380047 0.353302 0.047440 -0.035222 -0.025292 -0.086520
  4   2.033756 0.190472 -0.000128 -0.064448 -0.009456 -0.399177
  5   2.451511 0.204909 -0.003447 -0.317706 0.056330 -0.398364
  6   7.247600 -0.397300 -0.109469 0.056796 0.015853 0.258572
  7   -2.022252 -0.104661 3.136172 1.055978 -1.354627 -4.454374
  8   1.168026 -0.537438 -0.063437 -0.326736 0.569020 -0.673976
  9   6.790376 -0.619176 0.015206 0.129165 -0.098994 -1.497578
 10   8.637599 0.544015 -0.090417 -3.686487 -0.108391 0.580731
 11   6.790465 -0.619039 0.017802 0.079247 -0.102839 -1.061939
 12   -2.022474 -0.104699 -2.873818 -1.538706 1.556666 -4.902111
 13   1.167898 -0.537463 0.063297 -0.032687 -0.716129 -0.914832
 14   7.002743 -0.617765 -0.183752 -0.129065 0.035798 -2.124680
 15   8.209042 0.615527 -0.255885 2.587804 0.303407 0.913419
 16   7.002735 -0.617911 -0.183641 -0.073877 0.068549 -1.505815
 17   1.574674 0.609930 -0.000899 0.405076 -0.297437 0.266075
 18   -0.602177 0.511412 -0.000006 0.000000 0.000000 0.000000
 19   3.673773 0.177020 1.119313 -0.000002 -0.000014 -0.174510
 20   3.673767 0.176993 -1.117566 0.000007 -0.000003 -0.174546
 21   3.942357 1.334540 1.627658 0.000002 -0.000011 -0.000026
 22   -0.246060 -0.011889 0.516521 -0.000011 0.000031 0.000025
 23   3.942374 1.334565 -1.631083 0.000019 0.000002 -0.000024
 24   -0.246150 -0.011872 -0.516511 -0.000005 -0.000006 0.000048
 25   4.941364 1.997338 1.629330 0.000018 -0.000001 -0.000024
 26   4.941382 1.997366 -1.629410 -0.000001 0.000005 -0.000024
 27   2.914462 1.619264 1.514501 -0.000019 -0.000022 -0.000050
 28   2.916892 1.618870 -1.501142 -0.000002 -0.000009 -0.000024
 29   8.824059 0.150544 0.091743 0.000006 -0.000231 -0.174534
 30   2.111085 -0.561179 1.784320 -0.000008 -0.000682 0.000024
 31   2.121290 -0.561289 -1.853599 0.000000 0.000000 -0.000002
 32   -0.814395 -0.093824 3.127092 3.071965 -0.114691 1.239365
 33   14.298673 -0.408176 0.471578 0.000248 0.000063 -1.896136
 34   15.835795 0.581398 0.242756 -0.214735 0.106913 -0.097869
 35   -0.815868 -0.091229 -3.114430 0.066464 3.132818 -1.010216
 36   14.294526 -0.410349 -0.467541 0.000021 -0.000012 -2.607695
 37   15.834409 0.579420 -0.284600 -0.006092 -0.035255 0.214508
 38   1.139685 -3.453749 -2.823813 0.000000 0.000000 0.000001
 39   -4.457742 -1.054854 -0.746180 0.000000 0.000000 0.000000
 40   1.118101 -3.449769 3.237290 0.000000 0.000001 0.000000
 41   -4.433840 -1.059130 0.959566 -0.000001 0.000000 0.000000
 42   -0.657468 1.697302 -2.688614 0.000000 0.000002 0.000000
 43   -0.664068 1.698578 2.869377 0.000000 0.000002 0.000000
time 48
  0   -0.967547 0.175787 -20.574476 0.000000 0.000000 -1.572114
  1   -1.093036 0.000002 -0.326057 -1.569027 -1.622749 -0.001768
  2   2.262337 0.113614 0.064702 0.022659 -0.074316 -0.091361
  3   2.380047 0.353302 0.047440 -0.056794 -0.026909 -0.086315
  4   2.033756 0.190472 -0.000128 -0.086579 -0.017066 -0.397147
  5   2.451511 0.204909 -0.003447 -0.337288 0.043209 -0.395492
  6   7.247600 -0.397300 -0.109469 0.056796 0.015853 0.258572
  7   -2.022252 -0.104661 3.136172 1.053198 -1.356875 -4.450805
  8   1.168026 -0.537438 -0.063437 -0.442855 0.602630 -0.696307
  9   6.790376 -0.619176 0.015206 0.115184 -0.109138 -1.349511
 10   8.637599 0.544015 -0.090417 -3.644920 -0.116486 0.492110
 11   6.790465 -0.619039 0.017802 0.068561 -0.105568 -0.958124
 12   -2.022474 -0.104699 -2.873818 -2.824725 1.549120 0.091649
 13   1.167898 -0.537463 0.063297 -0.031000 -0.740184 -0.942678
 14   7.002743 -0.617765 -0.183752 -0.128211 0.035968 -2.114614
 15   8.209042 0.615527 -0.255885 2.576012 0.273824 0.916666
 16   7.002735 -0.617911 -0.183641 -0.073124 0.068154 -1.498750
 17   1.574674 0.609930 -0.000899 0.391631 -0.261819 0.286070
 18   -0.602177 0.511412 -0.000006 0.000000 0.000000 0.000000
 19   3.673773 0.177020 1.119313 -0.000002 -0.000014 -0.174510
 20   3.673767 0.176993 -1.117566 0.000007 -0.000003 -0.174546
 21   3.942357 1.334540 1.627658 0.000002 -0.000011 -0.000026
 22   -0.246060 -0.011889 0.516521 -0.000011 0.000031 0.000025
 23   3.942374 1.334565 -1.631083 0.000019 0.000002 -0.000024
 24   -0.246150 -0.011872 -0.516511 -0.000005 -0.000006 0.000048
 25   4.941364 1.997338 1.629330 0.000018 -0.000001 -0.000024
 26   4.941382 1.997366 -1.629410 -0.000001 0.000005 -0.000024
 27   2.914462 1.619264 1.514501 -0.000019 -0.000022 -0.000050
 28   2.916892 1.618870 -1.501142 -0.000002 -0.000009 -0.000024
 29   8.824059 0.150544 0.091743 0.000006 -0.000231 -0.174534
 30   2.111085 -0.561179 1.784320 -0.000008 -0.000682 0.000024
 31   2.121290 -0.561289 -1.853599 0.000000 0.000000 -0.000002
 32   -0.814395 -0.093824 3.127092 3.071965 -0.114691 1.239365
 33   14.298673 -0.408176 0.471578 0.000248 0.000063 -1.896136
 34   15.835795 0.581398 0.242756 -0.214735 0.106913 -0.097869
 35   -0.815868 -0.091229 -3.114430 0.066464 3.132818 -1.010216
 36   14.294526 -0.410349 -0.467541 0.000021 -0.000012 -2.607695
 37   15.834409 0.579420 -0.284600 -0.006092 -0.035255 0.214508
 38   1.139685 -3.453749 -2.823813 0.000000 0.000000 0.000001
 39   -4.457742 -1.054854 -0.746180 0.000000 0.000000 0.000000
 40   1.118101 -3.449769 3.237290 0.000000 0.000001 0.000000
 41   -4.433840 -1.059130 0.959566 -0.000001 0.000000 0.000000
 42   -0.657468 1.697302 -2.688614 0.000000 0.000002 0.000000
 43   -0.664068 1.698578 2.869377 0.000000 0.000002 0.000000
time 49
  0   -0.967547 0.175787 -20.574476 0.000000 0.000000 -1.572114
  1   -1.093036 0.000002 -0.326057 -1.569027 -1.622749 -0.001768
  2   2.262337 0.113614 0.064702 0.000585 -0.079146 -0.091415
  3   2.380047 0.353302 0.047440 -0.077705 -0.028515 -0.086111
  4   2.033756 0.190472 -0.000128 -0.108194 -0.024341 -0.395226
  5   2.451511 0.204909 -0.003447 -0.356390 0.030610 -0.392668
  6   7.247600 -0.397300 -0.109469 0.056796 0.015853 0.258572
  7   -2.022252 -0.104661 3.136172 1.050034 -1.359008 -4.447237
  8   1.168026 -0.537438 -0.063437 -0.557013 0.635284 -0.718701
  9   6.790376 -0.619176 0.015206 0.101980 -0.117881 -1.215254
 10   8.637599 0.544015 -0.090417 -3.605379 -0.118739 0.410867
 11   6.790465 -0.619039 0.017802 0.058897 -0.107956 -0.864056
 12   -2.022474 -0.104699 -2.873818 -0.005410 1.611783 -3.374179
 13   1.167898 -0.537463 0.063297 -0.028962 -0.763628 -0.970403
 14   7.002743 -0.617765 -0.183752 -0.127300 0.036081 -2.105126
 15   8.209042 0.615527 -0.255885 2.564651 0.245906 0.921116
 16   7.002735 -0.617911 -0.183641 -0.072465 0.067872 -1.492072
 17   1.574674 0.609930 -0.000899 0.379891 -0.224117 0.308173
 18   -0.602177 0.511412 -0.000006 0.000000 0.000000 0.000000
 19   3.673773 0.177020 1.119313 -0.000002 -0.000014 -0.174510
 20   3.673767 0.176993 -1.117566 0.000007 -0.000003 -0.174546
 21   3.442342 1.330634 1.627658 -0.073691 -0.386442 0.847736
 22   -0.457004 -0.035327 0.231356 -0.000011 0.000031 0.000025
 23   3.438452 1.330659 -1.631083 0.073712 0.386493 0.847601
 24   -0.453188 -0.039217 -0.235252 -0.000005 -0.000006 0.000048
 25   4.941364 1.997338 1.629330 0.000018 -0.000001 -0.000024
 26   4.941382 1.997366 -1.629410 -0.000001 0.000005 -0.000024
 27   3.160563 1.767707 1.553565 -0.163477 0.220818 -1.289362
 28   3.162993 1.775125 -1.540206 0.163480 -0.220897 -1.289299
 29   8.824059 0.150544 0.091743 0.000006 -0.000231 -0.174534
 30   2.111085 -0.561179 1.784320 -0.000008 -0.000682 0.000024
 31   2.121290 -0.561289 -1.853599 0.000000 0.000000 -0.000002
 32   -0.814395 -0.093824 3.127092 3.071965 -0.114691 1.239365
 33   14.298673 -0.408176 0.471578 0.000248 0.000063 -1.896136
 34   15.835795 0.581398 0.242756 -0.214735 0.106913 -0.097869
 35   -0.815868 -0.091229 -3.114430 0.066464 3.132818 -1.010216
 36   14.294526 -0.410349 -0.467541 0.000021 -0.000012 -2.607695
 37   15.834409 0.579420 -0.284600 -0.006092 -0.035255 0.214508
 38   1.139685 -3.453749 -2.823813 0.000000 0.000000 0.000001
 39   -4.457742 -1.054854 -0.746180 0.000000 0.000000 0.000000
 40   1.118101 -3.449769 3.237290 0.000000 0.000001 0.000000
 41   -4.433840 -1.059130 0.959566 -0.000001 0.000000 0.000000
 42   -0.657468 1.697302 -2.688614 0.000000 0.000002 0.000000
 43   -0.664068 1.698578 2.869377 0.000000 0.000002 0.000000
time 50
  0   -0.967547 0.175787 -20.574476 0.000000 0.000000 -1.572114
  1   -1.093036 0.000002 -0.326057 -1.569027 -1.622749 -0.001768
  2   2.262337 0.113614 0.064702 -0.019961 -0.083640 -0.091361
  3   2.380047 0.353302 0.047440 -0.097342 -0.030002 -0.085907
  4   2.033756 0.190472 -0.000128 -0.128444 -0.031040 -0.393305
  5   2.451511 0.204909 -0.003447 -0.374397 0.018899 -0.390043
  6   7.247600 -0.397300 -0.109469 0.056796 0.015853 0.258572
  7   -2.022252 -0.104661 3.136172 1.047350 -1.360882 -4.443855
  8   1.168026 -0.537438 -0.063437 -0.664337 0.665725 -0.740336
  9   6.790376 -0.619176 0.015206 0.090940 -0.124555 -1.106732
 10   8.637599 0.544015 -0.090417 -3.571298 -0.113037 0.344527
 11   6.790465 -0.619039 0.017802 0.051073 -0.109889 -0.787983
 12   -2.022474 -0.104699 -2.873818 -0.108307 1.631432 -3.479303
 13   1.167898 -0.537463 0.063297 -0.026571 -0.785342 -0.997159
 14   7.002743 -0.617765 -0.183752 -0.126559 0.036252 -2.096298
 15   8.209042 0.615527 -0.255885 2.553938 0.220787 0.926228
 16   7.002735 -0.617911 -0.183641 -0.071806 0.067590 -1.485890
 17   1.574674 0.609930 -0.000899 0.370751 -0.185493 0.332050
 18   -0.602177 0.511412 -0.000006 0.000000 0.000000 0.000000
 19   3.673773 0.177020 1.119313 -0.000002 -0.000014 -0.174510
 20   3.673767 0.176993 -1.117566 0.000007 -0.000003 -0.174546
 21   3.696256 1.330634 1.627658 0.006354 -0.200741 0.411863
 22   -0.351532 -0.015795 0.371985 -0.000011 0.000031 0.000025
 23   3.692366 1.330659 -1.631083 -0.006333 0.200780 0.411810
 24   -0.347716 -0.019685 -0.379788 -0.000005 -0.000006 0.000048
 25   4.941364 1.997338 1.629330 0.000018 -0.000001 -0.000024
 26   4.941382 1.997366 -1.629410 -0.000001 0.000005 -0.000024
 27   3.031653 1.693485 1.522314 -0.043955 0.137321 -0.635381
 28   3.034083 1.693092 -1.520674 0.043934 -0.137352 -0.635435
 29   8.824059 0.150544 0.091743 0.000006 -0.000231 -0.174534
 30   2.111085 -0.561179 1.784320 -0.000008 -0.000682 0.000024
 31   2.121290 -0.561289 -1.853599 0.000000 0.000000 -0.000002
 32   -0.814395 -0.093824 3.127092 3.071965 -0.114691 1.239365
 33   14.298673 -0.408176 0.471578 0.000248 0.000063 -1.896136
 34   15.835795 0.581398 0.242756 -0.214735 0.106913 -0.097869
 35   -0.815868 -0.091229 -3.114430 0.066464 3.132818 -1.010216
 36   14.294526 -0.410349 -0.467541 0.000021 -0.000012 -2.607695
 37   15.834409 0.579420 -0.284600 -0.006092 -0.035255 0.214508
 38   1.139685 -3.453749 -2.823813 0.000000 0.000000 0.000001
 39   -4.457742 -1.054854 -0.746180 0.000000 0.000000 0.000000
 40   1.118101 -3.449769 3.237290 0.000000 0.000001 0.000000
 41   -4.433840 -1.059130 0.959566 -0.000001 0.000000 0.000000
 42   -0.657468 1.697302 -2.688614 0.000000 0.000002 0.000000
 43   -0.664068 1.698578 2.869377 0.000000 0.000002 0.000000
time 51
  0   -0.967547 0.175787 -20.574476 0.000000 0.000000 -1.572114
  1   -1.093036 0.000002 -0.326057 -1.569027 -1.622749 -0.001768
  2   2.262337 0.113614 0.064702 -0.038443 -0.087655 -0.091325
  3   2.380047 0.353302 0.047440 -0.114908 -0.031356 -0.085663
  4   2.033756 0.190472 -0.000128 -0.146610 -0.036972 -0.391710
  5   2.451511 0.204909 -0.003447 -0.390521 0.008442 -0.387715
  6   7.247600 -0.397300 -0.109469 0.056796 0.015853 0.258572
  7   -2.022252 -0.104661 3.136172 1.044954 -1.362439 -4.440662
  8   1.168026 -0.537438 -0.063437 -0.761283 0.692945 -0.760263
  9   6.790376 -0.619176 0.015206 0.083506 -0.128693 -1.034585
 10   8.637599 0.544015 -0.090417 -3.545671 -0.097621 0.299385
 11   6.790465 -0.619039 0.017802 0.045963 -0.111168 -0.737575
 12   -2.022474 -0.104699 -2.873818 -0.154582 1.649340 -3.527652
 13   1.167898 -0.537463 0.063297 -0.023971 -0.804769 -1.021494
 14   7.002743 -0.617765 -0.183752 -0.125876 0.036422 -2.088625
 15   8.209042 0.615527 -0.255885 2.544374 0.198921 0.931580
 16   7.002735 -0.617911 -0.183641 -0.071288 0.067308 -1.480482
 17   1.574674 0.609930 -0.000899 0.364780 -0.146750 0.357849
 18   -0.602177 0.511412 -0.000006 0.000000 0.000000 0.000000
 19   3.673773 0.177020 1.119313 -0.000002 -0.000014 -0.174510
 20   3.673767 0.176993 -1.117566 0.000007 -0.000003 -0.174546
 21   3.942357 1.334540 1.627658 0.000002 -0.000011 -0.000026
 22   -0.246060 -0.011889 0.516521 -0.000011 0.000031 0.000025
 23   3.942374 1.334565 -1.631083 0.000019 0.000002 -0.000024
 24   -0.246150 -0.011872 -0.516511 -0.000005 -0.000006 0.000048
 25   4.941364 1.997338 1.629330 0.000018 -0.000001 -0.000024
 26   4.941382 1.997366 -1.629410 -0.000001 0.000005 -0.000024
 27   2.914462 1.619264 1.514501 -0.000019 -0.000022 -0.000050
 28   2.916892 1.618870 -1.501142 -0.000002 -0.000009 -0.000024
 29   8.824059 0.150544 0.091743 0.000006 -0.000231 -0.174534
 30   2.111085 -0.561179 1.784320 -0.000008 -0.000682 0.000024
 31   2.121290 -0.561289 -1.853599 0.000000 0.000000 -0.000002
 32   -0.814395 -0.093824 3.127092 3.071965 -0.114691 1.239365
 33   14.298673 -0.408176 0.471578 0.000248 0.000063 -1.896136
 34   15.835795 0.581398 0.242756 -0.214735 0.106913 -0.097869
 35   -0.815868 -0.091229 -3.114430 0.066464 3.132818 -1.010216
 36   14.294526 -0.410349 -0.467541 0.000021 -0.000012 -2.607695
 37   15.834409 0.579420 -0.284600 -0.006092 -0.035255 0.214508
 38   1.139685 -3.453749 -2.823813 0.000000 0.000000 0.000001
 39   -4.457742 -1.054854 -0.746180 0.000000 0.000000 0.000000
 40   1.118101 -3.449769 3.237290 0.000000 0.000001 0.000000
 41   -4.433840 -1.059130 0.959566 -0.000001 0.000000 0.000000
 42   -0.657468 1.697302 -2.688614 0.000000 0.000002 0.000000
 43   -0.664068 1.698578 2.869377 0.000000 0.000002 0.000000
time 52
  0   -0.967547 0.175787 -20.574476 0.000000 0.000000 -1.572114
  1   -1.093036 0.000002 -0.326057 -1.569027 -1.622749 -0.001768
  2   2.262337 0.113614 0.064702 -0.054123 -0.091022 -0.091288
  3   2.380047 0.353302 0.047440 -0.129804 -0.032470 -0.085499
  4   2.033756 0.190472 -0.000128 -0.162083 -0.042006 -0.390224
  5   2.451511 0.204909 -0.003447 -0.404249 -0.000318 -0.385709
  6   7.247600 -0.397300 -0.109469 0.056796 0.015853 0.258572
  7   -2.022252 -0.104661 3.136172 1.042653 -1.363822 -4.438314
  8   1.168026 -0.537438 -0.063437 -0.844053 0.716139 -0.777597
  9   6.790376 -0.619176 0.015206 0.080732 -0.130228 -1.008398
 10   8.637599 0.544015 -0.090417 -3.530172 -0.070803 0.281154
 11   6.790465 -0.619039 0.017802 0.044066 -0.111623 -0.719234
 12   -2.022474 -0.104699 -2.873818 -0.179012 1.664664 -3.553502
 13   1.167898 -0.537463 0.063297 -0.021440 -0.821042 -1.042742
 14   7.002743 -0.617765 -0.183752 -0.125193 0.036536 -2.082107
 15   8.209042 0.615527 -0.255885 2.536106 0.180763 0.936632
 16   7.002735 -0.617911 -0.183641 -0.070817 0.067083 -1.475900
 17   1.574674 0.609930 -0.000899 0.362708 -0.108552 0.385533
 18   -0.602177 0.511412 -0.000006 0.000000 0.000000 0.000000
 19   3.673773 0.177020 1.119313 -0.000002 -0.000014 -0.174510
 20   3.673767 0.176993 -1.117566 0.000007 -0.000003 -0.174546
 21   3.942357 1.334540 1.627658 0.000002 -0.000011 -0.000026
 22   -0.246060 -0.011889 0.516521 -0.000011 0.000031 0.000025
 23   3.942374 1.334565 -1.631083 0.000019 0.000002 -0.000024
 24   -0.246150 -0.011872 -0.516511 -0.000005 -0.000006 0.000048
 25   4.941364 1.997338 1.629330 0.000018 -0.000001 -0.000024
 26   4.941382 1.997366 -1.629410 -0.000001 0.000005 -0.000024
 27   2.914462 1.619264 1.514501 -0.000019 -0.000022 -0.000050
 28   2.916892 1.618870 -1.501142 -0.000002 -0.000009 -0.000024
 29   8.824059 0.150544 0.091743 0.000006 -0.000231 -0.174534
 30   2.111085 -0.561179 1.784320 -0.000008 -0.000682 0.000024
 31   2.121290 -0.561289 -1.853599 0.000000 0.000000 -0.000002
 32   -0.814395 -0.093824 3.127092 3.071965 -0.114691 1.239365
 33   14.298673 -0.408176 0.471578 0.000248 0.000063 -1.896136
 34   15.835795 0.581398 0.242756 -0.214735 0.106913 -0.097869
 35   -0.815868 -0.091229 -3.114430 0.066464 3.132818 -1.010216
 36   14.294526 -0.410349 -0.467541 0.000021 -0.000012 -2.607695
 37   15.834409 0.579420 -0.284600 -0.006092 -0.035255 0.214508
 38   1.139685 -3.453749 -2.823813 0.000000 0.000000 0.000001
 39   -4.457742 -1.054854 -0.746180 0.000000 0.000000 0.000000
 40   1.118101 -3.449769 3.237290 0.000000 0.000001 0.000000
 41   -4.433840 -1.059130 0.959566 -0.000001 0.000000 0.000000
 42   -0.657468 1.697302 -2.688614 0.000000 0.000002 0.000000
 43   -0.664068 1.698578 2.869377 0.000000 0.000002 0.000000
time 53
  0   -0.967547 0.175787 -20.574476 0.000000 0.000000 -1.572114
  1   -1.093036 0.000002 -0.326057 -1.569027 -1.622749 -0.001768
  2   2.262337 0.113614 0.064702 -0.066351 -0.093695 -0.091270
  3   2.380047 0.353302 0.047440 -0.141369 -0.033345 -0.085316
  4   2.033756 0.190472 -0.000128 -0.174108 -0.045889 -0.389064
  5   2.451511 0.204909 -0.003447 -0.414964 -0.007173 -0.384199
  6   7.247600 -0.397300 -0.109469 0.056796 0.015853 0.258572
  7   -2.022252 -0.104661 3.136172 1.040736 -1.364831 -4.436154
  8   1.168026 -0.537438 -0.063437 -0.908789 0.734102 -0.791514
  9   6.790376 -0.619176 0.015206 0.089830 -0.114744 -1.085978
 10   8.637599 0.544015 -0.090417 -3.506218 0.037599 0.378529
 11   6.790465 -0.619039 0.017802 0.051598 -0.102669 -0.773737
 12   -2.022474 -0.104699 -2.873818 -0.192521 1.676709 -3.568055
 13   1.167898 -0.537463 0.063297 -0.019261 -0.833756 -1.059510
 14   7.002743 -0.617765 -0.183752 -0.124795 0.036593 -2.077075
 15   8.209042 0.615527 -0.255885 2.529634 0.166993 0.940901
 16   7.002735 -0.617911 -0.183641 -0.070440 0.066914 -1.472423
 17   1.574674 0.609930 -0.000899 0.396952 -0.058284 0.427188
 18   -0.602177 0.511412 -0.000006 0.000000 0.000000 0.000000
 19   3.673773 0.177020 1.119313 -0.000002 -0.000014 -0.174510
 20   3.673767 0.176993 -1.117566 0.000007 -0.000003 -0.174546
 21   3.942357 1.334540 1.627658 0.000002 -0.000011 -0.000026
 22   -0.246060 -0.011889 0.516521 -0.000011 0.000031 0.000025
 23   3.942374 1.334565 -1.631083 0.000019 0.000002 -0.000024
 24   -0.246150 -0.011872 -0.516511 -0.000005 -0.000006 0.000048
 25   4.941364 1.997338 1.629330 0.000018 -0.000001 -0.000024
 26   4.941382 1.997366 -1.629410 -0.000001 0.000005 -0.000024
 27   2.914462 1.619264 1.514501 -0.000019 -0.000022 -0.000050
 28   2.916892 1.618870 -1.501142 -0.000002 -0.000009 -0.000024
 29   8.824059 0.150544 0.091743 0.000006 -0.000231 -0.174534
 30   2.111085 -0.561179 1.784320 -0.000008 -0.000682 0.000024
 31   2.121290 -0.561289 -1.853599 0.000000 0.000000 -0.000002
 32   -0.814395 -0.093824 3.127092 3.071965 -0.114691 1.239365
 33   14.298673 -0.408176 0.471578 0.000248 0.000063 -1.896136
 34   15.835795 0.581398 0.242756 -0.214735 0.106913 -0.097869
 35   -0.815868 -0.091229 -3.114430 0.066464 3.132818 -1.010216
 36   14.294526 -0.410349 -0.467541 0.000021 -0.000012 -2.607695
 37   15.834409 0.579420 -0.284600 -0.006092 -0.035255 0.214508
 38   1.139685 -3.453749 -2.823813 0.000000 0.000000 0.000001
 39   -4.457742 -1.054854 -0.746180 0.000000 0.000000 0.000000
 40   1.118101 -3.449769 3.237290 0.000000 0.000001 0.000000
 41   -4.433840 -1.059130 0.959566 -0.000001 0.000000 0.000000
 42   -0.657468 1.697302 -2.688614 0.000000 0.000002 0.000000
 43   -0.664068 1.698578 2.869377 0.000000 0.000002 0.000000
time 54
  0   -0.967547 0.175787 -20.574476 0.000000 0.000000 -1.572114
  1   -1.093036 0.000002 -0.326057 -1.569027 -1.622749 -0.001768
  2   2.262337 0.113614 0.064702 -0.074350 -0.095421 -0.091252
  3   2.380047 0.353302 0.047440 -0.149035 -0.033932 -0.085214
  4   2.033756 0.190472 -0.000128 -0.182038 -0.048418 -0.388303
  5   2.451511 0.204909 -0.003447 -0.421999 -0.011624 -0.383158
  6   7.247600 -0.397300 -0.109469 0.056796 0.015853 0.258572
  7   -2.022252 -0.104661 3.136172 1.039778 -1.365494 -4.434840
  8   1.168026 -0.537438 -0.063437 -0.951377 0.745775 -0.800750
  9   6.790376 -0.619176 0.015206 0.108860 -0.081307 -1.251629
 10   8.637599 0.544015 -0.090417 -3.412781 0.196822 0.604894
 11   6.790465 -0.619039 0.017802 0.068299 -0.083368 -0.890414
 12   -2.022474 -0.104699 -2.873818 -0.199515 1.684517 -3.575810
 13   1.167898 -0.537463 0.063297 -0.017644 -0.842198 -1.070709
 14   7.002743 -0.617765 -0.183752 -0.124453 0.036593 -2.073774
 15   8.209042 0.615527 -0.255885 2.525320 0.157990 0.943728
 16   7.002735 -0.617911 -0.183641 -0.070205 0.066801 -1.470105
 17   1.574674 0.609930 -0.000899 0.470111 -0.003069 0.476346
 18   -0.602177 0.511412 -0.000006 0.000000 0.000000 0.000000
 19   3.673773 0.177020 1.119313 -0.000002 -0.000014 -0.174510
 20   3.673767 0.176993 -1.117566 0.000007 -0.000003 -0.174546
 21   3.942357 1.334540 1.627658 0.000002 -0.000011 -0.000026
 22   -0.246060 -0.011889 0.516521 -0.000011 0.000031 0.000025
 23   3.942374 1.334565 -1.631083 0.000019 0.000002 -0.000024
 24   -0.246150 -0.011872 -0.516511 -0.000005 -0.000006 0.000048
 25   4.941364 1.997338 1.629330 0.000018 -0.000001 -0.000024
 26   4.941382 1.997366 -1.629410 -0.000001 0.000005 -0.000024
 27   2.914462 1.619264 1.514501 -0.000019 -0.000022 -0.000050
 28   2.916892 1.618870 -1.501142 -0.000002 -0.000009 -0.000024
 29   8.824059 0.150544 0.091743 0.000006 -0.000231 -0.174534
 30   2.111085 -0.561179 1.784320 -0.000008 -0.000682 0.000024
 31   2.121290 -0.561289 -1.853599 0.000000 0.000000 -0.000002
 32   -0.814395 -0.093824 3.127092 3.071965 -0.114691 1.239365
 33   14.298673 -0.408176 0.471578 0.000248 0.000063 -1.896136
 34   15.835795 0.581398 0.242756 -0.214735 0.106913 -0.097869
 35   -0.815868 -0.091229 -3.114430 0.066464 3.132818 -1.010216
 36   14.294526 -0.410349 -0.467541 0.000021 -0.000012 -2.607695
 37   15.834409 0.579420 -0.284600 -0.006092 -0.035255 0.214508
 38   1.139685 -3.453749 -2.823813 0.000000 0.000000 0.000001
 39   -4.457742 -1.054854 -0.746180 0.000000 0.000000 0.000000
 40   1.118101 -3.449769 3.237290 0.000000 0.000001 0.000000
 41   -4.433840 -1.059130 0.959566 -0.000001 0.000000 0.000000
 42   -0.657468 1.697302 -2.688614 0.000000 0.000002 0.000000
 43   -0.664068 1.698578 2.869377 0.000000 0.000002 0.000000
time 55
  0   -0.967547 0.175787 -20.574476 0.000000 0.000000 -1.572114
  1   -1.093036 0.000002 -0.326057 -1.569027 -1.622749 -0.001768
  2   2.262337 0.113614 0.064702 -0.077254 -0.096044 -0.091234
  3   2.380047 0.353302 0.047440 -0.151735 -0.034136 -0.085193
  4   2.033756 0.190472 -0.000128 -0.184915 -0.049305 -0.388013
  5   2.451511 0.204909 -0.003447 -0.424498 -0.013283 -0.382812
  6   7.247600 -0.397300 -0.109469 0.056796 0.015853 0.258572
  7   -2.022252 -0.104661 3.136172 1.039298 -1.365783 -4.434558
  8   1.168026 -0.537438 -0.063437 -0.966944 0.750102 -0.803976
  9   6.790376 -0.619176 0.015206 0.117459 -0.065423 -1.328833
 10   8.637599 0.544015 -0.090417 -3.347173 0.249685 0.718692
 11   6.790465 -0.619039 0.017802 0.076444 -0.074414 -0.944859
 12   -2.022474 -0.104699 -2.873818 -0.202006 1.687448 -3.578395
 13   1.167898 -0.537463 0.063297 -0.017152 -0.845097 -1.074704
 14   7.002743 -0.617765 -0.183752 -0.124396 0.036593 -2.072619
 15   8.209042 0.615527 -0.255885 2.523738 0.154888 0.944931
 16   7.002735 -0.617911 -0.183641 -0.070111 0.066744 -1.469277
 17   1.574674 0.609930 -0.000899 0.504396 0.018326 0.495972
 18   -0.602177 0.511412 -0.000006 0.000000 0.000000 0.000000
 19   3.673773 0.177020 1.119313 -0.000002 -0.000014 -0.174510
 20   3.673767 0.176993 -1.117566 0.000007 -0.000003 -0.174546
 21   3.942357 1.334540 1.627658 0.000002 -0.000011 -0.000026
 22   -0.246060 -0.011889 0.516521 -0.000011 0.000031 0.000025
 23   3.942374 1.334565 -1.631083 0.000019 0.000002 -0.000024
 24   -0.246150 -0.011872 -0.516511 -0.000005 -0.000006 0.000048
 25   4.941364 1.997338 1.629330 0.000018 -0.000001 -0.000024
 26   4.941382 1.997366 -1.629410 -0.000001 0.000005 -0.000024
 27   2.914462 1.619264 1.514501 -0.000019 -0.000022 -0.000050
 28   2.916892 1.618870 -1.501142 -0.000002 -0.000009 -0.000024
 29   8.824059 0.150544 0.091743 0.000006 -0.000231 -0.174534
 30   2.111085 -0.561179 1.784320 -0.000008 -0.000682 0.000024
 31   2.121290 -0.561289 -1.853599 0.000000 0.000000 -0.000002
 32   -0.814395 -0.093824 3.127092 3.071965 -0.114691 1.239365
 33   14.298673 -0.408176 0.471578 0.000248 0.000063 -1.896136
 34   15.835795 0.581398 0.242756 -0.214735 0.106913 -0.097869
 35   -0.815868 -0.091229 -3.114430 0.066464 3.132818 -1.010216
 36   14.294526 -0.410349 -0.467541 0.000021 -0.000012 -2.607695
 37   15.834409 0.579420 -0.284600 -0.006092 -0.035255 0.214508
 38   1.139685 -3.453749 -2.823813 0.000000 0.000000 0.000001
 39   -4.457742 -1.054854 -0.746180 0.000000 0.000000 0.000000
 40   1.118101 -3.449769 3.237290 0.000000 0.000001 0.000000
 41   -4.433840 -1.059130 0.959566 -0.000001 0.000000 0.000000
 42   -0.657468 1.697302 -2.688614 0.000000 0.000002 0.000000
 43   -0.664068 1.698578 2.869377 0.000000 0.000002 0.000000
time 56
  0   -0.967547 0.175787 -20.574476 0.000000 0.000000 -1.572114
  1   -1.093036 0.000002 -0.326057 -1.569027 -1.622749 -0.001768
  2   2.262337 0.113614 0.064702 0.125527 -0.072314 -0.129093
  3   2.380047 0.353302 0.047440 0.026192 -0.035670 -0.120821
  4   2.033756 0.190472 -0.000128 -0.008733 -0.018816 -0.419765
  5   2.451511 0.204909 -0.003447 -0.279450 0.115184 -0.423353
  6   7.247600 -0.397300 -0.109469 0.056796 0.015853 0.258572
  7   -2.022252 -0.104661 3.136172 0.914971 -1.325828 -4.320355
  8   1.168026 -0.537438 -0.063437 -0.398686 0.631460 -0.758998
  9   6.790376 -0.619176 0.015206 0.106862 -0.059417 -1.179633
 10   8.637599 0.544015 -0.090417 -3.109398 -0.055739 0.573859
 11   6.790465 -0.619039 0.017802 0.069758 -0.066626 -0.840640
 12   -2.022474 -0.104699 -2.873818 -1.710297 1.469159 -5.017766
 13   1.167898 -0.537463 0.063297 -0.324768 -0.362690 -0.722876
 14   7.002743 -0.617765 -0.183752 -0.125933 0.036422 -2.089780
 15   8.209042 0.615527 -0.255885 3.042518 0.208757 1.005609
 16   7.002735 -0.617911 -0.183641 -0.071335 0.067365 -1.481309
 17   1.574674 0.609930 -0.000899 0.271554 -0.178464 0.379027
 18   -0.602177 0.511412 -0.000006 0.000000 0.000000 0.000000
 19   3.673773 0.177020 1.119313 -0.000002 -0.000014 -0.174510
 20   3.673767 0.176993 -1.117566 0.000007 -0.000003 -0.174546
 21   3.942357 1.334540 1.627658 0.000002 -0.000011 -0.000026
 22   -0.246060 -0.011889 0.516521 -0.000011 0.000031 0.000025
 23   3.942374 1.334565 -1.631083 0.000019 0.000002 -0.000024
 24   -0.246150 -0.011872 -0.516511 -0.000005 -0.000006 0.000048
 25   4.941364 1.997338 1.629330 0.000018 -0.000001 -0.000024
 26   4.941382 1.997366 -1.629410 -0.000001 0.000005 -0.000024
 27   2.914462 1.619264 1.514501 -0.000019 -0.000022 -0.000050
 28   2.916892 1.618870 -1.501142 -0.000002 -0.000009 -0.000024
 29   8.824059 0.150544 0.091743 0.000006 -0.000231 -0.174534
 30   2.111085 -0.561179 1.784320 -0.000008 -0.000682 0.000024
 31   2.121290 -0.561289 -1.853599 0.000000 0.000000 -0.000002
 32   -0.814395 -0.093824 3.127092 3.071965 -0.114691 1.239365
 33   14.298673 -0.408176 0.471578 0.000248 0.000063 -1.896136
 34   15.835795 0.581398 0.242756 -0.214735 0.106913 -0.097869
 35   -0.815868 -0.091229 -3.114430 0.066464 3.132818 -1.010216
 36   14.294526 -0.410349 -0.467541 0.000021 -0.000012 -2.607695
 37   15.834409 0.579420 -0.284600 -0.006092 -0.035255 0.214508
 38   1.139685 -3.453749 -2.823813 0.000000 0.000000 0.000001
 39   -4.457742 -1.054854 -0.746180 0.000000 0.000000 0.000000
 40   1.118101 -3.449769 3.237290 0.000000 0.000001 0.000000
 41   -4.433840 -1.059130 0.959566 -0.000001 0.000000 0.000000
 42   -0.657468 1.697302 -2.688614 0.000000 0.000002 0.000000
 43   -0.664068 1.698578 2.869377 0.000000 0.000002 0.000000
end
