version 1
nodes
  0 "Bip01" -1
  1 "Bip01 Pelvis" 0
  2 "Bip01 Spine" 1
  3 "Bip01 Spine1" 2
  4 "Bip01 Spine2" 3
  5 "Bip01 Spine3" 4
  6 "Bip01 Neck" 5
  7 "Bip01 L Arm" 6
  8 "Bip01 L Arm1" 7
  9 "Bip01 L Arm2" 8
 10 "Bip01 L Hand" 9
 11 "Bip06 L elbow2-smooth" 8
 12 "Bip01 R Arm" 6
 13 "Bip01 R Arm1" 12
 14 "Bip01 R Arm2" 13
 15 "Bip01 R Hand" 14
 16 "Bip06 R elbow2-smooth" 13
 17 "Bip01 Head" 6
 18 "Bip06 Head_helper" 17
 19 "Bip06 Head_eyes_l" 18
 20 "Bip06 Head_eyes_r" 18
 21 "Bip06 Head_blink_l" 18
 22 "Bip06 Head_blink_smooth_l1" 21
 23 "Bip06 Head_blink_r" 18
 24 "Bip06 Head_blink_smooth_r1" 23
 25 "Bip06 Head_L_eyebrow" 18
 26 "Bip06 Head_R_eyebrow" 18
 27 "Bip06 Head_blink_l_lid" 18
 28 "Bip06 Head_blink_r_lid" 18
 29 "Bip06 bunny" 18
 30 "Bip06 bunnyL" 29
 31 "Bip06 bunnyR" 29
 32 "Bip01 L Leg" 1
 33 "Bip01 L Leg1" 32
 34 "Bip01 L Foot" 33
 35 "Bip01 R Leg" 1
 36 "Bip01 R Leg1" 35
 37 "Bip01 R Foot" 36
 38 "Bip03 HairR1" 17
 39 "Bip03 HairR2" 38
 40 "Bip03 HairL1" 17
 41 "Bip03 HairL2" 40
 42 "Bip03 swingR" 17
 43 "Bip03 swingL" 17
end
skeleton
time 0
  0   -0.967547 0.175787 -20.574476 0.000000 0.000000 -1.572114
  1   -1.093036 0.000002 -0.326057 -1.832777 -1.570379 0.261511
  2   2.262337 0.113614 0.064702 0.056324 -0.093683 0.228963
  3   2.380047 0.353302 0.047440 -0.027977 -0.012828 0.235929
  4   2.033756 0.190472 -0.000128 -0.016737 -0.041275 -0.048197
  5   2.451511 0.204909 -0.003447 -0.254391 0.190619 -0.066483
  6   7.247600 -0.397300 -0.109469 0.056796 0.015841 0.258572
  7   -2.022252 -0.104661 3.136172 1.148481 -1.282357 -4.556649
  8   1.168026 -0.537438 -0.063437 -1.442370 0.602781 -1.560381
  9   6.790376 -0.619176 0.015206 0.087445 -0.041464 -0.858217
 10   8.637599 0.544015 -0.090417 -2.265648 0.027673 0.391768
 11   6.790465 -0.619039 0.017802 0.058021 -0.048064 -0.615823
 12   -2.022474 -0.104699 -2.873818 -2.545447 1.367401 -5.855501
 13   1.167898 -0.537463 0.063297 1.232575 -0.346824 -1.554623
 14   7.002743 -0.617765 -0.183752 -0.027326 -0.016558 -0.773159
 15   8.209042 0.615527 -0.255885 2.179036 0.590232 0.830128
 16   7.002735 -0.617911 -0.183641 -0.006229 -0.005263 -0.560031
 17   1.574674 0.609930 -0.000899 -0.132751 -0.150419 0.237984
 18   -0.602177 0.511412 -0.000006 0.000000 0.000000 0.000000
 19   3.673773 0.177020 1.119313 -0.000002 -0.000014 -0.174510
 20   3.673767 0.176993 -1.117566 0.000007 -0.000003 -0.174546
 21   3.942357 1.334540 1.627658 0.000002 -0.000011 -0.000026
 22   -0.246060 -0.011889 0.516521 -0.000011 0.000031 0.000025
 23   3.942374 1.334565 -1.631083 0.000019 0.000002 -0.000024
 24   -0.246150 -0.011872 -0.516511 -0.000005 -0.000006 0.000048
 25   4.941364 1.997338 1.629330 0.000018 -0.000001 -0.000024
 26   4.941382 1.997366 -1.629410 -0.000001 0.000005 -0.000024
 27   2.914462 1.619264 1.514501 -0.000019 -0.000022 -0.000050
 28   2.916892 1.618870 -1.501142 -0.000002 -0.000009 -0.000024
 29   8.824059 0.150544 0.091743 0.000006 -0.000231 -0.174534
 30   2.111085 -0.561179 1.784320 -0.000008 -0.000682 0.000024
 31   2.121290 -0.561289 -1.853599 0.000000 0.000000 -0.000002
 32   -0.814395 -0.093824 3.127092 3.071965 -0.114691 1.239365
 33   14.298673 -0.408176 0.471578 0.000248 0.000063 -1.896136
 34   15.835795 0.581398 0.242756 -0.214735 0.106913 -0.097869
 35   -0.815868 -0.091229 -3.114430 0.066464 3.132818 -1.010216
 36   14.294526 -0.410349 -0.467541 0.000021 -0.000012 -2.607695
 37   15.834409 0.579420 -0.284600 -0.006092 -0.035255 0.214508
 38   1.139685 -3.453749 -2.823813 0.000000 0.000000 0.000001
 39   -4.457742 -1.054854 -0.746180 0.000000 0.000000 0.000000
 40   1.118101 -3.449769 3.237290 0.000000 0.000001 0.000000
 41   -4.433840 -1.059130 0.959566 -0.000001 0.000000 0.000000
 42   -0.657468 1.697302 -2.688614 0.000000 0.000002 0.000000
 43   -0.664068 1.698578 2.869377 0.000000 0.000002 0.000000
time 1
  0   -0.967547 0.175787 -20.574476 0.000000 0.000000 -1.572114
  1   -1.093036 0.000002 -0.326057 -1.832777 -1.570379 0.261511
  2   2.262337 0.113614 0.064702 0.056324 -0.093683 0.228963
  3   2.380047 0.353302 0.047440 -0.027977 -0.012828 0.235929
  4   2.033756 0.190472 -0.000128 -0.016737 -0.041275 -0.048197
  5   2.451511 0.204909 -0.003447 -0.254391 0.190619 -0.066483
  6   7.247600 -0.397300 -0.109469 0.056796 0.015841 0.258572
  7   -2.022252 -0.104661 3.136172 1.148481 -1.282357 -4.556649
  8   1.168026 -0.537438 -0.063437 -1.442370 0.602781 -1.560381
  9   6.790376 -0.619176 0.015206 0.087445 -0.041464 -0.858217
 10   8.637599 0.544015 -0.090417 -2.265648 0.027673 0.391768
 11   6.790465 -0.619039 0.017802 0.058021 -0.048064 -0.615823
 12   -2.022474 -0.104699 -2.873818 -2.545447 1.367401 -5.855501
 13   1.167898 -0.537463 0.063297 1.232575 -0.346824 -1.554623
 14   7.002743 -0.617765 -0.183752 -0.027326 -0.016558 -0.773159
 15   8.209042 0.615527 -0.255885 2.179036 0.590232 0.830128
 16   7.002735 -0.617911 -0.183641 -0.006229 -0.005263 -0.560031
 17   1.574674 0.609930 -0.000899 -0.132751 -0.150419 0.237984
 18   -0.602177 0.511412 -0.000006 0.000000 0.000000 0.000000
 19   3.673773 0.177020 1.119313 -0.000002 -0.000014 -0.174510
 20   3.673767 0.176993 -1.117566 0.000007 -0.000003 -0.174546
 21   3.942357 1.334540 1.627658 0.000002 -0.000011 -0.000026
 22   -0.246060 -0.011889 0.516521 -0.000011 0.000031 0.000025
 23   3.942374 1.334565 -1.631083 0.000019 0.000002 -0.000024
 24   -0.246150 -0.011872 -0.516511 -0.000005 -0.000006 0.000048
 25   4.941364 1.997338 1.629330 0.000018 -0.000001 -0.000024
 26   4.941382 1.997366 -1.629410 -0.000001 0.000005 -0.000024
 27   2.914462 1.619264 1.514501 -0.000019 -0.000022 -0.000050
 28   2.916892 1.618870 -1.501142 -0.000002 -0.000009 -0.000024
 29   8.824059 0.150544 0.091743 0.000006 -0.000231 -0.174534
 30   2.111085 -0.561179 1.784320 -0.000008 -0.000682 0.000024
 31   2.121290 -0.561289 -1.853599 0.000000 0.000000 -0.000002
 32   -0.814395 -0.093824 3.127092 3.071965 -0.114691 1.239365
 33   14.298673 -0.408176 0.471578 0.000248 0.000063 -1.896136
 34   15.835795 0.581398 0.242756 -0.214735 0.106913 -0.097869
 35   -0.815868 -0.091229 -3.114430 0.066464 3.132818 -1.010216
 36   14.294526 -0.410349 -0.467541 0.000021 -0.000012 -2.607695
 37   15.834409 0.579420 -0.284600 -0.006092 -0.035255 0.214508
 38   1.139685 -3.453749 -2.823813 0.000000 0.000000 0.000001
 39   -4.457742 -1.054854 -0.746180 0.000000 0.000000 0.000000
 40   1.118101 -3.449769 3.237290 0.000000 0.000001 0.000000
 41   -4.433840 -1.059130 0.959566 -0.000001 0.000000 0.000000
 42   -0.657468 1.697302 -2.688614 0.000000 0.000002 0.000000
 43   -0.664068 1.698578 2.869377 0.000000 0.000002 0.000000
time 2
  0   -0.967547 0.175787 -20.574476 0.000000 0.000000 -1.572114
  1   -1.093036 0.000002 -0.326057 -1.832777 -1.570379 0.261511
  2   2.262337 0.113614 0.064702 0.067202 -0.097230 0.239282
  3   2.380047 0.353302 0.047440 -0.029537 -0.015620 0.234072
  4   2.033756 0.190472 -0.000128 -0.017032 -0.044523 -0.053018
  5   2.451511 0.204909 -0.003447 -0.256428 0.197056 -0.071857
  6   7.247600 -0.397300 -0.109469 0.056796 0.015841 0.258572
  7   -2.022252 -0.104661 3.136172 1.193342 -1.278494 -4.600320
  8   1.168026 -0.537438 -0.063437 -1.365231 0.575561 -1.520780
  9   6.790376 -0.619176 0.015206 0.087722 -0.041731 -0.862142
 10   8.637599 0.544015 -0.090417 -2.179521 -0.020051 0.419693
 11   6.790465 -0.619039 0.017802 0.058138 -0.048291 -0.618592
 12   -2.022474 -0.104699 -2.873818 -2.576584 1.373757 -5.889872
 13   1.167898 -0.537463 0.063297 1.192085 -0.330652 -1.531197
 14   7.002743 -0.617765 -0.183752 -0.027668 -0.015763 -0.782647
 15   8.209042 0.615527 -0.255885 2.157321 0.588190 0.807397
 16   7.002735 -0.617911 -0.183641 -0.006464 -0.004643 -0.566599
 17   1.574674 0.609930 -0.000899 -0.135391 -0.144904 0.214736
 18   -0.602177 0.511412 -0.000006 0.000000 0.000000 0.000000
 19   3.673773 0.177020 1.119313 -0.000002 -0.000014 -0.174510
 20   3.673767 0.176993 -1.117566 0.000007 -0.000003 -0.174546
 21   3.942357 1.334540 1.627658 0.000002 -0.000011 -0.000026
 22   -0.246060 -0.011889 0.516521 -0.000011 0.000031 0.000025
 23   3.942374 1.334565 -1.631083 0.000019 0.000002 -0.000024
 24   -0.246150 -0.011872 -0.516511 -0.000005 -0.000006 0.000048
 25   4.941364 1.997338 1.629330 0.000018 -0.000001 -0.000024
 26   4.941382 1.997366 -1.629410 -0.000001 0.000005 -0.000024
 27   2.914462 1.619264 1.514501 -0.000019 -0.000022 -0.000050
 28   2.916892 1.618870 -1.501142 -0.000002 -0.000009 -0.000024
 29   8.824059 0.150544 0.091743 0.000006 -0.000231 -0.174534
 30   2.111085 -0.561179 1.784320 -0.000008 -0.000682 0.000024
 31   2.121290 -0.561289 -1.853599 0.000000 0.000000 -0.000002
 32   -0.814395 -0.093824 3.127092 3.071965 -0.114691 1.239365
 33   14.298673 -0.408176 0.471578 0.000248 0.000063 -1.896136
 34   15.835795 0.581398 0.242756 -0.214735 0.106913 -0.097869
 35   -0.815868 -0.091229 -3.114430 0.066464 3.132818 -1.010216
 36   14.294526 -0.410349 -0.467541 0.000021 -0.000012 -2.607695
 37   15.834409 0.579420 -0.284600 -0.006092 -0.035255 0.214508
 38   1.139685 -3.453749 -2.823813 0.000000 0.000000 0.000001
 39   -4.457742 -1.054854 -0.746180 0.000000 0.000000 0.000000
 40   1.118101 -3.449769 3.237290 0.000000 0.000001 0.000000
 41   -4.433840 -1.059130 0.959566 -0.000001 0.000000 0.000000
 42   -0.657468 1.697302 -2.688614 0.000000 0.000002 0.000000
 43   -0.664068 1.698578 2.869377 0.000000 0.000002 0.000000
time 3
  0   -0.967547 0.175787 -20.574476 0.000000 0.000000 -1.572114
  1   -1.093036 0.000002 -0.326057 -1.832777 -1.570379 0.261511
  2   2.262337 0.113614 0.064702 0.081175 -0.100514 0.247179
  3   2.380047 0.353302 0.047440 -0.029612 -0.018161 0.231909
  4   2.033756 0.190472 -0.000128 -0.016977 -0.047027 -0.057730
  5   2.451511 0.204909 -0.003447 -0.256924 0.197539 -0.075448
  6   7.247600 -0.397300 -0.109469 0.056796 0.015841 0.258572
  7   -2.022252 -0.104661 3.136172 1.238491 -1.282501 -4.648312
  8   1.168026 -0.537438 -0.063437 -1.190894 0.543964 -1.443982
  9   6.790376 -0.619176 0.015206 0.088998 -0.043399 -0.887423
 10   8.637599 0.544015 -0.090417 -1.998548 -0.043139 0.447835
 11   6.790465 -0.619039 0.017802 0.058927 -0.049826 -0.636356
 12   -2.022474 -0.104699 -2.873818 -2.532992 1.379852 -5.849469
 13   1.167898 -0.537463 0.063297 1.136480 -0.326329 -1.481498
 14   7.002743 -0.617765 -0.183752 -0.028465 -0.014059 -0.803521
 15   8.209042 0.615527 -0.255885 2.127841 0.598101 0.781477
 16   7.002735 -0.617911 -0.183641 -0.006935 -0.003177 -0.581281
 17   1.574674 0.609930 -0.000899 -0.132548 -0.133378 0.197327
 18   -0.602177 0.511412 -0.000006 0.000000 0.000000 0.000000
 19   3.673773 0.177020 1.119313 -0.000002 -0.000014 -0.174510
 20   3.673767 0.176993 -1.117566 0.000007 -0.000003 -0.174546
 21   3.942357 1.334540 1.627658 0.000002 -0.000011 -0.000026
 22   -0.246060 -0.011889 0.516521 -0.000011 0.000031 0.000025
 23   3.942374 1.334565 -1.631083 0.000019 0.000002 -0.000024
 24   -0.246150 -0.011872 -0.516511 -0.000005 -0.000006 0.000048
 25   4.941364 1.997338 1.629330 0.000018 -0.000001 -0.000024
 26   4.941382 1.997366 -1.629410 -0.000001 0.000005 -0.000024
 27   2.914462 1.619264 1.514501 -0.000019 -0.000022 -0.000050
 28   2.916892 1.618870 -1.501142 -0.000002 -0.000009 -0.000024
 29   8.824059 0.150544 0.091743 0.000006 -0.000231 -0.174534
 30   2.111085 -0.561179 1.784320 -0.000008 -0.000682 0.000024
 31   2.121290 -0.561289 -1.853599 0.000000 0.000000 -0.000002
 32   -0.814395 -0.093824 3.127092 3.071965 -0.114691 1.239365
 33   14.298673 -0.408176 0.471578 0.000248 0.000063 -1.896136
 34   15.835795 0.581398 0.242756 -0.214735 0.106913 -0.097869
 35   -0.815868 -0.091229 -3.114430 0.066464 3.132818 -1.010216
 36   14.294526 -0.410349 -0.467541 0.000021 -0.000012 -2.607695
 37   15.834409 0.579420 -0.284600 -0.006092 -0.035255 0.214508
 38   1.139685 -3.453749 -2.823813 0.000000 0.000000 0.000001
 39   -4.457742 -1.054854 -0.746180 0.000000 0.000000 0.000000
 40   1.118101 -3.449769 3.237290 0.000000 0.000001 0.000000
 41   -4.433840 -1.059130 0.959566 -0.000001 0.000000 0.000000
 42   -0.657468 1.697302 -2.688614 0.000000 0.000002 0.000000
 43   -0.664068 1.698578 2.869377 0.000000 0.000002 0.000000
time 4
  0   -0.967547 0.175787 -20.574476 0.000000 0.000000 -1.572114
  1   -1.093036 0.000002 -0.326057 -1.832777 -1.570379 0.261511
  2   2.262337 0.113614 0.064702 0.100663 -0.102539 0.251534
  3   2.380047 0.353302 0.047440 -0.027062 -0.019755 0.229134
  4   2.033756 0.190472 -0.000128 -0.015889 -0.048262 -0.062007
  5   2.451511 0.204909 -0.003447 -0.255298 0.186207 -0.075646
  6   7.247600 -0.397300 -0.109469 0.056796 0.015841 0.258572
  7   -2.022252 -0.104661 3.136172 1.273767 -1.300403 -4.684000
  8   1.168026 -0.537438 -0.063437 -0.986561 0.507385 -1.372561
  9   6.790376 -0.619176 0.015206 0.091717 -0.046469 -0.937383
 10   8.637599 0.544015 -0.090417 -1.804277 -0.113037 0.492399
 11   6.790465 -0.619039 0.017802 0.060561 -0.052782 -0.671134
 12   -2.022474 -0.104699 -2.873818 -2.362168 1.383045 -5.680869
 13   1.167898 -0.537463 0.063297 1.094092 -0.345095 -1.397173
 14   7.002743 -0.617765 -0.183752 -0.030116 -0.010766 -0.843701
 15   8.209042 0.615527 -0.255885 2.020849 0.611190 0.661323
 16   7.002735 -0.617911 -0.183641 -0.007970 -0.000357 -0.609374
 17   1.574674 0.609930 -0.000899 -0.127023 -0.115013 0.183836
 18   -0.602177 0.511412 -0.000006 0.000000 0.000000 0.000000
 19   3.673773 0.177020 1.119313 -0.000002 -0.000014 -0.174510
 20   3.673767 0.176993 -1.117566 0.000007 -0.000003 -0.174546
 21   3.942357 1.334540 1.627658 0.000002 -0.000011 -0.000026
 22   -0.246060 -0.011889 0.516521 -0.000011 0.000031 0.000025
 23   3.942374 1.334565 -1.631083 0.000019 0.000002 -0.000024
 24   -0.246150 -0.011872 -0.516511 -0.000005 -0.000006 0.000048
 25   4.941364 1.997338 1.629330 0.000018 -0.000001 -0.000024
 26   4.941382 1.997366 -1.629410 -0.000001 0.000005 -0.000024
 27   2.914462 1.619264 1.514501 -0.000019 -0.000022 -0.000050
 28   2.916892 1.618870 -1.501142 -0.000002 -0.000009 -0.000024
 29   8.824059 0.150544 0.091743 0.000006 -0.000231 -0.174534
 30   2.111085 -0.561179 1.784320 -0.000008 -0.000682 0.000024
 31   2.121290 -0.561289 -1.853599 0.000000 0.000000 -0.000002
 32   -0.814395 -0.093824 3.127092 3.071965 -0.114691 1.239365
 33   14.298673 -0.408176 0.471578 0.000248 0.000063 -1.896136
 34   15.835795 0.581398 0.242756 -0.214735 0.106913 -0.097869
 35   -0.815868 -0.091229 -3.114430 0.066464 3.132818 -1.010216
 36   14.294526 -0.410349 -0.467541 0.000021 -0.000012 -2.607695
 37   15.834409 0.579420 -0.284600 -0.006092 -0.035255 0.214508
 38   1.139685 -3.453749 -2.823813 0.000000 0.000000 0.000001
 39   -4.457742 -1.054854 -0.746180 0.000000 0.000000 0.000000
 40   1.118101 -3.449769 3.237290 0.000000 0.000001 0.000000
 41   -4.433840 -1.059130 0.959566 -0.000001 0.000000 0.000000
 42   -0.657468 1.697302 -2.688614 0.000000 0.000002 0.000000
 43   -0.664068 1.698578 2.869377 0.000000 0.000002 0.000000
time 5
  0   -0.967547 0.175787 -20.574476 0.000000 0.000000 -1.572114
  1   -1.093036 0.000002 -0.326057 -1.832777 -1.570379 0.261511
  2   2.262337 0.113614 0.064702 0.127641 -0.103282 0.251534
  3   2.380047 0.353302 0.047440 -0.021391 -0.020390 0.226032
  4   2.033756 0.190472 -0.000128 -0.013602 -0.047279 -0.064980
  5   2.451511 0.204909 -0.003447 -0.251207 0.164926 -0.072352
  6   7.247600 -0.397300 -0.109469 0.056796 0.015841 0.258572
  7   -2.022252 -0.104661 3.136172 1.261018 -1.338080 -4.677238
  8   1.168026 -0.537438 -0.063437 -0.786089 0.488216 -1.326887
  9   6.790376 -0.619176 0.015206 0.096321 -0.051074 -1.016020
 10   8.637599 0.544015 -0.090417 -1.663197 -0.214469 0.483067
 11   6.790465 -0.619039 0.017802 0.063277 -0.057416 -0.726213
 12   -2.022474 -0.104699 -2.873818 -2.191248 1.375441 -5.518301
 13   1.167898 -0.537463 0.063297 1.031177 -0.386694 -1.284881
 14   7.002743 -0.617765 -0.183752 -0.031539 -0.008211 -0.875383
 15   8.209042 0.615527 -0.255885 1.867840 0.656056 0.438695
 16   7.002735 -0.617911 -0.183641 -0.008771 0.001785 -0.631451
 17   1.574674 0.609930 -0.000899 -0.117030 -0.096766 0.172637
 18   -0.602177 0.511412 -0.000006 0.000000 0.000000 0.000000
 19   3.673773 0.177020 1.119313 -0.000002 -0.000014 -0.174510
 20   3.673767 0.176993 -1.117566 0.000007 -0.000003 -0.174546
 21   3.942357 1.334540 1.627658 0.000002 -0.000011 -0.000026
 22   -0.246060 -0.011889 0.516521 -0.000011 0.000031 0.000025
 23   3.942374 1.334565 -1.631083 0.000019 0.000002 -0.000024
 24   -0.246150 -0.011872 -0.516511 -0.000005 -0.000006 0.000048
 25   4.941364 1.997338 1.629330 0.000018 -0.000001 -0.000024
 26   4.941382 1.997366 -1.629410 -0.000001 0.000005 -0.000024
 27   2.914462 1.619264 1.514501 -0.000019 -0.000022 -0.000050
 28   2.916892 1.618870 -1.501142 -0.000002 -0.000009 -0.000024
 29   8.824059 0.150544 0.091743 0.000006 -0.000231 -0.174534
 30   2.111085 -0.561179 1.784320 -0.000008 -0.000682 0.000024
 31   2.121290 -0.561289 -1.853599 0.000000 0.000000 -0.000002
 32   -0.814395 -0.093824 3.127092 3.071965 -0.114691 1.239365
 33   14.298673 -0.408176 0.471578 0.000248 0.000063 -1.896136
 34   15.835795 0.581398 0.242756 -0.214735 0.106913 -0.097869
 35   -0.815868 -0.091229 -3.114430 0.066464 3.132818 -1.010216
 36   14.294526 -0.410349 -0.467541 0.000021 -0.000012 -2.607695
 37   15.834409 0.579420 -0.284600 -0.006092 -0.035255 0.214508
 38   1.139685 -3.453749 -2.823813 0.000000 0.000000 0.000001
 39   -4.457742 -1.054854 -0.746180 0.000000 0.000000 0.000000
 40   1.118101 -3.449769 3.237290 0.000000 0.000001 0.000000
 41   -4.433840 -1.059130 0.959566 -0.000001 0.000000 0.000000
 42   -0.657468 1.697302 -2.688614 0.000000 0.000002 0.000000
 43   -0.664068 1.698578 2.869377 0.000000 0.000002 0.000000
time 6
  0   -0.967547 0.175787 -20.574476 0.000000 0.000000 -1.572114
  1   -1.093036 0.000002 -0.326057 -1.832777 -1.570379 0.261511
  2   2.262337 0.113614 0.064702 0.169675 -0.110869 0.246528
  3   2.380047 0.353302 0.047440 -0.010336 -0.024692 0.223257
  4   2.033756 0.190472 -0.000128 -0.008770 -0.042809 -0.066720
  5   2.451511 0.204909 -0.003447 -0.246671 0.156753 -0.072377
  6   7.247600 -0.397300 -0.109469 0.056796 0.015841 0.258572
  7   -2.022252 -0.104661 3.136172 1.159792 -1.374056 -4.588675
  8   1.168026 -0.537438 -0.063437 -0.667944 0.499084 -1.331062
  9   6.790376 -0.619176 0.015206 0.101425 -0.055479 -1.097525
 10   8.637599 0.544015 -0.090417 -1.603048 -0.276835 0.470117
 11   6.790465 -0.619039 0.017802 0.066372 -0.062078 -0.783138
 12   -2.022474 -0.104699 -2.873818 -2.135201 1.362699 -5.477419
 13   1.167898 -0.537463 0.063297 0.957436 -0.439481 -1.153944
 14   7.002743 -0.617765 -0.183752 -0.031084 -0.009119 -0.863832
 15   8.209042 0.615527 -0.255885 1.657884 0.714163 0.195800
 16   7.002735 -0.617911 -0.183641 -0.008488 0.000996 -0.623393
 17   1.574674 0.609930 -0.000899 -0.115365 -0.093216 0.167869
 18   -0.602177 0.511412 -0.000006 0.000000 0.000000 0.000000
 19   3.673773 0.177020 1.119313 -0.000002 -0.000014 -0.174510
 20   3.673767 0.176993 -1.117566 0.000007 -0.000003 -0.174546
 21   3.942357 1.334540 1.627658 0.000002 -0.000011 -0.000026
 22   -0.246060 -0.011889 0.516521 -0.000011 0.000031 0.000025
 23   3.942374 1.334565 -1.631083 0.000019 0.000002 -0.000024
 24   -0.246150 -0.011872 -0.516511 -0.000005 -0.000006 0.000048
 25   4.941364 1.997338 1.629330 0.000018 -0.000001 -0.000024
 26   4.941382 1.997366 -1.629410 -0.000001 0.000005 -0.000024
 27   2.914462 1.619264 1.514501 -0.000019 -0.000022 -0.000050
 28   2.916892 1.618870 -1.501142 -0.000002 -0.000009 -0.000024
 29   8.824059 0.150544 0.091743 0.000006 -0.000231 -0.174534
 30   2.111085 -0.561179 1.784320 -0.000008 -0.000682 0.000024
 31   2.121290 -0.561289 -1.853599 0.000000 0.000000 -0.000002
 32   -0.814395 -0.093824 3.127092 3.071965 -0.114691 1.239365
 33   14.298673 -0.408176 0.471578 0.000248 0.000063 -1.896136
 34   15.835795 0.581398 0.242756 -0.214735 0.106913 -0.097869
 35   -0.815868 -0.091229 -3.114430 0.066464 3.132818 -1.010216
 36   14.294526 -0.410349 -0.467541 0.000021 -0.000012 -2.607695
 37   15.834409 0.579420 -0.284600 -0.006092 -0.035255 0.214508
 38   1.139685 -3.453749 -2.823813 0.000000 0.000000 0.000001
 39   -4.457742 -1.054854 -0.746180 0.000000 0.000000 0.000000
 40   1.118101 -3.449769 3.237290 0.000000 0.000001 0.000000
 41   -4.433840 -1.059130 0.959566 -0.000001 0.000000 0.000000
 42   -0.657468 1.697302 -2.688614 0.000000 0.000002 0.000000
 43   -0.664068 1.698578 2.869377 0.000000 0.000002 0.000000
time 7
  0   -0.967547 0.175787 -20.574476 0.000000 0.000000 -1.572114
  1   -1.093036 0.000002 -0.326057 -1.832777 -1.570379 0.261511
  2   2.262337 0.113614 0.064702 0.217364 -0.118946 0.240005
  3   2.380047 0.353302 0.047440 -0.000135 -0.030349 0.220482
  4   2.033756 0.190472 -0.000128 -0.003440 -0.034324 -0.069547
  5   2.451511 0.204909 -0.003447 -0.242854 0.151557 -0.073962
  6   7.247600 -0.397300 -0.109469 0.056796 0.015841 0.258572
  7   -2.022252 -0.104661 3.136172 0.958202 -1.391468 -4.405068
  8   1.168026 -0.537438 -0.063437 -0.624407 0.549348 -1.343208
  9   6.790376 -0.619176 0.015206 0.106419 -0.059083 -1.172841
 10   8.637599 0.544015 -0.090417 -1.646024 -0.254874 0.465270
 11   6.790465 -0.619039 0.017802 0.069466 -0.066228 -0.835795
 12   -2.022474 -0.104699 -2.873818 -2.062579 1.363193 -5.419496
 13   1.167898 -0.537463 0.063297 0.913852 -0.472231 -1.043226
 14   7.002743 -0.617765 -0.183752 -0.028806 -0.013264 -0.812844
 15   8.209042 0.615527 -0.255885 1.546362 0.693886 0.062957
 16   7.002735 -0.617911 -0.183641 -0.007170 -0.002500 -0.587849
 17   1.574674 0.609930 -0.000899 -0.099360 -0.102943 0.179586
 18   -0.602177 0.511412 -0.000006 0.000000 0.000000 0.000000
 19   3.673773 0.177020 1.119313 -0.000002 -0.000014 -0.174510
 20   3.673767 0.176993 -1.117566 0.000007 -0.000003 -0.174546
 21   3.942357 1.334540 1.627658 0.000002 -0.000011 -0.000026
 22   -0.246060 -0.011889 0.516521 -0.000011 0.000031 0.000025
 23   3.942374 1.334565 -1.631083 0.000019 0.000002 -0.000024
 24   -0.246150 -0.011872 -0.516511 -0.000005 -0.000006 0.000048
 25   4.941364 1.997338 1.629330 0.000018 -0.000001 -0.000024
 26   4.941382 1.997366 -1.629410 -0.000001 0.000005 -0.000024
 27   2.914462 1.619264 1.514501 -0.000019 -0.000022 -0.000050
 28   2.916892 1.618870 -1.501142 -0.000002 -0.000009 -0.000024
 29   8.824059 0.150544 0.091743 0.000006 -0.000231 -0.174534
 30   2.111085 -0.561179 1.784320 -0.000008 -0.000682 0.000024
 31   2.121290 -0.561289 -1.853599 0.000000 0.000000 -0.000002
 32   -0.814395 -0.093824 3.127092 3.071965 -0.114691 1.239365
 33   14.298673 -0.408176 0.471578 0.000248 0.000063 -1.896136
 34   15.835795 0.581398 0.242756 -0.214735 0.106913 -0.097869
 35   -0.815868 -0.091229 -3.114430 0.066464 3.132818 -1.010216
 36   14.294526 -0.410349 -0.467541 0.000021 -0.000012 -2.607695
 37   15.834409 0.579420 -0.284600 -0.006092 -0.035255 0.214508
 38   1.139685 -3.453749 -2.823813 0.000000 0.000000 0.000001
 39   -4.457742 -1.054854 -0.746180 0.000000 0.000000 0.000000
 40   1.118101 -3.449769 3.237290 0.000000 0.000001 0.000000
 41   -4.433840 -1.059130 0.959566 -0.000001 0.000000 0.000000
 42   -0.657468 1.697302 -2.688614 0.000000 0.000002 0.000000
 43   -0.664068 1.698578 2.869377 0.000000 0.000002 0.000000
time 8
  0   -0.967547 0.175787 -20.574476 0.000000 0.000000 -1.572114
  1   -1.093036 0.000002 -0.326057 -1.832777 -1.570379 0.261511
  2   2.262337 0.113614 0.064702 0.261716 -0.125861 0.230770
  3   2.380047 0.353302 0.047440 0.009781 -0.035502 0.219176
  4   2.033756 0.190472 -0.000128 0.001779 -0.021896 -0.070091
  5   2.451511 0.204909 -0.003447 -0.238763 0.146413 -0.073962
  6   7.247600 -0.397300 -0.109469 0.056796 0.015841 0.258572
  7   -2.022252 -0.104661 3.136172 0.861482 -1.392073 -4.328057
  8   1.168026 -0.537438 -0.063437 -0.647631 0.606806 -1.371359
  9   6.790376 -0.619176 0.015206 0.107639 -0.059951 -1.190727
 10   8.637599 0.544015 -0.090417 -1.687591 -0.213484 0.453333
 11   6.790465 -0.619039 0.017802 0.070225 -0.067194 -0.848369
 12   -2.022474 -0.104699 -2.873818 -1.985072 1.369578 -5.359754
 13   1.167898 -0.537463 0.063297 0.956170 -0.508694 -0.986747
 14   7.002743 -0.617765 -0.183752 -0.026757 -0.017807 -0.758638
 15   8.209042 0.615527 -0.255885 1.553840 0.696383 0.072579
 16   7.002735 -0.617911 -0.183641 -0.005899 -0.006335 -0.549821
 17   1.574674 0.609930 -0.000899 -0.072915 -0.112528 0.192633
 18   -0.602177 0.511412 -0.000006 0.000000 0.000000 0.000000
 19   3.673773 0.177020 1.119313 -0.000002 -0.000014 -0.174510
 20   3.673767 0.176993 -1.117566 0.000007 -0.000003 -0.174546
 21   3.942357 1.334540 1.627658 0.000002 -0.000011 -0.000026
 22   -0.246060 -0.011889 0.516521 -0.000011 0.000031 0.000025
 23   3.942374 1.334565 -1.631083 0.000019 0.000002 -0.000024
 24   -0.246150 -0.011872 -0.516511 -0.000005 -0.000006 0.000048
 25   4.941364 1.997338 1.629330 0.000018 -0.000001 -0.000024
 26   4.941382 1.997366 -1.629410 -0.000001 0.000005 -0.000024
 27   2.914462 1.619264 1.514501 -0.000019 -0.000022 -0.000050
 28   2.916892 1.618870 -1.501142 -0.000002 -0.000009 -0.000024
 29   8.824059 0.150544 0.091743 0.000006 -0.000231 -0.174534
 30   2.111085 -0.561179 1.784320 -0.000008 -0.000682 0.000024
 31   2.121290 -0.561289 -1.853599 0.000000 0.000000 -0.000002
 32   -0.814395 -0.093824 3.127092 3.071965 -0.114691 1.239365
 33   14.298673 -0.408176 0.471578 0.000248 0.000063 -1.896136
 34   15.835795 0.581398 0.242756 -0.214735 0.106913 -0.097869
 35   -0.815868 -0.091229 -3.114430 0.066464 3.132818 -1.010216
 36   14.294526 -0.410349 -0.467541 0.000021 -0.000012 -2.607695
 37   15.834409 0.579420 -0.284600 -0.006092 -0.035255 0.214508
 38   1.139685 -3.453749 -2.823813 0.000000 0.000000 0.000001
 39   -4.457742 -1.054854 -0.746180 0.000000 0.000000 0.000000
 40   1.118101 -3.449769 3.237290 0.000000 0.000001 0.000000
 41   -4.433840 -1.059130 0.959566 -0.000001 0.000000 0.000000
 42   -0.657468 1.697302 -2.688614 0.000000 0.000002 0.000000
 43   -0.664068 1.698578 2.869377 0.000000 0.000002 0.000000
time 9
  0   -0.967547 0.175787 -20.574476 0.000000 0.000000 -1.572114
  1   -1.093036 0.000002 -0.326057 -1.832777 -1.570379 0.261511
  2   2.262337 0.113614 0.064702 0.292809 -0.127360 0.222783
  3   2.380047 0.353302 0.047440 0.016696 -0.037911 0.218217
  4   2.033756 0.190472 -0.000128 0.006021 -0.010055 -0.070236
  5   2.451511 0.204909 -0.003447 -0.235357 0.138880 -0.072699
  6   7.247600 -0.397300 -0.109469 0.056796 0.015841 0.258572
  7   -2.022252 -0.104661 3.136172 0.869726 -1.376737 -4.345994
  8   1.168026 -0.537438 -0.063437 -0.672437 0.631813 -1.378571
  9   6.790376 -0.619176 0.015206 0.106086 -0.058816 -1.167785
 10   8.637599 0.544015 -0.090417 -1.727484 -0.162662 0.445086
 11   6.790465 -0.619039 0.017802 0.069233 -0.065972 -0.832277
 12   -2.022474 -0.104699 -2.873818 -1.927012 1.377879 -5.310543
 13   1.167898 -0.537463 0.063297 1.029068 -0.530866 -0.984810
 14   7.002743 -0.617765 -0.183752 -0.025333 -0.021328 -0.717220
 15   8.209042 0.615527 -0.255885 1.684488 0.710001 0.130611
 16   7.002735 -0.617911 -0.183641 -0.005005 -0.009210 -0.520845
 17   1.574674 0.609930 -0.000899 -0.045008 -0.127698 0.196920
 18   -0.602177 0.511412 -0.000006 0.000000 0.000000 0.000000
 19   3.673773 0.177020 1.119313 -0.000002 -0.000014 -0.174510
 20   3.673767 0.176993 -1.117566 0.000007 -0.000003 -0.174546
 21   3.942357 1.334540 1.627658 0.000002 -0.000011 -0.000026
 22   -0.246060 -0.011889 0.516521 -0.000011 0.000031 0.000025
 23   3.942374 1.334565 -1.631083 0.000019 0.000002 -0.000024
 24   -0.246150 -0.011872 -0.516511 -0.000005 -0.000006 0.000048
 25   4.941364 1.997338 1.629330 0.000018 -0.000001 -0.000024
 26   4.941382 1.997366 -1.629410 -0.000001 0.000005 -0.000024
 27   2.914462 1.619264 1.514501 -0.000019 -0.000022 -0.000050
 28   2.916892 1.618870 -1.501142 -0.000002 -0.000009 -0.000024
 29   8.824059 0.150544 0.091743 0.000006 -0.000231 -0.174534
 30   2.111085 -0.561179 1.784320 -0.000008 -0.000682 0.000024
 31   2.121290 -0.561289 -1.853599 0.000000 0.000000 -0.000002
 32   -0.814395 -0.093824 3.127092 3.071965 -0.114691 1.239365
 33   14.298673 -0.408176 0.471578 0.000248 0.000063 -1.896136
 34   15.835795 0.581398 0.242756 -0.214735 0.106913 -0.097869
 35   -0.815868 -0.091229 -3.114430 0.066464 3.132818 -1.010216
 36   14.294526 -0.410349 -0.467541 0.000021 -0.000012 -2.607695
 37   15.834409 0.579420 -0.284600 -0.006092 -0.035255 0.214508
 38   1.139685 -3.453749 -2.823813 0.000000 0.000000 0.000001
 39   -4.457742 -1.054854 -0.746180 0.000000 0.000000 0.000000
 40   1.118101 -3.449769 3.237290 0.000000 0.000001 0.000000
 41   -4.433840 -1.059130 0.959566 -0.000001 0.000000 0.000000
 42   -0.657468 1.697302 -2.688614 0.000000 0.000002 0.000000
 43   -0.664068 1.698578 2.869377 0.000000 0.000002 0.000000
time 10
  0   -0.967547 0.175787 -20.574476 0.000000 0.000000 -1.572114
  1   -1.093036 0.000002 -0.326057 -1.832777 -1.570379 0.261511
  2   2.262337 0.113614 0.064702 0.309011 -0.124471 0.218808
  3   2.380047 0.353302 0.047440 0.016501 -0.036581 0.217727
  4   2.033756 0.190472 -0.000128 0.006777 -0.004398 -0.070670
  5   2.451511 0.204909 -0.003447 -0.234775 0.133410 -0.071337
  6   7.247600 -0.397300 -0.109469 0.056796 0.015841 0.258572
  7   -2.022252 -0.104661 3.136172 0.881229 -1.358489 -4.348624
  8   1.168026 -0.537438 -0.063437 -0.671488 0.620894 -1.360352
  9   6.790376 -0.619176 0.015206 0.104088 -0.057481 -1.138579
 10   8.637599 0.544015 -0.090417 -1.775391 -0.128452 0.445954
 11   6.790465 -0.619039 0.017802 0.068036 -0.064352 -0.811860
 12   -2.022474 -0.104699 -2.873818 -1.870007 1.387021 -5.252715
 13   1.167898 -0.537463 0.063297 1.063161 -0.531171 -1.005755
 14   7.002743 -0.617765 -0.183752 -0.025333 -0.021214 -0.718293
 15   8.209042 0.615527 -0.255885 1.881142 0.695399 0.271453
 16   7.002735 -0.617911 -0.183641 -0.005052 -0.009154 -0.521728
 17   1.574674 0.609930 -0.000899 -0.005078 -0.140147 0.221426
 18   -0.602177 0.511412 -0.000006 0.000000 0.000000 0.000000
 19   3.673773 0.177020 1.119313 -0.000002 -0.000014 -0.174510
 20   3.673767 0.176993 -1.117566 0.000007 -0.000003 -0.174546
 21   3.942357 1.334540 1.627658 0.000002 -0.000011 -0.000026
 22   -0.246060 -0.011889 0.516521 -0.000011 0.000031 0.000025
 23   3.942374 1.334565 -1.631083 0.000019 0.000002 -0.000024
 24   -0.246150 -0.011872 -0.516511 -0.000005 -0.000006 0.000048
 25   4.941364 1.997338 1.629330 0.000018 -0.000001 -0.000024
 26   4.941382 1.997366 -1.629410 -0.000001 0.000005 -0.000024
 27   2.914462 1.619264 1.514501 -0.000019 -0.000022 -0.000050
 28   2.916892 1.618870 -1.501142 -0.000002 -0.000009 -0.000024
 29   8.824059 0.150544 0.091743 0.000006 -0.000231 -0.174534
 30   2.111085 -0.561179 1.784320 -0.000008 -0.000682 0.000024
 31   2.121290 -0.561289 -1.853599 0.000000 0.000000 -0.000002
 32   -0.814395 -0.093824 3.127092 3.071965 -0.114691 1.239365
 33   14.298673 -0.408176 0.471578 0.000248 0.000063 -1.896136
 34   15.835795 0.581398 0.242756 -0.214735 0.106913 -0.097869
 35   -0.815868 -0.091229 -3.114430 0.066464 3.132818 -1.010216
 36   14.294526 -0.410349 -0.467541 0.000021 -0.000012 -2.607695
 37   15.834409 0.579420 -0.284600 -0.006092 -0.035255 0.214508
 38   1.139685 -3.453749 -2.823813 0.000000 0.000000 0.000001
 39   -4.457742 -1.054854 -0.746180 0.000000 0.000000 0.000000
 40   1.118101 -3.449769 3.237290 0.000000 0.000001 0.000000
 41   -4.433840 -1.059130 0.959566 -0.000001 0.000000 0.000000
 42   -0.657468 1.697302 -2.688614 0.000000 0.000002 0.000000
 43   -0.664068 1.698578 2.869377 0.000000 0.000002 0.000000
time 11
  0   -0.967547 0.175787 -20.574476 0.000000 0.000000 -1.572114
  1   -1.093036 0.000002 -0.326057 -1.832777 -1.570379 0.261511
  2   2.262337 0.113614 0.064702 0.314602 -0.121044 0.218789
  3   2.380047 0.353302 0.047440 0.011911 -0.034064 0.217462
  4   2.033756 0.190472 -0.000128 0.005099 -0.003212 -0.071830
  5   2.451511 0.204909 -0.003447 -0.236230 0.133057 -0.071758
  6   7.247600 -0.397300 -0.109469 0.056796 0.015841 0.258572
  7   -2.022252 -0.104661 3.136172 0.917367 -1.347420 -4.383467
  8   1.168026 -0.537438 -0.063437 -0.678069 0.608920 -1.344600
  9   6.790376 -0.619176 0.015206 0.101814 -0.055813 -1.104694
 10   8.637599 0.544015 -0.090417 -1.799521 -0.094172 0.443205
 11   6.790465 -0.619039 0.017802 0.066664 -0.062504 -0.788214
 12   -2.022474 -0.104699 -2.873818 -1.851900 1.391955 -5.228684
 13   1.167898 -0.537463 0.063297 1.089312 -0.517441 -1.038444
 14   7.002743 -0.617765 -0.183752 -0.025960 -0.019681 -0.735784
 15   8.209042 0.615527 -0.255885 1.952110 0.653030 0.360456
 16   7.002735 -0.617911 -0.183641 -0.005428 -0.007913 -0.533815
 17   1.574674 0.609930 -0.000899 0.046105 -0.142206 0.234732
 18   -0.602177 0.511412 -0.000006 0.000000 0.000000 0.000000
 19   3.673773 0.177020 1.119313 -0.000002 -0.000014 -0.174510
 20   3.673767 0.176993 -1.117566 0.000007 -0.000003 -0.174546
 21   3.942357 1.334540 1.627658 0.000002 -0.000011 -0.000026
 22   -0.246060 -0.011889 0.516521 -0.000011 0.000031 0.000025
 23   3.942374 1.334565 -1.631083 0.000019 0.000002 -0.000024
 24   -0.246150 -0.011872 -0.516511 -0.000005 -0.000006 0.000048
 25   4.941364 1.997338 1.629330 0.000018 -0.000001 -0.000024
 26   4.941382 1.997366 -1.629410 -0.000001 0.000005 -0.000024
 27   2.914462 1.619264 1.514501 -0.000019 -0.000022 -0.000050
 28   2.916892 1.618870 -1.501142 -0.000002 -0.000009 -0.000024
 29   8.824059 0.150544 0.091743 0.000006 -0.000231 -0.174534
 30   2.111085 -0.561179 1.784320 -0.000008 -0.000682 0.000024
 31   2.121290 -0.561289 -1.853599 0.000000 0.000000 -0.000002
 32   -0.814395 -0.093824 3.127092 3.071965 -0.114691 1.239365
 33   14.298673 -0.408176 0.471578 0.000248 0.000063 -1.896136
 34   15.835795 0.581398 0.242756 -0.214735 0.106913 -0.097869
 35   -0.815868 -0.091229 -3.114430 0.066464 3.132818 -1.010216
 36   14.294526 -0.410349 -0.467541 0.000021 -0.000012 -2.607695
 37   15.834409 0.579420 -0.284600 -0.006092 -0.035255 0.214508
 38   1.139685 -3.453749 -2.823813 0.000000 0.000000 0.000001
 39   -4.457742 -1.054854 -0.746180 0.000000 0.000000 0.000000
 40   1.118101 -3.449769 3.237290 0.000000 0.000001 0.000000
 41   -4.433840 -1.059130 0.959566 -0.000001 0.000000 0.000000
 42   -0.657468 1.697302 -2.688614 0.000000 0.000002 0.000000
 43   -0.664068 1.698578 2.869377 0.000000 0.000002 0.000000
time 12
  0   -0.967547 0.175787 -20.574476 0.000000 0.000000 -1.572114
  1   -1.093036 0.000002 -0.326057 -1.832777 -1.570379 0.261511
  2   2.262337 0.113614 0.064702 0.312424 -0.118575 0.222024
  3   2.380047 0.353302 0.047440 0.004350 -0.032926 0.217380
  4   2.033756 0.190472 -0.000128 0.002185 -0.005681 -0.074766
  5   2.451511 0.204909 -0.003447 -0.240612 0.146674 -0.076488
  6   7.247600 -0.397300 -0.109469 0.056796 0.015841 0.258572
  7   -2.022252 -0.104661 3.136172 0.914491 -1.336956 -4.381401
  8   1.168026 -0.537438 -0.063437 -0.686865 0.599612 -1.327646
  9   6.790376 -0.619176 0.015206 0.100260 -0.054545 -1.080469
 10   8.637599 0.544015 -0.090417 -1.827526 -0.086218 0.438213
 11   6.790465 -0.619039 0.017802 0.065729 -0.061111 -0.771200
 12   -2.022474 -0.104699 -2.873818 -1.906989 1.392971 -5.280193
 13   1.167898 -0.537463 0.063297 1.096904 -0.497658 -1.075249
 14   7.002743 -0.617765 -0.183752 -0.026187 -0.019227 -0.741642
 15   8.209042 0.615527 -0.255885 1.967929 0.606424 0.390765
 16   7.002735 -0.617911 -0.183641 -0.005523 -0.007519 -0.537954
 17   1.574674 0.609930 -0.000899 0.050858 -0.146537 0.237836
 18   -0.602177 0.511412 -0.000006 0.000000 0.000000 0.000000
 19   3.673773 0.177020 1.119313 -0.000002 -0.000014 -0.174510
 20   3.673767 0.176993 -1.117566 0.000007 -0.000003 -0.174546
 21   3.942357 1.334540 1.627658 0.000002 -0.000011 -0.000026
 22   -0.246060 -0.011889 0.516521 -0.000011 0.000031 0.000025
 23   3.942374 1.334565 -1.631083 0.000019 0.000002 -0.000024
 24   -0.246150 -0.011872 -0.516511 -0.000005 -0.000006 0.000048
 25   4.941364 1.997338 1.629330 0.000018 -0.000001 -0.000024
 26   4.941382 1.997366 -1.629410 -0.000001 0.000005 -0.000024
 27   2.914462 1.619264 1.514501 -0.000019 -0.000022 -0.000050
 28   2.916892 1.618870 -1.501142 -0.000002 -0.000009 -0.000024
 29   8.824059 0.150544 0.091743 0.000006 -0.000231 -0.174534
 30   2.111085 -0.561179 1.784320 -0.000008 -0.000682 0.000024
 31   2.121290 -0.561289 -1.853599 0.000000 0.000000 -0.000002
 32   -0.814395 -0.093824 3.127092 3.071965 -0.114691 1.239365
 33   14.298673 -0.408176 0.471578 0.000248 0.000063 -1.896136
 34   15.835795 0.581398 0.242756 -0.214735 0.106913 -0.097869
 35   -0.815868 -0.091229 -3.114430 0.066464 3.132818 -1.010216
 36   14.294526 -0.410349 -0.467541 0.000021 -0.000012 -2.607695
 37   15.834409 0.579420 -0.284600 -0.006092 -0.035255 0.214508
 38   1.139685 -3.453749 -2.823813 0.000000 0.000000 0.000001
 39   -4.457742 -1.054854 -0.746180 0.000000 0.000000 0.000000
 40   1.118101 -3.449769 3.237290 0.000000 0.000001 0.000000
 41   -4.433840 -1.059130 0.959566 -0.000001 0.000000 0.000000
 42   -0.657468 1.697302 -2.688614 0.000000 0.000002 0.000000
 43   -0.664068 1.698578 2.869377 0.000000 0.000002 0.000000
time 13
  0   -0.967547 0.175787 -20.574476 0.000000 0.000000 -1.572114
  1   -1.093036 0.000002 -0.326057 -1.832777 -1.570379 0.261511
  2   2.262337 0.113614 0.064702 0.307622 -0.117328 0.225909
  3   2.380047 0.353302 0.047440 -0.002460 -0.031356 0.217115
  4   2.033756 0.190472 -0.000128 -0.001098 -0.012608 -0.076289
  5   2.451511 0.204909 -0.003447 -0.245353 0.165514 -0.082308
  6   7.247600 -0.397300 -0.109469 0.056796 0.015841 0.258572
  7   -2.022252 -0.104661 3.136172 0.892540 -1.324300 -4.350596
  8   1.168026 -0.537438 -0.063437 -0.692497 0.574505 -1.314931
  9   6.790376 -0.619176 0.015206 0.099040 -0.053410 -1.060244
 10   8.637599 0.544015 -0.090417 -1.834131 -0.071366 0.439226
 11   6.790465 -0.619039 0.017802 0.064970 -0.059974 -0.757127
 12   -2.022474 -0.104699 -2.873818 -1.955563 1.389808 -5.330935
 13   1.167898 -0.537463 0.063297 1.102527 -0.488454 -1.102732
 14   7.002743 -0.617765 -0.183752 -0.026529 -0.018432 -0.751295
 15   8.209042 0.615527 -0.255885 1.963112 0.571091 0.414038
 16   7.002735 -0.617911 -0.183641 -0.005711 -0.006786 -0.544633
 17   1.574674 0.609930 -0.000899 0.037697 -0.133331 0.239167
 18   -0.602177 0.511412 -0.000006 0.000000 0.000000 0.000000
 19   3.673773 0.177020 1.119313 -0.000002 -0.000014 -0.174510
 20   3.673767 0.176993 -1.117566 0.000007 -0.000003 -0.174546
 21   3.942357 1.334540 1.627658 0.000002 -0.000011 -0.000026
 22   -0.246060 -0.011889 0.516521 -0.000011 0.000031 0.000025
 23   3.942374 1.334565 -1.631083 0.000019 0.000002 -0.000024
 24   -0.246150 -0.011872 -0.516511 -0.000005 -0.000006 0.000048
 25   4.941364 1.997338 1.629330 0.000018 -0.000001 -0.000024
 26   4.941382 1.997366 -1.629410 -0.000001 0.000005 -0.000024
 27   2.914462 1.619264 1.514501 -0.000019 -0.000022 -0.000050
 28   2.916892 1.618870 -1.501142 -0.000002 -0.000009 -0.000024
 29   8.824059 0.150544 0.091743 0.000006 -0.000231 -0.174534
 30   2.111085 -0.561179 1.784320 -0.000008 -0.000682 0.000024
 31   2.121290 -0.561289 -1.853599 0.000000 0.000000 -0.000002
 32   -0.814395 -0.093824 3.127092 3.071965 -0.114691 1.239365
 33   14.298673 -0.408176 0.471578 0.000248 0.000063 -1.896136
 34   15.835795 0.581398 0.242756 -0.214735 0.106913 -0.097869
 35   -0.815868 -0.091229 -3.114430 0.066464 3.132818 -1.010216
 36   14.294526 -0.410349 -0.467541 0.000021 -0.000012 -2.607695
 37   15.834409 0.579420 -0.284600 -0.006092 -0.035255 0.214508
 38   1.139685 -3.453749 -2.823813 0.000000 0.000000 0.000001
 39   -4.457742 -1.054854 -0.746180 0.000000 0.000000 0.000000
 40   1.118101 -3.449769 3.237290 0.000000 0.000001 0.000000
 41   -4.433840 -1.059130 0.959566 -0.000001 0.000000 0.000000
 42   -0.657468 1.697302 -2.688614 0.000000 0.000002 0.000000
 43   -0.664068 1.698578 2.869377 0.000000 0.000002 0.000000
time 14
  0   -0.967547 0.175787 -20.574476 0.000000 0.000000 -1.572114
  1   -1.093036 0.000002 -0.326057 -1.832777 -1.570379 0.261511
  2   2.262337 0.113614 0.064702 0.306208 -0.112606 0.226705
  3   2.380047 0.353302 0.047440 -0.000045 -0.029942 0.217421
  4   2.033756 0.190472 -0.000128 -0.000858 -0.015903 -0.074766
  5   2.451511 0.204909 -0.003447 -0.244412 0.164704 -0.080599
  6   7.247600 -0.397300 -0.109469 0.056796 0.015841 0.258572
  7   -2.022252 -0.104661 3.136172 0.915833 -1.347881 -4.355386
  8   1.168026 -0.537438 -0.063437 -0.627761 0.576920 -1.273369
  9   6.790376 -0.619176 0.015206 0.105032 -0.058215 -1.153899
 10   8.637599 0.544015 -0.090417 -1.700096 -0.104660 0.377950
 11   6.790465 -0.619039 0.017802 0.068649 -0.065204 -0.822530
 12   -2.022474 -0.104699 -2.873818 -1.976545 1.401475 -5.357839
 13   1.167898 -0.537463 0.063297 1.094584 -0.480673 -1.113628
 14   7.002743 -0.617765 -0.183752 -0.026643 -0.018034 -0.756080
 15   8.209042 0.615527 -0.255885 1.958294 0.565870 0.432801
 16   7.002735 -0.617911 -0.183641 -0.005852 -0.006504 -0.548055
 17   1.574674 0.609930 -0.000899 0.025307 -0.123036 0.240608
 18   -0.602177 0.511412 -0.000006 0.000000 0.000000 0.000000
 19   3.673773 0.177020 1.119313 -0.000002 -0.000014 -0.174510
 20   3.673767 0.176993 -1.117566 0.000007 -0.000003 -0.174546
 21   3.942357 1.334540 1.627658 0.000002 -0.000011 -0.000026
 22   -0.246060 -0.011889 0.516521 -0.000011 0.000031 0.000025
 23   3.942374 1.334565 -1.631083 0.000019 0.000002 -0.000024
 24   -0.246150 -0.011872 -0.516511 -0.000005 -0.000006 0.000048
 25   4.941364 1.997338 1.629330 0.000018 -0.000001 -0.000024
 26   4.941382 1.997366 -1.629410 -0.000001 0.000005 -0.000024
 27   2.914462 1.619264 1.514501 -0.000019 -0.000022 -0.000050
 28   2.916892 1.618870 -1.501142 -0.000002 -0.000009 -0.000024
 29   8.824059 0.150544 0.091743 0.000006 -0.000231 -0.174534
 30   2.111085 -0.561179 1.784320 -0.000008 -0.000682 0.000024
 31   2.121290 -0.561289 -1.853599 0.000000 0.000000 -0.000002
 32   -0.814395 -0.093824 3.127092 3.071965 -0.114691 1.239365
 33   14.298673 -0.408176 0.471578 0.000248 0.000063 -1.896136
 34   15.835795 0.581398 0.242756 -0.214735 0.106913 -0.097869
 35   -0.815868 -0.091229 -3.114430 0.066464 3.132818 -1.010216
 36   14.294526 -0.410349 -0.467541 0.000021 -0.000012 -2.607695
 37   15.834409 0.579420 -0.284600 -0.006092 -0.035255 0.214508
 38   1.139685 -3.453749 -2.823813 0.000000 0.000000 0.000001
 39   -4.457742 -1.054854 -0.746180 0.000000 0.000000 0.000000
 40   1.118101 -3.449769 3.237290 0.000000 0.000001 0.000000
 41   -4.433840 -1.059130 0.959566 -0.000001 0.000000 0.000000
 42   -0.657468 1.697302 -2.688614 0.000000 0.000002 0.000000
 43   -0.664068 1.698578 2.869377 0.000000 0.000002 0.000000
time 15
  0   -0.967547 0.175787 -20.574476 0.000000 0.000000 -1.572114
  1   -1.093036 0.000002 -0.326057 -1.832777 -1.570379 0.261511
  2   2.262337 0.113614 0.064702 0.305100 -0.107417 0.227192
  3   2.380047 0.353302 0.047440 0.003240 -0.028551 0.217768
  4   2.033756 0.190472 -0.000128 -0.000194 -0.018960 -0.072882
  5   2.451511 0.204909 -0.003447 -0.242854 0.161675 -0.078073
  6   7.247600 -0.397300 -0.109469 0.056796 0.015841 0.258572
  7   -2.022252 -0.104661 3.136172 0.948904 -1.375411 -4.369004
  8   1.168026 -0.537438 -0.063437 -0.555621 0.569675 -1.233325
  9   6.790376 -0.619176 0.015206 0.111245 -0.062153 -1.243101
 10   8.637599 0.544015 -0.090417 -1.549417 -0.145346 0.300687
 11   6.790465 -0.619039 0.017802 0.072503 -0.070008 -0.884992
 12   -2.022474 -0.104699 -2.873818 -1.999059 1.415349 -5.386944
 13   1.167898 -0.537463 0.063297 1.085094 -0.472841 -1.123495
 14   7.002743 -0.617765 -0.183752 -0.026871 -0.017694 -0.759958
 15   8.209042 0.615527 -0.255885 1.953477 0.563525 0.450903
 16   7.002735 -0.617911 -0.183641 -0.005899 -0.006222 -0.550759
 17   1.574674 0.609930 -0.000899 0.012593 -0.111676 0.241348
 18   -0.602177 0.511412 -0.000006 0.000000 0.000000 0.000000
 19   3.673773 0.177020 1.119313 -0.000002 -0.000014 -0.174510
 20   3.673767 0.176993 -1.117566 0.000007 -0.000003 -0.174546
 21   3.942357 1.334540 1.627658 0.000002 -0.000011 -0.000026
 22   -0.246060 -0.011889 0.516521 -0.000011 0.000031 0.000025
 23   3.942374 1.334565 -1.631083 0.000019 0.000002 -0.000024
 24   -0.246150 -0.011872 -0.516511 -0.000005 -0.000006 0.000048
 25   4.941364 1.997338 1.629330 0.000018 -0.000001 -0.000024
 26   4.941382 1.997366 -1.629410 -0.000001 0.000005 -0.000024
 27   2.914462 1.619264 1.514501 -0.000019 -0.000022 -0.000050
 28   2.916892 1.618870 -1.501142 -0.000002 -0.000009 -0.000024
 29   8.824059 0.150544 0.091743 0.000006 -0.000231 -0.174534
 30   2.111085 -0.561179 1.784320 -0.000008 -0.000682 0.000024
 31   2.121290 -0.561289 -1.853599 0.000000 0.000000 -0.000002
 32   -0.814395 -0.093824 3.127092 3.071965 -0.114691 1.239365
 33   14.298673 -0.408176 0.471578 0.000248 0.000063 -1.896136
 34   15.835795 0.581398 0.242756 -0.214735 0.106913 -0.097869
 35   -0.815868 -0.091229 -3.114430 0.066464 3.132818 -1.010216
 36   14.294526 -0.410349 -0.467541 0.000021 -0.000012 -2.607695
 37   15.834409 0.579420 -0.284600 -0.006092 -0.035255 0.214508
 38   1.139685 -3.453749 -2.823813 0.000000 0.000000 0.000001
 39   -4.457742 -1.054854 -0.746180 0.000000 0.000000 0.000000
 40   1.118101 -3.449769 3.237290 0.000000 0.000001 0.000000
 41   -4.433840 -1.059130 0.959566 -0.000001 0.000000 0.000000
 42   -0.657468 1.697302 -2.688614 0.000000 0.000002 0.000000
 43   -0.664068 1.698578 2.869377 0.000000 0.000002 0.000000
time 16
  0   -0.967547 0.175787 -20.574476 0.000000 0.000000 -1.572114
  1   -1.093036 0.000002 -0.326057 -1.832777 -1.570379 0.261511
  2   2.262337 0.113614 0.064702 0.304323 -0.101976 0.227445
  3   2.380047 0.353302 0.047440 0.007215 -0.027149 0.218074
  4   2.033756 0.190472 -0.000128 0.000562 -0.021668 -0.070815
  5   2.451511 0.204909 -0.003447 -0.240954 0.157537 -0.075126
  6   7.247600 -0.397300 -0.109469 0.056796 0.015841 0.258572
  7   -2.022252 -0.104661 3.136172 0.990890 -1.405074 -4.392014
  8   1.168026 -0.537438 -0.063437 -0.475761 0.557700 -1.189865
  9   6.790376 -0.619176 0.015206 0.117958 -0.065624 -1.335096
 10   8.637599 0.544015 -0.090417 -1.387025 -0.188918 0.219372
 11   6.790465 -0.619039 0.017802 0.076736 -0.074727 -0.949242
 12   -2.022474 -0.104699 -2.873818 -2.024448 1.429628 -5.418634
 13   1.167898 -0.537463 0.063297 1.075252 -0.464755 -1.132212
 14   7.002743 -0.617765 -0.183752 -0.026984 -0.017410 -0.763423
 15   8.209042 0.615527 -0.255885 1.948443 0.562768 0.468162
 16   7.002735 -0.617911 -0.183641 -0.006040 -0.005940 -0.553188
 17   1.574674 0.609930 -0.000899 -0.003047 -0.102020 0.242974
 18   -0.602177 0.511412 -0.000006 0.000000 0.000000 0.000000
 19   3.673773 0.177020 1.119313 -0.000002 -0.000014 -0.174510
 20   3.673767 0.176993 -1.117566 0.000007 -0.000003 -0.174546
 21   3.942357 1.334540 1.627658 0.000002 -0.000011 -0.000026
 22   -0.246060 -0.011889 0.516521 -0.000011 0.000031 0.000025
 23   3.942374 1.334565 -1.631083 0.000019 0.000002 -0.000024
 24   -0.246150 -0.011872 -0.516511 -0.000005 -0.000006 0.000048
 25   4.941364 1.997338 1.629330 0.000018 -0.000001 -0.000024
 26   4.941382 1.997366 -1.629410 -0.000001 0.000005 -0.000024
 27   2.914462 1.619264 1.514501 -0.000019 -0.000022 -0.000050
 28   2.916892 1.618870 -1.501142 -0.000002 -0.000009 -0.000024
 29   8.824059 0.150544 0.091743 0.000006 -0.000231 -0.174534
 30   2.111085 -0.561179 1.784320 -0.000008 -0.000682 0.000024
 31   2.121290 -0.561289 -1.853599 0.000000 0.000000 -0.000002
 32   -0.814395 -0.093824 3.127092 3.071965 -0.114691 1.239365
 33   14.298673 -0.408176 0.471578 0.000248 0.000063 -1.896136
 34   15.835795 0.581398 0.242756 -0.214735 0.106913 -0.097869
 35   -0.815868 -0.091229 -3.114430 0.066464 3.132818 -1.010216
 36   14.294526 -0.410349 -0.467541 0.000021 -0.000012 -2.607695
 37   15.834409 0.579420 -0.284600 -0.006092 -0.035255 0.214508
 38   1.139685 -3.453749 -2.823813 0.000000 0.000000 0.000001
 39   -4.457742 -1.054854 -0.746180 0.000000 0.000000 0.000000
 40   1.118101 -3.449769 3.237290 0.000000 0.000001 0.000000
 41   -4.433840 -1.059130 0.959566 -0.000001 0.000000 0.000000
 42   -0.657468 1.697302 -2.688614 0.000000 0.000002 0.000000
 43   -0.664068 1.698578 2.869377 0.000000 0.000002 0.000000
time 17
  0   -0.967547 0.175787 -20.574476 0.000000 0.000000 -1.572114
  1   -1.093036 0.000002 -0.326057 -1.832777 -1.570379 0.261511
  2   2.262337 0.113614 0.064702 0.303737 -0.096439 0.227608
  3   2.380047 0.353302 0.047440 0.011521 -0.025783 0.218278
  4   2.033756 0.190472 -0.000128 0.001613 -0.024293 -0.068749
  5   2.451511 0.204909 -0.003447 -0.239020 0.153267 -0.072055
  6   7.247600 -0.397300 -0.109469 0.056796 0.015841 0.258572
  7   -2.022252 -0.104661 3.136172 1.042653 -1.435055 -4.425730
  8   1.168026 -0.537438 -0.063437 -0.388054 0.545473 -1.139067
  9   6.790376 -0.619176 0.015206 0.125615 -0.068694 -1.434638
 10   8.637599 0.544015 -0.090417 -1.221552 -0.229392 0.143555
 11   6.790465 -0.619039 0.017802 0.081583 -0.079616 -1.018913
 12   -2.022474 -0.104699 -2.873818 -2.052807 1.442718 -5.453292
 13   1.167898 -0.537463 0.063297 1.064356 -0.457381 -1.138992
 14   7.002743 -0.617765 -0.183752 -0.027041 -0.017126 -0.766476
 15   8.209042 0.615527 -0.255885 1.943482 0.562768 0.483858
 16   7.002735 -0.617911 -0.183641 -0.006040 -0.005714 -0.555285
 17   1.574674 0.609930 -0.000899 -0.037575 -0.099038 0.248666
 18   -0.602177 0.511412 -0.000006 0.000000 0.000000 0.000000
 19   3.673773 0.177020 1.119313 -0.000002 -0.000014 -0.174510
 20   3.673767 0.176993 -1.117566 0.000007 -0.000003 -0.174546
 21   3.942357 1.334540 1.627658 0.000002 -0.000011 -0.000026
 22   -0.246060 -0.011889 0.516521 -0.000011 0.000031 0.000025
 23   3.942374 1.334565 -1.631083 0.000019 0.000002 -0.000024
 24   -0.246150 -0.011872 -0.516511 -0.000005 -0.000006 0.000048
 25   4.941364 1.997338 1.629330 0.000018 -0.000001 -0.000024
 26   4.941382 1.997366 -1.629410 -0.000001 0.000005 -0.000024
 27   2.914462 1.619264 1.514501 -0.000019 -0.000022 -0.000050
 28   2.916892 1.618870 -1.501142 -0.000002 -0.000009 -0.000024
 29   8.824059 0.150544 0.091743 0.000006 -0.000231 -0.174534
 30   2.111085 -0.561179 1.784320 -0.000008 -0.000682 0.000024
 31   2.121290 -0.561289 -1.853599 0.000000 0.000000 -0.000002
 32   -0.814395 -0.093824 3.127092 3.071965 -0.114691 1.239365
 33   14.298673 -0.408176 0.471578 0.000248 0.000063 -1.896136
 34   15.835795 0.581398 0.242756 -0.214735 0.106913 -0.097869
 35   -0.815868 -0.091229 -3.114430 0.066464 3.132818 -1.010216
 36   14.294526 -0.410349 -0.467541 0.000021 -0.000012 -2.607695
 37   15.834409 0.579420 -0.284600 -0.006092 -0.035255 0.214508
 38   1.139685 -3.453749 -2.823813 0.000000 0.000000 0.000001
 39   -4.457742 -1.054854 -0.746180 0.000000 0.000000 0.000000
 40   1.118101 -3.449769 3.237290 0.000000 0.000001 0.000000
 41   -4.433840 -1.059130 0.959566 -0.000001 0.000000 0.000000
 42   -0.657468 1.697302 -2.688614 0.000000 0.000002 0.000000
 43   -0.664068 1.698578 2.869377 0.000000 0.000002 0.000000
time 18
  0   -0.967547 0.175787 -20.574476 0.000000 0.000000 -1.572114
  1   -1.093036 0.000002 -0.326057 -1.832777 -1.570379 0.261511
  2   2.262337 0.113614 0.064702 0.303304 -0.091022 0.227716
  3   2.380047 0.353302 0.047440 0.015601 -0.024297 0.218421
  4   2.033756 0.190472 -0.000128 0.002517 -0.026738 -0.066865
  5   2.451511 0.204909 -0.003447 -0.237120 0.149860 -0.069405
  6   7.247600 -0.397300 -0.109469 0.056796 0.015841 0.258572
  7   -2.022252 -0.104661 3.136172 1.105632 -1.463709 -4.472031
  8   1.168026 -0.537438 -0.063437 -0.290856 0.537322 -1.076376
  9   6.790376 -0.619176 0.015206 0.134325 -0.071163 -1.544896
 10   8.637599 0.544015 -0.090417 -1.061362 -0.259942 0.079964
 11   6.790465 -0.619039 0.017802 0.087334 -0.084647 -1.096082
 12   -2.022474 -0.104699 -2.873818 -2.083561 1.452906 -5.489578
 13   1.167898 -0.537463 0.063297 1.053109 -0.451025 -1.143653
 14   7.002743 -0.617765 -0.183752 -0.027212 -0.016899 -0.769446
 15   8.209042 0.615527 -0.255885 1.939240 0.562768 0.497509
 16   7.002735 -0.617911 -0.183641 -0.006135 -0.005545 -0.557437
 17   1.574674 0.609930 -0.000899 -0.034163 -0.094423 0.256206
 18   -0.602177 0.511412 -0.000006 0.000000 0.000000 0.000000
 19   3.673773 0.177020 1.119313 -0.000002 -0.000014 -0.174510
 20   3.673767 0.176993 -1.117566 0.000007 -0.000003 -0.174546
 21   3.942357 1.334540 1.627658 0.000002 -0.000011 -0.000026
 22   -0.246060 -0.011889 0.516521 -0.000011 0.000031 0.000025
 23   3.942374 1.334565 -1.631083 0.000019 0.000002 -0.000024
 24   -0.246150 -0.011872 -0.516511 -0.000005 -0.000006 0.000048
 25   4.941364 1.997338 1.629330 0.000018 -0.000001 -0.000024
 26   4.941382 1.997366 -1.629410 -0.000001 0.000005 -0.000024
 27   2.914462 1.619264 1.514501 -0.000019 -0.000022 -0.000050
 28   2.916892 1.618870 -1.501142 -0.000002 -0.000009 -0.000024
 29   8.824059 0.150544 0.091743 0.000006 -0.000231 -0.174534
 30   2.111085 -0.561179 1.784320 -0.000008 -0.000682 0.000024
 31   2.121290 -0.561289 -1.853599 0.000000 0.000000 -0.000002
 32   -0.814395 -0.093824 3.127092 3.071965 -0.114691 1.239365
 33   14.298673 -0.408176 0.471578 0.000248 0.000063 -1.896136
 34   15.835795 0.581398 0.242756 -0.214735 0.106913 -0.097869
 35   -0.815868 -0.091229 -3.114430 0.066464 3.132818 -1.010216
 36   14.294526 -0.410349 -0.467541 0.000021 -0.000012 -2.607695
 37   15.834409 0.579420 -0.284600 -0.006092 -0.035255 0.214508
 38   1.139685 -3.453749 -2.823813 0.000000 0.000000 0.000001
 39   -4.457742 -1.054854 -0.746180 0.000000 0.000000 0.000000
 40   1.118101 -3.449769 3.237290 0.000000 0.000001 0.000000
 41   -4.433840 -1.059130 0.959566 -0.000001 0.000000 0.000000
 42   -0.657468 1.697302 -2.688614 0.000000 0.000002 0.000000
 43   -0.664068 1.698578 2.869377 0.000000 0.000002 0.000000
time 19
  0   -0.967547 0.175787 -20.574476 0.000000 0.000000 -1.572114
  1   -1.093036 0.000002 -0.326057 -1.832777 -1.570379 0.261511
  2   2.262337 0.113614 0.064702 0.305380 -0.085102 0.227590
  3   2.380047 0.353302 0.047440 0.021691 -0.022224 0.218033
  4   2.033756 0.190472 -0.000128 0.004398 -0.027253 -0.065668
  5   2.451511 0.204909 -0.003447 -0.234946 0.149090 -0.067597
  6   7.247600 -0.397300 -0.109469 0.056796 0.015841 0.258572
  7   -2.022252 -0.104661 3.136172 1.092787 -1.489596 -4.452308
  8   1.168026 -0.537438 -0.063437 -0.052035 0.629398 -0.849587
  9   6.790376 -0.619176 0.015206 0.155685 -0.073165 -1.805560
 10   8.637599 0.544015 -0.090417 -0.958061 -0.222001 0.115485
 11   6.790465 -0.619039 0.017802 0.102225 -0.094994 -1.278566
 12   -2.022474 -0.104699 -2.873818 -2.061047 1.441093 -5.468132
 13   1.167898 -0.537463 0.063297 1.031388 -0.454025 -1.121861
 14   7.002743 -0.617765 -0.183752 -0.027383 -0.016388 -0.775634
 15   8.209042 0.615527 -0.255885 1.939599 0.570334 0.492578
 16   7.002735 -0.617911 -0.183641 -0.006276 -0.005094 -0.561742
 17   1.574674 0.609930 -0.000899 0.021611 -0.133899 0.304366
 18   -0.602177 0.511412 -0.000006 0.000000 0.000000 0.000000
 19   3.673773 0.177020 1.119313 -0.000002 -0.000014 -0.174510
 20   3.673767 0.176993 -1.117566 0.000007 -0.000003 -0.174546
 21   3.942357 1.334540 1.627658 0.000002 -0.000011 -0.000026
 22   -0.246060 -0.011889 0.516521 -0.000011 0.000031 0.000025
 23   3.942374 1.334565 -1.631083 0.000019 0.000002 -0.000024
 24   -0.246150 -0.011872 -0.516511 -0.000005 -0.000006 0.000048
 25   4.941364 1.997338 1.629330 0.000018 -0.000001 -0.000024
 26   4.941382 1.997366 -1.629410 -0.000001 0.000005 -0.000024
 27   2.914462 1.619264 1.514501 -0.000019 -0.000022 -0.000050
 28   2.916892 1.618870 -1.501142 -0.000002 -0.000009 -0.000024
 29   8.824059 0.150544 0.091743 0.000006 -0.000231 -0.174534
 30   2.111085 -0.561179 1.784320 -0.000008 -0.000682 0.000024
 31   2.121290 -0.561289 -1.853599 0.000000 0.000000 -0.000002
 32   -0.814395 -0.093824 3.127092 3.071965 -0.114691 1.239365
 33   14.298673 -0.408176 0.471578 0.000248 0.000063 -1.896136
 34   15.835795 0.581398 0.242756 -0.214735 0.106913 -0.097869
 35   -0.815868 -0.091229 -3.114430 0.066464 3.132818 -1.010216
 36   14.294526 -0.410349 -0.467541 0.000021 -0.000012 -2.607695
 37   15.834409 0.579420 -0.284600 -0.006092 -0.035255 0.214508
 38   1.139685 -3.453749 -2.823813 0.000000 0.000000 0.000001
 39   -4.457742 -1.054854 -0.746180 0.000000 0.000000 0.000000
 40   1.118101 -3.449769 3.237290 0.000000 0.000001 0.000000
 41   -4.433840 -1.059130 0.959566 -0.000001 0.000000 0.000000
 42   -0.657468 1.697302 -2.688614 0.000000 0.000002 0.000000
 43   -0.664068 1.698578 2.869377 0.000000 0.000002 0.000000
time 20
  0   -0.967547 0.175787 -20.574476 0.000000 0.000000 -1.572114
  1   -1.093036 0.000002 -0.326057 -1.832777 -1.570379 0.261511
  2   2.262337 0.113614 0.064702 0.304654 -0.078774 0.231529
  3   2.380047 0.353302 0.047440 0.027797 -0.019635 0.217911
  4   2.033756 0.190472 -0.000128 0.006353 -0.027397 -0.066140
  5   2.451511 0.204909 -0.003447 -0.232755 0.144925 -0.066334
  6   7.247600 -0.397300 -0.109469 0.056796 0.015841 0.258572
  7   -2.022252 -0.104661 3.136172 0.924748 -1.519086 -4.273585
  8   1.168026 -0.537438 -0.063437 0.279997 0.695360 -0.559095
  9   6.790376 -0.619176 0.015206 0.171219 -0.071029 -1.996418
 10   8.637599 0.544015 -0.090417 -0.937454 -0.192296 0.147389
 11   6.790465 -0.619039 0.017802 0.114137 -0.101134 -1.412314
 12   -2.022474 -0.104699 -2.873818 -2.070627 1.436362 -5.472919
 13   1.167898 -0.537463 0.063297 1.019156 -0.452805 -1.116231
 14   7.002743 -0.617765 -0.183752 -0.027668 -0.015820 -0.782152
 15   8.209042 0.615527 -0.255885 1.936579 0.571847 0.499193
 16   7.002735 -0.617911 -0.183641 -0.006417 -0.004643 -0.566323
 17   1.574674 0.609930 -0.000899 0.090464 -0.173565 0.358107
 18   -0.602177 0.511412 -0.000006 0.000000 0.000000 0.000000
 19   3.673773 0.177020 1.119313 -0.000002 -0.000014 -0.174510
 20   3.673767 0.176993 -1.117566 0.000007 -0.000003 -0.174546
 21   3.942357 1.334540 1.627658 0.000002 -0.000011 -0.000026
 22   -0.246060 -0.011889 0.516521 -0.000011 0.000031 0.000025
 23   3.942374 1.334565 -1.631083 0.000019 0.000002 -0.000024
 24   -0.246150 -0.011872 -0.516511 -0.000005 -0.000006 0.000048
 25   4.941364 1.997338 1.629330 0.000018 -0.000001 -0.000024
 26   4.941382 1.997366 -1.629410 -0.000001 0.000005 -0.000024
 27   2.914462 1.619264 1.514501 -0.000019 -0.000022 -0.000050
 28   2.916892 1.618870 -1.501142 -0.000002 -0.000009 -0.000024
 29   8.824059 0.150544 0.091743 0.000006 -0.000231 -0.174534
 30   2.111085 -0.561179 1.784320 -0.000008 -0.000682 0.000024
 31   2.121290 -0.561289 -1.853599 0.000000 0.000000 -0.000002
 32   -0.814395 -0.093824 3.127092 3.071965 -0.114691 1.239365
 33   14.298673 -0.408176 0.471578 0.000248 0.000063 -1.896136
 34   15.835795 0.581398 0.242756 -0.214735 0.106913 -0.097869
 35   -0.815868 -0.091229 -3.114430 0.066464 3.132818 -1.010216
 36   14.294526 -0.410349 -0.467541 0.000021 -0.000012 -2.607695
 37   15.834409 0.579420 -0.284600 -0.006092 -0.035255 0.214508
 38   1.139685 -3.453749 -2.823813 0.000000 0.000000 0.000001
 39   -4.457742 -1.054854 -0.746180 0.000000 0.000000 0.000000
 40   1.118101 -3.449769 3.237290 0.000000 0.000001 0.000000
 41   -4.433840 -1.059130 0.959566 -0.000001 0.000000 0.000000
 42   -0.657468 1.697302 -2.688614 0.000000 0.000002 0.000000
 43   -0.664068 1.698578 2.869377 0.000000 0.000002 0.000000
time 21
  0   -0.967547 0.175787 -20.574476 0.000000 0.000000 -1.572114
  1   -1.093036 0.000002 -0.326057 -1.832777 -1.570379 0.261511
  2   2.262337 0.113614 0.064702 0.302234 -0.073297 0.234800
  3   2.380047 0.353302 0.047440 0.035117 -0.017370 0.218482
  4   2.033756 0.190472 -0.000128 0.008898 -0.026330 -0.065088
  5   2.451511 0.204909 -0.003447 -0.229246 0.134206 -0.062471
  6   7.247600 -0.397300 -0.109469 0.056796 0.015841 0.258572
  7   -2.022252 -0.104661 3.136172 0.424370 -1.539669 -3.756575
  8   1.168026 -0.537438 -0.063437 0.675310 0.699838 -0.238618
  9   6.790376 -0.619176 0.015206 0.176268 -0.069695 -2.059735
 10   8.637599 0.544015 -0.090417 -1.002710 -0.174628 0.178642
 11   6.790465 -0.619039 0.017802 0.118253 -0.102839 -1.456839
 12   -2.022474 -0.104699 -2.873818 -2.052711 1.433663 -5.448314
 13   1.167898 -0.537463 0.063297 1.011845 -0.450821 -1.109330
 14   7.002743 -0.617765 -0.183752 -0.028009 -0.015025 -0.791475
 15   8.209042 0.615527 -0.255885 1.928598 0.564130 0.509116
 16   7.002735 -0.617911 -0.183641 -0.006652 -0.004023 -0.572781
 17   1.574674 0.609930 -0.000899 0.171016 -0.202604 0.419906
 18   -0.602177 0.511412 -0.000006 0.000000 0.000000 0.000000
 19   3.673773 0.177020 1.119313 -0.000002 -0.000014 -0.174510
 20   3.673767 0.176993 -1.117566 0.000007 -0.000003 -0.174546
 21   3.942357 1.334540 1.627658 0.000002 -0.000011 -0.000026
 22   -0.246060 -0.011889 0.516521 -0.000011 0.000031 0.000025
 23   3.942374 1.334565 -1.631083 0.000019 0.000002 -0.000024
 24   -0.246150 -0.011872 -0.516511 -0.000005 -0.000006 0.000048
 25   4.941364 1.997338 1.629330 0.000018 -0.000001 -0.000024
 26   4.941382 1.997366 -1.629410 -0.000001 0.000005 -0.000024
 27   2.914462 1.619264 1.514501 -0.000019 -0.000022 -0.000050
 28   2.916892 1.618870 -1.501142 -0.000002 -0.000009 -0.000024
 29   8.824059 0.150544 0.091743 0.000006 -0.000231 -0.174534
 30   2.111085 -0.561179 1.784320 -0.000008 -0.000682 0.000024
 31   2.121290 -0.561289 -1.853599 0.000000 0.000000 -0.000002
 32   -0.814395 -0.093824 3.127092 3.071965 -0.114691 1.239365
 33   14.298673 -0.408176 0.471578 0.000248 0.000063 -1.896136
 34   15.835795 0.581398 0.242756 -0.214735 0.106913 -0.097869
 35   -0.815868 -0.091229 -3.114430 0.066464 3.132818 -1.010216
 36   14.294526 -0.410349 -0.467541 0.000021 -0.000012 -2.607695
 37   15.834409 0.579420 -0.284600 -0.006092 -0.035255 0.214508
 38   1.139685 -3.453749 -2.823813 0.000000 0.000000 0.000001
 39   -4.457742 -1.054854 -0.746180 0.000000 0.000000 0.000000
 40   1.118101 -3.449769 3.237290 0.000000 0.000001 0.000000
 41   -4.433840 -1.059130 0.959566 -0.000001 0.000000 0.000000
 42   -0.657468 1.697302 -2.688614 0.000000 0.000002 0.000000
 43   -0.664068 1.698578 2.869377 0.000000 0.000002 0.000000
time 22
  0   -0.967547 0.175787 -20.574476 0.000000 0.000000 -1.572114
  1   -1.093036 0.000002 -0.326057 -1.832777 -1.570379 0.261511
  2   2.262337 0.113614 0.064702 0.300922 -0.071607 0.237402
  3   2.380047 0.353302 0.047440 0.043173 -0.016938 0.220339
  4   2.033756 0.190472 -0.000128 0.011683 -0.024269 -0.062189
  5   2.451511 0.204909 -0.003447 -0.224693 0.120002 -0.056750
  6   7.247600 -0.397300 -0.109469 0.056796 0.015841 0.258572
  7   -2.022252 -0.104661 3.136172 2.585487 -1.614792 -5.892610
  8   1.168026 -0.537438 -0.063437 1.011266 0.653398 0.043903
  9   6.790376 -0.619176 0.015206 0.172384 -0.070763 -2.010832
 10   8.637599 0.544015 -0.090417 -1.014775 -0.142108 0.209099
 11   6.790465 -0.619039 0.017802 0.115100 -0.101532 -1.422407
 12   -2.022474 -0.104699 -2.873818 -2.048496 1.439903 -5.439219
 13   1.167898 -0.537463 0.063297 1.004464 -0.446855 -1.103882
 14   7.002743 -0.617765 -0.183752 -0.028123 -0.014741 -0.795353
 15   8.209042 0.615527 -0.255885 1.921767 0.549528 0.509296
 16   7.002735 -0.617911 -0.183641 -0.006747 -0.003741 -0.575596
 17   1.574674 0.609930 -0.000899 0.255590 -0.212260 0.474165
 18   -0.602177 0.511412 -0.000006 0.000000 0.000000 0.000000
 19   3.673773 0.177020 1.119313 -0.000002 -0.000014 -0.174510
 20   3.673767 0.176993 -1.117566 0.000007 -0.000003 -0.174546
 21   3.942357 1.334540 1.627658 0.000002 -0.000011 -0.000026
 22   -0.246060 -0.011889 0.516521 -0.000011 0.000031 0.000025
 23   3.942374 1.334565 -1.631083 0.000019 0.000002 -0.000024
 24   -0.246150 -0.011872 -0.516511 -0.000005 -0.000006 0.000048
 25   4.941364 1.997338 1.629330 0.000018 -0.000001 -0.000024
 26   4.941382 1.997366 -1.629410 -0.000001 0.000005 -0.000024
 27   2.914462 1.619264 1.514501 -0.000019 -0.000022 -0.000050
 28   2.916892 1.618870 -1.501142 -0.000002 -0.000009 -0.000024
 29   8.824059 0.150544 0.091743 0.000006 -0.000231 -0.174534
 30   2.111085 -0.561179 1.784320 -0.000008 -0.000682 0.000024
 31   2.121290 -0.561289 -1.853599 0.000000 0.000000 -0.000002
 32   -0.814395 -0.093824 3.127092 3.071965 -0.114691 1.239365
 33   14.298673 -0.408176 0.471578 0.000248 0.000063 -1.896136
 34   15.835795 0.581398 0.242756 -0.214735 0.106913 -0.097869
 35   -0.815868 -0.091229 -3.114430 0.066464 3.132818 -1.010216
 36   14.294526 -0.410349 -0.467541 0.000021 -0.000012 -2.607695
 37   15.834409 0.579420 -0.284600 -0.006092 -0.035255 0.214508
 38   1.139685 -3.453749 -2.823813 0.000000 0.000000 0.000001
 39   -4.457742 -1.054854 -0.746180 0.000000 0.000000 0.000000
 40   1.118101 -3.449769 3.237290 0.000000 0.000001 0.000000
 41   -4.433840 -1.059130 0.959566 -0.000001 0.000000 0.000000
 42   -0.657468 1.697302 -2.688614 0.000000 0.000002 0.000000
 43   -0.664068 1.698578 2.869377 0.000000 0.000002 0.000000
time 23
  0   -0.967547 0.175787 -20.574476 0.000000 0.000000 -1.572114
  1   -1.093036 0.000002 -0.326057 -1.832777 -1.570379 0.261511
  2   2.262337 0.113614 0.064702 0.302616 -0.073609 0.237782
  3   2.380047 0.353302 0.047440 0.051963 -0.018784 0.223257
  4   2.033756 0.190472 -0.000128 0.015353 -0.021273 -0.057585
  5   2.451511 0.204909 -0.003447 -0.220003 0.105184 -0.049791
  6   7.247600 -0.397300 -0.109469 0.056796 0.015841 0.258572
  7   -2.022252 -0.104661 3.136172 2.129012 -1.642899 -5.420116
  8   1.168026 -0.537438 -0.063437 1.255972 0.586329 0.296312
  9   6.790376 -0.619176 0.015206 0.166059 -0.072031 -1.932799
 10   8.637599 0.544015 -0.090417 -0.997514 -0.123314 0.234709
 11   6.790465 -0.619039 0.017802 0.110078 -0.099229 -1.367616
 12   -2.022474 -0.104699 -2.873818 -2.032113 1.453283 -5.419496
 13   1.167898 -0.537463 0.063297 0.992725 -0.438260 -1.092562
 14   7.002743 -0.617765 -0.183752 -0.028009 -0.015025 -0.792135
 15   8.209042 0.615527 -0.255885 1.917813 0.532126 0.497629
 16   7.002735 -0.617911 -0.183641 -0.006699 -0.003966 -0.573278
 17   1.574674 0.609930 -0.000899 0.332811 -0.206083 0.524950
 18   -0.602177 0.511412 -0.000006 0.000000 0.000000 0.000000
 19   3.673773 0.177020 1.119313 -0.000002 -0.000014 -0.174510
 20   3.673767 0.176993 -1.117566 0.000007 -0.000003 -0.174546
 21   3.942357 1.334540 1.627658 0.000002 -0.000011 -0.000026
 22   -0.246060 -0.011889 0.516521 -0.000011 0.000031 0.000025
 23   3.942374 1.334565 -1.631083 0.000019 0.000002 -0.000024
 24   -0.246150 -0.011872 -0.516511 -0.000005 -0.000006 0.000048
 25   4.941364 1.997338 1.629330 0.000018 -0.000001 -0.000024
 26   4.941382 1.997366 -1.629410 -0.000001 0.000005 -0.000024
 27   2.914462 1.619264 1.514501 -0.000019 -0.000022 -0.000050
 28   2.916892 1.618870 -1.501142 -0.000002 -0.000009 -0.000024
 29   8.824059 0.150544 0.091743 0.000006 -0.000231 -0.174534
 30   2.111085 -0.561179 1.784320 -0.000008 -0.000682 0.000024
 31   2.121290 -0.561289 -1.853599 0.000000 0.000000 -0.000002
 32   -0.814395 -0.093824 3.127092 3.071965 -0.114691 1.239365
 33   14.298673 -0.408176 0.471578 0.000248 0.000063 -1.896136
 34   15.835795 0.581398 0.242756 -0.214735 0.106913 -0.097869
 35   -0.815868 -0.091229 -3.114430 0.066464 3.132818 -1.010216
 36   14.294526 -0.410349 -0.467541 0.000021 -0.000012 -2.607695
 37   15.834409 0.579420 -0.284600 -0.006092 -0.035255 0.214508
 38   1.139685 -3.453749 -2.823813 0.000000 0.000000 0.000001
 39   -4.457742 -1.054854 -0.746180 0.000000 0.000000 0.000000
 40   1.118101 -3.449769 3.237290 0.000000 0.000001 0.000000
 41   -4.433840 -1.059130 0.959566 -0.000001 0.000000 0.000000
 42   -0.657468 1.697302 -2.688614 0.000000 0.000002 0.000000
 43   -0.664068 1.698578 2.869377 0.000000 0.000002 0.000000
time 24
  0   -0.967547 0.175787 -20.574476 0.000000 0.000000 -1.572114
  1   -1.093036 0.000002 -0.326057 -1.832777 -1.570379 0.261511
  2   2.262337 0.113614 0.064702 0.309902 -0.078750 0.236445
  3   2.380047 0.353302 0.047440 0.061534 -0.022559 0.226726
  4   2.033756 0.190472 -0.000128 0.019189 -0.018468 -0.051423
  5   2.451511 0.204909 -0.003447 -0.214697 0.094308 -0.042832
  6   7.247600 -0.397300 -0.109469 0.056796 0.015841 0.258572
  7   -2.022252 -0.104661 3.136172 1.883423 -1.663597 -5.154145
  8   1.168026 -0.537438 -0.063437 1.382216 0.529675 0.501402
  9   6.790376 -0.619176 0.015206 0.161177 -0.072698 -1.872877
 10   8.637599 0.544015 -0.090417 -1.104866 -0.054754 0.240424
 11   6.790465 -0.619039 0.017802 0.106370 -0.097296 -1.325571
 12   -2.022474 -0.104699 -2.873818 -1.981527 1.466953 -5.364732
 13   1.167898 -0.537463 0.063297 0.972268 -0.422902 -1.065987
 14   7.002743 -0.617765 -0.183752 -0.027554 -0.016047 -0.778769
 15   8.209042 0.615527 -0.255885 1.918819 0.523576 0.478085
 16   7.002735 -0.617911 -0.183641 -0.006370 -0.004925 -0.563895
 17   1.574674 0.609930 -0.000899 0.391143 -0.188475 0.571077
 18   -0.602177 0.511412 -0.000006 0.000000 0.000000 0.000000
 19   3.673773 0.177020 1.119313 -0.000002 -0.000014 -0.174510
 20   3.673767 0.176993 -1.117566 0.000007 -0.000003 -0.174546
 21   3.942357 1.334540 1.627658 0.000002 -0.000011 -0.000026
 22   -0.246060 -0.011889 0.516521 -0.000011 0.000031 0.000025
 23   3.942374 1.334565 -1.631083 0.000019 0.000002 -0.000024
 24   -0.246150 -0.011872 -0.516511 -0.000005 -0.000006 0.000048
 25   4.941364 1.997338 1.629330 0.000018 -0.000001 -0.000024
 26   4.941382 1.997366 -1.629410 -0.000001 0.000005 -0.000024
 27   2.914462 1.619264 1.514501 -0.000019 -0.000022 -0.000050
 28   2.916892 1.618870 -1.501142 -0.000002 -0.000009 -0.000024
 29   8.824059 0.150544 0.091743 0.000006 -0.000231 -0.174534
 30   2.111085 -0.561179 1.784320 -0.000008 -0.000682 0.000024
 31   2.121290 -0.561289 -1.853599 0.000000 0.000000 -0.000002
 32   -0.814395 -0.093824 3.127092 3.071965 -0.114691 1.239365
 33   14.298673 -0.408176 0.471578 0.000248 0.000063 -1.896136
 34   15.835795 0.581398 0.242756 -0.214735 0.106913 -0.097869
 35   -0.815868 -0.091229 -3.114430 0.066464 3.132818 -1.010216
 36   14.294526 -0.410349 -0.467541 0.000021 -0.000012 -2.607695
 37   15.834409 0.579420 -0.284600 -0.006092 -0.035255 0.214508
 38   1.139685 -3.453749 -2.823813 0.000000 0.000000 0.000001
 39   -4.457742 -1.054854 -0.746180 0.000000 0.000000 0.000000
 40   1.118101 -3.449769 3.237290 0.000000 0.000001 0.000000
 41   -4.433840 -1.059130 0.959566 -0.000001 0.000000 0.000000
 42   -0.657468 1.697302 -2.688614 0.000000 0.000002 0.000000
 43   -0.664068 1.698578 2.869377 0.000000 0.000002 0.000000
time 25
  0   -0.967547 0.175787 -20.574476 0.000000 0.000000 -1.572114
  1   -1.093036 0.000002 -0.326057 -1.832777 -1.570379 0.261511
  2   2.262337 0.113614 0.064702 0.322372 -0.086432 0.233517
  3   2.380047 0.353302 0.047440 0.070580 -0.028000 0.230195
  4   2.033756 0.190472 -0.000128 0.022896 -0.016515 -0.044355
  5   2.451511 0.204909 -0.003447 -0.210332 0.089700 -0.037210
  6   7.247600 -0.397300 -0.109469 0.056796 0.015841 0.258572
  7   -2.022252 -0.104661 3.136172 1.753536 -1.677030 -5.003973
  8   1.168026 -0.537438 -0.063437 1.455305 0.487411 0.642789
  9   6.790376 -0.619176 0.015206 0.159513 -0.072898 -1.852048
 10   8.637599 0.544015 -0.090417 -1.387201 -0.011745 0.216478
 11   6.790465 -0.619039 0.017802 0.105115 -0.096643 -1.311037
 12   -2.022474 -0.104699 -2.873818 -1.907468 1.478331 -5.287182
 13   1.167898 -0.537463 0.063297 0.946821 -0.404391 -1.029303
 14   7.002743 -0.617765 -0.183752 -0.026928 -0.017523 -0.762103
 15   8.209042 0.615527 -0.255885 1.924787 0.515935 0.463231
 16   7.002735 -0.617911 -0.183641 -0.005993 -0.006053 -0.552194
 17   1.574674 0.609930 -0.000899 0.434689 -0.164477 0.610514
 18   -0.602177 0.511412 -0.000006 0.000000 0.000000 0.000000
 19   3.673773 0.177020 1.119313 -0.000002 -0.000014 -0.174510
 20   3.673767 0.176993 -1.117566 0.000007 -0.000003 -0.174546
 21   3.942357 1.334540 1.627658 0.000002 -0.000011 -0.000026
 22   -0.246060 -0.011889 0.516521 -0.000011 0.000031 0.000025
 23   3.942374 1.334565 -1.631083 0.000019 0.000002 -0.000024
 24   -0.246150 -0.011872 -0.516511 -0.000005 -0.000006 0.000048
 25   4.941364 1.997338 1.629330 0.000018 -0.000001 -0.000024
 26   4.941382 1.997366 -1.629410 -0.000001 0.000005 -0.000024
 27   2.914462 1.619264 1.514501 -0.000019 -0.000022 -0.000050
 28   2.916892 1.618870 -1.501142 -0.000002 -0.000009 -0.000024
 29   8.824059 0.150544 0.091743 0.000006 -0.000231 -0.174534
 30   2.111085 -0.561179 1.784320 -0.000008 -0.000682 0.000024
 31   2.121290 -0.561289 -1.853599 0.000000 0.000000 -0.000002
 32   -0.814395 -0.093824 3.127092 3.071965 -0.114691 1.239365
 33   14.298673 -0.408176 0.471578 0.000248 0.000063 -1.896136
 34   15.835795 0.581398 0.242756 -0.214735 0.106913 -0.097869
 35   -0.815868 -0.091229 -3.114430 0.066464 3.132818 -1.010216
 36   14.294526 -0.410349 -0.467541 0.000021 -0.000012 -2.607695
 37   15.834409 0.579420 -0.284600 -0.006092 -0.035255 0.214508
 38   1.139685 -3.453749 -2.823813 0.000000 0.000000 0.000001
 39   -4.457742 -1.054854 -0.746180 0.000000 0.000000 0.000000
 40   1.118101 -3.449769 3.237290 0.000000 0.000001 0.000000
 41   -4.433840 -1.059130 0.959566 -0.000001 0.000000 0.000000
 42   -0.657468 1.697302 -2.688614 0.000000 0.000002 0.000000
 43   -0.664068 1.698578 2.869377 0.000000 0.000002 0.000000
time 26
  0   -0.967547 0.175787 -20.574476 0.000000 0.000000 -1.572114
  1   -1.093036 0.000002 -0.326057 -1.832777 -1.570379 0.261511
  2   2.262337 0.113614 0.064702 0.339976 -0.095277 0.230283
  3   2.380047 0.353302 0.047440 0.077495 -0.033729 0.233521
  4   2.033756 0.190472 -0.000128 0.025736 -0.014561 -0.037758
  5   2.451511 0.204909 -0.003447 -0.206977 0.090392 -0.033198
  6   7.247600 -0.397300 -0.109469 0.056796 0.015841 0.258572
  7   -2.022252 -0.104661 3.136172 -1.386675 -1.473135 -1.845095
  8   1.168026 -0.537438 -0.063437 1.505803 0.472165 0.758682
  9   6.790376 -0.619176 0.015206 0.161011 -0.072698 -1.870613
 10   8.637599 0.544015 -0.090417 -1.644703 0.033797 0.252795
 11   6.790465 -0.619039 0.017802 0.106224 -0.097240 -1.324013
 12   -2.022474 -0.104699 -2.873818 -1.861959 1.493394 -5.238545
 13   1.167898 -0.537463 0.063297 0.930301 -0.382829 -1.001336
 14   7.002743 -0.617765 -0.183752 -0.025903 -0.019908 -0.733391
 15   8.209042 0.615527 -0.255885 1.935788 0.506250 0.450121
 16   7.002735 -0.617911 -0.183641 -0.005334 -0.008083 -0.532104
 17   1.574674 0.609930 -0.000899 0.463937 -0.139082 0.641746
 18   -0.602177 0.511412 -0.000006 0.000000 0.000000 0.000000
 19   3.673773 0.177020 1.119313 -0.000002 -0.000014 -0.174510
 20   3.673767 0.176993 -1.117566 0.000007 -0.000003 -0.174546
 21   3.942357 1.334540 1.627658 0.000002 -0.000011 -0.000026
 22   -0.246060 -0.011889 0.516521 -0.000011 0.000031 0.000025
 23   3.942374 1.334565 -1.631083 0.000019 0.000002 -0.000024
 24   -0.246150 -0.011872 -0.516511 -0.000005 -0.000006 0.000048
 25   4.941364 1.997338 1.629330 0.000018 -0.000001 -0.000024
 26   4.941382 1.997366 -1.629410 -0.000001 0.000005 -0.000024
 27   2.914462 1.619264 1.514501 -0.000019 -0.000022 -0.000050
 28   2.916892 1.618870 -1.501142 -0.000002 -0.000009 -0.000024
 29   8.824059 0.150544 0.091743 0.000006 -0.000231 -0.174534
 30   2.111085 -0.561179 1.784320 -0.000008 -0.000682 0.000024
 31   2.121290 -0.561289 -1.853599 0.000000 0.000000 -0.000002
 32   -0.814395 -0.093824 3.127092 3.071965 -0.114691 1.239365
 33   14.298673 -0.408176 0.471578 0.000248 0.000063 -1.896136
 34   15.835795 0.581398 0.242756 -0.214735 0.106913 -0.097869
 35   -0.815868 -0.091229 -3.114430 0.066464 3.132818 -1.010216
 36   14.294526 -0.410349 -0.467541 0.000021 -0.000012 -2.607695
 37   15.834409 0.579420 -0.284600 -0.006092 -0.035255 0.214508
 38   1.139685 -3.453749 -2.823813 0.000000 0.000000 0.000001
 39   -4.457742 -1.054854 -0.746180 0.000000 0.000000 0.000000
 40   1.118101 -3.449769 3.237290 0.000000 0.000001 0.000000
 41   -4.433840 -1.059130 0.959566 -0.000001 0.000000 0.000000
 42   -0.657468 1.697302 -2.688614 0.000000 0.000002 0.000000
 43   -0.664068 1.698578 2.869377 0.000000 0.000002 0.000000
time 27
  0   -0.967547 0.175787 -20.574476 0.000000 0.000000 -1.572114
  1   -1.093036 0.000002 -0.326057 -1.832777 -1.570379 0.261511
  2   2.262337 0.113614 0.064702 0.363655 -0.103366 0.229307
  3   2.380047 0.353302 0.047440 0.078695 -0.036437 0.237398
  4   2.033756 0.190472 -0.000128 0.026474 -0.012044 -0.032502
  5   2.451511 0.204909 -0.003447 -0.205608 0.087180 -0.029632
  6   7.247600 -0.397300 -0.109469 0.056796 0.015841 0.258572
  7   -2.022252 -0.104661 3.136172 1.810284 -1.636182 -5.024353
  8   1.168026 -0.537438 -0.063437 1.507005 0.501951 0.857305
  9   6.790376 -0.619176 0.015206 0.163896 -0.072364 -1.906159
 10   8.637599 0.544015 -0.090417 -1.615642 0.040414 0.271243
 11   6.790465 -0.619039 0.017802 0.108443 -0.098405 -1.348929
 12   -2.022474 -0.104699 -2.873818 -1.822391 1.509212 -5.199004
 13   1.167898 -0.537463 0.063297 0.939018 -0.370471 -0.987171
 14   7.002743 -0.617765 -0.183752 -0.025220 -0.021669 -0.713095
 15   8.209042 0.615527 -0.255885 1.951248 0.482342 0.448377
 16   7.002735 -0.617911 -0.183641 -0.004958 -0.009492 -0.518030
 17   1.574674 0.609930 -0.000899 0.473970 -0.119036 0.652835
 18   -0.602177 0.511412 -0.000006 0.000000 0.000000 0.000000
 19   3.673773 0.177020 1.119313 -0.000002 -0.000014 -0.174510
 20   3.673767 0.176993 -1.117566 0.000007 -0.000003 -0.174546
 21   3.942357 1.334540 1.627658 0.000002 -0.000011 -0.000026
 22   -0.246060 -0.011889 0.516521 -0.000011 0.000031 0.000025
 23   3.942374 1.334565 -1.631083 0.000019 0.000002 -0.000024
 24   -0.246150 -0.011872 -0.516511 -0.000005 -0.000006 0.000048
 25   4.941364 1.997338 1.629330 0.000018 -0.000001 -0.000024
 26   4.941382 1.997366 -1.629410 -0.000001 0.000005 -0.000024
 27   2.914462 1.619264 1.514501 -0.000019 -0.000022 -0.000050
 28   2.916892 1.618870 -1.501142 -0.000002 -0.000009 -0.000024
 29   8.824059 0.150544 0.091743 0.000006 -0.000231 -0.174534
 30   2.111085 -0.561179 1.784320 -0.000008 -0.000682 0.000024
 31   2.121290 -0.561289 -1.853599 0.000000 0.000000 -0.000002
 32   -0.814395 -0.093824 3.127092 3.071965 -0.114691 1.239365
 33   14.298673 -0.408176 0.471578 0.000248 0.000063 -1.896136
 34   15.835795 0.581398 0.242756 -0.214735 0.106913 -0.097869
 35   -0.815868 -0.091229 -3.114430 0.066464 3.132818 -1.010216
 36   14.294526 -0.410349 -0.467541 0.000021 -0.000012 -2.607695
 37   15.834409 0.579420 -0.284600 -0.006092 -0.035255 0.214508
 38   1.139685 -3.453749 -2.823813 0.000000 0.000000 0.000001
 39   -4.457742 -1.054854 -0.746180 0.000000 0.000000 0.000000
 40   1.118101 -3.449769 3.237290 0.000000 0.000001 0.000000
 41   -4.433840 -1.059130 0.959566 -0.000001 0.000000 0.000000
 42   -0.657468 1.697302 -2.688614 0.000000 0.000002 0.000000
 43   -0.664068 1.698578 2.869377 0.000000 0.000002 0.000000
time 28
  0   -0.967547 0.175787 -20.574476 0.000000 0.000000 -1.572114
  1   -1.093036 0.000002 -0.326057 -1.832777 -1.570379 0.261511
  2   2.262337 0.113614 0.064702 0.387334 -0.110569 0.232578
  3   2.380047 0.353302 0.047440 0.072905 -0.036006 0.241867
  4   2.033756 0.190472 -0.000128 0.024740 -0.008149 -0.029965
  5   2.451511 0.204909 -0.003447 -0.206378 0.077428 -0.026685
  6   7.247600 -0.397300 -0.109469 0.056796 0.015841 0.258572
  7   -2.022252 -0.104661 3.136172 2.253243 -1.612602 -5.468296
  8   1.168026 -0.537438 -0.063437 1.412971 0.545322 0.909369
  9   6.790376 -0.619176 0.015206 0.165837 -0.072097 -1.930384
 10   8.637599 0.544015 -0.090417 -1.447086 0.189431 0.300831
 11   6.790465 -0.619039 0.017802 0.109962 -0.099144 -1.366001
 12   -2.022474 -0.104699 -2.873818 -1.760979 1.515800 -5.140602
 13   1.167898 -0.537463 0.063297 0.940213 -0.363453 -0.979120
 14   7.002743 -0.617765 -0.183752 -0.024821 -0.022804 -0.700224
 15   8.209042 0.615527 -0.255885 2.023582 0.459871 0.490533
 16   7.002735 -0.617911 -0.183641 -0.004675 -0.010395 -0.508923
 17   1.574674 0.609930 -0.000899 0.474336 -0.106138 0.648252
 18   -0.602177 0.511412 -0.000006 0.000000 0.000000 0.000000
 19   3.673773 0.177020 1.119313 -0.000002 -0.000014 -0.174510
 20   3.673767 0.176993 -1.117566 0.000007 -0.000003 -0.174546
 21   3.942357 1.334540 1.627658 0.000002 -0.000011 -0.000026
 22   -0.246060 -0.011889 0.516521 -0.000011 0.000031 0.000025
 23   3.942374 1.334565 -1.631083 0.000019 0.000002 -0.000024
 24   -0.246150 -0.011872 -0.516511 -0.000005 -0.000006 0.000048
 25   4.941364 1.997338 1.629330 0.000018 -0.000001 -0.000024
 26   4.941382 1.997366 -1.629410 -0.000001 0.000005 -0.000024
 27   2.914462 1.619264 1.514501 -0.000019 -0.000022 -0.000050
 28   2.916892 1.618870 -1.501142 -0.000002 -0.000009 -0.000024
 29   8.824059 0.150544 0.091743 0.000006 -0.000231 -0.174534
 30   2.111085 -0.561179 1.784320 -0.000008 -0.000682 0.000024
 31   2.121290 -0.561289 -1.853599 0.000000 0.000000 -0.000002
 32   -0.814395 -0.093824 3.127092 3.071965 -0.114691 1.239365
 33   14.298673 -0.408176 0.471578 0.000248 0.000063 -1.896136
 34   15.835795 0.581398 0.242756 -0.214735 0.106913 -0.097869
 35   -0.815868 -0.091229 -3.114430 0.066464 3.132818 -1.010216
 36   14.294526 -0.410349 -0.467541 0.000021 -0.000012 -2.607695
 37   15.834409 0.579420 -0.284600 -0.006092 -0.035255 0.214508
 38   1.139685 -3.453749 -2.823813 0.000000 0.000000 0.000001
 39   -4.457742 -1.054854 -0.746180 0.000000 0.000000 0.000000
 40   1.118101 -3.449769 3.237290 0.000000 0.000001 0.000000
 41   -4.433840 -1.059130 0.959566 -0.000001 0.000000 0.000000
 42   -0.657468 1.697302 -2.688614 0.000000 0.000002 0.000000
 43   -0.664068 1.698578 2.869377 0.000000 0.000002 0.000000
time 29
  0   -0.967547 0.175787 -20.574476 0.000000 0.000000 -1.572114
  1   -1.093036 0.000002 -0.326057 -1.832777 -1.570379 0.261511
  2   2.262337 0.113614 0.064702 0.401014 -0.119641 0.238396
  3   2.380047 0.353302 0.047440 0.064114 -0.036629 0.246397
  4   2.033756 0.190472 -0.000128 0.022232 -0.003919 -0.029530
  5   2.451511 0.204909 -0.003447 -0.208586 0.069346 -0.025719
  6   7.247600 -0.397300 -0.109469 0.056796 0.015841 0.258572
  7   -2.022252 -0.104661 3.136172 -3.348887 -1.618309 0.116536
  8   1.168026 -0.537438 -0.063437 1.279892 0.588693 0.912026
  9   6.790376 -0.619176 0.015206 0.167391 -0.071764 -1.950081
 10   8.637599 0.544015 -0.090417 -1.430089 0.295016 0.319135
 11   6.790465 -0.619039 0.017802 0.111217 -0.099769 -1.379843
 12   -2.022474 -0.104699 -2.873818 -1.710872 1.519777 -5.096083
 13   1.167898 -0.537463 0.063297 0.947524 -0.367979 -0.981723
 14   7.002743 -0.617765 -0.183752 -0.024878 -0.022691 -0.701709
 15   8.209042 0.615527 -0.255885 2.117990 0.438384 0.540868
 16   7.002735 -0.617911 -0.183641 -0.004722 -0.010282 -0.509972
 17   1.574674 0.609930 -0.000899 0.466577 -0.088175 0.619274
 18   -0.602177 0.511412 -0.000006 0.000000 0.000000 0.000000
 19   3.673773 0.177020 1.119313 -0.000002 -0.000014 -0.174510
 20   3.673767 0.176993 -1.117566 0.000007 -0.000003 -0.174546
 21   3.942357 1.334540 1.627658 0.000002 -0.000011 -0.000026
 22   -0.246060 -0.011889 0.516521 -0.000011 0.000031 0.000025
 23   3.942374 1.334565 -1.631083 0.000019 0.000002 -0.000024
 24   -0.246150 -0.011872 -0.516511 -0.000005 -0.000006 0.000048
 25   4.941364 1.997338 1.629330 0.000018 -0.000001 -0.000024
 26   4.941382 1.997366 -1.629410 -0.000001 0.000005 -0.000024
 27   2.914462 1.619264 1.514501 -0.000019 -0.000022 -0.000050
 28   2.916892 1.618870 -1.501142 -0.000002 -0.000009 -0.000024
 29   8.824059 0.150544 0.091743 0.000006 -0.000231 -0.174534
 30   2.111085 -0.561179 1.784320 -0.000008 -0.000682 0.000024
 31   2.121290 -0.561289 -1.853599 0.000000 0.000000 -0.000002
 32   -0.814395 -0.093824 3.127092 3.071965 -0.114691 1.239365
 33   14.298673 -0.408176 0.471578 0.000248 0.000063 -1.896136
 34   15.835795 0.581398 0.242756 -0.214735 0.106913 -0.097869
 35   -0.815868 -0.091229 -3.114430 0.066464 3.132818 -1.010216
 36   14.294526 -0.410349 -0.467541 0.000021 -0.000012 -2.607695
 37   15.834409 0.579420 -0.284600 -0.006092 -0.035255 0.214508
 38   1.139685 -3.453749 -2.823813 0.000000 0.000000 0.000001
 39   -4.457742 -1.054854 -0.746180 0.000000 0.000000 0.000000
 40   1.118101 -3.449769 3.237290 0.000000 0.000001 0.000000
 41   -4.433840 -1.059130 0.959566 -0.000001 0.000000 0.000000
 42   -0.657468 1.697302 -2.688614 0.000000 0.000002 0.000000
 43   -0.664068 1.698578 2.869377 0.000000 0.000002 0.000000
time 30
  0   -0.967547 0.175787 -20.574476 0.000000 0.000000 -1.572114
  1   -1.093036 0.000002 -0.326057 -1.832777 -1.570379 0.261511
  2   2.262337 0.113614 0.064702 0.398976 -0.125909 0.242318
  3   2.380047 0.353302 0.047440 0.057529 -0.038115 0.249968
  4   2.033756 0.190472 -0.000128 0.020572 0.002157 -0.028334
  5   2.451511 0.204909 -0.003447 -0.209870 0.061056 -0.024208
  6   7.247600 -0.397300 -0.109469 0.056796 0.015841 0.258572
  7   -2.022252 -0.104661 3.136172 0.171784 -1.506460 -3.437635
  8   1.168026 -0.537438 -0.063437 1.157444 0.648769 0.916391
  9   6.790376 -0.619176 0.015206 0.168944 -0.071497 -1.968344
 10   8.637599 0.544015 -0.090417 -1.497106 0.333238 0.277971
 11   6.790465 -0.619039 0.017802 0.112326 -0.100281 -1.392647
 12   -2.022474 -0.104699 -2.873818 -1.740380 1.520676 -5.131507
 13   1.167898 -0.537463 0.063297 0.956452 -0.384863 -0.990016
 14   7.002743 -0.617765 -0.183752 -0.025618 -0.020646 -0.725388
 15   8.209042 0.615527 -0.255885 2.210314 0.414475 0.592225
 16   7.002735 -0.617911 -0.183641 -0.005193 -0.008647 -0.526529
 17   1.574674 0.609930 -0.000899 0.435299 -0.067372 0.577656
 18   -0.602177 0.511412 -0.000006 0.000000 0.000000 0.000000
 19   3.673773 0.177020 1.119313 -0.000002 -0.000014 -0.174510
 20   3.673767 0.176993 -1.117566 0.000007 -0.000003 -0.174546
 21   3.942357 1.334540 1.627658 0.000002 -0.000011 -0.000026
 22   -0.246060 -0.011889 0.516521 -0.000011 0.000031 0.000025
 23   3.942374 1.334565 -1.631083 0.000019 0.000002 -0.000024
 24   -0.246150 -0.011872 -0.516511 -0.000005 -0.000006 0.000048
 25   4.941364 1.997338 1.629330 0.000018 -0.000001 -0.000024
 26   4.941382 1.997366 -1.629410 -0.000001 0.000005 -0.000024
 27   2.914462 1.619264 1.514501 -0.000019 -0.000022 -0.000050
 28   2.916892 1.618870 -1.501142 -0.000002 -0.000009 -0.000024
 29   8.824059 0.150544 0.091743 0.000006 -0.000231 -0.174534
 30   2.111085 -0.561179 1.784320 -0.000008 -0.000682 0.000024
 31   2.121290 -0.561289 -1.853599 0.000000 0.000000 -0.000002
 32   -0.814395 -0.093824 3.127092 3.071965 -0.114691 1.239365
 33   14.298673 -0.408176 0.471578 0.000248 0.000063 -1.896136
 34   15.835795 0.581398 0.242756 -0.214735 0.106913 -0.097869
 35   -0.815868 -0.091229 -3.114430 0.066464 3.132818 -1.010216
 36   14.294526 -0.410349 -0.467541 0.000021 -0.000012 -2.607695
 37   15.834409 0.579420 -0.284600 -0.006092 -0.035255 0.214508
 38   1.139685 -3.453749 -2.823813 0.000000 0.000000 0.000001
 39   -4.457742 -1.054854 -0.746180 0.000000 0.000000 0.000000
 40   1.118101 -3.449769 3.237290 0.000000 0.000001 0.000000
 41   -4.433840 -1.059130 0.959566 -0.000001 0.000000 0.000000
 42   -0.657468 1.697302 -2.688614 0.000000 0.000002 0.000000
 43   -0.664068 1.698578 2.869377 0.000000 0.000002 0.000000
time 31
  0   -0.967547 0.175787 -20.574476 0.000000 0.000000 -1.572114
  1   -1.093036 0.000002 -0.326057 -1.832777 -1.570379 0.261511
  2   2.262337 0.113614 0.064702 0.388646 -0.131243 0.247179
  3   2.380047 0.353302 0.047440 0.049818 -0.039853 0.252886
  4   2.033756 0.190472 -0.000128 0.018728 0.008293 -0.028841
  5   2.451511 0.204909 -0.003447 -0.211804 0.054985 -0.024109
  6   7.247600 -0.397300 -0.109469 0.056796 0.015841 0.258572
  7   -2.022252 -0.104661 3.136172 0.369922 -1.487145 -3.666228
  8   1.168026 -0.537438 -0.063437 1.068662 0.748643 0.919490
  9   6.790376 -0.619176 0.015206 0.167946 -0.071764 -1.956344
 10   8.637599 0.544015 -0.090417 -1.795206 0.335420 0.124239
 11   6.790465 -0.619039 0.017802 0.111567 -0.099940 -1.384168
 12   -2.022474 -0.104699 -2.873818 -1.860522 1.527729 -5.255300
 13   1.167898 -0.537463 0.063297 0.966856 -0.404747 -1.014351
 14   7.002743 -0.617765 -0.183752 -0.026871 -0.017637 -0.760288
 15   8.209042 0.615527 -0.255885 2.283151 0.391172 0.621151
 16   7.002735 -0.617911 -0.183641 -0.005946 -0.006222 -0.550925
 17   1.574674 0.609930 -0.000899 0.380460 -0.043752 0.531011
 18   -0.602177 0.511412 -0.000006 0.000000 0.000000 0.000000
 19   3.673773 0.177020 1.119313 -0.000002 -0.000014 -0.174510
 20   3.673767 0.176993 -1.117566 0.000007 -0.000003 -0.174546
 21   3.942357 1.334540 1.627658 0.000002 -0.000011 -0.000026
 22   -0.246060 -0.011889 0.516521 -0.000011 0.000031 0.000025
 23   3.942374 1.334565 -1.631083 0.000019 0.000002 -0.000024
 24   -0.246150 -0.011872 -0.516511 -0.000005 -0.000006 0.000048
 25   4.941364 1.997338 1.629330 0.000018 -0.000001 -0.000024
 26   4.941382 1.997366 -1.629410 -0.000001 0.000005 -0.000024
 27   2.914462 1.619264 1.514501 -0.000019 -0.000022 -0.000050
 28   2.916892 1.618870 -1.501142 -0.000002 -0.000009 -0.000024
 29   8.824059 0.150544 0.091743 0.000006 -0.000231 -0.174534
 30   2.111085 -0.561179 1.784320 -0.000008 -0.000682 0.000024
 31   2.121290 -0.561289 -1.853599 0.000000 0.000000 -0.000002
 32   -0.814395 -0.093824 3.127092 3.071965 -0.114691 1.239365
 33   14.298673 -0.408176 0.471578 0.000248 0.000063 -1.896136
 34   15.835795 0.581398 0.242756 -0.214735 0.106913 -0.097869
 35   -0.815868 -0.091229 -3.114430 0.066464 3.132818 -1.010216
 36   14.294526 -0.410349 -0.467541 0.000021 -0.000012 -2.607695
 37   15.834409 0.579420 -0.284600 -0.006092 -0.035255 0.214508
 38   1.139685 -3.453749 -2.823813 0.000000 0.000000 0.000001
 39   -4.457742 -1.054854 -0.746180 0.000000 0.000000 0.000000
 40   1.118101 -3.449769 3.237290 0.000000 0.000001 0.000000
 41   -4.433840 -1.059130 0.959566 -0.000001 0.000000 0.000000
 42   -0.657468 1.697302 -2.688614 0.000000 0.000002 0.000000
 43   -0.664068 1.698578 2.869377 0.000000 0.000002 0.000000
time 32
  0   -0.967547 0.175787 -20.574476 0.000000 0.000000 -1.572114
  1   -1.093036 0.000002 -0.326057 -1.832777 -1.570379 0.261511
  2   2.262337 0.113614 0.064702 0.371221 -0.136000 0.254100
  3   2.380047 0.353302 0.047440 0.041598 -0.041950 0.254559
  4   2.033756 0.190472 -0.000128 0.016681 0.012979 -0.031886
  5   2.451511 0.204909 -0.003447 -0.214748 0.054815 -0.026660
  6   7.247600 -0.397300 -0.109469 0.056796 0.015841 0.258572
  7   -2.022252 -0.104661 3.136172 0.431655 -1.461518 -3.751034
  8   1.168026 -0.537438 -0.063437 1.043539 0.878051 0.893490
  9   6.790376 -0.619176 0.015206 0.163119 -0.072498 -1.895970
 10   8.637599 0.544015 -0.090417 -2.238877 0.310361 -0.077312
 11   6.790465 -0.619039 0.017802 0.107801 -0.098092 -1.341835
 12   -2.022474 -0.104699 -2.873818 -2.158195 1.536001 -5.553342
 13   1.167898 -0.537463 0.063297 0.974869 -0.423461 -1.049461
 14   7.002743 -0.617765 -0.183752 -0.028294 -0.014514 -0.797498
 15   8.209042 0.615527 -0.255885 2.334850 0.369080 0.635524
 16   7.002735 -0.617911 -0.183641 -0.006794 -0.003572 -0.577031
 17   1.574674 0.609930 -0.000899 0.296780 -0.019162 0.486510
 18   -0.602177 0.511412 -0.000006 0.000000 0.000000 0.000000
 19   3.673773 0.177020 1.119313 -0.000002 -0.000014 -0.174510
 20   3.673767 0.176993 -1.117566 0.000007 -0.000003 -0.174546
 21   3.942357 1.334540 1.627658 0.000002 -0.000011 -0.000026
 22   -0.246060 -0.011889 0.516521 -0.000011 0.000031 0.000025
 23   3.942374 1.334565 -1.631083 0.000019 0.000002 -0.000024
 24   -0.246150 -0.011872 -0.516511 -0.000005 -0.000006 0.000048
 25   4.941364 1.997338 1.629330 0.000018 -0.000001 -0.000024
 26   4.941382 1.997366 -1.629410 -0.000001 0.000005 -0.000024
 27   2.914462 1.619264 1.514501 -0.000019 -0.000022 -0.000050
 28   2.916892 1.618870 -1.501142 -0.000002 -0.000009 -0.000024
 29   8.824059 0.150544 0.091743 0.000006 -0.000231 -0.174534
 30   2.111085 -0.561179 1.784320 -0.000008 -0.000682 0.000024
 31   2.121290 -0.561289 -1.853599 0.000000 0.000000 -0.000002
 32   -0.814395 -0.093824 3.127092 3.071965 -0.114691 1.239365
 33   14.298673 -0.408176 0.471578 0.000248 0.000063 -1.896136
 34   15.835795 0.581398 0.242756 -0.214735 0.106913 -0.097869
 35   -0.815868 -0.091229 -3.114430 0.066464 3.132818 -1.010216
 36   14.294526 -0.410349 -0.467541 0.000021 -0.000012 -2.607695
 37   15.834409 0.579420 -0.284600 -0.006092 -0.035255 0.214508
 38   1.139685 -3.453749 -2.823813 0.000000 0.000000 0.000001
 39   -4.457742 -1.054854 -0.746180 0.000000 0.000000 0.000000
 40   1.118101 -3.449769 3.237290 0.000000 0.000001 0.000000
 41   -4.433840 -1.059130 0.959566 -0.000001 0.000000 0.000000
 42   -0.657468 1.697302 -2.688614 0.000000 0.000002 0.000000
 43   -0.664068 1.698578 2.869377 0.000000 0.000002 0.000000
time 33
  0   -0.967547 0.175787 -20.574476 0.000000 0.000000 -1.572114
  1   -1.093036 0.000002 -0.326057 -1.832777 -1.570379 0.261511
  2   2.262337 0.113614 0.064702 0.348854 -0.140111 0.262340
  3   2.380047 0.353302 0.047440 0.033707 -0.043472 0.255396
  4   2.033756 0.190472 -0.000128 0.014597 0.016131 -0.035982
  5   2.451511 0.204909 -0.003447 -0.217607 0.053784 -0.029483
  6   7.247600 -0.397300 -0.109469 0.056796 0.015841 0.258572
  7   -2.022252 -0.104661 3.136172 0.475941 -1.426954 -3.813489
  8   1.168026 -0.537438 -0.063437 1.072142 1.009321 0.857875
  9   6.790376 -0.619176 0.015206 0.155796 -0.073165 -1.808126
 10   8.637599 0.544015 -0.090417 -2.632879 0.202242 -0.223086
 11   6.790465 -0.619039 0.017802 0.102429 -0.095136 -1.280238
 12   -2.022474 -0.104699 -2.873818 -2.333809 1.543025 -5.726825
 13   1.167898 -0.537463 0.063297 0.973674 -0.437243 -1.080213
 14   7.002743 -0.617765 -0.183752 -0.029945 -0.011163 -0.838833
 15   8.209042 0.615527 -0.255885 2.378782 0.351829 0.651701
 16   7.002735 -0.617911 -0.183641 -0.007829 -0.000752 -0.605952
 17   1.574674 0.609930 -0.000899 0.204854 0.016030 0.451915
 18   -0.602177 0.511412 -0.000006 0.000000 0.000000 0.000000
 19   3.673773 0.177020 1.119313 -0.000002 -0.000014 -0.174510
 20   3.673767 0.176993 -1.117566 0.000007 -0.000003 -0.174546
 21   3.942357 1.334540 1.627658 0.000002 -0.000011 -0.000026
 22   -0.246060 -0.011889 0.516521 -0.000011 0.000031 0.000025
 23   3.942374 1.334565 -1.631083 0.000019 0.000002 -0.000024
 24   -0.246150 -0.011872 -0.516511 -0.000005 -0.000006 0.000048
 25   4.941364 1.997338 1.629330 0.000018 -0.000001 -0.000024
 26   4.941382 1.997366 -1.629410 -0.000001 0.000005 -0.000024
 27   2.914462 1.619264 1.514501 -0.000019 -0.000022 -0.000050
 28   2.916892 1.618870 -1.501142 -0.000002 -0.000009 -0.000024
 29   8.824059 0.150544 0.091743 0.000006 -0.000231 -0.174534
 30   2.111085 -0.561179 1.784320 -0.000008 -0.000682 0.000024
 31   2.121290 -0.561289 -1.853599 0.000000 0.000000 -0.000002
 32   -0.814395 -0.093824 3.127092 3.071965 -0.114691 1.239365
 33   14.298673 -0.408176 0.471578 0.000248 0.000063 -1.896136
 34   15.835795 0.581398 0.242756 -0.214735 0.106913 -0.097869
 35   -0.815868 -0.091229 -3.114430 0.066464 3.132818 -1.010216
 36   14.294526 -0.410349 -0.467541 0.000021 -0.000012 -2.607695
 37   15.834409 0.579420 -0.284600 -0.006092 -0.035255 0.214508
 38   1.139685 -3.453749 -2.823813 0.000000 0.000000 0.000001
 39   -4.457742 -1.054854 -0.746180 0.000000 0.000000 0.000000
 40   1.118101 -3.449769 3.237290 0.000000 0.000001 0.000000
 41   -4.433840 -1.059130 0.959566 -0.000001 0.000000 0.000000
 42   -0.657468 1.697302 -2.688614 0.000000 0.000002 0.000000
 43   -0.664068 1.698578 2.869377 0.000000 0.000002 0.000000
time 34
  0   -0.967547 0.175787 -20.574476 0.000000 0.000000 -1.572114
  1   -1.093036 0.000002 -0.326057 -1.832777 -1.570379 0.261511
  2   2.262337 0.113614 0.064702 0.320908 -0.142712 0.272478
  3   2.380047 0.353302 0.047440 0.025742 -0.043940 0.256457
  4   2.033756 0.190472 -0.000128 0.012273 0.017989 -0.040694
  5   2.451511 0.204909 -0.003447 -0.220157 0.045938 -0.030895
  6   7.247600 -0.397300 -0.109469 0.056796 0.015841 0.258572
  7   -2.022252 -0.104661 3.136172 0.515818 -1.398185 -3.865237
  8   1.168026 -0.537438 -0.063437 1.106946 1.132591 0.833077
  9   6.790376 -0.619176 0.015206 0.149138 -0.073098 -1.726848
 10   8.637599 0.544015 -0.090417 -2.710552 0.099612 -0.208328
 11   6.790465 -0.619039 0.017802 0.097582 -0.092123 -1.223313
 12   -2.022474 -0.104699 -2.873818 -2.018029 1.553938 -5.409539
 13   1.167898 -0.537463 0.063297 0.967769 -0.443600 -1.109996
 14   7.002743 -0.617765 -0.183752 -0.031425 -0.008495 -0.871505
 15   8.209042 0.615527 -0.255885 2.412648 0.342372 0.663187
 16   7.002735 -0.617911 -0.183641 -0.008677 0.001503 -0.628802
 17   1.574674 0.609930 -0.000899 0.100335 0.066796 0.410444
 18   -0.602177 0.511412 -0.000006 0.000000 0.000000 0.000000
 19   3.673773 0.177020 1.119313 -0.000002 -0.000014 -0.174510
 20   3.673767 0.176993 -1.117566 0.000007 -0.000003 -0.174546
 21   3.942357 1.334540 1.627658 0.000002 -0.000011 -0.000026
 22   -0.246060 -0.011889 0.516521 -0.000011 0.000031 0.000025
 23   3.942374 1.334565 -1.631083 0.000019 0.000002 -0.000024
 24   -0.246150 -0.011872 -0.516511 -0.000005 -0.000006 0.000048
 25   4.941364 1.997338 1.629330 0.000018 -0.000001 -0.000024
 26   4.941382 1.997366 -1.629410 -0.000001 0.000005 -0.000024
 27   2.914462 1.619264 1.514501 -0.000019 -0.000022 -0.000050
 28   2.916892 1.618870 -1.501142 -0.000002 -0.000009 -0.000024
 29   8.824059 0.150544 0.091743 0.000006 -0.000231 -0.174534
 30   2.111085 -0.561179 1.784320 -0.000008 -0.000682 0.000024
 31   2.121290 -0.561289 -1.853599 0.000000 0.000000 -0.000002
 32   -0.814395 -0.093824 3.127092 3.071965 -0.114691 1.239365
 33   14.298673 -0.408176 0.471578 0.000248 0.000063 -1.896136
 34   15.835795 0.581398 0.242756 -0.214735 0.106913 -0.097869
 35   -0.815868 -0.091229 -3.114430 0.066464 3.132818 -1.010216
 36   14.294526 -0.410349 -0.467541 0.000021 -0.000012 -2.607695
 37   15.834409 0.579420 -0.284600 -0.006092 -0.035255 0.214508
 38   1.139685 -3.453749 -2.823813 0.000000 0.000000 0.000001
 39   -4.457742 -1.054854 -0.746180 0.000000 0.000000 0.000000
 40   1.118101 -3.449769 3.237290 0.000000 0.000001 0.000000
 41   -4.433840 -1.059130 0.959566 -0.000001 0.000000 0.000000
 42   -0.657468 1.697302 -2.688614 0.000000 0.000002 0.000000
 43   -0.664068 1.698578 2.869377 0.000000 0.000002 0.000000
time 35
  0   -0.967547 0.175787 -20.574476 0.000000 0.000000 -1.572114
  1   -1.093036 0.000002 -0.326057 -1.832777 -1.570379 0.261511
  2   2.262337 0.113614 0.064702 0.284555 -0.141310 0.282290
  3   2.380047 0.353302 0.047440 0.018556 -0.042705 0.256620
  4   2.033756 0.190472 -0.000128 0.010060 0.019127 -0.044500
  5   2.451511 0.204909 -0.003447 -0.221749 0.031916 -0.030028
  6   7.247600 -0.397300 -0.109469 0.056796 0.015841 0.258572
  7   -2.022252 -0.104661 3.136172 0.532881 -1.382849 -3.890406
  8   1.168026 -0.537438 -0.063437 1.074484 1.238553 0.733189
  9   6.790376 -0.619176 0.015206 0.141648 -0.072498 -1.634702
 10   8.637599 0.544015 -0.090417 -2.662380 0.031615 -0.035931
 11   6.790465 -0.619039 0.017802 0.092327 -0.088428 -1.158775
 12   -2.022474 -0.104699 -2.873818 -0.971241 1.550455 -4.359067
 13   1.167898 -0.537463 0.063297 0.960951 -0.446244 -1.141716
 14   7.002743 -0.617765 -0.183752 -0.032564 -0.006621 -0.895927
 15   8.209042 0.615527 -0.255885 2.434147 0.342599 0.675997
 16   7.002735 -0.617911 -0.183641 -0.009383 0.003082 -0.645967
 17   1.574674 0.609930 -0.000899 0.009830 0.117751 0.372190
 18   -0.602177 0.511412 -0.000006 0.000000 0.000000 0.000000
 19   3.673773 0.177020 1.119313 -0.000002 -0.000014 -0.174510
 20   3.673767 0.176993 -1.117566 0.000007 -0.000003 -0.174546
 21   3.942357 1.334540 1.627658 0.000002 -0.000011 -0.000026
 22   -0.246060 -0.011889 0.516521 -0.000011 0.000031 0.000025
 23   3.942374 1.334565 -1.631083 0.000019 0.000002 -0.000024
 24   -0.246150 -0.011872 -0.516511 -0.000005 -0.000006 0.000048
 25   4.941364 1.997338 1.629330 0.000018 -0.000001 -0.000024
 26   4.941382 1.997366 -1.629410 -0.000001 0.000005 -0.000024
 27   2.914462 1.619264 1.514501 -0.000019 -0.000022 -0.000050
 28   2.916892 1.618870 -1.501142 -0.000002 -0.000009 -0.000024
 29   8.824059 0.150544 0.091743 0.000006 -0.000231 -0.174534
 30   2.111085 -0.561179 1.784320 -0.000008 -0.000682 0.000024
 31   2.121290 -0.561289 -1.853599 0.000000 0.000000 -0.000002
 32   -0.814395 -0.093824 3.127092 3.071965 -0.114691 1.239365
 33   14.298673 -0.408176 0.471578 0.000248 0.000063 -1.896136
 34   15.835795 0.581398 0.242756 -0.214735 0.106913 -0.097869
 35   -0.815868 -0.091229 -3.114430 0.066464 3.132818 -1.010216
 36   14.294526 -0.410349 -0.467541 0.000021 -0.000012 -2.607695
 37   15.834409 0.579420 -0.284600 -0.006092 -0.035255 0.214508
 38   1.139685 -3.453749 -2.823813 0.000000 0.000000 0.000001
 39   -4.457742 -1.054854 -0.746180 0.000000 0.000000 0.000000
 40   1.118101 -3.449769 3.237290 0.000000 0.000001 0.000000
 41   -4.433840 -1.059130 0.959566 -0.000001 0.000000 0.000000
 42   -0.657468 1.697302 -2.688614 0.000000 0.000002 0.000000
 43   -0.664068 1.698578 2.869377 0.000000 0.000002 0.000000
time 36
  0   -0.967547 0.175787 -20.574476 0.000000 0.000000 -1.572114
  1   -1.093036 0.000002 -0.326057 -1.832777 -1.570379 0.261511
  2   2.262337 0.113614 0.064702 0.243616 -0.137582 0.289284
  3   2.380047 0.353302 0.047440 0.013366 -0.041675 0.255865
  4   2.033756 0.190472 -0.000128 0.008308 0.019535 -0.047146
  5   2.451511 0.204909 -0.003447 -0.222793 0.022555 -0.029483
  6   7.247600 -0.397300 -0.109469 0.056796 0.015841 0.258572
  7   -2.022252 -0.104661 3.136172 0.571032 -1.371894 -3.931917
  8   1.168026 -0.537438 -0.063437 0.876226 1.311106 0.438205
  9   6.790376 -0.619176 0.015206 0.134547 -0.071296 -1.547311
 10   8.637599 0.544015 -0.090417 -2.707029 -0.042365 0.190000
 11   6.790465 -0.619039 0.017802 0.087480 -0.084818 -1.097639
 12   -2.022474 -0.104699 -2.873818 -0.707484 1.536175 -4.090227
 13   1.167898 -0.537463 0.063297 0.951742 -0.447872 -1.173194
 14   7.002743 -0.617765 -0.183752 -0.033304 -0.005258 -0.913418
 15   8.209042 0.615527 -0.255885 2.444501 0.349862 0.693617
 16   7.002735 -0.617911 -0.183641 -0.009854 0.004266 -0.658109
 17   1.574674 0.609930 -0.000899 -0.058576 0.153630 0.340625
 18   -0.602177 0.511412 -0.000006 0.000000 0.000000 0.000000
 19   3.673773 0.177020 1.119313 -0.000002 -0.000014 -0.174510
 20   3.673767 0.176993 -1.117566 0.000007 -0.000003 -0.174546
 21   3.942357 1.334540 1.627658 0.000002 -0.000011 -0.000026
 22   -0.246060 -0.011889 0.516521 -0.000011 0.000031 0.000025
 23   3.942374 1.334565 -1.631083 0.000019 0.000002 -0.000024
 24   -0.246150 -0.011872 -0.516511 -0.000005 -0.000006 0.000048
 25   4.941364 1.997338 1.629330 0.000018 -0.000001 -0.000024
 26   4.941382 1.997366 -1.629410 -0.000001 0.000005 -0.000024
 27   2.914462 1.619264 1.514501 -0.000019 -0.000022 -0.000050
 28   2.916892 1.618870 -1.501142 -0.000002 -0.000009 -0.000024
 29   8.824059 0.150544 0.091743 0.000006 -0.000231 -0.174534
 30   2.111085 -0.561179 1.784320 -0.000008 -0.000682 0.000024
 31   2.121290 -0.561289 -1.853599 0.000000 0.000000 -0.000002
 32   -0.814395 -0.093824 3.127092 3.071965 -0.114691 1.239365
 33   14.298673 -0.408176 0.471578 0.000248 0.000063 -1.896136
 34   15.835795 0.581398 0.242756 -0.214735 0.106913 -0.097869
 35   -0.815868 -0.091229 -3.114430 0.066464 3.132818 -1.010216
 36   14.294526 -0.410349 -0.467541 0.000021 -0.000012 -2.607695
 37   15.834409 0.579420 -0.284600 -0.006092 -0.035255 0.214508
 38   1.139685 -3.453749 -2.823813 0.000000 0.000000 0.000001
 39   -4.457742 -1.054854 -0.746180 0.000000 0.000000 0.000000
 40   1.118101 -3.449769 3.237290 0.000000 0.000001 0.000000
 41   -4.433840 -1.059130 0.959566 -0.000001 0.000000 0.000000
 42   -0.657468 1.697302 -2.688614 0.000000 0.000002 0.000000
 43   -0.664068 1.698578 2.869377 0.000000 0.000002 0.000000
time 37
  0   -0.967547 0.175787 -20.574476 0.000000 0.000000 -1.572114
  1   -1.093036 0.000002 -0.326057 -1.832777 -1.570379 0.261511
  2   2.262337 0.113614 0.064702 0.203977 -0.133855 0.293838
  3   2.380047 0.353302 0.047440 0.007305 -0.041459 0.254906
  4   2.033756 0.190472 -0.000128 0.006187 0.018936 -0.049683
  5   2.451511 0.204909 -0.003447 -0.225395 0.028430 -0.032356
  6   7.247600 -0.397300 -0.109469 0.056796 0.015841 0.258572
  7   -2.022252 -0.104661 3.136172 0.631327 -1.361142 -3.999725
  8   1.168026 -0.537438 -0.063437 0.490595 1.342653 -0.037640
  9   6.790376 -0.619176 0.015206 0.127113 -0.069094 -1.453354
 10   8.637599 0.544015 -0.090417 -2.780211 -0.080798 0.374550
 11   6.790465 -0.619039 0.017802 0.082575 -0.080469 -1.032063
 12   -2.022474 -0.104699 -2.873818 -0.906763 1.529035 -4.282953
 13   1.167898 -0.537463 0.063297 0.944923 -0.452449 -1.205641
 14   7.002743 -0.617765 -0.183752 -0.033987 -0.004179 -0.926784
 15   8.209042 0.615527 -0.255885 2.447809 0.362195 0.714364
 16   7.002735 -0.617911 -0.183641 -0.010277 0.005169 -0.667437
 17   1.574674 0.609930 -0.000899 -0.130029 0.153961 0.313532
 18   -0.602177 0.511412 -0.000006 0.000000 0.000000 0.000000
 19   3.673773 0.177020 1.119313 -0.000002 -0.000014 -0.174510
 20   3.673767 0.176993 -1.117566 0.000007 -0.000003 -0.174546
 21   3.942357 1.334540 1.627658 0.000002 -0.000011 -0.000026
 22   -0.246060 -0.011889 0.516521 -0.000011 0.000031 0.000025
 23   3.942374 1.334565 -1.631083 0.000019 0.000002 -0.000024
 24   -0.246150 -0.011872 -0.516511 -0.000005 -0.000006 0.000048
 25   4.941364 1.997338 1.629330 0.000018 -0.000001 -0.000024
 26   4.941382 1.997366 -1.629410 -0.000001 0.000005 -0.000024
 27   2.914462 1.619264 1.514501 -0.000019 -0.000022 -0.000050
 28   2.916892 1.618870 -1.501142 -0.000002 -0.000009 -0.000024
 29   8.824059 0.150544 0.091743 0.000006 -0.000231 -0.174534
 30   2.111085 -0.561179 1.784320 -0.000008 -0.000682 0.000024
 31   2.121290 -0.561289 -1.853599 0.000000 0.000000 -0.000002
 32   -0.814395 -0.093824 3.127092 3.071965 -0.114691 1.239365
 33   14.298673 -0.408176 0.471578 0.000248 0.000063 -1.896136
 34   15.835795 0.581398 0.242756 -0.214735 0.106913 -0.097869
 35   -0.815868 -0.091229 -3.114430 0.066464 3.132818 -1.010216
 36   14.294526 -0.410349 -0.467541 0.000021 -0.000012 -2.607695
 37   15.834409 0.579420 -0.284600 -0.006092 -0.035255 0.214508
 38   1.139685 -3.453749 -2.823813 0.000000 0.000000 0.000001
 39   -4.457742 -1.054854 -0.746180 0.000000 0.000000 0.000000
 40   1.118101 -3.449769 3.237290 0.000000 0.000001 0.000000
 41   -4.433840 -1.059130 0.959566 -0.000001 0.000000 0.000000
 42   -0.657468 1.697302 -2.688614 0.000000 0.000002 0.000000
 43   -0.664068 1.698578 2.869377 0.000000 0.000002 0.000000
time 38
  0   -0.967547 0.175787 -20.574476 0.000000 0.000000 -1.572114
  1   -1.093036 0.000002 -0.326057 -1.832777 -1.570379 0.261511
  2   2.262337 0.113614 0.064702 0.166478 -0.128846 0.296783
  3   2.380047 0.353302 0.047440 0.001020 -0.040428 0.254294
  4   2.033756 0.190472 -0.000128 0.003900 0.018301 -0.051568
  5   2.451511 0.204909 -0.003447 -0.228459 0.038914 -0.035848
  6   7.247600 -0.397300 -0.109469 0.056796 0.015841 0.258572
  7   -2.022252 -0.104661 3.136172 0.732457 -1.359498 -4.128390
  8   1.168026 -0.537438 -0.063437 0.085093 1.350502 -0.484258
  9   6.790376 -0.619176 0.015206 0.120122 -0.066558 -1.362717
 10   8.637599 0.544015 -0.090417 -2.807864 -0.096214 0.427651
 11   6.790465 -0.619039 0.017802 0.078079 -0.076091 -0.968621
 12   -2.022474 -0.104699 -2.873818 -1.223501 1.524450 -4.594782
 13   1.167898 -0.537463 0.063297 0.945415 -0.461195 -1.242022
 14   7.002743 -0.617765 -0.183752 -0.034613 -0.003270 -0.938252
 15   8.209042 0.615527 -0.255885 2.451476 0.374906 0.736314
 16   7.002735 -0.617911 -0.183641 -0.010607 0.005958 -0.675495
 17   1.574674 0.609930 -0.000899 -0.149812 0.136637 0.298231
 18   -0.602177 0.511412 -0.000006 0.000000 0.000000 0.000000
 19   3.673773 0.177020 1.119313 -0.000002 -0.000014 -0.174510
 20   3.673767 0.176993 -1.117566 0.000007 -0.000003 -0.174546
 21   3.942357 1.334540 1.627658 0.000002 -0.000011 -0.000026
 22   -0.246060 -0.011889 0.516521 -0.000011 0.000031 0.000025
 23   3.942374 1.334565 -1.631083 0.000019 0.000002 -0.000024
 24   -0.246150 -0.011872 -0.516511 -0.000005 -0.000006 0.000048
 25   4.941364 1.997338 1.629330 0.000018 -0.000001 -0.000024
 26   4.941382 1.997366 -1.629410 -0.000001 0.000005 -0.000024
 27   2.914462 1.619264 1.514501 -0.000019 -0.000022 -0.000050
 28   2.916892 1.618870 -1.501142 -0.000002 -0.000009 -0.000024
 29   8.824059 0.150544 0.091743 0.000006 -0.000231 -0.174534
 30   2.111085 -0.561179 1.784320 -0.000008 -0.000682 0.000024
 31   2.121290 -0.561289 -1.853599 0.000000 0.000000 -0.000002
 32   -0.814395 -0.093824 3.127092 3.071965 -0.114691 1.239365
 33   14.298673 -0.408176 0.471578 0.000248 0.000063 -1.896136
 34   15.835795 0.581398 0.242756 -0.214735 0.106913 -0.097869
 35   -0.815868 -0.091229 -3.114430 0.066464 3.132818 -1.010216
 36   14.294526 -0.410349 -0.467541 0.000021 -0.000012 -2.607695
 37   15.834409 0.579420 -0.284600 -0.006092 -0.035255 0.214508
 38   1.139685 -3.453749 -2.823813 0.000000 0.000000 0.000001
 39   -4.457742 -1.054854 -0.746180 0.000000 0.000000 0.000000
 40   1.118101 -3.449769 3.237290 0.000000 0.000001 0.000000
 41   -4.433840 -1.059130 0.959566 -0.000001 0.000000 0.000000
 42   -0.657468 1.697302 -2.688614 0.000000 0.000002 0.000000
 43   -0.664068 1.698578 2.869377 0.000000 0.000002 0.000000
time 39
  0   -0.967547 0.175787 -20.574476 0.000000 0.000000 -1.572114
  1   -1.093036 0.000002 -0.326057 -1.832777 -1.570379 0.261511
  2   2.262337 0.113614 0.064702 0.129450 -0.121739 0.297651
  3   2.380047 0.353302 0.047440 -0.002940 -0.037504 0.253539
  4   2.033756 0.190472 -0.000128 0.002314 0.018372 -0.052293
  5   2.451511 0.204909 -0.003447 -0.230205 0.040820 -0.036665
  6   7.247600 -0.397300 -0.109469 0.056796 0.015841 0.258572
  7   -2.022252 -0.104661 3.136172 0.892348 -1.356673 -4.316035
  8   1.168026 -0.537438 -0.063437 -0.342303 1.330980 -0.884507
  9   6.790376 -0.619176 0.015206 0.113021 -0.063154 -1.267477
 10   8.637599 0.544015 -0.090417 -2.792629 -0.126763 0.454129
 11   6.790465 -0.619039 0.017802 0.073612 -0.071287 -0.902006
 12   -2.022474 -0.104699 -2.873818 -1.405535 1.517745 -4.776786
 13   1.167898 -0.537463 0.063297 0.951250 -0.475740 -1.277677
 14   7.002743 -0.617765 -0.183752 -0.035240 -0.002419 -0.950133
 15   8.209042 0.615527 -0.255885 2.455503 0.375284 0.749123
 16   7.002735 -0.617911 -0.183641 -0.010936 0.006747 -0.683829
 17   1.574674 0.609930 -0.000899 -0.124505 0.120969 0.293463
 18   -0.602177 0.511412 -0.000006 0.000000 0.000000 0.000000
 19   3.673773 0.177020 1.119313 -0.000002 -0.000014 -0.174510
 20   3.673767 0.176993 -1.117566 0.000007 -0.000003 -0.174546
 21   3.942357 1.334540 1.627658 0.000002 -0.000011 -0.000026
 22   -0.246060 -0.011889 0.516521 -0.000011 0.000031 0.000025
 23   3.942374 1.334565 -1.631083 0.000019 0.000002 -0.000024
 24   -0.246150 -0.011872 -0.516511 -0.000005 -0.000006 0.000048
 25   4.941364 1.997338 1.629330 0.000018 -0.000001 -0.000024
 26   4.941382 1.997366 -1.629410 -0.000001 0.000005 -0.000024
 27   2.914462 1.619264 1.514501 -0.000019 -0.000022 -0.000050
 28   2.916892 1.618870 -1.501142 -0.000002 -0.000009 -0.000024
 29   8.824059 0.150544 0.091743 0.000006 -0.000231 -0.174534
 30   2.111085 -0.561179 1.784320 -0.000008 -0.000682 0.000024
 31   2.121290 -0.561289 -1.853599 0.000000 0.000000 -0.000002
 32   -0.814395 -0.093824 3.127092 3.071965 -0.114691 1.239365
 33   14.298673 -0.408176 0.471578 0.000248 0.000063 -1.896136
 34   15.835795 0.581398 0.242756 -0.214735 0.106913 -0.097869
 35   -0.815868 -0.091229 -3.114430 0.066464 3.132818 -1.010216
 36   14.294526 -0.410349 -0.467541 0.000021 -0.000012 -2.607695
 37   15.834409 0.579420 -0.284600 -0.006092 -0.035255 0.214508
 38   1.139685 -3.453749 -2.823813 0.000000 0.000000 0.000001
 39   -4.457742 -1.054854 -0.746180 0.000000 0.000000 0.000000
 40   1.118101 -3.449769 3.237290 0.000000 0.000001 0.000000
 41   -4.433840 -1.059130 0.959566 -0.000001 0.000000 0.000000
 42   -0.657468 1.697302 -2.688614 0.000000 0.000002 0.000000
 43   -0.664068 1.698578 2.869377 0.000000 0.000002 0.000000
time 40
  0   -0.967547 0.175787 -20.574476 0.000000 0.000000 -1.572114
  1   -1.093036 0.000002 -0.326057 -1.832777 -1.570379 0.261511
  2   2.262337 0.113614 0.064702 0.069724 -0.111084 0.293802
  3   2.380047 0.353302 0.047440 -0.003465 -0.035466 0.249764
  4   2.033756 0.190472 -0.000128 0.001484 0.015077 -0.053381
  5   2.451511 0.204909 -0.003447 -0.231437 0.051186 -0.039761
  6   7.247600 -0.397300 -0.109469 0.056796 0.015841 0.258572
  7   -2.022252 -0.104661 3.136172 0.967213 -1.350620 -4.397837
  8   1.168026 -0.537438 -0.063437 -0.818551 1.289823 -1.221179
  9   6.790376 -0.619176 0.015206 0.103534 -0.057148 -1.130806
 10   8.637599 0.544015 -0.090417 -2.806895 -0.115008 0.487697
 11   6.790465 -0.619039 0.017802 0.067715 -0.063925 -0.806497
 12   -2.022474 -0.104699 -2.873818 -1.609125 1.502914 -4.980331
 13   1.167898 -0.537463 0.063297 0.945626 -0.500862 -1.312424
 14   7.002743 -0.617765 -0.183752 -0.036321 -0.000772 -0.971089
 15   8.209042 0.615527 -0.255885 2.448240 0.376646 0.752912
 16   7.002735 -0.617911 -0.183641 -0.011642 0.008157 -0.698455
 17   1.574674 0.609930 -0.000899 -0.052605 0.079931 0.293352
 18   -0.602177 0.511412 -0.000006 0.000000 0.000000 0.000000
 19   3.673773 0.177020 1.119313 -0.000002 -0.000014 -0.174510
 20   3.673767 0.176993 -1.117566 0.000007 -0.000003 -0.174546
 21   3.442342 1.330634 1.627658 -0.073691 -0.386442 0.847736
 22   -0.457004 -0.035327 0.231356 -0.000011 0.000031 0.000025
 23   3.438452 1.330659 -1.631083 0.073712 0.386493 0.847730
 24   -0.453188 -0.039217 -0.235252 -0.000005 -0.000006 0.000048
 25   4.941364 1.997338 1.629330 0.000018 -0.000001 -0.000024
 26   4.941382 1.997366 -1.629410 -0.000001 0.000005 -0.000024
 27   3.160563 1.767707 1.553565 -0.163477 0.220818 -1.289323
 28   3.162993 1.775125 -1.540206 0.163480 -0.220897 -1.289299
 29   8.824059 0.150544 0.091743 0.000006 -0.000231 -0.174534
 30   2.111085 -0.561179 1.784320 -0.000008 -0.000682 0.000024
 31   2.121290 -0.561289 -1.853599 0.000000 0.000000 -0.000002
 32   -0.814395 -0.093824 3.127092 3.071965 -0.114691 1.239365
 33   14.298673 -0.408176 0.471578 0.000248 0.000063 -1.896136
 34   15.835795 0.581398 0.242756 -0.214735 0.106913 -0.097869
 35   -0.815868 -0.091229 -3.114430 0.066464 3.132818 -1.010216
 36   14.294526 -0.410349 -0.467541 0.000021 -0.000012 -2.607695
 37   15.834409 0.579420 -0.284600 -0.006092 -0.035255 0.214508
 38   1.139685 -3.453749 -2.823813 0.000000 0.000000 0.000001
 39   -4.457742 -1.054854 -0.746180 0.000000 0.000000 0.000000
 40   1.118101 -3.449769 3.237290 0.000000 0.000001 0.000000
 41   -4.433840 -1.059130 0.959566 -0.000001 0.000000 0.000000
 42   -0.657468 1.697302 -2.688614 0.000000 0.000002 0.000000
 43   -0.664068 1.698578 2.869377 0.000000 0.000002 0.000000
time 41
  0   -0.967547 0.175787 -20.574476 0.000000 0.000000 -1.572114
  1   -1.093036 0.000002 -0.326057 -1.832777 -1.570379 0.261511
  2   2.262337 0.113614 0.064702 0.006992 -0.101065 0.288200
  3   2.380047 0.353302 0.047440 -0.003360 -0.033681 0.245642
  4   2.033756 0.190472 -0.000128 0.000857 0.011158 -0.054359
  5   2.451511 0.204909 -0.003447 -0.232601 0.063106 -0.043352
  6   7.247600 -0.397300 -0.109469 0.056796 0.015841 0.258572
  7   -2.022252 -0.104661 3.136172 1.023674 -1.343816 -4.457379
  8   1.168026 -0.537438 -0.063437 -1.159127 1.205446 -1.407797
  9   6.790376 -0.619176 0.015206 0.093325 -0.048271 -0.967192
 10   8.637599 0.544015 -0.090417 -2.830144 -0.127256 0.505783
 11   6.790465 -0.619039 0.017802 0.061583 -0.054573 -0.692070
 12   -2.022474 -0.104699 -2.873818 -1.739901 1.485238 -5.111114
 13   1.167898 -0.537463 0.063297 0.938807 -0.528273 -1.347050
 14   7.002743 -0.617765 -0.183752 -0.037460 0.000761 -0.992458
 15   8.209042 0.615527 -0.255885 2.439612 0.378310 0.754355
 16   7.002735 -0.617911 -0.183641 -0.012301 0.009623 -0.713357
 17   1.574674 0.609930 -0.000899 0.011090 0.032597 0.291652
 18   -0.602177 0.511412 -0.000006 0.000000 0.000000 0.000000
 19   3.673773 0.177020 1.119313 -0.000002 -0.000014 -0.174510
 20   3.673767 0.176993 -1.117566 0.000007 -0.000003 -0.174546
 21   3.696256 1.330634 1.627658 0.006354 -0.200741 0.411863
 22   -0.351532 -0.015795 0.371985 -0.000011 0.000031 0.000025
 23   3.692366 1.330659 -1.631083 -0.006333 0.200780 0.411810
 24   -0.347716 -0.019685 -0.379788 -0.000005 -0.000006 0.000048
 25   4.941364 1.997338 1.629330 0.000018 -0.000001 -0.000024
 26   4.941382 1.997366 -1.629410 -0.000001 0.000005 -0.000024
 27   3.031653 1.693485 1.522314 -0.043955 0.137321 -0.635381
 28   3.034083 1.693092 -1.520674 0.043934 -0.137352 -0.635435
 29   8.824059 0.150544 0.091743 0.000006 -0.000231 -0.174534
 30   2.111085 -0.561179 1.784320 -0.000008 -0.000682 0.000024
 31   2.121290 -0.561289 -1.853599 0.000000 0.000000 -0.000002
 32   -0.814395 -0.093824 3.127092 3.071965 -0.114691 1.239365
 33   14.298673 -0.408176 0.471578 0.000248 0.000063 -1.896136
 34   15.835795 0.581398 0.242756 -0.214735 0.106913 -0.097869
 35   -0.815868 -0.091229 -3.114430 0.066464 3.132818 -1.010216
 36   14.294526 -0.410349 -0.467541 0.000021 -0.000012 -2.607695
 37   15.834409 0.579420 -0.284600 -0.006092 -0.035255 0.214508
 38   1.139685 -3.453749 -2.823813 0.000000 0.000000 0.000001
 39   -4.457742 -1.054854 -0.746180 0.000000 0.000000 0.000000
 40   1.118101 -3.449769 3.237290 0.000000 0.000001 0.000000
 41   -4.433840 -1.059130 0.959566 -0.000001 0.000000 0.000000
 42   -0.657468 1.697302 -2.688614 0.000000 0.000002 0.000000
 43   -0.664068 1.698578 2.869377 0.000000 0.000002 0.000000
time 42
  0   -0.967547 0.175787 -20.574476 0.000000 0.000000 -1.572114
  1   -1.093036 0.000002 -0.326057 -1.832777 -1.570379 0.261511
  2   2.262337 0.113614 0.064702 -0.045334 -0.094330 0.283013
  3   2.380047 0.353302 0.047440 -0.004395 -0.032291 0.242030
  4   2.033756 0.190472 -0.000128 -0.000010 0.007514 -0.055845
  5   2.451511 0.204909 -0.003447 -0.234159 0.074438 -0.047042
  6   7.247600 -0.397300 -0.109469 0.056796 0.015841 0.258572
  7   -2.022252 -0.104661 3.136172 1.074095 -1.334736 -4.513729
  8   1.168026 -0.537438 -0.063437 -1.350993 1.102503 -1.473651
  9   6.790376 -0.619176 0.015206 0.085114 -0.038327 -0.810446
 10   8.637599 0.544015 -0.090417 -2.850839 -0.153723 0.488999
 11   6.790465 -0.619039 0.017802 0.056562 -0.045108 -0.582430
 12   -2.022474 -0.104699 -2.873818 -1.822966 1.469304 -5.193834
 13   1.167898 -0.537463 0.063297 0.932902 -0.553496 -1.378649
 14   7.002743 -0.617765 -0.183752 -0.038371 0.002011 -1.009290
 15   8.209042 0.615527 -0.255885 2.430408 0.381866 0.752852
 16   7.002735 -0.617911 -0.183641 -0.012866 0.010751 -0.725113
 17   1.574674 0.609930 -0.000899 0.070153 -0.005838 0.290580
 18   -0.602177 0.511412 -0.000006 0.000000 0.000000 0.000000
 19   3.673773 0.177020 1.119313 -0.000002 -0.000014 -0.174510
 20   3.673767 0.176993 -1.117566 0.000007 -0.000003 -0.174546
 21   3.942357 1.334540 1.627658 0.000002 -0.000011 -0.000026
 22   -0.246060 -0.011889 0.516521 -0.000011 0.000031 0.000025
 23   3.942374 1.334565 -1.631083 0.000019 0.000002 -0.000024
 24   -0.246150 -0.011872 -0.516511 -0.000005 -0.000006 0.000048
 25   4.941364 1.997338 1.629330 0.000018 -0.000001 -0.000024
 26   4.941382 1.997366 -1.629410 -0.000001 0.000005 -0.000024
 27   2.914462 1.619264 1.514501 -0.000019 -0.000022 -0.000050
 28   2.916892 1.618870 -1.501142 -0.000002 -0.000009 -0.000024
 29   8.824059 0.150544 0.091743 0.000006 -0.000231 -0.174534
 30   2.111085 -0.561179 1.784320 -0.000008 -0.000682 0.000024
 31   2.121290 -0.561289 -1.853599 0.000000 0.000000 -0.000002
 32   -0.814395 -0.093824 3.127092 3.071965 -0.114691 1.239365
 33   14.298673 -0.408176 0.471578 0.000248 0.000063 -1.896136
 34   15.835795 0.581398 0.242756 -0.214735 0.106913 -0.097869
 35   -0.815868 -0.091229 -3.114430 0.066464 3.132818 -1.010216
 36   14.294526 -0.410349 -0.467541 0.000021 -0.000012 -2.607695
 37   15.834409 0.579420 -0.284600 -0.006092 -0.035255 0.214508
 38   1.139685 -3.453749 -2.823813 0.000000 0.000000 0.000001
 39   -4.457742 -1.054854 -0.746180 0.000000 0.000000 0.000000
 40   1.118101 -3.449769 3.237290 0.000000 0.000001 0.000000
 41   -4.433840 -1.059130 0.959566 -0.000001 0.000000 0.000000
 42   -0.657468 1.697302 -2.688614 0.000000 0.000002 0.000000
 43   -0.664068 1.698578 2.869377 0.000000 0.000002 0.000000
time 43
  0   -0.967547 0.175787 -20.574476 0.000000 0.000000 -1.572114
  1   -1.093036 0.000002 -0.326057 -1.832777 -1.570379 0.261511
  2   2.262337 0.113614 0.064702 -0.043500 -0.098129 0.283537
  3   2.380047 0.353302 0.047440 -0.010771 -0.033249 0.241520
  4   2.033756 0.190472 -0.000128 -0.002186 0.005765 -0.058636
  5   2.451511 0.204909 -0.003447 -0.237291 0.083107 -0.051574
  6   7.247600 -0.397300 -0.109469 0.056796 0.015841 0.258572
  7   -2.022252 -0.104661 3.136172 1.107645 -1.317468 -4.567919
  8   1.168026 -0.537438 -0.063437 -1.447053 1.042780 -1.564936
  9   6.790376 -0.619176 0.015206 0.086612 -0.040396 -0.841464
 10   8.637599 0.544015 -0.090417 -2.810682 -0.164070 0.420561
 11   6.790465 -0.619039 0.017802 0.057496 -0.047012 -0.604115
 12   -2.022474 -0.104699 -2.873818 -1.891468 1.467505 -5.260949
 13   1.167898 -0.537463 0.063297 0.922709 -0.570075 -1.392330
 14   7.002743 -0.617765 -0.183752 -0.038143 0.001613 -1.004174
 15   8.209042 0.615527 -0.255885 2.416244 0.394274 0.738840
 16   7.002735 -0.617911 -0.183641 -0.012678 0.010356 -0.721581
 17   1.574674 0.609930 -0.000899 0.071250 -0.005601 0.297270
 18   -0.602177 0.511412 -0.000006 0.000000 0.000000 0.000000
 19   3.673773 0.177020 1.119313 -0.000002 -0.000014 -0.174510
 20   3.673767 0.176993 -1.117566 0.000007 -0.000003 -0.174546
 21   3.942357 1.334540 1.627658 0.000002 -0.000011 -0.000026
 22   -0.246060 -0.011889 0.516521 -0.000011 0.000031 0.000025
 23   3.942374 1.334565 -1.631083 0.000019 0.000002 -0.000024
 24   -0.246150 -0.011872 -0.516511 -0.000005 -0.000006 0.000048
 25   4.941364 1.997338 1.629330 0.000018 -0.000001 -0.000024
 26   4.941382 1.997366 -1.629410 -0.000001 0.000005 -0.000024
 27   2.914462 1.619264 1.514501 -0.000019 -0.000022 -0.000050
 28   2.916892 1.618870 -1.501142 -0.000002 -0.000009 -0.000024
 29   8.824059 0.150544 0.091743 0.000006 -0.000231 -0.174534
 30   2.111085 -0.561179 1.784320 -0.000008 -0.000682 0.000024
 31   2.121290 -0.561289 -1.853599 0.000000 0.000000 -0.000002
 32   -0.814395 -0.093824 3.127092 3.071965 -0.114691 1.239365
 33   14.298673 -0.408176 0.471578 0.000248 0.000063 -1.896136
 34   15.835795 0.581398 0.242756 -0.214735 0.106913 -0.097869
 35   -0.815868 -0.091229 -3.114430 0.066464 3.132818 -1.010216
 36   14.294526 -0.410349 -0.467541 0.000021 -0.000012 -2.607695
 37   15.834409 0.579420 -0.284600 -0.006092 -0.035255 0.214508
 38   1.139685 -3.453749 -2.823813 0.000000 0.000000 0.000001
 39   -4.457742 -1.054854 -0.746180 0.000000 0.000000 0.000000
 40   1.118101 -3.449769 3.237290 0.000000 0.000001 0.000000
 41   -4.433840 -1.059130 0.959566 -0.000001 0.000000 0.000000
 42   -0.657468 1.697302 -2.688614 0.000000 0.000002 0.000000
 43   -0.664068 1.698578 2.869377 0.000000 0.000002 0.000000
time 44
  0   -0.967547 0.175787 -20.574476 0.000000 0.000000 -1.572114
  1   -1.093036 0.000002 -0.326057 -1.832777 -1.570379 0.261511
  2   2.262337 0.113614 0.064702 -0.042965 -0.100190 0.283266
  3   2.380047 0.353302 0.047440 -0.015166 -0.033213 0.239908
  4   2.033756 0.190472 -0.000128 -0.003735 0.004458 -0.061572
  5   2.451511 0.204909 -0.003447 -0.239602 0.088394 -0.055066
  6   7.247600 -0.397300 -0.109469 0.056796 0.015841 0.258572
  7   -2.022252 -0.104661 3.136172 1.129021 -1.303429 -4.611121
  8   1.168026 -0.537438 -0.063437 -1.496475 0.961422 -1.620162
  9   6.790376 -0.619176 0.015206 0.087445 -0.041464 -0.857236
 10   8.637599 0.544015 -0.090417 -2.729134 -0.161254 0.308645
 11   6.790465 -0.619039 0.017802 0.057992 -0.047979 -0.615189
 12   -2.022474 -0.104699 -2.873818 -1.989095 1.460133 -5.365402
 13   1.167898 -0.537463 0.063297 0.935995 -0.602876 -1.417815
 14   7.002743 -0.617765 -0.183752 -0.037346 0.000648 -0.990313
 15   8.209042 0.615527 -0.255885 2.388992 0.418939 0.718754
 16   7.002735 -0.617911 -0.183641 -0.012207 0.009454 -0.711922
 17   1.574674 0.609930 -0.000899 0.071169 -0.007163 0.305179
 18   -0.602177 0.511412 -0.000006 0.000000 0.000000 0.000000
 19   3.673773 0.177020 1.119313 -0.000002 -0.000014 -0.174510
 20   3.673767 0.176993 -1.117566 0.000007 -0.000003 -0.174546
 21   3.942357 1.334540 1.627658 0.000002 -0.000011 -0.000026
 22   -0.246060 -0.011889 0.516521 -0.000011 0.000031 0.000025
 23   3.942374 1.334565 -1.631083 0.000019 0.000002 -0.000024
 24   -0.246150 -0.011872 -0.516511 -0.000005 -0.000006 0.000048
 25   4.941364 1.997338 1.629330 0.000018 -0.000001 -0.000024
 26   4.941382 1.997366 -1.629410 -0.000001 0.000005 -0.000024
 27   2.914462 1.619264 1.514501 -0.000019 -0.000022 -0.000050
 28   2.916892 1.618870 -1.501142 -0.000002 -0.000009 -0.000024
 29   8.824059 0.150544 0.091743 0.000006 -0.000231 -0.174534
 30   2.111085 -0.561179 1.784320 -0.000008 -0.000682 0.000024
 31   2.121290 -0.561289 -1.853599 0.000000 0.000000 -0.000002
 32   -0.814395 -0.093824 3.127092 3.071965 -0.114691 1.239365
 33   14.298673 -0.408176 0.471578 0.000248 0.000063 -1.896136
 34   15.835795 0.581398 0.242756 -0.214735 0.106913 -0.097869
 35   -0.815868 -0.091229 -3.114430 0.066464 3.132818 -1.010216
 36   14.294526 -0.410349 -0.467541 0.000021 -0.000012 -2.607695
 37   15.834409 0.579420 -0.284600 -0.006092 -0.035255 0.214508
 38   1.139685 -3.453749 -2.823813 0.000000 0.000000 0.000001
 39   -4.457742 -1.054854 -0.746180 0.000000 0.000000 0.000000
 40   1.118101 -3.449769 3.237290 0.000000 0.000001 0.000000
 41   -4.433840 -1.059130 0.959566 -0.000001 0.000000 0.000000
 42   -0.657468 1.697302 -2.688614 0.000000 0.000002 0.000000
 43   -0.664068 1.698578 2.869377 0.000000 0.000002 0.000000
time 45
  0   -0.967547 0.175787 -20.574476 0.000000 0.000000 -1.572114
  1   -1.093036 0.000002 -0.326057 -1.832777 -1.570379 0.261511
  2   2.262337 0.113614 0.064702 -0.042519 -0.100202 0.282019
  3   2.380047 0.353302 0.047440 -0.016966 -0.032207 0.237745
  4   2.033756 0.190472 -0.000128 -0.004362 0.003679 -0.064943
  5   2.451511 0.204909 -0.003447 -0.240663 0.088825 -0.057394
  6   7.247600 -0.397300 -0.109469 0.056796 0.015841 0.258572
  7   -2.022252 -0.104661 3.136172 1.121736 -1.298442 -4.615253
  8   1.168026 -0.537438 -0.063437 -1.483313 0.886001 -1.641797
  9   6.790376 -0.619176 0.015206 0.088055 -0.042064 -0.867877
 10   8.637599 0.544015 -0.090417 -2.669426 -0.217144 0.339536
 11   6.790465 -0.619039 0.017802 0.058313 -0.048632 -0.622629
 12   -2.022474 -0.104699 -2.873818 -2.034220 1.451919 -5.413177
 13   1.167898 -0.537463 0.063297 0.969878 -0.629372 -1.444753
 14   7.002743 -0.617765 -0.183752 -0.036378 -0.000658 -0.973152
 15   8.209042 0.615527 -0.255885 2.384319 0.457904 0.714063
 16   7.002735 -0.617911 -0.183641 -0.011690 0.008326 -0.699890
 17   1.574674 0.609930 -0.000899 0.069584 -0.010500 0.310391
 18   -0.602177 0.511412 -0.000006 0.000000 0.000000 0.000000
 19   3.673773 0.177020 1.119313 -0.000002 -0.000014 -0.174510
 20   3.673767 0.176993 -1.117566 0.000007 -0.000003 -0.174546
 21   3.942357 1.334540 1.627658 0.000002 -0.000011 -0.000026
 22   -0.246060 -0.011889 0.516521 -0.000011 0.000031 0.000025
 23   3.942374 1.334565 -1.631083 0.000019 0.000002 -0.000024
 24   -0.246150 -0.011872 -0.516511 -0.000005 -0.000006 0.000048
 25   4.941364 1.997338 1.629330 0.000018 -0.000001 -0.000024
 26   4.941382 1.997366 -1.629410 -0.000001 0.000005 -0.000024
 27   2.914462 1.619264 1.514501 -0.000019 -0.000022 -0.000050
 28   2.916892 1.618870 -1.501142 -0.000002 -0.000009 -0.000024
 29   8.824059 0.150544 0.091743 0.000006 -0.000231 -0.174534
 30   2.111085 -0.561179 1.784320 -0.000008 -0.000682 0.000024
 31   2.121290 -0.561289 -1.853599 0.000000 0.000000 -0.000002
 32   -0.814395 -0.093824 3.127092 3.071965 -0.114691 1.239365
 33   14.298673 -0.408176 0.471578 0.000248 0.000063 -1.896136
 34   15.835795 0.581398 0.242756 -0.214735 0.106913 -0.097869
 35   -0.815868 -0.091229 -3.114430 0.066464 3.132818 -1.010216
 36   14.294526 -0.410349 -0.467541 0.000021 -0.000012 -2.607695
 37   15.834409 0.579420 -0.284600 -0.006092 -0.035255 0.214508
 38   1.139685 -3.453749 -2.823813 0.000000 0.000000 0.000001
 39   -4.457742 -1.054854 -0.746180 0.000000 0.000000 0.000000
 40   1.118101 -3.449769 3.237290 0.000000 0.000001 0.000000
 41   -4.433840 -1.059130 0.959566 -0.000001 0.000000 0.000000
 42   -0.657468 1.697302 -2.688614 0.000000 0.000002 0.000000
 43   -0.664068 1.698578 2.869377 0.000000 0.000002 0.000000
time 46
  0   -0.967547 0.175787 -20.574476 0.000000 0.000000 -1.572114
  1   -1.093036 0.000002 -0.326057 -1.832777 -1.570379 0.261511
  2   2.262337 0.113614 0.064702 0.007132 -0.096967 0.254606
  3   2.380047 0.353302 0.047440 -0.023627 -0.021744 0.236398
  4   2.033756 0.190472 -0.000128 -0.010983 -0.019319 -0.056570
  5   2.451511 0.204909 -0.003447 -0.248434 0.140029 -0.063189
  6   7.247600 -0.397300 -0.109469 0.056796 0.015841 0.258572
  7   -2.022252 -0.104661 3.136172 1.135156 -1.288929 -4.586514
  8   1.168026 -0.537438 -0.063437 -1.448129 0.714278 -1.589544
  9   6.790376 -0.619176 0.015206 0.087777 -0.041797 -0.863047
 10   8.637599 0.544015 -0.090417 -2.436318 -0.092201 0.372018
 11   6.790465 -0.619039 0.017802 0.058167 -0.048377 -0.619226
 12   -2.022474 -0.104699 -2.873818 -2.370312 1.407396 -5.715336
 13   1.167898 -0.537463 0.063297 1.115673 -0.485962 -1.504259
 14   7.002743 -0.617765 -0.183752 -0.031084 -0.009517 -0.860202
 15   8.209042 0.615527 -0.255885 2.273804 0.541583 0.777328
 16   7.002735 -0.617911 -0.183641 -0.008535 0.000770 -0.620799
 17   1.574674 0.609930 -0.000899 -0.032660 -0.082921 0.274132
 18   -0.602177 0.511412 -0.000006 0.000000 0.000000 0.000000
 19   3.673773 0.177020 1.119313 -0.000002 -0.000014 -0.174510
 20   3.673767 0.176993 -1.117566 0.000007 -0.000003 -0.174546
 21   3.942357 1.334540 1.627658 0.000002 -0.000011 -0.000026
 22   -0.246060 -0.011889 0.516521 -0.000011 0.000031 0.000025
 23   3.942374 1.334565 -1.631083 0.000019 0.000002 -0.000024
 24   -0.246150 -0.011872 -0.516511 -0.000005 -0.000006 0.000048
 25   4.941364 1.997338 1.629330 0.000018 -0.000001 -0.000024
 26   4.941382 1.997366 -1.629410 -0.000001 0.000005 -0.000024
 27   2.914462 1.619264 1.514501 -0.000019 -0.000022 -0.000050
 28   2.916892 1.618870 -1.501142 -0.000002 -0.000009 -0.000024
 29   8.824059 0.150544 0.091743 0.000006 -0.000231 -0.174534
 30   2.111085 -0.561179 1.784320 -0.000008 -0.000682 0.000024
 31   2.121290 -0.561289 -1.853599 0.000000 0.000000 -0.000002
 32   -0.814395 -0.093824 3.127092 3.071965 -0.114691 1.239365
 33   14.298673 -0.408176 0.471578 0.000248 0.000063 -1.896136
 34   15.835795 0.581398 0.242756 -0.214735 0.106913 -0.097869
 35   -0.815868 -0.091229 -3.114430 0.066464 3.132818 -1.010216
 36   14.294526 -0.410349 -0.467541 0.000021 -0.000012 -2.607695
 37   15.834409 0.579420 -0.284600 -0.006092 -0.035255 0.214508
 38   1.139685 -3.453749 -2.823813 0.000000 0.000000 0.000001
 39   -4.457742 -1.054854 -0.746180 0.000000 0.000000 0.000000
 40   1.118101 -3.449769 3.237290 0.000000 0.000001 0.000000
 41   -4.433840 -1.059130 0.959566 -0.000001 0.000000 0.000000
 42   -0.657468 1.697302 -2.688614 0.000000 0.000002 0.000000
 43   -0.664068 1.698578 2.869377 0.000000 0.000002 0.000000
time 47
  0   -0.967547 0.175787 -20.574476 0.000000 0.000000 -1.572114
  1   -1.093036 0.000002 -0.326057 -1.832777 -1.570379 0.261511
  2   2.262337 0.113614 0.064702 0.056324 -0.093683 0.228963
  3   2.380047 0.353302 0.047440 -0.027977 -0.012828 0.235929
  4   2.033756 0.190472 -0.000128 -0.016737 -0.041275 -0.048197
  5   2.451511 0.204909 -0.003447 -0.254391 0.190619 -0.066483
  6   7.247600 -0.397300 -0.109469 0.056796 0.015841 0.258572
  7   -2.022252 -0.104661 3.136172 1.148481 -1.282357 -4.556649
  8   1.168026 -0.537438 -0.063437 -1.442370 0.602781 -1.560381
  9   6.790376 -0.619176 0.015206 0.087445 -0.041464 -0.858217
 10   8.637599 0.544015 -0.090417 -2.265648 0.027673 0.391768
 11   6.790465 -0.619039 0.017802 0.058021 -0.048064 -0.615823
 12   -2.022474 -0.104699 -2.873818 -2.545447 1.367401 -5.855501
 13   1.167898 -0.537463 0.063297 1.232575 -0.346824 -1.554623
 14   7.002743 -0.617765 -0.183752 -0.027326 -0.016558 -0.773159
 15   8.209042 0.615527 -0.255885 2.179036 0.590232 0.830128
 16   7.002735 -0.617911 -0.183641 -0.006229 -0.005263 -0.560031
 17   1.574674 0.609930 -0.000899 -0.132751 -0.150419 0.237984
 18   -0.602177 0.511412 -0.000006 0.000000 0.000000 0.000000
 19   3.673773 0.177020 1.119313 -0.000002 -0.000014 -0.174510
 20   3.673767 0.176993 -1.117566 0.000007 -0.000003 -0.174546
 21   3.942357 1.334540 1.627658 0.000002 -0.000011 -0.000026
 22   -0.246060 -0.011889 0.516521 -0.000011 0.000031 0.000025
 23   3.942374 1.334565 -1.631083 0.000019 0.000002 -0.000024
 24   -0.246150 -0.011872 -0.516511 -0.000005 -0.000006 0.000048
 25   4.941364 1.997338 1.629330 0.000018 -0.000001 -0.000024
 26   4.941382 1.997366 -1.629410 -0.000001 0.000005 -0.000024
 27   2.914462 1.619264 1.514501 -0.000019 -0.000022 -0.000050
 28   2.916892 1.618870 -1.501142 -0.000002 -0.000009 -0.000024
 29   8.824059 0.150544 0.091743 0.000006 -0.000231 -0.174534
 30   2.111085 -0.561179 1.784320 -0.000008 -0.000682 0.000024
 31   2.121290 -0.561289 -1.853599 0.000000 0.000000 -0.000002
 32   -0.814395 -0.093824 3.127092 3.071965 -0.114691 1.239365
 33   14.298673 -0.408176 0.471578 0.000248 0.000063 -1.896136
 34   15.835795 0.581398 0.242756 -0.214735 0.106913 -0.097869
 35   -0.815868 -0.091229 -3.114430 0.066464 3.132818 -1.010216
 36   14.294526 -0.410349 -0.467541 0.000021 -0.000012 -2.607695
 37   15.834409 0.579420 -0.284600 -0.006092 -0.035255 0.214508
 38   1.139685 -3.453749 -2.823813 0.000000 0.000000 0.000001
 39   -4.457742 -1.054854 -0.746180 0.000000 0.000000 0.000000
 40   1.118101 -3.449769 3.237290 0.000000 0.000001 0.000000
 41   -4.433840 -1.059130 0.959566 -0.000001 0.000000 0.000000
 42   -0.657468 1.697302 -2.688614 0.000000 0.000002 0.000000
 43   -0.664068 1.698578 2.869377 0.000000 0.000002 0.000000
end
