version 1
nodes
  0 "Bip01" -1
  1 "Bip01 Pelvis" 0
  2 "Bip01 Spine" 1
  3 "Bip01 Spine1" 2
  4 "Bip01 Spine2" 3
  5 "Bip01 Spine3" 4
  6 "Bip01 Neck" 5
  7 "Bip01 L Arm" 6
  8 "Bip01 L Arm1" 7
  9 "Bip01 L Arm2" 8
 10 "Bip01 L Hand" 9
 11 "Bip06 L elbow2-smooth" 8
 12 "Bip01 R Arm" 6
 13 "Bip01 R Arm1" 12
 14 "Bip01 R Arm2" 13
 15 "Bip01 R Hand" 14
 16 "Bip06 R elbow2-smooth" 13
 17 "Bip01 Head" 6
 18 "Bip06 Head_helper" 17
 19 "Bip06 Head_eyes_l" 18
 20 "Bip06 Head_eyes_r" 18
 21 "Bip06 Head_blink_l" 18
 22 "Bip06 Head_blink_smooth_l1" 21
 23 "Bip06 Head_blink_r" 18
 24 "Bip06 Head_blink_smooth_r1" 23
 25 "Bip06 Head_L_eyebrow" 18
 26 "Bip06 Head_R_eyebrow" 18
 27 "Bip06 Head_blink_l_lid" 18
 28 "Bip06 Head_blink_r_lid" 18
 29 "Bip06 bunny" 18
 30 "Bip06 bunnyL" 29
 31 "Bip06 bunnyR" 29
 32 "Bip01 L Leg" 1
 33 "Bip01 L Leg1" 32
 34 "Bip01 L Foot" 33
 35 "Bip01 R Leg" 1
 36 "Bip01 R Leg1" 35
 37 "Bip01 R Foot" 36
 38 "Bip03 HairR1" 17
 39 "Bip03 HairR2" 38
 40 "Bip03 HairL1" 17
 41 "Bip03 HairL2" 40
 42 "Bip03 swingR" 17
 43 "Bip03 swingL" 17
end
skeleton
time 0
  0   -0.967547 0.175787 -20.574476 0.000000 0.000000 -1.572114
  1   -1.093036 0.000002 -0.326057 -1.570756 -1.570425 -0.000219
  2   2.262337 0.113614 0.064702 -0.000052 0.000049 0.192424
  3   2.380047 0.353302 0.047440 0.000000 -0.000040 0.060910
  4   2.033756 0.190472 -0.000128 -0.171747 0.030057 0.171351
  5   2.451511 0.204909 -0.003447 -0.138715 0.014434 0.103433
  6   7.247600 -0.397300 -0.109469 0.000001 0.000009 0.052298
  7   -2.022252 -0.104661 3.136172 0.914587 -1.249868 -4.083686
  8   1.168026 -0.537438 -0.063437 0.405356 0.867133 -0.353689
  9   6.790376 -0.619176 0.015206 0.006944 -0.221796 -1.844804
 10   8.637599 0.544015 -0.090417 -1.156912 0.836107 -0.671982
 11   6.790465 -0.619039 0.017802 -0.035699 -0.173760 -1.300367
 12   -2.022474 -0.104699 -2.873818 0.839417 1.276005 -2.377323
 13   1.167898 -0.537463 0.063297 -1.142384 -1.002135 0.310029
 14   7.002743 -0.617765 -0.183752 0.000229 0.000250 -1.839129
 15   8.209042 0.615527 -0.255885 1.598132 0.255590 0.214623
 16   7.002735 -0.617911 -0.183641 0.013167 0.010300 -1.306017
 17   1.574674 0.609930 -0.000899 0.249415 -0.190392 0.382797
 18   -0.602177 0.511412 -0.000006 0.000000 0.000000 0.000000
 19   3.673773 0.177020 1.119313 -0.000002 -0.000014 -0.174510
 20   3.673767 0.176993 -1.117566 0.000007 -0.000003 -0.174546
 21   3.942357 1.334540 1.627658 0.000002 -0.000011 -0.000026
 22   -0.246060 -0.011889 0.516521 -0.000011 0.000031 0.000025
 23   3.942374 1.334565 -1.631083 0.000019 0.000002 -0.000024
 24   -0.246150 -0.011872 -0.516511 -0.000005 -0.000006 0.000048
 25   4.941364 1.997338 1.629330 0.000018 -0.000001 -0.000024
 26   4.941382 1.997366 -1.629410 -0.000001 0.000005 -0.000024
 27   2.914462 1.619264 1.514501 -0.000019 -0.000022 -0.000050
 28   2.916892 1.618870 -1.501142 -0.000002 -0.000009 -0.000024
 29   8.824059 0.150544 0.091743 0.000006 -0.000231 -0.174534
 30   2.111085 -0.561179 1.784320 -0.000008 -0.000682 0.000024
 31   2.121290 -0.561289 -1.853599 0.000000 0.000000 -0.000002
 32   -0.814395 -0.093824 3.127092 3.071685 -0.114787 1.239365
 33   14.298673 -0.408176 0.471578 0.000020 -0.000002 -1.896136
 34   15.835795 0.581398 0.242756 -0.214735 0.106913 -0.097869
 35   -0.815868 -0.091229 -3.114430 0.066464 3.132818 -1.010216
 36   14.294526 -0.410349 -0.467541 0.000009 -0.000036 -2.607695
 37   15.834409 0.579420 -0.284600 -0.006131 -0.035383 0.214508
 38   1.139685 -3.453749 -2.823813 0.000000 0.000000 0.000001
 39   -4.457742 -1.054854 -0.746180 0.000000 0.000000 0.000000
 40   1.118101 -3.449769 3.237290 0.000000 0.000001 0.000000
 41   -4.433840 -1.059130 0.959566 -0.000001 0.000000 0.000000
 42   -0.657468 1.697302 -2.688614 0.000000 0.000002 0.000000
 43   -0.664068 1.698578 2.869377 0.000000 0.000002 0.000000
time 1
  0   -0.967547 0.175787 -20.574476 0.000000 0.000000 -1.572114
  1   -1.093036 0.000002 -0.326057 -1.570756 -1.570425 -0.000219
  2   2.262337 0.113614 0.064702 -0.000052 0.000049 0.192424
  3   2.380047 0.353302 0.047440 0.000000 -0.000040 0.060910
  4   2.033756 0.190472 -0.000128 -0.171747 0.030057 0.171351
  5   2.451511 0.204909 -0.003447 -0.138715 0.014434 0.103433
  6   7.247600 -0.397300 -0.109469 0.000001 0.000009 0.052298
  7   -2.022252 -0.104661 3.136172 0.914587 -1.249868 -4.083686
  8   1.168026 -0.537438 -0.063437 0.204883 0.858479 -0.521139
  9   6.790376 -0.619176 0.015206 0.006888 -0.272785 -1.723829
 10   8.637599 0.544015 -0.090417 -1.490942 0.785919 -0.642176
 11   6.790465 -0.619039 0.017802 -0.042852 -0.209547 -1.213105
 12   -2.022474 -0.104699 -2.873818 0.839417 1.276005 -2.377323
 13   1.167898 -0.537463 0.063297 -1.142384 -1.002135 0.310029
 14   7.002743 -0.617765 -0.183752 0.000229 0.000250 -1.839129
 15   8.209042 0.615527 -0.255885 1.598132 0.255590 0.214623
 16   7.002735 -0.617911 -0.183641 0.013167 0.010300 -1.306017
 17   1.574674 0.609930 -0.000899 0.249415 -0.190392 0.382797
 18   -0.602177 0.511412 -0.000006 0.000000 0.000000 0.000000
 19   3.673773 0.177020 1.119313 -0.000002 -0.000014 -0.174510
 20   3.673767 0.176993 -1.117566 0.000007 -0.000003 -0.174546
 21   3.942357 1.334540 1.627658 0.000002 -0.000011 -0.000026
 22   -0.246060 -0.011889 0.516521 -0.000011 0.000031 0.000025
 23   3.942374 1.334565 -1.631083 0.000019 0.000002 -0.000024
 24   -0.246150 -0.011872 -0.516511 -0.000005 -0.000006 0.000048
 25   4.941364 1.997338 1.629330 0.000018 -0.000001 -0.000024
 26   4.941382 1.997366 -1.629410 -0.000001 0.000005 -0.000024
 27   2.914462 1.619264 1.514501 -0.000019 -0.000022 -0.000050
 28   2.916892 1.618870 -1.501142 -0.000002 -0.000009 -0.000024
 29   8.824059 0.150544 0.091743 0.000006 -0.000231 -0.174534
 30   2.111085 -0.561179 1.784320 -0.000008 -0.000682 0.000024
 31   2.121290 -0.561289 -1.853599 0.000000 0.000000 -0.000002
 32   -0.814395 -0.093824 3.127092 3.071685 -0.114787 1.239365
 33   14.298673 -0.408176 0.471578 0.000020 -0.000002 -1.896136
 34   15.835795 0.581398 0.242756 -0.214735 0.106913 -0.097869
 35   -0.815868 -0.091229 -3.114430 0.066464 3.132818 -1.010216
 36   14.294526 -0.410349 -0.467541 0.000009 -0.000036 -2.607695
 37   15.834409 0.579420 -0.284600 -0.006131 -0.035383 0.214508
 38   1.139685 -3.453749 -2.823813 0.000000 0.000000 0.000001
 39   -4.457742 -1.054854 -0.746180 0.000000 0.000000 0.000000
 40   1.118101 -3.449769 3.237290 0.000000 0.000001 0.000000
 41   -4.433840 -1.059130 0.959566 -0.000001 0.000000 0.000000
 42   -0.657468 1.697302 -2.688614 0.000000 0.000002 0.000000
 43   -0.664068 1.698578 2.869377 0.000000 0.000002 0.000000
time 2
  0   -0.967547 0.175787 -20.574476 0.000000 0.000000 -1.572114
  1   -1.093036 0.000002 -0.326057 -1.570756 -1.570425 -0.000219
  2   2.262337 0.113614 0.064702 -0.000052 0.000049 0.192424
  3   2.380047 0.353302 0.047440 0.000000 -0.000040 0.060910
  4   2.033756 0.190472 -0.000128 -0.171747 0.030057 0.171351
  5   2.451511 0.204909 -0.003447 -0.138715 0.014434 0.103433
  6   7.247600 -0.397300 -0.109469 0.000001 0.000009 0.052298
  7   -2.022252 -0.104661 3.136172 0.914587 -1.249868 -4.083686
  8   1.168026 -0.537438 -0.063437 0.014219 0.828592 -0.679353
  9   6.790376 -0.619176 0.015206 0.000342 -0.323241 -1.600968
 10   8.637599 0.544015 -0.090417 -1.810970 0.744740 -0.593054
 11   6.790465 -0.619039 0.017802 -0.053216 -0.243572 -1.124574
 12   -2.022474 -0.104699 -2.873818 0.839417 1.276005 -2.377323
 13   1.167898 -0.537463 0.063297 -1.142384 -1.002135 0.310029
 14   7.002743 -0.617765 -0.183752 0.000229 0.000250 -1.839129
 15   8.209042 0.615527 -0.255885 1.598132 0.255590 0.214623
 16   7.002735 -0.617911 -0.183641 0.013167 0.010300 -1.306017
 17   1.574674 0.609930 -0.000899 0.249415 -0.190392 0.382797
 18   -0.602177 0.511412 -0.000006 0.000000 0.000000 0.000000
 19   3.673773 0.177020 1.119313 -0.000002 -0.000014 -0.174510
 20   3.673767 0.176993 -1.117566 0.000007 -0.000003 -0.174546
 21   3.942357 1.334540 1.627658 0.000002 -0.000011 -0.000026
 22   -0.246060 -0.011889 0.516521 -0.000011 0.000031 0.000025
 23   3.942374 1.334565 -1.631083 0.000019 0.000002 -0.000024
 24   -0.246150 -0.011872 -0.516511 -0.000005 -0.000006 0.000048
 25   4.941364 1.997338 1.629330 0.000018 -0.000001 -0.000024
 26   4.941382 1.997366 -1.629410 -0.000001 0.000005 -0.000024
 27   2.914462 1.619264 1.514501 -0.000019 -0.000022 -0.000050
 28   2.916892 1.618870 -1.501142 -0.000002 -0.000009 -0.000024
 29   8.824059 0.150544 0.091743 0.000006 -0.000231 -0.174534
 30   2.111085 -0.561179 1.784320 -0.000008 -0.000682 0.000024
 31   2.121290 -0.561289 -1.853599 0.000000 0.000000 -0.000002
 32   -0.814395 -0.093824 3.127092 3.071685 -0.114787 1.239365
 33   14.298673 -0.408176 0.471578 0.000020 -0.000002 -1.896136
 34   15.835795 0.581398 0.242756 -0.214735 0.106913 -0.097869
 35   -0.815868 -0.091229 -3.114430 0.066464 3.132818 -1.010216
 36   14.294526 -0.410349 -0.467541 0.000009 -0.000036 -2.607695
 37   15.834409 0.579420 -0.284600 -0.006131 -0.035383 0.214508
 38   1.139685 -3.453749 -2.823813 0.000000 0.000000 0.000001
 39   -4.457742 -1.054854 -0.746180 0.000000 0.000000 0.000000
 40   1.118101 -3.449769 3.237290 0.000000 0.000001 0.000000
 41   -4.433840 -1.059130 0.959566 -0.000001 0.000000 0.000000
 42   -0.657468 1.697302 -2.688614 0.000000 0.000002 0.000000
 43   -0.664068 1.698578 2.869377 0.000000 0.000002 0.000000
time 3
  0   -0.967547 0.175787 -20.574476 0.000000 0.000000 -1.572114
  1   -1.093036 0.000002 -0.326057 -1.570756 -1.570425 -0.000219
  2   2.262337 0.113614 0.064702 -0.000052 0.000049 0.192424
  3   2.380047 0.353302 0.047440 0.000000 -0.000040 0.060910
  4   2.033756 0.190472 -0.000128 -0.171747 0.030057 0.171351
  5   2.451511 0.204909 -0.003447 -0.138715 0.014434 0.103433
  6   7.247600 -0.397300 -0.109469 0.000001 0.000009 0.052298
  7   -2.022252 -0.104661 3.136172 0.914587 -1.249868 -4.083686
  8   1.168026 -0.537438 -0.063437 -0.160308 0.780190 -0.820234
  9   6.790376 -0.619176 0.015206 -0.012474 -0.372762 -1.475315
 10   8.637599 0.544015 -0.090417 -2.124392 0.716866 -0.530260
 11   6.790465 -0.619039 0.017802 -0.066501 -0.275920 -1.034428
 12   -2.022474 -0.104699 -2.873818 0.839417 1.276005 -2.377323
 13   1.167898 -0.537463 0.063297 -1.142384 -1.002135 0.310029
 14   7.002743 -0.617765 -0.183752 0.000229 0.000250 -1.839129
 15   8.209042 0.615527 -0.255885 1.598132 0.255590 0.214623
 16   7.002735 -0.617911 -0.183641 0.013167 0.010300 -1.306017
 17   1.574674 0.609930 -0.000899 0.249415 -0.190392 0.382797
 18   -0.602177 0.511412 -0.000006 0.000000 0.000000 0.000000
 19   3.673773 0.177020 1.119313 -0.000002 -0.000014 -0.174510
 20   3.673767 0.176993 -1.117566 0.000007 -0.000003 -0.174546
 21   3.942357 1.334540 1.627658 0.000002 -0.000011 -0.000026
 22   -0.246060 -0.011889 0.516521 -0.000011 0.000031 0.000025
 23   3.942374 1.334565 -1.631083 0.000019 0.000002 -0.000024
 24   -0.246150 -0.011872 -0.516511 -0.000005 -0.000006 0.000048
 25   4.941364 1.997338 1.629330 0.000018 -0.000001 -0.000024
 26   4.941382 1.997366 -1.629410 -0.000001 0.000005 -0.000024
 27   2.914462 1.619264 1.514501 -0.000019 -0.000022 -0.000050
 28   2.916892 1.618870 -1.501142 -0.000002 -0.000009 -0.000024
 29   8.824059 0.150544 0.091743 0.000006 -0.000231 -0.174534
 30   2.111085 -0.561179 1.784320 -0.000008 -0.000682 0.000024
 31   2.121290 -0.561289 -1.853599 0.000000 0.000000 -0.000002
 32   -0.814395 -0.093824 3.127092 3.071685 -0.114787 1.239365
 33   14.298673 -0.408176 0.471578 0.000020 -0.000002 -1.896136
 34   15.835795 0.581398 0.242756 -0.214735 0.106913 -0.097869
 35   -0.815868 -0.091229 -3.114430 0.066464 3.132818 -1.010216
 36   14.294526 -0.410349 -0.467541 0.000009 -0.000036 -2.607695
 37   15.834409 0.579420 -0.284600 -0.006131 -0.035383 0.214508
 38   1.139685 -3.453749 -2.823813 0.000000 0.000000 0.000001
 39   -4.457742 -1.054854 -0.746180 0.000000 0.000000 0.000000
 40   1.118101 -3.449769 3.237290 0.000000 0.000001 0.000000
 41   -4.433840 -1.059130 0.959566 -0.000001 0.000000 0.000000
 42   -0.657468 1.697302 -2.688614 0.000000 0.000002 0.000000
 43   -0.664068 1.698578 2.869377 0.000000 0.000002 0.000000
time 4
  0   -0.967547 0.175787 -20.574476 0.000000 0.000000 -1.572114
  1   -1.093036 0.000002 -0.326057 -1.570756 -1.570425 -0.000219
  2   2.262337 0.113614 0.064702 -0.000052 0.000049 0.192424
  3   2.380047 0.353302 0.047440 0.000000 -0.000040 0.060910
  4   2.033756 0.190472 -0.000128 -0.171747 0.030057 0.171351
  5   2.451511 0.204909 -0.003447 -0.138715 0.014434 0.103433
  6   7.247600 -0.397300 -0.109469 0.000001 0.000009 0.052298
  7   -2.022252 -0.104661 3.136172 0.914587 -1.249868 -4.083686
  8   1.168026 -0.537438 -0.063437 -0.315662 0.716341 -0.941441
  9   6.790376 -0.619176 0.015206 -0.032724 -0.420147 -1.346416
 10   8.637599 0.544015 -0.090417 -2.434116 0.704618 -0.460158
 11   6.790465 -0.619039 0.017802 -0.082880 -0.305937 -0.942955
 12   -2.022474 -0.104699 -2.873818 0.839417 1.276005 -2.377323
 13   1.167898 -0.537463 0.063297 -1.142384 -1.002135 0.310029
 14   7.002743 -0.617765 -0.183752 0.000229 0.000250 -1.839129
 15   8.209042 0.615527 -0.255885 1.598132 0.255590 0.214623
 16   7.002735 -0.617911 -0.183641 0.013167 0.010300 -1.306017
 17   1.574674 0.609930 -0.000899 0.249415 -0.190392 0.382797
 18   -0.602177 0.511412 -0.000006 0.000000 0.000000 0.000000
 19   3.673773 0.177020 1.119313 -0.000002 -0.000014 -0.174510
 20   3.673767 0.176993 -1.117566 0.000007 -0.000003 -0.174546
 21   3.942357 1.334540 1.627658 0.000002 -0.000011 -0.000026
 22   -0.246060 -0.011889 0.516521 -0.000011 0.000031 0.000025
 23   3.942374 1.334565 -1.631083 0.000019 0.000002 -0.000024
 24   -0.246150 -0.011872 -0.516511 -0.000005 -0.000006 0.000048
 25   4.941364 1.997338 1.629330 0.000018 -0.000001 -0.000024
 26   4.941382 1.997366 -1.629410 -0.000001 0.000005 -0.000024
 27   2.914462 1.619264 1.514501 -0.000019 -0.000022 -0.000050
 28   2.916892 1.618870 -1.501142 -0.000002 -0.000009 -0.000024
 29   8.824059 0.150544 0.091743 0.000006 -0.000231 -0.174534
 30   2.111085 -0.561179 1.784320 -0.000008 -0.000682 0.000024
 31   2.121290 -0.561289 -1.853599 0.000000 0.000000 -0.000002
 32   -0.814395 -0.093824 3.127092 3.071685 -0.114787 1.239365
 33   14.298673 -0.408176 0.471578 0.000020 -0.000002 -1.896136
 34   15.835795 0.581398 0.242756 -0.214735 0.106913 -0.097869
 35   -0.815868 -0.091229 -3.114430 0.066464 3.132818 -1.010216
 36   14.294526 -0.410349 -0.467541 0.000009 -0.000036 -2.607695
 37   15.834409 0.579420 -0.284600 -0.006131 -0.035383 0.214508
 38   1.139685 -3.453749 -2.823813 0.000000 0.000000 0.000001
 39   -4.457742 -1.054854 -0.746180 0.000000 0.000000 0.000000
 40   1.118101 -3.449769 3.237290 0.000000 0.000001 0.000000
 41   -4.433840 -1.059130 0.959566 -0.000001 0.000000 0.000000
 42   -0.657468 1.697302 -2.688614 0.000000 0.000002 0.000000
 43   -0.664068 1.698578 2.869377 0.000000 0.000002 0.000000
time 5
  0   -0.967547 0.175787 -20.574476 0.000000 0.000000 -1.572114
  1   -1.093036 0.000002 -0.326057 -1.570756 -1.570425 -0.000219
  2   2.262337 0.113614 0.064702 -0.000052 0.000049 0.192424
  3   2.380047 0.353302 0.047440 0.000000 -0.000040 0.060910
  4   2.033756 0.190472 -0.000128 -0.171747 0.030057 0.171351
  5   2.451511 0.204909 -0.003447 -0.138715 0.014434 0.103433
  6   7.247600 -0.397300 -0.109469 0.000001 0.000009 0.052298
  7   -2.022252 -0.104661 3.136172 0.914587 -1.249868 -4.083686
  8   1.168026 -0.537438 -0.063437 -0.452094 0.640567 -1.041899
  9   6.790376 -0.619176 0.015206 -0.059965 -0.464797 -1.213669
 10   8.637599 0.544015 -0.090417 -2.743136 0.708912 -0.388971
 11   6.790465 -0.619039 0.017802 -0.102091 -0.333709 -0.849810
 12   -2.022474 -0.104699 -2.873818 0.839417 1.276005 -2.377323
 13   1.167898 -0.537463 0.063297 -1.142384 -1.002135 0.310029
 14   7.002743 -0.617765 -0.183752 0.000229 0.000250 -1.839129
 15   8.209042 0.615527 -0.255885 1.598132 0.255590 0.214623
 16   7.002735 -0.617911 -0.183641 0.013167 0.010300 -1.306017
 17   1.574674 0.609930 -0.000899 0.249415 -0.190392 0.382797
 18   -0.602177 0.511412 -0.000006 0.000000 0.000000 0.000000
 19   3.673773 0.177020 1.119313 -0.000002 -0.000014 -0.174510
 20   3.673767 0.176993 -1.117566 0.000007 -0.000003 -0.174546
 21   3.942357 1.334540 1.627658 0.000002 -0.000011 -0.000026
 22   -0.246060 -0.011889 0.516521 -0.000011 0.000031 0.000025
 23   3.942374 1.334565 -1.631083 0.000019 0.000002 -0.000024
 24   -0.246150 -0.011872 -0.516511 -0.000005 -0.000006 0.000048
 25   4.941364 1.997338 1.629330 0.000018 -0.000001 -0.000024
 26   4.941382 1.997366 -1.629410 -0.000001 0.000005 -0.000024
 27   2.914462 1.619264 1.514501 -0.000019 -0.000022 -0.000050
 28   2.916892 1.618870 -1.501142 -0.000002 -0.000009 -0.000024
 29   8.824059 0.150544 0.091743 0.000006 -0.000231 -0.174534
 30   2.111085 -0.561179 1.784320 -0.000008 -0.000682 0.000024
 31   2.121290 -0.561289 -1.853599 0.000000 0.000000 -0.000002
 32   -0.814395 -0.093824 3.127092 3.071685 -0.114787 1.239365
 33   14.298673 -0.408176 0.471578 0.000020 -0.000002 -1.896136
 34   15.835795 0.581398 0.242756 -0.214735 0.106913 -0.097869
 35   -0.815868 -0.091229 -3.114430 0.066464 3.132818 -1.010216
 36   14.294526 -0.410349 -0.467541 0.000009 -0.000036 -2.607695
 37   15.834409 0.579420 -0.284600 -0.006131 -0.035383 0.214508
 38   1.139685 -3.453749 -2.823813 0.000000 0.000000 0.000001
 39   -4.457742 -1.054854 -0.746180 0.000000 0.000000 0.000000
 40   1.118101 -3.449769 3.237290 0.000000 0.000001 0.000000
 41   -4.433840 -1.059130 0.959566 -0.000001 0.000000 0.000000
 42   -0.657468 1.697302 -2.688614 0.000000 0.000002 0.000000
 43   -0.664068 1.698578 2.869377 0.000000 0.000002 0.000000
time 6
  0   -0.967547 0.175787 -20.574476 0.000000 0.000000 -1.572114
  1   -1.093036 0.000002 -0.326057 -1.570756 -1.570425 -0.000219
  2   2.262337 0.113614 0.064702 -0.000052 0.000049 0.192424
  3   2.380047 0.353302 0.047440 0.000000 -0.000040 0.060910
  4   2.033756 0.190472 -0.000128 -0.171747 0.030057 0.171351
  5   2.451511 0.204909 -0.003447 -0.138715 0.014434 0.103433
  6   7.247600 -0.397300 -0.109469 0.000001 0.000009 0.052298
  7   -2.022252 -0.104661 3.136172 0.914587 -1.249868 -4.083686
  8   1.168026 -0.537438 -0.063437 -0.352617 0.798756 -0.852371
  9   6.790376 -0.619176 0.015206 -0.059965 -0.464797 -1.271855
 10   8.637599 0.544015 -0.090417 -2.512406 0.626977 -0.257522
 11   6.790465 -0.619039 0.017802 -0.105127 -0.333794 -0.889664
 12   -2.022474 -0.104699 -2.873818 0.839417 1.276005 -2.377323
 13   1.167898 -0.537463 0.063297 -1.142384 -1.002135 0.310029
 14   7.002743 -0.617765 -0.183752 0.000229 0.000250 -1.839129
 15   8.209042 0.615527 -0.255885 1.598132 0.255590 0.214623
 16   7.002735 -0.617911 -0.183641 0.013167 0.010300 -1.306017
 17   1.574674 0.609930 -0.000899 0.249415 -0.190392 0.382797
 18   -0.602177 0.511412 -0.000006 0.000000 0.000000 0.000000
 19   3.673773 0.177020 1.119313 -0.000002 -0.000014 -0.174510
 20   3.673767 0.176993 -1.117566 0.000007 -0.000003 -0.174546
 21   3.942357 1.334540 1.627658 0.000002 -0.000011 -0.000026
 22   -0.246060 -0.011889 0.516521 -0.000011 0.000031 0.000025
 23   3.942374 1.334565 -1.631083 0.000019 0.000002 -0.000024
 24   -0.246150 -0.011872 -0.516511 -0.000005 -0.000006 0.000048
 25   4.941364 1.997338 1.629330 0.000018 -0.000001 -0.000024
 26   4.941382 1.997366 -1.629410 -0.000001 0.000005 -0.000024
 27   2.914462 1.619264 1.514501 -0.000019 -0.000022 -0.000050
 28   2.916892 1.618870 -1.501142 -0.000002 -0.000009 -0.000024
 29   8.824059 0.150544 0.091743 0.000006 -0.000231 -0.174534
 30   2.111085 -0.561179 1.784320 -0.000008 -0.000682 0.000024
 31   2.121290 -0.561289 -1.853599 0.000000 0.000000 -0.000002
 32   -0.814395 -0.093824 3.127092 3.071685 -0.114787 1.239365
 33   14.298673 -0.408176 0.471578 0.000020 -0.000002 -1.896136
 34   15.835795 0.581398 0.242756 -0.214735 0.106913 -0.097869
 35   -0.815868 -0.091229 -3.114430 0.066464 3.132818 -1.010216
 36   14.294526 -0.410349 -0.467541 0.000009 -0.000036 -2.607695
 37   15.834409 0.579420 -0.284600 -0.006131 -0.035383 0.214508
 38   1.139685 -3.453749 -2.823813 0.000000 0.000000 0.000001
 39   -4.457742 -1.054854 -0.746180 0.000000 0.000000 0.000000
 40   1.118101 -3.449769 3.237290 0.000000 0.000001 0.000000
 41   -4.433840 -1.059130 0.959566 -0.000001 0.000000 0.000000
 42   -0.657468 1.697302 -2.688614 0.000000 0.000002 0.000000
 43   -0.664068 1.698578 2.869377 0.000000 0.000002 0.000000
time 7
  0   -0.967547 0.175787 -20.574476 0.000000 0.000000 -1.572114
  1   -1.093036 0.000002 -0.326057 -1.570756 -1.570425 -0.000219
  2   2.262337 0.113614 0.064702 -0.000052 0.000049 0.192424
  3   2.380047 0.353302 0.047440 0.000000 -0.000040 0.060910
  4   2.033756 0.190472 -0.000128 -0.171747 0.030057 0.171351
  5   2.451511 0.204909 -0.003447 -0.138715 0.014434 0.103433
  6   7.247600 -0.397300 -0.109469 0.000001 0.000009 0.052298
  7   -2.022252 -0.104661 3.136172 0.914587 -1.249868 -4.083686
  8   1.168026 -0.537438 -0.063437 -0.185810 0.936919 -0.601037
  9   6.790376 -0.619176 0.015206 -0.059965 -0.464797 -1.330115
 10   8.637599 0.544015 -0.090417 -2.308976 0.524559 -0.158989
 11   6.790465 -0.619039 0.017802 -0.108251 -0.333908 -0.929402
 12   -2.022474 -0.104699 -2.873818 0.839417 1.276005 -2.377323
 13   1.167898 -0.537463 0.063297 -1.142384 -1.002135 0.310029
 14   7.002743 -0.617765 -0.183752 0.000229 0.000250 -1.839129
 15   8.209042 0.615527 -0.255885 1.598132 0.255590 0.214623
 16   7.002735 -0.617911 -0.183641 0.013167 0.010300 -1.306017
 17   1.574674 0.609930 -0.000899 0.249415 -0.190392 0.382797
 18   -0.602177 0.511412 -0.000006 0.000000 0.000000 0.000000
 19   3.673773 0.177020 1.119313 -0.000002 -0.000014 -0.174510
 20   3.673767 0.176993 -1.117566 0.000007 -0.000003 -0.174546
 21   3.942357 1.334540 1.627658 0.000002 -0.000011 -0.000026
 22   -0.246060 -0.011889 0.516521 -0.000011 0.000031 0.000025
 23   3.942374 1.334565 -1.631083 0.000019 0.000002 -0.000024
 24   -0.246150 -0.011872 -0.516511 -0.000005 -0.000006 0.000048
 25   4.941364 1.997338 1.629330 0.000018 -0.000001 -0.000024
 26   4.941382 1.997366 -1.629410 -0.000001 0.000005 -0.000024
 27   2.914462 1.619264 1.514501 -0.000019 -0.000022 -0.000050
 28   2.916892 1.618870 -1.501142 -0.000002 -0.000009 -0.000024
 29   8.824059 0.150544 0.091743 0.000006 -0.000231 -0.174534
 30   2.111085 -0.561179 1.784320 -0.000008 -0.000682 0.000024
 31   2.121290 -0.561289 -1.853599 0.000000 0.000000 -0.000002
 32   -0.814395 -0.093824 3.127092 3.071685 -0.114787 1.239365
 33   14.298673 -0.408176 0.471578 0.000020 -0.000002 -1.896136
 34   15.835795 0.581398 0.242756 -0.214735 0.106913 -0.097869
 35   -0.815868 -0.091229 -3.114430 0.066464 3.132818 -1.010216
 36   14.294526 -0.410349 -0.467541 0.000009 -0.000036 -2.607695
 37   15.834409 0.579420 -0.284600 -0.006131 -0.035383 0.214508
 38   1.139685 -3.453749 -2.823813 0.000000 0.000000 0.000001
 39   -4.457742 -1.054854 -0.746180 0.000000 0.000000 0.000000
 40   1.118101 -3.449769 3.237290 0.000000 0.000001 0.000000
 41   -4.433840 -1.059130 0.959566 -0.000001 0.000000 0.000000
 42   -0.657468 1.697302 -2.688614 0.000000 0.000002 0.000000
 43   -0.664068 1.698578 2.869377 0.000000 0.000002 0.000000
time 8
  0   -0.967547 0.175787 -20.574476 0.000000 0.000000 -1.572114
  1   -1.093036 0.000002 -0.326057 -1.570756 -1.570425 -0.000219
  2   2.262337 0.113614 0.064702 -0.000052 0.000049 0.192424
  3   2.380047 0.353302 0.047440 0.000000 -0.000040 0.060910
  4   2.033756 0.190472 -0.000128 -0.171747 0.030057 0.171351
  5   2.451511 0.204909 -0.003447 -0.138715 0.014434 0.103433
  6   7.247600 -0.397300 -0.109469 0.000001 0.000009 0.052298
  7   -2.022252 -0.104661 3.136172 0.914587 -1.249868 -4.083686
  8   1.168026 -0.537438 -0.063437 0.074716 1.038453 -0.258482
  9   6.790376 -0.619176 0.015206 -0.059965 -0.464797 -1.388376
 10   8.637599 0.544015 -0.090417 -2.129060 0.407922 -0.090117
 11   6.790465 -0.619039 0.017802 -0.111375 -0.334021 -0.969255
 12   -2.022474 -0.104699 -2.873818 0.839417 1.276005 -2.377323
 13   1.167898 -0.537463 0.063297 -1.142384 -1.002135 0.310029
 14   7.002743 -0.617765 -0.183752 0.000229 0.000250 -1.839129
 15   8.209042 0.615527 -0.255885 1.598132 0.255590 0.214623
 16   7.002735 -0.617911 -0.183641 0.013167 0.010300 -1.306017
 17   1.574674 0.609930 -0.000899 0.249415 -0.190392 0.382797
 18   -0.602177 0.511412 -0.000006 0.000000 0.000000 0.000000
 19   3.673773 0.177020 1.119313 -0.000002 -0.000014 -0.174510
 20   3.673767 0.176993 -1.117566 0.000007 -0.000003 -0.174546
 21   3.942357 1.334540 1.627658 0.000002 -0.000011 -0.000026
 22   -0.246060 -0.011889 0.516521 -0.000011 0.000031 0.000025
 23   3.942374 1.334565 -1.631083 0.000019 0.000002 -0.000024
 24   -0.246150 -0.011872 -0.516511 -0.000005 -0.000006 0.000048
 25   4.941364 1.997338 1.629330 0.000018 -0.000001 -0.000024
 26   4.941382 1.997366 -1.629410 -0.000001 0.000005 -0.000024
 27   2.914462 1.619264 1.514501 -0.000019 -0.000022 -0.000050
 28   2.916892 1.618870 -1.501142 -0.000002 -0.000009 -0.000024
 29   8.824059 0.150544 0.091743 0.000006 -0.000231 -0.174534
 30   2.111085 -0.561179 1.784320 -0.000008 -0.000682 0.000024
 31   2.121290 -0.561289 -1.853599 0.000000 0.000000 -0.000002
 32   -0.814395 -0.093824 3.127092 3.071685 -0.114787 1.239365
 33   14.298673 -0.408176 0.471578 0.000020 -0.000002 -1.896136
 34   15.835795 0.581398 0.242756 -0.214735 0.106913 -0.097869
 35   -0.815868 -0.091229 -3.114430 0.066464 3.132818 -1.010216
 36   14.294526 -0.410349 -0.467541 0.000009 -0.000036 -2.607695
 37   15.834409 0.579420 -0.284600 -0.006131 -0.035383 0.214508
 38   1.139685 -3.453749 -2.823813 0.000000 0.000000 0.000001
 39   -4.457742 -1.054854 -0.746180 0.000000 0.000000 0.000000
 40   1.118101 -3.449769 3.237290 0.000000 0.000001 0.000000
 41   -4.433840 -1.059130 0.959566 -0.000001 0.000000 0.000000
 42   -0.657468 1.697302 -2.688614 0.000000 0.000002 0.000000
 43   -0.664068 1.698578 2.869377 0.000000 0.000002 0.000000
time 9
  0   -0.967547 0.175787 -20.574476 0.000000 0.000000 -1.572114
  1   -1.093036 0.000002 -0.326057 -1.570756 -1.570425 -0.000219
  2   2.262337 0.113614 0.064702 -0.000052 0.000049 0.192424
  3   2.380047 0.353302 0.047440 0.000000 -0.000040 0.060910
  4   2.033756 0.190472 -0.000128 -0.171747 0.030057 0.171351
  5   2.451511 0.204909 -0.003447 -0.138715 0.014434 0.103433
  6   7.247600 -0.397300 -0.109469 0.000001 0.000009 0.052298
  7   -2.022252 -0.104661 3.136172 0.914587 -1.249868 -4.083686
  8   1.168026 -0.537438 -0.063437 0.418012 1.094654 -0.026949
  9   6.790376 -0.619176 0.015206 -0.059965 -0.464797 -1.446411
 10   8.637599 0.544015 -0.090417 -1.964907 0.282487 -0.045842
 11   6.790465 -0.619039 0.017802 -0.114499 -0.334192 -1.009051
 12   -2.022474 -0.104699 -2.873818 0.839417 1.276005 -2.377323
 13   1.167898 -0.537463 0.063297 -1.142384 -1.002135 0.310029
 14   7.002743 -0.617765 -0.183752 0.000229 0.000250 -1.839129
 15   8.209042 0.615527 -0.255885 1.598132 0.255590 0.214623
 16   7.002735 -0.617911 -0.183641 0.013167 0.010300 -1.306017
 17   1.574674 0.609930 -0.000899 0.249415 -0.190392 0.382797
 18   -0.602177 0.511412 -0.000006 0.000000 0.000000 0.000000
 19   3.673773 0.177020 1.119313 -0.000002 -0.000014 -0.174510
 20   3.673767 0.176993 -1.117566 0.000007 -0.000003 -0.174546
 21   3.942357 1.334540 1.627658 0.000002 -0.000011 -0.000026
 22   -0.246060 -0.011889 0.516521 -0.000011 0.000031 0.000025
 23   3.942374 1.334565 -1.631083 0.000019 0.000002 -0.000024
 24   -0.246150 -0.011872 -0.516511 -0.000005 -0.000006 0.000048
 25   4.941364 1.997338 1.629330 0.000018 -0.000001 -0.000024
 26   4.941382 1.997366 -1.629410 -0.000001 0.000005 -0.000024
 27   2.914462 1.619264 1.514501 -0.000019 -0.000022 -0.000050
 28   2.916892 1.618870 -1.501142 -0.000002 -0.000009 -0.000024
 29   8.824059 0.150544 0.091743 0.000006 -0.000231 -0.174534
 30   2.111085 -0.561179 1.784320 -0.000008 -0.000682 0.000024
 31   2.121290 -0.561289 -1.853599 0.000000 0.000000 -0.000002
 32   -0.814395 -0.093824 3.127092 3.071685 -0.114787 1.239365
 33   14.298673 -0.408176 0.471578 0.000020 -0.000002 -1.896136
 34   15.835795 0.581398 0.242756 -0.214735 0.106913 -0.097869
 35   -0.815868 -0.091229 -3.114430 0.066464 3.132818 -1.010216
 36   14.294526 -0.410349 -0.467541 0.000009 -0.000036 -2.607695
 37   15.834409 0.579420 -0.284600 -0.006131 -0.035383 0.214508
 38   1.139685 -3.453749 -2.823813 0.000000 0.000000 0.000001
 39   -4.457742 -1.054854 -0.746180 0.000000 0.000000 0.000000
 40   1.118101 -3.449769 3.237290 0.000000 0.000001 0.000000
 41   -4.433840 -1.059130 0.959566 -0.000001 0.000000 0.000000
 42   -0.657468 1.697302 -2.688614 0.000000 0.000002 0.000000
 43   -0.664068 1.698578 2.869377 0.000000 0.000002 0.000000
time 10
  0   -0.967547 0.175787 -20.574476 0.000000 0.000000 -1.572114
  1   -1.093036 0.000002 -0.326057 -1.570756 -1.570425 -0.000219
  2   2.262337 0.113614 0.064702 -0.000052 0.000049 0.192424
  3   2.380047 0.353302 0.047440 0.000000 -0.000040 0.060910
  4   2.033756 0.190472 -0.000128 -0.171747 0.030057 0.171351
  5   2.451511 0.204909 -0.003447 -0.138715 0.014434 0.103433
  6   7.247600 -0.397300 -0.109469 0.000001 0.000009 0.052298
  7   -2.022252 -0.104661 3.136172 0.914587 -1.249868 -4.083686
  8   1.168026 -0.537438 -0.063437 0.805162 1.107132 0.248424
  9   6.790376 -0.619176 0.015206 -0.059965 -0.464797 -1.504521
 10   8.637599 0.544015 -0.090417 -1.811058 0.152687 -0.025079
 11   6.790465 -0.619039 0.017802 -0.117652 -0.334334 -1.048673
 12   -2.022474 -0.104699 -2.873818 0.839417 1.276005 -2.377323
 13   1.167898 -0.537463 0.063297 -1.142384 -1.002135 0.310029
 14   7.002743 -0.617765 -0.183752 0.000229 0.000250 -1.839129
 15   8.209042 0.615527 -0.255885 1.598132 0.255590 0.214623
 16   7.002735 -0.617911 -0.183641 0.013167 0.010300 -1.306017
 17   1.574674 0.609930 -0.000899 0.249415 -0.190392 0.382797
 18   -0.602177 0.511412 -0.000006 0.000000 0.000000 0.000000
 19   3.673773 0.177020 1.119313 -0.000002 -0.000014 -0.174510
 20   3.673767 0.176993 -1.117566 0.000007 -0.000003 -0.174546
 21   3.942357 1.334540 1.627658 0.000002 -0.000011 -0.000026
 22   -0.246060 -0.011889 0.516521 -0.000011 0.000031 0.000025
 23   3.942374 1.334565 -1.631083 0.000019 0.000002 -0.000024
 24   -0.246150 -0.011872 -0.516511 -0.000005 -0.000006 0.000048
 25   4.941364 1.997338 1.629330 0.000018 -0.000001 -0.000024
 26   4.941382 1.997366 -1.629410 -0.000001 0.000005 -0.000024
 27   2.914462 1.619264 1.514501 -0.000019 -0.000022 -0.000050
 28   2.916892 1.618870 -1.501142 -0.000002 -0.000009 -0.000024
 29   8.824059 0.150544 0.091743 0.000006 -0.000231 -0.174534
 30   2.111085 -0.561179 1.784320 -0.000008 -0.000682 0.000024
 31   2.121290 -0.561289 -1.853599 0.000000 0.000000 -0.000002
 32   -0.814395 -0.093824 3.127092 3.071685 -0.114787 1.239365
 33   14.298673 -0.408176 0.471578 0.000020 -0.000002 -1.896136
 34   15.835795 0.581398 0.242756 -0.214735 0.106913 -0.097869
 35   -0.815868 -0.091229 -3.114430 0.066464 3.132818 -1.010216
 36   14.294526 -0.410349 -0.467541 0.000009 -0.000036 -2.607695
 37   15.834409 0.579420 -0.284600 -0.006131 -0.035383 0.214508
 38   1.139685 -3.453749 -2.823813 0.000000 0.000000 0.000001
 39   -4.457742 -1.054854 -0.746180 0.000000 0.000000 0.000000
 40   1.118101 -3.449769 3.237290 0.000000 0.000001 0.000000
 41   -4.433840 -1.059130 0.959566 -0.000001 0.000000 0.000000
 42   -0.657468 1.697302 -2.688614 0.000000 0.000002 0.000000
 43   -0.664068 1.698578 2.869377 0.000000 0.000002 0.000000
time 11
  0   -0.967547 0.175787 -20.574476 0.000000 0.000000 -1.572114
  1   -1.093036 0.000002 -0.326057 -1.570756 -1.570425 -0.000219
  2   2.262337 0.113614 0.064702 -0.000052 0.000049 0.192424
  3   2.380047 0.353302 0.047440 0.000000 -0.000040 0.060910
  4   2.033756 0.190472 -0.000128 -0.171747 0.030057 0.171351
  5   2.451511 0.204909 -0.003447 -0.138715 0.014434 0.103433
  6   7.247600 -0.397300 -0.109469 0.000001 0.000009 0.052298
  7   -2.022252 -0.104661 3.136172 0.914587 -1.249868 -4.083686
  8   1.168026 -0.537438 -0.063437 1.177061 1.072063 0.508867
  9   6.790376 -0.619176 0.015206 -0.059965 -0.464797 -1.563008
 10   8.637599 0.544015 -0.090417 -1.661700 0.020986 -0.023777
 11   6.790465 -0.619039 0.017802 -0.120893 -0.334562 -1.088700
 12   -2.022474 -0.104699 -2.873818 0.839417 1.276005 -2.377323
 13   1.167898 -0.537463 0.063297 -1.142384 -1.002135 0.310029
 14   7.002743 -0.617765 -0.183752 0.000229 0.000250 -1.839129
 15   8.209042 0.615527 -0.255885 1.598132 0.255590 0.214623
 16   7.002735 -0.617911 -0.183641 0.013167 0.010300 -1.306017
 17   1.574674 0.609930 -0.000899 0.249415 -0.190392 0.382797
 18   -0.602177 0.511412 -0.000006 0.000000 0.000000 0.000000
 19   3.673773 0.177020 1.119313 -0.000002 -0.000014 -0.174510
 20   3.673767 0.176993 -1.117566 0.000007 -0.000003 -0.174546
 21   3.942357 1.334540 1.627658 0.000002 -0.000011 -0.000026
 22   -0.246060 -0.011889 0.516521 -0.000011 0.000031 0.000025
 23   3.942374 1.334565 -1.631083 0.000019 0.000002 -0.000024
 24   -0.246150 -0.011872 -0.516511 -0.000005 -0.000006 0.000048
 25   4.941364 1.997338 1.629330 0.000018 -0.000001 -0.000024
 26   4.941382 1.997366 -1.629410 -0.000001 0.000005 -0.000024
 27   2.914462 1.619264 1.514501 -0.000019 -0.000022 -0.000050
 28   2.916892 1.618870 -1.501142 -0.000002 -0.000009 -0.000024
 29   8.824059 0.150544 0.091743 0.000006 -0.000231 -0.174534
 30   2.111085 -0.561179 1.784320 -0.000008 -0.000682 0.000024
 31   2.121290 -0.561289 -1.853599 0.000000 0.000000 -0.000002
 32   -0.814395 -0.093824 3.127092 3.071685 -0.114787 1.239365
 33   14.298673 -0.408176 0.471578 0.000020 -0.000002 -1.896136
 34   15.835795 0.581398 0.242756 -0.214735 0.106913 -0.097869
 35   -0.815868 -0.091229 -3.114430 0.066464 3.132818 -1.010216
 36   14.294526 -0.410349 -0.467541 0.000009 -0.000036 -2.607695
 37   15.834409 0.579420 -0.284600 -0.006131 -0.035383 0.214508
 38   1.139685 -3.453749 -2.823813 0.000000 0.000000 0.000001
 39   -4.457742 -1.054854 -0.746180 0.000000 0.000000 0.000000
 40   1.118101 -3.449769 3.237290 0.000000 0.000001 0.000000
 41   -4.433840 -1.059130 0.959566 -0.000001 0.000000 0.000000
 42   -0.657468 1.697302 -2.688614 0.000000 0.000002 0.000000
 43   -0.664068 1.698578 2.869377 0.000000 0.000002 0.000000
time 12
  0   -0.967547 0.175787 -20.574476 0.000000 0.000000 -1.572114
  1   -1.093036 0.000002 -0.326057 -1.570756 -1.570425 -0.000219
  2   2.262337 0.113614 0.064702 0.031346 -0.005956 0.192352
  3   2.380047 0.353302 0.047440 0.063739 -0.003839 0.060747
  4   2.033756 0.190472 -0.000128 -0.140192 0.024580 0.172402
  5   2.451511 0.204909 -0.003447 -0.077916 0.008142 0.104176
  6   7.247600 -0.397300 -0.109469 0.000001 0.000009 0.052298
  7   -2.022252 -0.104661 3.136172 0.914587 -1.249868 -4.083686
  8   1.168026 -0.537438 -0.063437 1.253757 1.049673 0.575986
  9   6.790376 -0.619176 0.015206 -0.059965 -0.464797 -1.563008
 10   8.637599 0.544015 -0.090417 -1.661700 0.020986 -0.023633
 11   6.790465 -0.619039 0.017802 -0.120893 -0.334562 -1.088700
 12   -2.022474 -0.104699 -2.873818 0.839417 1.276005 -2.377035
 13   1.167898 -0.537463 0.063297 -1.142384 -1.002135 0.309908
 14   7.002743 -0.617765 -0.183752 -0.033247 0.120350 -1.841109
 15   8.209042 0.615527 -0.255885 1.598132 0.255590 0.214623
 16   7.002735 -0.617911 -0.183641 0.012931 0.103904 -1.304637
 17   1.574674 0.609930 -0.000899 0.249415 -0.190392 0.382797
 18   -0.602177 0.511412 -0.000006 0.000000 0.000000 0.000000
 19   3.673773 0.177020 1.119313 -0.000002 -0.000014 -0.174510
 20   3.673767 0.176993 -1.117566 0.000007 -0.000003 -0.174546
 21   3.942357 1.334540 1.627658 0.000002 -0.000011 -0.000026
 22   -0.246060 -0.011889 0.516521 -0.000011 0.000031 0.000025
 23   3.942374 1.334565 -1.631083 0.000019 0.000002 -0.000024
 24   -0.246150 -0.011872 -0.516511 -0.000005 -0.000006 0.000048
 25   4.941364 1.997338 1.629330 0.000018 -0.000001 -0.000024
 26   4.941382 1.997366 -1.629410 -0.000001 0.000005 -0.000024
 27   2.914462 1.619264 1.514501 -0.000019 -0.000022 -0.000050
 28   2.916892 1.618870 -1.501142 -0.000002 -0.000009 -0.000024
 29   8.824059 0.150544 0.091743 0.000006 -0.000231 -0.174534
 30   2.111085 -0.561179 1.784320 -0.000008 -0.000682 0.000024
 31   2.121290 -0.561289 -1.853599 0.000000 0.000000 -0.000002
 32   -0.814395 -0.093824 3.127092 3.071685 -0.114787 1.239365
 33   14.298673 -0.408176 0.471578 0.000020 -0.000002 -1.896136
 34   15.835795 0.581398 0.242756 -0.214735 0.106913 -0.097869
 35   -0.815868 -0.091229 -3.114430 0.066464 3.132818 -1.010216
 36   14.294526 -0.410349 -0.467541 0.000009 -0.000036 -2.607695
 37   15.834409 0.579420 -0.284600 -0.006131 -0.035383 0.214508
 38   1.139685 -3.453749 -2.823813 0.000000 0.000000 0.000001
 39   -4.457742 -1.054854 -0.746180 0.000000 0.000000 0.000000
 40   1.118101 -3.449769 3.237290 0.000000 0.000001 0.000000
 41   -4.433840 -1.059130 0.959566 -0.000001 0.000000 0.000000
 42   -0.657468 1.697302 -2.688614 0.000000 0.000002 0.000000
 43   -0.664068 1.698578 2.869377 0.000000 0.000002 0.000000
time 13
  0   -0.967547 0.175787 -20.574476 0.000000 0.000000 -1.572114
  1   -1.093036 0.000002 -0.326057 -1.570756 -1.570425 -0.000219
  2   2.262337 0.113614 0.064702 0.062642 -0.012092 0.192063
  3   2.380047 0.353302 0.047440 0.127704 -0.007734 0.060400
  4   2.033756 0.190472 -0.000128 -0.108618 0.019092 0.173127
  5   2.451511 0.204909 -0.003447 -0.017134 0.001888 0.104473
  6   7.247600 -0.397300 -0.109469 0.000001 0.000009 0.052298
  7   -2.022252 -0.104661 3.136172 0.914587 -1.249868 -4.083686
  8   1.168026 -0.537438 -0.063437 1.324315 1.024868 0.636716
  9   6.790376 -0.619176 0.015206 -0.059965 -0.464797 -1.563008
 10   8.637599 0.544015 -0.090417 -1.661700 0.020986 -0.023633
 11   6.790465 -0.619039 0.017802 -0.120893 -0.334562 -1.088700
 12   -2.022474 -0.104699 -2.873818 0.839417 1.276005 -2.377323
 13   1.167898 -0.537463 0.063297 -1.142384 -1.002135 0.310029
 14   7.002743 -0.617765 -0.183752 -0.067577 0.240620 -1.847462
 15   8.209042 0.615527 -0.255885 1.598132 0.255590 0.214623
 16   7.002735 -0.617911 -0.183641 0.013120 0.197678 -1.301657
 17   1.574674 0.609930 -0.000899 0.249415 -0.190392 0.382797
 18   -0.602177 0.511412 -0.000006 0.000000 0.000000 0.000000
 19   3.673773 0.177020 1.119313 -0.000002 -0.000014 -0.174510
 20   3.673767 0.176993 -1.117566 0.000007 -0.000003 -0.174546
 21   3.942357 1.334540 1.627658 0.000002 -0.000011 -0.000026
 22   -0.246060 -0.011889 0.516521 -0.000011 0.000031 0.000025
 23   3.942374 1.334565 -1.631083 0.000019 0.000002 -0.000024
 24   -0.246150 -0.011872 -0.516511 -0.000005 -0.000006 0.000048
 25   4.941364 1.997338 1.629330 0.000018 -0.000001 -0.000024
 26   4.941382 1.997366 -1.629410 -0.000001 0.000005 -0.000024
 27   2.914462 1.619264 1.514501 -0.000019 -0.000022 -0.000050
 28   2.916892 1.618870 -1.501142 -0.000002 -0.000009 -0.000024
 29   8.824059 0.150544 0.091743 0.000006 -0.000231 -0.174534
 30   2.111085 -0.561179 1.784320 -0.000008 -0.000682 0.000024
 31   2.121290 -0.561289 -1.853599 0.000000 0.000000 -0.000002
 32   -0.814395 -0.093824 3.127092 3.071685 -0.114787 1.239365
 33   14.298673 -0.408176 0.471578 0.000020 -0.000002 -1.896136
 34   15.835795 0.581398 0.242756 -0.214735 0.106913 -0.097869
 35   -0.815868 -0.091229 -3.114430 0.066464 3.132818 -1.010216
 36   14.294526 -0.410349 -0.467541 0.000009 -0.000036 -2.607695
 37   15.834409 0.579420 -0.284600 -0.006131 -0.035383 0.214508
 38   1.139685 -3.453749 -2.823813 0.000000 0.000000 0.000001
 39   -4.457742 -1.054854 -0.746180 0.000000 0.000000 0.000000
 40   1.118101 -3.449769 3.237290 0.000000 0.000001 0.000000
 41   -4.433840 -1.059130 0.959566 -0.000001 0.000000 0.000000
 42   -0.657468 1.697302 -2.688614 0.000000 0.000002 0.000000
 43   -0.664068 1.698578 2.869377 0.000000 0.000002 0.000000
time 14
  0   -0.967547 0.175787 -20.574476 0.000000 0.000000 -1.572114
  1   -1.093036 0.000002 -0.326057 -1.570756 -1.570425 -0.000219
  2   2.262337 0.113614 0.064702 0.094180 -0.018252 0.191557
  3   2.380047 0.353302 0.047440 0.191533 -0.011473 0.059747
  4   2.033756 0.190472 -0.000128 -0.077063 0.013567 0.173417
  5   2.451511 0.204909 -0.003447 0.043460 -0.004274 0.104399
  6   7.247600 -0.397300 -0.109469 0.000001 0.000009 0.052298
  7   -2.022252 -0.104661 3.136172 0.914587 -1.249868 -4.083686
  8   1.168026 -0.537438 -0.063437 1.389051 0.998101 0.691563
  9   6.790376 -0.619176 0.015206 -0.059965 -0.464797 -1.563008
 10   8.637599 0.544015 -0.090417 -1.661700 0.020986 -0.023633
 11   6.790465 -0.619039 0.017802 -0.120893 -0.334562 -1.088700
 12   -2.022474 -0.104699 -2.873818 0.839417 1.276005 -2.377323
 13   1.167898 -0.537463 0.063297 -1.142384 -1.002135 0.309908
 14   7.002743 -0.617765 -0.183752 -0.104014 0.360890 -1.857940
 15   8.209042 0.615527 -0.255885 1.598132 0.255590 0.214623
 16   7.002735 -0.617911 -0.183641 0.014014 0.291507 -1.296469
 17   1.574674 0.609930 -0.000899 0.249415 -0.190392 0.382797
 18   -0.602177 0.511412 -0.000006 0.000000 0.000000 0.000000
 19   3.673773 0.177020 1.119313 -0.000002 -0.000014 -0.174510
 20   3.673767 0.176993 -1.117566 0.000007 -0.000003 -0.174546
 21   3.942357 1.334540 1.627658 0.000002 -0.000011 -0.000026
 22   -0.246060 -0.011889 0.516521 -0.000011 0.000031 0.000025
 23   3.942374 1.334565 -1.631083 0.000019 0.000002 -0.000024
 24   -0.246150 -0.011872 -0.516511 -0.000005 -0.000006 0.000048
 25   4.941364 1.997338 1.629330 0.000018 -0.000001 -0.000024
 26   4.941382 1.997366 -1.629410 -0.000001 0.000005 -0.000024
 27   2.914462 1.619264 1.514501 -0.000019 -0.000022 -0.000050
 28   2.916892 1.618870 -1.501142 -0.000002 -0.000009 -0.000024
 29   8.824059 0.150544 0.091743 0.000006 -0.000231 -0.174534
 30   2.111085 -0.561179 1.784320 -0.000008 -0.000682 0.000024
 31   2.121290 -0.561289 -1.853599 0.000000 0.000000 -0.000002
 32   -0.814395 -0.093824 3.127092 3.071685 -0.114787 1.239365
 33   14.298673 -0.408176 0.471578 0.000020 -0.000002 -1.896136
 34   15.835795 0.581398 0.242756 -0.214735 0.106913 -0.097869
 35   -0.815868 -0.091229 -3.114430 0.066464 3.132818 -1.010216
 36   14.294526 -0.410349 -0.467541 0.000009 -0.000036 -2.607695
 37   15.834409 0.579420 -0.284600 -0.006131 -0.035383 0.214508
 38   1.139685 -3.453749 -2.823813 0.000000 0.000000 0.000001
 39   -4.457742 -1.054854 -0.746180 0.000000 0.000000 0.000000
 40   1.118101 -3.449769 3.237290 0.000000 0.000001 0.000000
 41   -4.433840 -1.059130 0.959566 -0.000001 0.000000 0.000000
 42   -0.657468 1.697302 -2.688614 0.000000 0.000002 0.000000
 43   -0.664068 1.698578 2.869377 0.000000 0.000002 0.000000
time 15
  0   -0.967547 0.175787 -20.574476 0.000000 0.000000 -1.572114
  1   -1.093036 0.000002 -0.326057 -1.570756 -1.570425 -0.000219
  2   2.262337 0.113614 0.064702 0.125527 -0.024412 0.190852
  3   2.380047 0.353302 0.047440 0.255392 -0.015284 0.058951
  4   2.033756 0.190472 -0.000128 -0.045618 0.008126 0.173960
  5   2.451511 0.204909 -0.003447 0.104139 -0.010645 0.103854
  6   7.247600 -0.397300 -0.109469 0.000001 0.000009 0.052298
  7   -2.022252 -0.104661 3.136172 0.914587 -1.249868 -4.083686
  8   1.168026 -0.537438 -0.063437 1.448534 0.969120 0.740970
  9   6.790376 -0.619176 0.015206 -0.059965 -0.464797 -1.563008
 10   8.637599 0.544015 -0.090417 -1.661700 0.020986 -0.023633
 11   6.790465 -0.619039 0.017802 -0.120893 -0.334562 -1.088700
 12   -2.022474 -0.104699 -2.873818 0.839417 1.276005 -2.377035
 13   1.167898 -0.537463 0.063297 -1.142384 -1.002135 0.310029
 14   7.002743 -0.617765 -0.183752 -0.144038 0.480535 -1.874441
 15   8.209042 0.615527 -0.255885 1.598132 0.255590 0.214683
 16   7.002735 -0.617911 -0.183641 0.015709 0.385281 -1.289459
 17   1.574674 0.609930 -0.000899 0.249415 -0.190392 0.382797
 18   -0.602177 0.511412 -0.000006 0.000000 0.000000 0.000000
 19   3.673773 0.177020 1.119313 -0.000002 -0.000014 -0.174510
 20   3.673767 0.176993 -1.117566 0.000007 -0.000003 -0.174546
 21   3.942357 1.334540 1.627658 0.000002 -0.000011 -0.000026
 22   -0.246060 -0.011889 0.516521 -0.000011 0.000031 0.000025
 23   3.942374 1.334565 -1.631083 0.000019 0.000002 -0.000024
 24   -0.246150 -0.011872 -0.516511 -0.000005 -0.000006 0.000048
 25   4.941364 1.997338 1.629330 0.000018 -0.000001 -0.000024
 26   4.941382 1.997366 -1.629410 -0.000001 0.000005 -0.000024
 27   2.914462 1.619264 1.514501 -0.000019 -0.000022 -0.000050
 28   2.916892 1.618870 -1.501142 -0.000002 -0.000009 -0.000024
 29   8.824059 0.150544 0.091743 0.000006 -0.000231 -0.174534
 30   2.111085 -0.561179 1.784320 -0.000008 -0.000682 0.000024
 31   2.121290 -0.561289 -1.853599 0.000000 0.000000 -0.000002
 32   -0.814395 -0.093824 3.127092 3.071685 -0.114787 1.239365
 33   14.298673 -0.408176 0.471578 0.000020 -0.000002 -1.896136
 34   15.835795 0.581398 0.242756 -0.214735 0.106913 -0.097869
 35   -0.815868 -0.091229 -3.114430 0.066464 3.132818 -1.010216
 36   14.294526 -0.410349 -0.467541 0.000009 -0.000036 -2.607695
 37   15.834409 0.579420 -0.284600 -0.006131 -0.035383 0.214508
 38   1.139685 -3.453749 -2.823813 0.000000 0.000000 0.000001
 39   -4.457742 -1.054854 -0.746180 0.000000 0.000000 0.000000
 40   1.118101 -3.449769 3.237290 0.000000 0.000001 0.000000
 41   -4.433840 -1.059130 0.959566 -0.000001 0.000000 0.000000
 42   -0.657468 1.697302 -2.688614 0.000000 0.000002 0.000000
 43   -0.664068 1.698578 2.869377 0.000000 0.000002 0.000000
time 16
  0   -0.967547 0.175787 -20.574476 0.000000 0.000000 -1.572114
  1   -1.093036 0.000002 -0.326057 -1.570756 -1.570425 -0.000219
  2   2.262337 0.113614 0.064702 0.156912 -0.030452 0.190039
  3   2.380047 0.353302 0.047440 0.319221 -0.019060 0.057829
  4   2.033756 0.190472 -0.000128 -0.014100 0.002589 0.173960
  5   2.451511 0.204909 -0.003447 0.164887 -0.017108 0.103012
  6   7.247600 -0.397300 -0.109469 0.000001 0.000009 0.052298
  7   -2.022252 -0.104661 3.136172 0.914587 -1.249868 -4.083686
  8   1.168026 -0.537438 -0.063437 1.503082 0.939032 0.785631
  9   6.790376 -0.619176 0.015206 -0.059965 -0.464797 -1.563008
 10   8.637599 0.544015 -0.090417 -1.661700 0.020986 -0.023633
 11   6.790465 -0.619039 0.017802 -0.120893 -0.334562 -1.088700
 12   -2.022474 -0.104699 -2.873818 0.839417 1.276005 -2.377323
 13   1.167898 -0.537463 0.063297 -1.142384 -1.002135 0.310029
 14   7.002743 -0.617765 -0.183752 -0.189299 0.599385 -1.897790
 15   8.209042 0.615527 -0.255885 1.598132 0.255590 0.214623
 16   7.002735 -0.617911 -0.183641 0.018816 0.478885 -1.279966
 17   1.574674 0.609930 -0.000899 0.249415 -0.190392 0.382797
 18   -0.602177 0.511412 -0.000006 0.000000 0.000000 0.000000
 19   3.673773 0.177020 1.119313 -0.000002 -0.000014 -0.174510
 20   3.673767 0.176993 -1.117566 0.000007 -0.000003 -0.174546
 21   3.942357 1.334540 1.627658 0.000002 -0.000011 -0.000026
 22   -0.246060 -0.011889 0.516521 -0.000011 0.000031 0.000025
 23   3.942374 1.334565 -1.631083 0.000019 0.000002 -0.000024
 24   -0.246150 -0.011872 -0.516511 -0.000005 -0.000006 0.000048
 25   4.941364 1.997338 1.629330 0.000018 -0.000001 -0.000024
 26   4.941382 1.997366 -1.629410 -0.000001 0.000005 -0.000024
 27   2.914462 1.619264 1.514501 -0.000019 -0.000022 -0.000050
 28   2.916892 1.618870 -1.501142 -0.000002 -0.000009 -0.000024
 29   8.824059 0.150544 0.091743 0.000006 -0.000231 -0.174534
 30   2.111085 -0.561179 1.784320 -0.000008 -0.000682 0.000024
 31   2.121290 -0.561289 -1.853599 0.000000 0.000000 -0.000002
 32   -0.814395 -0.093824 3.127092 3.071685 -0.114787 1.239365
 33   14.298673 -0.408176 0.471578 0.000020 -0.000002 -1.896136
 34   15.835795 0.581398 0.242756 -0.214735 0.106913 -0.097869
 35   -0.815868 -0.091229 -3.114430 0.066464 3.132818 -1.010216
 36   14.294526 -0.410349 -0.467541 0.000009 -0.000036 -2.607695
 37   15.834409 0.579420 -0.284600 -0.006131 -0.035383 0.214508
 38   1.139685 -3.453749 -2.823813 0.000000 0.000000 0.000001
 39   -4.457742 -1.054854 -0.746180 0.000000 0.000000 0.000000
 40   1.118101 -3.449769 3.237290 0.000000 0.000001 0.000000
 41   -4.433840 -1.059130 0.959566 -0.000001 0.000000 0.000000
 42   -0.657468 1.697302 -2.688614 0.000000 0.000002 0.000000
 43   -0.664068 1.698578 2.869377 0.000000 0.000002 0.000000
time 17
  0   -0.967547 0.175787 -20.574476 0.000000 0.000000 -1.572114
  1   -1.093036 0.000002 -0.326057 -1.570756 -1.570425 -0.000219
  2   2.262337 0.113614 0.064702 0.188450 -0.036373 0.188973
  3   2.380047 0.353302 0.047440 0.383231 -0.022847 0.056482
  4   2.033756 0.190472 -0.000128 0.017271 -0.002732 0.173960
  5   2.451511 0.204909 -0.003447 0.225583 -0.023374 0.101749
  6   7.247600 -0.397300 -0.109469 0.000001 0.000009 0.052298
  7   -2.022252 -0.104661 3.136172 0.914587 -1.249868 -4.083686
  8   1.168026 -0.537438 -0.063437 1.553200 0.907636 0.825485
  9   6.790376 -0.619176 0.015206 -0.059965 -0.464797 -1.563008
 10   8.637599 0.544015 -0.090417 -1.661700 0.020986 -0.023633
 11   6.790465 -0.619039 0.017802 -0.120893 -0.334562 -1.088700
 12   -2.022474 -0.104699 -2.873818 0.839417 1.276005 -2.377323
 13   1.167898 -0.537463 0.063297 -1.142384 -1.002135 0.309908
 14   7.002743 -0.617765 -0.183752 -0.242588 0.717214 -1.930380
 15   8.209042 0.615527 -0.255885 1.598132 0.255590 0.214623
 16   7.002735 -0.617911 -0.183641 0.023759 0.572433 -1.267658
 17   1.574674 0.609930 -0.000899 0.249415 -0.190392 0.382797
 18   -0.602177 0.511412 -0.000006 0.000000 0.000000 0.000000
 19   3.673773 0.177020 1.119313 -0.000002 -0.000014 -0.174510
 20   3.673767 0.176993 -1.117566 0.000007 -0.000003 -0.174546
 21   3.942357 1.334540 1.627658 0.000002 -0.000011 -0.000026
 22   -0.246060 -0.011889 0.516521 -0.000011 0.000031 0.000025
 23   3.942374 1.334565 -1.631083 0.000019 0.000002 -0.000024
 24   -0.246150 -0.011872 -0.516511 -0.000005 -0.000006 0.000048
 25   4.941364 1.997338 1.629330 0.000018 -0.000001 -0.000024
 26   4.941382 1.997366 -1.629410 -0.000001 0.000005 -0.000024
 27   2.914462 1.619264 1.514501 -0.000019 -0.000022 -0.000050
 28   2.916892 1.618870 -1.501142 -0.000002 -0.000009 -0.000024
 29   8.824059 0.150544 0.091743 0.000006 -0.000231 -0.174534
 30   2.111085 -0.561179 1.784320 -0.000008 -0.000682 0.000024
 31   2.121290 -0.561289 -1.853599 0.000000 0.000000 -0.000002
 32   -0.814395 -0.093824 3.127092 3.071685 -0.114787 1.239365
 33   14.298673 -0.408176 0.471578 0.000020 -0.000002 -1.896136
 34   15.835795 0.581398 0.242756 -0.214735 0.106913 -0.097869
 35   -0.815868 -0.091229 -3.114430 0.066464 3.132818 -1.010216
 36   14.294526 -0.410349 -0.467541 0.000009 -0.000036 -2.607695
 37   15.834409 0.579420 -0.284600 -0.006131 -0.035383 0.214508
 38   1.139685 -3.453749 -2.823813 0.000000 0.000000 0.000001
 39   -4.457742 -1.054854 -0.746180 0.000000 0.000000 0.000000
 40   1.118101 -3.449769 3.237290 0.000000 0.000001 0.000000
 41   -4.433840 -1.059130 0.959566 -0.000001 0.000000 0.000000
 42   -0.657468 1.697302 -2.688614 0.000000 0.000002 0.000000
 43   -0.664068 1.698578 2.869377 0.000000 0.000002 0.000000
time 18
  0   -0.967547 0.175787 -20.574476 0.000000 0.000000 -1.572114
  1   -1.093036 0.000002 -0.326057 -1.570756 -1.570425 -0.000219
  2   2.262337 0.113614 0.064702 0.156912 -0.030452 0.190039
  3   2.380047 0.353302 0.047440 0.319221 -0.019060 0.057829
  4   2.033756 0.190472 -0.000128 -0.014100 0.002589 0.173960
  5   2.451511 0.204909 -0.003447 0.164887 -0.017108 0.103012
  6   7.247600 -0.397300 -0.109469 0.000001 0.000009 0.052298
  7   -2.022252 -0.104661 3.136172 0.914587 -1.249868 -4.083686
  8   1.168026 -0.537438 -0.063437 1.503082 0.939032 0.785631
  9   6.790376 -0.619176 0.015206 -0.059965 -0.464797 -1.563008
 10   8.637599 0.544015 -0.090417 -1.661700 0.020986 -0.023633
 11   6.790465 -0.619039 0.017802 -0.120893 -0.334562 -1.088700
 12   -2.022474 -0.104699 -2.873818 0.839417 1.276005 -2.377323
 13   1.167898 -0.537463 0.063297 -1.142384 -1.002135 0.310029
 14   7.002743 -0.617765 -0.183752 -0.189299 0.599385 -1.897790
 15   8.209042 0.615527 -0.255885 1.598132 0.255590 0.214623
 16   7.002735 -0.617911 -0.183641 0.018816 0.478885 -1.279966
 17   1.574674 0.609930 -0.000899 0.249415 -0.190392 0.382797
 18   -0.602177 0.511412 -0.000006 0.000000 0.000000 0.000000
 19   3.673773 0.177020 1.119313 -0.000002 -0.000014 -0.174510
 20   3.673767 0.176993 -1.117566 0.000007 -0.000003 -0.174546
 21   3.942357 1.334540 1.627658 0.000002 -0.000011 -0.000026
 22   -0.246060 -0.011889 0.516521 -0.000011 0.000031 0.000025
 23   3.942374 1.334565 -1.631083 0.000019 0.000002 -0.000024
 24   -0.246150 -0.011872 -0.516511 -0.000005 -0.000006 0.000048
 25   4.941364 1.997338 1.629330 0.000018 -0.000001 -0.000024
 26   4.941382 1.997366 -1.629410 -0.000001 0.000005 -0.000024
 27   2.914462 1.619264 1.514501 -0.000019 -0.000022 -0.000050
 28   2.916892 1.618870 -1.501142 -0.000002 -0.000009 -0.000024
 29   8.824059 0.150544 0.091743 0.000006 -0.000231 -0.174534
 30   2.111085 -0.561179 1.784320 -0.000008 -0.000682 0.000024
 31   2.121290 -0.561289 -1.853599 0.000000 0.000000 -0.000002
 32   -0.814395 -0.093824 3.127092 3.071685 -0.114787 1.239365
 33   14.298673 -0.408176 0.471578 0.000020 -0.000002 -1.896136
 34   15.835795 0.581398 0.242756 -0.214735 0.106913 -0.097869
 35   -0.815868 -0.091229 -3.114430 0.066464 3.132818 -1.010216
 36   14.294526 -0.410349 -0.467541 0.000009 -0.000036 -2.607695
 37   15.834409 0.579420 -0.284600 -0.006131 -0.035383 0.214508
 38   1.139685 -3.453749 -2.823813 0.000000 0.000000 0.000001
 39   -4.457742 -1.054854 -0.746180 0.000000 0.000000 0.000000
 40   1.118101 -3.449769 3.237290 0.000000 0.000001 0.000000
 41   -4.433840 -1.059130 0.959566 -0.000001 0.000000 0.000000
 42   -0.657468 1.697302 -2.688614 0.000000 0.000002 0.000000
 43   -0.664068 1.698578 2.869377 0.000000 0.000002 0.000000
time 19
  0   -0.967547 0.175787 -20.574476 0.000000 0.000000 -1.572114
  1   -1.093036 0.000002 -0.326057 -1.570756 -1.570425 -0.000219
  2   2.262337 0.113614 0.064702 0.125527 -0.024412 0.190852
  3   2.380047 0.353302 0.047440 0.255392 -0.015284 0.058951
  4   2.033756 0.190472 -0.000128 -0.045618 0.008126 0.173960
  5   2.451511 0.204909 -0.003447 0.104139 -0.010645 0.103854
  6   7.247600 -0.397300 -0.109469 0.000001 0.000009 0.052298
  7   -2.022252 -0.104661 3.136172 0.914587 -1.249868 -4.083686
  8   1.168026 -0.537438 -0.063437 1.448534 0.969120 0.740970
  9   6.790376 -0.619176 0.015206 -0.059965 -0.464797 -1.563008
 10   8.637599 0.544015 -0.090417 -1.661700 0.020986 -0.023633
 11   6.790465 -0.619039 0.017802 -0.120893 -0.334562 -1.088700
 12   -2.022474 -0.104699 -2.873818 0.839417 1.276005 -2.377035
 13   1.167898 -0.537463 0.063297 -1.142384 -1.002135 0.310029
 14   7.002743 -0.617765 -0.183752 -0.144038 0.480535 -1.874441
 15   8.209042 0.615527 -0.255885 1.598132 0.255590 0.214683
 16   7.002735 -0.617911 -0.183641 0.015709 0.385281 -1.289459
 17   1.574674 0.609930 -0.000899 0.249415 -0.190392 0.382797
 18   -0.602177 0.511412 -0.000006 0.000000 0.000000 0.000000
 19   3.673773 0.177020 1.119313 -0.000002 -0.000014 -0.174510
 20   3.673767 0.176993 -1.117566 0.000007 -0.000003 -0.174546
 21   3.942357 1.334540 1.627658 0.000002 -0.000011 -0.000026
 22   -0.246060 -0.011889 0.516521 -0.000011 0.000031 0.000025
 23   3.942374 1.334565 -1.631083 0.000019 0.000002 -0.000024
 24   -0.246150 -0.011872 -0.516511 -0.000005 -0.000006 0.000048
 25   4.941364 1.997338 1.629330 0.000018 -0.000001 -0.000024
 26   4.941382 1.997366 -1.629410 -0.000001 0.000005 -0.000024
 27   2.914462 1.619264 1.514501 -0.000019 -0.000022 -0.000050
 28   2.916892 1.618870 -1.501142 -0.000002 -0.000009 -0.000024
 29   8.824059 0.150544 0.091743 0.000006 -0.000231 -0.174534
 30   2.111085 -0.561179 1.784320 -0.000008 -0.000682 0.000024
 31   2.121290 -0.561289 -1.853599 0.000000 0.000000 -0.000002
 32   -0.814395 -0.093824 3.127092 3.071685 -0.114787 1.239365
 33   14.298673 -0.408176 0.471578 0.000020 -0.000002 -1.896136
 34   15.835795 0.581398 0.242756 -0.214735 0.106913 -0.097869
 35   -0.815868 -0.091229 -3.114430 0.066464 3.132818 -1.010216
 36   14.294526 -0.410349 -0.467541 0.000009 -0.000036 -2.607695
 37   15.834409 0.579420 -0.284600 -0.006131 -0.035383 0.214508
 38   1.139685 -3.453749 -2.823813 0.000000 0.000000 0.000001
 39   -4.457742 -1.054854 -0.746180 0.000000 0.000000 0.000000
 40   1.118101 -3.449769 3.237290 0.000000 0.000001 0.000000
 41   -4.433840 -1.059130 0.959566 -0.000001 0.000000 0.000000
 42   -0.657468 1.697302 -2.688614 0.000000 0.000002 0.000000
 43   -0.664068 1.698578 2.869377 0.000000 0.000002 0.000000
time 20
  0   -0.967547 0.175787 -20.574476 0.000000 0.000000 -1.572114
  1   -1.093036 0.000002 -0.326057 -1.570756 -1.570425 -0.000219
  2   2.262337 0.113614 0.064702 0.094180 -0.018252 0.191557
  3   2.380047 0.353302 0.047440 0.191533 -0.011473 0.059747
  4   2.033756 0.190472 -0.000128 -0.077063 0.013567 0.173417
  5   2.451511 0.204909 -0.003447 0.043460 -0.004274 0.104399
  6   7.247600 -0.397300 -0.109469 0.000001 0.000009 0.052298
  7   -2.022252 -0.104661 3.136172 0.914587 -1.249868 -4.083686
  8   1.168026 -0.537438 -0.063437 1.389051 0.998101 0.691563
  9   6.790376 -0.619176 0.015206 -0.059965 -0.464797 -1.563008
 10   8.637599 0.544015 -0.090417 -1.661700 0.020986 -0.023633
 11   6.790465 -0.619039 0.017802 -0.120893 -0.334562 -1.088700
 12   -2.022474 -0.104699 -2.873818 0.839417 1.276005 -2.377323
 13   1.167898 -0.537463 0.063297 -1.142384 -1.002135 0.309908
 14   7.002743 -0.617765 -0.183752 -0.104014 0.360890 -1.857940
 15   8.209042 0.615527 -0.255885 1.598132 0.255590 0.214623
 16   7.002735 -0.617911 -0.183641 0.014014 0.291507 -1.296469
 17   1.574674 0.609930 -0.000899 0.249415 -0.190392 0.382797
 18   -0.602177 0.511412 -0.000006 0.000000 0.000000 0.000000
 19   3.673773 0.177020 1.119313 -0.000002 -0.000014 -0.174510
 20   3.673767 0.176993 -1.117566 0.000007 -0.000003 -0.174546
 21   3.942357 1.334540 1.627658 0.000002 -0.000011 -0.000026
 22   -0.246060 -0.011889 0.516521 -0.000011 0.000031 0.000025
 23   3.942374 1.334565 -1.631083 0.000019 0.000002 -0.000024
 24   -0.246150 -0.011872 -0.516511 -0.000005 -0.000006 0.000048
 25   4.941364 1.997338 1.629330 0.000018 -0.000001 -0.000024
 26   4.941382 1.997366 -1.629410 -0.000001 0.000005 -0.000024
 27   2.914462 1.619264 1.514501 -0.000019 -0.000022 -0.000050
 28   2.916892 1.618870 -1.501142 -0.000002 -0.000009 -0.000024
 29   8.824059 0.150544 0.091743 0.000006 -0.000231 -0.174534
 30   2.111085 -0.561179 1.784320 -0.000008 -0.000682 0.000024
 31   2.121290 -0.561289 -1.853599 0.000000 0.000000 -0.000002
 32   -0.814395 -0.093824 3.127092 3.071685 -0.114787 1.239365
 33   14.298673 -0.408176 0.471578 0.000020 -0.000002 -1.896136
 34   15.835795 0.581398 0.242756 -0.214735 0.106913 -0.097869
 35   -0.815868 -0.091229 -3.114430 0.066464 3.132818 -1.010216
 36   14.294526 -0.410349 -0.467541 0.000009 -0.000036 -2.607695
 37   15.834409 0.579420 -0.284600 -0.006131 -0.035383 0.214508
 38   1.139685 -3.453749 -2.823813 0.000000 0.000000 0.000001
 39   -4.457742 -1.054854 -0.746180 0.000000 0.000000 0.000000
 40   1.118101 -3.449769 3.237290 0.000000 0.000001 0.000000
 41   -4.433840 -1.059130 0.959566 -0.000001 0.000000 0.000000
 42   -0.657468 1.697302 -2.688614 0.000000 0.000002 0.000000
 43   -0.664068 1.698578 2.869377 0.000000 0.000002 0.000000
time 21
  0   -0.967547 0.175787 -20.574476 0.000000 0.000000 -1.572114
  1   -1.093036 0.000002 -0.326057 -1.570756 -1.570425 -0.000219
  2   2.262337 0.113614 0.064702 0.062642 -0.012092 0.192063
  3   2.380047 0.353302 0.047440 0.127704 -0.007734 0.060400
  4   2.033756 0.190472 -0.000128 -0.108618 0.019092 0.173127
  5   2.451511 0.204909 -0.003447 -0.017134 0.001888 0.104473
  6   7.247600 -0.397300 -0.109469 0.000001 0.000009 0.052298
  7   -2.022252 -0.104661 3.136172 0.914587 -1.249868 -4.083686
  8   1.168026 -0.537438 -0.063437 1.324315 1.024868 0.636716
  9   6.790376 -0.619176 0.015206 -0.059965 -0.464797 -1.563008
 10   8.637599 0.544015 -0.090417 -1.661700 0.020986 -0.023633
 11   6.790465 -0.619039 0.017802 -0.120893 -0.334562 -1.088700
 12   -2.022474 -0.104699 -2.873818 0.839417 1.276005 -2.377323
 13   1.167898 -0.537463 0.063297 -1.142384 -1.002135 0.310029
 14   7.002743 -0.617765 -0.183752 -0.067577 0.240620 -1.847462
 15   8.209042 0.615527 -0.255885 1.598132 0.255590 0.214623
 16   7.002735 -0.617911 -0.183641 0.013120 0.197678 -1.301657
 17   1.574674 0.609930 -0.000899 0.249415 -0.190392 0.382797
 18   -0.602177 0.511412 -0.000006 0.000000 0.000000 0.000000
 19   3.673773 0.177020 1.119313 -0.000002 -0.000014 -0.174510
 20   3.673767 0.176993 -1.117566 0.000007 -0.000003 -0.174546
 21   3.942357 1.334540 1.627658 0.000002 -0.000011 -0.000026
 22   -0.246060 -0.011889 0.516521 -0.000011 0.000031 0.000025
 23   3.942374 1.334565 -1.631083 0.000019 0.000002 -0.000024
 24   -0.246150 -0.011872 -0.516511 -0.000005 -0.000006 0.000048
 25   4.941364 1.997338 1.629330 0.000018 -0.000001 -0.000024
 26   4.941382 1.997366 -1.629410 -0.000001 0.000005 -0.000024
 27   2.914462 1.619264 1.514501 -0.000019 -0.000022 -0.000050
 28   2.916892 1.618870 -1.501142 -0.000002 -0.000009 -0.000024
 29   8.824059 0.150544 0.091743 0.000006 -0.000231 -0.174534
 30   2.111085 -0.561179 1.784320 -0.000008 -0.000682 0.000024
 31   2.121290 -0.561289 -1.853599 0.000000 0.000000 -0.000002
 32   -0.814395 -0.093824 3.127092 3.071685 -0.114787 1.239365
 33   14.298673 -0.408176 0.471578 0.000020 -0.000002 -1.896136
 34   15.835795 0.581398 0.242756 -0.214735 0.106913 -0.097869
 35   -0.815868 -0.091229 -3.114430 0.066464 3.132818 -1.010216
 36   14.294526 -0.410349 -0.467541 0.000009 -0.000036 -2.607695
 37   15.834409 0.579420 -0.284600 -0.006131 -0.035383 0.214508
 38   1.139685 -3.453749 -2.823813 0.000000 0.000000 0.000001
 39   -4.457742 -1.054854 -0.746180 0.000000 0.000000 0.000000
 40   1.118101 -3.449769 3.237290 0.000000 0.000001 0.000000
 41   -4.433840 -1.059130 0.959566 -0.000001 0.000000 0.000000
 42   -0.657468 1.697302 -2.688614 0.000000 0.000002 0.000000
 43   -0.664068 1.698578 2.869377 0.000000 0.000002 0.000000
time 22
  0   -0.967547 0.175787 -20.574476 0.000000 0.000000 -1.572114
  1   -1.093036 0.000002 -0.326057 -1.570756 -1.570425 -0.000219
  2   2.262337 0.113614 0.064702 0.031346 -0.005956 0.192352
  3   2.380047 0.353302 0.047440 0.063739 -0.003839 0.060747
  4   2.033756 0.190472 -0.000128 -0.140192 0.024580 0.172402
  5   2.451511 0.204909 -0.003447 -0.077916 0.008142 0.104176
  6   7.247600 -0.397300 -0.109469 0.000001 0.000009 0.052298
  7   -2.022252 -0.104661 3.136172 0.914587 -1.249868 -4.083686
  8   1.168026 -0.537438 -0.063437 1.253757 1.049673 0.575986
  9   6.790376 -0.619176 0.015206 -0.059965 -0.464797 -1.563008
 10   8.637599 0.544015 -0.090417 -1.661700 0.020986 -0.023633
 11   6.790465 -0.619039 0.017802 -0.120893 -0.334562 -1.088700
 12   -2.022474 -0.104699 -2.873818 0.839417 1.276005 -2.377035
 13   1.167898 -0.537463 0.063297 -1.142384 -1.002135 0.309908
 14   7.002743 -0.617765 -0.183752 -0.033247 0.120350 -1.841109
 15   8.209042 0.615527 -0.255885 1.598132 0.255590 0.214623
 16   7.002735 -0.617911 -0.183641 0.012931 0.103904 -1.304637
 17   1.574674 0.609930 -0.000899 0.249415 -0.190392 0.382797
 18   -0.602177 0.511412 -0.000006 0.000000 0.000000 0.000000
 19   3.673773 0.177020 1.119313 -0.000002 -0.000014 -0.174510
 20   3.673767 0.176993 -1.117566 0.000007 -0.000003 -0.174546
 21   3.942357 1.334540 1.627658 0.000002 -0.000011 -0.000026
 22   -0.246060 -0.011889 0.516521 -0.000011 0.000031 0.000025
 23   3.942374 1.334565 -1.631083 0.000019 0.000002 -0.000024
 24   -0.246150 -0.011872 -0.516511 -0.000005 -0.000006 0.000048
 25   4.941364 1.997338 1.629330 0.000018 -0.000001 -0.000024
 26   4.941382 1.997366 -1.629410 -0.000001 0.000005 -0.000024
 27   2.914462 1.619264 1.514501 -0.000019 -0.000022 -0.000050
 28   2.916892 1.618870 -1.501142 -0.000002 -0.000009 -0.000024
 29   8.824059 0.150544 0.091743 0.000006 -0.000231 -0.174534
 30   2.111085 -0.561179 1.784320 -0.000008 -0.000682 0.000024
 31   2.121290 -0.561289 -1.853599 0.000000 0.000000 -0.000002
 32   -0.814395 -0.093824 3.127092 3.071685 -0.114787 1.239365
 33   14.298673 -0.408176 0.471578 0.000020 -0.000002 -1.896136
 34   15.835795 0.581398 0.242756 -0.214735 0.106913 -0.097869
 35   -0.815868 -0.091229 -3.114430 0.066464 3.132818 -1.010216
 36   14.294526 -0.410349 -0.467541 0.000009 -0.000036 -2.607695
 37   15.834409 0.579420 -0.284600 -0.006131 -0.035383 0.214508
 38   1.139685 -3.453749 -2.823813 0.000000 0.000000 0.000001
 39   -4.457742 -1.054854 -0.746180 0.000000 0.000000 0.000000
 40   1.118101 -3.449769 3.237290 0.000000 0.000001 0.000000
 41   -4.433840 -1.059130 0.959566 -0.000001 0.000000 0.000000
 42   -0.657468 1.697302 -2.688614 0.000000 0.000002 0.000000
 43   -0.664068 1.698578 2.869377 0.000000 0.000002 0.000000
time 23
  0   -0.967547 0.175787 -20.574476 0.000000 0.000000 -1.572114
  1   -1.093036 0.000002 -0.326057 -1.570756 -1.570425 -0.000219
  2   2.262337 0.113614 0.064702 -0.000052 0.000049 0.192424
  3   2.380047 0.353302 0.047440 0.000000 -0.000040 0.060910
  4   2.033756 0.190472 -0.000128 -0.171747 0.030057 0.171351
  5   2.451511 0.204909 -0.003447 -0.138715 0.014434 0.103433
  6   7.247600 -0.397300 -0.109469 0.000001 0.000009 0.052298
  7   -2.022252 -0.104661 3.136172 0.914587 -1.249868 -4.083686
  8   1.168026 -0.537438 -0.063437 1.177061 1.072063 0.508867
  9   6.790376 -0.619176 0.015206 -0.059965 -0.464797 -1.563008
 10   8.637599 0.544015 -0.090417 -1.661700 0.020986 -0.023777
 11   6.790465 -0.619039 0.017802 -0.120893 -0.334562 -1.088700
 12   -2.022474 -0.104699 -2.873818 0.839417 1.276005 -2.377323
 13   1.167898 -0.537463 0.063297 -1.142384 -1.002135 0.310029
 14   7.002743 -0.617765 -0.183752 0.000229 0.000250 -1.839129
 15   8.209042 0.615527 -0.255885 1.598132 0.255590 0.214623
 16   7.002735 -0.617911 -0.183641 0.013167 0.010300 -1.306017
 17   1.574674 0.609930 -0.000899 0.249415 -0.190392 0.382797
 18   -0.602177 0.511412 -0.000006 0.000000 0.000000 0.000000
 19   3.673773 0.177020 1.119313 -0.000002 -0.000014 -0.174510
 20   3.673767 0.176993 -1.117566 0.000007 -0.000003 -0.174546
 21   3.942357 1.334540 1.627658 0.000002 -0.000011 -0.000026
 22   -0.246060 -0.011889 0.516521 -0.000011 0.000031 0.000025
 23   3.942374 1.334565 -1.631083 0.000019 0.000002 -0.000024
 24   -0.246150 -0.011872 -0.516511 -0.000005 -0.000006 0.000048
 25   4.941364 1.997338 1.629330 0.000018 -0.000001 -0.000024
 26   4.941382 1.997366 -1.629410 -0.000001 0.000005 -0.000024
 27   2.914462 1.619264 1.514501 -0.000019 -0.000022 -0.000050
 28   2.916892 1.618870 -1.501142 -0.000002 -0.000009 -0.000024
 29   8.824059 0.150544 0.091743 0.000006 -0.000231 -0.174534
 30   2.111085 -0.561179 1.784320 -0.000008 -0.000682 0.000024
 31   2.121290 -0.561289 -1.853599 0.000000 0.000000 -0.000002
 32   -0.814395 -0.093824 3.127092 3.071685 -0.114787 1.239365
 33   14.298673 -0.408176 0.471578 0.000020 -0.000002 -1.896136
 34   15.835795 0.581398 0.242756 -0.214735 0.106913 -0.097869
 35   -0.815868 -0.091229 -3.114430 0.066464 3.132818 -1.010216
 36   14.294526 -0.410349 -0.467541 0.000009 -0.000036 -2.607695
 37   15.834409 0.579420 -0.284600 -0.006131 -0.035383 0.214508
 38   1.139685 -3.453749 -2.823813 0.000000 0.000000 0.000001
 39   -4.457742 -1.054854 -0.746180 0.000000 0.000000 0.000000
 40   1.118101 -3.449769 3.237290 0.000000 0.000001 0.000000
 41   -4.433840 -1.059130 0.959566 -0.000001 0.000000 0.000000
 42   -0.657468 1.697302 -2.688614 0.000000 0.000002 0.000000
 43   -0.664068 1.698578 2.869377 0.000000 0.000002 0.000000
time 24
  0   -0.967547 0.175787 -20.574476 0.000000 0.000000 -1.572114
  1   -1.093036 0.000002 -0.326057 -1.570756 -1.570425 -0.000219
  2   2.262337 0.113614 0.064702 -0.000052 0.000049 0.192424
  3   2.380047 0.353302 0.047440 0.000000 -0.000040 0.060910
  4   2.033756 0.190472 -0.000128 -0.171747 0.030057 0.171351
  5   2.451511 0.204909 -0.003447 -0.138715 0.014434 0.103433
  6   7.247600 -0.397300 -0.109469 0.000001 0.000009 0.052298
  7   -2.022252 -0.104661 3.136172 0.914587 -1.249868 -4.083686
  8   1.168026 -0.537438 -0.063437 1.177061 1.072063 0.508867
  9   6.790376 -0.619176 0.015206 -0.059965 -0.464797 -1.632891
 10   8.637599 0.544015 -0.090417 -0.927679 -0.034622 -0.148716
 11   6.790465 -0.619039 0.017802 -0.124835 -0.334817 -1.136512
 12   -2.022474 -0.104699 -2.873818 0.839417 1.276005 -2.377323
 13   1.167898 -0.537463 0.063297 -1.142384 -1.002135 0.310029
 14   7.002743 -0.617765 -0.183752 0.000229 0.000250 -1.839129
 15   8.209042 0.615527 -0.255885 1.598132 0.255590 0.214623
 16   7.002735 -0.617911 -0.183641 0.013167 0.010300 -1.306017
 17   1.574674 0.609930 -0.000899 0.249415 -0.190392 0.382797
 18   -0.602177 0.511412 -0.000006 0.000000 0.000000 0.000000
 19   3.673773 0.177020 1.119313 -0.000002 -0.000014 -0.174510
 20   3.673767 0.176993 -1.117566 0.000007 -0.000003 -0.174546
 21   3.942357 1.334540 1.627658 0.000002 -0.000011 -0.000026
 22   -0.246060 -0.011889 0.516521 -0.000011 0.000031 0.000025
 23   3.942374 1.334565 -1.631083 0.000019 0.000002 -0.000024
 24   -0.246150 -0.011872 -0.516511 -0.000005 -0.000006 0.000048
 25   4.941364 1.997338 1.629330 0.000018 -0.000001 -0.000024
 26   4.941382 1.997366 -1.629410 -0.000001 0.000005 -0.000024
 27   2.914462 1.619264 1.514501 -0.000019 -0.000022 -0.000050
 28   2.916892 1.618870 -1.501142 -0.000002 -0.000009 -0.000024
 29   8.824059 0.150544 0.091743 0.000006 -0.000231 -0.174534
 30   2.111085 -0.561179 1.784320 -0.000008 -0.000682 0.000024
 31   2.121290 -0.561289 -1.853599 0.000000 0.000000 -0.000002
 32   -0.814395 -0.093824 3.127092 3.071685 -0.114787 1.239365
 33   14.298673 -0.408176 0.471578 0.000020 -0.000002 -1.896136
 34   15.835795 0.581398 0.242756 -0.214735 0.106913 -0.097869
 35   -0.815868 -0.091229 -3.114430 0.066464 3.132818 -1.010216
 36   14.294526 -0.410349 -0.467541 0.000009 -0.000036 -2.607695
 37   15.834409 0.579420 -0.284600 -0.006131 -0.035383 0.214508
 38   1.139685 -3.453749 -2.823813 0.000000 0.000000 0.000001
 39   -4.457742 -1.054854 -0.746180 0.000000 0.000000 0.000000
 40   1.118101 -3.449769 3.237290 0.000000 0.000001 0.000000
 41   -4.433840 -1.059130 0.959566 -0.000001 0.000000 0.000000
 42   -0.657468 1.697302 -2.688614 0.000000 0.000002 0.000000
 43   -0.664068 1.698578 2.869377 0.000000 0.000002 0.000000
time 25
  0   -0.967547 0.175787 -20.574476 0.000000 0.000000 -1.572114
  1   -1.093036 0.000002 -0.326057 -1.570756 -1.570425 -0.000219
  2   2.262337 0.113614 0.064702 -0.000052 0.000049 0.192424
  3   2.380047 0.353302 0.047440 0.000000 -0.000040 0.060910
  4   2.033756 0.190472 -0.000128 -0.171747 0.030057 0.171351
  5   2.451511 0.204909 -0.003447 -0.138715 0.014434 0.103433
  6   7.247600 -0.397300 -0.109469 0.000001 0.000009 0.052298
  7   -2.022252 -0.104661 3.136172 0.914587 -1.249868 -4.083686
  8   1.168026 -0.537438 -0.063437 1.177061 1.072063 0.508867
  9   6.790376 -0.619176 0.015206 -0.059965 -0.464797 -1.702698
 10   8.637599 0.544015 -0.090417 -0.191633 0.007683 -0.279587
 11   6.790465 -0.619039 0.017802 -0.128776 -0.335130 -1.184094
 12   -2.022474 -0.104699 -2.873818 0.839417 1.276005 -2.377323
 13   1.167898 -0.537463 0.063297 -1.142384 -1.002135 0.310029
 14   7.002743 -0.617765 -0.183752 0.000229 0.000250 -1.839129
 15   8.209042 0.615527 -0.255885 1.598132 0.255590 0.214623
 16   7.002735 -0.617911 -0.183641 0.013167 0.010300 -1.306017
 17   1.574674 0.609930 -0.000899 0.249415 -0.190392 0.382797
 18   -0.602177 0.511412 -0.000006 0.000000 0.000000 0.000000
 19   3.673773 0.177020 1.119313 -0.000002 -0.000014 -0.174510
 20   3.673767 0.176993 -1.117566 0.000007 -0.000003 -0.174546
 21   3.942357 1.334540 1.627658 0.000002 -0.000011 -0.000026
 22   -0.246060 -0.011889 0.516521 -0.000011 0.000031 0.000025
 23   3.942374 1.334565 -1.631083 0.000019 0.000002 -0.000024
 24   -0.246150 -0.011872 -0.516511 -0.000005 -0.000006 0.000048
 25   4.941364 1.997338 1.629330 0.000018 -0.000001 -0.000024
 26   4.941382 1.997366 -1.629410 -0.000001 0.000005 -0.000024
 27   2.914462 1.619264 1.514501 -0.000019 -0.000022 -0.000050
 28   2.916892 1.618870 -1.501142 -0.000002 -0.000009 -0.000024
 29   8.824059 0.150544 0.091743 0.000006 -0.000231 -0.174534
 30   2.111085 -0.561179 1.784320 -0.000008 -0.000682 0.000024
 31   2.121290 -0.561289 -1.853599 0.000000 0.000000 -0.000002
 32   -0.814395 -0.093824 3.127092 3.071685 -0.114787 1.239365
 33   14.298673 -0.408176 0.471578 0.000020 -0.000002 -1.896136
 34   15.835795 0.581398 0.242756 -0.214735 0.106913 -0.097869
 35   -0.815868 -0.091229 -3.114430 0.066464 3.132818 -1.010216
 36   14.294526 -0.410349 -0.467541 0.000009 -0.000036 -2.607695
 37   15.834409 0.579420 -0.284600 -0.006131 -0.035383 0.214508
 38   1.139685 -3.453749 -2.823813 0.000000 0.000000 0.000001
 39   -4.457742 -1.054854 -0.746180 0.000000 0.000000 0.000000
 40   1.118101 -3.449769 3.237290 0.000000 0.000001 0.000000
 41   -4.433840 -1.059130 0.959566 -0.000001 0.000000 0.000000
 42   -0.657468 1.697302 -2.688614 0.000000 0.000002 0.000000
 43   -0.664068 1.698578 2.869377 0.000000 0.000002 0.000000
time 26
  0   -0.967547 0.175787 -20.574476 0.000000 0.000000 -1.572114
  1   -1.093036 0.000002 -0.326057 -1.570756 -1.570425 -0.000219
  2   2.262337 0.113614 0.064702 -0.000052 0.000049 0.192424
  3   2.380047 0.353302 0.047440 0.000000 -0.000040 0.060910
  4   2.033756 0.190472 -0.000128 -0.171747 0.030057 0.171351
  5   2.451511 0.204909 -0.003447 -0.138715 0.014434 0.103433
  6   7.247600 -0.397300 -0.109469 0.000001 0.000009 0.052298
  7   -2.022252 -0.104661 3.136172 0.914587 -1.249868 -4.083686
  8   1.168026 -0.537438 -0.063437 1.088405 1.093346 0.430424
  9   6.790376 -0.619176 0.015206 -0.080659 -0.415943 -1.728961
 10   8.637599 0.544015 -0.090417 -0.191633 0.007683 -0.279587
 11   6.790465 -0.619039 0.017802 -0.134528 -0.296529 -1.208087
 12   -2.022474 -0.104699 -2.873818 0.839417 1.276005 -2.377323
 13   1.167898 -0.537463 0.063297 -1.142384 -1.002135 0.310029
 14   7.002743 -0.617765 -0.183752 0.000229 0.000250 -1.839129
 15   8.209042 0.615527 -0.255885 1.598132 0.255590 0.214623
 16   7.002735 -0.617911 -0.183641 0.013167 0.010300 -1.306017
 17   1.574674 0.609930 -0.000899 0.249415 -0.190392 0.382797
 18   -0.602177 0.511412 -0.000006 0.000000 0.000000 0.000000
 19   3.673773 0.177020 1.119313 -0.000002 -0.000014 -0.174510
 20   3.673767 0.176993 -1.117566 0.000007 -0.000003 -0.174546
 21   3.942357 1.334540 1.627658 0.000002 -0.000011 -0.000026
 22   -0.246060 -0.011889 0.516521 -0.000011 0.000031 0.000025
 23   3.942374 1.334565 -1.631083 0.000019 0.000002 -0.000024
 24   -0.246150 -0.011872 -0.516511 -0.000005 -0.000006 0.000048
 25   4.941364 1.997338 1.629330 0.000018 -0.000001 -0.000024
 26   4.941382 1.997366 -1.629410 -0.000001 0.000005 -0.000024
 27   2.914462 1.619264 1.514501 -0.000019 -0.000022 -0.000050
 28   2.916892 1.618870 -1.501142 -0.000002 -0.000009 -0.000024
 29   8.824059 0.150544 0.091743 0.000006 -0.000231 -0.174534
 30   2.111085 -0.561179 1.784320 -0.000008 -0.000682 0.000024
 31   2.121290 -0.561289 -1.853599 0.000000 0.000000 -0.000002
 32   -0.814395 -0.093824 3.127092 3.071685 -0.114787 1.239365
 33   14.298673 -0.408176 0.471578 0.000020 -0.000002 -1.896136
 34   15.835795 0.581398 0.242756 -0.214735 0.106913 -0.097869
 35   -0.815868 -0.091229 -3.114430 0.066464 3.132818 -1.010216
 36   14.294526 -0.410349 -0.467541 0.000009 -0.000036 -2.607695
 37   15.834409 0.579420 -0.284600 -0.006131 -0.035383 0.214508
 38   1.139685 -3.453749 -2.823813 0.000000 0.000000 0.000001
 39   -4.457742 -1.054854 -0.746180 0.000000 0.000000 0.000000
 40   1.118101 -3.449769 3.237290 0.000000 0.000001 0.000000
 41   -4.433840 -1.059130 0.959566 -0.000001 0.000000 0.000000
 42   -0.657468 1.697302 -2.688614 0.000000 0.000002 0.000000
 43   -0.664068 1.698578 2.869377 0.000000 0.000002 0.000000
time 27
  0   -0.967547 0.175787 -20.574476 0.000000 0.000000 -1.572114
  1   -1.093036 0.000002 -0.326057 -1.570756 -1.570425 -0.000219
  2   2.262337 0.113614 0.064702 -0.000052 0.000049 0.192424
  3   2.380047 0.353302 0.047440 0.000000 -0.000040 0.060910
  4   2.033756 0.190472 -0.000128 -0.171747 0.030057 0.171351
  5   2.451511 0.204909 -0.003447 -0.138715 0.014434 0.103433
  6   7.247600 -0.397300 -0.109469 0.000001 0.000009 0.052298
  7   -2.022252 -0.104661 3.136172 0.914587 -1.249868 -4.083686
  8   1.168026 -0.537438 -0.063437 0.992978 1.111107 0.345149
  9   6.790376 -0.619176 0.015206 -0.102129 -0.367756 -1.755450
 10   8.637599 0.544015 -0.090417 -0.191633 0.007683 -0.279587
 11   6.790465 -0.619039 0.017802 -0.141126 -0.257899 -1.231445
 12   -2.022474 -0.104699 -2.873818 0.839417 1.276005 -2.377323
 13   1.167898 -0.537463 0.063297 -1.142384 -1.002135 0.310029
 14   7.002743 -0.617765 -0.183752 0.000229 0.000250 -1.839129
 15   8.209042 0.615527 -0.255885 1.598132 0.255590 0.214623
 16   7.002735 -0.617911 -0.183641 0.013167 0.010300 -1.306017
 17   1.574674 0.609930 -0.000899 0.249415 -0.190392 0.382797
 18   -0.602177 0.511412 -0.000006 0.000000 0.000000 0.000000
 19   3.673773 0.177020 1.119313 -0.000002 -0.000014 -0.174510
 20   3.673767 0.176993 -1.117566 0.000007 -0.000003 -0.174546
 21   3.942357 1.334540 1.627658 0.000002 -0.000011 -0.000026
 22   -0.246060 -0.011889 0.516521 -0.000011 0.000031 0.000025
 23   3.942374 1.334565 -1.631083 0.000019 0.000002 -0.000024
 24   -0.246150 -0.011872 -0.516511 -0.000005 -0.000006 0.000048
 25   4.941364 1.997338 1.629330 0.000018 -0.000001 -0.000024
 26   4.941382 1.997366 -1.629410 -0.000001 0.000005 -0.000024
 27   2.914462 1.619264 1.514501 -0.000019 -0.000022 -0.000050
 28   2.916892 1.618870 -1.501142 -0.000002 -0.000009 -0.000024
 29   8.824059 0.150544 0.091743 0.000006 -0.000231 -0.174534
 30   2.111085 -0.561179 1.784320 -0.000008 -0.000682 0.000024
 31   2.121290 -0.561289 -1.853599 0.000000 0.000000 -0.000002
 32   -0.814395 -0.093824 3.127092 3.071685 -0.114787 1.239365
 33   14.298673 -0.408176 0.471578 0.000020 -0.000002 -1.896136
 34   15.835795 0.581398 0.242756 -0.214735 0.106913 -0.097869
 35   -0.815868 -0.091229 -3.114430 0.066464 3.132818 -1.010216
 36   14.294526 -0.410349 -0.467541 0.000009 -0.000036 -2.607695
 37   15.834409 0.579420 -0.284600 -0.006131 -0.035383 0.214508
 38   1.139685 -3.453749 -2.823813 0.000000 0.000000 0.000001
 39   -4.457742 -1.054854 -0.746180 0.000000 0.000000 0.000000
 40   1.118101 -3.449769 3.237290 0.000000 0.000001 0.000000
 41   -4.433840 -1.059130 0.959566 -0.000001 0.000000 0.000000
 42   -0.657468 1.697302 -2.688614 0.000000 0.000002 0.000000
 43   -0.664068 1.698578 2.869377 0.000000 0.000002 0.000000
time 28
  0   -0.967547 0.175787 -20.574476 0.000000 0.000000 -1.572114
  1   -1.093036 0.000002 -0.326057 -1.570756 -1.570425 -0.000219
  2   2.262337 0.113614 0.064702 -0.000052 0.000049 0.192424
  3   2.380047 0.353302 0.047440 0.000000 -0.000040 0.060910
  4   2.033756 0.190472 -0.000128 -0.171747 0.030057 0.171351
  5   2.451511 0.204909 -0.003447 -0.138715 0.014434 0.103433
  6   7.247600 -0.397300 -0.109469 0.000001 0.000009 0.052298
  7   -2.022252 -0.104661 3.136172 0.914587 -1.249868 -4.083686
  8   1.168026 -0.537438 -0.063437 0.891097 1.124893 0.253548
  9   6.790376 -0.619176 0.015206 -0.124765 -0.320104 -1.783222
 10   8.637599 0.544015 -0.090417 -0.191633 0.007683 -0.279587
 11   6.790465 -0.619039 0.017802 -0.148659 -0.219212 -1.254977
 12   -2.022474 -0.104699 -2.873818 0.839417 1.276005 -2.377323
 13   1.167898 -0.537463 0.063297 -1.142384 -1.002135 0.310029
 14   7.002743 -0.617765 -0.183752 0.000229 0.000250 -1.839129
 15   8.209042 0.615527 -0.255885 1.598132 0.255590 0.214623
 16   7.002735 -0.617911 -0.183641 0.013167 0.010300 -1.306017
 17   1.574674 0.609930 -0.000899 0.249415 -0.190392 0.382797
 18   -0.602177 0.511412 -0.000006 0.000000 0.000000 0.000000
 19   3.673773 0.177020 1.119313 -0.000002 -0.000014 -0.174510
 20   3.673767 0.176993 -1.117566 0.000007 -0.000003 -0.174546
 21   3.942357 1.334540 1.627658 0.000002 -0.000011 -0.000026
 22   -0.246060 -0.011889 0.516521 -0.000011 0.000031 0.000025
 23   3.942374 1.334565 -1.631083 0.000019 0.000002 -0.000024
 24   -0.246150 -0.011872 -0.516511 -0.000005 -0.000006 0.000048
 25   4.941364 1.997338 1.629330 0.000018 -0.000001 -0.000024
 26   4.941382 1.997366 -1.629410 -0.000001 0.000005 -0.000024
 27   2.914462 1.619264 1.514501 -0.000019 -0.000022 -0.000050
 28   2.916892 1.618870 -1.501142 -0.000002 -0.000009 -0.000024
 29   8.824059 0.150544 0.091743 0.000006 -0.000231 -0.174534
 30   2.111085 -0.561179 1.784320 -0.000008 -0.000682 0.000024
 31   2.121290 -0.561289 -1.853599 0.000000 0.000000 -0.000002
 32   -0.814395 -0.093824 3.127092 3.071685 -0.114787 1.239365
 33   14.298673 -0.408176 0.471578 0.000020 -0.000002 -1.896136
 34   15.835795 0.581398 0.242756 -0.214735 0.106913 -0.097869
 35   -0.815868 -0.091229 -3.114430 0.066464 3.132818 -1.010216
 36   14.294526 -0.410349 -0.467541 0.000009 -0.000036 -2.607695
 37   15.834409 0.579420 -0.284600 -0.006131 -0.035383 0.214508
 38   1.139685 -3.453749 -2.823813 0.000000 0.000000 0.000001
 39   -4.457742 -1.054854 -0.746180 0.000000 0.000000 0.000000
 40   1.118101 -3.449769 3.237290 0.000000 0.000001 0.000000
 41   -4.433840 -1.059130 0.959566 -0.000001 0.000000 0.000000
 42   -0.657468 1.697302 -2.688614 0.000000 0.000002 0.000000
 43   -0.664068 1.698578 2.869377 0.000000 0.000002 0.000000
time 29
  0   -0.967547 0.175787 -20.574476 0.000000 0.000000 -1.572114
  1   -1.093036 0.000002 -0.326057 -1.570756 -1.570425 -0.000219
  2   2.262337 0.113614 0.064702 -0.000052 0.000049 0.192424
  3   2.380047 0.353302 0.047440 0.000000 -0.000040 0.060910
  4   2.033756 0.190472 -0.000128 -0.171747 0.030057 0.171351
  5   2.451511 0.204909 -0.003447 -0.138715 0.014434 0.103433
  6   7.247600 -0.397300 -0.109469 0.000001 0.000009 0.052298
  7   -2.022252 -0.104661 3.136172 0.914587 -1.249868 -4.083686
  8   1.168026 -0.537438 -0.063437 0.367198 1.112717 -0.257786
  9   6.790376 -0.619176 0.015206 -0.100631 -0.352807 -1.642777
 10   8.637599 0.544015 -0.090417 -0.774534 0.160078 -0.110735
 11   6.790465 -0.619039 0.017802 -0.132192 -0.247694 -1.154738
 12   -2.022474 -0.104699 -2.873818 0.839417 1.276005 -2.377323
 13   1.167898 -0.537463 0.063297 -1.142384 -1.002135 0.310029
 14   7.002743 -0.617765 -0.183752 0.000229 0.000250 -1.839129
 15   8.209042 0.615527 -0.255885 1.598132 0.255590 0.214623
 16   7.002735 -0.617911 -0.183641 0.013167 0.010300 -1.306017
 17   1.574674 0.609930 -0.000899 0.249415 -0.190392 0.382797
 18   -0.602177 0.511412 -0.000006 0.000000 0.000000 0.000000
 19   3.673773 0.177020 1.119313 -0.000002 -0.000014 -0.174510
 20   3.673767 0.176993 -1.117566 0.000007 -0.000003 -0.174546
 21   3.942357 1.334540 1.627658 0.000002 -0.000011 -0.000026
 22   -0.246060 -0.011889 0.516521 -0.000011 0.000031 0.000025
 23   3.942374 1.334565 -1.631083 0.000019 0.000002 -0.000024
 24   -0.246150 -0.011872 -0.516511 -0.000005 -0.000006 0.000048
 25   4.941364 1.997338 1.629330 0.000018 -0.000001 -0.000024
 26   4.941382 1.997366 -1.629410 -0.000001 0.000005 -0.000024
 27   2.914462 1.619264 1.514501 -0.000019 -0.000022 -0.000050
 28   2.916892 1.618870 -1.501142 -0.000002 -0.000009 -0.000024
 29   8.824059 0.150544 0.091743 0.000006 -0.000231 -0.174534
 30   2.111085 -0.561179 1.784320 -0.000008 -0.000682 0.000024
 31   2.121290 -0.561289 -1.853599 0.000000 0.000000 -0.000002
 32   -0.814395 -0.093824 3.127092 3.071685 -0.114787 1.239365
 33   14.298673 -0.408176 0.471578 0.000020 -0.000002 -1.896136
 34   15.835795 0.581398 0.242756 -0.214735 0.106913 -0.097869
 35   -0.815868 -0.091229 -3.114430 0.066464 3.132818 -1.010216
 36   14.294526 -0.410349 -0.467541 0.000009 -0.000036 -2.607695
 37   15.834409 0.579420 -0.284600 -0.006131 -0.035383 0.214508
 38   1.139685 -3.453749 -2.823813 0.000000 0.000000 0.000001
 39   -4.457742 -1.054854 -0.746180 0.000000 0.000000 0.000000
 40   1.118101 -3.449769 3.237290 0.000000 0.000001 0.000000
 41   -4.433840 -1.059130 0.959566 -0.000001 0.000000 0.000000
 42   -0.657468 1.697302 -2.688614 0.000000 0.000002 0.000000
 43   -0.664068 1.698578 2.869377 0.000000 0.000002 0.000000
time 30
  0   -0.967547 0.175787 -20.574476 0.000000 0.000000 -1.572114
  1   -1.093036 0.000002 -0.326057 -1.570756 -1.570425 -0.000219
  2   2.262337 0.113614 0.064702 -0.000052 0.000049 0.192424
  3   2.380047 0.353302 0.047440 0.000000 -0.000040 0.060910
  4   2.033756 0.190472 -0.000128 -0.171747 0.030057 0.171351
  5   2.451511 0.204909 -0.003447 -0.138715 0.014434 0.103433
  6   7.247600 -0.397300 -0.109469 0.000001 0.000009 0.052298
  7   -2.022252 -0.104661 3.136172 0.914587 -1.249868 -4.083686
  8   1.168026 -0.537438 -0.063437 -0.037607 1.000969 -0.652341
  9   6.790376 -0.619176 0.015206 -0.081657 -0.388179 -1.501427
 10   8.637599 0.544015 -0.090417 -1.355586 0.380822 -0.051123
 11   6.790465 -0.619039 0.017802 -0.118995 -0.276375 -1.054037
 12   -2.022474 -0.104699 -2.873818 0.839417 1.276005 -2.377323
 13   1.167898 -0.537463 0.063297 -1.142384 -1.002135 0.310029
 14   7.002743 -0.617765 -0.183752 0.000229 0.000250 -1.839129
 15   8.209042 0.615527 -0.255885 1.598132 0.255590 0.214623
 16   7.002735 -0.617911 -0.183641 0.013167 0.010300 -1.306017
 17   1.574674 0.609930 -0.000899 0.249415 -0.190392 0.382797
 18   -0.602177 0.511412 -0.000006 0.000000 0.000000 0.000000
 19   3.673773 0.177020 1.119313 -0.000002 -0.000014 -0.174510
 20   3.673767 0.176993 -1.117566 0.000007 -0.000003 -0.174546
 21   3.942357 1.334540 1.627658 0.000002 -0.000011 -0.000026
 22   -0.246060 -0.011889 0.516521 -0.000011 0.000031 0.000025
 23   3.942374 1.334565 -1.631083 0.000019 0.000002 -0.000024
 24   -0.246150 -0.011872 -0.516511 -0.000005 -0.000006 0.000048
 25   4.941364 1.997338 1.629330 0.000018 -0.000001 -0.000024
 26   4.941382 1.997366 -1.629410 -0.000001 0.000005 -0.000024
 27   2.914462 1.619264 1.514501 -0.000019 -0.000022 -0.000050
 28   2.916892 1.618870 -1.501142 -0.000002 -0.000009 -0.000024
 29   8.824059 0.150544 0.091743 0.000006 -0.000231 -0.174534
 30   2.111085 -0.561179 1.784320 -0.000008 -0.000682 0.000024
 31   2.121290 -0.561289 -1.853599 0.000000 0.000000 -0.000002
 32   -0.814395 -0.093824 3.127092 3.071685 -0.114787 1.239365
 33   14.298673 -0.408176 0.471578 0.000020 -0.000002 -1.896136
 34   15.835795 0.581398 0.242756 -0.214735 0.106913 -0.097869
 35   -0.815868 -0.091229 -3.114430 0.066464 3.132818 -1.010216
 36   14.294526 -0.410349 -0.467541 0.000009 -0.000036 -2.607695
 37   15.834409 0.579420 -0.284600 -0.006131 -0.035383 0.214508
 38   1.139685 -3.453749 -2.823813 0.000000 0.000000 0.000001
 39   -4.457742 -1.054854 -0.746180 0.000000 0.000000 0.000000
 40   1.118101 -3.449769 3.237290 0.000000 0.000001 0.000000
 41   -4.433840 -1.059130 0.959566 -0.000001 0.000000 0.000000
 42   -0.657468 1.697302 -2.688614 0.000000 0.000002 0.000000
 43   -0.664068 1.698578 2.869377 0.000000 0.000002 0.000000
time 31
  0   -0.967547 0.175787 -20.574476 0.000000 0.000000 -1.572114
  1   -1.093036 0.000002 -0.326057 -1.570756 -1.570425 -0.000219
  2   2.262337 0.113614 0.064702 -0.000052 0.000049 0.192424
  3   2.380047 0.353302 0.047440 0.000000 -0.000040 0.060910
  4   2.033756 0.190472 -0.000128 -0.171747 0.030057 0.171351
  5   2.451511 0.204909 -0.003447 -0.138715 0.014434 0.103433
  6   7.247600 -0.397300 -0.109469 0.000001 0.000009 0.052298
  7   -2.022252 -0.104661 3.136172 0.914587 -1.249868 -4.083686
  8   1.168026 -0.537438 -0.063437 -0.291299 0.833825 -0.894059
  9   6.790376 -0.619176 0.015206 -0.067787 -0.425754 -1.358567
 10   8.637599 0.544015 -0.090417 -1.994144 0.594809 -0.139962
 11   6.790465 -0.619039 0.017802 -0.108894 -0.305170 -0.952356
 12   -2.022474 -0.104699 -2.873818 0.839417 1.276005 -2.377323
 13   1.167898 -0.537463 0.063297 -1.142384 -1.002135 0.310029
 14   7.002743 -0.617765 -0.183752 0.000229 0.000250 -1.839129
 15   8.209042 0.615527 -0.255885 1.598132 0.255590 0.214623
 16   7.002735 -0.617911 -0.183641 0.013167 0.010300 -1.306017
 17   1.574674 0.609930 -0.000899 0.249415 -0.190392 0.382797
 18   -0.602177 0.511412 -0.000006 0.000000 0.000000 0.000000
 19   3.673773 0.177020 1.119313 -0.000002 -0.000014 -0.174510
 20   3.673767 0.176993 -1.117566 0.000007 -0.000003 -0.174546
 21   3.942357 1.334540 1.627658 0.000002 -0.000011 -0.000026
 22   -0.246060 -0.011889 0.516521 -0.000011 0.000031 0.000025
 23   3.942374 1.334565 -1.631083 0.000019 0.000002 -0.000024
 24   -0.246150 -0.011872 -0.516511 -0.000005 -0.000006 0.000048
 25   4.941364 1.997338 1.629330 0.000018 -0.000001 -0.000024
 26   4.941382 1.997366 -1.629410 -0.000001 0.000005 -0.000024
 27   2.914462 1.619264 1.514501 -0.000019 -0.000022 -0.000050
 28   2.916892 1.618870 -1.501142 -0.000002 -0.000009 -0.000024
 29   8.824059 0.150544 0.091743 0.000006 -0.000231 -0.174534
 30   2.111085 -0.561179 1.784320 -0.000008 -0.000682 0.000024
 31   2.121290 -0.561289 -1.853599 0.000000 0.000000 -0.000002
 32   -0.814395 -0.093824 3.127092 3.071685 -0.114787 1.239365
 33   14.298673 -0.408176 0.471578 0.000020 -0.000002 -1.896136
 34   15.835795 0.581398 0.242756 -0.214735 0.106913 -0.097869
 35   -0.815868 -0.091229 -3.114430 0.066464 3.132818 -1.010216
 36   14.294526 -0.410349 -0.467541 0.000009 -0.000036 -2.607695
 37   15.834409 0.579420 -0.284600 -0.006131 -0.035383 0.214508
 38   1.139685 -3.453749 -2.823813 0.000000 0.000000 0.000001
 39   -4.457742 -1.054854 -0.746180 0.000000 0.000000 0.000000
 40   1.118101 -3.449769 3.237290 0.000000 0.000001 0.000000
 41   -4.433840 -1.059130 0.959566 -0.000001 0.000000 0.000000
 42   -0.657468 1.697302 -2.688614 0.000000 0.000002 0.000000
 43   -0.664068 1.698578 2.869377 0.000000 0.000002 0.000000
time 32
  0   -0.967547 0.175787 -20.574476 0.000000 0.000000 -1.572114
  1   -1.093036 0.000002 -0.326057 -1.570756 -1.570425 -0.000219
  2   2.262337 0.113614 0.064702 -0.000052 0.000049 0.192424
  3   2.380047 0.353302 0.047440 0.000000 -0.000040 0.060910
  4   2.033756 0.190472 -0.000128 -0.171747 0.030057 0.171351
  5   2.451511 0.204909 -0.003447 -0.138715 0.014434 0.103433
  6   7.247600 -0.397300 -0.109469 0.000001 0.000009 0.052298
  7   -2.022252 -0.104661 3.136172 0.914587 -1.249868 -4.083686
  8   1.168026 -0.537438 -0.063437 -0.452094 0.640567 -1.041899
  9   6.790376 -0.619176 0.015206 -0.059965 -0.464797 -1.213669
 10   8.637599 0.544015 -0.090417 -2.743136 0.708912 -0.388971
 11   6.790465 -0.619039 0.017802 -0.102091 -0.333709 -0.849810
 12   -2.022474 -0.104699 -2.873818 0.839417 1.276005 -2.377323
 13   1.167898 -0.537463 0.063297 -1.142384 -1.002135 0.310029
 14   7.002743 -0.617765 -0.183752 0.000229 0.000250 -1.839129
 15   8.209042 0.615527 -0.255885 1.598132 0.255590 0.214623
 16   7.002735 -0.617911 -0.183641 0.013167 0.010300 -1.306017
 17   1.574674 0.609930 -0.000899 0.249415 -0.190392 0.382797
 18   -0.602177 0.511412 -0.000006 0.000000 0.000000 0.000000
 19   3.673773 0.177020 1.119313 -0.000002 -0.000014 -0.174510
 20   3.673767 0.176993 -1.117566 0.000007 -0.000003 -0.174546
 21   3.942357 1.334540 1.627658 0.000002 -0.000011 -0.000026
 22   -0.246060 -0.011889 0.516521 -0.000011 0.000031 0.000025
 23   3.942374 1.334565 -1.631083 0.000019 0.000002 -0.000024
 24   -0.246150 -0.011872 -0.516511 -0.000005 -0.000006 0.000048
 25   4.941364 1.997338 1.629330 0.000018 -0.000001 -0.000024
 26   4.941382 1.997366 -1.629410 -0.000001 0.000005 -0.000024
 27   2.914462 1.619264 1.514501 -0.000019 -0.000022 -0.000050
 28   2.916892 1.618870 -1.501142 -0.000002 -0.000009 -0.000024
 29   8.824059 0.150544 0.091743 0.000006 -0.000231 -0.174534
 30   2.111085 -0.561179 1.784320 -0.000008 -0.000682 0.000024
 31   2.121290 -0.561289 -1.853599 0.000000 0.000000 -0.000002
 32   -0.814395 -0.093824 3.127092 3.071685 -0.114787 1.239365
 33   14.298673 -0.408176 0.471578 0.000020 -0.000002 -1.896136
 34   15.835795 0.581398 0.242756 -0.214735 0.106913 -0.097869
 35   -0.815868 -0.091229 -3.114430 0.066464 3.132818 -1.010216
 36   14.294526 -0.410349 -0.467541 0.000009 -0.000036 -2.607695
 37   15.834409 0.579420 -0.284600 -0.006131 -0.035383 0.214508
 38   1.139685 -3.453749 -2.823813 0.000000 0.000000 0.000001
 39   -4.457742 -1.054854 -0.746180 0.000000 0.000000 0.000000
 40   1.118101 -3.449769 3.237290 0.000000 0.000001 0.000000
 41   -4.433840 -1.059130 0.959566 -0.000001 0.000000 0.000000
 42   -0.657468 1.697302 -2.688614 0.000000 0.000002 0.000000
 43   -0.664068 1.698578 2.869377 0.000000 0.000002 0.000000
time 33
  0   -0.967547 0.175787 -20.574476 0.000000 0.000000 -1.572114
  1   -1.093036 0.000002 -0.326057 -1.570756 -1.570425 -0.000219
  2   2.262337 0.113614 0.064702 -0.000052 0.000049 0.192424
  3   2.380047 0.353302 0.047440 0.000000 -0.000040 0.060910
  4   2.033756 0.190472 -0.000128 -0.171747 0.030057 0.171351
  5   2.451511 0.204909 -0.003447 -0.138715 0.014434 0.103433
  6   7.247600 -0.397300 -0.109469 0.000001 0.000009 0.052298
  7   -2.022252 -0.104661 3.136172 0.914587 -1.249868 -4.083686
  8   1.168026 -0.537438 -0.063437 -0.315662 0.716341 -0.941441
  9   6.790376 -0.619176 0.015206 -0.032724 -0.420147 -1.346416
 10   8.637599 0.544015 -0.090417 -2.434116 0.704618 -0.460158
 11   6.790465 -0.619039 0.017802 -0.082880 -0.305937 -0.942955
 12   -2.022474 -0.104699 -2.873818 0.839417 1.276005 -2.377323
 13   1.167898 -0.537463 0.063297 -1.142384 -1.002135 0.310029
 14   7.002743 -0.617765 -0.183752 0.000229 0.000250 -1.839129
 15   8.209042 0.615527 -0.255885 1.598132 0.255590 0.214623
 16   7.002735 -0.617911 -0.183641 0.013167 0.010300 -1.306017
 17   1.574674 0.609930 -0.000899 0.249415 -0.190392 0.382797
 18   -0.602177 0.511412 -0.000006 0.000000 0.000000 0.000000
 19   3.673773 0.177020 1.119313 -0.000002 -0.000014 -0.174510
 20   3.673767 0.176993 -1.117566 0.000007 -0.000003 -0.174546
 21   3.942357 1.334540 1.627658 0.000002 -0.000011 -0.000026
 22   -0.246060 -0.011889 0.516521 -0.000011 0.000031 0.000025
 23   3.942374 1.334565 -1.631083 0.000019 0.000002 -0.000024
 24   -0.246150 -0.011872 -0.516511 -0.000005 -0.000006 0.000048
 25   4.941364 1.997338 1.629330 0.000018 -0.000001 -0.000024
 26   4.941382 1.997366 -1.629410 -0.000001 0.000005 -0.000024
 27   2.914462 1.619264 1.514501 -0.000019 -0.000022 -0.000050
 28   2.916892 1.618870 -1.501142 -0.000002 -0.000009 -0.000024
 29   8.824059 0.150544 0.091743 0.000006 -0.000231 -0.174534
 30   2.111085 -0.561179 1.784320 -0.000008 -0.000682 0.000024
 31   2.121290 -0.561289 -1.853599 0.000000 0.000000 -0.000002
 32   -0.814395 -0.093824 3.127092 3.071685 -0.114787 1.239365
 33   14.298673 -0.408176 0.471578 0.000020 -0.000002 -1.896136
 34   15.835795 0.581398 0.242756 -0.214735 0.106913 -0.097869
 35   -0.815868 -0.091229 -3.114430 0.066464 3.132818 -1.010216
 36   14.294526 -0.410349 -0.467541 0.000009 -0.000036 -2.607695
 37   15.834409 0.579420 -0.284600 -0.006131 -0.035383 0.214508
 38   1.139685 -3.453749 -2.823813 0.000000 0.000000 0.000001
 39   -4.457742 -1.054854 -0.746180 0.000000 0.000000 0.000000
 40   1.118101 -3.449769 3.237290 0.000000 0.000001 0.000000
 41   -4.433840 -1.059130 0.959566 -0.000001 0.000000 0.000000
 42   -0.657468 1.697302 -2.688614 0.000000 0.000002 0.000000
 43   -0.664068 1.698578 2.869377 0.000000 0.000002 0.000000
time 34
  0   -0.967547 0.175787 -20.574476 0.000000 0.000000 -1.572114
  1   -1.093036 0.000002 -0.326057 -1.570756 -1.570425 -0.000219
  2   2.262337 0.113614 0.064702 -0.000052 0.000049 0.192424
  3   2.380047 0.353302 0.047440 0.000000 -0.000040 0.060910
  4   2.033756 0.190472 -0.000128 -0.171747 0.030057 0.171351
  5   2.451511 0.204909 -0.003447 -0.138715 0.014434 0.103433
  6   7.247600 -0.397300 -0.109469 0.000001 0.000009 0.052298
  7   -2.022252 -0.104661 3.136172 0.914587 -1.249868 -4.083686
  8   1.168026 -0.537438 -0.063437 -0.160308 0.780190 -0.820234
  9   6.790376 -0.619176 0.015206 -0.012474 -0.372762 -1.475315
 10   8.637599 0.544015 -0.090417 -2.124392 0.716866 -0.530260
 11   6.790465 -0.619039 0.017802 -0.066501 -0.275920 -1.034428
 12   -2.022474 -0.104699 -2.873818 0.839417 1.276005 -2.377323
 13   1.167898 -0.537463 0.063297 -1.142384 -1.002135 0.310029
 14   7.002743 -0.617765 -0.183752 0.000229 0.000250 -1.839129
 15   8.209042 0.615527 -0.255885 1.598132 0.255590 0.214623
 16   7.002735 -0.617911 -0.183641 0.013167 0.010300 -1.306017
 17   1.574674 0.609930 -0.000899 0.249415 -0.190392 0.382797
 18   -0.602177 0.511412 -0.000006 0.000000 0.000000 0.000000
 19   3.673773 0.177020 1.119313 -0.000002 -0.000014 -0.174510
 20   3.673767 0.176993 -1.117566 0.000007 -0.000003 -0.174546
 21   3.942357 1.334540 1.627658 0.000002 -0.000011 -0.000026
 22   -0.246060 -0.011889 0.516521 -0.000011 0.000031 0.000025
 23   3.942374 1.334565 -1.631083 0.000019 0.000002 -0.000024
 24   -0.246150 -0.011872 -0.516511 -0.000005 -0.000006 0.000048
 25   4.941364 1.997338 1.629330 0.000018 -0.000001 -0.000024
 26   4.941382 1.997366 -1.629410 -0.000001 0.000005 -0.000024
 27   2.914462 1.619264 1.514501 -0.000019 -0.000022 -0.000050
 28   2.916892 1.618870 -1.501142 -0.000002 -0.000009 -0.000024
 29   8.824059 0.150544 0.091743 0.000006 -0.000231 -0.174534
 30   2.111085 -0.561179 1.784320 -0.000008 -0.000682 0.000024
 31   2.121290 -0.561289 -1.853599 0.000000 0.000000 -0.000002
 32   -0.814395 -0.093824 3.127092 3.071685 -0.114787 1.239365
 33   14.298673 -0.408176 0.471578 0.000020 -0.000002 -1.896136
 34   15.835795 0.581398 0.242756 -0.214735 0.106913 -0.097869
 35   -0.815868 -0.091229 -3.114430 0.066464 3.132818 -1.010216
 36   14.294526 -0.410349 -0.467541 0.000009 -0.000036 -2.607695
 37   15.834409 0.579420 -0.284600 -0.006131 -0.035383 0.214508
 38   1.139685 -3.453749 -2.823813 0.000000 0.000000 0.000001
 39   -4.457742 -1.054854 -0.746180 0.000000 0.000000 0.000000
 40   1.118101 -3.449769 3.237290 0.000000 0.000001 0.000000
 41   -4.433840 -1.059130 0.959566 -0.000001 0.000000 0.000000
 42   -0.657468 1.697302 -2.688614 0.000000 0.000002 0.000000
 43   -0.664068 1.698578 2.869377 0.000000 0.000002 0.000000
time 35
  0   -0.967547 0.175787 -20.574476 0.000000 0.000000 -1.572114
  1   -1.093036 0.000002 -0.326057 -1.570756 -1.570425 -0.000219
  2   2.262337 0.113614 0.064702 -0.000052 0.000049 0.192424
  3   2.380047 0.353302 0.047440 0.000000 -0.000040 0.060910
  4   2.033756 0.190472 -0.000128 -0.171747 0.030057 0.171351
  5   2.451511 0.204909 -0.003447 -0.138715 0.014434 0.103433
  6   7.247600 -0.397300 -0.109469 0.000001 0.000009 0.052298
  7   -2.022252 -0.104661 3.136172 0.914587 -1.249868 -4.083686
  8   1.168026 -0.537438 -0.063437 0.014219 0.828592 -0.679353
  9   6.790376 -0.619176 0.015206 0.000342 -0.323241 -1.600968
 10   8.637599 0.544015 -0.090417 -1.810970 0.744740 -0.593054
 11   6.790465 -0.619039 0.017802 -0.053216 -0.243572 -1.124574
 12   -2.022474 -0.104699 -2.873818 0.839417 1.276005 -2.377323
 13   1.167898 -0.537463 0.063297 -1.142384 -1.002135 0.310029
 14   7.002743 -0.617765 -0.183752 0.000229 0.000250 -1.839129
 15   8.209042 0.615527 -0.255885 1.598132 0.255590 0.214623
 16   7.002735 -0.617911 -0.183641 0.013167 0.010300 -1.306017
 17   1.574674 0.609930 -0.000899 0.249415 -0.190392 0.382797
 18   -0.602177 0.511412 -0.000006 0.000000 0.000000 0.000000
 19   3.673773 0.177020 1.119313 -0.000002 -0.000014 -0.174510
 20   3.673767 0.176993 -1.117566 0.000007 -0.000003 -0.174546
 21   3.942357 1.334540 1.627658 0.000002 -0.000011 -0.000026
 22   -0.246060 -0.011889 0.516521 -0.000011 0.000031 0.000025
 23   3.942374 1.334565 -1.631083 0.000019 0.000002 -0.000024
 24   -0.246150 -0.011872 -0.516511 -0.000005 -0.000006 0.000048
 25   4.941364 1.997338 1.629330 0.000018 -0.000001 -0.000024
 26   4.941382 1.997366 -1.629410 -0.000001 0.000005 -0.000024
 27   2.914462 1.619264 1.514501 -0.000019 -0.000022 -0.000050
 28   2.916892 1.618870 -1.501142 -0.000002 -0.000009 -0.000024
 29   8.824059 0.150544 0.091743 0.000006 -0.000231 -0.174534
 30   2.111085 -0.561179 1.784320 -0.000008 -0.000682 0.000024
 31   2.121290 -0.561289 -1.853599 0.000000 0.000000 -0.000002
 32   -0.814395 -0.093824 3.127092 3.071685 -0.114787 1.239365
 33   14.298673 -0.408176 0.471578 0.000020 -0.000002 -1.896136
 34   15.835795 0.581398 0.242756 -0.214735 0.106913 -0.097869
 35   -0.815868 -0.091229 -3.114430 0.066464 3.132818 -1.010216
 36   14.294526 -0.410349 -0.467541 0.000009 -0.000036 -2.607695
 37   15.834409 0.579420 -0.284600 -0.006131 -0.035383 0.214508
 38   1.139685 -3.453749 -2.823813 0.000000 0.000000 0.000001
 39   -4.457742 -1.054854 -0.746180 0.000000 0.000000 0.000000
 40   1.118101 -3.449769 3.237290 0.000000 0.000001 0.000000
 41   -4.433840 -1.059130 0.959566 -0.000001 0.000000 0.000000
 42   -0.657468 1.697302 -2.688614 0.000000 0.000002 0.000000
 43   -0.664068 1.698578 2.869377 0.000000 0.000002 0.000000
time 36
  0   -0.967547 0.175787 -20.574476 0.000000 0.000000 -1.572114
  1   -1.093036 0.000002 -0.326057 -1.570756 -1.570425 -0.000219
  2   2.262337 0.113614 0.064702 -0.000052 0.000049 0.192424
  3   2.380047 0.353302 0.047440 0.000000 -0.000040 0.060910
  4   2.033756 0.190472 -0.000128 -0.171747 0.030057 0.171351
  5   2.451511 0.204909 -0.003447 -0.138715 0.014434 0.103433
  6   7.247600 -0.397300 -0.109469 0.000001 0.000009 0.052298
  7   -2.022252 -0.104661 3.136172 0.914587 -1.249868 -4.083686
  8   1.168026 -0.537438 -0.063437 0.204883 0.858479 -0.521139
  9   6.790376 -0.619176 0.015206 0.006888 -0.272785 -1.723829
 10   8.637599 0.544015 -0.090417 -1.490942 0.785919 -0.642176
 11   6.790465 -0.619039 0.017802 -0.042852 -0.209547 -1.213105
 12   -2.022474 -0.104699 -2.873818 0.839417 1.276005 -2.377323
 13   1.167898 -0.537463 0.063297 -1.142384 -1.002135 0.310029
 14   7.002743 -0.617765 -0.183752 0.000229 0.000250 -1.839129
 15   8.209042 0.615527 -0.255885 1.598132 0.255590 0.214623
 16   7.002735 -0.617911 -0.183641 0.013167 0.010300 -1.306017
 17   1.574674 0.609930 -0.000899 0.249415 -0.190392 0.382797
 18   -0.602177 0.511412 -0.000006 0.000000 0.000000 0.000000
 19   3.673773 0.177020 1.119313 -0.000002 -0.000014 -0.174510
 20   3.673767 0.176993 -1.117566 0.000007 -0.000003 -0.174546
 21   3.942357 1.334540 1.627658 0.000002 -0.000011 -0.000026
 22   -0.246060 -0.011889 0.516521 -0.000011 0.000031 0.000025
 23   3.942374 1.334565 -1.631083 0.000019 0.000002 -0.000024
 24   -0.246150 -0.011872 -0.516511 -0.000005 -0.000006 0.000048
 25   4.941364 1.997338 1.629330 0.000018 -0.000001 -0.000024
 26   4.941382 1.997366 -1.629410 -0.000001 0.000005 -0.000024
 27   2.914462 1.619264 1.514501 -0.000019 -0.000022 -0.000050
 28   2.916892 1.618870 -1.501142 -0.000002 -0.000009 -0.000024
 29   8.824059 0.150544 0.091743 0.000006 -0.000231 -0.174534
 30   2.111085 -0.561179 1.784320 -0.000008 -0.000682 0.000024
 31   2.121290 -0.561289 -1.853599 0.000000 0.000000 -0.000002
 32   -0.814395 -0.093824 3.127092 3.071685 -0.114787 1.239365
 33   14.298673 -0.408176 0.471578 0.000020 -0.000002 -1.896136
 34   15.835795 0.581398 0.242756 -0.214735 0.106913 -0.097869
 35   -0.815868 -0.091229 -3.114430 0.066464 3.132818 -1.010216
 36   14.294526 -0.410349 -0.467541 0.000009 -0.000036 -2.607695
 37   15.834409 0.579420 -0.284600 -0.006131 -0.035383 0.214508
 38   1.139685 -3.453749 -2.823813 0.000000 0.000000 0.000001
 39   -4.457742 -1.054854 -0.746180 0.000000 0.000000 0.000000
 40   1.118101 -3.449769 3.237290 0.000000 0.000001 0.000000
 41   -4.433840 -1.059130 0.959566 -0.000001 0.000000 0.000000
 42   -0.657468 1.697302 -2.688614 0.000000 0.000002 0.000000
 43   -0.664068 1.698578 2.869377 0.000000 0.000002 0.000000
time 37
  0   -0.967547 0.175787 -20.574476 0.000000 0.000000 -1.572114
  1   -1.093036 0.000002 -0.326057 -1.570756 -1.570425 -0.000219
  2   2.262337 0.113614 0.064702 -0.000052 0.000049 0.192424
  3   2.380047 0.353302 0.047440 0.000000 -0.000040 0.060910
  4   2.033756 0.190472 -0.000128 -0.171747 0.030057 0.171351
  5   2.451511 0.204909 -0.003447 -0.138715 0.014434 0.103433
  6   7.247600 -0.397300 -0.109469 0.000001 0.000009 0.052298
  7   -2.022252 -0.104661 3.136172 0.914587 -1.249868 -4.083686
  8   1.168026 -0.537438 -0.063437 0.405356 0.867133 -0.353689
  9   6.790376 -0.619176 0.015206 0.006944 -0.221796 -1.844804
 10   8.637599 0.544015 -0.090417 -1.156912 0.836107 -0.671982
 11   6.790465 -0.619039 0.017802 -0.035699 -0.173760 -1.300367
 12   -2.022474 -0.104699 -2.873818 0.839417 1.276005 -2.377323
 13   1.167898 -0.537463 0.063297 -1.142384 -1.002135 0.310029
 14   7.002743 -0.617765 -0.183752 0.000229 0.000250 -1.839129
 15   8.209042 0.615527 -0.255885 1.598132 0.255590 0.214623
 16   7.002735 -0.617911 -0.183641 0.013167 0.010300 -1.306017
 17   1.574674 0.609930 -0.000899 0.249415 -0.190392 0.382797
 18   -0.602177 0.511412 -0.000006 0.000000 0.000000 0.000000
 19   3.673773 0.177020 1.119313 -0.000002 -0.000014 -0.174510
 20   3.673767 0.176993 -1.117566 0.000007 -0.000003 -0.174546
 21   3.942357 1.334540 1.627658 0.000002 -0.000011 -0.000026
 22   -0.246060 -0.011889 0.516521 -0.000011 0.000031 0.000025
 23   3.942374 1.334565 -1.631083 0.000019 0.000002 -0.000024
 24   -0.246150 -0.011872 -0.516511 -0.000005 -0.000006 0.000048
 25   4.941364 1.997338 1.629330 0.000018 -0.000001 -0.000024
 26   4.941382 1.997366 -1.629410 -0.000001 0.000005 -0.000024
 27   2.914462 1.619264 1.514501 -0.000019 -0.000022 -0.000050
 28   2.916892 1.618870 -1.501142 -0.000002 -0.000009 -0.000024
 29   8.824059 0.150544 0.091743 0.000006 -0.000231 -0.174534
 30   2.111085 -0.561179 1.784320 -0.000008 -0.000682 0.000024
 31   2.121290 -0.561289 -1.853599 0.000000 0.000000 -0.000002
 32   -0.814395 -0.093824 3.127092 3.071685 -0.114787 1.239365
 33   14.298673 -0.408176 0.471578 0.000020 -0.000002 -1.896136
 34   15.835795 0.581398 0.242756 -0.214735 0.106913 -0.097869
 35   -0.815868 -0.091229 -3.114430 0.066464 3.132818 -1.010216
 36   14.294526 -0.410349 -0.467541 0.000009 -0.000036 -2.607695
 37   15.834409 0.579420 -0.284600 -0.006131 -0.035383 0.214508
 38   1.139685 -3.453749 -2.823813 0.000000 0.000000 0.000001
 39   -4.457742 -1.054854 -0.746180 0.000000 0.000000 0.000000
 40   1.118101 -3.449769 3.237290 0.000000 0.000001 0.000000
 41   -4.433840 -1.059130 0.959566 -0.000001 0.000000 0.000000
 42   -0.657468 1.697302 -2.688614 0.000000 0.000002 0.000000
 43   -0.664068 1.698578 2.869377 0.000000 0.000002 0.000000
time 38
  0   -0.967547 0.175787 -20.574476 0.000000 0.000000 -1.572114
  1   -1.093036 0.000002 -0.326057 -1.570756 -1.570425 -0.000219
  2   2.262337 0.113614 0.064702 -0.000052 0.000049 0.192424
  3   2.380047 0.353302 0.047440 0.000000 -0.000040 0.060910
  4   2.033756 0.190472 -0.000128 -0.171747 0.030057 0.171351
  5   2.451511 0.204909 -0.003447 -0.138715 0.014434 0.103433
  6   7.247600 -0.397300 -0.109469 0.000001 0.000009 0.052298
  7   -2.022252 -0.104661 3.136172 0.914587 -1.249868 -4.083686
  8   1.168026 -0.537438 -0.063437 0.405356 0.867133 -0.353689
  9   6.790376 -0.619176 0.015206 0.006944 -0.221796 -1.844804
 10   8.637599 0.544015 -0.090417 -1.156912 0.836107 -0.671982
 11   6.790465 -0.619039 0.017802 -0.035699 -0.173760 -1.300367
 12   -2.022474 -0.104699 -2.873818 0.839417 1.276005 -2.377323
 13   1.167898 -0.537463 0.063297 -1.142384 -1.002135 0.310029
 14   7.002743 -0.617765 -0.183752 0.000229 0.000250 -1.839129
 15   8.209042 0.615527 -0.255885 1.598132 0.255590 0.214623
 16   7.002735 -0.617911 -0.183641 0.013167 0.010300 -1.306017
 17   1.574674 0.609930 -0.000899 0.249415 -0.190392 0.382797
 18   -0.602177 0.511412 -0.000006 0.000000 0.000000 0.000000
 19   3.673773 0.177020 1.119313 -0.000002 -0.000014 -0.174510
 20   3.673767 0.176993 -1.117566 0.000007 -0.000003 -0.174546
 21   3.942357 1.334540 1.627658 0.000002 -0.000011 -0.000026
 22   -0.246060 -0.011889 0.516521 -0.000011 0.000031 0.000025
 23   3.942374 1.334565 -1.631083 0.000019 0.000002 -0.000024
 24   -0.246150 -0.011872 -0.516511 -0.000005 -0.000006 0.000048
 25   4.941364 1.997338 1.629330 0.000018 -0.000001 -0.000024
 26   4.941382 1.997366 -1.629410 -0.000001 0.000005 -0.000024
 27   2.914462 1.619264 1.514501 -0.000019 -0.000022 -0.000050
 28   2.916892 1.618870 -1.501142 -0.000002 -0.000009 -0.000024
 29   8.824059 0.150544 0.091743 0.000006 -0.000231 -0.174534
 30   2.111085 -0.561179 1.784320 -0.000008 -0.000682 0.000024
 31   2.121290 -0.561289 -1.853599 0.000000 0.000000 -0.000002
 32   -0.814395 -0.093824 3.127092 3.071685 -0.114787 1.239365
 33   14.298673 -0.408176 0.471578 0.000020 -0.000002 -1.896136
 34   15.835795 0.581398 0.242756 -0.214735 0.106913 -0.097869
 35   -0.815868 -0.091229 -3.114430 0.066464 3.132818 -1.010216
 36   14.294526 -0.410349 -0.467541 0.000009 -0.000036 -2.607695
 37   15.834409 0.579420 -0.284600 -0.006131 -0.035383 0.214508
 38   1.139685 -3.453749 -2.823813 0.000000 0.000000 0.000001
 39   -4.457742 -1.054854 -0.746180 0.000000 0.000000 0.000000
 40   1.118101 -3.449769 3.237290 0.000000 0.000001 0.000000
 41   -4.433840 -1.059130 0.959566 -0.000001 0.000000 0.000000
 42   -0.657468 1.697302 -2.688614 0.000000 0.000002 0.000000
 43   -0.664068 1.698578 2.869377 0.000000 0.000002 0.000000
time 39
  0   -0.967547 0.175787 -20.574476 0.000000 0.000000 -1.572114
  1   -1.093036 0.000002 -0.326057 -1.570756 -1.570425 -0.000219
  2   2.262337 0.113614 0.064702 -0.000052 0.000049 0.192424
  3   2.380047 0.353302 0.047440 0.000000 -0.000040 0.060910
  4   2.033756 0.190472 -0.000128 -0.171747 0.030057 0.171351
  5   2.451511 0.204909 -0.003447 -0.138715 0.014434 0.103433
  6   7.247600 -0.397300 -0.109469 0.000001 0.000009 0.052298
  7   -2.022252 -0.104661 3.136172 0.914587 -1.249868 -4.083686
  8   1.168026 -0.537438 -0.063437 0.405356 0.867133 -0.353689
  9   6.790376 -0.619176 0.015206 0.006944 -0.221796 -1.844804
 10   8.637599 0.544015 -0.090417 -1.156912 0.836107 -0.671982
 11   6.790465 -0.619039 0.017802 -0.035699 -0.173760 -1.300367
 12   -2.022474 -0.104699 -2.873818 0.839417 1.276005 -2.377323
 13   1.167898 -0.537463 0.063297 -1.142384 -1.002135 0.310029
 14   7.002743 -0.617765 -0.183752 0.000229 0.000250 -1.839129
 15   8.209042 0.615527 -0.255885 1.598132 0.255590 0.214623
 16   7.002735 -0.617911 -0.183641 0.013167 0.010300 -1.306017
 17   1.574674 0.609930 -0.000899 0.249415 -0.190392 0.382797
 18   -0.602177 0.511412 -0.000006 0.000000 0.000000 0.000000
 19   3.673773 0.177020 1.119313 -0.000002 -0.000014 -0.174510
 20   3.673767 0.176993 -1.117566 0.000007 -0.000003 -0.174546
 21   3.942357 1.334540 1.627658 0.000002 -0.000011 -0.000026
 22   -0.246060 -0.011889 0.516521 -0.000011 0.000031 0.000025
 23   3.942374 1.334565 -1.631083 0.000019 0.000002 -0.000024
 24   -0.246150 -0.011872 -0.516511 -0.000005 -0.000006 0.000048
 25   4.941364 1.997338 1.629330 0.000018 -0.000001 -0.000024
 26   4.941382 1.997366 -1.629410 -0.000001 0.000005 -0.000024
 27   2.914462 1.619264 1.514501 -0.000019 -0.000022 -0.000050
 28   2.916892 1.618870 -1.501142 -0.000002 -0.000009 -0.000024
 29   8.824059 0.150544 0.091743 0.000006 -0.000231 -0.174534
 30   2.111085 -0.561179 1.784320 -0.000008 -0.000682 0.000024
 31   2.121290 -0.561289 -1.853599 0.000000 0.000000 -0.000002
 32   -0.814395 -0.093824 3.127092 3.071685 -0.114787 1.239365
 33   14.298673 -0.408176 0.471578 0.000020 -0.000002 -1.896136
 34   15.835795 0.581398 0.242756 -0.214735 0.106913 -0.097869
 35   -0.815868 -0.091229 -3.114430 0.066464 3.132818 -1.010216
 36   14.294526 -0.410349 -0.467541 0.000009 -0.000036 -2.607695
 37   15.834409 0.579420 -0.284600 -0.006131 -0.035383 0.214508
 38   1.139685 -3.453749 -2.823813 0.000000 0.000000 0.000001
 39   -4.457742 -1.054854 -0.746180 0.000000 0.000000 0.000000
 40   1.118101 -3.449769 3.237290 0.000000 0.000001 0.000000
 41   -4.433840 -1.059130 0.959566 -0.000001 0.000000 0.000000
 42   -0.657468 1.697302 -2.688614 0.000000 0.000002 0.000000
 43   -0.664068 1.698578 2.869377 0.000000 0.000002 0.000000
end
