version 1
nodes
  0 "Bip01" -1
  1 "Bip01 Pelvis" 0
  2 "Bip01 Spine" 1
  3 "Bip01 Spine1" 2
  4 "Bip01 Spine2" 3
  5 "Bip01 Spine3" 4
  6 "Bip01 Neck" 5
  7 "Bip01 L Arm" 6
  8 "Bip01 L Arm1" 7
  9 "Bip01 L Arm2" 8
 10 "Bip01 L Hand" 9
 11 "Bip06 L elbow2-smooth" 8
 12 "Bip01 R Arm" 6
 13 "Bip01 R Arm1" 12
 14 "Bip01 R Arm2" 13
 15 "Bip01 R Hand" 14
 16 "Bip06 R elbow2-smooth" 13
 17 "Bip01 Head" 6
 18 "Bip06 Head_helper" 17
 19 "Bip06 Head_eyes_l" 18
 20 "Bip06 Head_eyes_r" 18
 21 "Bip06 Head_blink_l" 18
 22 "Bip06 Head_blink_smooth_l1" 21
 23 "Bip06 Head_blink_r" 18
 24 "Bip06 Head_blink_smooth_r1" 23
 25 "Bip06 Head_L_eyebrow" 18
 26 "Bip06 Head_R_eyebrow" 18
 27 "Bip06 Head_blink_l_lid" 18
 28 "Bip06 Head_blink_r_lid" 18
 29 "Bip06 bunny" 18
 30 "Bip06 bunnyL" 29
 31 "Bip06 bunnyR" 29
 32 "Bip01 L Leg" 1
 33 "Bip01 L Leg1" 32
 34 "Bip01 L Foot" 33
 35 "Bip01 R Leg" 1
 36 "Bip01 R Leg1" 35
 37 "Bip01 R Foot" 36
 38 "Bip03 HairR1" 17
 39 "Bip03 HairR2" 38
 40 "Bip03 HairL1" 17
 41 "Bip03 HairL2" 40
 42 "Bip03 swingR" 17
 43 "Bip03 swingL" 17
end
skeleton
time 0
  0   -0.967547 0.175787 -20.574476 0.000000 0.000000 -1.572114
  1   -1.093036 0.000002 -0.326057 -0.000991 -1.569082 -1.569683
  2   2.262337 0.113614 0.064702 -0.057906 0.106604 -0.003356
  3   2.380047 0.353302 0.047440 -0.116093 -0.031655 -0.086111
  4   2.033756 0.190472 -0.000128 -0.136706 -0.080417 -0.035728
  5   2.451511 0.204909 -0.003447 -0.063572 -0.005841 -0.052862
  6   7.247600 -0.397300 -0.109469 -0.091897 0.032679 0.231869
  7   -2.022252 -0.104661 3.136172 1.691803 -1.064250 -5.091033
  8   1.168026 -0.537438 -0.063437 -1.136346 0.148896 -0.444847
  9   6.790376 -0.619176 0.015206 -0.000102 -0.000085 -1.044924
 10   8.637599 0.544015 -0.090417 -3.909379 0.493235 0.099063
 11   6.790465 -0.619039 0.017802 0.000563 -0.011481 -0.746745
 12   -2.022474 -0.104699 -2.873818 -1.513222 0.739178 -4.850986
 13   1.167898 -0.537463 0.063297 1.067168 0.304267 -1.419631
 14   7.002743 -0.617765 -0.183752 0.000059 0.000023 -0.385631
 15   8.209042 0.615527 -0.255885 1.841236 0.337681 0.337664
 16   7.002735 -0.617911 -0.183641 0.014532 0.002180 -0.288538
 17   1.574674 0.609930 -0.000899 0.327611 0.060477 -0.336279
 18   -0.602177 0.511412 -0.000006 0.000000 0.000000 0.000000
 19   3.673773 0.177020 1.119313 -0.000002 -0.000014 -0.174510
 20   3.673767 0.176993 -1.117566 0.000007 -0.000003 -0.174546
 21   3.942357 1.334540 1.627658 0.000002 -0.000011 -0.000026
 22   -0.246060 -0.011889 0.516521 -0.000011 0.000031 0.000025
 23   3.942374 1.334565 -1.631083 0.000019 0.000002 -0.000024
 24   -0.246150 -0.011872 -0.516511 -0.000005 -0.000006 0.000048
 25   4.941364 1.997338 1.629330 0.000018 -0.000001 -0.000024
 26   4.941382 1.997366 -1.629410 -0.000001 0.000005 -0.000024
 27   2.914462 1.619264 1.514501 -0.000019 -0.000022 -0.000050
 28   2.916892 1.618870 -1.501142 -0.000002 -0.000009 -0.000024
 29   8.824059 0.150544 0.091743 0.000006 -0.000231 -0.174534
 30   2.111085 -0.561179 1.784320 -0.000008 -0.000682 0.000024
 31   2.121290 -0.561289 -1.853599 0.000000 0.000000 -0.000002
 32   -0.814395 -0.093824 3.127092 3.071872 -0.114691 1.239365
 33   14.298673 -0.408176 0.471578 0.000248 0.000063 -1.896136
 34   15.835795 0.581398 0.242756 -0.214735 0.106913 -0.097869
 35   -0.815868 -0.091229 -3.114430 0.066464 3.132818 -1.010216
 36   14.294526 -0.410349 -0.467541 0.000021 -0.000012 -2.607695
 37   15.834409 0.579420 -0.284600 -0.006092 -0.035255 0.214508
 38   1.139685 -3.453749 -2.823813 0.000000 0.000000 0.000001
 39   -4.457742 -1.054854 -0.746180 0.000000 0.000000 0.000000
 40   1.118101 -3.449769 3.237290 0.000000 0.000001 0.000000
 41   -4.433840 -1.059130 0.959566 -0.000001 0.000000 0.000000
 42   -0.657468 1.697302 -2.688614 0.000000 0.000002 0.000000
 43   -0.664068 1.698578 2.869377 0.000000 0.000002 0.000000
time 1
  0   -0.967547 0.175787 -20.574476 0.000000 0.000000 -1.572114
  1   -1.093036 0.000002 -0.326057 -0.000991 -1.569082 -1.569683
  2   2.262337 0.113614 0.064702 -0.060708 0.107694 -0.013981
  3   2.380047 0.353302 0.047440 -0.071135 -0.043137 -0.076664
  4   2.033756 0.190472 -0.000128 -0.092020 -0.076593 -0.011769
  5   2.451511 0.204909 -0.003447 -0.045394 -0.022160 0.000087
  6   7.247600 -0.397300 -0.109469 -0.091897 0.032679 0.231869
  7   -2.022252 -0.104661 3.136172 1.678383 -1.078000 -5.074410
  8   1.168026 -0.537438 -0.063437 -1.155646 0.298078 -0.616915
  9   6.790376 -0.619176 0.015206 -0.000102 -0.000085 -1.080167
 10   8.637599 0.544015 -0.090417 -3.703131 0.603889 0.249033
 11   6.790465 -0.619039 0.017802 0.000709 -0.011538 -0.771373
 12   -2.022474 -0.104699 -2.873818 -1.493677 0.872921 -4.837965
 13   1.167898 -0.537463 0.063297 1.173878 0.084067 -1.281491
 14   7.002743 -0.617765 -0.183752 0.000059 0.000023 -0.695439
 15   8.209042 0.615527 -0.255885 1.836059 0.294555 0.293343
 16   7.002735 -0.617911 -0.183641 0.014391 0.003815 -0.505391
 17   1.574674 0.609930 -0.000899 0.268020 0.029047 -0.163043
 18   -0.602177 0.511412 -0.000006 0.000000 0.000000 0.000000
 19   3.673773 0.177020 1.119313 -0.000002 -0.000014 -0.174510
 20   3.673767 0.176993 -1.117566 0.000007 -0.000003 -0.174546
 21   3.942357 1.334540 1.627658 0.000002 -0.000011 -0.000026
 22   -0.246060 -0.011889 0.516521 -0.000011 0.000031 0.000025
 23   3.942374 1.334565 -1.631083 0.000019 0.000002 -0.000024
 24   -0.246150 -0.011872 -0.516511 -0.000005 -0.000006 0.000048
 25   4.941364 1.997338 1.629330 0.000018 -0.000001 -0.000024
 26   4.941382 1.997366 -1.629410 -0.000001 0.000005 -0.000024
 27   2.914462 1.619264 1.514501 -0.000019 -0.000022 -0.000050
 28   2.916892 1.618870 -1.501142 -0.000002 -0.000009 -0.000024
 29   8.824059 0.150544 0.091743 0.000006 -0.000231 -0.174534
 30   2.111085 -0.561179 1.784320 -0.000008 -0.000682 0.000024
 31   2.121290 -0.561289 -1.853599 0.000000 0.000000 -0.000002
 32   -0.814395 -0.093824 3.127092 3.071872 -0.114691 1.239365
 33   14.298673 -0.408176 0.471578 0.000248 0.000063 -1.896136
 34   15.835795 0.581398 0.242756 -0.214735 0.106913 -0.097869
 35   -0.815868 -0.091229 -3.114430 0.066464 3.132818 -1.010216
 36   14.294526 -0.410349 -0.467541 0.000021 -0.000012 -2.607695
 37   15.834409 0.579420 -0.284600 -0.006092 -0.035255 0.214508
 38   1.139685 -3.453749 -2.823813 0.000000 0.000000 0.000001
 39   -4.457742 -1.054854 -0.746180 0.000000 0.000000 0.000000
 40   1.118101 -3.449769 3.237290 0.000000 0.000001 0.000000
 41   -4.433840 -1.059130 0.959566 -0.000001 0.000000 0.000000
 42   -0.657468 1.697302 -2.688614 0.000000 0.000002 0.000000
 43   -0.664068 1.698578 2.869377 0.000000 0.000002 0.000000
time 2
  0   -0.967547 0.175787 -20.574476 0.000000 0.000000 -1.572114
  1   -1.093036 0.000002 -0.326057 -0.000991 -1.569082 -1.569683
  2   2.262337 0.113614 0.064702 -0.063778 0.109013 -0.025872
  3   2.380047 0.353302 0.047440 -0.027092 -0.058213 -0.065645
  4   2.033756 0.190472 -0.000128 -0.046319 -0.075179 0.015416
  5   2.451511 0.204909 -0.003447 -0.031324 -0.044564 0.057840
  6   7.247600 -0.397300 -0.109469 -0.091897 0.032679 0.231869
  7   -2.022252 -0.104661 3.136172 1.637452 -1.113862 -5.026137
  8   1.168026 -0.537438 -0.063437 -1.098631 0.560568 -0.783796
  9   6.790376 -0.619176 0.015206 -0.000102 -0.000085 -1.136994
 10   8.637599 0.544015 -0.090417 -3.312916 0.718555 0.463606
 11   6.790465 -0.619039 0.017802 0.000972 -0.011538 -0.811053
 12   -2.022474 -0.104699 -2.873818 -1.468959 0.996562 -4.819582
 13   1.167898 -0.537463 0.063297 1.286563 -0.159781 -1.213268
 14   7.002743 -0.617765 -0.183752 0.000172 0.000023 -0.986270
 15   8.209042 0.615527 -0.255885 1.832248 0.253472 0.253773
 16   7.002735 -0.617911 -0.183641 0.014155 0.005281 -0.709052
 17   1.574674 0.609930 -0.000899 0.237310 0.033591 0.076243
 18   -0.602177 0.511412 -0.000006 0.000000 0.000000 0.000000
 19   3.673773 0.177020 1.119313 -0.000002 -0.000014 -0.174510
 20   3.673767 0.176993 -1.117566 0.000007 -0.000003 -0.174546
 21   3.942357 1.334540 1.627658 0.000002 -0.000011 -0.000026
 22   -0.246060 -0.011889 0.516521 -0.000011 0.000031 0.000025
 23   3.942374 1.334565 -1.631083 0.000019 0.000002 -0.000024
 24   -0.246150 -0.011872 -0.516511 -0.000005 -0.000006 0.000048
 25   4.941364 1.997338 1.629330 0.000018 -0.000001 -0.000024
 26   4.941382 1.997366 -1.629410 -0.000001 0.000005 -0.000024
 27   2.914462 1.619264 1.514501 -0.000019 -0.000022 -0.000050
 28   2.916892 1.618870 -1.501142 -0.000002 -0.000009 -0.000024
 29   8.824059 0.150544 0.091743 0.000006 -0.000231 -0.174534
 30   2.111085 -0.561179 1.784320 -0.000008 -0.000682 0.000024
 31   2.121290 -0.561289 -1.853599 0.000000 0.000000 -0.000002
 32   -0.814395 -0.093824 3.127092 3.071872 -0.114691 1.239365
 33   14.298673 -0.408176 0.471578 0.000248 0.000063 -1.896136
 34   15.835795 0.581398 0.242756 -0.214735 0.106913 -0.097869
 35   -0.815868 -0.091229 -3.114430 0.066464 3.132818 -1.010216
 36   14.294526 -0.410349 -0.467541 0.000021 -0.000012 -2.607695
 37   15.834409 0.579420 -0.284600 -0.006092 -0.035255 0.214508
 38   1.139685 -3.453749 -2.823813 0.000000 0.000000 0.000001
 39   -4.457742 -1.054854 -0.746180 0.000000 0.000000 0.000000
 40   1.118101 -3.449769 3.237290 0.000000 0.000001 0.000000
 41   -4.433840 -1.059130 0.959566 -0.000001 0.000000 0.000000
 42   -0.657468 1.697302 -2.688614 0.000000 0.000002 0.000000
 43   -0.664068 1.698578 2.869377 0.000000 0.000002 0.000000
time 3
  0   -0.967547 0.175787 -20.574476 0.000000 0.000000 -1.572114
  1   -1.093036 0.000002 -0.326057 -0.001044 -1.569082 -1.569635
  2   2.262337 0.113614 0.064702 -0.066733 0.111589 -0.037239
  3   2.380047 0.353302 0.047440 -0.002265 -0.074488 -0.050136
  4   2.033756 0.190472 -0.000128 -0.002684 -0.079673 0.043326
  5   2.451511 0.204909 -0.003447 -0.026651 -0.072698 0.109327
  6   7.247600 -0.397300 -0.109469 -0.091897 0.032679 0.231869
  7   -2.022252 -0.104661 3.136172 1.564983 -1.162810 -4.944900
  8   1.168026 -0.537438 -0.063437 -0.908030 0.882831 -0.781898
  9   6.790376 -0.619176 0.015206 -0.000102 -0.000085 -1.204915
 10   8.637599 0.544015 -0.090417 -2.797208 0.742277 0.712615
 11   6.790465 -0.619039 0.017802 0.001235 -0.011623 -0.858635
 12   -2.022474 -0.104699 -2.873818 -1.434660 1.115474 -4.790860
 13   1.167898 -0.537463 0.063297 1.436435 -0.400424 -1.308187
 14   7.002743 -0.617765 -0.183752 0.000172 0.000023 -1.223969
 15   8.209042 0.615527 -0.255885 1.831529 0.211405 0.218592
 16   7.002735 -0.617911 -0.183641 0.013967 0.006578 -0.875403
 17   1.574674 0.609930 -0.000899 0.263267 0.057992 0.302407
 18   -0.602177 0.511412 -0.000006 0.000000 0.000000 0.000000
 19   3.673773 0.177020 1.119313 -0.000002 -0.000014 -0.174510
 20   3.673767 0.176993 -1.117566 0.000007 -0.000003 -0.174546
 21   3.942357 1.334540 1.627658 0.000002 -0.000011 -0.000026
 22   -0.246060 -0.011889 0.516521 -0.000011 0.000031 0.000025
 23   3.942374 1.334565 -1.631083 0.000019 0.000002 -0.000024
 24   -0.246150 -0.011872 -0.516511 -0.000005 -0.000006 0.000048
 25   4.941364 1.997338 1.629330 0.000018 -0.000001 -0.000024
 26   4.941382 1.997366 -1.629410 -0.000001 0.000005 -0.000024
 27   2.914462 1.619264 1.514501 -0.000019 -0.000022 -0.000050
 28   2.916892 1.618870 -1.501142 -0.000002 -0.000009 -0.000024
 29   8.824059 0.150544 0.091743 0.000006 -0.000231 -0.174534
 30   2.111085 -0.561179 1.784320 -0.000008 -0.000682 0.000024
 31   2.121290 -0.561289 -1.853599 0.000000 0.000000 -0.000002
 32   -0.814395 -0.093824 3.127092 3.071872 -0.114691 1.239365
 33   14.298673 -0.408176 0.471578 0.000248 0.000063 -1.896136
 34   15.835795 0.581398 0.242756 -0.214735 0.106913 -0.097869
 35   -0.815868 -0.091229 -3.114430 0.066464 3.132818 -1.010216
 36   14.294526 -0.410349 -0.467541 0.000021 -0.000012 -2.607695
 37   15.834409 0.579420 -0.284600 -0.006092 -0.035255 0.214508
 38   1.139685 -3.453749 -2.823813 0.000000 0.000000 0.000001
 39   -4.457742 -1.054854 -0.746180 0.000000 0.000000 0.000000
 40   1.118101 -3.449769 3.237290 0.000000 0.000001 0.000000
 41   -4.433840 -1.059130 0.959566 -0.000001 0.000000 0.000000
 42   -0.657468 1.697302 -2.688614 0.000000 0.000002 0.000000
 43   -0.664068 1.698578 2.869377 0.000000 0.000002 0.000000
time 4
  0   -0.967547 0.175787 -20.574476 0.000000 0.000000 -1.572114
  1   -1.093036 0.000002 -0.326057 -0.001044 -1.569082 -1.569635
  2   2.262337 0.113614 0.064702 -0.069064 0.115221 -0.046166
  3   2.380047 0.353302 0.047440 0.004635 -0.088019 -0.033996
  4   2.033756 0.190472 -0.000128 0.039144 -0.090591 0.066742
  5   2.451511 0.204909 -0.003447 -0.025778 -0.102465 0.145435
  6   7.247600 -0.397300 -0.109469 -0.091897 0.032679 0.231869
  7   -2.022252 -0.104661 3.136172 1.454651 -1.215160 -4.826847
  8   1.168026 -0.537438 -0.063437 -0.378373 1.132138 -0.371022
  9   6.790376 -0.619176 0.015206 -0.000102 -0.000085 -1.272987
 10   8.637599 0.544015 -0.090417 -2.311794 0.678644 0.868662
 11   6.790465 -0.619039 0.017802 0.001527 -0.011623 -0.906332
 12   -2.022474 -0.104699 -2.873818 -1.411570 1.173115 -4.770467
 13   1.167898 -0.537463 0.063297 1.545042 -0.588840 -1.433736
 14   7.002743 -0.617765 -0.183752 0.000172 0.000023 -1.412411
 15   8.209042 0.615527 -0.255885 1.777171 0.208076 0.175233
 16   7.002735 -0.617911 -0.183641 0.013732 0.007650 -1.007314
 17   1.574674 0.609930 -0.000899 0.307179 0.086108 0.441048
 18   -0.602177 0.511412 -0.000006 0.000000 0.000000 0.000000
 19   3.673773 0.177020 1.119313 -0.000002 -0.000014 -0.174510
 20   3.673767 0.176993 -1.117566 0.000007 -0.000003 -0.174546
 21   3.942357 1.334540 1.627658 0.000002 -0.000011 -0.000026
 22   -0.246060 -0.011889 0.516521 -0.000011 0.000031 0.000025
 23   3.942374 1.334565 -1.631083 0.000019 0.000002 -0.000024
 24   -0.246150 -0.011872 -0.516511 -0.000005 -0.000006 0.000048
 25   4.941364 1.997338 1.629330 0.000018 -0.000001 -0.000024
 26   4.941382 1.997366 -1.629410 -0.000001 0.000005 -0.000024
 27   2.914462 1.619264 1.514501 -0.000019 -0.000022 -0.000050
 28   2.916892 1.618870 -1.501142 -0.000002 -0.000009 -0.000024
 29   8.824059 0.150544 0.091743 0.000006 -0.000231 -0.174534
 30   2.111085 -0.561179 1.784320 -0.000008 -0.000682 0.000024
 31   2.121290 -0.561289 -1.853599 0.000000 0.000000 -0.000002
 32   -0.814395 -0.093824 3.127092 3.071872 -0.114691 1.239365
 33   14.298673 -0.408176 0.471578 0.000248 0.000063 -1.896136
 34   15.835795 0.581398 0.242756 -0.214735 0.106913 -0.097869
 35   -0.815868 -0.091229 -3.114430 0.066464 3.132818 -1.010216
 36   14.294526 -0.410349 -0.467541 0.000021 -0.000012 -2.607695
 37   15.834409 0.579420 -0.284600 -0.006092 -0.035255 0.214508
 38   1.139685 -3.453749 -2.823813 0.000000 0.000000 0.000001
 39   -4.457742 -1.054854 -0.746180 0.000000 0.000000 0.000000
 40   1.118101 -3.449769 3.237290 0.000000 0.000001 0.000000
 41   -4.433840 -1.059130 0.959566 -0.000001 0.000000 0.000000
 42   -0.657468 1.697302 -2.688614 0.000000 0.000002 0.000000
 43   -0.664068 1.698578 2.869377 0.000000 0.000002 0.000000
time 5
  0   -0.967547 0.175787 -20.574476 0.000000 0.000000 -1.572114
  1   -1.093036 0.000002 -0.326057 -0.000991 -1.569082 -1.569683
  2   2.262337 0.113614 0.064702 -0.070185 0.119104 -0.050539
  3   2.380047 0.353302 0.047440 0.009541 -0.095282 -0.026242
  4   2.033756 0.190472 -0.000128 0.079809 -0.103691 0.079211
  5   2.451511 0.204909 -0.003447 -0.014498 -0.126657 0.158858
  6   7.247600 -0.397300 -0.109469 -0.091897 0.032679 0.231869
  7   -2.022252 -0.104661 3.136172 1.305496 -1.261313 -4.672636
  8   1.168026 -0.537438 -0.063437 0.407381 1.114528 0.321300
  9   6.790376 -0.619176 0.015206 -0.000102 -0.000085 -1.331097
 10   8.637599 0.544015 -0.090417 -1.931618 0.625006 0.905195
 11   6.790465 -0.619039 0.017802 0.001760 -0.011680 -0.946993
 12   -2.022474 -0.104699 -2.873818 -1.452672 1.060821 -4.806274
 13   1.167898 -0.537463 0.063297 1.386454 -0.726300 -1.261454
 14   7.002743 -0.617765 -0.183752 0.000172 0.000023 -1.547720
 15   8.209042 0.615527 -0.255885 1.528027 0.316269 0.083223
 16   7.002735 -0.617911 -0.183641 0.013543 0.008383 -1.102025
 17   1.574674 0.609930 -0.000899 0.318269 0.136448 0.493828
 18   -0.602177 0.511412 -0.000006 0.000000 0.000000 0.000000
 19   3.673773 0.177020 1.119313 -0.000002 -0.000014 -0.174510
 20   3.673767 0.176993 -1.117566 0.000007 -0.000003 -0.174546
 21   3.942357 1.334540 1.627658 0.000002 -0.000011 -0.000026
 22   -0.246060 -0.011889 0.516521 -0.000011 0.000031 0.000025
 23   3.942374 1.334565 -1.631083 0.000019 0.000002 -0.000024
 24   -0.246150 -0.011872 -0.516511 -0.000005 -0.000006 0.000048
 25   4.941364 1.997338 1.629330 0.000018 -0.000001 -0.000024
 26   4.941382 1.997366 -1.629410 -0.000001 0.000005 -0.000024
 27   2.914462 1.619264 1.514501 -0.000019 -0.000022 -0.000050
 28   2.916892 1.618870 -1.501142 -0.000002 -0.000009 -0.000024
 29   8.824059 0.150544 0.091743 0.000006 -0.000231 -0.174534
 30   2.111085 -0.561179 1.784320 -0.000008 -0.000682 0.000024
 31   2.121290 -0.561289 -1.853599 0.000000 0.000000 -0.000002
 32   -0.814395 -0.093824 3.127092 3.071872 -0.114691 1.239365
 33   14.298673 -0.408176 0.471578 0.000248 0.000063 -1.896136
 34   15.835795 0.581398 0.242756 -0.214735 0.106913 -0.097869
 35   -0.815868 -0.091229 -3.114430 0.066464 3.132818 -1.010216
 36   14.294526 -0.410349 -0.467541 0.000021 -0.000012 -2.607695
 37   15.834409 0.579420 -0.284600 -0.006092 -0.035255 0.214508
 38   1.139685 -3.453749 -2.823813 0.000000 0.000000 0.000001
 39   -4.457742 -1.054854 -0.746180 0.000000 0.000000 0.000000
 40   1.118101 -3.449769 3.237290 0.000000 0.000001 0.000000
 41   -4.433840 -1.059130 0.959566 -0.000001 0.000000 0.000000
 42   -0.657468 1.697302 -2.688614 0.000000 0.000002 0.000000
 43   -0.664068 1.698578 2.869377 0.000000 0.000002 0.000000
time 6
  0   -0.967547 0.175787 -20.574476 0.000000 0.000000 -1.572114
  1   -1.093036 0.000002 -0.326057 -0.001044 -1.569082 -1.569635
  2   2.262337 0.113614 0.064702 -0.070516 0.122963 -0.052002
  3   2.380047 0.353302 0.047440 0.012391 -0.098170 -0.023630
  4   2.033756 0.190472 -0.000128 0.119037 -0.116970 0.084503
  5   2.451511 0.204909 -0.003447 0.003218 -0.145940 0.157496
  6   7.247600 -0.397300 -0.109469 -0.091897 0.032679 0.231869
  7   -2.022252 -0.104661 3.136172 1.136978 -1.294003 -4.500299
  8   1.168026 -0.537438 -0.063437 0.808136 0.931183 0.641334
  9   6.790376 -0.619176 0.015206 -0.000102 -0.000085 -1.375849
 10   8.637599 0.544015 -0.090417 -1.636073 0.608465 0.902012
 11   6.790465 -0.619039 0.017802 0.001965 -0.011708 -0.978368
 12   -2.022474 -0.104699 -2.873818 -1.480935 0.940633 -4.829061
 13   1.167898 -0.537463 0.063297 1.198060 -0.806142 -1.007995
 14   7.002743 -0.617765 -0.183752 0.000172 0.000023 -1.628575
 15   8.209042 0.615527 -0.255885 1.320372 0.387768 -0.031038
 16   7.002735 -0.617911 -0.183641 0.013449 0.008890 -1.158707
 17   1.574674 0.609930 -0.000899 0.309819 0.197839 0.512605
 18   -0.602177 0.511412 -0.000006 0.000000 0.000000 0.000000
 19   3.673773 0.177020 1.119313 -0.000002 -0.000014 -0.174510
 20   3.673767 0.176993 -1.117566 0.000007 -0.000003 -0.174546
 21   3.942357 1.334540 1.627658 0.000002 -0.000011 -0.000026
 22   -0.246060 -0.011889 0.516521 -0.000011 0.000031 0.000025
 23   3.942374 1.334565 -1.631083 0.000019 0.000002 -0.000024
 24   -0.246150 -0.011872 -0.516511 -0.000005 -0.000006 0.000048
 25   4.941364 1.997338 1.629330 0.000018 -0.000001 -0.000024
 26   4.941382 1.997366 -1.629410 -0.000001 0.000005 -0.000024
 27   2.914462 1.619264 1.514501 -0.000019 -0.000022 -0.000050
 28   2.916892 1.618870 -1.501142 -0.000002 -0.000009 -0.000024
 29   8.824059 0.150544 0.091743 0.000006 -0.000231 -0.174534
 30   2.111085 -0.561179 1.784320 -0.000008 -0.000682 0.000024
 31   2.121290 -0.561289 -1.853599 0.000000 0.000000 -0.000002
 32   -0.814395 -0.093824 3.127092 3.071872 -0.114691 1.239365
 33   14.298673 -0.408176 0.471578 0.000248 0.000063 -1.896136
 34   15.835795 0.581398 0.242756 -0.214735 0.106913 -0.097869
 35   -0.815868 -0.091229 -3.114430 0.066464 3.132818 -1.010216
 36   14.294526 -0.410349 -0.467541 0.000021 -0.000012 -2.607695
 37   15.834409 0.579420 -0.284600 -0.006092 -0.035255 0.214508
 38   1.139685 -3.453749 -2.823813 0.000000 0.000000 0.000001
 39   -4.457742 -1.054854 -0.746180 0.000000 0.000000 0.000000
 40   1.118101 -3.449769 3.237290 0.000000 0.000001 0.000000
 41   -4.433840 -1.059130 0.959566 -0.000001 0.000000 0.000000
 42   -0.657468 1.697302 -2.688614 0.000000 0.000002 0.000000
 43   -0.664068 1.698578 2.869377 0.000000 0.000002 0.000000
time 7
  0   -0.967547 0.175787 -20.574476 0.000000 0.000000 -1.572114
  1   -1.093036 0.000002 -0.326057 -0.001044 -1.569082 -1.569635
  2   2.262337 0.113614 0.064702 -0.070860 0.126630 -0.053303
  3   2.380047 0.353302 0.047440 0.012571 -0.100938 -0.020202
  4   2.033756 0.190472 -0.000128 0.156660 -0.130057 0.089469
  5   2.451511 0.204909 -0.003447 0.019188 -0.164061 0.155490
  6   7.247600 -0.397300 -0.109469 -0.091897 0.032679 0.231869
  7   -2.022252 -0.104661 3.136172 0.993095 -1.311328 -4.355950
  8   1.168026 -0.537438 -0.063437 0.957161 0.755536 0.738819
  9   6.790376 -0.619176 0.015206 -0.000102 -0.000085 -1.408602
 10   8.637599 0.544015 -0.090417 -1.430617 0.594738 0.891305
 11   6.790465 -0.619039 0.017802 0.002111 -0.011708 -1.001265
 12   -2.022474 -0.104699 -2.873818 -1.475186 0.944145 -4.821976
 13   1.167898 -0.537463 0.063297 1.274753 -0.866252 -0.962836
 14   7.002743 -0.617765 -0.183752 0.000172 0.000023 -1.659597
 15   8.209042 0.615527 -0.255885 1.422186 0.338059 -0.077644
 16   7.002735 -0.617911 -0.183641 0.013402 0.009059 -1.180454
 17   1.574674 0.609930 -0.000899 0.292880 0.258308 0.505508
 18   -0.602177 0.511412 -0.000006 0.000000 0.000000 0.000000
 19   3.673773 0.177020 1.119313 -0.000002 -0.000014 -0.174510
 20   3.673767 0.176993 -1.117566 0.000007 -0.000003 -0.174546
 21   3.942357 1.334540 1.627658 0.000002 -0.000011 -0.000026
 22   -0.246060 -0.011889 0.516521 -0.000011 0.000031 0.000025
 23   3.942374 1.334565 -1.631083 0.000019 0.000002 -0.000024
 24   -0.246150 -0.011872 -0.516511 -0.000005 -0.000006 0.000048
 25   4.941364 1.997338 1.629330 0.000018 -0.000001 -0.000024
 26   4.941382 1.997366 -1.629410 -0.000001 0.000005 -0.000024
 27   2.914462 1.619264 1.514501 -0.000019 -0.000022 -0.000050
 28   2.916892 1.618870 -1.501142 -0.000002 -0.000009 -0.000024
 29   8.824059 0.150544 0.091743 0.000006 -0.000231 -0.174534
 30   2.111085 -0.561179 1.784320 -0.000008 -0.000682 0.000024
 31   2.121290 -0.561289 -1.853599 0.000000 0.000000 -0.000002
 32   -0.814395 -0.093824 3.127092 3.071872 -0.114691 1.239365
 33   14.298673 -0.408176 0.471578 0.000248 0.000063 -1.896136
 34   15.835795 0.581398 0.242756 -0.214735 0.106913 -0.097869
 35   -0.815868 -0.091229 -3.114430 0.066464 3.132818 -1.010216
 36   14.294526 -0.410349 -0.467541 0.000021 -0.000012 -2.607695
 37   15.834409 0.579420 -0.284600 -0.006092 -0.035255 0.214508
 38   1.139685 -3.453749 -2.823813 0.000000 0.000000 0.000001
 39   -4.457742 -1.054854 -0.746180 0.000000 0.000000 0.000000
 40   1.118101 -3.449769 3.237290 0.000000 0.000001 0.000000
 41   -4.433840 -1.059130 0.959566 -0.000001 0.000000 0.000000
 42   -0.657468 1.697302 -2.688614 0.000000 0.000002 0.000000
 43   -0.664068 1.698578 2.869377 0.000000 0.000002 0.000000
time 8
  0   -0.967547 0.175787 -20.574476 0.000000 0.000000 -1.572114
  1   -1.093036 0.000002 -0.326057 -0.000991 -1.569082 -1.569683
  2   2.262337 0.113614 0.064702 -0.071153 0.129914 -0.054550
  3   2.380047 0.353302 0.047440 0.011611 -0.103335 -0.016529
  4   2.033756 0.190472 -0.000128 0.191037 -0.141047 0.094217
  5   2.451511 0.204909 -0.003447 0.033104 -0.178723 0.153236
  6   7.247600 -0.397300 -0.109469 -0.091897 0.032679 0.231869
  7   -2.022252 -0.104661 3.136172 0.933950 -1.316286 -4.296876
  8   1.168026 -0.537438 -0.063437 0.997724 0.666882 0.743437
  9   6.790376 -0.619176 0.015206 -0.000102 -0.000085 -1.422337
 10   8.637599 0.544015 -0.090417 -1.352416 0.582209 0.881033
 11   6.790465 -0.619039 0.017802 0.002140 -0.011708 -1.010839
 12   -2.022474 -0.104699 -2.873818 -1.459570 0.986491 -4.807232
 13   1.167898 -0.537463 0.063297 1.444448 -0.913648 -1.003576
 14   7.002743 -0.617765 -0.183752 0.000172 0.000023 -1.667105
 15   8.209042 0.615527 -0.255885 1.626822 0.261795 -0.109637
 16   7.002735 -0.617911 -0.183641 0.013355 0.009116 -1.185586
 17   1.574674 0.609930 -0.000899 0.258596 0.311701 0.469878
 18   -0.602177 0.511412 -0.000006 0.000000 0.000000 0.000000
 19   3.673773 0.177020 1.119313 -0.000002 -0.000014 -0.174510
 20   3.673767 0.176993 -1.117566 0.000007 -0.000003 -0.174546
 21   3.942357 1.334540 1.627658 0.000002 -0.000011 -0.000026
 22   -0.246060 -0.011889 0.516521 -0.000011 0.000031 0.000025
 23   3.942374 1.334565 -1.631083 0.000019 0.000002 -0.000024
 24   -0.246150 -0.011872 -0.516511 -0.000005 -0.000006 0.000048
 25   4.941364 1.997338 1.629330 0.000018 -0.000001 -0.000024
 26   4.941382 1.997366 -1.629410 -0.000001 0.000005 -0.000024
 27   2.914462 1.619264 1.514501 -0.000019 -0.000022 -0.000050
 28   2.916892 1.618870 -1.501142 -0.000002 -0.000009 -0.000024
 29   8.824059 0.150544 0.091743 0.000006 -0.000231 -0.174534
 30   2.111085 -0.561179 1.784320 -0.000008 -0.000682 0.000024
 31   2.121290 -0.561289 -1.853599 0.000000 0.000000 -0.000002
 32   -0.814395 -0.093824 3.127092 3.071872 -0.114691 1.239365
 33   14.298673 -0.408176 0.471578 0.000248 0.000063 -1.896136
 34   15.835795 0.581398 0.242756 -0.214735 0.106913 -0.097869
 35   -0.815868 -0.091229 -3.114430 0.066464 3.132818 -1.010216
 36   14.294526 -0.410349 -0.467541 0.000021 -0.000012 -2.607695
 37   15.834409 0.579420 -0.284600 -0.006092 -0.035255 0.214508
 38   1.139685 -3.453749 -2.823813 0.000000 0.000000 0.000001
 39   -4.457742 -1.054854 -0.746180 0.000000 0.000000 0.000000
 40   1.118101 -3.449769 3.237290 0.000000 0.000001 0.000000
 41   -4.433840 -1.059130 0.959566 -0.000001 0.000000 0.000000
 42   -0.657468 1.697302 -2.688614 0.000000 0.000002 0.000000
 43   -0.664068 1.698578 2.869377 0.000000 0.000002 0.000000
time 9
  0   -0.967547 0.175787 -20.574476 0.000000 0.000000 -1.572114
  1   -1.093036 0.000002 -0.326057 -0.000991 -1.569082 -1.569683
  2   2.262337 0.113614 0.064702 -0.071484 0.132239 -0.055653
  3   2.380047 0.353302 0.047440 0.010861 -0.105301 -0.013162
  4   2.033756 0.190472 -0.000128 0.220692 -0.148129 0.099074
  5   2.451511 0.204909 -0.003447 0.044675 -0.187653 0.151552
  6   7.247600 -0.397300 -0.109469 -0.091897 0.032679 0.231869
  7   -2.022252 -0.104661 3.136172 0.933950 -1.316286 -4.296876
  8   1.168026 -0.537438 -0.063437 1.003863 0.643033 0.719334
  9   6.790376 -0.619176 0.015206 -0.000102 -0.000085 -1.424450
 10   8.637599 0.544015 -0.090417 -1.350655 0.569679 0.873870
 11   6.790465 -0.619039 0.017802 0.002140 -0.011708 -1.012281
 12   -2.022474 -0.104699 -2.873818 -1.454492 1.028198 -4.804934
 13   1.167898 -0.537463 0.063297 1.553056 -0.934041 -1.044679
 14   7.002743 -0.617765 -0.183752 0.000172 0.000023 -1.677006
 15   8.209042 0.615527 -0.255885 1.759339 0.237962 -0.126957
 16   7.002735 -0.617911 -0.183641 0.013355 0.009172 -1.192596
 17   1.574674 0.609930 -0.000899 0.132344 0.352313 0.295459
 18   -0.602177 0.511412 -0.000006 0.000000 0.000000 0.000000
 19   3.673773 0.177020 1.119313 -0.000002 -0.000014 -0.174510
 20   3.673767 0.176993 -1.117566 0.000007 -0.000003 -0.174546
 21   3.942357 1.334540 1.627658 0.000002 -0.000011 -0.000026
 22   -0.246060 -0.011889 0.516521 -0.000011 0.000031 0.000025
 23   3.942374 1.334565 -1.631083 0.000019 0.000002 -0.000024
 24   -0.246150 -0.011872 -0.516511 -0.000005 -0.000006 0.000048
 25   4.941364 1.997338 1.629330 0.000018 -0.000001 -0.000024
 26   4.941382 1.997366 -1.629410 -0.000001 0.000005 -0.000024
 27   2.914462 1.619264 1.514501 -0.000019 -0.000022 -0.000050
 28   2.916892 1.618870 -1.501142 -0.000002 -0.000009 -0.000024
 29   8.824059 0.150544 0.091743 0.000006 -0.000231 -0.174534
 30   2.111085 -0.561179 1.784320 -0.000008 -0.000682 0.000024
 31   2.121290 -0.561289 -1.853599 0.000000 0.000000 -0.000002
 32   -0.814395 -0.093824 3.127092 3.071872 -0.114691 1.239365
 33   14.298673 -0.408176 0.471578 0.000248 0.000063 -1.896136
 34   15.835795 0.581398 0.242756 -0.214735 0.106913 -0.097869
 35   -0.815868 -0.091229 -3.114430 0.066464 3.132818 -1.010216
 36   14.294526 -0.410349 -0.467541 0.000021 -0.000012 -2.607695
 37   15.834409 0.579420 -0.284600 -0.006092 -0.035255 0.214508
 38   1.139685 -3.453749 -2.823813 0.000000 0.000000 0.000001
 39   -4.457742 -1.054854 -0.746180 0.000000 0.000000 0.000000
 40   1.118101 -3.449769 3.237290 0.000000 0.000001 0.000000
 41   -4.433840 -1.059130 0.959566 -0.000001 0.000000 0.000000
 42   -0.657468 1.697302 -2.688614 0.000000 0.000002 0.000000
 43   -0.664068 1.698578 2.869377 0.000000 0.000002 0.000000
time 10
  0   -0.967547 0.175787 -20.574476 0.000000 0.000000 -1.572114
  1   -1.093036 0.000002 -0.326057 -0.000991 -1.569082 -1.569683
  2   2.262337 0.113614 0.064702 -0.071726 0.133245 -0.056574
  3   2.380047 0.353302 0.047440 0.011716 -0.106859 -0.010754
  4   2.033756 0.190472 -0.000128 0.243819 -0.149316 0.104511
  5   2.451511 0.204909 -0.003447 0.053456 -0.188292 0.151156
  6   7.247600 -0.397300 -0.109469 -0.091897 0.032679 0.231869
  7   -2.022252 -0.104661 3.136172 0.933950 -1.316286 -4.296876
  8   1.168026 -0.537438 -0.063437 1.013291 0.632769 0.703519
  9   6.790376 -0.619176 0.015206 -0.000102 -0.000085 -1.426336
 10   8.637599 0.544015 -0.090417 -1.348893 0.558206 0.867576
 11   6.790465 -0.619039 0.017802 0.002169 -0.011708 -1.013722
 12   -2.022474 -0.104699 -2.873818 -1.471067 1.059283 -4.826954
 13   1.167898 -0.537463 0.063297 1.548276 -0.932007 -1.040926
 14   7.002743 -0.617765 -0.183752 0.000172 0.000023 -1.702995
 15   8.209042 0.615527 -0.255885 1.788747 0.275035 -0.114508
 16   7.002735 -0.617911 -0.183641 0.013308 0.009341 -1.210810
 17   1.574674 0.609930 -0.000899 -0.066944 0.333853 0.018473
 18   -0.602177 0.511412 -0.000006 0.000000 0.000000 0.000000
 19   3.673773 0.177020 1.119313 -0.000002 -0.000014 -0.174510
 20   3.673767 0.176993 -1.117566 0.000007 -0.000003 -0.174546
 21   3.942357 1.334540 1.627658 0.000002 -0.000011 -0.000026
 22   -0.246060 -0.011889 0.516521 -0.000011 0.000031 0.000025
 23   3.942374 1.334565 -1.631083 0.000019 0.000002 -0.000024
 24   -0.246150 -0.011872 -0.516511 -0.000005 -0.000006 0.000048
 25   4.941364 1.997338 1.629330 0.000018 -0.000001 -0.000024
 26   4.941382 1.997366 -1.629410 -0.000001 0.000005 -0.000024
 27   2.914462 1.619264 1.514501 -0.000019 -0.000022 -0.000050
 28   2.916892 1.618870 -1.501142 -0.000002 -0.000009 -0.000024
 29   8.824059 0.150544 0.091743 0.000006 -0.000231 -0.174534
 30   2.111085 -0.561179 1.784320 -0.000008 -0.000682 0.000024
 31   2.121290 -0.561289 -1.853599 0.000000 0.000000 -0.000002
 32   -0.814395 -0.093824 3.127092 3.071872 -0.114691 1.239365
 33   14.298673 -0.408176 0.471578 0.000248 0.000063 -1.896136
 34   15.835795 0.581398 0.242756 -0.214735 0.106913 -0.097869
 35   -0.815868 -0.091229 -3.114430 0.066464 3.132818 -1.010216
 36   14.294526 -0.410349 -0.467541 0.000021 -0.000012 -2.607695
 37   15.834409 0.579420 -0.284600 -0.006092 -0.035255 0.214508
 38   1.139685 -3.453749 -2.823813 0.000000 0.000000 0.000001
 39   -4.457742 -1.054854 -0.746180 0.000000 0.000000 0.000000
 40   1.118101 -3.449769 3.237290 0.000000 0.000001 0.000000
 41   -4.433840 -1.059130 0.959566 -0.000001 0.000000 0.000000
 42   -0.657468 1.697302 -2.688614 0.000000 0.000002 0.000000
 43   -0.664068 1.698578 2.869377 0.000000 0.000002 0.000000
time 11
  0   -0.967547 0.175787 -20.574476 0.000000 0.000000 -1.572114
  1   -1.093036 0.000002 -0.326057 -0.000991 -1.569082 -1.569683
  2   2.262337 0.113614 0.064702 -0.071917 0.129554 -0.057098
  3   2.380047 0.353302 0.047440 0.014956 -0.107302 -0.009346
  4   2.033756 0.190472 -0.000128 0.245663 -0.127516 0.113718
  5   2.451511 0.204909 -0.003447 0.050512 -0.154635 0.156406
  6   7.247600 -0.397300 -0.109469 -0.091897 0.032679 0.231869
  7   -2.022252 -0.104661 3.136172 1.146563 -1.334246 -4.514575
  8   1.168026 -0.537438 -0.063437 1.076951 0.651033 0.775636
  9   6.790376 -0.619176 0.015206 -0.000102 -0.000085 -1.557650
 10   8.637599 0.544015 -0.090417 -1.294293 0.533217 0.848261
 11   6.790465 -0.619039 0.017802 0.002753 -0.011793 -1.105599
 12   -2.022474 -0.104699 -2.873818 -1.500671 1.093009 -4.863144
 13   1.167898 -0.537463 0.063297 1.432428 -0.908665 -0.989653
 14   7.002743 -0.617765 -0.183752 0.000172 0.000023 -1.735337
 15   8.209042 0.615527 -0.255885 1.802193 0.330266 -0.081794
 16   7.002735 -0.617911 -0.183641 0.013261 0.009510 -1.233328
 17   1.574674 0.609930 -0.000899 -0.170325 0.239801 -0.139868
 18   -0.602177 0.511412 -0.000006 0.000000 0.000000 0.000000
 19   3.673773 0.177020 1.119313 -0.000002 -0.000014 -0.174510
 20   3.673767 0.176993 -1.117566 0.000007 -0.000003 -0.174546
 21   3.942357 1.334540 1.627658 0.000002 -0.000011 -0.000026
 22   -0.246060 -0.011889 0.516521 -0.000011 0.000031 0.000025
 23   3.942374 1.334565 -1.631083 0.000019 0.000002 -0.000024
 24   -0.246150 -0.011872 -0.516511 -0.000005 -0.000006 0.000048
 25   4.941364 1.997338 1.629330 0.000018 -0.000001 -0.000024
 26   4.941382 1.997366 -1.629410 -0.000001 0.000005 -0.000024
 27   2.914462 1.619264 1.514501 -0.000019 -0.000022 -0.000050
 28   2.916892 1.618870 -1.501142 -0.000002 -0.000009 -0.000024
 29   8.824059 0.150544 0.091743 0.000006 -0.000231 -0.174534
 30   2.111085 -0.561179 1.784320 -0.000008 -0.000682 0.000024
 31   2.121290 -0.561289 -1.853599 0.000000 0.000000 -0.000002
 32   -0.814395 -0.093824 3.127092 3.071872 -0.114691 1.239365
 33   14.298673 -0.408176 0.471578 0.000248 0.000063 -1.896136
 34   15.835795 0.581398 0.242756 -0.214735 0.106913 -0.097869
 35   -0.815868 -0.091229 -3.114430 0.066464 3.132818 -1.010216
 36   14.294526 -0.410349 -0.467541 0.000021 -0.000012 -2.607695
 37   15.834409 0.579420 -0.284600 -0.006092 -0.035255 0.214508
 38   1.139685 -3.453749 -2.823813 0.000000 0.000000 0.000001
 39   -4.457742 -1.054854 -0.746180 0.000000 0.000000 0.000000
 40   1.118101 -3.449769 3.237290 0.000000 0.000001 0.000000
 41   -4.433840 -1.059130 0.959566 -0.000001 0.000000 0.000000
 42   -0.657468 1.697302 -2.688614 0.000000 0.000002 0.000000
 43   -0.664068 1.698578 2.869377 0.000000 0.000002 0.000000
time 12
  0   -0.967547 0.175787 -20.574476 0.000000 0.000000 -1.572114
  1   -1.093036 0.000002 -0.326057 -0.000991 -1.569082 -1.569683
  2   2.262337 0.113614 0.064702 -0.071981 0.121656 -0.057207
  3   2.380047 0.353302 0.047440 0.016576 -0.106140 -0.008019
  4   2.033756 0.190472 -0.000128 0.225155 -0.086097 0.125534
  5   2.451511 0.204909 -0.003447 0.034799 -0.093927 0.165842
  6   7.247600 -0.397300 -0.109469 -0.091897 0.032679 0.231869
  7   -2.022252 -0.104661 3.136172 1.581663 -1.334303 -4.960490
  8   1.168026 -0.537438 -0.063437 1.202310 0.679511 0.938911
  9   6.790376 -0.619176 0.015206 -0.000047 -0.000085 -1.800353
 10   8.637599 0.544015 -0.090417 -1.194868 0.499219 0.815272
 11   6.790465 -0.619039 0.017802 0.003892 -0.011850 -1.275509
 12   -2.022474 -0.104699 -2.873818 -1.541676 1.126764 -4.910058
 13   1.167898 -0.537463 0.063297 1.242065 -0.859183 -0.926031
 14   7.002743 -0.617765 -0.183752 0.000172 0.000023 -1.769907
 15   8.209042 0.615527 -0.255885 1.804350 0.396468 -0.039998
 16   7.002735 -0.617911 -0.183641 0.013214 0.009680 -1.257613
 17   1.574674 0.609930 -0.000899 -0.159805 0.126152 -0.167737
 18   -0.602177 0.511412 -0.000006 0.000000 0.000000 0.000000
 19   3.673773 0.177020 1.119313 -0.000002 -0.000014 -0.174510
 20   3.673767 0.176993 -1.117566 0.000007 -0.000003 -0.174546
 21   3.942357 1.334540 1.627658 0.000002 -0.000011 -0.000026
 22   -0.246060 -0.011889 0.516521 -0.000011 0.000031 0.000025
 23   3.942374 1.334565 -1.631083 0.000019 0.000002 -0.000024
 24   -0.246150 -0.011872 -0.516511 -0.000005 -0.000006 0.000048
 25   4.941364 1.997338 1.629330 0.000018 -0.000001 -0.000024
 26   4.941382 1.997366 -1.629410 -0.000001 0.000005 -0.000024
 27   2.914462 1.619264 1.514501 -0.000019 -0.000022 -0.000050
 28   2.916892 1.618870 -1.501142 -0.000002 -0.000009 -0.000024
 29   8.824059 0.150544 0.091743 0.000006 -0.000231 -0.174534
 30   2.111085 -0.561179 1.784320 -0.000008 -0.000682 0.000024
 31   2.121290 -0.561289 -1.853599 0.000000 0.000000 -0.000002
 32   -0.814395 -0.093824 3.127092 3.071872 -0.114691 1.239365
 33   14.298673 -0.408176 0.471578 0.000248 0.000063 -1.896136
 34   15.835795 0.581398 0.242756 -0.214735 0.106913 -0.097869
 35   -0.815868 -0.091229 -3.114430 0.066464 3.132818 -1.010216
 36   14.294526 -0.410349 -0.467541 0.000021 -0.000012 -2.607695
 37   15.834409 0.579420 -0.284600 -0.006092 -0.035255 0.214508
 38   1.139685 -3.453749 -2.823813 0.000000 0.000000 0.000001
 39   -4.457742 -1.054854 -0.746180 0.000000 0.000000 0.000000
 40   1.118101 -3.449769 3.237290 0.000000 0.000001 0.000000
 41   -4.433840 -1.059130 0.959566 -0.000001 0.000000 0.000000
 42   -0.657468 1.697302 -2.688614 0.000000 0.000002 0.000000
 43   -0.664068 1.698578 2.869377 0.000000 0.000002 0.000000
time 13
  0   -0.967547 0.175787 -20.574476 0.000000 0.000000 -1.572114
  1   -1.093036 0.000002 -0.326057 -0.000991 -1.569082 -1.569683
  2   2.262337 0.113614 0.064702 -0.072019 0.114298 -0.057333
  3   2.380047 0.353302 0.047440 0.010171 -0.104006 -0.005714
  4   2.033756 0.190472 -0.000128 0.200996 -0.054554 0.135647
  5   2.451511 0.204909 -0.003447 0.017682 -0.053611 0.172479
  6   7.247600 -0.397300 -0.109469 -0.091897 0.032679 0.231869
  7   -2.022252 -0.104661 3.136172 1.793029 -1.316546 -5.179033
  8   1.168026 -0.537438 -0.063437 1.289131 0.699838 1.068722
  9   6.790376 -0.619176 0.015206 -0.000047 -0.000085 -1.931667
 10   8.637599 0.544015 -0.090417 -1.141765 0.479228 0.793062
 11   6.790465 -0.619039 0.017802 0.004505 -0.011879 -1.367443
 12   -2.022474 -0.104699 -2.873818 -1.588239 1.158023 -4.962141
 13   1.167898 -0.537463 0.063297 1.100629 -0.805125 -0.924578
 14   7.002743 -0.617765 -0.183752 0.000172 0.000023 -1.801589
 15   8.209042 0.615527 -0.255885 1.798238 0.466680 -0.000368
 16   7.002735 -0.617911 -0.183641 0.013167 0.009905 -1.279801
 17   1.574674 0.609930 -0.000899 -0.123042 0.039319 -0.181856
 18   -0.602177 0.511412 -0.000006 0.000000 0.000000 0.000000
 19   3.673773 0.177020 1.119313 -0.000002 -0.000014 -0.174510
 20   3.673767 0.176993 -1.117566 0.000007 -0.000003 -0.174546
 21   3.942357 1.334540 1.627658 0.000002 -0.000011 -0.000026
 22   -0.246060 -0.011889 0.516521 -0.000011 0.000031 0.000025
 23   3.942374 1.334565 -1.631083 0.000019 0.000002 -0.000024
 24   -0.246150 -0.011872 -0.516511 -0.000005 -0.000006 0.000048
 25   4.941364 1.997338 1.629330 0.000018 -0.000001 -0.000024
 26   4.941382 1.997366 -1.629410 -0.000001 0.000005 -0.000024
 27   2.914462 1.619264 1.514501 -0.000019 -0.000022 -0.000050
 28   2.916892 1.618870 -1.501142 -0.000002 -0.000009 -0.000024
 29   8.824059 0.150544 0.091743 0.000006 -0.000231 -0.174534
 30   2.111085 -0.561179 1.784320 -0.000008 -0.000682 0.000024
 31   2.121290 -0.561289 -1.853599 0.000000 0.000000 -0.000002
 32   -0.814395 -0.093824 3.127092 3.071872 -0.114691 1.239365
 33   14.298673 -0.408176 0.471578 0.000248 0.000063 -1.896136
 34   15.835795 0.581398 0.242756 -0.214735 0.106913 -0.097869
 35   -0.815868 -0.091229 -3.114430 0.066464 3.132818 -1.010216
 36   14.294526 -0.410349 -0.467541 0.000021 -0.000012 -2.607695
 37   15.834409 0.579420 -0.284600 -0.006092 -0.035255 0.214508
 38   1.139685 -3.453749 -2.823813 0.000000 0.000000 0.000001
 39   -4.457742 -1.054854 -0.746180 0.000000 0.000000 0.000000
 40   1.118101 -3.449769 3.237290 0.000000 0.000001 0.000000
 41   -4.433840 -1.059130 0.959566 -0.000001 0.000000 0.000000
 42   -0.657468 1.697302 -2.688614 0.000000 0.000002 0.000000
 43   -0.664068 1.698578 2.869377 0.000000 0.000002 0.000000
time 14
  0   -0.967547 0.175787 -20.574476 0.000000 0.000000 -1.572114
  1   -1.093036 0.000002 -0.326057 -0.001044 -1.569082 -1.569635
  2   2.262337 0.113614 0.064702 -0.072070 0.108665 -0.057586
  3   2.380047 0.353302 0.047440 -0.014656 -0.099308 -0.001143
  4   2.033756 0.190472 -0.000128 0.171451 -0.045673 0.143839
  5   2.451511 0.204909 -0.003447 -0.002636 -0.059826 0.174361
  6   7.247600 -0.397300 -0.109469 -0.091897 0.032679 0.231869
  7   -2.022252 -0.104661 3.136172 1.738678 -1.335601 -5.122119
  8   1.168026 -0.537438 -0.063437 1.276981 0.714077 1.113384
  9   6.790376 -0.619176 0.015206 -0.000047 -0.000085 -1.915668
 10   8.637599 0.544015 -0.090417 -1.157704 0.452057 0.737646
 11   6.790465 -0.619039 0.017802 0.004388 -0.011879 -1.356254
 12   -2.022474 -0.104699 -2.873818 -1.633460 1.184841 -5.010490
 13   1.167898 -0.537463 0.063297 1.045306 -0.768408 -1.013322
 14   7.002743 -0.617765 -0.183752 0.000172 0.000023 -1.825928
 15   8.209042 0.615527 -0.255885 1.783714 0.534017 0.025431
 16   7.002735 -0.617911 -0.183641 0.013120 0.010074 -1.296855
 17   1.574674 0.609930 -0.000899 -0.049558 0.010208 -0.180304
 18   -0.602177 0.511412 -0.000006 0.000000 0.000000 0.000000
 19   3.673773 0.177020 1.119313 -0.000002 -0.000014 -0.174510
 20   3.673767 0.176993 -1.117566 0.000007 -0.000003 -0.174546
 21   3.942357 1.334540 1.627658 0.000002 -0.000011 -0.000026
 22   -0.246060 -0.011889 0.516521 -0.000011 0.000031 0.000025
 23   3.942374 1.334565 -1.631083 0.000019 0.000002 -0.000024
 24   -0.246150 -0.011872 -0.516511 -0.000005 -0.000006 0.000048
 25   4.941364 1.997338 1.629330 0.000018 -0.000001 -0.000024
 26   4.941382 1.997366 -1.629410 -0.000001 0.000005 -0.000024
 27   2.914462 1.619264 1.514501 -0.000019 -0.000022 -0.000050
 28   2.916892 1.618870 -1.501142 -0.000002 -0.000009 -0.000024
 29   8.824059 0.150544 0.091743 0.000006 -0.000231 -0.174534
 30   2.111085 -0.561179 1.784320 -0.000008 -0.000682 0.000024
 31   2.121290 -0.561289 -1.853599 0.000000 0.000000 -0.000002
 32   -0.814395 -0.093824 3.127092 3.071872 -0.114691 1.239365
 33   14.298673 -0.408176 0.471578 0.000248 0.000063 -1.896136
 34   15.835795 0.581398 0.242756 -0.214735 0.106913 -0.097869
 35   -0.815868 -0.091229 -3.114430 0.066464 3.132818 -1.010216
 36   14.294526 -0.410349 -0.467541 0.000021 -0.000012 -2.607695
 37   15.834409 0.579420 -0.284600 -0.006092 -0.035255 0.214508
 38   1.139685 -3.453749 -2.823813 0.000000 0.000000 0.000001
 39   -4.457742 -1.054854 -0.746180 0.000000 0.000000 0.000000
 40   1.118101 -3.449769 3.237290 0.000000 0.000001 0.000000
 41   -4.433840 -1.059130 0.959566 -0.000001 0.000000 0.000000
 42   -0.657468 1.697302 -2.688614 0.000000 0.000002 0.000000
 43   -0.664068 1.698578 2.869377 0.000000 0.000002 0.000000
time 15
  0   -0.967547 0.175787 -20.574476 0.000000 0.000000 -1.572114
  1   -1.093036 0.000002 -0.326057 -0.000991 -1.569082 -1.569683
  2   2.262337 0.113614 0.064702 -0.072159 0.103787 -0.057695
  3   2.380047 0.353302 0.047440 -0.047538 -0.093316 0.004244
  4   2.033756 0.190472 -0.000128 0.137645 -0.046632 0.150944
  5   2.451511 0.204909 -0.003447 -0.025299 -0.086459 0.174906
  6   7.247600 -0.397300 -0.109469 -0.091897 0.032679 0.231869
  7   -2.022252 -0.104661 3.136172 1.555685 -1.378957 -4.933348
  8   1.168026 -0.537438 -0.063437 1.219839 0.719712 1.099593
  9   6.790376 -0.619176 0.015206 -0.000047 -0.000085 -1.873179
 10   8.637599 0.544015 -0.090417 -1.192578 0.392225 0.612708
 11   6.790465 -0.619039 0.017802 0.004213 -0.011850 -1.326493
 12   -2.022474 -0.104699 -2.873818 -1.664693 1.206028 -5.043712
 13   1.167898 -0.537463 0.063297 1.024358 -0.744659 -1.130033
 14   7.002743 -0.617765 -0.183752 0.000172 0.000023 -1.837891
 15   8.209042 0.615527 -0.255885 1.760058 0.590913 0.024409
 16   7.002735 -0.617911 -0.183641 0.013120 0.010074 -1.305134
 17   1.574674 0.609930 -0.000899 0.042815 0.004812 -0.169437
 18   -0.602177 0.511412 -0.000006 0.000000 0.000000 0.000000
 19   3.673773 0.177020 1.119313 -0.000002 -0.000014 -0.174510
 20   3.673767 0.176993 -1.117566 0.000007 -0.000003 -0.174546
 21   3.942357 1.334540 1.627658 0.000002 -0.000011 -0.000026
 22   -0.246060 -0.011889 0.516521 -0.000011 0.000031 0.000025
 23   3.942374 1.334565 -1.631083 0.000019 0.000002 -0.000024
 24   -0.246150 -0.011872 -0.516511 -0.000005 -0.000006 0.000048
 25   4.941364 1.997338 1.629330 0.000018 -0.000001 -0.000024
 26   4.941382 1.997366 -1.629410 -0.000001 0.000005 -0.000024
 27   2.914462 1.619264 1.514501 -0.000019 -0.000022 -0.000050
 28   2.916892 1.618870 -1.501142 -0.000002 -0.000009 -0.000024
 29   8.824059 0.150544 0.091743 0.000006 -0.000231 -0.174534
 30   2.111085 -0.561179 1.784320 -0.000008 -0.000682 0.000024
 31   2.121290 -0.561289 -1.853599 0.000000 0.000000 -0.000002
 32   -0.814395 -0.093824 3.127092 3.071872 -0.114691 1.239365
 33   14.298673 -0.408176 0.471578 0.000248 0.000063 -1.896136
 34   15.835795 0.581398 0.242756 -0.214735 0.106913 -0.097869
 35   -0.815868 -0.091229 -3.114430 0.066464 3.132818 -1.010216
 36   14.294526 -0.410349 -0.467541 0.000021 -0.000012 -2.607695
 37   15.834409 0.579420 -0.284600 -0.006092 -0.035255 0.214508
 38   1.139685 -3.453749 -2.823813 0.000000 0.000000 0.000001
 39   -4.457742 -1.054854 -0.746180 0.000000 0.000000 0.000000
 40   1.118101 -3.449769 3.237290 0.000000 0.000001 0.000000
 41   -4.433840 -1.059130 0.959566 -0.000001 0.000000 0.000000
 42   -0.657468 1.697302 -2.688614 0.000000 0.000002 0.000000
 43   -0.664068 1.698578 2.869377 0.000000 0.000002 0.000000
time 16
  0   -0.967547 0.175787 -20.574476 0.000000 0.000000 -1.572114
  1   -1.093036 0.000002 -0.326057 -0.001044 -1.569082 -1.569635
  2   2.262337 0.113614 0.064702 -0.072223 0.101642 -0.057948
  3   2.380047 0.353302 0.047440 -0.064129 -0.090548 0.007325
  4   2.033756 0.190472 -0.000128 0.121563 -0.048969 0.154749
  5   2.451511 0.204909 -0.003447 -0.036699 -0.102883 0.176169
  6   7.247600 -0.397300 -0.109469 -0.091897 0.032679 0.231869
  7   -2.022252 -0.104661 3.136172 1.173116 -1.419401 -4.546882
  8   1.168026 -0.537438 -0.063437 1.159912 0.725900 1.017481
  9   6.790376 -0.619176 0.015206 -0.000047 -0.000085 -1.817182
 10   8.637599 0.544015 -0.090417 -1.226395 0.311769 0.459627
 11   6.790465 -0.619039 0.017802 0.003921 -0.011850 -1.287217
 12   -2.022474 -0.104699 -2.873818 -1.668333 1.220279 -5.047063
 13   1.167898 -0.537463 0.063297 1.001722 -0.741760 -1.184696
 14   7.002743 -0.617765 -0.183752 0.000172 0.000023 -1.833106
 15   8.209042 0.615527 -0.255885 1.725041 0.628441 -0.016244
 16   7.002735 -0.617911 -0.183641 0.013120 0.010074 -1.301767
 17   1.574674 0.609930 -0.000899 0.092332 0.000931 -0.152657
 18   -0.602177 0.511412 -0.000006 0.000000 0.000000 0.000000
 19   3.673773 0.177020 1.119313 -0.000002 -0.000014 -0.174510
 20   3.673767 0.176993 -1.117566 0.000007 -0.000003 -0.174546
 21   3.942357 1.334540 1.627658 0.000002 -0.000011 -0.000026
 22   -0.246060 -0.011889 0.516521 -0.000011 0.000031 0.000025
 23   3.942374 1.334565 -1.631083 0.000019 0.000002 -0.000024
 24   -0.246150 -0.011872 -0.516511 -0.000005 -0.000006 0.000048
 25   4.941364 1.997338 1.629330 0.000018 -0.000001 -0.000024
 26   4.941382 1.997366 -1.629410 -0.000001 0.000005 -0.000024
 27   2.914462 1.619264 1.514501 -0.000019 -0.000022 -0.000050
 28   2.916892 1.618870 -1.501142 -0.000002 -0.000009 -0.000024
 29   8.824059 0.150544 0.091743 0.000006 -0.000231 -0.174534
 30   2.111085 -0.561179 1.784320 -0.000008 -0.000682 0.000024
 31   2.121290 -0.561289 -1.853599 0.000000 0.000000 -0.000002
 32   -0.814395 -0.093824 3.127092 3.071872 -0.114691 1.239365
 33   14.298673 -0.408176 0.471578 0.000248 0.000063 -1.896136
 34   15.835795 0.581398 0.242756 -0.214735 0.106913 -0.097869
 35   -0.815868 -0.091229 -3.114430 0.066464 3.132818 -1.010216
 36   14.294526 -0.410349 -0.467541 0.000021 -0.000012 -2.607695
 37   15.834409 0.579420 -0.284600 -0.006092 -0.035255 0.214508
 38   1.139685 -3.453749 -2.823813 0.000000 0.000000 0.000001
 39   -4.457742 -1.054854 -0.746180 0.000000 0.000000 0.000000
 40   1.118101 -3.449769 3.237290 0.000000 0.000001 0.000000
 41   -4.433840 -1.059130 0.959566 -0.000001 0.000000 0.000000
 42   -0.657468 1.697302 -2.688614 0.000000 0.000002 0.000000
 43   -0.664068 1.698578 2.869377 0.000000 0.000002 0.000000
time 17
  0   -0.967547 0.175787 -20.574476 0.000000 0.000000 -1.572114
  1   -1.093036 0.000002 -0.326057 -0.000991 -1.569082 -1.569683
  2   2.262337 0.113614 0.064702 -0.072312 0.101702 -0.058418
  3   2.380047 0.353302 0.047440 -0.064459 -0.091111 0.008264
  4   2.033756 0.190472 -0.000128 0.121822 -0.049209 0.155656
  5   2.451511 0.204909 -0.003447 -0.036767 -0.081550 0.177655
  6   7.247600 -0.397300 -0.109469 -0.091897 0.032679 0.231869
  7   -2.022252 -0.104661 3.136172 0.650882 -1.426493 -4.023016
  8   1.168026 -0.537438 -0.063437 1.139409 0.745624 0.919301
  9   6.790376 -0.619176 0.015206 -0.000047 -0.000085 -1.761110
 10   8.637599 0.544015 -0.090417 -1.247002 0.228005 0.314070
 11   6.790465 -0.619039 0.017802 0.003658 -0.011850 -1.248056
 12   -2.022474 -0.104699 -2.873818 -1.582203 1.228638 -4.955534
 13   1.167898 -0.537463 0.063297 0.882008 -0.794039 -1.113144
 14   7.002743 -0.617765 -0.183752 0.000172 0.000023 -1.766029
 15   8.209042 0.615527 -0.255885 1.593243 0.643043 -0.235685
 16   7.002735 -0.617911 -0.183641 0.013214 0.009680 -1.254909
 17   1.574674 0.609930 -0.000899 0.096435 -0.029339 -0.132809
 18   -0.602177 0.511412 -0.000006 0.000000 0.000000 0.000000
 19   3.673773 0.177020 1.119313 -0.000002 -0.000014 -0.174510
 20   3.673767 0.176993 -1.117566 0.000007 -0.000003 -0.174546
 21   3.942357 1.334540 1.627658 0.000002 -0.000011 -0.000026
 22   -0.246060 -0.011889 0.516521 -0.000011 0.000031 0.000025
 23   3.942374 1.334565 -1.631083 0.000019 0.000002 -0.000024
 24   -0.246150 -0.011872 -0.516511 -0.000005 -0.000006 0.000048
 25   4.941364 1.997338 1.629330 0.000018 -0.000001 -0.000024
 26   4.941382 1.997366 -1.629410 -0.000001 0.000005 -0.000024
 27   2.914462 1.619264 1.514501 -0.000019 -0.000022 -0.000050
 28   2.916892 1.618870 -1.501142 -0.000002 -0.000009 -0.000024
 29   8.824059 0.150544 0.091743 0.000006 -0.000231 -0.174534
 30   2.111085 -0.561179 1.784320 -0.000008 -0.000682 0.000024
 31   2.121290 -0.561289 -1.853599 0.000000 0.000000 -0.000002
 32   -0.814395 -0.093824 3.127092 3.071872 -0.114691 1.239365
 33   14.298673 -0.408176 0.471578 0.000248 0.000063 -1.896136
 34   15.835795 0.581398 0.242756 -0.214735 0.106913 -0.097869
 35   -0.815868 -0.091229 -3.114430 0.066464 3.132818 -1.010216
 36   14.294526 -0.410349 -0.467541 0.000021 -0.000012 -2.607695
 37   15.834409 0.579420 -0.284600 -0.006092 -0.035255 0.214508
 38   1.139685 -3.453749 -2.823813 0.000000 0.000000 0.000001
 39   -4.457742 -1.054854 -0.746180 0.000000 0.000000 0.000000
 40   1.118101 -3.449769 3.237290 0.000000 0.000001 0.000000
 41   -4.433840 -1.059130 0.959566 -0.000001 0.000000 0.000000
 42   -0.657468 1.697302 -2.688614 0.000000 0.000002 0.000000
 43   -0.664068 1.698578 2.869377 0.000000 0.000002 0.000000
time 18
  0   -0.967547 0.175787 -20.574476 0.000000 0.000000 -1.572114
  1   -1.093036 0.000002 -0.326057 -0.000991 -1.569082 -1.569683
  2   2.262337 0.113614 0.064702 -0.072414 0.101750 -0.058707
  3   2.380047 0.353302 0.047440 -0.064714 -0.091566 0.009019
  4   2.033756 0.190472 -0.000128 0.122024 -0.049436 0.156381
  5   2.451511 0.204909 -0.003447 -0.036750 -0.060361 0.178918
  6   7.247600 -0.397300 -0.109469 -0.091897 0.032679 0.231869
  7   -2.022252 -0.104661 3.136172 0.290168 -1.405795 -3.663035
  8   1.168026 -0.537438 -0.063437 1.131056 0.761473 0.848828
  9   6.790376 -0.619176 0.015206 -0.000102 -0.000085 -1.718018
 10   8.637599 0.544015 -0.090417 -1.254135 0.161486 0.204686
 11   6.790465 -0.619039 0.017802 0.003483 -0.011850 -1.217892
 12   -2.022474 -0.104699 -2.873818 -1.493485 1.229450 -4.861613
 13   1.167898 -0.537463 0.063297 0.763770 -0.835536 -1.025792
 14   7.002743 -0.617765 -0.183752 0.000172 0.000023 -1.707863
 15   8.209042 0.615527 -0.255885 1.491716 0.630105 -0.409782
 16   7.002735 -0.617911 -0.183641 0.013308 0.009341 -1.214066
 17   1.574674 0.609930 -0.000899 0.096841 -0.058710 -0.108969
 18   -0.602177 0.511412 -0.000006 0.000000 0.000000 0.000000
 19   3.673773 0.177020 1.119313 -0.000002 -0.000014 -0.174510
 20   3.673767 0.176993 -1.117566 0.000007 -0.000003 -0.174546
 21   3.942357 1.334540 1.627658 0.000002 -0.000011 -0.000026
 22   -0.246060 -0.011889 0.516521 -0.000011 0.000031 0.000025
 23   3.942374 1.334565 -1.631083 0.000019 0.000002 -0.000024
 24   -0.246150 -0.011872 -0.516511 -0.000005 -0.000006 0.000048
 25   4.941364 1.997338 1.629330 0.000018 -0.000001 -0.000024
 26   4.941382 1.997366 -1.629410 -0.000001 0.000005 -0.000024
 27   2.914462 1.619264 1.514501 -0.000019 -0.000022 -0.000050
 28   2.916892 1.618870 -1.501142 -0.000002 -0.000009 -0.000024
 29   8.824059 0.150544 0.091743 0.000006 -0.000231 -0.174534
 30   2.111085 -0.561179 1.784320 -0.000008 -0.000682 0.000024
 31   2.121290 -0.561289 -1.853599 0.000000 0.000000 -0.000002
 32   -0.814395 -0.093824 3.127092 3.071872 -0.114691 1.239365
 33   14.298673 -0.408176 0.471578 0.000248 0.000063 -1.896136
 34   15.835795 0.581398 0.242756 -0.214735 0.106913 -0.097869
 35   -0.815868 -0.091229 -3.114430 0.066464 3.132818 -1.010216
 36   14.294526 -0.410349 -0.467541 0.000021 -0.000012 -2.607695
 37   15.834409 0.579420 -0.284600 -0.006092 -0.035255 0.214508
 38   1.139685 -3.453749 -2.823813 0.000000 0.000000 0.000001
 39   -4.457742 -1.054854 -0.746180 0.000000 0.000000 0.000000
 40   1.118101 -3.449769 3.237290 0.000000 0.000001 0.000000
 41   -4.433840 -1.059130 0.959566 -0.000001 0.000000 0.000000
 42   -0.657468 1.697302 -2.688614 0.000000 0.000002 0.000000
 43   -0.664068 1.698578 2.869377 0.000000 0.000002 0.000000
time 19
  0   -0.967547 0.175787 -20.574476 0.000000 0.000000 -1.572114
  1   -1.093036 0.000002 -0.326057 -0.000991 -1.569082 -1.569683
  2   2.262337 0.113614 0.064702 -0.072465 0.101774 -0.058978
  3   2.380047 0.353302 0.047440 -0.064849 -0.091878 0.009631
  4   2.033756 0.190472 -0.000128 0.122283 -0.049616 0.156961
  5   2.451511 0.204909 -0.003447 -0.038804 -0.091316 0.180503
  6   7.247600 -0.397300 -0.109469 -0.091897 0.032679 0.231869
  7   -2.022252 -0.104661 3.136172 0.175139 -1.392736 -3.549396
  8   1.168026 -0.537438 -0.063437 1.098783 0.733599 0.801700
  9   6.790376 -0.619176 0.015206 -0.000102 -0.000085 -1.701340
 10   8.637599 0.544015 -0.090417 -1.254312 0.133189 0.160411
 11   6.790465 -0.619039 0.017802 0.003395 -0.011850 -1.206184
 12   -2.022474 -0.104699 -2.873818 -1.517341 1.226838 -4.886888
 13   1.167898 -0.537463 0.063297 0.857475 -0.801972 -1.091412
 14   7.002743 -0.617765 -0.183752 0.000172 0.000023 -1.780055
 15   8.209042 0.615527 -0.255885 1.660616 0.635780 -0.129001
 16   7.002735 -0.617911 -0.183641 0.013214 0.009792 -1.264678
 17   1.574674 0.609930 -0.000899 0.105372 -0.042521 -0.038078
 18   -0.602177 0.511412 -0.000006 0.000000 0.000000 0.000000
 19   3.673773 0.177020 1.119313 -0.000002 -0.000014 -0.174510
 20   3.673767 0.176993 -1.117566 0.000007 -0.000003 -0.174546
 21   3.942357 1.334540 1.627658 0.000002 -0.000011 -0.000026
 22   -0.246060 -0.011889 0.516521 -0.000011 0.000031 0.000025
 23   3.942374 1.334565 -1.631083 0.000019 0.000002 -0.000024
 24   -0.246150 -0.011872 -0.516511 -0.000005 -0.000006 0.000048
 25   4.941364 1.997338 1.629330 0.000018 -0.000001 -0.000024
 26   4.941382 1.997366 -1.629410 -0.000001 0.000005 -0.000024
 27   2.914462 1.619264 1.514501 -0.000019 -0.000022 -0.000050
 28   2.916892 1.618870 -1.501142 -0.000002 -0.000009 -0.000024
 29   8.824059 0.150544 0.091743 0.000006 -0.000231 -0.174534
 30   2.111085 -0.561179 1.784320 -0.000008 -0.000682 0.000024
 31   2.121290 -0.561289 -1.853599 0.000000 0.000000 -0.000002
 32   -0.814395 -0.093824 3.127092 3.071872 -0.114691 1.239365
 33   14.298673 -0.408176 0.471578 0.000248 0.000063 -1.896136
 34   15.835795 0.581398 0.242756 -0.214735 0.106913 -0.097869
 35   -0.815868 -0.091229 -3.114430 0.066464 3.132818 -1.010216
 36   14.294526 -0.410349 -0.467541 0.000021 -0.000012 -2.607695
 37   15.834409 0.579420 -0.284600 -0.006092 -0.035255 0.214508
 38   1.139685 -3.453749 -2.823813 0.000000 0.000000 0.000001
 39   -4.457742 -1.054854 -0.746180 0.000000 0.000000 0.000000
 40   1.118101 -3.449769 3.237290 0.000000 0.000001 0.000000
 41   -4.433840 -1.059130 0.959566 -0.000001 0.000000 0.000000
 42   -0.657468 1.697302 -2.688614 0.000000 0.000002 0.000000
 43   -0.664068 1.698578 2.869377 0.000000 0.000002 0.000000
time 20
  0   -0.967547 0.175787 -20.574476 0.000000 0.000000 -1.572114
  1   -1.093036 0.000002 -0.326057 -0.000991 -1.569082 -1.569683
  2   2.262337 0.113614 0.064702 -0.072541 0.101798 -0.059195
  3   2.380047 0.353302 0.047440 -0.064954 -0.092106 0.010080
  4   2.033756 0.190472 -0.000128 0.122393 -0.049772 0.157396
  5   2.451511 0.204909 -0.003447 -0.040858 -0.122062 0.181865
  6   7.247600 -0.397300 -0.109469 -0.091897 0.032679 0.231869
  7   -2.022252 -0.104661 3.136172 0.229778 -1.391929 -3.603022
  8   1.168026 -0.537438 -0.063437 1.052588 0.722882 0.746726
  9   6.790376 -0.619176 0.015206 -0.000102 -0.000085 -1.715301
 10   8.637599 0.544015 -0.090417 -1.245681 0.116154 0.179076
 11   6.790465 -0.619039 0.017802 0.003483 -0.011850 -1.215988
 12   -2.022474 -0.104699 -2.873818 -1.548670 1.223936 -4.919919
 13   1.167898 -0.537463 0.063297 0.951250 -0.762966 -1.152673
 14   7.002743 -0.617765 -0.183752 0.000172 0.000023 -1.845647
 15   8.209042 0.615527 -0.255885 1.819521 0.605591 0.138008
 16   7.002735 -0.617911 -0.183641 0.013120 0.010187 -1.310598
 17   1.574674 0.609930 -0.000899 0.119305 -0.036841 0.087442
 18   -0.602177 0.511412 -0.000006 0.000000 0.000000 0.000000
 19   3.673773 0.177020 1.119313 -0.000002 -0.000014 -0.174510
 20   3.673767 0.176993 -1.117566 0.000007 -0.000003 -0.174546
 21   3.942357 1.334540 1.627658 0.000002 -0.000011 -0.000026
 22   -0.246060 -0.011889 0.516521 -0.000011 0.000031 0.000025
 23   3.942374 1.334565 -1.631083 0.000019 0.000002 -0.000024
 24   -0.246150 -0.011872 -0.516511 -0.000005 -0.000006 0.000048
 25   4.941364 1.997338 1.629330 0.000018 -0.000001 -0.000024
 26   4.941382 1.997366 -1.629410 -0.000001 0.000005 -0.000024
 27   2.914462 1.619264 1.514501 -0.000019 -0.000022 -0.000050
 28   2.916892 1.618870 -1.501142 -0.000002 -0.000009 -0.000024
 29   8.824059 0.150544 0.091743 0.000006 -0.000231 -0.174534
 30   2.111085 -0.561179 1.784320 -0.000008 -0.000682 0.000024
 31   2.121290 -0.561289 -1.853599 0.000000 0.000000 -0.000002
 32   -0.814395 -0.093824 3.127092 3.071872 -0.114691 1.239365
 33   14.298673 -0.408176 0.471578 0.000248 0.000063 -1.896136
 34   15.835795 0.581398 0.242756 -0.214735 0.106913 -0.097869
 35   -0.815868 -0.091229 -3.114430 0.066464 3.132818 -1.010216
 36   14.294526 -0.410349 -0.467541 0.000021 -0.000012 -2.607695
 37   15.834409 0.579420 -0.284600 -0.006092 -0.035255 0.214508
 38   1.139685 -3.453749 -2.823813 0.000000 0.000000 0.000001
 39   -4.457742 -1.054854 -0.746180 0.000000 0.000000 0.000000
 40   1.118101 -3.449769 3.237290 0.000000 0.000001 0.000000
 41   -4.433840 -1.059130 0.959566 -0.000001 0.000000 0.000000
 42   -0.657468 1.697302 -2.688614 0.000000 0.000002 0.000000
 43   -0.664068 1.698578 2.869377 0.000000 0.000002 0.000000
time 21
  0   -0.967547 0.175787 -20.574476 0.000000 0.000000 -1.572114
  1   -1.093036 0.000002 -0.326057 -0.001044 -1.569082 -1.569635
  2   2.262337 0.113614 0.064702 -0.072592 0.101822 -0.059267
  3   2.380047 0.353302 0.047440 -0.065074 -0.092333 0.010386
  4   2.033756 0.190472 -0.000128 0.122486 -0.049832 0.157830
  5   2.451511 0.204909 -0.003447 -0.040687 -0.110925 0.182187
  6   7.247600 -0.397300 -0.109469 -0.091897 0.032679 0.231869
  7   -2.022252 -0.104661 3.136172 0.366088 -1.387864 -3.737792
  8   1.168026 -0.537438 -0.063437 0.989435 0.768668 0.635704
  9   6.790376 -0.619176 0.015206 -0.000047 -0.000085 -1.750922
 10   8.637599 0.544015 -0.090417 -1.225074 0.076172 0.228632
 11   6.790465 -0.619039 0.017802 0.003629 -0.011850 -1.240846
 12   -2.022474 -0.104699 -2.873818 -1.533724 1.228318 -4.904313
 13   1.167898 -0.537463 0.063297 0.927911 -0.776850 -1.142019
 14   7.002743 -0.617765 -0.183752 0.000172 0.000023 -1.791276
 15   8.209042 0.615527 -0.255885 1.758116 0.625263 0.020139
 16   7.002735 -0.617911 -0.183641 0.013167 0.009849 -1.272681
 17   1.574674 0.609930 -0.000899 0.117152 -0.073904 0.224900
 18   -0.602177 0.511412 -0.000006 0.000000 0.000000 0.000000
 19   3.673773 0.177020 1.119313 -0.000002 -0.000014 -0.174510
 20   3.673767 0.176993 -1.117566 0.000007 -0.000003 -0.174546
 21   3.942357 1.334540 1.627658 0.000002 -0.000011 -0.000026
 22   -0.246060 -0.011889 0.516521 -0.000011 0.000031 0.000025
 23   3.942374 1.334565 -1.631083 0.000019 0.000002 -0.000024
 24   -0.246150 -0.011872 -0.516511 -0.000005 -0.000006 0.000048
 25   4.941364 1.997338 1.629330 0.000018 -0.000001 -0.000024
 26   4.941382 1.997366 -1.629410 -0.000001 0.000005 -0.000024
 27   2.914462 1.619264 1.514501 -0.000019 -0.000022 -0.000050
 28   2.916892 1.618870 -1.501142 -0.000002 -0.000009 -0.000024
 29   8.824059 0.150544 0.091743 0.000006 -0.000231 -0.174534
 30   2.111085 -0.561179 1.784320 -0.000008 -0.000682 0.000024
 31   2.121290 -0.561289 -1.853599 0.000000 0.000000 -0.000002
 32   -0.814395 -0.093824 3.127092 3.071872 -0.114691 1.239365
 33   14.298673 -0.408176 0.471578 0.000248 0.000063 -1.896136
 34   15.835795 0.581398 0.242756 -0.214735 0.106913 -0.097869
 35   -0.815868 -0.091229 -3.114430 0.066464 3.132818 -1.010216
 36   14.294526 -0.410349 -0.467541 0.000021 -0.000012 -2.607695
 37   15.834409 0.579420 -0.284600 -0.006092 -0.035255 0.214508
 38   1.139685 -3.453749 -2.823813 0.000000 0.000000 0.000001
 39   -4.457742 -1.054854 -0.746180 0.000000 0.000000 0.000000
 40   1.118101 -3.449769 3.237290 0.000000 0.000001 0.000000
 41   -4.433840 -1.059130 0.959566 -0.000001 0.000000 0.000000
 42   -0.657468 1.697302 -2.688614 0.000000 0.000002 0.000000
 43   -0.664068 1.698578 2.869377 0.000000 0.000002 0.000000
time 22
  0   -0.967547 0.175787 -20.574476 0.000000 0.000000 -1.572114
  1   -1.093036 0.000002 -0.326057 -0.000991 -1.569082 -1.569683
  2   2.262337 0.113614 0.064702 -0.072592 0.101822 -0.059321
  3   2.380047 0.353302 0.047440 -0.065179 -0.092405 0.010529
  4   2.033756 0.190472 -0.000128 0.122486 -0.049892 0.157830
  5   2.451511 0.204909 -0.003447 -0.039694 -0.089749 0.182187
  6   7.247600 -0.397300 -0.109469 -0.091897 0.032679 0.231869
  7   -2.022252 -0.104661 3.136172 0.539303 -1.376968 -3.908438
  8   1.168026 -0.537438 -0.063437 0.882111 0.825171 0.464711
  9   6.790376 -0.619176 0.015206 -0.000047 -0.000085 -1.799372
 10   8.637599 0.544015 -0.090417 -1.201825 0.021901 0.296853
 11   6.790465 -0.619039 0.017802 0.003833 -0.011850 -1.274874
 12   -2.022474 -0.104699 -2.873818 -1.503641 1.233659 -4.872719
 13   1.167898 -0.537463 0.063297 0.869495 -0.805837 -1.108301
 14   7.002743 -0.617765 -0.183752 0.000172 0.000023 -1.693177
 15   8.209042 0.615527 -0.255885 1.623299 0.643194 -0.215780
 16   7.002735 -0.617911 -0.183641 0.013308 0.009229 -1.203910
 17   1.574674 0.609930 -0.000899 0.103260 -0.113380 0.342880
 18   -0.602177 0.511412 -0.000006 0.000000 0.000000 0.000000
 19   3.673773 0.177020 1.119313 -0.000002 -0.000014 -0.174510
 20   3.673767 0.176993 -1.117566 0.000007 -0.000003 -0.174546
 21   3.942357 1.334540 1.627658 0.000002 -0.000011 -0.000026
 22   -0.246060 -0.011889 0.516521 -0.000011 0.000031 0.000025
 23   3.942374 1.334565 -1.631083 0.000019 0.000002 -0.000024
 24   -0.246150 -0.011872 -0.516511 -0.000005 -0.000006 0.000048
 25   4.941364 1.997338 1.629330 0.000018 -0.000001 -0.000024
 26   4.941382 1.997366 -1.629410 -0.000001 0.000005 -0.000024
 27   2.914462 1.619264 1.514501 -0.000019 -0.000022 -0.000050
 28   2.916892 1.618870 -1.501142 -0.000002 -0.000009 -0.000024
 29   8.824059 0.150544 0.091743 0.000006 -0.000231 -0.174534
 30   2.111085 -0.561179 1.784320 -0.000008 -0.000682 0.000024
 31   2.121290 -0.561289 -1.853599 0.000000 0.000000 -0.000002
 32   -0.814395 -0.093824 3.127092 3.071872 -0.114691 1.239365
 33   14.298673 -0.408176 0.471578 0.000248 0.000063 -1.896136
 34   15.835795 0.581398 0.242756 -0.214735 0.106913 -0.097869
 35   -0.815868 -0.091229 -3.114430 0.066464 3.132818 -1.010216
 36   14.294526 -0.410349 -0.467541 0.000021 -0.000012 -2.607695
 37   15.834409 0.579420 -0.284600 -0.006092 -0.035255 0.214508
 38   1.139685 -3.453749 -2.823813 0.000000 0.000000 0.000001
 39   -4.457742 -1.054854 -0.746180 0.000000 0.000000 0.000000
 40   1.118101 -3.449769 3.237290 0.000000 0.000001 0.000000
 41   -4.433840 -1.059130 0.959566 -0.000001 0.000000 0.000000
 42   -0.657468 1.697302 -2.688614 0.000000 0.000002 0.000000
 43   -0.664068 1.698578 2.869377 0.000000 0.000002 0.000000
time 23
  0   -0.967547 0.175787 -20.574476 0.000000 0.000000 -1.572114
  1   -1.093036 0.000002 -0.326057 -0.000991 -1.569082 -1.569683
  2   2.262337 0.113614 0.064702 -0.072592 0.101822 -0.059321
  3   2.380047 0.353302 0.047440 -0.065074 -0.092393 0.010529
  4   2.033756 0.190472 -0.000128 0.122486 -0.049892 0.157830
  5   2.451511 0.204909 -0.003447 -0.039249 -0.078312 0.181989
  6   7.247600 -0.397300 -0.109469 -0.091897 0.032679 0.231869
  7   -2.022252 -0.104661 3.136172 0.702453 -1.359873 -4.069317
  8   1.168026 -0.537438 -0.063437 0.735743 0.853548 0.253548
  9   6.790376 -0.619176 0.015206 -0.000047 -0.000085 -1.852048
 10   8.637599 0.544015 -0.090417 -1.180337 -0.038353 0.369703
 11   6.790465 -0.619039 0.017802 0.004096 -0.011850 -1.311613
 12   -2.022474 -0.104699 -2.873818 -1.478635 1.228725 -4.846007
 13   1.167898 -0.537463 0.063297 0.800042 -0.825263 -1.057270
 14   7.002743 -0.617765 -0.183752 0.000172 0.000023 -1.616942
 15   8.209042 0.615527 -0.255885 1.526949 0.633737 -0.354336
 16   7.002735 -0.617911 -0.183641 0.013449 0.008777 -1.150484
 17   1.574674 0.609930 -0.000899 0.092820 -0.132976 0.404198
 18   -0.602177 0.511412 -0.000006 0.000000 0.000000 0.000000
 19   3.673773 0.177020 1.119313 -0.000002 -0.000014 -0.174510
 20   3.673767 0.176993 -1.117566 0.000007 -0.000003 -0.174546
 21   3.942357 1.334540 1.627658 0.000002 -0.000011 -0.000026
 22   -0.246060 -0.011889 0.516521 -0.000011 0.000031 0.000025
 23   3.942374 1.334565 -1.631083 0.000019 0.000002 -0.000024
 24   -0.246150 -0.011872 -0.516511 -0.000005 -0.000006 0.000048
 25   4.941364 1.997338 1.629330 0.000018 -0.000001 -0.000024
 26   4.941382 1.997366 -1.629410 -0.000001 0.000005 -0.000024
 27   2.914462 1.619264 1.514501 -0.000019 -0.000022 -0.000050
 28   2.916892 1.618870 -1.501142 -0.000002 -0.000009 -0.000024
 29   8.824059 0.150544 0.091743 0.000006 -0.000231 -0.174534
 30   2.111085 -0.561179 1.784320 -0.000008 -0.000682 0.000024
 31   2.121290 -0.561289 -1.853599 0.000000 0.000000 -0.000002
 32   -0.814395 -0.093824 3.127092 3.071872 -0.114691 1.239365
 33   14.298673 -0.408176 0.471578 0.000248 0.000063 -1.896136
 34   15.835795 0.581398 0.242756 -0.214735 0.106913 -0.097869
 35   -0.815868 -0.091229 -3.114430 0.066464 3.132818 -1.010216
 36   14.294526 -0.410349 -0.467541 0.000021 -0.000012 -2.607695
 37   15.834409 0.579420 -0.284600 -0.006092 -0.035255 0.214508
 38   1.139685 -3.453749 -2.823813 0.000000 0.000000 0.000001
 39   -4.457742 -1.054854 -0.746180 0.000000 0.000000 0.000000
 40   1.118101 -3.449769 3.237290 0.000000 0.000001 0.000000
 41   -4.433840 -1.059130 0.959566 -0.000001 0.000000 0.000000
 42   -0.657468 1.697302 -2.688614 0.000000 0.000002 0.000000
 43   -0.664068 1.698578 2.869377 0.000000 0.000002 0.000000
time 24
  0   -0.967547 0.175787 -20.574476 0.000000 0.000000 -1.572114
  1   -1.093036 0.000002 -0.326057 -0.000991 -1.569082 -1.569683
  2   2.262337 0.113614 0.064702 -0.072592 0.103128 -0.059375
  3   2.380047 0.353302 0.047440 -0.062044 -0.093867 0.011692
  4   2.033756 0.190472 -0.000128 0.102162 -0.052157 0.160948
  5   2.451511 0.204909 -0.003447 -0.050803 -0.079030 0.180404
  6   7.247600 -0.397300 -0.109469 -0.091897 0.032679 0.231869
  7   -2.022252 -0.104661 3.136172 0.828219 -1.339781 -4.192911
  8   1.168026 -0.537438 -0.063437 0.580580 0.841674 0.070346
  9   6.790376 -0.619176 0.015206 -0.000047 -0.000085 -1.900197
 10   8.637599 0.544015 -0.090417 -1.165278 -0.094172 0.436332
 11   6.790465 -0.619039 0.017802 0.004359 -0.011850 -1.345469
 12   -2.022474 -0.104699 -2.873818 -1.469630 1.189978 -4.834230
 13   1.167898 -0.537463 0.063297 0.667815 -0.809600 -0.965802
 14   7.002743 -0.617765 -0.183752 0.000172 0.000023 -1.593428
 15   8.209042 0.615527 -0.255885 1.536799 0.603624 -0.194912
 16   7.002735 -0.617911 -0.183641 0.013496 0.008665 -1.134092
 17   1.574674 0.609930 -0.000899 0.115202 -0.153566 0.416986
 18   -0.602177 0.511412 -0.000006 0.000000 0.000000 0.000000
 19   3.673773 0.177020 1.119313 -0.000002 -0.000014 -0.174510
 20   3.673767 0.176993 -1.117566 0.000007 -0.000003 -0.174546
 21   3.942357 1.334540 1.627658 0.000002 -0.000011 -0.000026
 22   -0.246060 -0.011889 0.516521 -0.000011 0.000031 0.000025
 23   3.942374 1.334565 -1.631083 0.000019 0.000002 -0.000024
 24   -0.246150 -0.011872 -0.516511 -0.000005 -0.000006 0.000048
 25   4.941364 1.997338 1.629330 0.000018 -0.000001 -0.000024
 26   4.941382 1.997366 -1.629410 -0.000001 0.000005 -0.000024
 27   2.914462 1.619264 1.514501 -0.000019 -0.000022 -0.000050
 28   2.916892 1.618870 -1.501142 -0.000002 -0.000009 -0.000024
 29   8.824059 0.150544 0.091743 0.000006 -0.000231 -0.174534
 30   2.111085 -0.561179 1.784320 -0.000008 -0.000682 0.000024
 31   2.121290 -0.561289 -1.853599 0.000000 0.000000 -0.000002
 32   -0.814395 -0.093824 3.127092 3.071872 -0.114691 1.239365
 33   14.298673 -0.408176 0.471578 0.000248 0.000063 -1.896136
 34   15.835795 0.581398 0.242756 -0.214735 0.106913 -0.097869
 35   -0.815868 -0.091229 -3.114430 0.066464 3.132818 -1.010216
 36   14.294526 -0.410349 -0.467541 0.000021 -0.000012 -2.607695
 37   15.834409 0.579420 -0.284600 -0.006092 -0.035255 0.214508
 38   1.139685 -3.453749 -2.823813 0.000000 0.000000 0.000001
 39   -4.457742 -1.054854 -0.746180 0.000000 0.000000 0.000000
 40   1.118101 -3.449769 3.237290 0.000000 0.000001 0.000000
 41   -4.433840 -1.059130 0.959566 -0.000001 0.000000 0.000000
 42   -0.657468 1.697302 -2.688614 0.000000 0.000002 0.000000
 43   -0.664068 1.698578 2.869377 0.000000 0.000002 0.000000
time 25
  0   -0.967547 0.175787 -20.574476 0.000000 0.000000 -1.572114
  1   -1.093036 0.000002 -0.326057 -0.001044 -1.569082 -1.569635
  2   2.262337 0.113614 0.064702 -0.072592 0.106328 -0.059484
  3   2.380047 0.353302 0.047440 -0.054814 -0.097367 0.014569
  4   2.033756 0.190472 -0.000128 0.053824 -0.057406 0.168741
  5   2.451511 0.204909 -0.003447 -0.078515 -0.080780 0.176714
  6   7.247600 -0.397300 -0.109469 -0.091897 0.032679 0.231869
  7   -2.022252 -0.104661 3.136172 0.906631 -1.323118 -4.269922
  8   1.168026 -0.537438 -0.063437 0.452247 0.808567 -0.026443
  9   6.790376 -0.619176 0.015206 -0.000047 -0.000085 -1.935063
 10   8.637599 0.544015 -0.090417 -1.156912 -0.134436 0.485816
 11   6.790465 -0.619039 0.017802 0.004505 -0.011879 -1.369807
 12   -2.022474 -0.104699 -2.873818 -1.469630 1.117476 -4.830114
 13   1.167898 -0.537463 0.063297 0.461847 -0.749999 -0.843522
 14   7.002743 -0.617765 -0.183752 0.000172 0.000023 -1.600606
 15   8.209042 0.615527 -0.255885 1.599139 0.538406 0.194477
 16   7.002735 -0.617911 -0.183641 0.013449 0.008721 -1.139059
 17   1.574674 0.609930 -0.000899 0.170691 -0.197847 0.416986
 18   -0.602177 0.511412 -0.000006 0.000000 0.000000 0.000000
 19   3.673773 0.177020 1.119313 -0.000002 -0.000014 -0.174510
 20   3.673767 0.176993 -1.117566 0.000007 -0.000003 -0.174546
 21   3.942357 1.334540 1.627658 0.000002 -0.000011 -0.000026
 22   -0.246060 -0.011889 0.516521 -0.000011 0.000031 0.000025
 23   3.942374 1.334565 -1.631083 0.000019 0.000002 -0.000024
 24   -0.246150 -0.011872 -0.516511 -0.000005 -0.000006 0.000048
 25   4.941364 1.997338 1.629330 0.000018 -0.000001 -0.000024
 26   4.941382 1.997366 -1.629410 -0.000001 0.000005 -0.000024
 27   2.914462 1.619264 1.514501 -0.000019 -0.000022 -0.000050
 28   2.916892 1.618870 -1.501142 -0.000002 -0.000009 -0.000024
 29   8.824059 0.150544 0.091743 0.000006 -0.000231 -0.174534
 30   2.111085 -0.561179 1.784320 -0.000008 -0.000682 0.000024
 31   2.121290 -0.561289 -1.853599 0.000000 0.000000 -0.000002
 32   -0.814395 -0.093824 3.127092 3.071872 -0.114691 1.239365
 33   14.298673 -0.408176 0.471578 0.000248 0.000063 -1.896136
 34   15.835795 0.581398 0.242756 -0.214735 0.106913 -0.097869
 35   -0.815868 -0.091229 -3.114430 0.066464 3.132818 -1.010216
 36   14.294526 -0.410349 -0.467541 0.000021 -0.000012 -2.607695
 37   15.834409 0.579420 -0.284600 -0.006092 -0.035255 0.214508
 38   1.139685 -3.453749 -2.823813 0.000000 0.000000 0.000001
 39   -4.457742 -1.054854 -0.746180 0.000000 0.000000 0.000000
 40   1.118101 -3.449769 3.237290 0.000000 0.000001 0.000000
 41   -4.433840 -1.059130 0.959566 -0.000001 0.000000 0.000000
 42   -0.657468 1.697302 -2.688614 0.000000 0.000002 0.000000
 43   -0.664068 1.698578 2.869377 0.000000 0.000002 0.000000
time 26
  0   -0.967547 0.175787 -20.574476 0.000000 0.000000 -1.572114
  1   -1.093036 0.000002 -0.326057 -0.001044 -1.569082 -1.569635
  2   2.262337 0.113614 0.064702 -0.072643 0.110127 -0.059556
  3   2.380047 0.353302 0.047440 -0.045933 -0.101657 0.017936
  4   2.033756 0.190472 -0.000128 -0.003901 -0.063219 0.177984
  5   2.451511 0.204909 -0.003447 -0.111465 -0.083156 0.172157
  6   7.247600 -0.397300 -0.109469 -0.091897 0.032679 0.231869
  7   -2.022252 -0.104661 3.136172 0.933950 -1.316286 -4.296876
  8   1.168026 -0.537438 -0.063437 0.383018 0.782102 -0.024735
  9   6.790376 -0.619176 0.015206 -0.000047 -0.000085 -1.948496
 10   8.637599 0.544015 -0.090417 -1.155503 -0.148443 0.506217
 11   6.790465 -0.619039 0.017802 0.004563 -0.011879 -1.379208
 12   -2.022474 -0.104699 -2.873818 -1.474037 1.035367 -4.829061
 13   1.167898 -0.537463 0.063297 0.263752 -0.661918 -0.744487
 14   7.002743 -0.617765 -0.183752 0.000172 0.000023 -1.623625
 15   8.209042 0.615527 -0.255885 1.645013 0.440805 0.638711
 16   7.002735 -0.617911 -0.183641 0.013449 0.008834 -1.155286
 17   1.574674 0.609930 -0.000899 0.238813 -0.248825 0.406453
 18   -0.602177 0.511412 -0.000006 0.000000 0.000000 0.000000
 19   3.673773 0.177020 1.119313 -0.000002 -0.000014 -0.174510
 20   3.673767 0.176993 -1.117566 0.000007 -0.000003 -0.174546
 21   3.942357 1.334540 1.627658 0.000002 -0.000011 -0.000026
 22   -0.246060 -0.011889 0.516521 -0.000011 0.000031 0.000025
 23   3.942374 1.334565 -1.631083 0.000019 0.000002 -0.000024
 24   -0.246150 -0.011872 -0.516511 -0.000005 -0.000006 0.000048
 25   4.941364 1.997338 1.629330 0.000018 -0.000001 -0.000024
 26   4.941382 1.997366 -1.629410 -0.000001 0.000005 -0.000024
 27   2.914462 1.619264 1.514501 -0.000019 -0.000022 -0.000050
 28   2.916892 1.618870 -1.501142 -0.000002 -0.000009 -0.000024
 29   8.824059 0.150544 0.091743 0.000006 -0.000231 -0.174534
 30   2.111085 -0.561179 1.784320 -0.000008 -0.000682 0.000024
 31   2.121290 -0.561289 -1.853599 0.000000 0.000000 -0.000002
 32   -0.814395 -0.093824 3.127092 3.071872 -0.114691 1.239365
 33   14.298673 -0.408176 0.471578 0.000248 0.000063 -1.896136
 34   15.835795 0.581398 0.242756 -0.214735 0.106913 -0.097869
 35   -0.815868 -0.091229 -3.114430 0.066464 3.132818 -1.010216
 36   14.294526 -0.410349 -0.467541 0.000021 -0.000012 -2.607695
 37   15.834409 0.579420 -0.284600 -0.006092 -0.035255 0.214508
 38   1.139685 -3.453749 -2.823813 0.000000 0.000000 0.000001
 39   -4.457742 -1.054854 -0.746180 0.000000 0.000000 0.000000
 40   1.118101 -3.449769 3.237290 0.000000 0.000001 0.000000
 41   -4.433840 -1.059130 0.959566 -0.000001 0.000000 0.000000
 42   -0.657468 1.697302 -2.688614 0.000000 0.000002 0.000000
 43   -0.664068 1.698578 2.869377 0.000000 0.000002 0.000000
time 27
  0   -0.967547 0.175787 -20.574476 0.000000 0.000000 -1.572114
  1   -1.093036 0.000002 -0.326057 -0.001044 -1.569082 -1.569635
  2   2.262337 0.113614 0.064702 -0.072605 0.113243 -0.059484
  3   2.380047 0.353302 0.047440 -0.038673 -0.105097 0.020487
  4   2.033756 0.190472 -0.000128 -0.052368 -0.067737 0.185922
  5   2.451511 0.204909 -0.003447 -0.138715 -0.085180 0.167922
  6   7.247600 -0.397300 -0.109469 -0.091897 0.032679 0.231869
  7   -2.022252 -0.104661 3.136172 0.933950 -1.316286 -4.296876
  8   1.168026 -0.537438 -0.063437 0.353086 0.770429 0.017840
  9   6.790376 -0.619176 0.015206 -0.000047 -0.000085 -1.947817
 10   8.637599 0.544015 -0.090417 -1.157352 -0.145276 0.508532
 11   6.790465 -0.619039 0.017802 0.004534 -0.011879 -1.378689
 12   -2.022474 -0.104699 -2.873818 -1.479114 0.968380 -4.828965
 13   1.167898 -0.537463 0.063297 0.123089 -0.579737 -0.689037
 14   7.002743 -0.617765 -0.183752 0.000172 0.000023 -1.647964
 15   8.209042 0.615527 -0.255885 1.650765 0.350165 0.994363
 16   7.002735 -0.617911 -0.183641 0.013402 0.008947 -1.172230
 17   1.574674 0.609930 -0.000899 0.296942 -0.289840 0.392666
 18   -0.602177 0.511412 -0.000006 0.000000 0.000000 0.000000
 19   3.673773 0.177020 1.119313 -0.000002 -0.000014 -0.174510
 20   3.673767 0.176993 -1.117566 0.000007 -0.000003 -0.174546
 21   3.942357 1.334540 1.627658 0.000002 -0.000011 -0.000026
 22   -0.246060 -0.011889 0.516521 -0.000011 0.000031 0.000025
 23   3.942374 1.334565 -1.631083 0.000019 0.000002 -0.000024
 24   -0.246150 -0.011872 -0.516511 -0.000005 -0.000006 0.000048
 25   4.941364 1.997338 1.629330 0.000018 -0.000001 -0.000024
 26   4.941382 1.997366 -1.629410 -0.000001 0.000005 -0.000024
 27   2.914462 1.619264 1.514501 -0.000019 -0.000022 -0.000050
 28   2.916892 1.618870 -1.501142 -0.000002 -0.000009 -0.000024
 29   8.824059 0.150544 0.091743 0.000006 -0.000231 -0.174534
 30   2.111085 -0.561179 1.784320 -0.000008 -0.000682 0.000024
 31   2.121290 -0.561289 -1.853599 0.000000 0.000000 -0.000002
 32   -0.814395 -0.093824 3.127092 3.071872 -0.114691 1.239365
 33   14.298673 -0.408176 0.471578 0.000248 0.000063 -1.896136
 34   15.835795 0.581398 0.242756 -0.214735 0.106913 -0.097869
 35   -0.815868 -0.091229 -3.114430 0.066464 3.132818 -1.010216
 36   14.294526 -0.410349 -0.467541 0.000021 -0.000012 -2.607695
 37   15.834409 0.579420 -0.284600 -0.006092 -0.035255 0.214508
 38   1.139685 -3.453749 -2.823813 0.000000 0.000000 0.000001
 39   -4.457742 -1.054854 -0.746180 0.000000 0.000000 0.000000
 40   1.118101 -3.449769 3.237290 0.000000 0.000001 0.000000
 41   -4.433840 -1.059130 0.959566 -0.000001 0.000000 0.000000
 42   -0.657468 1.697302 -2.688614 0.000000 0.000002 0.000000
 43   -0.664068 1.698578 2.869377 0.000000 0.000002 0.000000
time 28
  0   -0.967547 0.175787 -20.574476 0.000000 0.000000 -1.572114
  1   -1.093036 0.000002 -0.326057 -0.000991 -1.569082 -1.569683
  2   2.262337 0.113614 0.064702 -0.072541 0.114633 -0.059213
  3   2.380047 0.353302 0.047440 -0.035327 -0.106140 0.020997
  4   2.033756 0.190472 -0.000128 -0.072895 -0.069487 0.188713
  5   2.451511 0.204909 -0.003447 -0.149704 -0.085793 0.165000
  6   7.247600 -0.397300 -0.109469 -0.091897 0.032679 0.231869
  7   -2.022252 -0.104661 3.136172 0.933950 -1.316286 -4.296876
  8   1.168026 -0.537438 -0.063437 0.339734 0.765951 0.031504
  9   6.790376 -0.619176 0.015206 -0.000047 -0.000085 -1.947364
 10   8.637599 0.544015 -0.090417 -1.159906 -0.141193 0.511498
 11   6.790465 -0.619039 0.017802 0.004534 -0.011879 -1.378343
 12   -2.022474 -0.104699 -2.873818 -1.480935 0.940633 -4.829061
 13   1.167898 -0.537463 0.063297 0.069805 -0.544292 -0.673964
 14   7.002743 -0.617765 -0.183752 0.000172 0.000023 -1.659102
 15   8.209042 0.615527 -0.255885 1.644006 0.312032 1.140076
 16   7.002735 -0.617911 -0.183641 0.013402 0.009059 -1.180012
 17   1.574674 0.609930 -0.000899 0.321396 -0.306667 0.385459
 18   -0.602177 0.511412 -0.000006 0.000000 0.000000 0.000000
 19   3.673773 0.177020 1.119313 -0.000002 -0.000014 -0.174510
 20   3.673767 0.176993 -1.117566 0.000007 -0.000003 -0.174546
 21   3.442342 1.330634 1.627658 -0.073691 -0.386442 0.847736
 22   -0.457004 -0.035327 0.231356 -0.000011 0.000031 0.000025
 23   3.438452 1.330659 -1.631083 0.073712 0.386493 0.847601
 24   -0.453188 -0.039217 -0.235252 -0.000005 -0.000006 0.000048
 25   4.941364 1.997338 1.629330 0.000018 -0.000001 -0.000024
 26   4.941382 1.997366 -1.629410 -0.000001 0.000005 -0.000024
 27   3.160563 1.767707 1.553565 -0.163477 0.220818 -1.289362
 28   3.162993 1.775125 -1.540206 0.163480 -0.220897 -1.289338
 29   8.824059 0.150544 0.091743 0.000006 -0.000231 -0.174534
 30   2.111085 -0.561179 1.784320 -0.000008 -0.000682 0.000024
 31   2.121290 -0.561289 -1.853599 0.000000 0.000000 -0.000002
 32   -0.814395 -0.093824 3.127092 3.071872 -0.114691 1.239365
 33   14.298673 -0.408176 0.471578 0.000248 0.000063 -1.896136
 34   15.835795 0.581398 0.242756 -0.214735 0.106913 -0.097869
 35   -0.815868 -0.091229 -3.114430 0.066464 3.132818 -1.010216
 36   14.294526 -0.410349 -0.467541 0.000021 -0.000012 -2.607695
 37   15.834409 0.579420 -0.284600 -0.006092 -0.035255 0.214508
 38   1.139685 -3.453749 -2.823813 0.000000 0.000000 0.000001
 39   -4.457742 -1.054854 -0.746180 0.000000 0.000000 0.000000
 40   1.118101 -3.449769 3.237290 0.000000 0.000001 0.000000
 41   -4.433840 -1.059130 0.959566 -0.000001 0.000000 0.000000
 42   -0.657468 1.697302 -2.688614 0.000000 0.000002 0.000000
 43   -0.664068 1.698578 2.869377 0.000000 0.000002 0.000000
time 29
  0   -0.967547 0.175787 -20.574476 0.000000 0.000000 -1.572114
  1   -1.093036 0.000002 -0.326057 -0.000991 -1.569082 -1.569683
  2   2.262337 0.113614 0.064702 -0.072414 0.114573 -0.058869
  3   2.380047 0.353302 0.047440 -0.035027 -0.105636 0.020099
  4   2.033756 0.190472 -0.000128 -0.074112 -0.069151 0.190743
  5   2.451511 0.204909 -0.003447 -0.148232 -0.085167 0.162994
  6   7.247600 -0.397300 -0.109469 -0.091897 0.032679 0.231869
  7   -2.022252 -0.104661 3.136172 0.938264 -1.314874 -4.300915
  8   1.168026 -0.537438 -0.063437 0.283161 0.769925 -0.026443
  9   6.790376 -0.619176 0.015206 -0.000047 -0.000085 -1.884499
 10   8.637599 0.544015 -0.090417 -1.100903 -0.220875 0.539133
 11   6.790465 -0.619039 0.017802 0.004242 -0.011850 -1.334395
 12   -2.022474 -0.104699 -2.873818 -1.481605 0.938224 -4.829156
 13   1.167898 -0.537463 0.063297 0.054480 -0.551005 -0.662402
 14   7.002743 -0.617765 -0.183752 0.000172 0.000023 -1.667435
 15   8.209042 0.615527 -0.255885 1.660904 0.309460 1.198109
 16   7.002735 -0.617911 -0.183641 0.013355 0.009116 -1.185862
 17   1.574674 0.609930 -0.000899 0.320909 -0.305744 0.380358
 18   -0.602177 0.511412 -0.000006 0.000000 0.000000 0.000000
 19   3.673773 0.177020 1.119313 -0.000002 -0.000014 -0.174510
 20   3.673767 0.176993 -1.117566 0.000007 -0.000003 -0.174546
 21   3.696256 1.330634 1.627658 0.006354 -0.200741 0.411863
 22   -0.351532 -0.015795 0.371985 -0.000011 0.000031 0.000025
 23   3.692366 1.330659 -1.631083 -0.006333 0.200780 0.411810
 24   -0.347716 -0.019685 -0.379788 -0.000005 -0.000006 0.000048
 25   4.941364 1.997338 1.629330 0.000018 -0.000001 -0.000024
 26   4.941382 1.997366 -1.629410 -0.000001 0.000005 -0.000024
 27   3.031653 1.693485 1.522314 -0.043955 0.137321 -0.635381
 28   3.034083 1.693092 -1.520674 0.043934 -0.137352 -0.635435
 29   8.824059 0.150544 0.091743 0.000006 -0.000231 -0.174534
 30   2.111085 -0.561179 1.784320 -0.000008 -0.000682 0.000024
 31   2.121290 -0.561289 -1.853599 0.000000 0.000000 -0.000002
 32   -0.814395 -0.093824 3.127092 3.071872 -0.114691 1.239365
 33   14.298673 -0.408176 0.471578 0.000248 0.000063 -1.896136
 34   15.835795 0.581398 0.242756 -0.214735 0.106913 -0.097869
 35   -0.815868 -0.091229 -3.114430 0.066464 3.132818 -1.010216
 36   14.294526 -0.410349 -0.467541 0.000021 -0.000012 -2.607695
 37   15.834409 0.579420 -0.284600 -0.006092 -0.035255 0.214508
 38   1.139685 -3.453749 -2.823813 0.000000 0.000000 0.000001
 39   -4.457742 -1.054854 -0.746180 0.000000 0.000000 0.000000
 40   1.118101 -3.449769 3.237290 0.000000 0.000001 0.000000
 41   -4.433840 -1.059130 0.959566 -0.000001 0.000000 0.000000
 42   -0.657468 1.697302 -2.688614 0.000000 0.000002 0.000000
 43   -0.664068 1.698578 2.869377 0.000000 0.000002 0.000000
time 30
  0   -0.967547 0.175787 -20.574476 0.000000 0.000000 -1.572114
  1   -1.093036 0.000002 -0.326057 -0.000991 -1.569082 -1.569683
  2   2.262337 0.113614 0.064702 -0.072312 0.114442 -0.058418
  3   2.380047 0.353302 0.047440 -0.034667 -0.104989 0.018997
  4   2.033756 0.190472 -0.000128 -0.075975 -0.068779 0.192519
  5   2.451511 0.204909 -0.003447 -0.146469 -0.084396 0.160765
  6   7.247600 -0.397300 -0.109469 -0.091897 0.032679 0.231869
  7   -2.022252 -0.104661 3.136172 0.948137 -1.311530 -4.310588
  8   1.168026 -0.537438 -0.063437 0.162739 0.771586 -0.145056
  9   6.790376 -0.619176 0.015206 -0.000047 -0.000085 -1.747375
 10   8.637599 0.544015 -0.090417 -0.970126 -0.406213 0.579719
 11   6.790465 -0.619039 0.017802 0.003629 -0.011850 -1.238482
 12   -2.022474 -0.104699 -2.873818 -1.482947 0.932507 -4.829826
 13   1.167898 -0.537463 0.063297 0.017996 -0.568346 -0.631287
 14   7.002743 -0.617765 -0.183752 0.000172 0.000023 -1.686164
 15   8.209042 0.615527 -0.255885 1.698725 0.299851 1.326321
 16   7.002735 -0.617911 -0.183641 0.013308 0.009229 -1.198888
 17   1.574674 0.609930 -0.000899 0.322006 -0.302762 0.370231
 18   -0.602177 0.511412 -0.000006 0.000000 0.000000 0.000000
 19   3.673773 0.177020 1.119313 -0.000002 -0.000014 -0.174510
 20   3.673767 0.176993 -1.117566 0.000007 -0.000003 -0.174546
 21   3.942357 1.334540 1.627658 0.000002 -0.000011 -0.000026
 22   -0.246060 -0.011889 0.516521 -0.000011 0.000031 0.000025
 23   3.942374 1.334565 -1.631083 0.000019 0.000002 -0.000024
 24   -0.246150 -0.011872 -0.516511 -0.000005 -0.000006 0.000048
 25   4.941364 1.997338 1.629330 0.000018 -0.000001 -0.000024
 26   4.941382 1.997366 -1.629410 -0.000001 0.000005 -0.000024
 27   2.914462 1.619264 1.514501 -0.000019 -0.000022 -0.000050
 28   2.916892 1.618870 -1.501142 -0.000002 -0.000009 -0.000024
 29   8.824059 0.150544 0.091743 0.000006 -0.000231 -0.174534
 30   2.111085 -0.561179 1.784320 -0.000008 -0.000682 0.000024
 31   2.121290 -0.561289 -1.853599 0.000000 0.000000 -0.000002
 32   -0.814395 -0.093824 3.127092 3.071872 -0.114691 1.239365
 33   14.298673 -0.408176 0.471578 0.000248 0.000063 -1.896136
 34   15.835795 0.581398 0.242756 -0.214735 0.106913 -0.097869
 35   -0.815868 -0.091229 -3.114430 0.066464 3.132818 -1.010216
 36   14.294526 -0.410349 -0.467541 0.000021 -0.000012 -2.607695
 37   15.834409 0.579420 -0.284600 -0.006092 -0.035255 0.214508
 38   1.139685 -3.453749 -2.823813 0.000000 0.000000 0.000001
 39   -4.457742 -1.054854 -0.746180 0.000000 0.000000 0.000000
 40   1.118101 -3.449769 3.237290 0.000000 0.000001 0.000000
 41   -4.433840 -1.059130 0.959566 -0.000001 0.000000 0.000000
 42   -0.657468 1.697302 -2.688614 0.000000 0.000002 0.000000
 43   -0.664068 1.698578 2.869377 0.000000 0.000002 0.000000
time 31
  0   -0.967547 0.175787 -20.574476 0.000000 0.000000 -1.572114
  1   -1.093036 0.000002 -0.326057 -0.001044 -1.569082 -1.569635
  2   2.262337 0.113614 0.064702 -0.072159 0.114370 -0.057893
  3   2.380047 0.353302 0.047440 -0.034322 -0.104234 0.017773
  4   2.033756 0.190472 -0.000128 -0.078059 -0.068552 0.192483
  5   2.451511 0.204909 -0.003447 -0.144398 -0.083574 0.158115
  6   7.247600 -0.397300 -0.109469 -0.091897 0.032679 0.231869
  7   -2.022252 -0.104661 3.136172 0.957052 -1.308301 -4.319604
  8   1.168026 -0.537438 -0.063437 0.043645 0.763083 -0.262404
  9   6.790376 -0.619176 0.015206 -0.000102 -0.000085 -1.610326
 10   8.637599 0.544015 -0.090417 -0.836092 -0.595070 0.596502
 11   6.790465 -0.619039 0.017802 0.002986 -0.011793 -1.142395
 12   -2.022474 -0.104699 -2.873818 -1.484001 0.926818 -4.830880
 13   1.167898 -0.537463 0.063297 -0.020175 -0.587061 -0.599385
 14   7.002743 -0.617765 -0.183752 0.000172 0.000023 -1.704975
 15   8.209042 0.615527 -0.255885 1.734748 0.285703 1.453391
 16   7.002735 -0.617911 -0.183641 0.013308 0.009341 -1.212245
 17   1.574674 0.609930 -0.000899 0.323549 -0.297863 0.356703
 18   -0.602177 0.511412 -0.000006 0.000000 0.000000 0.000000
 19   3.673773 0.177020 1.119313 -0.000002 -0.000014 -0.174510
 20   3.673767 0.176993 -1.117566 0.000007 -0.000003 -0.174546
 21   3.942357 1.334540 1.627658 0.000002 -0.000011 -0.000026
 22   -0.246060 -0.011889 0.516521 -0.000011 0.000031 0.000025
 23   3.942374 1.334565 -1.631083 0.000019 0.000002 -0.000024
 24   -0.246150 -0.011872 -0.516511 -0.000005 -0.000006 0.000048
 25   4.941364 1.997338 1.629330 0.000018 -0.000001 -0.000024
 26   4.941382 1.997366 -1.629410 -0.000001 0.000005 -0.000024
 27   2.914462 1.619264 1.514501 -0.000019 -0.000022 -0.000050
 28   2.916892 1.618870 -1.501142 -0.000002 -0.000009 -0.000024
 29   8.824059 0.150544 0.091743 0.000006 -0.000231 -0.174534
 30   2.111085 -0.561179 1.784320 -0.000008 -0.000682 0.000024
 31   2.121290 -0.561289 -1.853599 0.000000 0.000000 -0.000002
 32   -0.814395 -0.093824 3.127092 3.071872 -0.114691 1.239365
 33   14.298673 -0.408176 0.471578 0.000248 0.000063 -1.896136
 34   15.835795 0.581398 0.242756 -0.214735 0.106913 -0.097869
 35   -0.815868 -0.091229 -3.114430 0.066464 3.132818 -1.010216
 36   14.294526 -0.410349 -0.467541 0.000021 -0.000012 -2.607695
 37   15.834409 0.579420 -0.284600 -0.006092 -0.035255 0.214508
 38   1.139685 -3.453749 -2.823813 0.000000 0.000000 0.000001
 39   -4.457742 -1.054854 -0.746180 0.000000 0.000000 0.000000
 40   1.118101 -3.449769 3.237290 0.000000 0.000001 0.000000
 41   -4.433840 -1.059130 0.959566 -0.000001 0.000000 0.000000
 42   -0.657468 1.697302 -2.688614 0.000000 0.000002 0.000000
 43   -0.664068 1.698578 2.869377 0.000000 0.000002 0.000000
time 32
  0   -0.967547 0.175787 -20.574476 0.000000 0.000000 -1.572114
  1   -1.093036 0.000002 -0.326057 -0.000991 -1.569082 -1.569683
  2   2.262337 0.113614 0.064702 -0.071981 0.114286 -0.057243
  3   2.380047 0.353302 0.047440 -0.033842 -0.103407 0.016365
  4   2.033756 0.190472 -0.000128 -0.079534 -0.068959 0.184110
  5   2.451511 0.204909 -0.003447 -0.142224 -0.082621 0.155267
  6   7.247600 -0.397300 -0.109469 -0.091897 0.032679 0.231869
  7   -2.022252 -0.104661 3.136172 0.961558 -1.306802 -4.323455
  8   1.168026 -0.537438 -0.063437 -0.005144 0.761171 -0.314404
  9   6.790376 -0.619176 0.015206 -0.000102 -0.000085 -1.547160
 10   8.637599 0.544015 -0.090417 -0.776648 -0.678976 0.600047
 11   6.790465 -0.619039 0.017802 0.002724 -0.011793 -1.098274
 12   -2.022474 -0.104699 -2.873818 -1.484575 0.924264 -4.831358
 13   1.167898 -0.537463 0.063297 -0.041404 -0.602266 -0.585644
 14   7.002743 -0.617765 -0.183752 0.000172 0.000023 -1.712978
 15   8.209042 0.615527 -0.255885 1.748769 0.278213 1.510281
 16   7.002735 -0.617911 -0.183641 0.013308 0.009341 -1.217764
 17   1.574674 0.609930 -0.000899 0.324930 -0.291615 0.346058
 18   -0.602177 0.511412 -0.000006 0.000000 0.000000 0.000000
 19   3.673773 0.177020 1.119313 -0.000002 -0.000014 -0.174510
 20   3.673767 0.176993 -1.117566 0.000007 -0.000003 -0.174546
 21   3.942357 1.334540 1.627658 0.000002 -0.000011 -0.000026
 22   -0.246060 -0.011889 0.516521 -0.000011 0.000031 0.000025
 23   3.942374 1.334565 -1.631083 0.000019 0.000002 -0.000024
 24   -0.246150 -0.011872 -0.516511 -0.000005 -0.000006 0.000048
 25   4.941364 1.997338 1.629330 0.000018 -0.000001 -0.000024
 26   4.941382 1.997366 -1.629410 -0.000001 0.000005 -0.000024
 27   2.914462 1.619264 1.514501 -0.000019 -0.000022 -0.000050
 28   2.916892 1.618870 -1.501142 -0.000002 -0.000009 -0.000024
 29   8.824059 0.150544 0.091743 0.000006 -0.000231 -0.174534
 30   2.111085 -0.561179 1.784320 -0.000008 -0.000682 0.000024
 31   2.121290 -0.561289 -1.853599 0.000000 0.000000 -0.000002
 32   -0.814395 -0.093824 3.127092 3.071872 -0.114691 1.239365
 33   14.298673 -0.408176 0.471578 0.000248 0.000063 -1.896136
 34   15.835795 0.581398 0.242756 -0.214735 0.106913 -0.097869
 35   -0.815868 -0.091229 -3.114430 0.066464 3.132818 -1.010216
 36   14.294526 -0.410349 -0.467541 0.000021 -0.000012 -2.607695
 37   15.834409 0.579420 -0.284600 -0.006092 -0.035255 0.214508
 38   1.139685 -3.453749 -2.823813 0.000000 0.000000 0.000001
 39   -4.457742 -1.054854 -0.746180 0.000000 0.000000 0.000000
 40   1.118101 -3.449769 3.237290 0.000000 0.000001 0.000000
 41   -4.433840 -1.059130 0.959566 -0.000001 0.000000 0.000000
 42   -0.657468 1.697302 -2.688614 0.000000 0.000002 0.000000
 43   -0.664068 1.698578 2.869377 0.000000 0.000002 0.000000
time 33
  0   -0.967547 0.175787 -20.574476 0.000000 0.000000 -1.572114
  1   -1.093036 0.000002 -0.326057 -0.000991 -1.569082 -1.569683
  2   2.262337 0.113614 0.064702 -0.071828 0.114202 -0.056556
  3   2.380047 0.353302 0.047440 -0.033482 -0.102472 0.014855
  4   2.033756 0.190472 -0.000128 -0.079184 -0.070517 0.161093
  5   2.451511 0.204909 -0.003447 -0.139588 -0.081446 0.151998
  6   7.247600 -0.397300 -0.109469 -0.091897 0.032679 0.231869
  7   -2.022252 -0.104661 3.136172 0.949959 -1.302248 -4.311339
  8   1.168026 -0.537438 -0.063437 0.069527 0.714580 -0.106657
  9   6.790376 -0.619176 0.015206 -0.000102 -0.000085 -1.719301
 10   8.637599 0.544015 -0.090417 -0.700912 -0.722336 0.104778
 11   6.790465 -0.619039 0.017802 0.003483 -0.011850 -1.218814
 12   -2.022474 -0.104699 -2.873818 -1.475665 0.968032 -4.824656
 13   1.167898 -0.537463 0.063297 0.117676 -0.706772 -0.696120
 14   7.002743 -0.617765 -0.183752 0.000172 0.000023 -1.657287
 15   8.209042 0.615527 -0.255885 1.770699 0.330039 1.192696
 16   7.002735 -0.617911 -0.183641 0.013402 0.009059 -1.178743
 17   1.574674 0.609930 -0.000899 0.323549 -0.283876 0.345023
 18   -0.602177 0.511412 -0.000006 0.000000 0.000000 0.000000
 19   3.673773 0.177020 1.119313 -0.000002 -0.000014 -0.174510
 20   3.673767 0.176993 -1.117566 0.000007 -0.000003 -0.174546
 21   3.942357 1.334540 1.627658 0.000002 -0.000011 -0.000026
 22   -0.246060 -0.011889 0.516521 -0.000011 0.000031 0.000025
 23   3.942374 1.334565 -1.631083 0.000019 0.000002 -0.000024
 24   -0.246150 -0.011872 -0.516511 -0.000005 -0.000006 0.000048
 25   4.941364 1.997338 1.629330 0.000018 -0.000001 -0.000024
 26   4.941382 1.997366 -1.629410 -0.000001 0.000005 -0.000024
 27   2.914462 1.619264 1.514501 -0.000019 -0.000022 -0.000050
 28   2.916892 1.618870 -1.501142 -0.000002 -0.000009 -0.000024
 29   8.824059 0.150544 0.091743 0.000006 -0.000231 -0.174534
 30   2.111085 -0.561179 1.784320 -0.000008 -0.000682 0.000024
 31   2.121290 -0.561289 -1.853599 0.000000 0.000000 -0.000002
 32   -0.814395 -0.093824 3.127092 3.071872 -0.114691 1.239365
 33   14.298673 -0.408176 0.471578 0.000248 0.000063 -1.896136
 34   15.835795 0.581398 0.242756 -0.214735 0.106913 -0.097869
 35   -0.815868 -0.091229 -3.114430 0.066464 3.132818 -1.010216
 36   14.294526 -0.410349 -0.467541 0.000021 -0.000012 -2.607695
 37   15.834409 0.579420 -0.284600 -0.006092 -0.035255 0.214508
 38   1.139685 -3.453749 -2.823813 0.000000 0.000000 0.000001
 39   -4.457742 -1.054854 -0.746180 0.000000 0.000000 0.000000
 40   1.118101 -3.449769 3.237290 0.000000 0.000001 0.000000
 41   -4.433840 -1.059130 0.959566 -0.000001 0.000000 0.000000
 42   -0.657468 1.697302 -2.688614 0.000000 0.000002 0.000000
 43   -0.664068 1.698578 2.869377 0.000000 0.000002 0.000000
time 34
  0   -0.967547 0.175787 -20.574476 0.000000 0.000000 -1.572114
  1   -1.093036 0.000002 -0.326057 -0.000991 -1.569082 -1.569683
  2   2.262337 0.113614 0.064702 -0.071637 0.114106 -0.055833
  3   2.380047 0.353302 0.047440 -0.032882 -0.101394 0.013161
  4   2.033756 0.190472 -0.000128 -0.078022 -0.072483 0.132530
  5   2.451511 0.204909 -0.003447 -0.136507 -0.080388 0.148308
  6   7.247600 -0.397300 -0.109469 -0.091897 0.032679 0.231869
  7   -2.022252 -0.104661 3.136172 0.938935 -1.297693 -4.299318
  8   1.168026 -0.537438 -0.063437 0.138123 0.656467 0.087869
  9   6.790376 -0.619176 0.015206 -0.000047 -0.000085 -1.891593
 10   8.637599 0.544015 -0.090417 -0.605186 -0.728038 -0.404236
 11   6.790465 -0.619039 0.017802 0.004271 -0.011850 -1.339413
 12   -2.022474 -0.104699 -2.873818 -1.465510 1.011713 -4.816423
 13   1.167898 -0.537463 0.063297 0.299252 -0.803955 -0.827117
 14   7.002743 -0.617765 -0.183752 0.000172 0.000023 -1.601596
 15   8.209042 0.615527 -0.255885 1.774007 0.386708 0.869939
 16   7.002735 -0.617911 -0.183641 0.013449 0.008721 -1.139776
 17   1.574674 0.609930 -0.000899 0.333177 -0.240660 0.273836
 18   -0.602177 0.511412 -0.000006 0.000000 0.000000 0.000000
 19   3.673773 0.177020 1.119313 -0.000002 -0.000014 -0.174510
 20   3.673767 0.176993 -1.117566 0.000007 -0.000003 -0.174546
 21   3.942357 1.334540 1.627658 0.000002 -0.000011 -0.000026
 22   -0.246060 -0.011889 0.516521 -0.000011 0.000031 0.000025
 23   3.942374 1.334565 -1.631083 0.000019 0.000002 -0.000024
 24   -0.246150 -0.011872 -0.516511 -0.000005 -0.000006 0.000048
 25   4.941364 1.997338 1.629330 0.000018 -0.000001 -0.000024
 26   4.941382 1.997366 -1.629410 -0.000001 0.000005 -0.000024
 27   2.914462 1.619264 1.514501 -0.000019 -0.000022 -0.000050
 28   2.916892 1.618870 -1.501142 -0.000002 -0.000009 -0.000024
 29   8.824059 0.150544 0.091743 0.000006 -0.000231 -0.174534
 30   2.111085 -0.561179 1.784320 -0.000008 -0.000682 0.000024
 31   2.121290 -0.561289 -1.853599 0.000000 0.000000 -0.000002
 32   -0.814395 -0.093824 3.127092 3.071872 -0.114691 1.239365
 33   14.298673 -0.408176 0.471578 0.000248 0.000063 -1.896136
 34   15.835795 0.581398 0.242756 -0.214735 0.106913 -0.097869
 35   -0.815868 -0.091229 -3.114430 0.066464 3.132818 -1.010216
 36   14.294526 -0.410349 -0.467541 0.000021 -0.000012 -2.607695
 37   15.834409 0.579420 -0.284600 -0.006092 -0.035255 0.214508
 38   1.139685 -3.453749 -2.823813 0.000000 0.000000 0.000001
 39   -4.457742 -1.054854 -0.746180 0.000000 0.000000 0.000000
 40   1.118101 -3.449769 3.237290 0.000000 0.000001 0.000000
 41   -4.433840 -1.059130 0.959566 -0.000001 0.000000 0.000000
 42   -0.657468 1.697302 -2.688614 0.000000 0.000002 0.000000
 43   -0.664068 1.698578 2.869377 0.000000 0.000002 0.000000
time 35
  0   -0.967547 0.175787 -20.574476 0.000000 0.000000 -1.572114
  1   -1.093036 0.000002 -0.326057 -0.000991 -1.569082 -1.569683
  2   2.262337 0.113614 0.064702 -0.071446 0.114082 -0.055111
  3   2.380047 0.353302 0.047440 -0.032387 -0.100351 0.011345
  4   2.033756 0.190472 -0.000128 -0.077395 -0.074280 0.104511
  5   2.451511 0.204909 -0.003447 -0.134265 -0.079083 0.144519
  6   7.247600 -0.397300 -0.109469 -0.091897 0.032679 0.231869
  7   -2.022252 -0.104661 3.136172 0.928582 -1.293023 -4.287954
  8   1.168026 -0.537438 -0.063437 0.125973 0.713624 -0.028910
  9   6.790376 -0.619176 0.015206 -0.000047 -0.000085 -1.802014
 10   8.637599 0.544015 -0.090417 -0.518882 -0.693687 -0.905871
 11   6.790465 -0.619039 0.017802 0.003892 -0.011850 -1.276720
 12   -2.022474 -0.104699 -2.873818 -1.453630 1.055423 -4.807232
 13   1.167898 -0.537463 0.063297 0.407227 -0.944009 -0.893887
 14   7.002743 -0.617765 -0.183752 0.000172 0.000023 -1.698375
 15   8.209042 0.615527 -0.255885 1.757685 0.442318 0.539425
 16   7.002735 -0.617911 -0.183641 0.013308 0.009285 -1.207553
 17   1.574674 0.609930 -0.000899 0.347313 -0.154844 0.117787
 18   -0.602177 0.511412 -0.000006 0.000000 0.000000 0.000000
 19   3.673773 0.177020 1.119313 -0.000002 -0.000014 -0.174510
 20   3.673767 0.176993 -1.117566 0.000007 -0.000003 -0.174546
 21   3.942357 1.334540 1.627658 0.000002 -0.000011 -0.000026
 22   -0.246060 -0.011889 0.516521 -0.000011 0.000031 0.000025
 23   3.942374 1.334565 -1.631083 0.000019 0.000002 -0.000024
 24   -0.246150 -0.011872 -0.516511 -0.000005 -0.000006 0.000048
 25   4.941364 1.997338 1.629330 0.000018 -0.000001 -0.000024
 26   4.941382 1.997366 -1.629410 -0.000001 0.000005 -0.000024
 27   2.914462 1.619264 1.514501 -0.000019 -0.000022 -0.000050
 28   2.916892 1.618870 -1.501142 -0.000002 -0.000009 -0.000024
 29   8.824059 0.150544 0.091743 0.000006 -0.000231 -0.174534
 30   2.111085 -0.561179 1.784320 -0.000008 -0.000682 0.000024
 31   2.121290 -0.561289 -1.853599 0.000000 0.000000 -0.000002
 32   -0.814395 -0.093824 3.127092 3.071872 -0.114691 1.239365
 33   14.298673 -0.408176 0.471578 0.000248 0.000063 -1.896136
 34   15.835795 0.581398 0.242756 -0.214735 0.106913 -0.097869
 35   -0.815868 -0.091229 -3.114430 0.066464 3.132818 -1.010216
 36   14.294526 -0.410349 -0.467541 0.000021 -0.000012 -2.607695
 37   15.834409 0.579420 -0.284600 -0.006092 -0.035255 0.214508
 38   1.139685 -3.453749 -2.823813 0.000000 0.000000 0.000001
 39   -4.457742 -1.054854 -0.746180 0.000000 0.000000 0.000000
 40   1.118101 -3.449769 3.237290 0.000000 0.000001 0.000000
 41   -4.433840 -1.059130 0.959566 -0.000001 0.000000 0.000000
 42   -0.657468 1.697302 -2.688614 0.000000 0.000002 0.000000
 43   -0.664068 1.698578 2.869377 0.000000 0.000002 0.000000
time 36
  0   -0.967547 0.175787 -20.574476 0.000000 0.000000 -1.572114
  1   -1.093036 0.000002 -0.326057 -0.000991 -1.569082 -1.569683
  2   2.262337 0.113614 0.064702 -0.071204 0.113938 -0.054261
  3   2.380047 0.353302 0.047440 -0.031682 -0.099093 0.009325
  4   2.033756 0.190472 -0.000128 -0.078612 -0.075599 0.083633
  5   2.451511 0.204909 -0.003447 -0.134025 -0.077568 0.140383
  6   7.247600 -0.397300 -0.109469 -0.091897 0.032679 0.231869
  7   -2.022252 -0.104661 3.136172 0.918038 -1.288439 -4.277248
  8   1.168026 -0.537438 -0.063437 0.090536 0.766756 -0.160302
  9   6.790376 -0.619176 0.015206 -0.000102 -0.000085 -1.712207
 10   8.637599 0.544015 -0.090417 -0.465955 -0.627591 -1.382330
 11   6.790465 -0.619039 0.017802 0.003454 -0.011850 -1.213854
 12   -2.022474 -0.104699 -2.873818 -1.440121 1.099162 -4.795838
 13   1.167898 -0.537463 0.063297 0.549296 -1.072569 -0.997038
 14   7.002743 -0.617765 -0.183752 0.000172 0.000023 -1.795401
 15   8.209042 0.615527 -0.255885 1.720799 0.491043 0.199168
 16   7.002735 -0.617911 -0.183641 0.013167 0.009849 -1.275385
 17   1.574674 0.609930 -0.000899 0.350035 -0.067159 -0.043659
 18   -0.602177 0.511412 -0.000006 0.000000 0.000000 0.000000
 19   3.673773 0.177020 1.119313 -0.000002 -0.000014 -0.174510
 20   3.673767 0.176993 -1.117566 0.000007 -0.000003 -0.174546
 21   3.942357 1.334540 1.627658 0.000002 -0.000011 -0.000026
 22   -0.246060 -0.011889 0.516521 -0.000011 0.000031 0.000025
 23   3.942374 1.334565 -1.631083 0.000019 0.000002 -0.000024
 24   -0.246150 -0.011872 -0.516511 -0.000005 -0.000006 0.000048
 25   4.941364 1.997338 1.629330 0.000018 -0.000001 -0.000024
 26   4.941382 1.997366 -1.629410 -0.000001 0.000005 -0.000024
 27   2.914462 1.619264 1.514501 -0.000019 -0.000022 -0.000050
 28   2.916892 1.618870 -1.501142 -0.000002 -0.000009 -0.000024
 29   8.824059 0.150544 0.091743 0.000006 -0.000231 -0.174534
 30   2.111085 -0.561179 1.784320 -0.000008 -0.000682 0.000024
 31   2.121290 -0.561289 -1.853599 0.000000 0.000000 -0.000002
 32   -0.814395 -0.093824 3.127092 3.071872 -0.114691 1.239365
 33   14.298673 -0.408176 0.471578 0.000248 0.000063 -1.896136
 34   15.835795 0.581398 0.242756 -0.214735 0.106913 -0.097869
 35   -0.815868 -0.091229 -3.114430 0.066464 3.132818 -1.010216
 36   14.294526 -0.410349 -0.467541 0.000021 -0.000012 -2.607695
 37   15.834409 0.579420 -0.284600 -0.006092 -0.035255 0.214508
 38   1.139685 -3.453749 -2.823813 0.000000 0.000000 0.000001
 39   -4.457742 -1.054854 -0.746180 0.000000 0.000000 0.000000
 40   1.118101 -3.449769 3.237290 0.000000 0.000001 0.000000
 41   -4.433840 -1.059130 0.959566 -0.000001 0.000000 0.000000
 42   -0.657468 1.697302 -2.688614 0.000000 0.000002 0.000000
 43   -0.664068 1.698578 2.869377 0.000000 0.000002 0.000000
time 37
  0   -0.967547 0.175787 -20.574476 0.000000 0.000000 -1.572114
  1   -1.093036 0.000002 -0.326057 -0.000991 -1.569082 -1.569683
  2   2.262337 0.113614 0.064702 -0.070962 0.113818 -0.053285
  3   2.380047 0.353302 0.047440 -0.031112 -0.097858 0.007223
  4   2.033756 0.190472 -0.000128 -0.083942 -0.075814 0.075695
  5   2.451511 0.204909 -0.003447 -0.139006 -0.075962 0.136346
  6   7.247600 -0.397300 -0.109469 -0.091897 0.032679 0.231869
  7   -2.022252 -0.104661 3.136172 0.925898 -1.294003 -4.285700
  8   1.168026 -0.537438 -0.063437 0.064780 0.756995 -0.222297
  9   6.790376 -0.619176 0.015206 -0.000102 -0.000085 -1.710547
 10   8.637599 0.544015 -0.090417 -0.547767 -0.492652 -1.250447
 11   6.790465 -0.619039 0.017802 0.003454 -0.011850 -1.212585
 12   -2.022474 -0.104699 -2.873818 -1.426133 1.098117 -4.779754
 13   1.167898 -0.537463 0.063297 0.523848 -1.072976 -0.980936
 14   7.002743 -0.617765 -0.183752 0.000172 0.000023 -1.790698
 15   8.209042 0.615527 -0.255885 1.742370 0.491799 0.197304
 16   7.002735 -0.617911 -0.183641 0.013167 0.009849 -1.272129
 17   1.574674 0.609930 -0.000899 0.354259 -0.019517 -0.134361
 18   -0.602177 0.511412 -0.000006 0.000000 0.000000 0.000000
 19   3.673773 0.177020 1.119313 -0.000002 -0.000014 -0.174510
 20   3.673767 0.176993 -1.117566 0.000007 -0.000003 -0.174546
 21   3.942357 1.334540 1.627658 0.000002 -0.000011 -0.000026
 22   -0.246060 -0.011889 0.516521 -0.000011 0.000031 0.000025
 23   3.942374 1.334565 -1.631083 0.000019 0.000002 -0.000024
 24   -0.246150 -0.011872 -0.516511 -0.000005 -0.000006 0.000048
 25   4.941364 1.997338 1.629330 0.000018 -0.000001 -0.000024
 26   4.941382 1.997366 -1.629410 -0.000001 0.000005 -0.000024
 27   2.914462 1.619264 1.514501 -0.000019 -0.000022 -0.000050
 28   2.916892 1.618870 -1.501142 -0.000002 -0.000009 -0.000024
 29   8.824059 0.150544 0.091743 0.000006 -0.000231 -0.174534
 30   2.111085 -0.561179 1.784320 -0.000008 -0.000682 0.000024
 31   2.121290 -0.561289 -1.853599 0.000000 0.000000 -0.000002
 32   -0.814395 -0.093824 3.127092 3.071872 -0.114691 1.239365
 33   14.298673 -0.408176 0.471578 0.000248 0.000063 -1.896136
 34   15.835795 0.581398 0.242756 -0.214735 0.106913 -0.097869
 35   -0.815868 -0.091229 -3.114430 0.066464 3.132818 -1.010216
 36   14.294526 -0.410349 -0.467541 0.000021 -0.000012 -2.607695
 37   15.834409 0.579420 -0.284600 -0.006092 -0.035255 0.214508
 38   1.139685 -3.453749 -2.823813 0.000000 0.000000 0.000001
 39   -4.457742 -1.054854 -0.746180 0.000000 0.000000 0.000000
 40   1.118101 -3.449769 3.237290 0.000000 0.000001 0.000000
 41   -4.433840 -1.059130 0.959566 -0.000001 0.000000 0.000000
 42   -0.657468 1.697302 -2.688614 0.000000 0.000002 0.000000
 43   -0.664068 1.698578 2.869377 0.000000 0.000002 0.000000
time 38
  0   -0.967547 0.175787 -20.574476 0.000000 0.000000 -1.572114
  1   -1.093036 0.000002 -0.326057 -0.000991 -1.569082 -1.569683
  2   2.262337 0.113614 0.064702 -0.070707 0.113627 -0.052310
  3   2.380047 0.353302 0.047440 -0.030392 -0.096468 0.004958
  4   2.033756 0.190472 -0.000128 -0.091909 -0.075335 0.076420
  5   2.451511 0.204909 -0.003447 -0.147205 -0.074213 0.132062
  6   7.247600 -0.397300 -0.109469 -0.091897 0.032679 0.231869
  7   -2.022252 -0.104661 3.136172 0.957052 -1.304121 -4.318759
  8   1.168026 -0.537438 -0.063437 -0.015522 0.722429 -0.354701
  9   6.790376 -0.619176 0.015206 -0.000102 -0.000085 -1.711905
 10   8.637599 0.544015 -0.090417 -0.649394 -0.192508 -1.035729
 11   6.790465 -0.619039 0.017802 0.003454 -0.011850 -1.213566
 12   -2.022474 -0.104699 -2.873818 -1.400074 1.095911 -4.750744
 13   1.167898 -0.537463 0.063297 0.480968 -1.062754 -0.949155
 14   7.002743 -0.617765 -0.183752 0.000172 0.000023 -1.782860
 15   8.209042 0.615527 -0.255885 1.785799 0.492783 0.195439
 16   7.002735 -0.617911 -0.183641 0.013214 0.009792 -1.266665
 17   1.574674 0.609930 -0.000899 0.366649 -0.006193 -0.158127
 18   -0.602177 0.511412 -0.000006 0.000000 0.000000 0.000000
 19   3.673773 0.177020 1.119313 -0.000002 -0.000014 -0.174510
 20   3.673767 0.176993 -1.117566 0.000007 -0.000003 -0.174546
 21   3.942357 1.334540 1.627658 0.000002 -0.000011 -0.000026
 22   -0.246060 -0.011889 0.516521 -0.000011 0.000031 0.000025
 23   3.942374 1.334565 -1.631083 0.000019 0.000002 -0.000024
 24   -0.246150 -0.011872 -0.516511 -0.000005 -0.000006 0.000048
 25   4.941364 1.997338 1.629330 0.000018 -0.000001 -0.000024
 26   4.941382 1.997366 -1.629410 -0.000001 0.000005 -0.000024
 27   2.914462 1.619264 1.514501 -0.000019 -0.000022 -0.000050
 28   2.916892 1.618870 -1.501142 -0.000002 -0.000009 -0.000024
 29   8.824059 0.150544 0.091743 0.000006 -0.000231 -0.174534
 30   2.111085 -0.561179 1.784320 -0.000008 -0.000682 0.000024
 31   2.121290 -0.561289 -1.853599 0.000000 0.000000 -0.000002
 32   -0.814395 -0.093824 3.127092 3.071872 -0.114691 1.239365
 33   14.298673 -0.408176 0.471578 0.000248 0.000063 -1.896136
 34   15.835795 0.581398 0.242756 -0.214735 0.106913 -0.097869
 35   -0.815868 -0.091229 -3.114430 0.066464 3.132818 -1.010216
 36   14.294526 -0.410349 -0.467541 0.000021 -0.000012 -2.607695
 37   15.834409 0.579420 -0.284600 -0.006092 -0.035255 0.214508
 38   1.139685 -3.453749 -2.823813 0.000000 0.000000 0.000001
 39   -4.457742 -1.054854 -0.746180 0.000000 0.000000 0.000000
 40   1.118101 -3.449769 3.237290 0.000000 0.000001 0.000000
 41   -4.433840 -1.059130 0.959566 -0.000001 0.000000 0.000000
 42   -0.657468 1.697302 -2.688614 0.000000 0.000002 0.000000
 43   -0.664068 1.698578 2.869377 0.000000 0.000002 0.000000
time 39
  0   -0.967547 0.175787 -20.574476 0.000000 0.000000 -1.572114
  1   -1.093036 0.000002 -0.326057 -0.000991 -1.569082 -1.569683
  2   2.262337 0.113614 0.064702 -0.070427 0.113471 -0.051225
  3   2.380047 0.353302 0.047440 -0.029747 -0.095018 0.002530
  4   2.033756 0.190472 -0.000128 -0.097903 -0.074952 0.077036
  5   2.451511 0.204909 -0.003447 -0.152186 -0.072333 0.127307
  6   7.247600 -0.397300 -0.109469 -0.091897 0.032679 0.231869
  7   -2.022252 -0.104661 3.136172 1.020606 -1.308128 -4.384031
  8   1.168026 -0.537438 -0.063437 -0.140691 0.678504 -0.471543
  9   6.790376 -0.619176 0.015206 -0.000102 -0.000085 -1.721414
 10   8.637599 0.544015 -0.090417 -0.715619 0.095319 -0.865141
 11   6.790465 -0.619039 0.017802 0.003483 -0.011850 -1.220256
 12   -2.022474 -0.104699 -2.873818 -1.385990 1.094634 -4.734851
 13   1.167898 -0.537463 0.063297 0.463394 -1.053804 -0.941467
 14   7.002743 -0.617765 -0.183752 0.000172 0.000023 -1.777910
 15   8.209042 0.615527 -0.255885 1.806651 0.493918 0.193455
 16   7.002735 -0.617911 -0.183641 0.013214 0.009736 -1.263188
 17   1.574674 0.609930 -0.000899 0.374489 0.005546 -0.171951
 18   -0.602177 0.511412 -0.000006 0.000000 0.000000 0.000000
 19   3.673773 0.177020 1.119313 -0.000002 -0.000014 -0.174510
 20   3.673767 0.176993 -1.117566 0.000007 -0.000003 -0.174546
 21   3.942357 1.334540 1.627658 0.000002 -0.000011 -0.000026
 22   -0.246060 -0.011889 0.516521 -0.000011 0.000031 0.000025
 23   3.942374 1.334565 -1.631083 0.000019 0.000002 -0.000024
 24   -0.246150 -0.011872 -0.516511 -0.000005 -0.000006 0.000048
 25   4.941364 1.997338 1.629330 0.000018 -0.000001 -0.000024
 26   4.941382 1.997366 -1.629410 -0.000001 0.000005 -0.000024
 27   2.914462 1.619264 1.514501 -0.000019 -0.000022 -0.000050
 28   2.916892 1.618870 -1.501142 -0.000002 -0.000009 -0.000024
 29   8.824059 0.150544 0.091743 0.000006 -0.000231 -0.174534
 30   2.111085 -0.561179 1.784320 -0.000008 -0.000682 0.000024
 31   2.121290 -0.561289 -1.853599 0.000000 0.000000 -0.000002
 32   -0.814395 -0.093824 3.127092 3.071872 -0.114691 1.239365
 33   14.298673 -0.408176 0.471578 0.000248 0.000063 -1.896136
 34   15.835795 0.581398 0.242756 -0.214735 0.106913 -0.097869
 35   -0.815868 -0.091229 -3.114430 0.066464 3.132818 -1.010216
 36   14.294526 -0.410349 -0.467541 0.000021 -0.000012 -2.607695
 37   15.834409 0.579420 -0.284600 -0.006092 -0.035255 0.214508
 38   1.139685 -3.453749 -2.823813 0.000000 0.000000 0.000001
 39   -4.457742 -1.054854 -0.746180 0.000000 0.000000 0.000000
 40   1.118101 -3.449769 3.237290 0.000000 0.000001 0.000000
 41   -4.433840 -1.059130 0.959566 -0.000001 0.000000 0.000000
 42   -0.657468 1.697302 -2.688614 0.000000 0.000002 0.000000
 43   -0.664068 1.698578 2.869377 0.000000 0.000002 0.000000
time 40
  0   -0.967547 0.175787 -20.574476 0.000000 0.000000 -1.572114
  1   -1.093036 0.000002 -0.326057 -0.000991 -1.569082 -1.569683
  2   2.262337 0.113614 0.064702 -0.070134 0.113363 -0.050105
  3   2.380047 0.353302 0.047440 -0.025277 -0.093544 -0.000980
  4   2.033756 0.190472 -0.000128 -0.099563 -0.074436 0.074354
  5   2.451511 0.204909 -0.003447 -0.150115 -0.069996 0.120323
  6   7.247600 -0.397300 -0.109469 -0.091897 0.032679 0.231869
  7   -2.022252 -0.104661 3.136172 1.116368 -1.299884 -4.480577
  8   1.168026 -0.537438 -0.063437 -0.341607 0.616567 -0.558779
  9   6.790376 -0.619176 0.015206 -0.000047 -0.000085 -1.761789
 10   8.637599 0.544015 -0.090417 -0.729357 0.368293 -0.785418
 11   6.790465 -0.619039 0.017802 0.003658 -0.011850 -1.248575
 12   -2.022474 -0.104699 -2.873818 -1.394133 1.081399 -4.742319
 13   1.167898 -0.537463 0.063297 0.528839 -1.021918 -0.994193
 14   7.002743 -0.617765 -0.183752 0.000172 0.000023 -1.726344
 15   8.209042 0.615527 -0.255885 1.811756 0.487638 0.200972
 16   7.002735 -0.617911 -0.183641 0.013308 0.009454 -1.227036
 17   1.574674 0.609930 -0.000899 0.367624 0.015391 -0.172986
 18   -0.602177 0.511412 -0.000006 0.000000 0.000000 0.000000
 19   3.673773 0.177020 1.119313 -0.000002 -0.000014 -0.174510
 20   3.673767 0.176993 -1.117566 0.000007 -0.000003 -0.174546
 21   3.942357 1.334540 1.627658 0.000002 -0.000011 -0.000026
 22   -0.246060 -0.011889 0.516521 -0.000011 0.000031 0.000025
 23   3.942374 1.334565 -1.631083 0.000019 0.000002 -0.000024
 24   -0.246150 -0.011872 -0.516511 -0.000005 -0.000006 0.000048
 25   4.941364 1.997338 1.629330 0.000018 -0.000001 -0.000024
 26   4.941382 1.997366 -1.629410 -0.000001 0.000005 -0.000024
 27   2.914462 1.619264 1.514501 -0.000019 -0.000022 -0.000050
 28   2.916892 1.618870 -1.501142 -0.000002 -0.000009 -0.000024
 29   8.824059 0.150544 0.091743 0.000006 -0.000231 -0.174534
 30   2.111085 -0.561179 1.784320 -0.000008 -0.000682 0.000024
 31   2.121290 -0.561289 -1.853599 0.000000 0.000000 -0.000002
 32   -0.814395 -0.093824 3.127092 3.071872 -0.114691 1.239365
 33   14.298673 -0.408176 0.471578 0.000248 0.000063 -1.896136
 34   15.835795 0.581398 0.242756 -0.214735 0.106913 -0.097869
 35   -0.815868 -0.091229 -3.114430 0.066464 3.132818 -1.010216
 36   14.294526 -0.410349 -0.467541 0.000021 -0.000012 -2.607695
 37   15.834409 0.579420 -0.284600 -0.006092 -0.035255 0.214508
 38   1.139685 -3.453749 -2.823813 0.000000 0.000000 0.000001
 39   -4.457742 -1.054854 -0.746180 0.000000 0.000000 0.000000
 40   1.118101 -3.449769 3.237290 0.000000 0.000001 0.000000
 41   -4.433840 -1.059130 0.959566 -0.000001 0.000000 0.000000
 42   -0.657468 1.697302 -2.688614 0.000000 0.000002 0.000000
 43   -0.664068 1.698578 2.869377 0.000000 0.000002 0.000000
time 41
  0   -0.967547 0.175787 -20.574476 0.000000 0.000000 -1.572114
  1   -1.093036 0.000002 -0.326057 -0.000991 -1.569082 -1.569683
  2   2.262337 0.113614 0.064702 -0.069306 0.112884 -0.046943
  3   2.380047 0.353302 0.047440 -0.019336 -0.089217 -0.009183
  4   2.033756 0.190472 -0.000128 -0.100688 -0.073633 0.066452
  5   2.451511 0.204909 -0.003447 -0.139588 -0.064317 0.103235
  6   7.247600 -0.397300 -0.109469 -0.091897 0.032679 0.231869
  7   -2.022252 -0.104661 3.136172 1.227563 -1.281867 -4.593277
  8   1.168026 -0.537438 -0.063437 -0.573656 0.522480 -0.616915
  9   6.790376 -0.619176 0.015206 -0.000047 -0.000085 -1.805862
 10   8.637599 0.544015 -0.090417 -0.753575 0.636410 -0.689417
 11   6.790465 -0.619039 0.017802 0.003892 -0.011850 -1.279315
 12   -2.022474 -0.104699 -2.873818 -1.413582 1.045555 -4.760510
 13   1.167898 -0.537463 0.063297 0.672525 -0.921683 -1.102550
 14   7.002743 -0.617765 -0.183752 0.000172 0.000023 -1.587240
 15   8.209042 0.615527 -0.255885 1.824195 0.470690 0.220697
 16   7.002735 -0.617911 -0.183641 0.013496 0.008608 -1.129731
 17   1.574674 0.609930 -0.000899 0.346947 0.022586 -0.175388
 18   -0.602177 0.511412 -0.000006 0.000000 0.000000 0.000000
 19   3.673773 0.177020 1.119313 -0.000002 -0.000014 -0.174510
 20   3.673767 0.176993 -1.117566 0.000007 -0.000003 -0.174546
 21   3.942357 1.334540 1.627658 0.000002 -0.000011 -0.000026
 22   -0.246060 -0.011889 0.516521 -0.000011 0.000031 0.000025
 23   3.942374 1.334565 -1.631083 0.000019 0.000002 -0.000024
 24   -0.246150 -0.011872 -0.516511 -0.000005 -0.000006 0.000048
 25   4.941364 1.997338 1.629330 0.000018 -0.000001 -0.000024
 26   4.941382 1.997366 -1.629410 -0.000001 0.000005 -0.000024
 27   2.914462 1.619264 1.514501 -0.000019 -0.000022 -0.000050
 28   2.916892 1.618870 -1.501142 -0.000002 -0.000009 -0.000024
 29   8.824059 0.150544 0.091743 0.000006 -0.000231 -0.174534
 30   2.111085 -0.561179 1.784320 -0.000008 -0.000682 0.000024
 31   2.121290 -0.561289 -1.853599 0.000000 0.000000 -0.000002
 32   -0.814395 -0.093824 3.127092 3.071872 -0.114691 1.239365
 33   14.298673 -0.408176 0.471578 0.000248 0.000063 -1.896136
 34   15.835795 0.581398 0.242756 -0.214735 0.106913 -0.097869
 35   -0.815868 -0.091229 -3.114430 0.066464 3.132818 -1.010216
 36   14.294526 -0.410349 -0.467541 0.000021 -0.000012 -2.607695
 37   15.834409 0.579420 -0.284600 -0.006092 -0.035255 0.214508
 38   1.139685 -3.453749 -2.823813 0.000000 0.000000 0.000001
 39   -4.457742 -1.054854 -0.746180 0.000000 0.000000 0.000000
 40   1.118101 -3.449769 3.237290 0.000000 0.000001 0.000000
 41   -4.433840 -1.059130 0.959566 -0.000001 0.000000 0.000000
 42   -0.657468 1.697302 -2.688614 0.000000 0.000002 0.000000
 43   -0.664068 1.698578 2.869377 0.000000 0.000002 0.000000
time 42
  0   -0.967547 0.175787 -20.574476 0.000000 0.000000 -1.572114
  1   -1.093036 0.000002 -0.326057 -0.000991 -1.569082 -1.569683
  2   2.262337 0.113614 0.064702 -0.067599 0.111973 -0.040491
  3   2.380047 0.353302 0.047440 -0.022457 -0.079702 -0.022467
  4   2.033756 0.190472 -0.000128 -0.104727 -0.073406 0.050684
  5   2.451511 0.204909 -0.003447 -0.123618 -0.054460 0.075052
  6   7.247600 -0.397300 -0.109469 -0.091897 0.032679 0.231869
  7   -2.022252 -0.104661 3.136172 1.339525 -1.256124 -4.707573
  8   1.168026 -0.537438 -0.063437 -0.736920 0.447964 -0.603061
  9   6.790376 -0.619176 0.015206 -0.000047 -0.000085 -1.787146
 10   8.637599 0.544015 -0.090417 -0.970126 0.757974 -0.512390
 11   6.790465 -0.619039 0.017802 0.003775 -0.011850 -1.266281
 12   -2.022474 -0.104699 -2.873818 -1.438588 0.993225 -4.783105
 13   1.167898 -0.537463 0.063297 0.818601 -0.741201 -1.216295
 14   7.002743 -0.617765 -0.183752 0.000172 0.000023 -1.381224
 15   8.209042 0.615527 -0.255885 1.833111 0.447766 0.244992
 16   7.002735 -0.617911 -0.183641 0.013779 0.007424 -0.985513
 17   1.574674 0.609930 -0.000899 0.327083 0.026420 -0.192797
 18   -0.602177 0.511412 -0.000006 0.000000 0.000000 0.000000
 19   3.673773 0.177020 1.119313 -0.000002 -0.000014 -0.174510
 20   3.673767 0.176993 -1.117566 0.000007 -0.000003 -0.174546
 21   3.942357 1.334540 1.627658 0.000002 -0.000011 -0.000026
 22   -0.246060 -0.011889 0.516521 -0.000011 0.000031 0.000025
 23   3.942374 1.334565 -1.631083 0.000019 0.000002 -0.000024
 24   -0.246150 -0.011872 -0.516511 -0.000005 -0.000006 0.000048
 25   4.941364 1.997338 1.629330 0.000018 -0.000001 -0.000024
 26   4.941382 1.997366 -1.629410 -0.000001 0.000005 -0.000024
 27   2.914462 1.619264 1.514501 -0.000019 -0.000022 -0.000050
 28   2.916892 1.618870 -1.501142 -0.000002 -0.000009 -0.000024
 29   8.824059 0.150544 0.091743 0.000006 -0.000231 -0.174534
 30   2.111085 -0.561179 1.784320 -0.000008 -0.000682 0.000024
 31   2.121290 -0.561289 -1.853599 0.000000 0.000000 -0.000002
 32   -0.814395 -0.093824 3.127092 3.071872 -0.114691 1.239365
 33   14.298673 -0.408176 0.471578 0.000248 0.000063 -1.896136
 34   15.835795 0.581398 0.242756 -0.214735 0.106913 -0.097869
 35   -0.815868 -0.091229 -3.114430 0.066464 3.132818 -1.010216
 36   14.294526 -0.410349 -0.467541 0.000021 -0.000012 -2.607695
 37   15.834409 0.579420 -0.284600 -0.006092 -0.035255 0.214508
 38   1.139685 -3.453749 -2.823813 0.000000 0.000000 0.000001
 39   -4.457742 -1.054854 -0.746180 0.000000 0.000000 0.000000
 40   1.118101 -3.449769 3.237290 0.000000 0.000001 0.000000
 41   -4.433840 -1.059130 0.959566 -0.000001 0.000000 0.000000
 42   -0.657468 1.697302 -2.688614 0.000000 0.000002 0.000000
 43   -0.664068 1.698578 2.869377 0.000000 0.000002 0.000000
time 43
  0   -0.967547 0.175787 -20.574476 0.000000 0.000000 -1.572114
  1   -1.093036 0.000002 -0.326057 -0.001044 -1.569082 -1.569635
  2   2.262337 0.113614 0.064702 -0.065281 0.110702 -0.031637
  3   2.380047 0.353302 0.047440 -0.038808 -0.067046 -0.037607
  4   2.033756 0.190472 -0.000128 -0.111938 -0.074256 0.030241
  5   2.451511 0.204909 -0.003447 -0.107511 -0.042684 0.042510
  6   7.247600 -0.397300 -0.109469 -0.091897 0.032679 0.231869
  7   -2.022252 -0.104661 3.136172 1.458389 -1.217265 -4.831261
  8   1.168026 -0.537438 -0.063437 -0.729706 0.553825 -0.474769
  9   6.790376 -0.619176 0.015206 -0.000102 -0.000085 -1.617873
 10   8.637599 0.544015 -0.090417 -1.916647 0.605649 -0.256436
 11   6.790465 -0.619039 0.017802 0.003016 -0.011793 -1.147701
 12   -2.022474 -0.104699 -2.873818 -1.462636 0.930011 -4.804934
 13   1.167898 -0.537463 0.063297 0.925310 -0.497302 -1.304494
 14   7.002743 -0.617765 -0.183752 0.000172 0.000023 -1.133048
 15   8.209042 0.615527 -0.255885 1.839007 0.420906 0.271152
 16   7.002735 -0.617911 -0.183641 0.014014 0.006127 -0.811821
 17   1.574674 0.609930 -0.000899 0.319447 0.030254 -0.223548
 18   -0.602177 0.511412 -0.000006 0.000000 0.000000 0.000000
 19   3.673773 0.177020 1.119313 -0.000002 -0.000014 -0.174510
 20   3.673767 0.176993 -1.117566 0.000007 -0.000003 -0.174546
 21   3.942357 1.334540 1.627658 0.000002 -0.000011 -0.000026
 22   -0.246060 -0.011889 0.516521 -0.000011 0.000031 0.000025
 23   3.942374 1.334565 -1.631083 0.000019 0.000002 -0.000024
 24   -0.246150 -0.011872 -0.516511 -0.000005 -0.000006 0.000048
 25   4.941364 1.997338 1.629330 0.000018 -0.000001 -0.000024
 26   4.941382 1.997366 -1.629410 -0.000001 0.000005 -0.000024
 27   2.914462 1.619264 1.514501 -0.000019 -0.000022 -0.000050
 28   2.916892 1.618870 -1.501142 -0.000002 -0.000009 -0.000024
 29   8.824059 0.150544 0.091743 0.000006 -0.000231 -0.174534
 30   2.111085 -0.561179 1.784320 -0.000008 -0.000682 0.000024
 31   2.121290 -0.561289 -1.853599 0.000000 0.000000 -0.000002
 32   -0.814395 -0.093824 3.127092 3.071872 -0.114691 1.239365
 33   14.298673 -0.408176 0.471578 0.000248 0.000063 -1.896136
 34   15.835795 0.581398 0.242756 -0.214735 0.106913 -0.097869
 35   -0.815868 -0.091229 -3.114430 0.066464 3.132818 -1.010216
 36   14.294526 -0.410349 -0.467541 0.000021 -0.000012 -2.607695
 37   15.834409 0.579420 -0.284600 -0.006092 -0.035255 0.214508
 38   1.139685 -3.453749 -2.823813 0.000000 0.000000 0.000001
 39   -4.457742 -1.054854 -0.746180 0.000000 0.000000 0.000000
 40   1.118101 -3.449769 3.237290 0.000000 0.000001 0.000000
 41   -4.433840 -1.059130 0.959566 -0.000001 0.000000 0.000000
 42   -0.657468 1.697302 -2.688614 0.000000 0.000002 0.000000
 43   -0.664068 1.698578 2.869377 0.000000 0.000002 0.000000
time 44
  0   -0.967547 0.175787 -20.574476 0.000000 0.000000 -1.572114
  1   -1.093036 0.000002 -0.326057 -0.000991 -1.569082 -1.569683
  2   2.262337 0.113614 0.064702 -0.062708 0.109384 -0.021824
  3   2.380047 0.353302 0.047440 -0.062539 -0.053683 -0.054320
  4   2.033756 0.190472 -0.000128 -0.120440 -0.075910 0.007224
  5   2.451511 0.204909 -0.003447 -0.091096 -0.029759 0.008185
  6   7.247600 -0.397300 -0.109469 -0.091897 0.032679 0.231869
  7   -2.022252 -0.104661 3.136172 1.561149 -1.167855 -4.941143
  8   1.168026 -0.537438 -0.063437 -0.720277 0.646857 -0.390949
  9   6.790376 -0.619176 0.015206 -0.000102 -0.000085 -1.390489
 10   8.637599 0.544015 -0.090417 -3.040531 0.526601 0.006897
 11   6.790465 -0.619039 0.017802 0.001994 -0.011708 -0.988519
 12   -2.022474 -0.104699 -2.873818 -1.484001 0.862443 -4.824274
 13   1.167898 -0.537463 0.063297 0.994623 -0.221315 -1.362789
 14   7.002743 -0.617765 -0.183752 0.000172 0.000023 -0.868205
 15   8.209042 0.615527 -0.255885 1.841883 0.391778 0.296530
 16   7.002735 -0.617911 -0.183641 0.014249 0.004717 -0.626263
 17   1.574674 0.609930 -0.000899 0.318837 0.036266 -0.260694
 18   -0.602177 0.511412 -0.000006 0.000000 0.000000 0.000000
 19   3.673773 0.177020 1.119313 -0.000002 -0.000014 -0.174510
 20   3.673767 0.176993 -1.117566 0.000007 -0.000003 -0.174546
 21   3.942357 1.334540 1.627658 0.000002 -0.000011 -0.000026
 22   -0.246060 -0.011889 0.516521 -0.000011 0.000031 0.000025
 23   3.942374 1.334565 -1.631083 0.000019 0.000002 -0.000024
 24   -0.246150 -0.011872 -0.516511 -0.000005 -0.000006 0.000048
 25   4.941364 1.997338 1.629330 0.000018 -0.000001 -0.000024
 26   4.941382 1.997366 -1.629410 -0.000001 0.000005 -0.000024
 27   2.914462 1.619264 1.514501 -0.000019 -0.000022 -0.000050
 28   2.916892 1.618870 -1.501142 -0.000002 -0.000009 -0.000024
 29   8.824059 0.150544 0.091743 0.000006 -0.000231 -0.174534
 30   2.111085 -0.561179 1.784320 -0.000008 -0.000682 0.000024
 31   2.121290 -0.561289 -1.853599 0.000000 0.000000 -0.000002
 32   -0.814395 -0.093824 3.127092 3.071872 -0.114691 1.239365
 33   14.298673 -0.408176 0.471578 0.000248 0.000063 -1.896136
 34   15.835795 0.581398 0.242756 -0.214735 0.106913 -0.097869
 35   -0.815868 -0.091229 -3.114430 0.066464 3.132818 -1.010216
 36   14.294526 -0.410349 -0.467541 0.000021 -0.000012 -2.607695
 37   15.834409 0.579420 -0.284600 -0.006092 -0.035255 0.214508
 38   1.139685 -3.453749 -2.823813 0.000000 0.000000 0.000001
 39   -4.457742 -1.054854 -0.746180 0.000000 0.000000 0.000000
 40   1.118101 -3.449769 3.237290 0.000000 0.000001 0.000000
 41   -4.433840 -1.059130 0.959566 -0.000001 0.000000 0.000000
 42   -0.657468 1.697302 -2.688614 0.000000 0.000002 0.000000
 43   -0.664068 1.698578 2.869377 0.000000 0.000002 0.000000
time 45
  0   -0.967547 0.175787 -20.574476 0.000000 0.000000 -1.572114
  1   -1.093036 0.000002 -0.326057 -0.001044 -1.569082 -1.569635
  2   2.262337 0.113614 0.064702 -0.060186 0.107946 -0.012084
  3   2.380047 0.353302 0.047440 -0.089616 -0.041363 -0.071011
  4   2.033756 0.190472 -0.000128 -0.129034 -0.078127 -0.015720
  5   2.451511 0.204909 -0.003447 -0.076119 -0.017121 -0.024654
  6   7.247600 -0.397300 -0.109469 -0.091897 0.032679 0.231869
  7   -2.022252 -0.104661 3.136172 1.635343 -1.117206 -5.023789
  8   1.168026 -0.537438 -0.063437 -0.929229 0.447813 -0.466735
  9   6.790376 -0.619176 0.015206 -0.000102 -0.000085 -1.213216
 10   8.637599 0.544015 -0.090417 -3.573588 0.527445 0.050520
 11   6.790465 -0.619039 0.017802 0.001264 -0.011623 -0.864460
 12   -2.022474 -0.104699 -2.873818 -1.500863 0.796675 -4.839784
 13   1.167898 -0.537463 0.063297 1.039120 0.055995 -1.399231
 14   7.002743 -0.617765 -0.183752 0.000059 0.000023 -0.610706
 15   8.209042 0.615527 -0.255885 1.842171 0.362951 0.319142
 16   7.002735 -0.617911 -0.183641 0.014438 0.003308 -0.446114
 17   1.574674 0.609930 -0.000899 0.322290 0.046490 -0.299651
 18   -0.602177 0.511412 -0.000006 0.000000 0.000000 0.000000
 19   3.673773 0.177020 1.119313 -0.000002 -0.000014 -0.174510
 20   3.673767 0.176993 -1.117566 0.000007 -0.000003 -0.174546
 21   3.942357 1.334540 1.627658 0.000002 -0.000011 -0.000026
 22   -0.246060 -0.011889 0.516521 -0.000011 0.000031 0.000025
 23   3.942374 1.334565 -1.631083 0.000019 0.000002 -0.000024
 24   -0.246150 -0.011872 -0.516511 -0.000005 -0.000006 0.000048
 25   4.941364 1.997338 1.629330 0.000018 -0.000001 -0.000024
 26   4.941382 1.997366 -1.629410 -0.000001 0.000005 -0.000024
 27   2.914462 1.619264 1.514501 -0.000019 -0.000022 -0.000050
 28   2.916892 1.618870 -1.501142 -0.000002 -0.000009 -0.000024
 29   8.824059 0.150544 0.091743 0.000006 -0.000231 -0.174534
 30   2.111085 -0.561179 1.784320 -0.000008 -0.000682 0.000024
 31   2.121290 -0.561289 -1.853599 0.000000 0.000000 -0.000002
 32   -0.814395 -0.093824 3.127092 3.071872 -0.114691 1.239365
 33   14.298673 -0.408176 0.471578 0.000248 0.000063 -1.896136
 34   15.835795 0.581398 0.242756 -0.214735 0.106913 -0.097869
 35   -0.815868 -0.091229 -3.114430 0.066464 3.132818 -1.010216
 36   14.294526 -0.410349 -0.467541 0.000021 -0.000012 -2.607695
 37   15.834409 0.579420 -0.284600 -0.006092 -0.035255 0.214508
 38   1.139685 -3.453749 -2.823813 0.000000 0.000000 0.000001
 39   -4.457742 -1.054854 -0.746180 0.000000 0.000000 0.000000
 40   1.118101 -3.449769 3.237290 0.000000 0.000001 0.000000
 41   -4.433840 -1.059130 0.959566 -0.000001 0.000000 0.000000
 42   -0.657468 1.697302 -2.688614 0.000000 0.000002 0.000000
 43   -0.664068 1.698578 2.869377 0.000000 0.000002 0.000000
time 46
  0   -0.967547 0.175787 -20.574476 0.000000 0.000000 -1.572114
  1   -1.093036 0.000002 -0.326057 -0.000991 -1.569082 -1.569683
  2   2.262337 0.113614 0.064702 -0.057906 0.106604 -0.003356
  3   2.380047 0.353302 0.047440 -0.116093 -0.031655 -0.086111
  4   2.033756 0.190472 -0.000128 -0.136706 -0.080417 -0.035728
  5   2.451511 0.204909 -0.003447 -0.063572 -0.005841 -0.052862
  6   7.247600 -0.397300 -0.109469 -0.091897 0.032679 0.231869
  7   -2.022252 -0.104661 3.136172 1.691803 -1.064250 -5.091033
  8   1.168026 -0.537438 -0.063437 -1.136346 0.148896 -0.444847
  9   6.790376 -0.619176 0.015206 -0.000102 -0.000085 -1.044924
 10   8.637599 0.544015 -0.090417 -3.909379 0.493235 0.099063
 11   6.790465 -0.619039 0.017802 0.000563 -0.011481 -0.746745
 12   -2.022474 -0.104699 -2.873818 -1.513222 0.739178 -4.850986
 13   1.167898 -0.537463 0.063297 1.067168 0.304267 -1.419631
 14   7.002743 -0.617765 -0.183752 0.000059 0.000023 -0.385631
 15   8.209042 0.615527 -0.255885 1.841236 0.337681 0.337664
 16   7.002735 -0.617911 -0.183641 0.014532 0.002180 -0.288538
 17   1.574674 0.609930 -0.000899 0.327611 0.060477 -0.336279
 18   -0.602177 0.511412 -0.000006 0.000000 0.000000 0.000000
 19   3.673773 0.177020 1.119313 -0.000002 -0.000014 -0.174510
 20   3.673767 0.176993 -1.117566 0.000007 -0.000003 -0.174546
 21   3.942357 1.334540 1.627658 0.000002 -0.000011 -0.000026
 22   -0.246060 -0.011889 0.516521 -0.000011 0.000031 0.000025
 23   3.942374 1.334565 -1.631083 0.000019 0.000002 -0.000024
 24   -0.246150 -0.011872 -0.516511 -0.000005 -0.000006 0.000048
 25   4.941364 1.997338 1.629330 0.000018 -0.000001 -0.000024
 26   4.941382 1.997366 -1.629410 -0.000001 0.000005 -0.000024
 27   2.914462 1.619264 1.514501 -0.000019 -0.000022 -0.000050
 28   2.916892 1.618870 -1.501142 -0.000002 -0.000009 -0.000024
 29   8.824059 0.150544 0.091743 0.000006 -0.000231 -0.174534
 30   2.111085 -0.561179 1.784320 -0.000008 -0.000682 0.000024
 31   2.121290 -0.561289 -1.853599 0.000000 0.000000 -0.000002
 32   -0.814395 -0.093824 3.127092 3.071872 -0.114691 1.239365
 33   14.298673 -0.408176 0.471578 0.000248 0.000063 -1.896136
 34   15.835795 0.581398 0.242756 -0.214735 0.106913 -0.097869
 35   -0.815868 -0.091229 -3.114430 0.066464 3.132818 -1.010216
 36   14.294526 -0.410349 -0.467541 0.000021 -0.000012 -2.607695
 37   15.834409 0.579420 -0.284600 -0.006092 -0.035255 0.214508
 38   1.139685 -3.453749 -2.823813 0.000000 0.000000 0.000001
 39   -4.457742 -1.054854 -0.746180 0.000000 0.000000 0.000000
 40   1.118101 -3.449769 3.237290 0.000000 0.000001 0.000000
 41   -4.433840 -1.059130 0.959566 -0.000001 0.000000 0.000000
 42   -0.657468 1.697302 -2.688614 0.000000 0.000002 0.000000
 43   -0.664068 1.698578 2.869377 0.000000 0.000002 0.000000
end
