version 1
nodes
  0 "Bip01" -1
  1 "Bip01 Pelvis" 0
  2 "Bip01 Spine" 1
  3 "Bip01 Spine1" 2
  4 "Bip01 Spine2" 3
  5 "Bip01 Spine3" 4
  6 "Bip01 Neck" 5
  7 "Bip01 L Arm" 6
  8 "Bip01 L Arm1" 7
  9 "Bip01 L Arm2" 8
 10 "Bip01 L Hand" 9
 11 "Bip06 L elbow2-smooth" 8
 12 "Bip01 R Arm" 6
 13 "Bip01 R Arm1" 12
 14 "Bip01 R Arm2" 13
 15 "Bip01 R Hand" 14
 16 "Bip06 R elbow2-smooth" 13
 17 "Bip01 Head" 6
 18 "Bip06 Head_helper" 17
 19 "Bip06 Head_eyes_l" 18
 20 "Bip06 Head_eyes_r" 18
 21 "Bip06 Head_blink_l" 18
 22 "Bip06 Head_blink_smooth_l1" 21
 23 "Bip06 Head_blink_r" 18
 24 "Bip06 Head_blink_smooth_r1" 23
 25 "Bip06 Head_L_eyebrow" 18
 26 "Bip06 Head_R_eyebrow" 18
 27 "Bip06 Head_blink_l_lid" 18
 28 "Bip06 Head_blink_r_lid" 18
 29 "Bip06 bunny" 18
 30 "Bip06 bunnyL" 29
 31 "Bip06 bunnyR" 29
 32 "Bip01 L Leg" 1
 33 "Bip01 L Leg1" 32
 34 "Bip01 L Foot" 33
 35 "Bip01 R Leg" 1
 36 "Bip01 R Leg1" 35
 37 "Bip01 R Foot" 36
 38 "Bip03 HairR1" 17
 39 "Bip03 HairR2" 38
 40 "Bip03 HairL1" 17
 41 "Bip03 HairL2" 40
 42 "Bip03 swingR" 17
 43 "Bip03 swingL" 17
end
skeleton
time 0
  0   -0.967547 0.175787 -20.574476 0.000000 0.000000 -1.572114
  1   -1.093036 0.000002 -0.326057 -0.214014 -1.569082 -1.356583
  2   2.262337 0.113614 0.064702 -0.089202 -0.103582 -0.069224
  3   2.380047 0.353302 0.047440 -0.137064 -0.031955 -0.077500
  4   2.033756 0.190472 -0.000128 -0.188585 -0.048430 -0.391094
  5   2.451511 0.204909 -0.003447 -0.407655 -0.011259 -0.377363
  6   7.247600 -0.397300 -0.109469 0.000001 0.000021 0.156829
  7   -2.022252 -0.104661 3.136172 0.418330 -1.311905 -3.760708
  8   1.168026 -0.537438 -0.063437 -0.652377 0.889875 -0.576808
  9   6.790376 -0.619176 0.015206 0.041452 0.071661 -1.049075
 10   8.637599 0.544015 -0.090417 -3.590584 0.218995 0.267264
 11   6.790465 -0.619039 0.017802 0.037672 0.034796 -0.749802
 12   -2.022474 -0.104699 -2.873818 -1.823924 1.474732 -5.011447
 13   1.167898 -0.537463 0.063297 0.034727 -0.899104 -0.830265
 14   7.002743 -0.617765 -0.183752 0.028639 -0.197417 -1.727004
 15   8.209042 0.615527 -0.255885 2.597151 0.335865 0.457337
 16   7.002735 -0.617911 -0.183641 -0.002792 -0.138001 -1.223283
 17   1.574674 0.609930 -0.000899 0.349263 -0.373100 0.669615
 18   -0.602177 0.511412 -0.000006 0.000000 0.000000 0.000000
 19   3.673773 0.177020 1.119313 -0.000002 -0.000014 -0.174510
 20   3.673767 0.176993 -1.117566 0.000007 -0.000003 -0.174546
 21   3.942357 1.334540 1.627658 0.000002 -0.000011 -0.000026
 22   -0.246060 -0.011889 0.516521 -0.000011 0.000031 0.000025
 23   3.942374 1.334565 -1.631083 0.000019 0.000002 -0.000024
 24   -0.246150 -0.011872 -0.516511 -0.000005 -0.000006 0.000048
 25   4.941364 1.997338 1.629330 0.000018 -0.000001 -0.000024
 26   4.941382 1.997366 -1.629410 -0.000001 0.000005 -0.000024
 27   2.914462 1.619264 1.514501 -0.000019 -0.000022 -0.000050
 28   2.916892 1.618870 -1.501142 -0.000002 -0.000009 -0.000024
 29   8.824059 0.150544 0.091743 0.000006 -0.000231 -0.174534
 30   2.111085 -0.561179 1.784320 -0.000008 -0.000682 0.000024
 31   2.121290 -0.561289 -1.853599 0.000000 0.000000 -0.000002
 32   -0.814395 -0.093824 3.127092 3.071965 -0.114691 1.239365
 33   14.298673 -0.408176 0.471578 0.000248 0.000063 -1.896136
 34   15.835795 0.581398 0.242756 -0.214735 0.106913 -0.097869
 35   -0.815868 -0.091229 -3.114430 0.066464 3.132818 -1.010216
 36   14.294526 -0.410349 -0.467541 0.000021 -0.000012 -2.607695
 37   15.834409 0.579420 -0.284600 -0.006092 -0.035255 0.214508
 38   1.139685 -3.453749 -2.823813 0.000000 0.000000 0.000001
 39   -4.457742 -1.054854 -0.746180 0.000000 0.000000 0.000000
 40   1.118101 -3.449769 3.237290 0.000000 0.000001 0.000000
 41   -4.433840 -1.059130 0.959566 -0.000001 0.000000 0.000000
 42   -0.657468 1.697302 -2.688614 0.000000 0.000002 0.000000
 43   -0.664068 1.698578 2.869377 0.000000 0.000002 0.000000
time 1
  0   -0.967547 0.175787 -20.574476 0.000000 0.000000 -1.572114
  1   -1.093036 0.000002 -0.326057 -0.214014 -1.569082 -1.356583
  2   2.262337 0.113614 0.064702 -0.083610 -0.110246 -0.069242
  3   2.380047 0.353302 0.047440 -0.135219 -0.036473 -0.081132
  4   2.033756 0.190472 -0.000128 -0.187571 -0.052444 -0.398307
  5   2.451511 0.204909 -0.003447 -0.401972 -0.042488 -0.373029
  6   7.247600 -0.397300 -0.109469 0.000001 0.000021 0.156829
  7   -2.022252 -0.104661 3.136172 0.506712 -1.336610 -3.843448
  8   1.168026 -0.537438 -0.063437 -0.453929 0.790454 -0.595217
  9   6.790376 -0.619176 0.015206 0.043227 0.062918 -0.916176
 10   8.637599 0.544015 -0.090417 -3.438760 0.226456 0.223568
 11   6.790465 -0.619039 0.017802 0.036358 0.029054 -0.656830
 12   -2.022474 -0.104699 -2.873818 -1.639783 1.465067 -4.850602
 13   1.167898 -0.537463 0.063297 -0.028259 -0.974725 -0.710285
 14   7.002743 -0.617765 -0.183752 0.027899 -0.197076 -1.718011
 15   8.209042 0.615527 -0.255885 2.599452 0.334201 0.420654
 16   7.002735 -0.617911 -0.183641 -0.003075 -0.137550 -1.217101
 17   1.574674 0.609930 -0.000899 0.367420 -0.293106 0.572408
 18   -0.602177 0.511412 -0.000006 0.000000 0.000000 0.000000
 19   3.673773 0.177020 1.119313 -0.000002 -0.000014 -0.174510
 20   3.673767 0.176993 -1.117566 0.000007 -0.000003 -0.174546
 21   3.942357 1.334540 1.627658 0.000002 -0.000011 -0.000026
 22   -0.246060 -0.011889 0.516521 -0.000011 0.000031 0.000025
 23   3.942374 1.334565 -1.631083 0.000019 0.000002 -0.000024
 24   -0.246150 -0.011872 -0.516511 -0.000005 -0.000006 0.000048
 25   4.941364 1.997338 1.629330 0.000018 -0.000001 -0.000024
 26   4.941382 1.997366 -1.629410 -0.000001 0.000005 -0.000024
 27   2.914462 1.619264 1.514501 -0.000019 -0.000022 -0.000050
 28   2.916892 1.618870 -1.501142 -0.000002 -0.000009 -0.000024
 29   8.824059 0.150544 0.091743 0.000006 -0.000231 -0.174534
 30   2.111085 -0.561179 1.784320 -0.000008 -0.000682 0.000024
 31   2.121290 -0.561289 -1.853599 0.000000 0.000000 -0.000002
 32   -0.814395 -0.093824 3.127092 3.071965 -0.114691 1.239365
 33   14.298673 -0.408176 0.471578 0.000248 0.000063 -1.896136
 34   15.835795 0.581398 0.242756 -0.214735 0.106913 -0.097869
 35   -0.815868 -0.091229 -3.114430 0.066464 3.132818 -1.010216
 36   14.294526 -0.410349 -0.467541 0.000021 -0.000012 -2.607695
 37   15.834409 0.579420 -0.284600 -0.006092 -0.035255 0.214508
 38   1.139685 -3.453749 -2.823813 0.000000 0.000000 0.000001
 39   -4.457742 -1.054854 -0.746180 0.000000 0.000000 0.000000
 40   1.118101 -3.449769 3.237290 0.000000 0.000001 0.000000
 41   -4.433840 -1.059130 0.959566 -0.000001 0.000000 0.000000
 42   -0.657468 1.697302 -2.688614 0.000000 0.000002 0.000000
 43   -0.664068 1.698578 2.869377 0.000000 0.000002 0.000000
time 2
  0   -0.967547 0.175787 -20.574476 0.000000 0.000000 -1.572114
  1   -1.093036 0.000002 -0.326057 -0.214014 -1.569082 -1.356583
  2   2.262337 0.113614 0.064702 -0.075038 -0.124495 -0.069296
  3   2.380047 0.353302 0.047440 -0.130704 -0.046205 -0.089580
  4   2.033756 0.190472 -0.000128 -0.184989 -0.062751 -0.406970
  5   2.451511 0.204909 -0.003447 -0.396324 -0.073965 -0.370057
  6   7.247600 -0.397300 -0.109469 0.000001 0.000021 0.156829
  7   -2.022252 -0.104661 3.136172 0.680119 -1.367512 -4.007332
  8   1.168026 -0.537438 -0.063437 -0.252508 0.682882 -0.622988
  9   6.790376 -0.619176 0.015206 0.042451 0.050171 -0.785844
 10   8.637599 0.544015 -0.090417 -3.200016 0.209914 0.159760
 11   6.790465 -0.619039 0.017802 0.033380 0.020725 -0.565704
 12   -2.022474 -0.104699 -2.873818 -1.404002 1.452006 -4.638153
 13   1.167898 -0.537463 0.063297 -0.106569 -1.071857 -0.559614
 14   7.002743 -0.617765 -0.183752 0.026248 -0.196509 -1.697797
 15   8.209042 0.615527 -0.255885 2.593772 0.332763 0.362681
 16   7.002735 -0.617911 -0.183641 -0.003639 -0.136760 -1.202972
 17   1.574674 0.609930 -0.000899 0.358768 -0.202604 0.459676
 18   -0.602177 0.511412 -0.000006 0.000000 0.000000 0.000000
 19   3.673773 0.177020 1.119313 -0.000002 -0.000014 -0.174510
 20   3.673767 0.176993 -1.117566 0.000007 -0.000003 -0.174546
 21   3.942357 1.334540 1.627658 0.000002 -0.000011 -0.000026
 22   -0.246060 -0.011889 0.516521 -0.000011 0.000031 0.000025
 23   3.942374 1.334565 -1.631083 0.000019 0.000002 -0.000024
 24   -0.246150 -0.011872 -0.516511 -0.000005 -0.000006 0.000048
 25   4.941364 1.997338 1.629330 0.000018 -0.000001 -0.000024
 26   4.941382 1.997366 -1.629410 -0.000001 0.000005 -0.000024
 27   2.914462 1.619264 1.514501 -0.000019 -0.000022 -0.000050
 28   2.916892 1.618870 -1.501142 -0.000002 -0.000009 -0.000024
 29   8.824059 0.150544 0.091743 0.000006 -0.000231 -0.174534
 30   2.111085 -0.561179 1.784320 -0.000008 -0.000682 0.000024
 31   2.121290 -0.561289 -1.853599 0.000000 0.000000 -0.000002
 32   -0.814395 -0.093824 3.127092 3.071965 -0.114691 1.239365
 33   14.298673 -0.408176 0.471578 0.000248 0.000063 -1.896136
 34   15.835795 0.581398 0.242756 -0.214735 0.106913 -0.097869
 35   -0.815868 -0.091229 -3.114430 0.066464 3.132818 -1.010216
 36   14.294526 -0.410349 -0.467541 0.000021 -0.000012 -2.607695
 37   15.834409 0.579420 -0.284600 -0.006092 -0.035255 0.214508
 38   1.139685 -3.453749 -2.823813 0.000000 0.000000 0.000001
 39   -4.457742 -1.054854 -0.746180 0.000000 0.000000 0.000000
 40   1.118101 -3.449769 3.237290 0.000000 0.000001 0.000000
 41   -4.433840 -1.059130 0.959566 -0.000001 0.000000 0.000000
 42   -0.657468 1.697302 -2.688614 0.000000 0.000002 0.000000
 43   -0.664068 1.698578 2.869377 0.000000 0.000002 0.000000
time 3
  0   -0.967547 0.175787 -20.574476 0.000000 0.000000 -1.572114
  1   -1.093036 0.000002 -0.326057 -0.214014 -1.569082 -1.356583
  2   2.262337 0.113614 0.064702 -0.072210 -0.131219 -0.069459
  3   2.380047 0.353302 0.047440 -0.126969 -0.050747 -0.095416
  4   2.033756 0.190472 -0.000128 -0.182075 -0.075059 -0.408021
  5   2.451511 0.204909 -0.003447 -0.396666 -0.070009 -0.372410
  6   7.247600 -0.397300 -0.109469 0.000001 0.000021 0.156829
  7   -2.022252 -0.104661 3.136172 0.747986 -1.370568 -4.070820
  8   1.168026 -0.537438 -0.063437 -0.228145 0.675335 -0.601606
  9   6.790376 -0.619176 0.015206 0.041230 0.047568 -0.812861
 10   8.637599 0.544015 -0.090417 -3.105435 0.136004 0.097833
 11   6.790465 -0.619039 0.017802 0.032591 0.018877 -0.584448
 12   -2.022474 -0.104699 -2.873818 -1.278494 1.458594 -4.512540
 13   1.167898 -0.537463 0.063297 -0.086042 -1.094945 -0.558040
 14   7.002743 -0.617765 -0.183752 0.025394 -0.196622 -1.685009
 15   8.209042 0.615527 -0.255885 2.554801 0.337454 0.336521
 16   7.002735 -0.617911 -0.183641 -0.004016 -0.136704 -1.194252
 17   1.574674 0.609930 -0.000899 0.338173 -0.208639 0.444892
 18   -0.602177 0.511412 -0.000006 0.000000 0.000000 0.000000
 19   3.673773 0.177020 1.119313 -0.000002 -0.000014 -0.174510
 20   3.673767 0.176993 -1.117566 0.000007 -0.000003 -0.174546
 21   3.942357 1.334540 1.627658 0.000002 -0.000011 -0.000026
 22   -0.246060 -0.011889 0.516521 -0.000011 0.000031 0.000025
 23   3.942374 1.334565 -1.631083 0.000019 0.000002 -0.000024
 24   -0.246150 -0.011872 -0.516511 -0.000005 -0.000006 0.000048
 25   4.941364 1.997338 1.629330 0.000018 -0.000001 -0.000024
 26   4.941382 1.997366 -1.629410 -0.000001 0.000005 -0.000024
 27   2.914462 1.619264 1.514501 -0.000019 -0.000022 -0.000050
 28   2.916892 1.618870 -1.501142 -0.000002 -0.000009 -0.000024
 29   8.824059 0.150544 0.091743 0.000006 -0.000231 -0.174534
 30   2.111085 -0.561179 1.784320 -0.000008 -0.000682 0.000024
 31   2.121290 -0.561289 -1.853599 0.000000 0.000000 -0.000002
 32   -0.814395 -0.093824 3.127092 3.071965 -0.114691 1.239365
 33   14.298673 -0.408176 0.471578 0.000248 0.000063 -1.896136
 34   15.835795 0.581398 0.242756 -0.214735 0.106913 -0.097869
 35   -0.815868 -0.091229 -3.114430 0.066464 3.132818 -1.010216
 36   14.294526 -0.410349 -0.467541 0.000021 -0.000012 -2.607695
 37   15.834409 0.579420 -0.284600 -0.006092 -0.035255 0.214508
 38   1.139685 -3.453749 -2.823813 0.000000 0.000000 0.000001
 39   -4.457742 -1.054854 -0.746180 0.000000 0.000000 0.000000
 40   1.118101 -3.449769 3.237290 0.000000 0.000001 0.000000
 41   -4.433840 -1.059130 0.959566 -0.000001 0.000000 0.000000
 42   -0.657468 1.697302 -2.688614 0.000000 0.000002 0.000000
 43   -0.664068 1.698578 2.869377 0.000000 0.000002 0.000000
time 4
  0   -0.967547 0.175787 -20.574476 0.000000 0.000000 -1.572114
  1   -1.093036 0.000002 -0.326057 -0.214014 -1.569082 -1.356583
  2   2.262337 0.113614 0.064702 -0.069548 -0.130955 -0.069820
  3   2.380047 0.353302 0.047440 -0.124433 -0.050447 -0.097437
  4   2.033756 0.190472 -0.000128 -0.179825 -0.084551 -0.407876
  5   2.451511 0.204909 -0.003447 -0.396632 -0.068194 -0.373673
  6   7.247600 -0.397300 -0.109469 0.000001 0.000021 0.156829
  7   -2.022252 -0.104661 3.136172 0.794765 -1.370395 -4.111955
  8   1.168026 -0.537438 -0.063437 -0.186000 0.690429 -0.541572
  9   6.790376 -0.619176 0.015206 0.041896 0.055844 -0.895876
 10   8.637599 0.544015 -0.090417 -2.883511 0.054492 0.060648
 11   6.790465 -0.619039 0.017802 0.034606 0.024307 -0.642642
 12   -2.022474 -0.104699 -2.873818 -1.141873 1.457404 -4.376014
 13   1.167898 -0.537463 0.063297 -0.062915 -1.115643 -0.563609
 14   7.002743 -0.617765 -0.183752 0.025223 -0.196963 -1.682946
 15   8.209042 0.615527 -0.255885 2.532511 0.349030 0.312046
 16   7.002735 -0.617911 -0.183641 -0.004110 -0.136929 -1.192817
 17   1.574674 0.609930 -0.000899 0.335370 -0.220189 0.433064
 18   -0.602177 0.511412 -0.000006 0.000000 0.000000 0.000000
 19   3.673773 0.177020 1.119313 -0.000002 -0.000014 -0.174510
 20   3.673767 0.176993 -1.117566 0.000007 -0.000003 -0.174546
 21   3.942357 1.334540 1.627658 0.000002 -0.000011 -0.000026
 22   -0.246060 -0.011889 0.516521 -0.000011 0.000031 0.000025
 23   3.942374 1.334565 -1.631083 0.000019 0.000002 -0.000024
 24   -0.246150 -0.011872 -0.516511 -0.000005 -0.000006 0.000048
 25   4.941364 1.997338 1.629330 0.000018 -0.000001 -0.000024
 26   4.941382 1.997366 -1.629410 -0.000001 0.000005 -0.000024
 27   2.914462 1.619264 1.514501 -0.000019 -0.000022 -0.000050
 28   2.916892 1.618870 -1.501142 -0.000002 -0.000009 -0.000024
 29   8.824059 0.150544 0.091743 0.000006 -0.000231 -0.174534
 30   2.111085 -0.561179 1.784320 -0.000008 -0.000682 0.000024
 31   2.121290 -0.561289 -1.853599 0.000000 0.000000 -0.000002
 32   -0.814395 -0.093824 3.127092 3.071965 -0.114691 1.239365
 33   14.298673 -0.408176 0.471578 0.000248 0.000063 -1.896136
 34   15.835795 0.581398 0.242756 -0.214735 0.106913 -0.097869
 35   -0.815868 -0.091229 -3.114430 0.066464 3.132818 -1.010216
 36   14.294526 -0.410349 -0.467541 0.000021 -0.000012 -2.607695
 37   15.834409 0.579420 -0.284600 -0.006092 -0.035255 0.214508
 38   1.139685 -3.453749 -2.823813 0.000000 0.000000 0.000001
 39   -4.457742 -1.054854 -0.746180 0.000000 0.000000 0.000000
 40   1.118101 -3.449769 3.237290 0.000000 0.000001 0.000000
 41   -4.433840 -1.059130 0.959566 -0.000001 0.000000 0.000000
 42   -0.657468 1.697302 -2.688614 0.000000 0.000002 0.000000
 43   -0.664068 1.698578 2.869377 0.000000 0.000002 0.000000
time 5
  0   -0.967547 0.175787 -20.574476 0.000000 0.000000 -1.572114
  1   -1.093036 0.000002 -0.326057 -0.214014 -1.569082 -1.356583
  2   2.262337 0.113614 0.064702 -0.067561 -0.130272 -0.070200
  3   2.380047 0.353302 0.047440 -0.123413 -0.049584 -0.097824
  4   2.033756 0.190472 -0.000128 -0.178995 -0.087991 -0.408311
  5   2.451511 0.204909 -0.003447 -0.396187 -0.068286 -0.374292
  6   7.247600 -0.397300 -0.109469 0.000001 0.000021 0.156829
  7   -2.022252 -0.104661 3.136172 0.787384 -1.372413 -4.096929
  8   1.168026 -0.537438 -0.063437 -0.088611 0.726404 -0.449212
  9   6.790376 -0.619176 0.015206 0.041674 0.069859 -1.034057
 10   8.637599 0.544015 -0.090417 -2.555470 -0.136688 0.058550
 11   6.790465 -0.619039 0.017802 0.037380 0.033573 -0.739363
 12   -2.022474 -0.104699 -2.873818 -1.033324 1.453660 -4.267539
 13   1.167898 -0.537463 0.063297 -0.039576 -1.134866 -0.573234
 14   7.002743 -0.617765 -0.183752 0.025337 -0.197076 -1.683854
 15   8.209042 0.615527 -0.255885 2.514750 0.359168 0.292080
 16   7.002735 -0.617911 -0.183641 -0.004110 -0.137042 -1.193313
 17   1.574674 0.609930 -0.000899 0.335817 -0.234460 0.425229
 18   -0.602177 0.511412 -0.000006 0.000000 0.000000 0.000000
 19   3.673773 0.177020 1.119313 -0.000002 -0.000014 -0.174510
 20   3.673767 0.176993 -1.117566 0.000007 -0.000003 -0.174546
 21   3.942357 1.334540 1.627658 0.000002 -0.000011 -0.000026
 22   -0.246060 -0.011889 0.516521 -0.000011 0.000031 0.000025
 23   3.942374 1.334565 -1.631083 0.000019 0.000002 -0.000024
 24   -0.246150 -0.011872 -0.516511 -0.000005 -0.000006 0.000048
 25   4.941364 1.997338 1.629330 0.000018 -0.000001 -0.000024
 26   4.941382 1.997366 -1.629410 -0.000001 0.000005 -0.000024
 27   2.914462 1.619264 1.514501 -0.000019 -0.000022 -0.000050
 28   2.916892 1.618870 -1.501142 -0.000002 -0.000009 -0.000024
 29   8.824059 0.150544 0.091743 0.000006 -0.000231 -0.174534
 30   2.111085 -0.561179 1.784320 -0.000008 -0.000682 0.000024
 31   2.121290 -0.561289 -1.853599 0.000000 0.000000 -0.000002
 32   -0.814395 -0.093824 3.127092 3.071965 -0.114691 1.239365
 33   14.298673 -0.408176 0.471578 0.000248 0.000063 -1.896136
 34   15.835795 0.581398 0.242756 -0.214735 0.106913 -0.097869
 35   -0.815868 -0.091229 -3.114430 0.066464 3.132818 -1.010216
 36   14.294526 -0.410349 -0.467541 0.000021 -0.000012 -2.607695
 37   15.834409 0.579420 -0.284600 -0.006092 -0.035255 0.214508
 38   1.139685 -3.453749 -2.823813 0.000000 0.000000 0.000001
 39   -4.457742 -1.054854 -0.746180 0.000000 0.000000 0.000000
 40   1.118101 -3.449769 3.237290 0.000000 0.000001 0.000000
 41   -4.433840 -1.059130 0.959566 -0.000001 0.000000 0.000000
 42   -0.657468 1.697302 -2.688614 0.000000 0.000002 0.000000
 43   -0.664068 1.698578 2.869377 0.000000 0.000002 0.000000
time 6
  0   -0.967547 0.175787 -20.574476 0.000000 0.000000 -1.572114
  1   -1.093036 0.000002 -0.326057 -0.214014 -1.569082 -1.356583
  2   2.262337 0.113614 0.064702 -0.067179 -0.129277 -0.070326
  3   2.380047 0.353302 0.047440 -0.123503 -0.048410 -0.097926
  4   2.033756 0.190472 -0.000128 -0.179327 -0.085810 -0.408891
  5   2.451511 0.204909 -0.003447 -0.395639 -0.068664 -0.374515
  6   7.247600 -0.397300 -0.109469 0.000001 0.000021 0.156829
  7   -2.022252 -0.104661 3.136172 0.735812 -1.372874 -4.037573
  8   1.168026 -0.537438 -0.063437 0.028457 0.779234 -0.354954
  9   6.790376 -0.619176 0.015206 0.039399 0.083341 -1.168766
 10   8.637599 0.544015 -0.090417 -2.289690 -0.333148 0.102463
 11   6.790465 -0.619039 0.017802 0.039161 0.042868 -0.833315
 12   -2.022474 -0.104699 -2.873818 -0.972199 1.449249 -4.206839
 13   1.167898 -0.537463 0.063297 -0.014129 -1.150732 -0.587460
 14   7.002743 -0.617765 -0.183752 0.025394 -0.197133 -1.684844
 15   8.209042 0.615527 -0.255885 2.487284 0.367718 0.275362
 16   7.002735 -0.617911 -0.183641 -0.004063 -0.137099 -1.194031
 17   1.574674 0.609930 -0.000899 0.340570 -0.250174 0.422050
 18   -0.602177 0.511412 -0.000006 0.000000 0.000000 0.000000
 19   3.673773 0.177020 1.119313 -0.000002 -0.000014 -0.174510
 20   3.673767 0.176993 -1.117566 0.000007 -0.000003 -0.174546
 21   3.942357 1.334540 1.627658 0.000002 -0.000011 -0.000026
 22   -0.246060 -0.011889 0.516521 -0.000011 0.000031 0.000025
 23   3.942374 1.334565 -1.631083 0.000019 0.000002 -0.000024
 24   -0.246150 -0.011872 -0.516511 -0.000005 -0.000006 0.000048
 25   4.941364 1.997338 1.629330 0.000018 -0.000001 -0.000024
 26   4.941382 1.997366 -1.629410 -0.000001 0.000005 -0.000024
 27   2.914462 1.619264 1.514501 -0.000019 -0.000022 -0.000050
 28   2.916892 1.618870 -1.501142 -0.000002 -0.000009 -0.000024
 29   8.824059 0.150544 0.091743 0.000006 -0.000231 -0.174534
 30   2.111085 -0.561179 1.784320 -0.000008 -0.000682 0.000024
 31   2.121290 -0.561289 -1.853599 0.000000 0.000000 -0.000002
 32   -0.814395 -0.093824 3.127092 3.071965 -0.114691 1.239365
 33   14.298673 -0.408176 0.471578 0.000248 0.000063 -1.896136
 34   15.835795 0.581398 0.242756 -0.214735 0.106913 -0.097869
 35   -0.815868 -0.091229 -3.114430 0.066464 3.132818 -1.010216
 36   14.294526 -0.410349 -0.467541 0.000021 -0.000012 -2.607695
 37   15.834409 0.579420 -0.284600 -0.006092 -0.035255 0.214508
 38   1.139685 -3.453749 -2.823813 0.000000 0.000000 0.000001
 39   -4.457742 -1.054854 -0.746180 0.000000 0.000000 0.000000
 40   1.118101 -3.449769 3.237290 0.000000 0.000001 0.000000
 41   -4.433840 -1.059130 0.959566 -0.000001 0.000000 0.000000
 42   -0.657468 1.697302 -2.688614 0.000000 0.000002 0.000000
 43   -0.664068 1.698578 2.869377 0.000000 0.000002 0.000000
time 7
  0   -0.967547 0.175787 -20.574476 0.000000 0.000000 -1.572114
  1   -1.093036 0.000002 -0.326057 -0.214014 -1.569082 -1.356583
  2   2.262337 0.113614 0.064702 -0.067128 -0.128270 -0.070453
  3   2.380047 0.353302 0.047440 -0.123698 -0.047151 -0.098089
  4   2.033756 0.190472 -0.000128 -0.180120 -0.080428 -0.409580
  5   2.451511 0.204909 -0.003447 -0.394458 -0.073390 -0.373574
  6   7.247600 -0.397300 -0.109469 0.000001 0.000021 0.156829
  7   -2.022252 -0.104661 3.136172 0.694881 -1.377285 -3.993902
  8   1.168026 -0.537438 -0.063437 0.116924 0.867133 -0.277966
  9   6.790376 -0.619176 0.015206 0.037069 0.091950 -1.256006
 10   8.637599 0.544015 -0.090417 -2.088902 -0.406283 0.050810
 11   6.790465 -0.619039 0.017802 0.039891 0.048980 -0.894220
 12   -2.022474 -0.104699 -2.873818 -0.987720 1.451077 -4.226083
 13   1.167898 -0.537463 0.063297 0.009912 -1.166294 -0.602049
 14   7.002743 -0.617765 -0.183752 0.025450 -0.197133 -1.685999
 15   8.209042 0.615527 -0.255885 2.467366 0.376192 0.264717
 16   7.002735 -0.617911 -0.183641 -0.004016 -0.137099 -1.194859
 17   1.574674 0.609930 -0.000899 0.348003 -0.265866 0.418724
 18   -0.602177 0.511412 -0.000006 0.000000 0.000000 0.000000
 19   3.673773 0.177020 1.119313 -0.000002 -0.000014 -0.174510
 20   3.673767 0.176993 -1.117566 0.000007 -0.000003 -0.174546
 21   3.942357 1.334540 1.627658 0.000002 -0.000011 -0.000026
 22   -0.246060 -0.011889 0.516521 -0.000011 0.000031 0.000025
 23   3.942374 1.334565 -1.631083 0.000019 0.000002 -0.000024
 24   -0.246150 -0.011872 -0.516511 -0.000005 -0.000006 0.000048
 25   4.941364 1.997338 1.629330 0.000018 -0.000001 -0.000024
 26   4.941382 1.997366 -1.629410 -0.000001 0.000005 -0.000024
 27   2.914462 1.619264 1.514501 -0.000019 -0.000022 -0.000050
 28   2.916892 1.618870 -1.501142 -0.000002 -0.000009 -0.000024
 29   8.824059 0.150544 0.091743 0.000006 -0.000231 -0.174534
 30   2.111085 -0.561179 1.784320 -0.000008 -0.000682 0.000024
 31   2.121290 -0.561289 -1.853599 0.000000 0.000000 -0.000002
 32   -0.814395 -0.093824 3.127092 3.071965 -0.114691 1.239365
 33   14.298673 -0.408176 0.471578 0.000248 0.000063 -1.896136
 34   15.835795 0.581398 0.242756 -0.214735 0.106913 -0.097869
 35   -0.815868 -0.091229 -3.114430 0.066464 3.132818 -1.010216
 36   14.294526 -0.410349 -0.467541 0.000021 -0.000012 -2.607695
 37   15.834409 0.579420 -0.284600 -0.006092 -0.035255 0.214508
 38   1.139685 -3.453749 -2.823813 0.000000 0.000000 0.000001
 39   -4.457742 -1.054854 -0.746180 0.000000 0.000000 0.000000
 40   1.118101 -3.449769 3.237290 0.000000 0.000001 0.000000
 41   -4.433840 -1.059130 0.959566 -0.000001 0.000000 0.000000
 42   -0.657468 1.697302 -2.688614 0.000000 0.000002 0.000000
 43   -0.664068 1.698578 2.869377 0.000000 0.000002 0.000000
time 8
  0   -0.967547 0.175787 -20.574476 0.000000 0.000000 -1.572114
  1   -1.093036 0.000002 -0.326057 -0.214014 -1.569082 -1.356583
  2   2.262337 0.113614 0.064702 -0.070032 -0.127240 -0.069730
  3   2.380047 0.353302 0.047440 -0.124103 -0.045629 -0.098232
  4   2.033756 0.190472 -0.000128 -0.180784 -0.077564 -0.410087
  5   2.451511 0.204909 -0.003447 -0.393739 -0.075388 -0.373153
  6   7.247600 -0.397300 -0.109469 0.000001 0.000021 0.156829
  7   -2.022252 -0.104661 3.136172 0.611868 -1.373941 -3.909753
  8   1.168026 -0.537438 -0.063437 0.155082 0.938931 -0.241022
  9   6.790376 -0.619176 0.015206 0.034572 0.095154 -1.303928
 10   8.637599 0.544015 -0.090417 -1.929153 -0.415997 -0.063494
 11   6.790465 -0.619039 0.017802 0.039190 0.051367 -0.927729
 12   -2.022474 -0.104699 -2.873818 -0.976798 1.453283 -4.215360
 13   1.167898 -0.537463 0.063297 0.029525 -1.169498 -0.617243
 14   7.002743 -0.617765 -0.183752 0.025678 -0.197190 -1.688474
 15   8.209042 0.615527 -0.255885 2.445940 0.377024 0.256118
 16   7.002735 -0.617911 -0.183641 -0.003969 -0.137155 -1.196570
 17   1.574674 0.609930 -0.000899 0.356493 -0.282882 0.422568
 18   -0.602177 0.511412 -0.000006 0.000000 0.000000 0.000000
 19   3.673773 0.177020 1.119313 -0.000002 -0.000014 -0.174510
 20   3.673767 0.176993 -1.117566 0.000007 -0.000003 -0.174546
 21   3.942357 1.334540 1.627658 0.000002 -0.000011 -0.000026
 22   -0.246060 -0.011889 0.516521 -0.000011 0.000031 0.000025
 23   3.942374 1.334565 -1.631083 0.000019 0.000002 -0.000024
 24   -0.246150 -0.011872 -0.516511 -0.000005 -0.000006 0.000048
 25   4.941364 1.997338 1.629330 0.000018 -0.000001 -0.000024
 26   4.941382 1.997366 -1.629410 -0.000001 0.000005 -0.000024
 27   2.914462 1.619264 1.514501 -0.000019 -0.000022 -0.000050
 28   2.916892 1.618870 -1.501142 -0.000002 -0.000009 -0.000024
 29   8.824059 0.150544 0.091743 0.000006 -0.000231 -0.174534
 30   2.111085 -0.561179 1.784320 -0.000008 -0.000682 0.000024
 31   2.121290 -0.561289 -1.853599 0.000000 0.000000 -0.000002
 32   -0.814395 -0.093824 3.127092 3.071965 -0.114691 1.239365
 33   14.298673 -0.408176 0.471578 0.000248 0.000063 -1.896136
 34   15.835795 0.581398 0.242756 -0.214735 0.106913 -0.097869
 35   -0.815868 -0.091229 -3.114430 0.066464 3.132818 -1.010216
 36   14.294526 -0.410349 -0.467541 0.000021 -0.000012 -2.607695
 37   15.834409 0.579420 -0.284600 -0.006092 -0.035255 0.214508
 38   1.139685 -3.453749 -2.823813 0.000000 0.000000 0.000001
 39   -4.457742 -1.054854 -0.746180 0.000000 0.000000 0.000000
 40   1.118101 -3.449769 3.237290 0.000000 0.000001 0.000000
 41   -4.433840 -1.059130 0.959566 -0.000001 0.000000 0.000000
 42   -0.657468 1.697302 -2.688614 0.000000 0.000002 0.000000
 43   -0.664068 1.698578 2.869377 0.000000 0.000002 0.000000
time 9
  0   -0.967547 0.175787 -20.574476 0.000000 0.000000 -1.572114
  1   -1.093036 0.000002 -0.326057 -0.214014 -1.569082 -1.356583
  2   2.262337 0.113614 0.064702 -0.072885 -0.125921 -0.068284
  3   2.380047 0.353302 0.047440 -0.126563 -0.044323 -0.098294
  4   2.033756 0.190472 -0.000128 -0.181245 -0.077672 -0.410486
  5   2.451511 0.204909 -0.003447 -0.393585 -0.074513 -0.373450
  6   7.247600 -0.397300 -0.109469 0.000001 0.000021 0.156829
  7   -2.022252 -0.104661 3.136172 0.557708 -1.365322 -3.855657
  8   1.168026 -0.537438 -0.063437 0.126163 0.950403 -0.249436
  9   6.790376 -0.619176 0.015206 0.034794 0.094820 -1.293136
 10   8.637599 0.544015 -0.090417 -1.900267 -0.315620 -0.139311
 11   6.790465 -0.619039 0.017802 0.039161 0.051197 -0.920174
 12   -2.022474 -0.104699 -2.873818 -0.950068 1.458217 -4.187978
 13   1.167898 -0.537463 0.063297 0.044779 -1.169498 -0.626505
 14   7.002743 -0.617765 -0.183752 0.026248 -0.197304 -1.696642
 15   8.209042 0.615527 -0.255885 2.419839 0.367945 0.251908
 16   7.002735 -0.617911 -0.183641 -0.003781 -0.137381 -1.202255
 17   1.574674 0.609930 -0.000899 0.365836 -0.299851 0.432030
 18   -0.602177 0.511412 -0.000006 0.000000 0.000000 0.000000
 19   3.673773 0.177020 1.119313 -0.000002 -0.000014 -0.174510
 20   3.673767 0.176993 -1.117566 0.000007 -0.000003 -0.174546
 21   3.942357 1.334540 1.627658 0.000002 -0.000011 -0.000026
 22   -0.246060 -0.011889 0.516521 -0.000011 0.000031 0.000025
 23   3.942374 1.334565 -1.631083 0.000019 0.000002 -0.000024
 24   -0.246150 -0.011872 -0.516511 -0.000005 -0.000006 0.000048
 25   4.941364 1.997338 1.629330 0.000018 -0.000001 -0.000024
 26   4.941382 1.997366 -1.629410 -0.000001 0.000005 -0.000024
 27   2.914462 1.619264 1.514501 -0.000019 -0.000022 -0.000050
 28   2.916892 1.618870 -1.501142 -0.000002 -0.000009 -0.000024
 29   8.824059 0.150544 0.091743 0.000006 -0.000231 -0.174534
 30   2.111085 -0.561179 1.784320 -0.000008 -0.000682 0.000024
 31   2.121290 -0.561289 -1.853599 0.000000 0.000000 -0.000002
 32   -0.814395 -0.093824 3.127092 3.071965 -0.114691 1.239365
 33   14.298673 -0.408176 0.471578 0.000248 0.000063 -1.896136
 34   15.835795 0.581398 0.242756 -0.214735 0.106913 -0.097869
 35   -0.815868 -0.091229 -3.114430 0.066464 3.132818 -1.010216
 36   14.294526 -0.410349 -0.467541 0.000021 -0.000012 -2.607695
 37   15.834409 0.579420 -0.284600 -0.006092 -0.035255 0.214508
 38   1.139685 -3.453749 -2.823813 0.000000 0.000000 0.000001
 39   -4.457742 -1.054854 -0.746180 0.000000 0.000000 0.000000
 40   1.118101 -3.449769 3.237290 0.000000 0.000001 0.000000
 41   -4.433840 -1.059130 0.959566 -0.000001 0.000000 0.000000
 42   -0.657468 1.697302 -2.688614 0.000000 0.000002 0.000000
 43   -0.664068 1.698578 2.869377 0.000000 0.000002 0.000000
time 10
  0   -0.967547 0.175787 -20.574476 0.000000 0.000000 -1.572114
  1   -1.093036 0.000002 -0.326057 -0.214014 -1.569082 -1.356583
  2   2.262337 0.113614 0.064702 -0.078044 -0.124675 -0.066170
  3   2.380047 0.353302 0.047440 -0.129999 -0.043784 -0.098294
  4   2.033756 0.190472 -0.000128 -0.181817 -0.077876 -0.411102
  5   2.451511 0.204909 -0.003447 -0.394184 -0.070022 -0.374713
  6   7.247600 -0.397300 -0.109469 0.000001 0.000021 0.156829
  7   -2.022252 -0.104661 3.136172 0.552915 -1.359729 -3.856315
  8   1.168026 -0.537438 -0.063437 0.102053 0.909095 -0.273538
  9   6.790376 -0.619176 0.015206 0.038179 0.090549 -1.238045
 10   8.637599 0.544015 -0.090417 -1.959623 -0.253043 -0.206447
 11   6.790465 -0.619039 0.017802 0.040153 0.047871 -0.881647
 12   -2.022474 -0.104699 -2.873818 -0.947194 1.469449 -4.184436
 13   1.167898 -0.537463 0.063297 0.059471 -1.167718 -0.639883
 14   7.002743 -0.617765 -0.183752 0.026703 -0.197417 -1.702170
 15   8.209042 0.615527 -0.255885 2.386476 0.371123 0.250886
 16   7.002735 -0.617911 -0.183641 -0.003639 -0.137550 -1.206063
 17   1.574674 0.609930 -0.000899 0.373189 -0.321293 0.448403
 18   -0.602177 0.511412 -0.000006 0.000000 0.000000 0.000000
 19   3.673773 0.177020 1.119313 -0.000002 -0.000014 -0.174510
 20   3.673767 0.176993 -1.117566 0.000007 -0.000003 -0.174546
 21   3.942357 1.334540 1.627658 0.000002 -0.000011 -0.000026
 22   -0.246060 -0.011889 0.516521 -0.000011 0.000031 0.000025
 23   3.942374 1.334565 -1.631083 0.000019 0.000002 -0.000024
 24   -0.246150 -0.011872 -0.516511 -0.000005 -0.000006 0.000048
 25   4.941364 1.997338 1.629330 0.000018 -0.000001 -0.000024
 26   4.941382 1.997366 -1.629410 -0.000001 0.000005 -0.000024
 27   2.914462 1.619264 1.514501 -0.000019 -0.000022 -0.000050
 28   2.916892 1.618870 -1.501142 -0.000002 -0.000009 -0.000024
 29   8.824059 0.150544 0.091743 0.000006 -0.000231 -0.174534
 30   2.111085 -0.561179 1.784320 -0.000008 -0.000682 0.000024
 31   2.121290 -0.561289 -1.853599 0.000000 0.000000 -0.000002
 32   -0.814395 -0.093824 3.127092 3.071965 -0.114691 1.239365
 33   14.298673 -0.408176 0.471578 0.000248 0.000063 -1.896136
 34   15.835795 0.581398 0.242756 -0.214735 0.106913 -0.097869
 35   -0.815868 -0.091229 -3.114430 0.066464 3.132818 -1.010216
 36   14.294526 -0.410349 -0.467541 0.000021 -0.000012 -2.607695
 37   15.834409 0.579420 -0.284600 -0.006092 -0.035255 0.214508
 38   1.139685 -3.453749 -2.823813 0.000000 0.000000 0.000001
 39   -4.457742 -1.054854 -0.746180 0.000000 0.000000 0.000000
 40   1.118101 -3.449769 3.237290 0.000000 0.000001 0.000000
 41   -4.433840 -1.059130 0.959566 -0.000001 0.000000 0.000000
 42   -0.657468 1.697302 -2.688614 0.000000 0.000002 0.000000
 43   -0.664068 1.698578 2.869377 0.000000 0.000002 0.000000
time 11
  0   -0.967547 0.175787 -20.574476 0.000000 0.000000 -1.572114
  1   -1.093036 0.000002 -0.326057 -0.214014 -1.569082 -1.356583
  2   2.262337 0.113614 0.064702 -0.083916 -0.123393 -0.066098
  3   2.380047 0.353302 0.047440 -0.133704 -0.043664 -0.098232
  4   2.033756 0.190472 -0.000128 -0.182610 -0.078139 -0.411936
  5   2.451511 0.204909 -0.003447 -0.395348 -0.062541 -0.376942
  6   7.247600 -0.397300 -0.109469 0.000001 0.000021 0.156829
  7   -2.022252 -0.104661 3.136172 0.602665 -1.361343 -3.916139
  8   1.168026 -0.537438 -0.063437 0.116291 0.868592 -0.275246
  9   6.790376 -0.619176 0.015206 0.038955 0.089414 -1.212537
 10   8.637599 0.544015 -0.090417 -2.051299 -0.198280 -0.239436
 11   6.790465 -0.619039 0.017802 0.040153 0.047075 -0.863941
 12   -2.022474 -0.104699 -2.873818 -0.984942 1.482916 -4.227041
 13   1.167898 -0.537463 0.063297 0.074796 -1.165582 -0.656954
 14   7.002743 -0.617765 -0.183752 0.026817 -0.197531 -1.703985
 15   8.209042 0.615527 -0.255885 2.352034 0.379445 0.244992
 16   7.002735 -0.617911 -0.183641 -0.003592 -0.137606 -1.207332
 17   1.574674 0.609930 -0.000899 0.378998 -0.349670 0.471763
 18   -0.602177 0.511412 -0.000006 0.000000 0.000000 0.000000
 19   3.673773 0.177020 1.119313 -0.000002 -0.000014 -0.174510
 20   3.673767 0.176993 -1.117566 0.000007 -0.000003 -0.174546
 21   3.942357 1.334540 1.627658 0.000002 -0.000011 -0.000026
 22   -0.246060 -0.011889 0.516521 -0.000011 0.000031 0.000025
 23   3.942374 1.334565 -1.631083 0.000019 0.000002 -0.000024
 24   -0.246150 -0.011872 -0.516511 -0.000005 -0.000006 0.000048
 25   4.941364 1.997338 1.629330 0.000018 -0.000001 -0.000024
 26   4.941382 1.997366 -1.629410 -0.000001 0.000005 -0.000024
 27   2.914462 1.619264 1.514501 -0.000019 -0.000022 -0.000050
 28   2.916892 1.618870 -1.501142 -0.000002 -0.000009 -0.000024
 29   8.824059 0.150544 0.091743 0.000006 -0.000231 -0.174534
 30   2.111085 -0.561179 1.784320 -0.000008 -0.000682 0.000024
 31   2.121290 -0.561289 -1.853599 0.000000 0.000000 -0.000002
 32   -0.814395 -0.093824 3.127092 3.071965 -0.114691 1.239365
 33   14.298673 -0.408176 0.471578 0.000248 0.000063 -1.896136
 34   15.835795 0.581398 0.242756 -0.214735 0.106913 -0.097869
 35   -0.815868 -0.091229 -3.114430 0.066464 3.132818 -1.010216
 36   14.294526 -0.410349 -0.467541 0.000021 -0.000012 -2.607695
 37   15.834409 0.579420 -0.284600 -0.006092 -0.035255 0.214508
 38   1.139685 -3.453749 -2.823813 0.000000 0.000000 0.000001
 39   -4.457742 -1.054854 -0.746180 0.000000 0.000000 0.000000
 40   1.118101 -3.449769 3.237290 0.000000 0.000001 0.000000
 41   -4.433840 -1.059130 0.959566 -0.000001 0.000000 0.000000
 42   -0.657468 1.697302 -2.688614 0.000000 0.000002 0.000000
 43   -0.664068 1.698578 2.869377 0.000000 0.000002 0.000000
time 12
  0   -0.967547 0.175787 -20.574476 0.000000 0.000000 -1.572114
  1   -1.093036 0.000002 -0.326057 -0.214014 -1.569082 -1.356583
  2   2.262337 0.113614 0.064702 -0.092883 -0.121871 -0.066098
  3   2.380047 0.353302 0.047440 -0.137859 -0.043568 -0.098130
  4   2.033756 0.190472 -0.000128 -0.184067 -0.078619 -0.412407
  5   2.451511 0.204909 -0.003447 -0.398566 -0.052919 -0.380806
  6   7.247600 -0.397300 -0.109469 0.000001 0.000021 0.156829
  7   -2.022252 -0.104661 3.136172 0.652128 -1.364024 -3.966197
  8   1.168026 -0.537438 -0.063437 0.152108 0.858680 -0.234443
  9   6.790376 -0.619176 0.015206 0.037457 0.090949 -1.249894
 10   8.637599 0.544015 -0.090417 -2.015192 -0.237980 -0.206736
 11   6.790465 -0.619039 0.017802 0.039891 0.048184 -0.889952
 12   -2.022474 -0.104699 -2.873818 -1.080365 1.482974 -4.324984
 13   1.167898 -0.537463 0.063297 0.079646 -1.164870 -0.657741
 14   7.002743 -0.617765 -0.183752 0.027158 -0.197644 -1.708193
 15   8.209042 0.615527 -0.255885 2.332333 0.376040 0.250585
 16   7.002735 -0.617911 -0.183641 -0.003498 -0.137832 -1.210258
 17   1.574674 0.609930 -0.000899 0.380663 -0.384389 0.503401
 18   -0.602177 0.511412 -0.000006 0.000000 0.000000 0.000000
 19   3.673773 0.177020 1.119313 -0.000002 -0.000014 -0.174510
 20   3.673767 0.176993 -1.117566 0.000007 -0.000003 -0.174546
 21   3.942357 1.334540 1.627658 0.000002 -0.000011 -0.000026
 22   -0.246060 -0.011889 0.516521 -0.000011 0.000031 0.000025
 23   3.942374 1.334565 -1.631083 0.000019 0.000002 -0.000024
 24   -0.246150 -0.011872 -0.516511 -0.000005 -0.000006 0.000048
 25   4.941364 1.997338 1.629330 0.000018 -0.000001 -0.000024
 26   4.941382 1.997366 -1.629410 -0.000001 0.000005 -0.000024
 27   2.914462 1.619264 1.514501 -0.000019 -0.000022 -0.000050
 28   2.916892 1.618870 -1.501142 -0.000002 -0.000009 -0.000024
 29   8.824059 0.150544 0.091743 0.000006 -0.000231 -0.174534
 30   2.111085 -0.561179 1.784320 -0.000008 -0.000682 0.000024
 31   2.121290 -0.561289 -1.853599 0.000000 0.000000 -0.000002
 32   -0.814395 -0.093824 3.127092 3.071965 -0.114691 1.239365
 33   14.298673 -0.408176 0.471578 0.000248 0.000063 -1.896136
 34   15.835795 0.581398 0.242756 -0.214735 0.106913 -0.097869
 35   -0.815868 -0.091229 -3.114430 0.066464 3.132818 -1.010216
 36   14.294526 -0.410349 -0.467541 0.000021 -0.000012 -2.607695
 37   15.834409 0.579420 -0.284600 -0.006092 -0.035255 0.214508
 38   1.139685 -3.453749 -2.823813 0.000000 0.000000 0.000001
 39   -4.457742 -1.054854 -0.746180 0.000000 0.000000 0.000000
 40   1.118101 -3.449769 3.237290 0.000000 0.000001 0.000000
 41   -4.433840 -1.059130 0.959566 -0.000001 0.000000 0.000000
 42   -0.657468 1.697302 -2.688614 0.000000 0.000002 0.000000
 43   -0.664068 1.698578 2.869377 0.000000 0.000002 0.000000
time 13
  0   -0.967547 0.175787 -20.574476 0.000000 0.000000 -1.572114
  1   -1.093036 0.000002 -0.326057 -0.214014 -1.569082 -1.356583
  2   2.262337 0.113614 0.064702 -0.098755 -0.119617 -0.066441
  3   2.380047 0.353302 0.047440 -0.141309 -0.043101 -0.098130
  4   2.033756 0.190472 -0.000128 -0.185081 -0.079050 -0.412697
  5   2.451511 0.204909 -0.003447 -0.402383 -0.043793 -0.384446
  6   7.247600 -0.397300 -0.109469 0.000001 0.000021 0.156829
  7   -2.022252 -0.104661 3.136172 0.650882 -1.367311 -3.964788
  8   1.168026 -0.537438 -0.063437 0.192227 0.836391 -0.204584
  9   6.790376 -0.619176 0.015206 0.037679 0.090282 -1.239328
 10   8.637599 0.544015 -0.090417 -2.015985 -0.239388 -0.208979
 11   6.790465 -0.619039 0.017802 0.039745 0.047786 -0.882570
 12   -2.022474 -0.104699 -2.873818 -1.146376 1.474354 -4.394300
 13   1.167898 -0.537463 0.063297 0.078803 -1.165124 -0.656288
 14   7.002743 -0.617765 -0.183752 0.027443 -0.197815 -1.712483
 15   8.209042 0.615527 -0.255885 2.333699 0.379218 0.264898
 16   7.002735 -0.617911 -0.183641 -0.003404 -0.138001 -1.213183
 17   1.574674 0.609930 -0.000899 0.381760 -0.419890 0.537738
 18   -0.602177 0.511412 -0.000006 0.000000 0.000000 0.000000
 19   3.673773 0.177020 1.119313 -0.000002 -0.000014 -0.174510
 20   3.673767 0.176993 -1.117566 0.000007 -0.000003 -0.174546
 21   3.942357 1.334540 1.627658 0.000002 -0.000011 -0.000026
 22   -0.246060 -0.011889 0.516521 -0.000011 0.000031 0.000025
 23   3.942374 1.334565 -1.631083 0.000019 0.000002 -0.000024
 24   -0.246150 -0.011872 -0.516511 -0.000005 -0.000006 0.000048
 25   4.941364 1.997338 1.629330 0.000018 -0.000001 -0.000024
 26   4.941382 1.997366 -1.629410 -0.000001 0.000005 -0.000024
 27   2.914462 1.619264 1.514501 -0.000019 -0.000022 -0.000050
 28   2.916892 1.618870 -1.501142 -0.000002 -0.000009 -0.000024
 29   8.824059 0.150544 0.091743 0.000006 -0.000231 -0.174534
 30   2.111085 -0.561179 1.784320 -0.000008 -0.000682 0.000024
 31   2.121290 -0.561289 -1.853599 0.000000 0.000000 -0.000002
 32   -0.814395 -0.093824 3.127092 3.071965 -0.114691 1.239365
 33   14.298673 -0.408176 0.471578 0.000248 0.000063 -1.896136
 34   15.835795 0.581398 0.242756 -0.214735 0.106913 -0.097869
 35   -0.815868 -0.091229 -3.114430 0.066464 3.132818 -1.010216
 36   14.294526 -0.410349 -0.467541 0.000021 -0.000012 -2.607695
 37   15.834409 0.579420 -0.284600 -0.006092 -0.035255 0.214508
 38   1.139685 -3.453749 -2.823813 0.000000 0.000000 0.000001
 39   -4.457742 -1.054854 -0.746180 0.000000 0.000000 0.000000
 40   1.118101 -3.449769 3.237290 0.000000 0.000001 0.000000
 41   -4.433840 -1.059130 0.959566 -0.000001 0.000000 0.000000
 42   -0.657468 1.697302 -2.688614 0.000000 0.000002 0.000000
 43   -0.664068 1.698578 2.869377 0.000000 0.000002 0.000000
time 14
  0   -0.967547 0.175787 -20.574476 0.000000 0.000000 -1.572114
  1   -1.093036 0.000002 -0.326057 -0.214014 -1.569082 -1.356583
  2   2.262337 0.113614 0.064702 -0.102538 -0.116633 -0.066947
  3   2.380047 0.353302 0.047440 -0.142600 -0.041830 -0.098232
  4   2.033756 0.190472 -0.000128 -0.184749 -0.081327 -0.412697
  5   2.451511 0.204909 -0.003447 -0.404386 -0.037631 -0.386130
  6   7.247600 -0.397300 -0.109469 0.000001 0.000021 0.156829
  7   -2.022252 -0.104661 3.136172 0.602569 -1.376795 -3.914918
  8   1.168026 -0.537438 -0.063437 0.227917 0.830755 -0.181747
  9   6.790376 -0.619176 0.015206 0.039788 0.081672 -1.152163
 10   8.637599 0.544015 -0.090417 -2.051739 -0.175544 -0.321329
 11   6.790465 -0.619039 0.017802 0.039015 0.041674 -0.821723
 12   -2.022474 -0.104699 -2.873818 -1.112844 1.463761 -4.362706
 13   1.167898 -0.537463 0.063297 0.068891 -1.168023 -0.657559
 14   7.002743 -0.617765 -0.183752 0.027899 -0.197928 -1.719001
 15   8.209042 0.615527 -0.255885 2.374252 0.409936 0.283961
 16   7.002735 -0.617911 -0.183641 -0.003263 -0.138226 -1.217709
 17   1.574674 0.609930 -0.000899 0.383628 -0.449118 0.571114
 18   -0.602177 0.511412 -0.000006 0.000000 0.000000 0.000000
 19   3.673773 0.177020 1.119313 -0.000002 -0.000014 -0.174510
 20   3.673767 0.176993 -1.117566 0.000007 -0.000003 -0.174546
 21   3.942357 1.334540 1.627658 0.000002 -0.000011 -0.000026
 22   -0.246060 -0.011889 0.516521 -0.000011 0.000031 0.000025
 23   3.942374 1.334565 -1.631083 0.000019 0.000002 -0.000024
 24   -0.246150 -0.011872 -0.516511 -0.000005 -0.000006 0.000048
 25   4.941364 1.997338 1.629330 0.000018 -0.000001 -0.000024
 26   4.941382 1.997366 -1.629410 -0.000001 0.000005 -0.000024
 27   2.914462 1.619264 1.514501 -0.000019 -0.000022 -0.000050
 28   2.916892 1.618870 -1.501142 -0.000002 -0.000009 -0.000024
 29   8.824059 0.150544 0.091743 0.000006 -0.000231 -0.174534
 30   2.111085 -0.561179 1.784320 -0.000008 -0.000682 0.000024
 31   2.121290 -0.561289 -1.853599 0.000000 0.000000 -0.000002
 32   -0.814395 -0.093824 3.127092 3.071965 -0.114691 1.239365
 33   14.298673 -0.408176 0.471578 0.000248 0.000063 -1.896136
 34   15.835795 0.581398 0.242756 -0.214735 0.106913 -0.097869
 35   -0.815868 -0.091229 -3.114430 0.066464 3.132818 -1.010216
 36   14.294526 -0.410349 -0.467541 0.000021 -0.000012 -2.607695
 37   15.834409 0.579420 -0.284600 -0.006092 -0.035255 0.214508
 38   1.139685 -3.453749 -2.823813 0.000000 0.000000 0.000001
 39   -4.457742 -1.054854 -0.746180 0.000000 0.000000 0.000000
 40   1.118101 -3.449769 3.237290 0.000000 0.000001 0.000000
 41   -4.433840 -1.059130 0.959566 -0.000001 0.000000 0.000000
 42   -0.657468 1.697302 -2.688614 0.000000 0.000002 0.000000
 43   -0.664068 1.698578 2.869377 0.000000 0.000002 0.000000
time 15
  0   -0.967547 0.175787 -20.574476 0.000000 0.000000 -1.572114
  1   -1.093036 0.000002 -0.326057 -0.214014 -1.569082 -1.356583
  2   2.262337 0.113614 0.064702 -0.102398 -0.114069 -0.067489
  3   2.380047 0.353302 0.047440 -0.142855 -0.040524 -0.098294
  4   2.033756 0.190472 -0.000128 -0.184565 -0.081207 -0.412770
  5   2.451511 0.204909 -0.003447 -0.404369 -0.038623 -0.386031
  6   7.247600 -0.397300 -0.109469 0.000001 0.000021 0.156829
  7   -2.022252 -0.104661 3.136172 0.558283 -1.390113 -3.863077
  8   1.168026 -0.537438 -0.063437 0.336380 0.824869 -0.093309
  9   6.790376 -0.619176 0.015206 0.041008 0.074731 -1.082205
 10   8.637599 0.544015 -0.090417 -2.331521 -0.291336 -0.459507
 11   6.790465 -0.619039 0.017802 0.038110 0.036871 -0.772930
 12   -2.022474 -0.104699 -2.873818 -1.068198 1.459291 -4.320388
 13   1.167898 -0.537463 0.063297 0.075710 -1.190043 -0.663068
 14   7.002743 -0.617765 -0.183752 0.028468 -0.198155 -1.726014
 15   8.209042 0.615527 -0.255885 2.361382 0.405094 0.266101
 16   7.002735 -0.617911 -0.183641 -0.003075 -0.138508 -1.222621
 17   1.574674 0.609930 -0.000899 0.389194 -0.465543 0.594917
 18   -0.602177 0.511412 -0.000006 0.000000 0.000000 0.000000
 19   3.673773 0.177020 1.119313 -0.000002 -0.000014 -0.174510
 20   3.673767 0.176993 -1.117566 0.000007 -0.000003 -0.174546
 21   3.942357 1.334540 1.627658 0.000002 -0.000011 -0.000026
 22   -0.246060 -0.011889 0.516521 -0.000011 0.000031 0.000025
 23   3.942374 1.334565 -1.631083 0.000019 0.000002 -0.000024
 24   -0.246150 -0.011872 -0.516511 -0.000005 -0.000006 0.000048
 25   4.941364 1.997338 1.629330 0.000018 -0.000001 -0.000024
 26   4.941382 1.997366 -1.629410 -0.000001 0.000005 -0.000024
 27   2.914462 1.619264 1.514501 -0.000019 -0.000022 -0.000050
 28   2.916892 1.618870 -1.501142 -0.000002 -0.000009 -0.000024
 29   8.824059 0.150544 0.091743 0.000006 -0.000231 -0.174534
 30   2.111085 -0.561179 1.784320 -0.000008 -0.000682 0.000024
 31   2.121290 -0.561289 -1.853599 0.000000 0.000000 -0.000002
 32   -0.814395 -0.093824 3.127092 3.071965 -0.114691 1.239365
 33   14.298673 -0.408176 0.471578 0.000248 0.000063 -1.896136
 34   15.835795 0.581398 0.242756 -0.214735 0.106913 -0.097869
 35   -0.815868 -0.091229 -3.114430 0.066464 3.132818 -1.010216
 36   14.294526 -0.410349 -0.467541 0.000021 -0.000012 -2.607695
 37   15.834409 0.579420 -0.284600 -0.006092 -0.035255 0.214508
 38   1.139685 -3.453749 -2.823813 0.000000 0.000000 0.000001
 39   -4.457742 -1.054854 -0.746180 0.000000 0.000000 0.000000
 40   1.118101 -3.449769 3.237290 0.000000 0.000001 0.000000
 41   -4.433840 -1.059130 0.959566 -0.000001 0.000000 0.000000
 42   -0.657468 1.697302 -2.688614 0.000000 0.000002 0.000000
 43   -0.664068 1.698578 2.869377 0.000000 0.000002 0.000000
time 16
  0   -0.967547 0.175787 -20.574476 0.000000 0.000000 -1.572114
  1   -1.093036 0.000002 -0.326057 -0.214014 -1.569082 -1.356583
  2   2.262337 0.113614 0.064702 -0.094182 -0.112642 -0.068194
  3   2.380047 0.353302 0.047440 -0.137169 -0.039230 -0.098498
  4   2.033756 0.190472 -0.000128 -0.184288 -0.080165 -0.409326
  5   2.451511 0.204909 -0.003447 -0.399011 -0.052619 -0.379122
  6   7.247600 -0.397300 -0.109469 0.000001 0.000021 0.156829
  7   -2.022252 -0.104661 3.136172 0.581097 -1.406400 -3.870778
  8   1.168026 -0.537438 -0.063437 0.568113 0.765196 0.066234
  9   6.790376 -0.619176 0.015206 0.041064 0.075799 -1.091563
 10   8.637599 0.544015 -0.090417 -2.456397 -0.471606 -0.519553
 11   6.790465 -0.619039 0.017802 0.038402 0.037553 -0.779389
 12   -2.022474 -0.104699 -2.873818 -0.938571 1.462077 -4.195350
 13   1.167898 -0.537463 0.063297 0.086816 -1.209774 -0.661978
 14   7.002743 -0.617765 -0.183752 0.029550 -0.198666 -1.735832
 15   8.209042 0.615527 -0.255885 2.302493 0.383606 0.250224
 16   7.002735 -0.617911 -0.183641 -0.002651 -0.139016 -1.229465
 17   1.574674 0.609930 -0.000899 0.407148 -0.450207 0.602789
 18   -0.602177 0.511412 -0.000006 0.000000 0.000000 0.000000
 19   3.673773 0.177020 1.119313 -0.000002 -0.000014 -0.174510
 20   3.673767 0.176993 -1.117566 0.000007 -0.000003 -0.174546
 21   3.942357 1.334540 1.627658 0.000002 -0.000011 -0.000026
 22   -0.246060 -0.011889 0.516521 -0.000011 0.000031 0.000025
 23   3.942374 1.334565 -1.631083 0.000019 0.000002 -0.000024
 24   -0.246150 -0.011872 -0.516511 -0.000005 -0.000006 0.000048
 25   4.941364 1.997338 1.629330 0.000018 -0.000001 -0.000024
 26   4.941382 1.997366 -1.629410 -0.000001 0.000005 -0.000024
 27   2.914462 1.619264 1.514501 -0.000019 -0.000022 -0.000050
 28   2.916892 1.618870 -1.501142 -0.000002 -0.000009 -0.000024
 29   8.824059 0.150544 0.091743 0.000006 -0.000231 -0.174534
 30   2.111085 -0.561179 1.784320 -0.000008 -0.000682 0.000024
 31   2.121290 -0.561289 -1.853599 0.000000 0.000000 -0.000002
 32   -0.814395 -0.093824 3.127092 3.071965 -0.114691 1.239365
 33   14.298673 -0.408176 0.471578 0.000248 0.000063 -1.896136
 34   15.835795 0.581398 0.242756 -0.214735 0.106913 -0.097869
 35   -0.815868 -0.091229 -3.114430 0.066464 3.132818 -1.010216
 36   14.294526 -0.410349 -0.467541 0.000021 -0.000012 -2.607695
 37   15.834409 0.579420 -0.284600 -0.006092 -0.035255 0.214508
 38   1.139685 -3.453749 -2.823813 0.000000 0.000000 0.000001
 39   -4.457742 -1.054854 -0.746180 0.000000 0.000000 0.000000
 40   1.118101 -3.449769 3.237290 0.000000 0.000001 0.000000
 41   -4.433840 -1.059130 0.959566 -0.000001 0.000000 0.000000
 42   -0.657468 1.697302 -2.688614 0.000000 0.000002 0.000000
 43   -0.664068 1.698578 2.869377 0.000000 0.000002 0.000000
time 17
  0   -0.967547 0.175787 -20.574476 0.000000 0.000000 -1.572114
  1   -1.093036 0.000002 -0.326057 -0.214014 -1.569082 -1.356583
  2   2.262337 0.113614 0.064702 -0.078286 -0.111720 -0.069116
  3   2.380047 0.353302 0.047440 -0.127254 -0.037684 -0.096722
  4   2.033756 0.190472 -0.000128 -0.181540 -0.075263 -0.405955
  5   2.451511 0.204909 -0.003447 -0.389323 -0.078808 -0.367655
  6   7.247600 -0.397300 -0.109469 0.000001 0.000021 0.156829
  7   -2.022252 -0.104661 3.136172 0.662960 -1.429981 -3.924780
  8   1.168026 -0.537438 -0.063437 0.851863 0.668291 0.232166
  9   6.790376 -0.619176 0.015206 0.039954 0.081071 -1.145371
 10   8.637599 0.544015 -0.090417 -2.551067 -0.578458 -0.585241
 11   6.790465 -0.619039 0.017802 0.038898 0.041220 -0.816993
 12   -2.022474 -0.104699 -2.873818 -0.627006 1.466344 -3.887926
 13   1.167898 -0.537463 0.063297 0.084426 -1.202045 -0.661070
 14   7.002743 -0.617765 -0.183752 0.031144 -0.199802 -1.749858
 15   8.209042 0.615527 -0.255885 2.275170 0.377932 0.249924
 16   7.002735 -0.617911 -0.183641 -0.002086 -0.140200 -1.239179
 17   1.574674 0.609930 -0.000899 0.433633 -0.408671 0.601496
 18   -0.602177 0.511412 -0.000006 0.000000 0.000000 0.000000
 19   3.673773 0.177020 1.119313 -0.000002 -0.000014 -0.174510
 20   3.673767 0.176993 -1.117566 0.000007 -0.000003 -0.174546
 21   3.942357 1.334540 1.627658 0.000002 -0.000011 -0.000026
 22   -0.246060 -0.011889 0.516521 -0.000011 0.000031 0.000025
 23   3.942374 1.334565 -1.631083 0.000019 0.000002 -0.000024
 24   -0.246150 -0.011872 -0.516511 -0.000005 -0.000006 0.000048
 25   4.941364 1.997338 1.629330 0.000018 -0.000001 -0.000024
 26   4.941382 1.997366 -1.629410 -0.000001 0.000005 -0.000024
 27   2.914462 1.619264 1.514501 -0.000019 -0.000022 -0.000050
 28   2.916892 1.618870 -1.501142 -0.000002 -0.000009 -0.000024
 29   8.824059 0.150544 0.091743 0.000006 -0.000231 -0.174534
 30   2.111085 -0.561179 1.784320 -0.000008 -0.000682 0.000024
 31   2.121290 -0.561289 -1.853599 0.000000 0.000000 -0.000002
 32   -0.814395 -0.093824 3.127092 3.071965 -0.114691 1.239365
 33   14.298673 -0.408176 0.471578 0.000248 0.000063 -1.896136
 34   15.835795 0.581398 0.242756 -0.214735 0.106913 -0.097869
 35   -0.815868 -0.091229 -3.114430 0.066464 3.132818 -1.010216
 36   14.294526 -0.410349 -0.467541 0.000021 -0.000012 -2.607695
 37   15.834409 0.579420 -0.284600 -0.006092 -0.035255 0.214508
 38   1.139685 -3.453749 -2.823813 0.000000 0.000000 0.000001
 39   -4.457742 -1.054854 -0.746180 0.000000 0.000000 0.000000
 40   1.118101 -3.449769 3.237290 0.000000 0.000001 0.000000
 41   -4.433840 -1.059130 0.959566 -0.000001 0.000000 0.000000
 42   -0.657468 1.697302 -2.688614 0.000000 0.000002 0.000000
 43   -0.664068 1.698578 2.869377 0.000000 0.000002 0.000000
time 18
  0   -0.967547 0.175787 -20.574476 0.000000 0.000000 -1.572114
  1   -1.093036 0.000002 -0.326057 -0.214014 -1.569082 -1.356583
  2   2.262337 0.113614 0.064702 -0.062568 -0.111108 -0.069730
  3   2.380047 0.353302 0.047440 -0.117443 -0.036401 -0.094559
  4   2.033756 0.190472 -0.000128 -0.178608 -0.071440 -0.403708
  5   2.451511 0.204909 -0.003447 -0.380234 -0.104123 -0.357204
  6   7.247600 -0.397300 -0.109469 0.000001 0.000021 0.156829
  7   -2.022252 -0.104661 3.136172 0.803488 -1.461864 -4.022829
  8   1.168026 -0.537438 -0.063437 1.133967 0.549700 0.366784
  9   6.790376 -0.619176 0.015206 0.037957 0.089147 -1.227253
 10   8.637599 0.544015 -0.090417 -2.511349 -0.627872 -0.628358
 11   6.790465 -0.619039 0.017802 0.039657 0.046962 -0.874207
 12   -2.022474 -0.104699 -2.873818 -0.271562 1.461236 -3.534928
 13   1.167898 -0.537463 0.063297 0.082950 -1.176566 -0.670877
 14   7.002743 -0.617765 -0.183752 0.032738 -0.201278 -1.766194
 15   8.209042 0.615527 -0.255885 2.274954 0.381942 0.265920
 16   7.002735 -0.617911 -0.183641 -0.001662 -0.141610 -1.250383
 17   1.574674 0.609930 -0.000899 0.458656 -0.362971 0.602383
 18   -0.602177 0.511412 -0.000006 0.000000 0.000000 0.000000
 19   3.673773 0.177020 1.119313 -0.000002 -0.000014 -0.174510
 20   3.673767 0.176993 -1.117566 0.000007 -0.000003 -0.174546
 21   3.942357 1.334540 1.627658 0.000002 -0.000011 -0.000026
 22   -0.246060 -0.011889 0.516521 -0.000011 0.000031 0.000025
 23   3.942374 1.334565 -1.631083 0.000019 0.000002 -0.000024
 24   -0.246150 -0.011872 -0.516511 -0.000005 -0.000006 0.000048
 25   4.941364 1.997338 1.629330 0.000018 -0.000001 -0.000024
 26   4.941382 1.997366 -1.629410 -0.000001 0.000005 -0.000024
 27   2.914462 1.619264 1.514501 -0.000019 -0.000022 -0.000050
 28   2.916892 1.618870 -1.501142 -0.000002 -0.000009 -0.000024
 29   8.824059 0.150544 0.091743 0.000006 -0.000231 -0.174534
 30   2.111085 -0.561179 1.784320 -0.000008 -0.000682 0.000024
 31   2.121290 -0.561289 -1.853599 0.000000 0.000000 -0.000002
 32   -0.814395 -0.093824 3.127092 3.071965 -0.114691 1.239365
 33   14.298673 -0.408176 0.471578 0.000248 0.000063 -1.896136
 34   15.835795 0.581398 0.242756 -0.214735 0.106913 -0.097869
 35   -0.815868 -0.091229 -3.114430 0.066464 3.132818 -1.010216
 36   14.294526 -0.410349 -0.467541 0.000021 -0.000012 -2.607695
 37   15.834409 0.579420 -0.284600 -0.006092 -0.035255 0.214508
 38   1.139685 -3.453749 -2.823813 0.000000 0.000000 0.000001
 39   -4.457742 -1.054854 -0.746180 0.000000 0.000000 0.000000
 40   1.118101 -3.449769 3.237290 0.000000 0.000001 0.000000
 41   -4.433840 -1.059130 0.959566 -0.000001 0.000000 0.000000
 42   -0.657468 1.697302 -2.688614 0.000000 0.000002 0.000000
 43   -0.664068 1.698578 2.869377 0.000000 0.000002 0.000000
time 19
  0   -0.967547 0.175787 -20.574476 0.000000 0.000000 -1.572114
  1   -1.093036 0.000002 -0.326057 -0.214014 -1.569082 -1.356583
  2   2.262337 0.113614 0.064702 -0.047576 -0.110473 -0.069965
  3   2.380047 0.353302 0.047440 -0.108022 -0.035455 -0.092254
  4   2.033756 0.190472 -0.000128 -0.175749 -0.069271 -0.401243
  5   2.451511 0.204909 -0.003447 -0.374842 -0.116265 -0.350963
  6   7.247600 -0.397300 -0.109469 0.000001 0.000021 0.156829
  7   -2.022252 -0.104661 3.136172 0.994437 -1.497725 -4.171968
  8   1.168026 -0.537438 -0.063437 1.391962 0.460794 0.455222
  9   6.790376 -0.619176 0.015206 0.035238 0.092751 -1.273439
 10   8.637599 0.544015 -0.090417 -2.490038 -0.673274 -0.582347
 11   6.790465 -0.619039 0.017802 0.038898 0.049719 -0.906447
 12   -2.022474 -0.104699 -2.873818 -0.058296 1.455489 -3.320468
 13   1.167898 -0.537463 0.063297 0.100665 -1.149258 -0.696241
 14   7.002743 -0.617765 -0.183752 0.033820 -0.202244 -1.783273
 15   8.209042 0.615527 -0.255885 2.284805 0.386330 0.305009
 16   7.002735 -0.617911 -0.183641 -0.001474 -0.142625 -1.262360
 17   1.574674 0.609930 -0.000899 0.471817 -0.340227 0.613397
 18   -0.602177 0.511412 -0.000006 0.000000 0.000000 0.000000
 19   3.673773 0.177020 1.119313 -0.000002 -0.000014 -0.174510
 20   3.673767 0.176993 -1.117566 0.000007 -0.000003 -0.174546
 21   3.942357 1.334540 1.627658 0.000002 -0.000011 -0.000026
 22   -0.246060 -0.011889 0.516521 -0.000011 0.000031 0.000025
 23   3.942374 1.334565 -1.631083 0.000019 0.000002 -0.000024
 24   -0.246150 -0.011872 -0.516511 -0.000005 -0.000006 0.000048
 25   4.941364 1.997338 1.629330 0.000018 -0.000001 -0.000024
 26   4.941382 1.997366 -1.629410 -0.000001 0.000005 -0.000024
 27   2.914462 1.619264 1.514501 -0.000019 -0.000022 -0.000050
 28   2.916892 1.618870 -1.501142 -0.000002 -0.000009 -0.000024
 29   8.824059 0.150544 0.091743 0.000006 -0.000231 -0.174534
 30   2.111085 -0.561179 1.784320 -0.000008 -0.000682 0.000024
 31   2.121290 -0.561289 -1.853599 0.000000 0.000000 -0.000002
 32   -0.814395 -0.093824 3.127092 3.071965 -0.114691 1.239365
 33   14.298673 -0.408176 0.471578 0.000248 0.000063 -1.896136
 34   15.835795 0.581398 0.242756 -0.214735 0.106913 -0.097869
 35   -0.815868 -0.091229 -3.114430 0.066464 3.132818 -1.010216
 36   14.294526 -0.410349 -0.467541 0.000021 -0.000012 -2.607695
 37   15.834409 0.579420 -0.284600 -0.006092 -0.035255 0.214508
 38   1.139685 -3.453749 -2.823813 0.000000 0.000000 0.000001
 39   -4.457742 -1.054854 -0.746180 0.000000 0.000000 0.000000
 40   1.118101 -3.449769 3.237290 0.000000 0.000001 0.000000
 41   -4.433840 -1.059130 0.959566 -0.000001 0.000000 0.000000
 42   -0.657468 1.697302 -2.688614 0.000000 0.000002 0.000000
 43   -0.664068 1.698578 2.869377 0.000000 0.000002 0.000000
time 20
  0   -0.967547 0.175787 -20.574476 0.000000 0.000000 -1.572114
  1   -1.093036 0.000002 -0.326057 -0.214014 -1.569082 -1.356583
  2   2.262337 0.113614 0.064702 -0.036609 -0.109958 -0.069531
  3   2.380047 0.353302 0.047440 -0.101377 -0.034903 -0.091192
  4   2.033756 0.190472 -0.000128 -0.173407 -0.072195 -0.400228
  5   2.451511 0.204909 -0.003447 -0.377872 -0.099280 -0.353811
  6   7.247600 -0.397300 -0.109469 0.000001 0.000021 0.156829
  7   -2.022252 -0.104661 3.136172 0.605924 -1.508160 -3.742864
  8   1.168026 -0.537438 -0.063437 1.542822 0.406203 0.501655
  9   6.790376 -0.619176 0.015206 0.034462 0.093685 -1.285740
 10   8.637599 0.544015 -0.090417 -2.253495 -0.746269 -0.578947
 11   6.790465 -0.619039 0.017802 0.038693 0.050429 -0.915041
 12   -2.022474 -0.104699 -2.873818 -0.058966 1.460539 -3.304671
 13   1.167898 -0.537463 0.063297 0.120910 -1.120016 -0.711193
 14   7.002743 -0.617765 -0.183752 0.034446 -0.202528 -1.793421
 15   8.209042 0.615527 -0.255885 2.287753 0.392307 0.328764
 16   7.002735 -0.617911 -0.183641 -0.001380 -0.142963 -1.269204
 17   1.574674 0.609930 -0.000899 0.453497 -0.365503 0.652576
 18   -0.602177 0.511412 -0.000006 0.000000 0.000000 0.000000
 19   3.673773 0.177020 1.119313 -0.000002 -0.000014 -0.174510
 20   3.673767 0.176993 -1.117566 0.000007 -0.000003 -0.174546
 21   3.942357 1.334540 1.627658 0.000002 -0.000011 -0.000026
 22   -0.246060 -0.011889 0.516521 -0.000011 0.000031 0.000025
 23   3.942374 1.334565 -1.631083 0.000019 0.000002 -0.000024
 24   -0.246150 -0.011872 -0.516511 -0.000005 -0.000006 0.000048
 25   4.941364 1.997338 1.629330 0.000018 -0.000001 -0.000024
 26   4.941382 1.997366 -1.629410 -0.000001 0.000005 -0.000024
 27   2.914462 1.619264 1.514501 -0.000019 -0.000022 -0.000050
 28   2.916892 1.618870 -1.501142 -0.000002 -0.000009 -0.000024
 29   8.824059 0.150544 0.091743 0.000006 -0.000231 -0.174534
 30   2.111085 -0.561179 1.784320 -0.000008 -0.000682 0.000024
 31   2.121290 -0.561289 -1.853599 0.000000 0.000000 -0.000002
 32   -0.814395 -0.093824 3.127092 3.071965 -0.114691 1.239365
 33   14.298673 -0.408176 0.471578 0.000248 0.000063 -1.896136
 34   15.835795 0.581398 0.242756 -0.214735 0.106913 -0.097869
 35   -0.815868 -0.091229 -3.114430 0.066464 3.132818 -1.010216
 36   14.294526 -0.410349 -0.467541 0.000021 -0.000012 -2.607695
 37   15.834409 0.579420 -0.284600 -0.006092 -0.035255 0.214508
 38   1.139685 -3.453749 -2.823813 0.000000 0.000000 0.000001
 39   -4.457742 -1.054854 -0.746180 0.000000 0.000000 0.000000
 40   1.118101 -3.449769 3.237290 0.000000 0.000001 0.000000
 41   -4.433840 -1.059130 0.959566 -0.000001 0.000000 0.000000
 42   -0.657468 1.697302 -2.688614 0.000000 0.000002 0.000000
 43   -0.664068 1.698578 2.869377 0.000000 0.000002 0.000000
time 21
  0   -0.967547 0.175787 -20.574476 0.000000 0.000000 -1.572114
  1   -1.093036 0.000002 -0.326057 -0.214014 -1.569082 -1.356583
  2   2.262337 0.113614 0.064702 -0.029616 -0.111732 -0.068085
  3   2.380047 0.353302 0.047440 -0.097567 -0.034472 -0.087111
  4   2.033756 0.190472 -0.000128 -0.173278 -0.077205 -0.394501
  5   2.451511 0.204909 -0.003447 -0.383931 -0.069539 -0.359631
  6   7.247600 -0.397300 -0.109469 0.000001 0.000021 0.156829
  7   -2.022252 -0.104661 3.136172 0.354010 -1.494064 -3.477268
  8   1.168026 -0.537438 -0.063437 1.638439 0.429046 0.457689
  9   6.790376 -0.619176 0.015206 0.037901 0.089280 -1.228083
 10   8.637599 0.544015 -0.090417 -1.937695 -0.818982 -0.577717
 11   6.790465 -0.619039 0.017802 0.039715 0.046990 -0.874841
 12   -2.022474 -0.104699 -2.873818 -0.069313 1.477286 -3.305150
 13   1.167898 -0.537463 0.063297 0.137219 -1.109693 -0.716157
 14   7.002743 -0.617765 -0.183752 0.034503 -0.202528 -1.793751
 15   8.209042 0.615527 -0.255885 2.284949 0.398209 0.319984
 16   7.002735 -0.617911 -0.183641 -0.001380 -0.142963 -1.269535
 17   1.574674 0.609930 -0.000899 0.419213 -0.398305 0.687800
 18   -0.602177 0.511412 -0.000006 0.000000 0.000000 0.000000
 19   3.673773 0.177020 1.119313 -0.000002 -0.000014 -0.174510
 20   3.673767 0.176993 -1.117566 0.000007 -0.000003 -0.174546
 21   3.942357 1.334540 1.627658 0.000002 -0.000011 -0.000026
 22   -0.246060 -0.011889 0.516521 -0.000011 0.000031 0.000025
 23   3.942374 1.334565 -1.631083 0.000019 0.000002 -0.000024
 24   -0.246150 -0.011872 -0.516511 -0.000005 -0.000006 0.000048
 25   4.941364 1.997338 1.629330 0.000018 -0.000001 -0.000024
 26   4.941382 1.997366 -1.629410 -0.000001 0.000005 -0.000024
 27   2.914462 1.619264 1.514501 -0.000019 -0.000022 -0.000050
 28   2.916892 1.618870 -1.501142 -0.000002 -0.000009 -0.000024
 29   8.824059 0.150544 0.091743 0.000006 -0.000231 -0.174534
 30   2.111085 -0.561179 1.784320 -0.000008 -0.000682 0.000024
 31   2.121290 -0.561289 -1.853599 0.000000 0.000000 -0.000002
 32   -0.814395 -0.093824 3.127092 3.071965 -0.114691 1.239365
 33   14.298673 -0.408176 0.471578 0.000248 0.000063 -1.896136
 34   15.835795 0.581398 0.242756 -0.214735 0.106913 -0.097869
 35   -0.815868 -0.091229 -3.114430 0.066464 3.132818 -1.010216
 36   14.294526 -0.410349 -0.467541 0.000021 -0.000012 -2.607695
 37   15.834409 0.579420 -0.284600 -0.006092 -0.035255 0.214508
 38   1.139685 -3.453749 -2.823813 0.000000 0.000000 0.000001
 39   -4.457742 -1.054854 -0.746180 0.000000 0.000000 0.000000
 40   1.118101 -3.449769 3.237290 0.000000 0.000001 0.000000
 41   -4.433840 -1.059130 0.959566 -0.000001 0.000000 0.000000
 42   -0.657468 1.697302 -2.688614 0.000000 0.000002 0.000000
 43   -0.664068 1.698578 2.869377 0.000000 0.000002 0.000000
time 22
  0   -0.967547 0.175787 -20.574476 0.000000 0.000000 -1.572114
  1   -1.093036 0.000002 -0.326057 -0.214014 -1.569082 -1.356583
  2   2.262337 0.113614 0.064702 -0.032431 -0.111324 -0.063658
  3   2.380047 0.353302 0.047440 -0.100012 -0.034148 -0.078459
  4   2.033756 0.190472 -0.000128 -0.174403 -0.077313 -0.386273
  5   2.451511 0.204909 -0.003447 -0.387731 -0.051796 -0.359730
  6   7.247600 -0.397300 -0.109469 0.000001 0.000021 0.156829
  7   -2.022252 -0.104661 3.136172 0.342699 -1.489336 -3.483561
  8   1.168026 -0.537438 -0.063437 1.690329 0.512668 0.323451
  9   6.790376 -0.619176 0.015206 0.039843 0.081405 -1.149371
 10   8.637599 0.544015 -0.090417 -2.375025 -0.562057 -0.226848
 11   6.790465 -0.619039 0.017802 0.038985 0.041504 -0.819819
 12   -2.022474 -0.104699 -2.873818 -0.151037 1.491972 -3.390168
 13   1.167898 -0.537463 0.063297 0.157956 -1.118592 -0.718760
 14   7.002743 -0.617765 -0.183752 0.034503 -0.202528 -1.794246
 15   8.209042 0.615527 -0.255885 2.276608 0.404413 0.307716
 16   7.002735 -0.617911 -0.183641 -0.001333 -0.143019 -1.269866
 17   1.574674 0.609930 -0.000899 0.393702 -0.423014 0.704174
 18   -0.602177 0.511412 -0.000006 0.000000 0.000000 0.000000
 19   3.673773 0.177020 1.119313 -0.000002 -0.000014 -0.174510
 20   3.673767 0.176993 -1.117566 0.000007 -0.000003 -0.174546
 21   3.942357 1.334540 1.627658 0.000002 -0.000011 -0.000026
 22   -0.246060 -0.011889 0.516521 -0.000011 0.000031 0.000025
 23   3.942374 1.334565 -1.631083 0.000019 0.000002 -0.000024
 24   -0.246150 -0.011872 -0.516511 -0.000005 -0.000006 0.000048
 25   4.941364 1.997338 1.629330 0.000018 -0.000001 -0.000024
 26   4.941382 1.997366 -1.629410 -0.000001 0.000005 -0.000024
 27   2.914462 1.619264 1.514501 -0.000019 -0.000022 -0.000050
 28   2.916892 1.618870 -1.501142 -0.000002 -0.000009 -0.000024
 29   8.824059 0.150544 0.091743 0.000006 -0.000231 -0.174534
 30   2.111085 -0.561179 1.784320 -0.000008 -0.000682 0.000024
 31   2.121290 -0.561289 -1.853599 0.000000 0.000000 -0.000002
 32   -0.814395 -0.093824 3.127092 3.071965 -0.114691 1.239365
 33   14.298673 -0.408176 0.471578 0.000248 0.000063 -1.896136
 34   15.835795 0.581398 0.242756 -0.214735 0.106913 -0.097869
 35   -0.815868 -0.091229 -3.114430 0.066464 3.132818 -1.010216
 36   14.294526 -0.410349 -0.467541 0.000021 -0.000012 -2.607695
 37   15.834409 0.579420 -0.284600 -0.006092 -0.035255 0.214508
 38   1.139685 -3.453749 -2.823813 0.000000 0.000000 0.000001
 39   -4.457742 -1.054854 -0.746180 0.000000 0.000000 0.000000
 40   1.118101 -3.449769 3.237290 0.000000 0.000001 0.000000
 41   -4.433840 -1.059130 0.959566 -0.000001 0.000000 0.000000
 42   -0.657468 1.697302 -2.688614 0.000000 0.000002 0.000000
 43   -0.664068 1.698578 2.869377 0.000000 0.000002 0.000000
time 23
  0   -0.967547 0.175787 -20.574476 0.000000 0.000000 -1.572114
  1   -1.093036 0.000002 -0.326057 -0.214014 -1.569082 -1.356583
  2   2.262337 0.113614 0.064702 -0.036800 -0.110006 -0.058725
  3   2.380047 0.353302 0.047440 -0.102727 -0.033813 -0.069359
  4   2.033756 0.190472 -0.000128 -0.175528 -0.077073 -0.378625
  5   2.451511 0.204909 -0.003447 -0.388895 -0.047110 -0.355941
  6   7.247600 -0.397300 -0.109469 0.000001 0.000021 0.156829
  7   -2.022252 -0.104661 3.136172 0.437119 -1.480371 -3.597763
  8   1.168026 -0.537438 -0.063437 1.681280 0.552215 0.189908
  9   6.790376 -0.619176 0.015206 0.038678 0.086411 -1.199481
 10   8.637599 0.544015 -0.090417 -2.571674 -0.251636 -0.148354
 11   6.790465 -0.619039 0.017802 0.039453 0.044972 -0.854713
 12   -2.022474 -0.104699 -2.873818 -0.199515 1.493249 -3.440527
 13   1.167898 -0.537463 0.063297 0.173211 -1.127492 -0.721060
 14   7.002743 -0.617765 -0.183752 0.035072 -0.202528 -1.800929
 15   8.209042 0.615527 -0.255885 2.275242 0.428624 0.313248
 16   7.002735 -0.617911 -0.183641 -0.001097 -0.143132 -1.274502
 17   1.574674 0.609930 -0.000899 0.380663 -0.438421 0.718921
 18   -0.602177 0.511412 -0.000006 0.000000 0.000000 0.000000
 19   3.673773 0.177020 1.119313 -0.000002 -0.000014 -0.174510
 20   3.673767 0.176993 -1.117566 0.000007 -0.000003 -0.174546
 21   3.942357 1.334540 1.627658 0.000002 -0.000011 -0.000026
 22   -0.246060 -0.011889 0.516521 -0.000011 0.000031 0.000025
 23   3.942374 1.334565 -1.631083 0.000019 0.000002 -0.000024
 24   -0.246150 -0.011872 -0.516511 -0.000005 -0.000006 0.000048
 25   4.941364 1.997338 1.629330 0.000018 -0.000001 -0.000024
 26   4.941382 1.997366 -1.629410 -0.000001 0.000005 -0.000024
 27   2.914462 1.619264 1.514501 -0.000019 -0.000022 -0.000050
 28   2.916892 1.618870 -1.501142 -0.000002 -0.000009 -0.000024
 29   8.824059 0.150544 0.091743 0.000006 -0.000231 -0.174534
 30   2.111085 -0.561179 1.784320 -0.000008 -0.000682 0.000024
 31   2.121290 -0.561289 -1.853599 0.000000 0.000000 -0.000002
 32   -0.814395 -0.093824 3.127092 3.071965 -0.114691 1.239365
 33   14.298673 -0.408176 0.471578 0.000248 0.000063 -1.896136
 34   15.835795 0.581398 0.242756 -0.214735 0.106913 -0.097869
 35   -0.815868 -0.091229 -3.114430 0.066464 3.132818 -1.010216
 36   14.294526 -0.410349 -0.467541 0.000021 -0.000012 -2.607695
 37   15.834409 0.579420 -0.284600 -0.006092 -0.035255 0.214508
 38   1.139685 -3.453749 -2.823813 0.000000 0.000000 0.000001
 39   -4.457742 -1.054854 -0.746180 0.000000 0.000000 0.000000
 40   1.118101 -3.449769 3.237290 0.000000 0.000001 0.000000
 41   -4.433840 -1.059130 0.959566 -0.000001 0.000000 0.000000
 42   -0.657468 1.697302 -2.688614 0.000000 0.000002 0.000000
 43   -0.664068 1.698578 2.869377 0.000000 0.000002 0.000000
time 24
  0   -0.967547 0.175787 -20.574476 0.000000 0.000000 -1.572114
  1   -1.093036 0.000002 -0.326057 -0.214014 -1.569082 -1.356583
  2   2.262337 0.113614 0.064702 -0.038150 -0.107549 -0.055074
  3   2.380047 0.353302 0.047440 -0.102727 -0.033261 -0.061053
  4   2.033756 0.190472 -0.000128 -0.176284 -0.076390 -0.369672
  5   2.451511 0.204909 -0.003447 -0.388467 -0.050909 -0.348982
  6   7.247600 -0.397300 -0.109469 0.000001 0.000021 0.156829
  7   -2.022252 -0.104661 3.136172 0.671395 -1.473827 -3.835935
  8   1.168026 -0.537438 -0.063437 1.638629 0.530782 0.109884
  9   6.790376 -0.619176 0.015206 0.034184 0.100092 -1.339926
 10   8.637599 0.544015 -0.090417 -2.676647 -0.194056 -0.050255
 11   6.790465 -0.619039 0.017802 0.040212 0.054892 -0.952818
 12   -2.022474 -0.104699 -2.873818 -0.109457 1.488489 -3.351967
 13   1.167898 -0.537463 0.063297 0.194440 -1.128204 -0.737828
 14   7.002743 -0.617765 -0.183752 0.035471 -0.202585 -1.805549
 15   8.209042 0.615527 -0.255885 2.269274 0.440200 0.315173
 16   7.002735 -0.617911 -0.183641 -0.000956 -0.143245 -1.277648
 17   1.574674 0.609930 -0.000899 0.375667 -0.449710 0.729788
 18   -0.602177 0.511412 -0.000006 0.000000 0.000000 0.000000
 19   3.673773 0.177020 1.119313 -0.000002 -0.000014 -0.174510
 20   3.673767 0.176993 -1.117566 0.000007 -0.000003 -0.174546
 21   3.942357 1.334540 1.627658 0.000002 -0.000011 -0.000026
 22   -0.246060 -0.011889 0.516521 -0.000011 0.000031 0.000025
 23   3.942374 1.334565 -1.631083 0.000019 0.000002 -0.000024
 24   -0.246150 -0.011872 -0.516511 -0.000005 -0.000006 0.000048
 25   4.941364 1.997338 1.629330 0.000018 -0.000001 -0.000024
 26   4.941382 1.997366 -1.629410 -0.000001 0.000005 -0.000024
 27   2.914462 1.619264 1.514501 -0.000019 -0.000022 -0.000050
 28   2.916892 1.618870 -1.501142 -0.000002 -0.000009 -0.000024
 29   8.824059 0.150544 0.091743 0.000006 -0.000231 -0.174534
 30   2.111085 -0.561179 1.784320 -0.000008 -0.000682 0.000024
 31   2.121290 -0.561289 -1.853599 0.000000 0.000000 -0.000002
 32   -0.814395 -0.093824 3.127092 3.071965 -0.114691 1.239365
 33   14.298673 -0.408176 0.471578 0.000248 0.000063 -1.896136
 34   15.835795 0.581398 0.242756 -0.214735 0.106913 -0.097869
 35   -0.815868 -0.091229 -3.114430 0.066464 3.132818 -1.010216
 36   14.294526 -0.410349 -0.467541 0.000021 -0.000012 -2.607695
 37   15.834409 0.579420 -0.284600 -0.006092 -0.035255 0.214508
 38   1.139685 -3.453749 -2.823813 0.000000 0.000000 0.000001
 39   -4.457742 -1.054854 -0.746180 0.000000 0.000000 0.000000
 40   1.118101 -3.449769 3.237290 0.000000 0.000001 0.000000
 41   -4.433840 -1.059130 0.959566 -0.000001 0.000000 0.000000
 42   -0.657468 1.697302 -2.688614 0.000000 0.000002 0.000000
 43   -0.664068 1.698578 2.869377 0.000000 0.000002 0.000000
time 25
  0   -0.967547 0.175787 -20.574476 0.000000 0.000000 -1.572114
  1   -1.093036 0.000002 -0.326057 -0.214014 -1.569082 -1.356583
  2   2.262337 0.113614 0.064702 -0.038965 -0.104924 -0.052526
  3   2.380047 0.353302 0.047440 -0.102667 -0.030002 -0.052850
  4   2.033756 0.190472 -0.000128 -0.176948 -0.073549 -0.360248
  5   2.451511 0.204909 -0.003447 -0.387731 -0.056510 -0.340735
  6   7.247600 -0.397300 -0.109469 0.000001 0.000021 0.156829
  7   -2.022252 -0.104661 3.136172 1.055403 -1.480198 -4.205214
  8   1.168026 -0.537438 -0.063437 1.619265 0.458882 0.079772
  9   6.790376 -0.619176 0.015206 0.027693 0.113173 -1.481956
 10   8.637599 0.544015 -0.090417 -2.668897 -0.129579 -0.088670
 11   6.790465 -0.619039 0.017802 0.039949 0.065012 -1.051788
 12   -2.022474 -0.104699 -2.873818 0.000722 1.483352 -3.244450
 13   1.167898 -0.537463 0.063297 0.228885 -1.120118 -0.768338
 14   7.002743 -0.617765 -0.183752 0.035869 -0.202585 -1.810747
 15   8.209042 0.615527 -0.255885 2.246840 0.429229 0.317338
 16   7.002735 -0.617911 -0.183641 -0.000815 -0.143358 -1.281291
 17   1.574674 0.609930 -0.000899 0.371523 -0.464904 0.732227
 18   -0.602177 0.511412 -0.000006 0.000000 0.000000 0.000000
 19   3.673773 0.177020 1.119313 -0.000002 -0.000014 -0.174510
 20   3.673767 0.176993 -1.117566 0.000007 -0.000003 -0.174546
 21   3.942357 1.334540 1.627658 0.000002 -0.000011 -0.000026
 22   -0.246060 -0.011889 0.516521 -0.000011 0.000031 0.000025
 23   3.942374 1.334565 -1.631083 0.000019 0.000002 -0.000024
 24   -0.246150 -0.011872 -0.516511 -0.000005 -0.000006 0.000048
 25   4.941364 1.997338 1.629330 0.000018 -0.000001 -0.000024
 26   4.941382 1.997366 -1.629410 -0.000001 0.000005 -0.000024
 27   2.914462 1.619264 1.514501 -0.000019 -0.000022 -0.000050
 28   2.916892 1.618870 -1.501142 -0.000002 -0.000009 -0.000024
 29   8.824059 0.150544 0.091743 0.000006 -0.000231 -0.174534
 30   2.111085 -0.561179 1.784320 -0.000008 -0.000682 0.000024
 31   2.121290 -0.561289 -1.853599 0.000000 0.000000 -0.000002
 32   -0.814395 -0.093824 3.127092 3.071965 -0.114691 1.239365
 33   14.298673 -0.408176 0.471578 0.000248 0.000063 -1.896136
 34   15.835795 0.581398 0.242756 -0.214735 0.106913 -0.097869
 35   -0.815868 -0.091229 -3.114430 0.066464 3.132818 -1.010216
 36   14.294526 -0.410349 -0.467541 0.000021 -0.000012 -2.607695
 37   15.834409 0.579420 -0.284600 -0.006092 -0.035255 0.214508
 38   1.139685 -3.453749 -2.823813 0.000000 0.000000 0.000001
 39   -4.457742 -1.054854 -0.746180 0.000000 0.000000 0.000000
 40   1.118101 -3.449769 3.237290 0.000000 0.000001 0.000000
 41   -4.433840 -1.059130 0.959566 -0.000001 0.000000 0.000000
 42   -0.657468 1.697302 -2.688614 0.000000 0.000002 0.000000
 43   -0.664068 1.698578 2.869377 0.000000 0.000002 0.000000
time 26
  0   -0.967547 0.175787 -20.574476 0.000000 0.000000 -1.572114
  1   -1.093036 0.000002 -0.326057 -0.214014 -1.569082 -1.356583
  2   2.262337 0.113614 0.064702 -0.039411 -0.101509 -0.049238
  3   2.380047 0.353302 0.047440 -0.102532 -0.025663 -0.045117
  4   2.033756 0.190472 -0.000128 -0.177612 -0.070206 -0.351295
  5   2.451511 0.204909 -0.003447 -0.387885 -0.056823 -0.334123
  6   7.247600 -0.397300 -0.109469 0.000001 0.000021 0.156829
  7   -2.022252 -0.104661 3.136172 1.478136 -1.490143 -4.603607
  8   1.168026 -0.537438 -0.063437 1.589713 0.379738 0.029733
  9   6.790376 -0.619176 0.015206 0.015321 0.130125 -1.683152
 10   8.637599 0.544015 -0.090417 -2.653750 -0.083895 -0.122889
 11   6.790465 -0.619039 0.017802 0.037964 0.079167 -1.191707
 12   -2.022474 -0.104699 -2.873818 0.047667 1.476038 -3.197345
 13   1.167898 -0.537463 0.063297 0.248428 -1.089605 -0.793157
 14   7.002743 -0.617765 -0.183752 0.035869 -0.202528 -1.810582
 15   8.209042 0.615527 -0.255885 2.226923 0.427565 0.320405
 16   7.002735 -0.617911 -0.183641 -0.000815 -0.143358 -1.281070
 17   1.574674 0.609930 -0.000899 0.368436 -0.493849 0.731931
 18   -0.602177 0.511412 -0.000006 0.000000 0.000000 0.000000
 19   3.673773 0.177020 1.119313 -0.000002 -0.000014 -0.174510
 20   3.673767 0.176993 -1.117566 0.000007 -0.000003 -0.174546
 21   3.942357 1.334540 1.627658 0.000002 -0.000011 -0.000026
 22   -0.246060 -0.011889 0.516521 -0.000011 0.000031 0.000025
 23   3.942374 1.334565 -1.631083 0.000019 0.000002 -0.000024
 24   -0.246150 -0.011872 -0.516511 -0.000005 -0.000006 0.000048
 25   4.941364 1.997338 1.629330 0.000018 -0.000001 -0.000024
 26   4.941382 1.997366 -1.629410 -0.000001 0.000005 -0.000024
 27   2.914462 1.619264 1.514501 -0.000019 -0.000022 -0.000050
 28   2.916892 1.618870 -1.501142 -0.000002 -0.000009 -0.000024
 29   8.824059 0.150544 0.091743 0.000006 -0.000231 -0.174534
 30   2.111085 -0.561179 1.784320 -0.000008 -0.000682 0.000024
 31   2.121290 -0.561289 -1.853599 0.000000 0.000000 -0.000002
 32   -0.814395 -0.093824 3.127092 3.071965 -0.114691 1.239365
 33   14.298673 -0.408176 0.471578 0.000248 0.000063 -1.896136
 34   15.835795 0.581398 0.242756 -0.214735 0.106913 -0.097869
 35   -0.815868 -0.091229 -3.114430 0.066464 3.132818 -1.010216
 36   14.294526 -0.410349 -0.467541 0.000021 -0.000012 -2.607695
 37   15.834409 0.579420 -0.284600 -0.006092 -0.035255 0.214508
 38   1.139685 -3.453749 -2.823813 0.000000 0.000000 0.000001
 39   -4.457742 -1.054854 -0.746180 0.000000 0.000000 0.000000
 40   1.118101 -3.449769 3.237290 0.000000 0.000001 0.000000
 41   -4.433840 -1.059130 0.959566 -0.000001 0.000000 0.000000
 42   -0.657468 1.697302 -2.688614 0.000000 0.000002 0.000000
 43   -0.664068 1.698578 2.869377 0.000000 0.000002 0.000000
time 27
  0   -0.967547 0.175787 -20.574476 0.000000 0.000000 -1.572114
  1   -1.093036 0.000002 -0.326057 -0.214014 -1.569082 -1.356583
  2   2.262337 0.113614 0.064702 -0.039615 -0.099316 -0.046418
  3   2.380047 0.353302 0.047440 -0.102337 -0.021996 -0.037199
  4   2.033756 0.190472 -0.000128 -0.178165 -0.067198 -0.342160
  5   2.451511 0.204909 -0.003447 -0.390367 -0.041300 -0.332290
  6   7.247600 -0.397300 -0.109469 0.000001 0.000021 0.156829
  7   -2.022252 -0.104661 3.136172 1.828209 -1.492853 -4.924332
  8   1.168026 -0.537438 -0.063437 1.554529 0.321474 0.018472
  9   6.790376 -0.619176 0.015206 0.003948 0.141138 -1.833634
 10   8.637599 0.544015 -0.090417 -2.568591 -0.115360 -0.126940
 11   6.790465 -0.619039 0.017802 0.035161 0.089571 -1.296156
 12   -2.022474 -0.104699 -2.873818 0.025152 1.482510 -3.219653
 13   1.167898 -0.537463 0.063297 0.269587 -1.060262 -0.821245
 14   7.002743 -0.617765 -0.183752 0.035812 -0.202528 -1.809757
 15   8.209042 0.615527 -0.255885 2.215922 0.431801 0.317939
 16   7.002735 -0.617911 -0.183641 -0.000815 -0.143301 -1.280518
 17   1.574674 0.609930 -0.000899 0.356818 -0.540070 0.733595
 18   -0.602177 0.511412 -0.000006 0.000000 0.000000 0.000000
 19   3.673773 0.177020 1.119313 -0.000002 -0.000014 -0.174510
 20   3.673767 0.176993 -1.117566 0.000007 -0.000003 -0.174546
 21   3.942357 1.334540 1.627658 0.000002 -0.000011 -0.000026
 22   -0.246060 -0.011889 0.516521 -0.000011 0.000031 0.000025
 23   3.942374 1.334565 -1.631083 0.000019 0.000002 -0.000024
 24   -0.246150 -0.011872 -0.516511 -0.000005 -0.000006 0.000048
 25   4.941364 1.997338 1.629330 0.000018 -0.000001 -0.000024
 26   4.941382 1.997366 -1.629410 -0.000001 0.000005 -0.000024
 27   2.914462 1.619264 1.514501 -0.000019 -0.000022 -0.000050
 28   2.916892 1.618870 -1.501142 -0.000002 -0.000009 -0.000024
 29   8.824059 0.150544 0.091743 0.000006 -0.000231 -0.174534
 30   2.111085 -0.561179 1.784320 -0.000008 -0.000682 0.000024
 31   2.121290 -0.561289 -1.853599 0.000000 0.000000 -0.000002
 32   -0.814395 -0.093824 3.127092 3.071965 -0.114691 1.239365
 33   14.298673 -0.408176 0.471578 0.000248 0.000063 -1.896136
 34   15.835795 0.581398 0.242756 -0.214735 0.106913 -0.097869
 35   -0.815868 -0.091229 -3.114430 0.066464 3.132818 -1.010216
 36   14.294526 -0.410349 -0.467541 0.000021 -0.000012 -2.607695
 37   15.834409 0.579420 -0.284600 -0.006092 -0.035255 0.214508
 38   1.139685 -3.453749 -2.823813 0.000000 0.000000 0.000001
 39   -4.457742 -1.054854 -0.746180 0.000000 0.000000 0.000000
 40   1.118101 -3.449769 3.237290 0.000000 0.000001 0.000000
 41   -4.433840 -1.059130 0.959566 -0.000001 0.000000 0.000000
 42   -0.657468 1.697302 -2.688614 0.000000 0.000002 0.000000
 43   -0.664068 1.698578 2.869377 0.000000 0.000002 0.000000
time 28
  0   -0.967547 0.175787 -20.574476 0.000000 0.000000 -1.572114
  1   -1.093036 0.000002 -0.326057 -0.214014 -1.569082 -1.356583
  2   2.262337 0.113614 0.064702 -0.039564 -0.096307 -0.043238
  3   2.380047 0.353302 0.047440 -0.102127 -0.017801 -0.032486
  4   2.033756 0.190472 -0.000128 -0.178534 -0.064441 -0.337775
  5   2.451511 0.204909 -0.003447 -0.391531 -0.033989 -0.331745
  6   7.247600 -0.397300 -0.109469 0.000001 0.000021 0.156829
  7   -2.022252 -0.104661 3.136172 2.123164 -1.489106 -5.198943
  8   1.168026 -0.537438 -0.063437 1.544151 0.293650 0.057947
  9   6.790376 -0.619176 0.015206 -0.002377 0.146076 -1.910309
 10   8.637599 0.544015 -0.090417 -2.494353 -0.162451 -0.135766
 11   6.790465 -0.619039 0.017802 0.033321 0.094773 -1.349563
 12   -2.022474 -0.104699 -2.873818 0.043164 1.487183 -3.197345
 13   1.167898 -0.537463 0.063297 0.296018 -1.048616 -0.855629
 14   7.002743 -0.617765 -0.183752 0.035641 -0.202528 -1.808437
 15   8.209042 0.615527 -0.255885 2.201973 0.437552 0.319322
 16   7.002735 -0.617911 -0.183641 -0.000862 -0.143245 -1.279690
 17   1.574674 0.609930 -0.000899 0.343494 -0.570671 0.746790
 18   -0.602177 0.511412 -0.000006 0.000000 0.000000 0.000000
 19   3.673773 0.177020 1.119313 -0.000002 -0.000014 -0.174510
 20   3.673767 0.176993 -1.117566 0.000007 -0.000003 -0.174546
 21   3.942357 1.334540 1.627658 0.000002 -0.000011 -0.000026
 22   -0.246060 -0.011889 0.516521 -0.000011 0.000031 0.000025
 23   3.942374 1.334565 -1.631083 0.000019 0.000002 -0.000024
 24   -0.246150 -0.011872 -0.516511 -0.000005 -0.000006 0.000048
 25   4.941364 1.997338 1.629330 0.000018 -0.000001 -0.000024
 26   4.941382 1.997366 -1.629410 -0.000001 0.000005 -0.000024
 27   2.914462 1.619264 1.514501 -0.000019 -0.000022 -0.000050
 28   2.916892 1.618870 -1.501142 -0.000002 -0.000009 -0.000024
 29   8.824059 0.150544 0.091743 0.000006 -0.000231 -0.174534
 30   2.111085 -0.561179 1.784320 -0.000008 -0.000682 0.000024
 31   2.121290 -0.561289 -1.853599 0.000000 0.000000 -0.000002
 32   -0.814395 -0.093824 3.127092 3.071965 -0.114691 1.239365
 33   14.298673 -0.408176 0.471578 0.000248 0.000063 -1.896136
 34   15.835795 0.581398 0.242756 -0.214735 0.106913 -0.097869
 35   -0.815868 -0.091229 -3.114430 0.066464 3.132818 -1.010216
 36   14.294526 -0.410349 -0.467541 0.000021 -0.000012 -2.607695
 37   15.834409 0.579420 -0.284600 -0.006092 -0.035255 0.214508
 38   1.139685 -3.453749 -2.823813 0.000000 0.000000 0.000001
 39   -4.457742 -1.054854 -0.746180 0.000000 0.000000 0.000000
 40   1.118101 -3.449769 3.237290 0.000000 0.000001 0.000000
 41   -4.433840 -1.059130 0.959566 -0.000001 0.000000 0.000000
 42   -0.657468 1.697302 -2.688614 0.000000 0.000002 0.000000
 43   -0.664068 1.698578 2.869377 0.000000 0.000002 0.000000
time 29
  0   -0.967547 0.175787 -20.574476 0.000000 0.000000 -1.572114
  1   -1.093036 0.000002 -0.326057 -0.214014 -1.569082 -1.356583
  2   2.262337 0.113614 0.064702 -0.038965 -0.095301 -0.042081
  3   2.380047 0.353302 0.047440 -0.101887 -0.015225 -0.030057
  4   2.033756 0.190472 -0.000128 -0.178829 -0.061613 -0.335672
  5   2.451511 0.204909 -0.003447 -0.392113 -0.029850 -0.332389
  6   7.247600 -0.397300 -0.109469 0.000001 0.000021 0.156829
  7   -2.022252 -0.104661 3.136172 2.143965 -1.489134 -5.227870
  8   1.168026 -0.537438 -0.063437 1.572374 0.309650 0.135504
  9   6.790376 -0.619176 0.015206 -0.003265 0.146811 -1.921479
 10   8.637599 0.544015 -0.090417 -2.368772 -0.236502 -0.076661
 11   6.790465 -0.619039 0.017802 0.033059 0.095569 -1.357176
 12   -2.022474 -0.104699 -2.873818 0.037607 1.490230 -3.203185
 13   1.167898 -0.537463 0.063297 0.302626 -1.053905 -0.867312
 14   7.002743 -0.617765 -0.183752 0.035584 -0.202528 -1.807282
 15   8.209042 0.615527 -0.255885 2.192194 0.445269 0.314752
 16   7.002735 -0.617911 -0.183641 -0.000909 -0.143245 -1.278807
 17   1.574674 0.609930 -0.000899 0.329643 -0.580185 0.760317
 18   -0.602177 0.511412 -0.000006 0.000000 0.000000 0.000000
 19   3.673773 0.177020 1.119313 -0.000002 -0.000014 -0.174510
 20   3.673767 0.176993 -1.117566 0.000007 -0.000003 -0.174546
 21   3.942357 1.334540 1.627658 0.000002 -0.000011 -0.000026
 22   -0.246060 -0.011889 0.516521 -0.000011 0.000031 0.000025
 23   3.942374 1.334565 -1.631083 0.000019 0.000002 -0.000024
 24   -0.246150 -0.011872 -0.516511 -0.000005 -0.000006 0.000048
 25   4.941364 1.997338 1.629330 0.000018 -0.000001 -0.000024
 26   4.941382 1.997366 -1.629410 -0.000001 0.000005 -0.000024
 27   2.914462 1.619264 1.514501 -0.000019 -0.000022 -0.000050
 28   2.916892 1.618870 -1.501142 -0.000002 -0.000009 -0.000024
 29   8.824059 0.150544 0.091743 0.000006 -0.000231 -0.174534
 30   2.111085 -0.561179 1.784320 -0.000008 -0.000682 0.000024
 31   2.121290 -0.561289 -1.853599 0.000000 0.000000 -0.000002
 32   -0.814395 -0.093824 3.127092 3.071965 -0.114691 1.239365
 33   14.298673 -0.408176 0.471578 0.000248 0.000063 -1.896136
 34   15.835795 0.581398 0.242756 -0.214735 0.106913 -0.097869
 35   -0.815868 -0.091229 -3.114430 0.066464 3.132818 -1.010216
 36   14.294526 -0.410349 -0.467541 0.000021 -0.000012 -2.607695
 37   15.834409 0.579420 -0.284600 -0.006092 -0.035255 0.214508
 38   1.139685 -3.453749 -2.823813 0.000000 0.000000 0.000001
 39   -4.457742 -1.054854 -0.746180 0.000000 0.000000 0.000000
 40   1.118101 -3.449769 3.237290 0.000000 0.000001 0.000000
 41   -4.433840 -1.059130 0.959566 -0.000001 0.000000 0.000000
 42   -0.657468 1.697302 -2.688614 0.000000 0.000002 0.000000
 43   -0.664068 1.698578 2.869377 0.000000 0.000002 0.000000
time 30
  0   -0.967547 0.175787 -20.574476 0.000000 0.000000 -1.572114
  1   -1.093036 0.000002 -0.326057 -0.214014 -1.569082 -1.356583
  2   2.262337 0.113614 0.064702 -0.038112 -0.095181 -0.041973
  3   2.380047 0.353302 0.047440 -0.101647 -0.013978 -0.029507
  4   2.033756 0.190472 -0.000128 -0.179032 -0.058425 -0.336288
  5   2.451511 0.204909 -0.003447 -0.392130 -0.028936 -0.332587
  6   7.247600 -0.397300 -0.109469 0.000001 0.000021 0.156829
  7   -2.022252 -0.104661 3.136172 2.111661 -1.492334 -5.213407
  8   1.168026 -0.537438 -0.063437 1.645969 0.356090 0.277840
  9   6.790376 -0.619176 0.015206 0.005113 0.140203 -1.819748
 10   8.637599 0.544015 -0.090417 -2.271989 -0.293588 -0.040995
 11   6.790465 -0.619039 0.017802 0.035453 0.088604 -1.286582
 12   -2.022474 -0.104699 -2.873818 0.012602 1.497457 -3.233152
 13   1.167898 -0.537463 0.063297 0.299111 -1.077553 -0.862530
 14   7.002743 -0.617765 -0.183752 0.035528 -0.202528 -1.806044
 15   8.209042 0.615527 -0.255885 2.191547 0.453289 0.300619
 16   7.002735 -0.617911 -0.183641 -0.000909 -0.143245 -1.278090
 17   1.574674 0.609930 -0.000899 0.322818 -0.567240 0.761537
 18   -0.602177 0.511412 -0.000006 0.000000 0.000000 0.000000
 19   3.673773 0.177020 1.119313 -0.000002 -0.000014 -0.174510
 20   3.673767 0.176993 -1.117566 0.000007 -0.000003 -0.174546
 21   3.942357 1.334540 1.627658 0.000002 -0.000011 -0.000026
 22   -0.246060 -0.011889 0.516521 -0.000011 0.000031 0.000025
 23   3.942374 1.334565 -1.631083 0.000019 0.000002 -0.000024
 24   -0.246150 -0.011872 -0.516511 -0.000005 -0.000006 0.000048
 25   4.941364 1.997338 1.629330 0.000018 -0.000001 -0.000024
 26   4.941382 1.997366 -1.629410 -0.000001 0.000005 -0.000024
 27   2.914462 1.619264 1.514501 -0.000019 -0.000022 -0.000050
 28   2.916892 1.618870 -1.501142 -0.000002 -0.000009 -0.000024
 29   8.824059 0.150544 0.091743 0.000006 -0.000231 -0.174534
 30   2.111085 -0.561179 1.784320 -0.000008 -0.000682 0.000024
 31   2.121290 -0.561289 -1.853599 0.000000 0.000000 -0.000002
 32   -0.814395 -0.093824 3.127092 3.071965 -0.114691 1.239365
 33   14.298673 -0.408176 0.471578 0.000248 0.000063 -1.896136
 34   15.835795 0.581398 0.242756 -0.214735 0.106913 -0.097869
 35   -0.815868 -0.091229 -3.114430 0.066464 3.132818 -1.010216
 36   14.294526 -0.410349 -0.467541 0.000021 -0.000012 -2.607695
 37   15.834409 0.579420 -0.284600 -0.006092 -0.035255 0.214508
 38   1.139685 -3.453749 -2.823813 0.000000 0.000000 0.000001
 39   -4.457742 -1.054854 -0.746180 0.000000 0.000000 0.000000
 40   1.118101 -3.449769 3.237290 0.000000 0.000001 0.000000
 41   -4.433840 -1.059130 0.959566 -0.000001 0.000000 0.000000
 42   -0.657468 1.697302 -2.688614 0.000000 0.000002 0.000000
 43   -0.664068 1.698578 2.869377 0.000000 0.000002 0.000000
time 31
  0   -0.967547 0.175787 -20.574476 0.000000 0.000000 -1.572114
  1   -1.093036 0.000002 -0.326057 -0.214014 -1.569082 -1.356583
  2   2.262337 0.113614 0.064702 -0.037475 -0.094138 -0.040925
  3   2.380047 0.353302 0.047440 -0.101467 -0.013595 -0.031731
  4   2.033756 0.190472 -0.000128 -0.179032 -0.056280 -0.340964
  5   2.451511 0.204909 -0.003447 -0.390367 -0.038623 -0.332786
  6   7.247600 -0.397300 -0.109469 0.000001 0.000021 0.156829
  7   -2.022252 -0.104661 3.136172 2.034016 -1.497033 -5.154051
  8   1.168026 -0.537438 -0.063437 1.710832 0.386782 0.440419
  9   6.790376 -0.619176 0.015206 0.017929 0.127122 -1.644815
 10   8.637599 0.544015 -0.090417 -2.276392 -0.533831 0.034605
 11   6.790465 -0.619039 0.017802 0.038518 0.076495 -1.165061
 12   -2.022474 -0.104699 -2.873818 0.006566 1.496413 -3.247035
 13   1.167898 -0.537463 0.063297 0.284630 -1.110456 -0.844188
 14   7.002743 -0.617765 -0.183752 0.035471 -0.202585 -1.804889
 15   8.209042 0.615527 -0.255885 2.201254 0.446177 0.286668
 16   7.002735 -0.617911 -0.183641 -0.000956 -0.143245 -1.277262
 17   1.574674 0.609930 -0.000899 0.323549 -0.535384 0.752999
 18   -0.602177 0.511412 -0.000006 0.000000 0.000000 0.000000
 19   3.673773 0.177020 1.119313 -0.000002 -0.000014 -0.174510
 20   3.673767 0.176993 -1.117566 0.000007 -0.000003 -0.174546
 21   3.942357 1.334540 1.627658 0.000002 -0.000011 -0.000026
 22   -0.246060 -0.011889 0.516521 -0.000011 0.000031 0.000025
 23   3.942374 1.334565 -1.631083 0.000019 0.000002 -0.000024
 24   -0.246150 -0.011872 -0.516511 -0.000005 -0.000006 0.000048
 25   4.941364 1.997338 1.629330 0.000018 -0.000001 -0.000024
 26   4.941382 1.997366 -1.629410 -0.000001 0.000005 -0.000024
 27   2.914462 1.619264 1.514501 -0.000019 -0.000022 -0.000050
 28   2.916892 1.618870 -1.501142 -0.000002 -0.000009 -0.000024
 29   8.824059 0.150544 0.091743 0.000006 -0.000231 -0.174534
 30   2.111085 -0.561179 1.784320 -0.000008 -0.000682 0.000024
 31   2.121290 -0.561289 -1.853599 0.000000 0.000000 -0.000002
 32   -0.814395 -0.093824 3.127092 3.071965 -0.114691 1.239365
 33   14.298673 -0.408176 0.471578 0.000248 0.000063 -1.896136
 34   15.835795 0.581398 0.242756 -0.214735 0.106913 -0.097869
 35   -0.815868 -0.091229 -3.114430 0.066464 3.132818 -1.010216
 36   14.294526 -0.410349 -0.467541 0.000021 -0.000012 -2.607695
 37   15.834409 0.579420 -0.284600 -0.006092 -0.035255 0.214508
 38   1.139685 -3.453749 -2.823813 0.000000 0.000000 0.000001
 39   -4.457742 -1.054854 -0.746180 0.000000 0.000000 0.000000
 40   1.118101 -3.449769 3.237290 0.000000 0.000001 0.000000
 41   -4.433840 -1.059130 0.959566 -0.000001 0.000000 0.000000
 42   -0.657468 1.697302 -2.688614 0.000000 0.000002 0.000000
 43   -0.664068 1.698578 2.869377 0.000000 0.000002 0.000000
time 32
  0   -0.967547 0.175787 -20.574476 0.000000 0.000000 -1.572114
  1   -1.093036 0.000002 -0.326057 -0.214014 -1.569082 -1.356583
  2   2.262337 0.113614 0.064702 -0.037424 -0.091166 -0.037925
  3   2.380047 0.353302 0.047440 -0.101377 -0.013199 -0.038016
  4   2.033756 0.190472 -0.000128 -0.178626 -0.056100 -0.351875
  5   2.451511 0.204909 -0.003447 -0.382613 -0.070009 -0.329962
  6   7.247600 -0.397300 -0.109469 0.000001 0.000021 0.156829
  7   -2.022252 -0.104661 3.136172 1.997303 -1.499599 -5.132357
  8   1.168026 -0.537438 -0.063437 1.694379 0.390656 0.617801
  9   6.790376 -0.619176 0.015206 0.030467 0.108301 -1.427318
 10   8.637599 0.544015 -0.090417 -2.454195 -0.528833 0.110855
 11   6.790465 -0.619039 0.017802 0.040212 0.061060 -1.013722
 12   -2.022474 -0.104699 -2.873818 0.083595 1.471017 -3.171974
 13   1.167898 -0.537463 0.063297 0.254051 -1.135629 -0.813860
 14   7.002743 -0.617765 -0.183752 0.035243 -0.202528 -1.803074
 15   8.209042 0.615527 -0.255885 2.212902 0.436190 0.283420
 16   7.002735 -0.617911 -0.183641 -0.001003 -0.143189 -1.275992
 17   1.574674 0.609930 -0.000899 0.333867 -0.481447 0.740137
 18   -0.602177 0.511412 -0.000006 0.000000 0.000000 0.000000
 19   3.673773 0.177020 1.119313 -0.000002 -0.000014 -0.174510
 20   3.673767 0.176993 -1.117566 0.000007 -0.000003 -0.174546
 21   3.942357 1.334540 1.627658 0.000002 -0.000011 -0.000026
 22   -0.246060 -0.011889 0.516521 -0.000011 0.000031 0.000025
 23   3.942374 1.334565 -1.631083 0.000019 0.000002 -0.000024
 24   -0.246150 -0.011872 -0.516511 -0.000005 -0.000006 0.000048
 25   4.941364 1.997338 1.629330 0.000018 -0.000001 -0.000024
 26   4.941382 1.997366 -1.629410 -0.000001 0.000005 -0.000024
 27   2.914462 1.619264 1.514501 -0.000019 -0.000022 -0.000050
 28   2.916892 1.618870 -1.501142 -0.000002 -0.000009 -0.000024
 29   8.824059 0.150544 0.091743 0.000006 -0.000231 -0.174534
 30   2.111085 -0.561179 1.784320 -0.000008 -0.000682 0.000024
 31   2.121290 -0.561289 -1.853599 0.000000 0.000000 -0.000002
 32   -0.814395 -0.093824 3.127092 3.071965 -0.114691 1.239365
 33   14.298673 -0.408176 0.471578 0.000248 0.000063 -1.896136
 34   15.835795 0.581398 0.242756 -0.214735 0.106913 -0.097869
 35   -0.815868 -0.091229 -3.114430 0.066464 3.132818 -1.010216
 36   14.294526 -0.410349 -0.467541 0.000021 -0.000012 -2.607695
 37   15.834409 0.579420 -0.284600 -0.006092 -0.035255 0.214508
 38   1.139685 -3.453749 -2.823813 0.000000 0.000000 0.000001
 39   -4.457742 -1.054854 -0.746180 0.000000 0.000000 0.000000
 40   1.118101 -3.449769 3.237290 0.000000 0.000001 0.000000
 41   -4.433840 -1.059130 0.959566 -0.000001 0.000000 0.000000
 42   -0.657468 1.697302 -2.688614 0.000000 0.000002 0.000000
 43   -0.664068 1.698578 2.869377 0.000000 0.000002 0.000000
time 33
  0   -0.967547 0.175787 -20.574476 0.000000 0.000000 -1.572114
  1   -1.093036 0.000002 -0.326057 -0.214014 -1.569082 -1.356583
  2   2.262337 0.113614 0.064702 -0.037768 -0.088314 -0.035305
  3   2.380047 0.353302 0.047440 -0.101392 -0.012097 -0.044198
  4   2.033756 0.190472 -0.000128 -0.178331 -0.055513 -0.362459
  5   2.451511 0.204909 -0.003447 -0.374517 -0.105155 -0.325950
  6   7.247600 -0.397300 -0.109469 0.000001 0.000021 0.156829
  7   -2.022252 -0.104661 3.136172 1.585976 -1.508852 -4.755001
  8   1.168026 -0.537438 -0.063437 1.598066 0.378782 0.781583
  9   6.790376 -0.619176 0.015206 0.038179 0.088613 -1.221744
 10   8.637599 0.544015 -0.090417 -2.805838 -0.191804 0.105140
 11   6.790465 -0.619039 0.017802 0.039628 0.046564 -0.870285
 12   -2.022474 -0.104699 -2.873818 0.121726 1.445301 -3.137028
 13   1.167898 -0.537463 0.063297 0.222277 -1.155360 -0.785348
 14   7.002743 -0.617765 -0.183752 0.035072 -0.202471 -1.800434
 15   8.209042 0.615527 -0.255885 2.226492 0.429153 0.280053
 16   7.002735 -0.617911 -0.183641 -0.001097 -0.143076 -1.274116
 17   1.574674 0.609930 -0.000899 0.345729 -0.427132 0.713673
 18   -0.602177 0.511412 -0.000006 0.000000 0.000000 0.000000
 19   3.673773 0.177020 1.119313 -0.000002 -0.000014 -0.174510
 20   3.673767 0.176993 -1.117566 0.000007 -0.000003 -0.174546
 21   3.696256 1.330634 1.627658 0.006354 -0.200741 0.411863
 22   -0.351532 -0.015795 0.371985 -0.000011 0.000031 0.000025
 23   3.692366 1.330659 -1.631083 -0.006333 0.200780 0.411810
 24   -0.347716 -0.019685 -0.379788 -0.000005 -0.000006 0.000048
 25   4.941364 1.997338 1.629330 0.000018 -0.000001 -0.000024
 26   4.941382 1.997366 -1.629410 -0.000001 0.000005 -0.000024
 27   3.031653 1.693485 1.522314 -0.043955 0.137321 -0.635381
 28   3.034083 1.693092 -1.520674 0.043934 -0.137352 -0.635435
 29   8.824059 0.150544 0.091743 0.000006 -0.000231 -0.174534
 30   2.111085 -0.561179 1.784320 -0.000008 -0.000682 0.000024
 31   2.121290 -0.561289 -1.853599 0.000000 0.000000 -0.000002
 32   -0.814395 -0.093824 3.127092 3.071965 -0.114691 1.239365
 33   14.298673 -0.408176 0.471578 0.000248 0.000063 -1.896136
 34   15.835795 0.581398 0.242756 -0.214735 0.106913 -0.097869
 35   -0.815868 -0.091229 -3.114430 0.066464 3.132818 -1.010216
 36   14.294526 -0.410349 -0.467541 0.000021 -0.000012 -2.607695
 37   15.834409 0.579420 -0.284600 -0.006092 -0.035255 0.214508
 38   1.139685 -3.453749 -2.823813 0.000000 0.000000 0.000001
 39   -4.457742 -1.054854 -0.746180 0.000000 0.000000 0.000000
 40   1.118101 -3.449769 3.237290 0.000000 0.000001 0.000000
 41   -4.433840 -1.059130 0.959566 -0.000001 0.000000 0.000000
 42   -0.657468 1.697302 -2.688614 0.000000 0.000002 0.000000
 43   -0.664068 1.698578 2.869377 0.000000 0.000002 0.000000
time 34
  0   -0.967547 0.175787 -20.574476 0.000000 0.000000 -1.572114
  1   -1.093036 0.000002 -0.326057 -0.214014 -1.569082 -1.356583
  2   2.262337 0.113614 0.064702 -0.040443 -0.088050 -0.036425
  3   2.380047 0.353302 0.047440 -0.101662 -0.011234 -0.043954
  4   2.033756 0.190472 -0.000128 -0.178534 -0.051989 -0.365685
  5   2.451511 0.204909 -0.003447 -0.371179 -0.124607 -0.323325
  6   7.247600 -0.397300 -0.109469 0.000001 0.000021 0.156829
  7   -2.022252 -0.104661 3.136172 0.942674 -1.504269 -4.155626
  8   1.168026 -0.537438 -0.063437 1.503841 0.413700 0.871476
  9   6.790376 -0.619176 0.015206 0.041674 0.069659 -1.032472
 10   8.637599 0.544015 -0.090417 -2.839127 -0.022867 0.018906
 11   6.790465 -0.619039 0.017802 0.037350 0.033460 -0.738152
 12   -2.022474 -0.104699 -2.873818 0.114732 1.442834 -3.158474
 13   1.167898 -0.537463 0.063297 0.207867 -1.174431 -0.773665
 14   7.002743 -0.617765 -0.183752 0.034787 -0.202301 -1.797051
 15   8.209042 0.615527 -0.255885 2.241232 0.426203 0.277707
 16   7.002735 -0.617911 -0.183641 -0.001192 -0.142907 -1.271798
 17   1.574674 0.609930 -0.000899 0.355843 -0.395252 0.659857
 18   -0.602177 0.511412 -0.000006 0.000000 0.000000 0.000000
 19   3.673773 0.177020 1.119313 -0.000002 -0.000014 -0.174510
 20   3.673767 0.176993 -1.117566 0.000007 -0.000003 -0.174546
 21   3.442342 1.330634 1.627658 -0.073691 -0.386442 0.847736
 22   -0.457004 -0.035327 0.231356 -0.000011 0.000031 0.000025
 23   3.438452 1.330659 -1.631083 0.073712 0.386493 0.847601
 24   -0.453188 -0.039217 -0.235252 -0.000005 -0.000006 0.000048
 25   4.941364 1.997338 1.629330 0.000018 -0.000001 -0.000024
 26   4.941382 1.997366 -1.629410 -0.000001 0.000005 -0.000024
 27   3.160563 1.767707 1.553565 -0.163477 0.220818 -1.289362
 28   3.162993 1.775125 -1.540206 0.163480 -0.220897 -1.289338
 29   8.824059 0.150544 0.091743 0.000006 -0.000231 -0.174534
 30   2.111085 -0.561179 1.784320 -0.000008 -0.000682 0.000024
 31   2.121290 -0.561289 -1.853599 0.000000 0.000000 -0.000002
 32   -0.814395 -0.093824 3.127092 3.071965 -0.114691 1.239365
 33   14.298673 -0.408176 0.471578 0.000248 0.000063 -1.896136
 34   15.835795 0.581398 0.242756 -0.214735 0.106913 -0.097869
 35   -0.815868 -0.091229 -3.114430 0.066464 3.132818 -1.010216
 36   14.294526 -0.410349 -0.467541 0.000021 -0.000012 -2.607695
 37   15.834409 0.579420 -0.284600 -0.006092 -0.035255 0.214508
 38   1.139685 -3.453749 -2.823813 0.000000 0.000000 0.000001
 39   -4.457742 -1.054854 -0.746180 0.000000 0.000000 0.000000
 40   1.118101 -3.449769 3.237290 0.000000 0.000001 0.000000
 41   -4.433840 -1.059130 0.959566 -0.000001 0.000000 0.000000
 42   -0.657468 1.697302 -2.688614 0.000000 0.000002 0.000000
 43   -0.664068 1.698578 2.869377 0.000000 0.000002 0.000000
time 35
  0   -0.967547 0.175787 -20.574476 0.000000 0.000000 -1.572114
  1   -1.093036 0.000002 -0.326057 -0.214014 -1.569082 -1.356583
  2   2.262337 0.113614 0.064702 -0.045627 -0.090591 -0.037419
  3   2.380047 0.353302 0.047440 -0.105202 -0.011989 -0.043199
  4   2.033756 0.190472 -0.000128 -0.178995 -0.047531 -0.367171
  5   2.451511 0.204909 -0.003447 -0.369947 -0.133381 -0.321938
  6   7.247600 -0.397300 -0.109469 0.000001 0.000021 0.156829
  7   -2.022252 -0.104661 3.136172 0.673600 -1.481524 -3.915858
  8   1.168026 -0.537438 -0.063437 1.414299 0.482580 0.950425
  9   6.790376 -0.619176 0.015206 0.041507 0.050705 -0.843879
 10   8.637599 0.544015 -0.090417 -2.769467 0.073568 -0.037016
 11   6.790465 -0.619039 0.017802 0.033380 0.020867 -0.606192
 12   -2.022474 -0.104699 -2.873818 0.089152 1.450381 -3.195239
 13   1.167898 -0.537463 0.063297 0.208570 -1.186788 -0.776873
 14   7.002743 -0.617765 -0.183752 0.034503 -0.202301 -1.793916
 15   8.209042 0.615527 -0.255885 2.257266 0.423706 0.281255
 16   7.002735 -0.617911 -0.183641 -0.001286 -0.142794 -1.269645
 17   1.574674 0.609930 -0.000899 0.366446 -0.374828 0.597578
 18   -0.602177 0.511412 -0.000006 0.000000 0.000000 0.000000
 19   3.673773 0.177020 1.119313 -0.000002 -0.000014 -0.174510
 20   3.673767 0.176993 -1.117566 0.000007 -0.000003 -0.174546
 21   3.512656 1.330634 1.627658 -0.043154 -0.339786 0.725618
 22   -0.425753 -0.027514 0.274326 -0.000011 0.000031 0.000025
 23   3.508767 1.330659 -1.631083 0.043188 0.339825 0.725587
 24   -0.421937 -0.031404 -0.286035 -0.000005 -0.000006 0.000048
 25   4.941364 1.997338 1.629330 0.000018 -0.000001 -0.000024
 26   4.941382 1.997366 -1.629410 -0.000001 0.000005 -0.000024
 27   3.129312 1.748175 1.553565 -0.126624 0.206556 -1.114466
 28   3.131742 1.747781 -1.540206 0.126615 -0.206599 -1.114442
 29   8.824059 0.150544 0.091743 0.000006 -0.000231 -0.174534
 30   2.111085 -0.561179 1.784320 -0.000008 -0.000682 0.000024
 31   2.121290 -0.561289 -1.853599 0.000000 0.000000 -0.000002
 32   -0.814395 -0.093824 3.127092 3.071965 -0.114691 1.239365
 33   14.298673 -0.408176 0.471578 0.000248 0.000063 -1.896136
 34   15.835795 0.581398 0.242756 -0.214735 0.106913 -0.097869
 35   -0.815868 -0.091229 -3.114430 0.066464 3.132818 -1.010216
 36   14.294526 -0.410349 -0.467541 0.000021 -0.000012 -2.607695
 37   15.834409 0.579420 -0.284600 -0.006092 -0.035255 0.214508
 38   1.139685 -3.453749 -2.823813 0.000000 0.000000 0.000001
 39   -4.457742 -1.054854 -0.746180 0.000000 0.000000 0.000000
 40   1.118101 -3.449769 3.237290 0.000000 0.000001 0.000000
 41   -4.433840 -1.059130 0.959566 -0.000001 0.000000 0.000000
 42   -0.657468 1.697302 -2.688614 0.000000 0.000002 0.000000
 43   -0.664068 1.698578 2.869377 0.000000 0.000002 0.000000
time 36
  0   -0.967547 0.175787 -20.574476 0.000000 0.000000 -1.572114
  1   -1.093036 0.000002 -0.326057 -0.214014 -1.569082 -1.356583
  2   2.262337 0.113614 0.064702 -0.057944 -0.092412 -0.034672
  3   2.380047 0.353302 0.047440 -0.113018 -0.013798 -0.042138
  4   2.033756 0.190472 -0.000128 -0.181356 -0.044523 -0.370107
  5   2.451511 0.204909 -0.003447 -0.371179 -0.139047 -0.321715
  6   7.247600 -0.397300 -0.109469 0.000001 0.000021 0.156829
  7   -2.022252 -0.104661 3.136172 0.574196 -1.456790 -3.818654
  8   1.168026 -0.537438 -0.063437 1.365131 0.567561 0.901082
  9   6.790376 -0.619176 0.015206 0.038789 0.035421 -0.688793
 10   8.637599 0.544015 -0.090417 -2.740054 0.095248 0.005233
 11   6.790465 -0.619039 0.017802 0.028913 0.011089 -0.497763
 12   -2.022474 -0.104699 -2.873818 -0.007422 1.463296 -3.287821
 13   1.167898 -0.537463 0.063297 0.250044 -1.190552 -0.826572
 14   7.002743 -0.617765 -0.183752 0.034389 -0.202244 -1.792431
 15   8.209042 0.615527 -0.255885 2.263809 0.425295 0.284623
 16   7.002735 -0.617911 -0.183641 -0.001286 -0.142794 -1.268541
 17   1.574674 0.609930 -0.000899 0.392037 -0.376437 0.528128
 18   -0.602177 0.511412 -0.000006 0.000000 0.000000 0.000000
 19   3.673773 0.177020 1.119313 -0.000002 -0.000014 -0.174510
 20   3.673767 0.176993 -1.117566 0.000007 -0.000003 -0.174546
 21   3.696256 1.330634 1.627658 0.006354 -0.200741 0.411863
 22   -0.351532 -0.015795 0.371985 -0.000011 0.000031 0.000025
 23   3.692366 1.330659 -1.631083 -0.006333 0.200780 0.411810
 24   -0.347716 -0.019685 -0.379788 -0.000005 -0.000006 0.000048
 25   4.941364 1.997338 1.629330 0.000018 -0.000001 -0.000024
 26   4.941382 1.997366 -1.629410 -0.000001 0.000005 -0.000024
 27   3.031653 1.693485 1.522314 -0.043955 0.137321 -0.635381
 28   3.034083 1.693092 -1.520674 0.043934 -0.137352 -0.635435
 29   8.824059 0.150544 0.091743 0.000006 -0.000231 -0.174534
 30   2.111085 -0.561179 1.784320 -0.000008 -0.000682 0.000024
 31   2.121290 -0.561289 -1.853599 0.000000 0.000000 -0.000002
 32   -0.814395 -0.093824 3.127092 3.071965 -0.114691 1.239365
 33   14.298673 -0.408176 0.471578 0.000248 0.000063 -1.896136
 34   15.835795 0.581398 0.242756 -0.214735 0.106913 -0.097869
 35   -0.815868 -0.091229 -3.114430 0.066464 3.132818 -1.010216
 36   14.294526 -0.410349 -0.467541 0.000021 -0.000012 -2.607695
 37   15.834409 0.579420 -0.284600 -0.006092 -0.035255 0.214508
 38   1.139685 -3.453749 -2.823813 0.000000 0.000000 0.000001
 39   -4.457742 -1.054854 -0.746180 0.000000 0.000000 0.000000
 40   1.118101 -3.449769 3.237290 0.000000 0.000001 0.000000
 41   -4.433840 -1.059130 0.959566 -0.000001 0.000000 0.000000
 42   -0.657468 1.697302 -2.688614 0.000000 0.000002 0.000000
 43   -0.664068 1.698578 2.869377 0.000000 0.000002 0.000000
time 37
  0   -0.967547 0.175787 -20.574476 0.000000 0.000000 -1.572114
  1   -1.093036 0.000002 -0.326057 -0.214014 -1.569082 -1.356583
  2   2.262337 0.113614 0.064702 -0.073242 -0.094953 -0.026613
  3   2.380047 0.353302 0.047440 -0.122288 -0.016159 -0.041076
  4   2.033756 0.190472 -0.000128 -0.183864 -0.045014 -0.374964
  5   2.451511 0.204909 -0.003447 -0.373901 -0.140822 -0.324786
  6   7.247600 -0.397300 -0.109469 0.000001 0.000021 0.156829
  7   -2.022252 -0.104661 3.136172 0.563747 -1.434363 -3.798744
  8   1.168026 -0.537438 -0.063437 1.352917 0.622857 0.771524
  9   6.790376 -0.619176 0.015206 0.037180 0.029882 -0.630532
 10   8.637599 0.544015 -0.090417 -2.862376 0.104962 0.034822
 11   6.790465 -0.619039 0.017802 0.026986 0.007536 -0.456871
 12   -2.022474 -0.104699 -2.873818 -0.070367 1.473658 -3.338946
 13   1.167898 -0.537463 0.063297 0.307547 -1.186839 -0.900122
 14   7.002743 -0.617765 -0.183752 0.034503 -0.202301 -1.793421
 15   8.209042 0.615527 -0.255885 2.264529 0.421436 0.285826
 16   7.002735 -0.617911 -0.183641 -0.001286 -0.142794 -1.269314
 17   1.574674 0.609930 -0.000899 0.439117 -0.384034 0.442305
 18   -0.602177 0.511412 -0.000006 0.000000 0.000000 0.000000
 19   3.673773 0.177020 1.119313 -0.000002 -0.000014 -0.174510
 20   3.673767 0.176993 -1.117566 0.000007 -0.000003 -0.174546
 21   3.868136 1.334540 1.627658 0.009865 -0.053762 0.110915
 22   -0.273405 -0.011889 0.477457 -0.000011 0.000031 0.000025
 23   3.868153 1.334565 -1.631083 -0.009856 0.053789 0.110890
 24   -0.265682 -0.011872 -0.485260 -0.000005 -0.000006 0.000048
 25   4.941364 1.997338 1.629330 0.000018 -0.000001 -0.000024
 26   4.941382 1.997366 -1.629410 -0.000001 0.000005 -0.000024
 27   2.937900 1.638796 1.514501 -0.002871 0.038556 -0.166919
 28   2.940330 1.638402 -1.501142 0.002862 -0.038587 -0.166933
 29   8.824059 0.150544 0.091743 0.000006 -0.000231 -0.174534
 30   2.111085 -0.561179 1.784320 -0.000008 -0.000682 0.000024
 31   2.121290 -0.561289 -1.853599 0.000000 0.000000 -0.000002
 32   -0.814395 -0.093824 3.127092 3.071965 -0.114691 1.239365
 33   14.298673 -0.408176 0.471578 0.000248 0.000063 -1.896136
 34   15.835795 0.581398 0.242756 -0.214735 0.106913 -0.097869
 35   -0.815868 -0.091229 -3.114430 0.066464 3.132818 -1.010216
 36   14.294526 -0.410349 -0.467541 0.000021 -0.000012 -2.607695
 37   15.834409 0.579420 -0.284600 -0.006092 -0.035255 0.214508
 38   1.139685 -3.453749 -2.823813 0.000000 0.000000 0.000001
 39   -4.457742 -1.054854 -0.746180 0.000000 0.000000 0.000000
 40   1.118101 -3.449769 3.237290 0.000000 0.000001 0.000000
 41   -4.433840 -1.059130 0.959566 -0.000001 0.000000 0.000000
 42   -0.657468 1.697302 -2.688614 0.000000 0.000002 0.000000
 43   -0.664068 1.698578 2.869377 0.000000 0.000002 0.000000
time 38
  0   -0.967547 0.175787 -20.574476 0.000000 0.000000 -1.572114
  1   -1.093036 0.000002 -0.326057 -0.214014 -1.569082 -1.356583
  2   2.262337 0.113614 0.064702 -0.083228 -0.100035 -0.018897
  3   2.380047 0.353302 0.047440 -0.128754 -0.021397 -0.040117
  4   2.033756 0.190472 -0.000128 -0.185579 -0.045433 -0.378915
  5   2.451511 0.204909 -0.003447 -0.378214 -0.130143 -0.330606
  6   7.247600 -0.397300 -0.109469 0.000001 0.000021 0.156829
  7   -2.022252 -0.104661 3.136172 0.603720 -1.409283 -3.838564
  8   1.168026 -0.537438 -0.063437 1.281664 0.674177 0.735656
  9   6.790376 -0.619176 0.015206 0.038290 0.033552 -0.669247
 10   8.637599 0.544015 -0.090417 -2.965235 0.133541 0.015072
 11   6.790465 -0.619039 0.017802 0.028300 0.009923 -0.483921
 12   -2.022474 -0.104699 -2.873818 -0.014416 1.477083 -3.268864
 13   1.167898 -0.537463 0.063297 0.336790 -1.173363 -0.946310
 14   7.002743 -0.617765 -0.183752 0.034730 -0.202357 -1.795896
 15   8.209042 0.615527 -0.255885 2.263306 0.418939 0.281796
 16   7.002735 -0.617911 -0.183641 -0.001239 -0.142907 -1.270970
 17   1.574674 0.609930 -0.000899 0.481607 -0.378141 0.364169
 18   -0.602177 0.511412 -0.000006 0.000000 0.000000 0.000000
 19   3.673773 0.177020 1.119313 -0.000002 -0.000014 -0.174510
 20   3.673767 0.176993 -1.117566 0.000007 -0.000003 -0.174546
 21   3.942357 1.334540 1.627658 0.000002 -0.000011 -0.000026
 22   -0.246060 -0.011889 0.516521 -0.000011 0.000031 0.000025
 23   3.942374 1.334565 -1.631083 0.000019 0.000002 -0.000024
 24   -0.246150 -0.011872 -0.516511 -0.000005 -0.000006 0.000048
 25   4.941364 1.997338 1.629330 0.000018 -0.000001 -0.000024
 26   4.941382 1.997366 -1.629410 -0.000001 0.000005 -0.000024
 27   2.914462 1.619264 1.514501 -0.000019 -0.000022 -0.000050
 28   2.916892 1.618870 -1.501142 -0.000002 -0.000009 -0.000024
 29   8.824059 0.150544 0.091743 0.000006 -0.000231 -0.174534
 30   2.111085 -0.561179 1.784320 -0.000008 -0.000682 0.000024
 31   2.121290 -0.561289 -1.853599 0.000000 0.000000 -0.000002
 32   -0.814395 -0.093824 3.127092 3.071965 -0.114691 1.239365
 33   14.298673 -0.408176 0.471578 0.000248 0.000063 -1.896136
 34   15.835795 0.581398 0.242756 -0.214735 0.106913 -0.097869
 35   -0.815868 -0.091229 -3.114430 0.066464 3.132818 -1.010216
 36   14.294526 -0.410349 -0.467541 0.000021 -0.000012 -2.607695
 37   15.834409 0.579420 -0.284600 -0.006092 -0.035255 0.214508
 38   1.139685 -3.453749 -2.823813 0.000000 0.000000 0.000001
 39   -4.457742 -1.054854 -0.746180 0.000000 0.000000 0.000000
 40   1.118101 -3.449769 3.237290 0.000000 0.000001 0.000000
 41   -4.433840 -1.059130 0.959566 -0.000001 0.000000 0.000000
 42   -0.657468 1.697302 -2.688614 0.000000 0.000002 0.000000
 43   -0.664068 1.698578 2.869377 0.000000 0.000002 0.000000
time 39
  0   -0.967547 0.175787 -20.574476 0.000000 0.000000 -1.572114
  1   -1.093036 0.000002 -0.326057 -0.214014 -1.569082 -1.356583
  2   2.262337 0.113614 0.064702 -0.089877 -0.105799 -0.017921
  3   2.380047 0.353302 0.047440 -0.133614 -0.025399 -0.039566
  4   2.033756 0.190472 -0.000128 -0.187073 -0.045410 -0.377610
  5   2.451511 0.204909 -0.003447 -0.383195 -0.113667 -0.333628
  6   7.247600 -0.397300 -0.109469 0.000001 0.000021 0.156829
  7   -2.022252 -0.104661 3.136172 0.691334 -1.390228 -3.945629
  8   1.168026 -0.537438 -0.063437 1.187186 0.736014 0.715729
  9   6.790376 -0.619176 0.015206 0.040731 0.044565 -0.783127
 10   8.637599 0.544015 -0.090417 -3.081745 0.197666 -0.012853
 11   6.790465 -0.619039 0.017802 0.031745 0.016973 -0.563628
 12   -2.022474 -0.104699 -2.873818 -0.052260 1.490056 -3.309745
 13   1.167898 -0.537463 0.063297 0.351130 -1.174431 -0.967255
 14   7.002743 -0.617765 -0.183752 0.034560 -0.202187 -1.794906
 15   8.209042 0.615527 -0.255885 2.262587 0.419772 0.278549
 16   7.002735 -0.617911 -0.183641 -0.001239 -0.142794 -1.270252
 17   1.574674 0.609930 -0.000899 0.509595 -0.374473 0.299155
 18   -0.602177 0.511412 -0.000006 0.000000 0.000000 0.000000
 19   3.673773 0.177020 1.119313 -0.000002 -0.000014 -0.174510
 20   3.673767 0.176993 -1.117566 0.000007 -0.000003 -0.174546
 21   3.942357 1.334540 1.627658 0.000002 -0.000011 -0.000026
 22   -0.246060 -0.011889 0.516521 -0.000011 0.000031 0.000025
 23   3.942374 1.334565 -1.631083 0.000019 0.000002 -0.000024
 24   -0.246150 -0.011872 -0.516511 -0.000005 -0.000006 0.000048
 25   4.941364 1.997338 1.629330 0.000018 -0.000001 -0.000024
 26   4.941382 1.997366 -1.629410 -0.000001 0.000005 -0.000024
 27   2.914462 1.619264 1.514501 -0.000019 -0.000022 -0.000050
 28   2.916892 1.618870 -1.501142 -0.000002 -0.000009 -0.000024
 29   8.824059 0.150544 0.091743 0.000006 -0.000231 -0.174534
 30   2.111085 -0.561179 1.784320 -0.000008 -0.000682 0.000024
 31   2.121290 -0.561289 -1.853599 0.000000 0.000000 -0.000002
 32   -0.814395 -0.093824 3.127092 3.071965 -0.114691 1.239365
 33   14.298673 -0.408176 0.471578 0.000248 0.000063 -1.896136
 34   15.835795 0.581398 0.242756 -0.214735 0.106913 -0.097869
 35   -0.815868 -0.091229 -3.114430 0.066464 3.132818 -1.010216
 36   14.294526 -0.410349 -0.467541 0.000021 -0.000012 -2.607695
 37   15.834409 0.579420 -0.284600 -0.006092 -0.035255 0.214508
 38   1.139685 -3.453749 -2.823813 0.000000 0.000000 0.000001
 39   -4.457742 -1.054854 -0.746180 0.000000 0.000000 0.000000
 40   1.118101 -3.449769 3.237290 0.000000 0.000001 0.000000
 41   -4.433840 -1.059130 0.959566 -0.000001 0.000000 0.000000
 42   -0.657468 1.697302 -2.688614 0.000000 0.000002 0.000000
 43   -0.664068 1.698578 2.869377 0.000000 0.000002 0.000000
time 40
  0   -0.967547 0.175787 -20.574476 0.000000 0.000000 -1.572114
  1   -1.093036 0.000002 -0.326057 -0.214014 -1.569082 -1.356583
  2   2.262337 0.113614 0.064702 -0.094921 -0.110293 -0.022077
  3   2.380047 0.353302 0.047440 -0.137319 -0.027137 -0.039566
  4   2.033756 0.190472 -0.000128 -0.188622 -0.045182 -0.373478
  5   2.451511 0.204909 -0.003447 -0.386653 -0.101447 -0.335881
  6   7.247600 -0.397300 -0.109469 0.000001 0.000021 0.156829
  7   -2.022252 -0.104661 3.136172 0.737250 -1.376968 -4.019166
  8   1.168026 -0.537438 -0.063437 1.042210 0.801825 0.613183
  9   6.790376 -0.619176 0.015206 0.042062 0.060716 -0.943948
 10   8.637599 0.544015 -0.090417 -3.223970 0.226808 -0.051919
 11   6.790465 -0.619039 0.017802 0.035686 0.027462 -0.676209
 12   -2.022474 -0.104699 -2.873818 -0.268688 1.503523 -3.537226
 13   1.167898 -0.537463 0.063297 0.357527 -1.187144 -0.969495
 14   7.002743 -0.617765 -0.183752 0.034104 -0.202073 -1.788223
 15   8.209042 0.615527 -0.255885 2.262228 0.417048 0.276384
 16   7.002735 -0.617911 -0.183641 -0.001427 -0.142568 -1.265616
 17   1.574674 0.609930 -0.000899 0.527428 -0.373976 0.259385
 18   -0.602177 0.511412 -0.000006 0.000000 0.000000 0.000000
 19   3.673773 0.177020 1.119313 -0.000002 -0.000014 -0.174510
 20   3.673767 0.176993 -1.117566 0.000007 -0.000003 -0.174546
 21   3.942357 1.334540 1.627658 0.000002 -0.000011 -0.000026
 22   -0.246060 -0.011889 0.516521 -0.000011 0.000031 0.000025
 23   3.942374 1.334565 -1.631083 0.000019 0.000002 -0.000024
 24   -0.246150 -0.011872 -0.516511 -0.000005 -0.000006 0.000048
 25   4.941364 1.997338 1.629330 0.000018 -0.000001 -0.000024
 26   4.941382 1.997366 -1.629410 -0.000001 0.000005 -0.000024
 27   2.914462 1.619264 1.514501 -0.000019 -0.000022 -0.000050
 28   2.916892 1.618870 -1.501142 -0.000002 -0.000009 -0.000024
 29   8.824059 0.150544 0.091743 0.000006 -0.000231 -0.174534
 30   2.111085 -0.561179 1.784320 -0.000008 -0.000682 0.000024
 31   2.121290 -0.561289 -1.853599 0.000000 0.000000 -0.000002
 32   -0.814395 -0.093824 3.127092 3.071965 -0.114691 1.239365
 33   14.298673 -0.408176 0.471578 0.000248 0.000063 -1.896136
 34   15.835795 0.581398 0.242756 -0.214735 0.106913 -0.097869
 35   -0.815868 -0.091229 -3.114430 0.066464 3.132818 -1.010216
 36   14.294526 -0.410349 -0.467541 0.000021 -0.000012 -2.607695
 37   15.834409 0.579420 -0.284600 -0.006092 -0.035255 0.214508
 38   1.139685 -3.453749 -2.823813 0.000000 0.000000 0.000001
 39   -4.457742 -1.054854 -0.746180 0.000000 0.000000 0.000000
 40   1.118101 -3.449769 3.237290 0.000000 0.000001 0.000000
 41   -4.433840 -1.059130 0.959566 -0.000001 0.000000 0.000000
 42   -0.657468 1.697302 -2.688614 0.000000 0.000002 0.000000
 43   -0.664068 1.698578 2.869377 0.000000 0.000002 0.000000
time 41
  0   -0.967547 0.175787 -20.574476 0.000000 0.000000 -1.572114
  1   -1.093036 0.000002 -0.326057 -0.214014 -1.569082 -1.356583
  2   2.262337 0.113614 0.064702 -0.096679 -0.111863 -0.029685
  3   2.380047 0.353302 0.047440 -0.139389 -0.027952 -0.040668
  4   2.033756 0.190472 -0.000128 -0.189618 -0.045062 -0.371085
  5   2.451511 0.204909 -0.003447 -0.387731 -0.097922 -0.336575
  6   7.247600 -0.397300 -0.109469 0.000001 0.000021 0.156829
  7   -2.022252 -0.104661 3.136172 0.749040 -1.373710 -4.053257
  8   1.168026 -0.537438 -0.063437 0.821172 0.866780 0.418784
  9   6.790376 -0.619176 0.015206 0.040842 0.076533 -1.100619
 10   8.637599 0.544015 -0.090417 -3.342241 0.221951 -0.071018
 11   6.790465 -0.619039 0.017802 0.038372 0.038121 -0.785676
 12   -2.022474 -0.104699 -2.873818 -0.479368 1.504481 -3.755611
 13   1.167898 -0.537463 0.063297 0.348108 -1.201587 -0.957509
 14   7.002743 -0.617765 -0.183752 0.033364 -0.202017 -1.779890
 15   8.209042 0.615527 -0.255885 2.262803 0.415762 0.274339
 16   7.002735 -0.617911 -0.183641 -0.001662 -0.142343 -1.259821
 17   1.574674 0.609930 -0.000899 0.534902 -0.370473 0.246226
 18   -0.602177 0.511412 -0.000006 0.000000 0.000000 0.000000
 19   3.673773 0.177020 1.119313 -0.000002 -0.000014 -0.174510
 20   3.673767 0.176993 -1.117566 0.000007 -0.000003 -0.174546
 21   3.942357 1.334540 1.627658 0.000002 -0.000011 -0.000026
 22   -0.246060 -0.011889 0.516521 -0.000011 0.000031 0.000025
 23   3.942374 1.334565 -1.631083 0.000019 0.000002 -0.000024
 24   -0.246150 -0.011872 -0.516511 -0.000005 -0.000006 0.000048
 25   4.941364 1.997338 1.629330 0.000018 -0.000001 -0.000024
 26   4.941382 1.997366 -1.629410 -0.000001 0.000005 -0.000024
 27   2.914462 1.619264 1.514501 -0.000019 -0.000022 -0.000050
 28   2.916892 1.618870 -1.501142 -0.000002 -0.000009 -0.000024
 29   8.824059 0.150544 0.091743 0.000006 -0.000231 -0.174534
 30   2.111085 -0.561179 1.784320 -0.000008 -0.000682 0.000024
 31   2.121290 -0.561289 -1.853599 0.000000 0.000000 -0.000002
 32   -0.814395 -0.093824 3.127092 3.071965 -0.114691 1.239365
 33   14.298673 -0.408176 0.471578 0.000248 0.000063 -1.896136
 34   15.835795 0.581398 0.242756 -0.214735 0.106913 -0.097869
 35   -0.815868 -0.091229 -3.114430 0.066464 3.132818 -1.010216
 36   14.294526 -0.410349 -0.467541 0.000021 -0.000012 -2.607695
 37   15.834409 0.579420 -0.284600 -0.006092 -0.035255 0.214508
 38   1.139685 -3.453749 -2.823813 0.000000 0.000000 0.000001
 39   -4.457742 -1.054854 -0.746180 0.000000 0.000000 0.000000
 40   1.118101 -3.449769 3.237290 0.000000 0.000001 0.000000
 41   -4.433840 -1.059130 0.959566 -0.000001 0.000000 0.000000
 42   -0.657468 1.697302 -2.688614 0.000000 0.000002 0.000000
 43   -0.664068 1.698578 2.869377 0.000000 0.000002 0.000000
time 42
  0   -0.967547 0.175787 -20.574476 0.000000 0.000000 -1.572114
  1   -1.093036 0.000002 -0.326057 -0.214014 -1.569082 -1.356583
  2   2.262337 0.113614 0.064702 -0.098857 -0.112690 -0.031835
  3   2.380047 0.353302 0.047440 -0.140664 -0.029354 -0.047423
  4   2.033756 0.190472 -0.000128 -0.189618 -0.047890 -0.377284
  5   2.451511 0.204909 -0.003447 -0.386824 -0.103457 -0.338085
  6   7.247600 -0.397300 -0.109469 0.000001 0.000021 0.156829
  7   -2.022252 -0.104661 3.136172 0.729102 -1.377573 -4.040860
  8   1.168026 -0.537438 -0.063437 0.544257 0.885900 0.131329
  9   6.790376 -0.619176 0.015206 0.037069 0.092150 -1.257591
 10   8.637599 0.544015 -0.090417 -3.475219 0.159726 -0.094964
 11   6.790465 -0.619039 0.017802 0.039891 0.049065 -0.895258
 12   -2.022474 -0.104699 -2.873818 -0.459152 1.491449 -3.729283
 13   1.167898 -0.537463 0.063297 0.314365 -1.210080 -0.929905
 14   7.002743 -0.617765 -0.183752 0.032681 -0.201903 -1.771227
 15   8.209042 0.615527 -0.255885 2.267045 0.412584 0.260027
 16   7.002735 -0.617911 -0.183641 -0.001945 -0.142117 -1.253805
 17   1.574674 0.609930 -0.000899 0.530393 -0.366639 0.264190
 18   -0.602177 0.511412 -0.000006 0.000000 0.000000 0.000000
 19   3.673773 0.177020 1.119313 -0.000002 -0.000014 -0.174510
 20   3.673767 0.176993 -1.117566 0.000007 -0.000003 -0.174546
 21   3.942357 1.334540 1.627658 0.000002 -0.000011 -0.000026
 22   -0.246060 -0.011889 0.516521 -0.000011 0.000031 0.000025
 23   3.942374 1.334565 -1.631083 0.000019 0.000002 -0.000024
 24   -0.246150 -0.011872 -0.516511 -0.000005 -0.000006 0.000048
 25   4.941364 1.997338 1.629330 0.000018 -0.000001 -0.000024
 26   4.941382 1.997366 -1.629410 -0.000001 0.000005 -0.000024
 27   2.914462 1.619264 1.514501 -0.000019 -0.000022 -0.000050
 28   2.916892 1.618870 -1.501142 -0.000002 -0.000009 -0.000024
 29   8.824059 0.150544 0.091743 0.000006 -0.000231 -0.174534
 30   2.111085 -0.561179 1.784320 -0.000008 -0.000682 0.000024
 31   2.121290 -0.561289 -1.853599 0.000000 0.000000 -0.000002
 32   -0.814395 -0.093824 3.127092 3.071965 -0.114691 1.239365
 33   14.298673 -0.408176 0.471578 0.000248 0.000063 -1.896136
 34   15.835795 0.581398 0.242756 -0.214735 0.106913 -0.097869
 35   -0.815868 -0.091229 -3.114430 0.066464 3.132818 -1.010216
 36   14.294526 -0.410349 -0.467541 0.000021 -0.000012 -2.607695
 37   15.834409 0.579420 -0.284600 -0.006092 -0.035255 0.214508
 38   1.139685 -3.453749 -2.823813 0.000000 0.000000 0.000001
 39   -4.457742 -1.054854 -0.746180 0.000000 0.000000 0.000000
 40   1.118101 -3.449769 3.237290 0.000000 0.000001 0.000000
 41   -4.433840 -1.059130 0.959566 -0.000001 0.000000 0.000000
 42   -0.657468 1.697302 -2.688614 0.000000 0.000002 0.000000
 43   -0.664068 1.698578 2.869377 0.000000 0.000002 0.000000
time 43
  0   -0.967547 0.175787 -20.574476 0.000000 0.000000 -1.572114
  1   -1.093036 0.000002 -0.326057 -0.214014 -1.569082 -1.356583
  2   2.262337 0.113614 0.064702 -0.100997 -0.113182 -0.033100
  3   2.380047 0.353302 0.047440 -0.141294 -0.030637 -0.053912
  4   2.033756 0.190472 -0.000128 -0.189286 -0.052924 -0.382975
  5   2.451511 0.204909 -0.003447 -0.386824 -0.101799 -0.342741
  6   7.247600 -0.397300 -0.109469 0.000001 0.000021 0.156829
  7   -2.022252 -0.104661 3.136172 0.733799 -1.382849 -4.062086
  8   1.168026 -0.537438 -0.063437 0.298665 0.872416 -0.110010
  9   6.790376 -0.619176 0.015206 0.033185 0.102629 -1.366264
 10   8.637599 0.544015 -0.090417 -3.521717 0.086801 -0.050689
 11   6.790465 -0.619039 0.017802 0.040212 0.056740 -0.971158
 12   -2.022474 -0.104699 -2.873818 -0.533403 1.489273 -3.801950
 13   1.167898 -0.537463 0.063297 0.300236 -1.229201 -0.914166
 14   7.002743 -0.617765 -0.183752 0.032168 -0.201846 -1.765204
 15   8.209042 0.615527 -0.255885 2.258345 0.416367 0.252209
 16   7.002735 -0.617911 -0.183641 -0.002133 -0.141948 -1.249665
 17   1.574674 0.609930 -0.000899 0.521538 -0.370686 0.285812
 18   -0.602177 0.511412 -0.000006 0.000000 0.000000 0.000000
 19   3.673773 0.177020 1.119313 -0.000002 -0.000014 -0.174510
 20   3.673767 0.176993 -1.117566 0.000007 -0.000003 -0.174546
 21   3.942357 1.334540 1.627658 0.000002 -0.000011 -0.000026
 22   -0.246060 -0.011889 0.516521 -0.000011 0.000031 0.000025
 23   3.942374 1.334565 -1.631083 0.000019 0.000002 -0.000024
 24   -0.246150 -0.011872 -0.516511 -0.000005 -0.000006 0.000048
 25   4.941364 1.997338 1.629330 0.000018 -0.000001 -0.000024
 26   4.941382 1.997366 -1.629410 -0.000001 0.000005 -0.000024
 27   2.914462 1.619264 1.514501 -0.000019 -0.000022 -0.000050
 28   2.916892 1.618870 -1.501142 -0.000002 -0.000009 -0.000024
 29   8.824059 0.150544 0.091743 0.000006 -0.000231 -0.174534
 30   2.111085 -0.561179 1.784320 -0.000008 -0.000682 0.000024
 31   2.121290 -0.561289 -1.853599 0.000000 0.000000 -0.000002
 32   -0.814395 -0.093824 3.127092 3.071965 -0.114691 1.239365
 33   14.298673 -0.408176 0.471578 0.000248 0.000063 -1.896136
 34   15.835795 0.581398 0.242756 -0.214735 0.106913 -0.097869
 35   -0.815868 -0.091229 -3.114430 0.066464 3.132818 -1.010216
 36   14.294526 -0.410349 -0.467541 0.000021 -0.000012 -2.607695
 37   15.834409 0.579420 -0.284600 -0.006092 -0.035255 0.214508
 38   1.139685 -3.453749 -2.823813 0.000000 0.000000 0.000001
 39   -4.457742 -1.054854 -0.746180 0.000000 0.000000 0.000000
 40   1.118101 -3.449769 3.237290 0.000000 0.000001 0.000000
 41   -4.433840 -1.059130 0.959566 -0.000001 0.000000 0.000000
 42   -0.657468 1.697302 -2.688614 0.000000 0.000002 0.000000
 43   -0.664068 1.698578 2.869377 0.000000 0.000002 0.000000
time 44
  0   -0.967547 0.175787 -20.574476 0.000000 0.000000 -1.572114
  1   -1.093036 0.000002 -0.326057 -0.214014 -1.569082 -1.356583
  2   2.262337 0.113614 0.064702 -0.102538 -0.113409 -0.033444
  3   2.380047 0.353302 0.047440 -0.141655 -0.031560 -0.057646
  4   2.033756 0.190472 -0.000128 -0.189194 -0.055033 -0.386853
  5   2.451511 0.204909 -0.003447 -0.386567 -0.102204 -0.345366
  6   7.247600 -0.397300 -0.109469 0.000001 0.000021 0.156829
  7   -2.022252 -0.104661 3.136172 0.758530 -1.388931 -4.092608
  8   1.168026 -0.537438 -0.063437 0.210515 0.862504 -0.189275
  9   6.790376 -0.619176 0.015206 0.030800 0.105098 -1.395168
 10   8.637599 0.544015 -0.090417 -3.513087 0.066529 -0.022547
 11   6.790465 -0.619039 0.017802 0.039423 0.058843 -0.991287
 12   -2.022474 -0.104699 -2.873818 -0.618959 1.489215 -3.890894
 13   1.167898 -0.537463 0.063297 0.304243 -1.246797 -0.906781
 14   7.002743 -0.617765 -0.183752 0.032396 -0.202073 -1.767844
 15   8.209042 0.615527 -0.255885 2.236702 0.425295 0.268085
 16   7.002735 -0.617911 -0.183641 -0.002039 -0.142174 -1.251542
 17   1.574674 0.609930 -0.000899 0.514998 -0.371704 0.295496
 18   -0.602177 0.511412 -0.000006 0.000000 0.000000 0.000000
 19   3.673773 0.177020 1.119313 -0.000002 -0.000014 -0.174510
 20   3.673767 0.176993 -1.117566 0.000007 -0.000003 -0.174546
 21   3.942357 1.334540 1.627658 0.000002 -0.000011 -0.000026
 22   -0.246060 -0.011889 0.516521 -0.000011 0.000031 0.000025
 23   3.942374 1.334565 -1.631083 0.000019 0.000002 -0.000024
 24   -0.246150 -0.011872 -0.516511 -0.000005 -0.000006 0.000048
 25   4.941364 1.997338 1.629330 0.000018 -0.000001 -0.000024
 26   4.941382 1.997366 -1.629410 -0.000001 0.000005 -0.000024
 27   2.914462 1.619264 1.514501 -0.000019 -0.000022 -0.000050
 28   2.916892 1.618870 -1.501142 -0.000002 -0.000009 -0.000024
 29   8.824059 0.150544 0.091743 0.000006 -0.000231 -0.174534
 30   2.111085 -0.561179 1.784320 -0.000008 -0.000682 0.000024
 31   2.121290 -0.561289 -1.853599 0.000000 0.000000 -0.000002
 32   -0.814395 -0.093824 3.127092 3.071965 -0.114691 1.239365
 33   14.298673 -0.408176 0.471578 0.000248 0.000063 -1.896136
 34   15.835795 0.581398 0.242756 -0.214735 0.106913 -0.097869
 35   -0.815868 -0.091229 -3.114430 0.066464 3.132818 -1.010216
 36   14.294526 -0.410349 -0.467541 0.000021 -0.000012 -2.607695
 37   15.834409 0.579420 -0.284600 -0.006092 -0.035255 0.214508
 38   1.139685 -3.453749 -2.823813 0.000000 0.000000 0.000001
 39   -4.457742 -1.054854 -0.746180 0.000000 0.000000 0.000000
 40   1.118101 -3.449769 3.237290 0.000000 0.000001 0.000000
 41   -4.433840 -1.059130 0.959566 -0.000001 0.000000 0.000000
 42   -0.657468 1.697302 -2.688614 0.000000 0.000002 0.000000
 43   -0.664068 1.698578 2.869377 0.000000 0.000002 0.000000
time 45
  0   -0.967547 0.175787 -20.574476 0.000000 0.000000 -1.572114
  1   -1.093036 0.000002 -0.326057 -0.214014 -1.569082 -1.356583
  2   2.262337 0.113614 0.064702 -0.103124 -0.113529 -0.033353
  3   2.380047 0.353302 0.047440 -0.141745 -0.032303 -0.059686
  4   2.033756 0.190472 -0.000128 -0.189120 -0.057214 -0.388629
  5   2.451511 0.204909 -0.003447 -0.386516 -0.102191 -0.345366
  6   7.247600 -0.397300 -0.109469 0.000001 0.000021 0.156829
  7   -2.022252 -0.104661 3.136172 0.755750 -1.390257 -4.083498
  8   1.168026 -0.537438 -0.063437 0.279554 0.864416 -0.153976
  9   6.790376 -0.619176 0.015206 0.030023 0.105966 -1.402489
 10   8.637599 0.544015 -0.090417 -3.541444 0.078425 -0.027177
 11   6.790465 -0.619039 0.017802 0.039102 0.059554 -0.996420
 12   -2.022474 -0.104699 -2.873818 -0.647317 1.480972 -3.920190
 13   1.167898 -0.537463 0.063297 0.292714 -1.240796 -0.880993
 14   7.002743 -0.617765 -0.183752 0.032396 -0.201960 -1.767349
 15   8.209042 0.615527 -0.255885 2.230590 0.415005 0.266401
 16   7.002735 -0.617911 -0.183641 -0.002086 -0.142061 -1.251100
 17   1.574674 0.609930 -0.000899 0.508377 -0.368580 0.299709
 18   -0.602177 0.511412 -0.000006 0.000000 0.000000 0.000000
 19   3.673773 0.177020 1.119313 -0.000002 -0.000014 -0.174510
 20   3.673767 0.176993 -1.117566 0.000007 -0.000003 -0.174546
 21   3.942357 1.334540 1.627658 0.000002 -0.000011 -0.000026
 22   -0.246060 -0.011889 0.516521 -0.000011 0.000031 0.000025
 23   3.942374 1.334565 -1.631083 0.000019 0.000002 -0.000024
 24   -0.246150 -0.011872 -0.516511 -0.000005 -0.000006 0.000048
 25   4.941364 1.997338 1.629330 0.000018 -0.000001 -0.000024
 26   4.941382 1.997366 -1.629410 -0.000001 0.000005 -0.000024
 27   2.914462 1.619264 1.514501 -0.000019 -0.000022 -0.000050
 28   2.916892 1.618870 -1.501142 -0.000002 -0.000009 -0.000024
 29   8.824059 0.150544 0.091743 0.000006 -0.000231 -0.174534
 30   2.111085 -0.561179 1.784320 -0.000008 -0.000682 0.000024
 31   2.121290 -0.561289 -1.853599 0.000000 0.000000 -0.000002
 32   -0.814395 -0.093824 3.127092 3.071965 -0.114691 1.239365
 33   14.298673 -0.408176 0.471578 0.000248 0.000063 -1.896136
 34   15.835795 0.581398 0.242756 -0.214735 0.106913 -0.097869
 35   -0.815868 -0.091229 -3.114430 0.066464 3.132818 -1.010216
 36   14.294526 -0.410349 -0.467541 0.000021 -0.000012 -2.607695
 37   15.834409 0.579420 -0.284600 -0.006092 -0.035255 0.214508
 38   1.139685 -3.453749 -2.823813 0.000000 0.000000 0.000001
 39   -4.457742 -1.054854 -0.746180 0.000000 0.000000 0.000000
 40   1.118101 -3.449769 3.237290 0.000000 0.000001 0.000000
 41   -4.433840 -1.059130 0.959566 -0.000001 0.000000 0.000000
 42   -0.657468 1.697302 -2.688614 0.000000 0.000002 0.000000
 43   -0.664068 1.698578 2.869377 0.000000 0.000002 0.000000
time 46
  0   -0.967547 0.175787 -20.574476 0.000000 0.000000 -1.572114
  1   -1.093036 0.000002 -0.326057 -0.214014 -1.569082 -1.356583
  2   2.262337 0.113614 0.064702 -0.101557 -0.113661 -0.033245
  3   2.380047 0.353302 0.047440 -0.141745 -0.032830 -0.059645
  4   2.033756 0.190472 -0.000128 -0.189028 -0.059539 -0.388448
  5   2.451511 0.204909 -0.003447 -0.386413 -0.102100 -0.345366
  6   7.247600 -0.397300 -0.109469 0.000001 0.000021 0.156829
  7   -2.022252 -0.104661 3.136172 0.767829 -1.388412 -4.085846
  8   1.168026 -0.537438 -0.063437 0.304993 0.867636 -0.152078
  9   6.790376 -0.619176 0.015206 0.028747 0.107033 -1.428450
 10   8.637599 0.544015 -0.090417 -3.515553 0.050269 -0.057345
 11   6.790465 -0.619039 0.017802 0.038810 0.060435 -1.014530
 12   -2.022474 -0.104699 -2.873818 -0.675006 1.472410 -3.946424
 13   1.167898 -0.537463 0.063297 0.273805 -1.228133 -0.852905
 14   7.002743 -0.617765 -0.183752 0.032168 -0.201733 -1.765534
 15   8.209042 0.615527 -0.255885 2.244827 0.412735 0.261350
 16   7.002735 -0.617911 -0.183641 -0.002086 -0.141892 -1.249886
 17   1.574674 0.609930 -0.000899 0.497490 -0.362166 0.301446
 18   -0.602177 0.511412 -0.000006 0.000000 0.000000 0.000000
 19   3.673773 0.177020 1.119313 -0.000002 -0.000014 -0.174510
 20   3.673767 0.176993 -1.117566 0.000007 -0.000003 -0.174546
 21   3.942357 1.334540 1.627658 0.000002 -0.000011 -0.000026
 22   -0.246060 -0.011889 0.516521 -0.000011 0.000031 0.000025
 23   3.942374 1.334565 -1.631083 0.000019 0.000002 -0.000024
 24   -0.246150 -0.011872 -0.516511 -0.000005 -0.000006 0.000048
 25   4.941364 1.997338 1.629330 0.000018 -0.000001 -0.000024
 26   4.941382 1.997366 -1.629410 -0.000001 0.000005 -0.000024
 27   2.914462 1.619264 1.514501 -0.000019 -0.000022 -0.000050
 28   2.916892 1.618870 -1.501142 -0.000002 -0.000009 -0.000024
 29   8.824059 0.150544 0.091743 0.000006 -0.000231 -0.174534
 30   2.111085 -0.561179 1.784320 -0.000008 -0.000682 0.000024
 31   2.121290 -0.561289 -1.853599 0.000000 0.000000 -0.000002
 32   -0.814395 -0.093824 3.127092 3.071965 -0.114691 1.239365
 33   14.298673 -0.408176 0.471578 0.000248 0.000063 -1.896136
 34   15.835795 0.581398 0.242756 -0.214735 0.106913 -0.097869
 35   -0.815868 -0.091229 -3.114430 0.066464 3.132818 -1.010216
 36   14.294526 -0.410349 -0.467541 0.000021 -0.000012 -2.607695
 37   15.834409 0.579420 -0.284600 -0.006092 -0.035255 0.214508
 38   1.139685 -3.453749 -2.823813 0.000000 0.000000 0.000001
 39   -4.457742 -1.054854 -0.746180 0.000000 0.000000 0.000000
 40   1.118101 -3.449769 3.237290 0.000000 0.000001 0.000000
 41   -4.433840 -1.059130 0.959566 -0.000001 0.000000 0.000000
 42   -0.657468 1.697302 -2.688614 0.000000 0.000002 0.000000
 43   -0.664068 1.698578 2.869377 0.000000 0.000002 0.000000
time 47
  0   -0.967547 0.175787 -20.574476 0.000000 0.000000 -1.572114
  1   -1.093036 0.000002 -0.326057 -0.214014 -1.569082 -1.356583
  2   2.262337 0.113614 0.064702 -0.097889 -0.113889 -0.033100
  3   2.380047 0.353302 0.047440 -0.139614 -0.033201 -0.059645
  4   2.033756 0.190472 -0.000128 -0.188954 -0.061553 -0.387977
  5   2.451511 0.204909 -0.003447 -0.386687 -0.100063 -0.345688
  6   7.247600 -0.397300 -0.109469 0.000001 0.000021 0.156829
  7   -2.022252 -0.104661 3.136172 0.768691 -1.382704 -4.080963
  8   1.168026 -0.537438 -0.063437 0.287591 0.877196 -0.174662
  9   6.790376 -0.619176 0.015206 0.030079 0.105432 -1.406489
 10   8.637599 0.544015 -0.090417 -3.516962 0.081100 -0.080495
 11   6.790465 -0.619039 0.017802 0.039190 0.059156 -0.999246
 12   -2.022474 -0.104699 -2.873818 -0.623557 1.475341 -3.893862
 13   1.167898 -0.537463 0.063297 0.288707 -1.227116 -0.865133
 14   7.002743 -0.617765 -0.183752 0.031827 -0.201676 -1.761161
 15   8.209042 0.615527 -0.255885 2.256763 0.410465 0.255096
 16   7.002735 -0.617911 -0.183641 -0.002227 -0.141722 -1.246795
 17   1.574674 0.609930 -0.000899 0.481607 -0.357078 0.301631
 18   -0.602177 0.511412 -0.000006 0.000000 0.000000 0.000000
 19   3.673773 0.177020 1.119313 -0.000002 -0.000014 -0.174510
 20   3.673767 0.176993 -1.117566 0.000007 -0.000003 -0.174546
 21   3.942357 1.334540 1.627658 0.000002 -0.000011 -0.000026
 22   -0.246060 -0.011889 0.516521 -0.000011 0.000031 0.000025
 23   3.942374 1.334565 -1.631083 0.000019 0.000002 -0.000024
 24   -0.246150 -0.011872 -0.516511 -0.000005 -0.000006 0.000048
 25   4.941364 1.997338 1.629330 0.000018 -0.000001 -0.000024
 26   4.941382 1.997366 -1.629410 -0.000001 0.000005 -0.000024
 27   2.914462 1.619264 1.514501 -0.000019 -0.000022 -0.000050
 28   2.916892 1.618870 -1.501142 -0.000002 -0.000009 -0.000024
 29   8.824059 0.150544 0.091743 0.000006 -0.000231 -0.174534
 30   2.111085 -0.561179 1.784320 -0.000008 -0.000682 0.000024
 31   2.121290 -0.561289 -1.853599 0.000000 0.000000 -0.000002
 32   -0.814395 -0.093824 3.127092 3.071965 -0.114691 1.239365
 33   14.298673 -0.408176 0.471578 0.000248 0.000063 -1.896136
 34   15.835795 0.581398 0.242756 -0.214735 0.106913 -0.097869
 35   -0.815868 -0.091229 -3.114430 0.066464 3.132818 -1.010216
 36   14.294526 -0.410349 -0.467541 0.000021 -0.000012 -2.607695
 37   15.834409 0.579420 -0.284600 -0.006092 -0.035255 0.214508
 38   1.139685 -3.453749 -2.823813 0.000000 0.000000 0.000001
 39   -4.457742 -1.054854 -0.746180 0.000000 0.000000 0.000000
 40   1.118101 -3.449769 3.237290 0.000000 0.000001 0.000000
 41   -4.433840 -1.059130 0.959566 -0.000001 0.000000 0.000000
 42   -0.657468 1.697302 -2.688614 0.000000 0.000002 0.000000
 43   -0.664068 1.698578 2.869377 0.000000 0.000002 0.000000
time 48
  0   -0.967547 0.175787 -20.574476 0.000000 0.000000 -1.572114
  1   -1.093036 0.000002 -0.326057 -0.214014 -1.569082 -1.356583
  2   2.262337 0.113614 0.064702 -0.095112 -0.114057 -0.032883
  3   2.380047 0.353302 0.047440 -0.139734 -0.033657 -0.059605
  4   2.033756 0.190472 -0.000128 -0.189120 -0.061457 -0.387143
  5   2.451511 0.204909 -0.003447 -0.386413 -0.100716 -0.345366
  6   7.247600 -0.397300 -0.109469 0.000001 0.000021 0.156829
  7   -2.022252 -0.104661 3.136172 0.761310 -1.383367 -4.077581
  8   1.168026 -0.537438 -0.063437 0.291704 0.880114 -0.187757
  9   6.790376 -0.619176 0.015206 0.033574 0.101694 -1.356755
 10   8.637599 0.544015 -0.090417 -3.561611 0.117210 -0.017266
 11   6.790465 -0.619039 0.017802 0.040212 0.056114 -0.964526
 12   -2.022474 -0.104699 -2.873818 -0.566456 1.481930 -3.835651
 13   1.167898 -0.537463 0.063297 0.324980 -1.236371 -0.904299
 14   7.002743 -0.617765 -0.183752 0.031827 -0.201562 -1.761161
 15   8.209042 0.615527 -0.255885 2.258920 0.413870 0.255156
 16   7.002735 -0.617911 -0.183641 -0.002227 -0.141666 -1.246906
 17   1.574674 0.609930 -0.000899 0.468202 -0.359350 0.297159
 18   -0.602177 0.511412 -0.000006 0.000000 0.000000 0.000000
 19   3.673773 0.177020 1.119313 -0.000002 -0.000014 -0.174510
 20   3.673767 0.176993 -1.117566 0.000007 -0.000003 -0.174546
 21   3.942357 1.334540 1.627658 0.000002 -0.000011 -0.000026
 22   -0.246060 -0.011889 0.516521 -0.000011 0.000031 0.000025
 23   3.942374 1.334565 -1.631083 0.000019 0.000002 -0.000024
 24   -0.246150 -0.011872 -0.516511 -0.000005 -0.000006 0.000048
 25   4.941364 1.997338 1.629330 0.000018 -0.000001 -0.000024
 26   4.941382 1.997366 -1.629410 -0.000001 0.000005 -0.000024
 27   2.914462 1.619264 1.514501 -0.000019 -0.000022 -0.000050
 28   2.916892 1.618870 -1.501142 -0.000002 -0.000009 -0.000024
 29   8.824059 0.150544 0.091743 0.000006 -0.000231 -0.174534
 30   2.111085 -0.561179 1.784320 -0.000008 -0.000682 0.000024
 31   2.121290 -0.561289 -1.853599 0.000000 0.000000 -0.000002
 32   -0.814395 -0.093824 3.127092 3.071965 -0.114691 1.239365
 33   14.298673 -0.408176 0.471578 0.000248 0.000063 -1.896136
 34   15.835795 0.581398 0.242756 -0.214735 0.106913 -0.097869
 35   -0.815868 -0.091229 -3.114430 0.066464 3.132818 -1.010216
 36   14.294526 -0.410349 -0.467541 0.000021 -0.000012 -2.607695
 37   15.834409 0.579420 -0.284600 -0.006092 -0.035255 0.214508
 38   1.139685 -3.453749 -2.823813 0.000000 0.000000 0.000001
 39   -4.457742 -1.054854 -0.746180 0.000000 0.000000 0.000000
 40   1.118101 -3.449769 3.237290 0.000000 0.000001 0.000000
 41   -4.433840 -1.059130 0.959566 -0.000001 0.000000 0.000000
 42   -0.657468 1.697302 -2.688614 0.000000 0.000002 0.000000
 43   -0.664068 1.698578 2.869377 0.000000 0.000002 0.000000
time 49
  0   -0.967547 0.175787 -20.574476 0.000000 0.000000 -1.572114
  1   -1.093036 0.000002 -0.326057 -0.214014 -1.569082 -1.356583
  2   2.262337 0.113614 0.064702 -0.095749 -0.114093 -0.032396
  3   2.380047 0.353302 0.047440 -0.140049 -0.033873 -0.057380
  4   2.033756 0.190472 -0.000128 -0.189360 -0.060918 -0.384932
  5   2.451511 0.204909 -0.003447 -0.385968 -0.103040 -0.344722
  6   7.247600 -0.397300 -0.109469 0.000001 0.000021 0.156829
  7   -2.022252 -0.104661 3.136172 0.741468 -1.386711 -4.068284
  8   1.168026 -0.537438 -0.063437 0.331634 0.883988 -0.158151
  9   6.790376 -0.619176 0.015206 0.035904 0.095421 -1.290872
 10   8.637599 0.544015 -0.090417 -3.575437 0.158107 -0.012636
 11   6.790465 -0.619039 0.017802 0.040066 0.051453 -0.918559
 12   -2.022474 -0.104699 -2.873818 -0.575750 1.488344 -3.846661
 13   1.167898 -0.537463 0.063297 0.361042 -1.246542 -0.942375
 14   7.002743 -0.617765 -0.183752 0.031827 -0.201562 -1.761739
 15   8.209042 0.615527 -0.255885 2.248710 0.413114 0.256479
 16   7.002735 -0.617911 -0.183641 -0.002180 -0.141666 -1.247237
 17   1.574674 0.609930 -0.000899 0.460322 -0.366734 0.289138
 18   -0.602177 0.511412 -0.000006 0.000000 0.000000 0.000000
 19   3.673773 0.177020 1.119313 -0.000002 -0.000014 -0.174510
 20   3.673767 0.176993 -1.117566 0.000007 -0.000003 -0.174546
 21   3.942357 1.334540 1.627658 0.000002 -0.000011 -0.000026
 22   -0.246060 -0.011889 0.516521 -0.000011 0.000031 0.000025
 23   3.942374 1.334565 -1.631083 0.000019 0.000002 -0.000024
 24   -0.246150 -0.011872 -0.516511 -0.000005 -0.000006 0.000048
 25   4.941364 1.997338 1.629330 0.000018 -0.000001 -0.000024
 26   4.941382 1.997366 -1.629410 -0.000001 0.000005 -0.000024
 27   2.914462 1.619264 1.514501 -0.000019 -0.000022 -0.000050
 28   2.916892 1.618870 -1.501142 -0.000002 -0.000009 -0.000024
 29   8.824059 0.150544 0.091743 0.000006 -0.000231 -0.174534
 30   2.111085 -0.561179 1.784320 -0.000008 -0.000682 0.000024
 31   2.121290 -0.561289 -1.853599 0.000000 0.000000 -0.000002
 32   -0.814395 -0.093824 3.127092 3.071965 -0.114691 1.239365
 33   14.298673 -0.408176 0.471578 0.000248 0.000063 -1.896136
 34   15.835795 0.581398 0.242756 -0.214735 0.106913 -0.097869
 35   -0.815868 -0.091229 -3.114430 0.066464 3.132818 -1.010216
 36   14.294526 -0.410349 -0.467541 0.000021 -0.000012 -2.607695
 37   15.834409 0.579420 -0.284600 -0.006092 -0.035255 0.214508
 38   1.139685 -3.453749 -2.823813 0.000000 0.000000 0.000001
 39   -4.457742 -1.054854 -0.746180 0.000000 0.000000 0.000000
 40   1.118101 -3.449769 3.237290 0.000000 0.000001 0.000000
 41   -4.433840 -1.059130 0.959566 -0.000001 0.000000 0.000000
 42   -0.657468 1.697302 -2.688614 0.000000 0.000002 0.000000
 43   -0.664068 1.698578 2.869377 0.000000 0.000002 0.000000
time 50
  0   -0.967547 0.175787 -20.574476 0.000000 0.000000 -1.572114
  1   -1.093036 0.000002 -0.326057 -0.214014 -1.569082 -1.356583
  2   2.262337 0.113614 0.064702 -0.097061 -0.114176 -0.031853
  3   2.380047 0.353302 0.047440 -0.140484 -0.033873 -0.052606
  4   2.033756 0.190472 -0.000128 -0.189747 -0.059563 -0.379495
  5   2.451511 0.204909 -0.003447 -0.386653 -0.099214 -0.342840
  6   7.247600 -0.397300 -0.109469 0.000001 0.000021 0.156829
  7   -2.022252 -0.104661 3.136172 0.724213 -1.388902 -4.060958
  8   1.168026 -0.537438 -0.063437 0.391371 0.895812 -0.092044
  9   6.790376 -0.619176 0.015206 0.038401 0.087612 -1.210952
 10   8.637599 0.544015 -0.090417 -3.539594 0.209985 -0.026960
 11   6.790465 -0.619039 0.017802 0.039569 0.045796 -0.862903
 12   -2.022474 -0.104699 -2.873818 -0.752418 1.496732 -4.031633
 13   1.167898 -0.537463 0.063297 0.386489 -1.250051 -0.969858
 14   7.002743 -0.617765 -0.183752 0.032225 -0.201506 -1.766029
 15   8.209042 0.615527 -0.255885 2.241879 0.418939 0.261350
 16   7.002735 -0.617911 -0.183641 -0.002039 -0.141722 -1.250328
 17   1.574674 0.609930 -0.000899 0.458453 -0.372982 0.278050
 18   -0.602177 0.511412 -0.000006 0.000000 0.000000 0.000000
 19   3.673773 0.177020 1.119313 -0.000002 -0.000014 -0.174510
 20   3.673767 0.176993 -1.117566 0.000007 -0.000003 -0.174546
 21   3.942357 1.334540 1.627658 0.000002 -0.000011 -0.000026
 22   -0.246060 -0.011889 0.516521 -0.000011 0.000031 0.000025
 23   3.942374 1.334565 -1.631083 0.000019 0.000002 -0.000024
 24   -0.246150 -0.011872 -0.516511 -0.000005 -0.000006 0.000048
 25   4.941364 1.997338 1.629330 0.000018 -0.000001 -0.000024
 26   4.941382 1.997366 -1.629410 -0.000001 0.000005 -0.000024
 27   2.914462 1.619264 1.514501 -0.000019 -0.000022 -0.000050
 28   2.916892 1.618870 -1.501142 -0.000002 -0.000009 -0.000024
 29   8.824059 0.150544 0.091743 0.000006 -0.000231 -0.174534
 30   2.111085 -0.561179 1.784320 -0.000008 -0.000682 0.000024
 31   2.121290 -0.561289 -1.853599 0.000000 0.000000 -0.000002
 32   -0.814395 -0.093824 3.127092 3.071965 -0.114691 1.239365
 33   14.298673 -0.408176 0.471578 0.000248 0.000063 -1.896136
 34   15.835795 0.581398 0.242756 -0.214735 0.106913 -0.097869
 35   -0.815868 -0.091229 -3.114430 0.066464 3.132818 -1.010216
 36   14.294526 -0.410349 -0.467541 0.000021 -0.000012 -2.607695
 37   15.834409 0.579420 -0.284600 -0.006092 -0.035255 0.214508
 38   1.139685 -3.453749 -2.823813 0.000000 0.000000 0.000001
 39   -4.457742 -1.054854 -0.746180 0.000000 0.000000 0.000000
 40   1.118101 -3.449769 3.237290 0.000000 0.000001 0.000000
 41   -4.433840 -1.059130 0.959566 -0.000001 0.000000 0.000000
 42   -0.657468 1.697302 -2.688614 0.000000 0.000002 0.000000
 43   -0.664068 1.698578 2.869377 0.000000 0.000002 0.000000
time 51
  0   -0.967547 0.175787 -20.574476 0.000000 0.000000 -1.572114
  1   -1.093036 0.000002 -0.326057 -0.214014 -1.569082 -1.356583
  2   2.262337 0.113614 0.064702 -0.097698 -0.114428 -0.031365
  3   2.380047 0.353302 0.047440 -0.140949 -0.033741 -0.046219
  4   2.033756 0.190472 -0.000128 -0.190448 -0.055740 -0.373188
  5   2.451511 0.204909 -0.003447 -0.388176 -0.089122 -0.341998
  6   7.247600 -0.397300 -0.109469 0.000001 0.000021 0.156829
  7   -2.022252 -0.104661 3.136172 0.663248 -1.383194 -4.001979
  8   1.168026 -0.537438 -0.063437 0.450475 0.908592 -0.010944
  9   6.790376 -0.619176 0.015206 0.040231 0.079536 -1.130202
 10   8.637599 0.544015 -0.090417 -3.534927 0.288118 -0.002942
 11   6.790465 -0.619039 0.017802 0.038723 0.040168 -0.806439
 12   -2.022474 -0.104699 -2.873818 -0.912128 1.506513 -4.192574
 13   1.167898 -0.537463 0.063297 0.401322 -1.232659 -0.994859
 14   7.002743 -0.617765 -0.183752 0.032795 -0.201449 -1.772712
 15   8.209042 0.615527 -0.255885 2.236414 0.423857 0.272836
 16   7.002735 -0.617911 -0.183641 -0.001804 -0.141835 -1.254798
 17   1.574674 0.609930 -0.000899 0.458859 -0.380295 0.262157
 18   -0.602177 0.511412 -0.000006 0.000000 0.000000 0.000000
 19   3.673773 0.177020 1.119313 -0.000002 -0.000014 -0.174510
 20   3.673767 0.176993 -1.117566 0.000007 -0.000003 -0.174546
 21   3.942357 1.334540 1.627658 0.000002 -0.000011 -0.000026
 22   -0.246060 -0.011889 0.516521 -0.000011 0.000031 0.000025
 23   3.942374 1.334565 -1.631083 0.000019 0.000002 -0.000024
 24   -0.246150 -0.011872 -0.516511 -0.000005 -0.000006 0.000048
 25   4.941364 1.997338 1.629330 0.000018 -0.000001 -0.000024
 26   4.941382 1.997366 -1.629410 -0.000001 0.000005 -0.000024
 27   2.914462 1.619264 1.514501 -0.000019 -0.000022 -0.000050
 28   2.916892 1.618870 -1.501142 -0.000002 -0.000009 -0.000024
 29   8.824059 0.150544 0.091743 0.000006 -0.000231 -0.174534
 30   2.111085 -0.561179 1.784320 -0.000008 -0.000682 0.000024
 31   2.121290 -0.561289 -1.853599 0.000000 0.000000 -0.000002
 32   -0.814395 -0.093824 3.127092 3.071965 -0.114691 1.239365
 33   14.298673 -0.408176 0.471578 0.000248 0.000063 -1.896136
 34   15.835795 0.581398 0.242756 -0.214735 0.106913 -0.097869
 35   -0.815868 -0.091229 -3.114430 0.066464 3.132818 -1.010216
 36   14.294526 -0.410349 -0.467541 0.000021 -0.000012 -2.607695
 37   15.834409 0.579420 -0.284600 -0.006092 -0.035255 0.214508
 38   1.139685 -3.453749 -2.823813 0.000000 0.000000 0.000001
 39   -4.457742 -1.054854 -0.746180 0.000000 0.000000 0.000000
 40   1.118101 -3.449769 3.237290 0.000000 0.000001 0.000000
 41   -4.433840 -1.059130 0.959566 -0.000001 0.000000 0.000000
 42   -0.657468 1.697302 -2.688614 0.000000 0.000002 0.000000
 43   -0.664068 1.698578 2.869377 0.000000 0.000002 0.000000
time 52
  0   -0.967547 0.175787 -20.574476 0.000000 0.000000 -1.572114
  1   -1.093036 0.000002 -0.326057 -0.214014 -1.569082 -1.356583
  2   2.262337 0.113614 0.064702 -0.094590 -0.117484 -0.031040
  3   2.380047 0.353302 0.047440 -0.141384 -0.033669 -0.040689
  4   2.033756 0.190472 -0.000128 -0.191038 -0.052421 -0.367461
  5   2.451511 0.204909 -0.003447 -0.389477 -0.081106 -0.340834
  6   7.247600 -0.397300 -0.109469 0.000001 0.000021 0.156829
  7   -2.022252 -0.104661 3.136172 0.641392 -1.367714 -3.968451
  8   1.168026 -0.537438 -0.063437 0.477559 0.912919 0.052380
  9   6.790376 -0.619176 0.015206 0.042118 0.076667 -1.094657
 10   8.637599 0.544015 -0.090417 -3.556855 0.337954 0.046180
 11   6.790465 -0.619039 0.017802 0.039190 0.038093 -0.781581
 12   -2.022474 -0.104699 -2.873818 -0.780585 1.516265 -4.051356
 13   1.167898 -0.537463 0.063297 0.391410 -1.197417 -0.999762
 14   7.002743 -0.617765 -0.183752 0.033535 -0.201449 -1.782200
 15   8.209042 0.615527 -0.255885 2.231453 0.417275 0.284743
 16   7.002735 -0.617911 -0.183641 -0.001521 -0.142004 -1.261532
 17   1.574674 0.609930 -0.000899 0.461012 -0.374094 0.243676
 18   -0.602177 0.511412 -0.000006 0.000000 0.000000 0.000000
 19   3.673773 0.177020 1.119313 -0.000002 -0.000014 -0.174510
 20   3.673767 0.176993 -1.117566 0.000007 -0.000003 -0.174546
 21   3.942357 1.334540 1.627658 0.000002 -0.000011 -0.000026
 22   -0.246060 -0.011889 0.516521 -0.000011 0.000031 0.000025
 23   3.942374 1.334565 -1.631083 0.000019 0.000002 -0.000024
 24   -0.246150 -0.011872 -0.516511 -0.000005 -0.000006 0.000048
 25   4.941364 1.997338 1.629330 0.000018 -0.000001 -0.000024
 26   4.941382 1.997366 -1.629410 -0.000001 0.000005 -0.000024
 27   2.914462 1.619264 1.514501 -0.000019 -0.000022 -0.000050
 28   2.916892 1.618870 -1.501142 -0.000002 -0.000009 -0.000024
 29   8.824059 0.150544 0.091743 0.000006 -0.000231 -0.174534
 30   2.111085 -0.561179 1.784320 -0.000008 -0.000682 0.000024
 31   2.121290 -0.561289 -1.853599 0.000000 0.000000 -0.000002
 32   -0.814395 -0.093824 3.127092 3.071965 -0.114691 1.239365
 33   14.298673 -0.408176 0.471578 0.000248 0.000063 -1.896136
 34   15.835795 0.581398 0.242756 -0.214735 0.106913 -0.097869
 35   -0.815868 -0.091229 -3.114430 0.066464 3.132818 -1.010216
 36   14.294526 -0.410349 -0.467541 0.000021 -0.000012 -2.607695
 37   15.834409 0.579420 -0.284600 -0.006092 -0.035255 0.214508
 38   1.139685 -3.453749 -2.823813 0.000000 0.000000 0.000001
 39   -4.457742 -1.054854 -0.746180 0.000000 0.000000 0.000000
 40   1.118101 -3.449769 3.237290 0.000000 0.000001 0.000000
 41   -4.433840 -1.059130 0.959566 -0.000001 0.000000 0.000000
 42   -0.657468 1.697302 -2.688614 0.000000 0.000002 0.000000
 43   -0.664068 1.698578 2.869377 0.000000 0.000002 0.000000
time 53
  0   -0.967547 0.175787 -20.574476 0.000000 0.000000 -1.572114
  1   -1.093036 0.000002 -0.326057 -0.214014 -1.569082 -1.356583
  2   2.262337 0.113614 0.064702 -0.094641 -0.118323 -0.030787
  3   2.380047 0.353302 0.047440 -0.141790 -0.033789 -0.037363
  4   2.033756 0.190472 -0.000128 -0.191241 -0.051402 -0.365105
  5   2.451511 0.204909 -0.003447 -0.388895 -0.084253 -0.338283
  6   7.247600 -0.397300 -0.109469 0.000001 0.000021 0.156829
  7   -2.022252 -0.104661 3.136172 0.748561 -1.357163 -4.066218
  8   1.168026 -0.537438 -0.063437 0.476863 0.907334 0.080341
  9   6.790376 -0.619176 0.015206 0.040065 0.080804 -1.143409
 10   8.637599 0.544015 -0.090417 -3.597717 0.336687 0.072224
 11   6.790465 -0.619039 0.017802 0.038869 0.041078 -0.815667
 12   -2.022474 -0.104699 -2.873818 -0.540397 1.509473 -3.801567
 13   1.167898 -0.537463 0.063297 0.362026 -1.172702 -0.974398
 14   7.002743 -0.617765 -0.183752 0.034161 -0.201449 -1.790038
 15   8.209042 0.615527 -0.255885 2.221962 0.404867 0.289193
 16   7.002735 -0.617911 -0.183641 -0.001239 -0.142117 -1.266941
 17   1.574674 0.609930 -0.000899 0.455813 -0.355137 0.236654
 18   -0.602177 0.511412 -0.000006 0.000000 0.000000 0.000000
 19   3.673773 0.177020 1.119313 -0.000002 -0.000014 -0.174510
 20   3.673767 0.176993 -1.117566 0.000007 -0.000003 -0.174546
 21   3.942357 1.334540 1.627658 0.000002 -0.000011 -0.000026
 22   -0.246060 -0.011889 0.516521 -0.000011 0.000031 0.000025
 23   3.942374 1.334565 -1.631083 0.000019 0.000002 -0.000024
 24   -0.246150 -0.011872 -0.516511 -0.000005 -0.000006 0.000048
 25   4.941364 1.997338 1.629330 0.000018 -0.000001 -0.000024
 26   4.941382 1.997366 -1.629410 -0.000001 0.000005 -0.000024
 27   2.914462 1.619264 1.514501 -0.000019 -0.000022 -0.000050
 28   2.916892 1.618870 -1.501142 -0.000002 -0.000009 -0.000024
 29   8.824059 0.150544 0.091743 0.000006 -0.000231 -0.174534
 30   2.111085 -0.561179 1.784320 -0.000008 -0.000682 0.000024
 31   2.121290 -0.561289 -1.853599 0.000000 0.000000 -0.000002
 32   -0.814395 -0.093824 3.127092 3.071965 -0.114691 1.239365
 33   14.298673 -0.408176 0.471578 0.000248 0.000063 -1.896136
 34   15.835795 0.581398 0.242756 -0.214735 0.106913 -0.097869
 35   -0.815868 -0.091229 -3.114430 0.066464 3.132818 -1.010216
 36   14.294526 -0.410349 -0.467541 0.000021 -0.000012 -2.607695
 37   15.834409 0.579420 -0.284600 -0.006092 -0.035255 0.214508
 38   1.139685 -3.453749 -2.823813 0.000000 0.000000 0.000001
 39   -4.457742 -1.054854 -0.746180 0.000000 0.000000 0.000000
 40   1.118101 -3.449769 3.237290 0.000000 0.000001 0.000000
 41   -4.433840 -1.059130 0.959566 -0.000001 0.000000 0.000000
 42   -0.657468 1.697302 -2.688614 0.000000 0.000002 0.000000
 43   -0.664068 1.698578 2.869377 0.000000 0.000002 0.000000
time 54
  0   -0.967547 0.175787 -20.574476 0.000000 0.000000 -1.572114
  1   -1.093036 0.000002 -0.326057 -0.214014 -1.569082 -1.356583
  2   2.262337 0.113614 0.064702 -0.094832 -0.115962 -0.032486
  3   2.380047 0.353302 0.047440 -0.141985 -0.034124 -0.038811
  4   2.033756 0.190472 -0.000128 -0.191241 -0.051342 -0.365685
  5   2.451511 0.204909 -0.003447 -0.386978 -0.096825 -0.334296
  6   7.247600 -0.397300 -0.109469 0.000001 0.000021 0.156829
  7   -2.022252 -0.104661 3.136172 0.959736 -1.350908 -4.277812
  8   1.168026 -0.537438 -0.063437 0.394788 0.906076 0.017017
  9   6.790376 -0.619176 0.015206 0.037069 0.092150 -1.257289
 10   8.637599 0.544015 -0.090417 -3.649499 0.270661 0.038005
 11   6.790465 -0.619039 0.017802 0.039891 0.049037 -0.895143
 12   -2.022474 -0.104699 -2.873818 -0.577953 1.497167 -3.839385
 13   1.167898 -0.537463 0.063297 0.314647 -1.182618 -0.929905
 14   7.002743 -0.617765 -0.183752 0.033706 -0.201392 -1.783933
 15   8.209042 0.615527 -0.255885 2.214556 0.415610 0.277467
 16   7.002735 -0.617911 -0.183641 -0.001427 -0.141948 -1.262746
 17   1.574674 0.609930 -0.000899 0.440701 -0.343067 0.251955
 18   -0.602177 0.511412 -0.000006 0.000000 0.000000 0.000000
 19   3.673773 0.177020 1.119313 -0.000002 -0.000014 -0.174510
 20   3.673767 0.176993 -1.117566 0.000007 -0.000003 -0.174546
 21   3.942357 1.334540 1.627658 0.000002 -0.000011 -0.000026
 22   -0.246060 -0.011889 0.516521 -0.000011 0.000031 0.000025
 23   3.942374 1.334565 -1.631083 0.000019 0.000002 -0.000024
 24   -0.246150 -0.011872 -0.516511 -0.000005 -0.000006 0.000048
 25   4.941364 1.997338 1.629330 0.000018 -0.000001 -0.000024
 26   4.941382 1.997366 -1.629410 -0.000001 0.000005 -0.000024
 27   2.914462 1.619264 1.514501 -0.000019 -0.000022 -0.000050
 28   2.916892 1.618870 -1.501142 -0.000002 -0.000009 -0.000024
 29   8.824059 0.150544 0.091743 0.000006 -0.000231 -0.174534
 30   2.111085 -0.561179 1.784320 -0.000008 -0.000682 0.000024
 31   2.121290 -0.561289 -1.853599 0.000000 0.000000 -0.000002
 32   -0.814395 -0.093824 3.127092 3.071965 -0.114691 1.239365
 33   14.298673 -0.408176 0.471578 0.000248 0.000063 -1.896136
 34   15.835795 0.581398 0.242756 -0.214735 0.106913 -0.097869
 35   -0.815868 -0.091229 -3.114430 0.066464 3.132818 -1.010216
 36   14.294526 -0.410349 -0.467541 0.000021 -0.000012 -2.607695
 37   15.834409 0.579420 -0.284600 -0.006092 -0.035255 0.214508
 38   1.139685 -3.453749 -2.823813 0.000000 0.000000 0.000001
 39   -4.457742 -1.054854 -0.746180 0.000000 0.000000 0.000000
 40   1.118101 -3.449769 3.237290 0.000000 0.000001 0.000000
 41   -4.433840 -1.059130 0.959566 -0.000001 0.000000 0.000000
 42   -0.657468 1.697302 -2.688614 0.000000 0.000002 0.000000
 43   -0.664068 1.698578 2.869377 0.000000 0.000002 0.000000
time 55
  0   -0.967547 0.175787 -20.574476 0.000000 0.000000 -1.572114
  1   -1.093036 0.000002 -0.326057 -0.214014 -1.569082 -1.356583
  2   2.262337 0.113614 0.064702 -0.097163 -0.112666 -0.035178
  3   2.380047 0.353302 0.047440 -0.142000 -0.034771 -0.045872
  4   2.033756 0.190472 -0.000128 -0.190651 -0.054937 -0.371847
  5   2.451511 0.204909 -0.003447 -0.385232 -0.106721 -0.334717
  6   7.247600 -0.397300 -0.109469 0.000001 0.000021 0.156829
  7   -2.022252 -0.104661 3.136172 1.125571 -1.342173 -4.444043
  8   1.168026 -0.537438 -0.063437 0.139705 0.894504 -0.185606
  9   6.790376 -0.619176 0.015206 0.033574 0.101627 -1.356227
 10   8.637599 0.544015 -0.090417 -3.656633 0.146070 -0.032386
 11   6.790465 -0.619039 0.017802 0.040212 0.056029 -0.964180
 12   -2.022474 -0.104699 -2.873818 -0.814597 1.490288 -4.080653
 13   1.167898 -0.537463 0.063297 0.259042 -1.224268 -0.873305
 14   7.002743 -0.617765 -0.183752 0.032396 -0.201165 -1.768174
 15   8.209042 0.615527 -0.255885 2.215203 0.423101 0.261530
 16   7.002735 -0.617911 -0.183641 -0.001898 -0.141553 -1.251763
 17   1.574674 0.609930 -0.000899 0.412063 -0.342925 0.285960
 18   -0.602177 0.511412 -0.000006 0.000000 0.000000 0.000000
 19   3.673773 0.177020 1.119313 -0.000002 -0.000014 -0.174510
 20   3.673767 0.176993 -1.117566 0.000007 -0.000003 -0.174546
 21   3.942357 1.334540 1.627658 0.000002 -0.000011 -0.000026
 22   -0.246060 -0.011889 0.516521 -0.000011 0.000031 0.000025
 23   3.942374 1.334565 -1.631083 0.000019 0.000002 -0.000024
 24   -0.246150 -0.011872 -0.516511 -0.000005 -0.000006 0.000048
 25   4.941364 1.997338 1.629330 0.000018 -0.000001 -0.000024
 26   4.941382 1.997366 -1.629410 -0.000001 0.000005 -0.000024
 27   2.914462 1.619264 1.514501 -0.000019 -0.000022 -0.000050
 28   2.916892 1.618870 -1.501142 -0.000002 -0.000009 -0.000024
 29   8.824059 0.150544 0.091743 0.000006 -0.000231 -0.174534
 30   2.111085 -0.561179 1.784320 -0.000008 -0.000682 0.000024
 31   2.121290 -0.561289 -1.853599 0.000000 0.000000 -0.000002
 32   -0.814395 -0.093824 3.127092 3.071965 -0.114691 1.239365
 33   14.298673 -0.408176 0.471578 0.000248 0.000063 -1.896136
 34   15.835795 0.581398 0.242756 -0.214735 0.106913 -0.097869
 35   -0.815868 -0.091229 -3.114430 0.066464 3.132818 -1.010216
 36   14.294526 -0.410349 -0.467541 0.000021 -0.000012 -2.607695
 37   15.834409 0.579420 -0.284600 -0.006092 -0.035255 0.214508
 38   1.139685 -3.453749 -2.823813 0.000000 0.000000 0.000001
 39   -4.457742 -1.054854 -0.746180 0.000000 0.000000 0.000000
 40   1.118101 -3.449769 3.237290 0.000000 0.000001 0.000000
 41   -4.433840 -1.059130 0.959566 -0.000001 0.000000 0.000000
 42   -0.657468 1.697302 -2.688614 0.000000 0.000002 0.000000
 43   -0.664068 1.698578 2.869377 0.000000 0.000002 0.000000
time 56
  0   -0.967547 0.175787 -20.574476 0.000000 0.000000 -1.572114
  1   -1.093036 0.000002 -0.326057 -0.214014 -1.569082 -1.356583
  2   2.262337 0.113614 0.064702 -0.098946 -0.112403 -0.040780
  3   2.380047 0.353302 0.047440 -0.141790 -0.035982 -0.058033
  4   2.033756 0.190472 -0.000128 -0.189360 -0.063818 -0.380546
  5   2.451511 0.204909 -0.003447 -0.384325 -0.109907 -0.339546
  6   7.247600 -0.397300 -0.109469 0.000001 0.000021 0.156829
  7   -2.022252 -0.104661 3.136172 1.195451 -1.349121 -4.520022
  8   1.168026 -0.537438 -0.063437 0.053137 0.883535 -0.299791
  9   6.790376 -0.619176 0.015206 0.034628 0.100426 -1.329965
 10   8.637599 0.544015 -0.090417 -3.598246 0.160289 0.019485
 11   6.790465 -0.619039 0.017802 0.040358 0.055148 -0.945839
 12   -2.022474 -0.104699 -2.873818 -1.111790 1.476531 -4.379077
 13   1.167898 -0.537463 0.063297 0.247935 -1.269173 -0.831173
 14   7.002743 -0.617765 -0.183752 0.031656 -0.201051 -1.758686
 15   8.209042 0.615527 -0.255885 2.195574 0.412962 0.225929
 16   7.002735 -0.617911 -0.183641 -0.002180 -0.141271 -1.245250
 17   1.574674 0.609930 -0.000899 0.369573 -0.343351 0.327134
 18   -0.602177 0.511412 -0.000006 0.000000 0.000000 0.000000
 19   3.673773 0.177020 1.119313 -0.000002 -0.000014 -0.174510
 20   3.673767 0.176993 -1.117566 0.000007 -0.000003 -0.174546
 21   3.942357 1.334540 1.627658 0.000002 -0.000011 -0.000026
 22   -0.246060 -0.011889 0.516521 -0.000011 0.000031 0.000025
 23   3.942374 1.334565 -1.631083 0.000019 0.000002 -0.000024
 24   -0.246150 -0.011872 -0.516511 -0.000005 -0.000006 0.000048
 25   4.941364 1.997338 1.629330 0.000018 -0.000001 -0.000024
 26   4.941382 1.997366 -1.629410 -0.000001 0.000005 -0.000024
 27   2.914462 1.619264 1.514501 -0.000019 -0.000022 -0.000050
 28   2.916892 1.618870 -1.501142 -0.000002 -0.000009 -0.000024
 29   8.824059 0.150544 0.091743 0.000006 -0.000231 -0.174534
 30   2.111085 -0.561179 1.784320 -0.000008 -0.000682 0.000024
 31   2.121290 -0.561289 -1.853599 0.000000 0.000000 -0.000002
 32   -0.814395 -0.093824 3.127092 3.071965 -0.114691 1.239365
 33   14.298673 -0.408176 0.471578 0.000248 0.000063 -1.896136
 34   15.835795 0.581398 0.242756 -0.214735 0.106913 -0.097869
 35   -0.815868 -0.091229 -3.114430 0.066464 3.132818 -1.010216
 36   14.294526 -0.410349 -0.467541 0.000021 -0.000012 -2.607695
 37   15.834409 0.579420 -0.284600 -0.006092 -0.035255 0.214508
 38   1.139685 -3.453749 -2.823813 0.000000 0.000000 0.000001
 39   -4.457742 -1.054854 -0.746180 0.000000 0.000000 0.000000
 40   1.118101 -3.449769 3.237290 0.000000 0.000001 0.000000
 41   -4.433840 -1.059130 0.959566 -0.000001 0.000000 0.000000
 42   -0.657468 1.697302 -2.688614 0.000000 0.000002 0.000000
 43   -0.664068 1.698578 2.869377 0.000000 0.000002 0.000000
time 57
  0   -0.967547 0.175787 -20.574476 0.000000 0.000000 -1.572114
  1   -1.093036 0.000002 -0.326057 -0.214014 -1.569082 -1.356583
  2   2.262337 0.113614 0.064702 -0.098373 -0.112750 -0.050250
  3   2.380047 0.353302 0.047440 -0.141204 -0.037648 -0.071766
  4   2.033756 0.190472 -0.000128 -0.187737 -0.074448 -0.388629
  5   2.451511 0.204909 -0.003447 -0.384222 -0.107465 -0.346010
  6   7.247600 -0.397300 -0.109469 0.000001 0.000021 0.156829
  7   -2.022252 -0.104661 3.136172 1.136594 -1.365610 -4.464799
  8   1.168026 -0.537438 -0.063437 0.105470 0.871913 -0.310672
  9   6.790376 -0.619176 0.015206 0.033962 0.100493 -1.343850
 10   8.637599 0.544015 -0.090417 -3.624049 0.170566 0.021148
 11   6.790465 -0.619039 0.017802 0.040212 0.055205 -0.955528
 12   -2.022474 -0.104699 -2.873818 -1.300051 1.463122 -4.562134
 13   1.167898 -0.537463 0.063297 0.243929 -1.268003 -0.790978
 14   7.002743 -0.617765 -0.183752 0.032225 -0.200995 -1.766689
 15   8.209042 0.615527 -0.255885 2.208588 0.392686 0.254795
 16   7.002735 -0.617911 -0.183641 -0.001898 -0.141384 -1.250714
 17   1.574674 0.609930 -0.000899 0.318837 -0.333009 0.360473
 18   -0.602177 0.511412 -0.000006 0.000000 0.000000 0.000000
 19   3.673773 0.177020 1.119313 -0.000002 -0.000014 -0.174510
 20   3.673767 0.176993 -1.117566 0.000007 -0.000003 -0.174546
 21   3.942357 1.334540 1.627658 0.000002 -0.000011 -0.000026
 22   -0.246060 -0.011889 0.516521 -0.000011 0.000031 0.000025
 23   3.942374 1.334565 -1.631083 0.000019 0.000002 -0.000024
 24   -0.246150 -0.011872 -0.516511 -0.000005 -0.000006 0.000048
 25   4.941364 1.997338 1.629330 0.000018 -0.000001 -0.000024
 26   4.941382 1.997366 -1.629410 -0.000001 0.000005 -0.000024
 27   2.914462 1.619264 1.514501 -0.000019 -0.000022 -0.000050
 28   2.916892 1.618870 -1.501142 -0.000002 -0.000009 -0.000024
 29   8.824059 0.150544 0.091743 0.000006 -0.000231 -0.174534
 30   2.111085 -0.561179 1.784320 -0.000008 -0.000682 0.000024
 31   2.121290 -0.561289 -1.853599 0.000000 0.000000 -0.000002
 32   -0.814395 -0.093824 3.127092 3.071965 -0.114691 1.239365
 33   14.298673 -0.408176 0.471578 0.000248 0.000063 -1.896136
 34   15.835795 0.581398 0.242756 -0.214735 0.106913 -0.097869
 35   -0.815868 -0.091229 -3.114430 0.066464 3.132818 -1.010216
 36   14.294526 -0.410349 -0.467541 0.000021 -0.000012 -2.607695
 37   15.834409 0.579420 -0.284600 -0.006092 -0.035255 0.214508
 38   1.139685 -3.453749 -2.823813 0.000000 0.000000 0.000001
 39   -4.457742 -1.054854 -0.746180 0.000000 0.000000 0.000000
 40   1.118101 -3.449769 3.237290 0.000000 0.000001 0.000000
 41   -4.433840 -1.059130 0.959566 -0.000001 0.000000 0.000000
 42   -0.657468 1.697302 -2.688614 0.000000 0.000002 0.000000
 43   -0.664068 1.698578 2.869377 0.000000 0.000002 0.000000
time 58
  0   -0.967547 0.175787 -20.574476 0.000000 0.000000 -1.572114
  1   -1.093036 0.000002 -0.326057 -0.214014 -1.569082 -1.356583
  2   2.262337 0.113614 0.064702 -0.093469 -0.118239 -0.057369
  3   2.380047 0.353302 0.047440 -0.139299 -0.043233 -0.083602
  4   2.033756 0.190472 -0.000128 -0.185118 -0.085750 -0.397147
  5   2.451511 0.204909 -0.003447 -0.384941 -0.099723 -0.354876
  6   7.247600 -0.397300 -0.109469 0.000001 0.000021 0.156829
  7   -2.022252 -0.104661 3.136172 1.038436 -1.381494 -4.366093
  8   1.168026 -0.537438 -0.063437 0.078829 0.864416 -0.361470
  9   6.790376 -0.619176 0.015206 0.034406 0.098758 -1.331097
 10   8.637599 0.544015 -0.090417 -3.605731 0.166835 0.040030
 11   6.790465 -0.619039 0.017802 0.040066 0.053926 -0.946704
 12   -2.022474 -0.104699 -2.873818 -1.430923 1.464515 -4.695215
 13   1.167898 -0.537463 0.063297 0.198658 -1.256052 -0.727840
 14   7.002743 -0.617765 -0.183752 0.032738 -0.200938 -1.772052
 15   8.209042 0.615527 -0.255885 2.270784 0.384439 0.288111
 16   7.002735 -0.617911 -0.183641 -0.001756 -0.141384 -1.254412
 17   1.574674 0.609930 -0.000899 0.265136 -0.298573 0.377549
 18   -0.602177 0.511412 -0.000006 0.000000 0.000000 0.000000
 19   3.673773 0.177020 1.119313 -0.000002 -0.000014 -0.174510
 20   3.673767 0.176993 -1.117566 0.000007 -0.000003 -0.174546
 21   3.942357 1.334540 1.627658 0.000002 -0.000011 -0.000026
 22   -0.246060 -0.011889 0.516521 -0.000011 0.000031 0.000025
 23   3.942374 1.334565 -1.631083 0.000019 0.000002 -0.000024
 24   -0.246150 -0.011872 -0.516511 -0.000005 -0.000006 0.000048
 25   4.941364 1.997338 1.629330 0.000018 -0.000001 -0.000024
 26   4.941382 1.997366 -1.629410 -0.000001 0.000005 -0.000024
 27   2.914462 1.619264 1.514501 -0.000019 -0.000022 -0.000050
 28   2.916892 1.618870 -1.501142 -0.000002 -0.000009 -0.000024
 29   8.824059 0.150544 0.091743 0.000006 -0.000231 -0.174534
 30   2.111085 -0.561179 1.784320 -0.000008 -0.000682 0.000024
 31   2.121290 -0.561289 -1.853599 0.000000 0.000000 -0.000002
 32   -0.814395 -0.093824 3.127092 3.071965 -0.114691 1.239365
 33   14.298673 -0.408176 0.471578 0.000248 0.000063 -1.896136
 34   15.835795 0.581398 0.242756 -0.214735 0.106913 -0.097869
 35   -0.815868 -0.091229 -3.114430 0.066464 3.132818 -1.010216
 36   14.294526 -0.410349 -0.467541 0.000021 -0.000012 -2.607695
 37   15.834409 0.579420 -0.284600 -0.006092 -0.035255 0.214508
 38   1.139685 -3.453749 -2.823813 0.000000 0.000000 0.000001
 39   -4.457742 -1.054854 -0.746180 0.000000 0.000000 0.000000
 40   1.118101 -3.449769 3.237290 0.000000 0.000001 0.000000
 41   -4.433840 -1.059130 0.959566 -0.000001 0.000000 0.000000
 42   -0.657468 1.697302 -2.688614 0.000000 0.000002 0.000000
 43   -0.664068 1.698578 2.869377 0.000000 0.000002 0.000000
time 59
  0   -0.967547 0.175787 -20.574476 0.000000 0.000000 -1.572114
  1   -1.093036 0.000002 -0.326057 -0.214014 -1.569082 -1.356583
  2   2.262337 0.113614 0.064702 -0.080273 -0.123548 -0.059755
  3   2.380047 0.353302 0.047440 -0.133704 -0.052557 -0.091090
  4   2.033756 0.190472 -0.000128 -0.181651 -0.095793 -0.405484
  5   2.451511 0.204909 -0.003447 -0.385968 -0.090141 -0.364139
  6   7.247600 -0.397300 -0.109469 0.000001 0.000021 0.156829
  7   -2.022252 -0.104661 3.136172 0.963858 -1.376795 -4.291993
  8   1.168026 -0.537438 -0.063437 0.050416 0.824416 -0.432258
  9   6.790376 -0.619176 0.015206 0.035959 0.095354 -1.290344
 10   8.637599 0.544015 -0.090417 -3.586973 0.159444 0.027298
 11   6.790465 -0.619039 0.017802 0.040066 0.051367 -0.918271
 12   -2.022474 -0.104699 -2.873818 -1.429582 1.476125 -4.690044
 13   1.167898 -0.537463 0.063297 0.186215 -1.246848 -0.686858
 14   7.002743 -0.617765 -0.183752 0.032738 -0.200824 -1.772217
 15   8.209042 0.615527 -0.255885 2.316586 0.375435 0.307716
 16   7.002735 -0.617911 -0.183641 -0.001756 -0.141384 -1.254633
 17   1.574674 0.609930 -0.000899 0.210947 -0.245346 0.379767
 18   -0.602177 0.511412 -0.000006 0.000000 0.000000 0.000000
 19   3.673773 0.177020 1.119313 -0.000002 -0.000014 -0.174510
 20   3.673767 0.176993 -1.117566 0.000007 -0.000003 -0.174546
 21   3.942357 1.334540 1.627658 0.000002 -0.000011 -0.000026
 22   -0.246060 -0.011889 0.516521 -0.000011 0.000031 0.000025
 23   3.942374 1.334565 -1.631083 0.000019 0.000002 -0.000024
 24   -0.246150 -0.011872 -0.516511 -0.000005 -0.000006 0.000048
 25   4.941364 1.997338 1.629330 0.000018 -0.000001 -0.000024
 26   4.941382 1.997366 -1.629410 -0.000001 0.000005 -0.000024
 27   2.914462 1.619264 1.514501 -0.000019 -0.000022 -0.000050
 28   2.916892 1.618870 -1.501142 -0.000002 -0.000009 -0.000024
 29   8.824059 0.150544 0.091743 0.000006 -0.000231 -0.174534
 30   2.111085 -0.561179 1.784320 -0.000008 -0.000682 0.000024
 31   2.121290 -0.561289 -1.853599 0.000000 0.000000 -0.000002
 32   -0.814395 -0.093824 3.127092 3.071965 -0.114691 1.239365
 33   14.298673 -0.408176 0.471578 0.000248 0.000063 -1.896136
 34   15.835795 0.581398 0.242756 -0.214735 0.106913 -0.097869
 35   -0.815868 -0.091229 -3.114430 0.066464 3.132818 -1.010216
 36   14.294526 -0.410349 -0.467541 0.000021 -0.000012 -2.607695
 37   15.834409 0.579420 -0.284600 -0.006092 -0.035255 0.214508
 38   1.139685 -3.453749 -2.823813 0.000000 0.000000 0.000001
 39   -4.457742 -1.054854 -0.746180 0.000000 0.000000 0.000000
 40   1.118101 -3.449769 3.237290 0.000000 0.000001 0.000000
 41   -4.433840 -1.059130 0.959566 -0.000001 0.000000 0.000000
 42   -0.657468 1.697302 -2.688614 0.000000 0.000002 0.000000
 43   -0.664068 1.698578 2.869377 0.000000 0.000002 0.000000
time 60
  0   -0.967547 0.175787 -20.574476 0.000000 0.000000 -1.572114
  1   -1.093036 0.000002 -0.326057 -0.214014 -1.569082 -1.356583
  2   2.262337 0.113614 0.064702 -0.075649 -0.128198 -0.060604
  3   2.380047 0.353302 0.047440 -0.129219 -0.052509 -0.095172
  4   2.033756 0.190472 -0.000128 -0.179917 -0.099820 -0.410522
  5   2.451511 0.204909 -0.003447 -0.385506 -0.091512 -0.367432
  6   7.247600 -0.397300 -0.109469 0.000001 0.000021 0.156829
  7   -2.022252 -0.104661 3.136172 0.835408 -1.373422 -4.153466
  8   1.168026 -0.537438 -0.063437 0.021686 0.758454 -0.504122
  9   6.790376 -0.619176 0.015206 0.038068 0.090148 -1.235328
 10   8.637599 0.544015 -0.090417 -3.508155 0.146633 0.027659
 11   6.790465 -0.619039 0.017802 0.039920 0.047615 -0.879801
 12   -2.022474 -0.104699 -2.873818 -1.214783 1.477605 -4.459117
 13   1.167898 -0.537463 0.063297 0.225300 -1.240491 -0.703929
 14   7.002743 -0.617765 -0.183752 0.032396 -0.200711 -1.768752
 15   8.209042 0.615527 -0.255885 2.336503 0.415383 0.311745
 16   7.002735 -0.617911 -0.183641 -0.001804 -0.141215 -1.252149
 17   1.574674 0.609930 -0.000899 0.183365 -0.206225 0.369565
 18   -0.602177 0.511412 -0.000006 0.000000 0.000000 0.000000
 19   3.673773 0.177020 1.119313 -0.000002 -0.000014 -0.174510
 20   3.673767 0.176993 -1.117566 0.000007 -0.000003 -0.174546
 21   3.942357 1.334540 1.627658 0.000002 -0.000011 -0.000026
 22   -0.246060 -0.011889 0.516521 -0.000011 0.000031 0.000025
 23   3.942374 1.334565 -1.631083 0.000019 0.000002 -0.000024
 24   -0.246150 -0.011872 -0.516511 -0.000005 -0.000006 0.000048
 25   4.941364 1.997338 1.629330 0.000018 -0.000001 -0.000024
 26   4.941382 1.997366 -1.629410 -0.000001 0.000005 -0.000024
 27   2.914462 1.619264 1.514501 -0.000019 -0.000022 -0.000050
 28   2.916892 1.618870 -1.501142 -0.000002 -0.000009 -0.000024
 29   8.824059 0.150544 0.091743 0.000006 -0.000231 -0.174534
 30   2.111085 -0.561179 1.784320 -0.000008 -0.000682 0.000024
 31   2.121290 -0.561289 -1.853599 0.000000 0.000000 -0.000002
 32   -0.814395 -0.093824 3.127092 3.071965 -0.114691 1.239365
 33   14.298673 -0.408176 0.471578 0.000248 0.000063 -1.896136
 34   15.835795 0.581398 0.242756 -0.214735 0.106913 -0.097869
 35   -0.815868 -0.091229 -3.114430 0.066464 3.132818 -1.010216
 36   14.294526 -0.410349 -0.467541 0.000021 -0.000012 -2.607695
 37   15.834409 0.579420 -0.284600 -0.006092 -0.035255 0.214508
 38   1.139685 -3.453749 -2.823813 0.000000 0.000000 0.000001
 39   -4.457742 -1.054854 -0.746180 0.000000 0.000000 0.000000
 40   1.118101 -3.449769 3.237290 0.000000 0.000001 0.000000
 41   -4.433840 -1.059130 0.959566 -0.000001 0.000000 0.000000
 42   -0.657468 1.697302 -2.688614 0.000000 0.000002 0.000000
 43   -0.664068 1.698578 2.869377 0.000000 0.000002 0.000000
time 61
  0   -0.967547 0.175787 -20.574476 0.000000 0.000000 -1.572114
  1   -1.093036 0.000002 -0.326057 -0.214014 -1.569082 -1.356583
  2   2.262337 0.113614 0.064702 -0.072210 -0.125430 -0.061020
  3   2.380047 0.353302 0.047440 -0.126323 -0.051897 -0.097375
  4   2.033756 0.190472 -0.000128 -0.179788 -0.099999 -0.411102
  5   2.451511 0.204909 -0.003447 -0.383623 -0.101891 -0.365203
  6   7.247600 -0.397300 -0.109469 0.000001 0.000021 0.156829
  7   -2.022252 -0.104661 3.136172 0.785946 -1.374719 -4.093359
  8   1.168026 -0.537438 -0.063437 -0.011030 0.703812 -0.537903
  9   6.790376 -0.619176 0.015206 0.039011 0.085276 -1.187859
 10   8.637599 0.544015 -0.090417 -3.366195 0.154306 0.072224
 11   6.790465 -0.619039 0.017802 0.039336 0.044176 -0.846696
 12   -2.022474 -0.104699 -2.873818 -0.951217 1.456330 -4.184340
 13   1.167898 -0.537463 0.063297 0.247514 -1.244356 -0.708469
 14   7.002743 -0.617765 -0.183752 0.031827 -0.200540 -1.761574
 15   8.209042 0.615527 -0.255885 2.309036 0.437703 0.283300
 16   7.002735 -0.617911 -0.183641 -0.002039 -0.140933 -1.247292
 17   1.574674 0.609930 -0.000899 0.192667 -0.171719 0.350272
 18   -0.602177 0.511412 -0.000006 0.000000 0.000000 0.000000
 19   3.673773 0.177020 1.119313 -0.000002 -0.000014 -0.174510
 20   3.673767 0.176993 -1.117566 0.000007 -0.000003 -0.174546
 21   3.942357 1.334540 1.627658 0.000002 -0.000011 -0.000026
 22   -0.246060 -0.011889 0.516521 -0.000011 0.000031 0.000025
 23   3.942374 1.334565 -1.631083 0.000019 0.000002 -0.000024
 24   -0.246150 -0.011872 -0.516511 -0.000005 -0.000006 0.000048
 25   4.941364 1.997338 1.629330 0.000018 -0.000001 -0.000024
 26   4.941382 1.997366 -1.629410 -0.000001 0.000005 -0.000024
 27   2.914462 1.619264 1.514501 -0.000019 -0.000022 -0.000050
 28   2.916892 1.618870 -1.501142 -0.000002 -0.000009 -0.000024
 29   8.824059 0.150544 0.091743 0.000006 -0.000231 -0.174534
 30   2.111085 -0.561179 1.784320 -0.000008 -0.000682 0.000024
 31   2.121290 -0.561289 -1.853599 0.000000 0.000000 -0.000002
 32   -0.814395 -0.093824 3.127092 3.071965 -0.114691 1.239365
 33   14.298673 -0.408176 0.471578 0.000248 0.000063 -1.896136
 34   15.835795 0.581398 0.242756 -0.214735 0.106913 -0.097869
 35   -0.815868 -0.091229 -3.114430 0.066464 3.132818 -1.010216
 36   14.294526 -0.410349 -0.467541 0.000021 -0.000012 -2.607695
 37   15.834409 0.579420 -0.284600 -0.006092 -0.035255 0.214508
 38   1.139685 -3.453749 -2.823813 0.000000 0.000000 0.000001
 39   -4.457742 -1.054854 -0.746180 0.000000 0.000000 0.000000
 40   1.118101 -3.449769 3.237290 0.000000 0.000001 0.000000
 41   -4.433840 -1.059130 0.959566 -0.000001 0.000000 0.000000
 42   -0.657468 1.697302 -2.688614 0.000000 0.000002 0.000000
 43   -0.664068 1.698578 2.869377 0.000000 0.000002 0.000000
time 62
  0   -0.967547 0.175787 -20.574476 0.000000 0.000000 -1.572114
  1   -1.093036 0.000002 -0.326057 -0.214014 -1.569082 -1.356583
  2   2.262337 0.113614 0.064702 -0.071917 -0.122494 -0.060785
  3   2.380047 0.353302 0.047440 -0.126924 -0.049237 -0.096926
  4   2.033756 0.190472 -0.000128 -0.179696 -0.100023 -0.411102
  5   2.451511 0.204909 -0.003447 -0.382836 -0.106499 -0.363420
  6   7.247600 -0.397300 -0.109469 0.000001 0.000021 0.156829
  7   -2.022252 -0.104661 3.136172 0.817195 -1.376795 -4.124728
  8   1.168026 -0.537438 -0.063437 -0.084308 0.702907 -0.550049
  9   6.790376 -0.619176 0.015206 0.040176 0.080271 -1.137296
 10   8.637599 0.544015 -0.090417 -3.358974 0.141847 0.087344
 11   6.790465 -0.619039 0.017802 0.038869 0.040680 -0.811284
 12   -2.022474 -0.104699 -2.873818 -0.800705 1.439903 -4.028665
 13   1.167898 -0.537463 0.063297 0.234298 -1.248373 -0.689703
 14   7.002743 -0.617765 -0.183752 0.032168 -0.200427 -1.766689
 15   8.209042 0.615527 -0.255885 2.277471 0.427943 0.272355
 16   7.002735 -0.617911 -0.183641 -0.001851 -0.140933 -1.250714
 17   1.574674 0.609930 -0.000899 0.215375 -0.143887 0.326986
 18   -0.602177 0.511412 -0.000006 0.000000 0.000000 0.000000
 19   3.673773 0.177020 1.119313 -0.000002 -0.000014 -0.174510
 20   3.673767 0.176993 -1.117566 0.000007 -0.000003 -0.174546
 21   3.942357 1.334540 1.627658 0.000002 -0.000011 -0.000026
 22   -0.246060 -0.011889 0.516521 -0.000011 0.000031 0.000025
 23   3.942374 1.334565 -1.631083 0.000019 0.000002 -0.000024
 24   -0.246150 -0.011872 -0.516511 -0.000005 -0.000006 0.000048
 25   4.941364 1.997338 1.629330 0.000018 -0.000001 -0.000024
 26   4.941382 1.997366 -1.629410 -0.000001 0.000005 -0.000024
 27   2.914462 1.619264 1.514501 -0.000019 -0.000022 -0.000050
 28   2.916892 1.618870 -1.501142 -0.000002 -0.000009 -0.000024
 29   8.824059 0.150544 0.091743 0.000006 -0.000231 -0.174534
 30   2.111085 -0.561179 1.784320 -0.000008 -0.000682 0.000024
 31   2.121290 -0.561289 -1.853599 0.000000 0.000000 -0.000002
 32   -0.814395 -0.093824 3.127092 3.071965 -0.114691 1.239365
 33   14.298673 -0.408176 0.471578 0.000248 0.000063 -1.896136
 34   15.835795 0.581398 0.242756 -0.214735 0.106913 -0.097869
 35   -0.815868 -0.091229 -3.114430 0.066464 3.132818 -1.010216
 36   14.294526 -0.410349 -0.467541 0.000021 -0.000012 -2.607695
 37   15.834409 0.579420 -0.284600 -0.006092 -0.035255 0.214508
 38   1.139685 -3.453749 -2.823813 0.000000 0.000000 0.000001
 39   -4.457742 -1.054854 -0.746180 0.000000 0.000000 0.000000
 40   1.118101 -3.449769 3.237290 0.000000 0.000001 0.000000
 41   -4.433840 -1.059130 0.959566 -0.000001 0.000000 0.000000
 42   -0.657468 1.697302 -2.688614 0.000000 0.000002 0.000000
 43   -0.664068 1.698578 2.869377 0.000000 0.000002 0.000000
time 63
  0   -0.967547 0.175787 -20.574476 0.000000 0.000000 -1.572114
  1   -1.093036 0.000002 -0.326057 -0.214014 -1.569082 -1.356583
  2   2.262337 0.113614 0.064702 -0.074809 -0.120097 -0.058002
  3   2.380047 0.353302 0.047440 -0.128124 -0.046576 -0.094355
  4   2.033756 0.190472 -0.000128 -0.180083 -0.097698 -0.409326
  5   2.451511 0.204909 -0.003447 -0.383041 -0.104724 -0.362479
  6   7.247600 -0.397300 -0.109469 0.000001 0.000021 0.156829
  7   -2.022252 -0.104661 3.136172 0.865891 -1.379966 -4.180890
  8   1.168026 -0.537438 -0.063437 -0.222323 0.727712 -0.586930
  9   6.790376 -0.619176 0.015206 0.041008 0.074664 -1.081752
 10   8.637599 0.544015 -0.090417 -3.404239 0.183377 0.124890
 11   6.790465 -0.619039 0.017802 0.038110 0.036814 -0.772584
 12   -2.022474 -0.104699 -2.873818 -0.752609 1.446753 -3.975337
 13   1.167898 -0.537463 0.063297 0.236337 -1.249695 -0.705079
 14   7.002743 -0.617765 -0.183752 0.032168 -0.200313 -1.766524
 15   8.209042 0.615527 -0.255885 2.262228 0.424311 0.259305
 16   7.002735 -0.617911 -0.183641 -0.001851 -0.140820 -1.250714
 17   1.574674 0.609930 -0.000899 0.240479 -0.132053 0.312867
 18   -0.602177 0.511412 -0.000006 0.000000 0.000000 0.000000
 19   3.673773 0.177020 1.119313 -0.000002 -0.000014 -0.174510
 20   3.673767 0.176993 -1.117566 0.000007 -0.000003 -0.174546
 21   3.942357 1.334540 1.627658 0.000002 -0.000011 -0.000026
 22   -0.246060 -0.011889 0.516521 -0.000011 0.000031 0.000025
 23   3.942374 1.334565 -1.631083 0.000019 0.000002 -0.000024
 24   -0.246150 -0.011872 -0.516511 -0.000005 -0.000006 0.000048
 25   4.941364 1.997338 1.629330 0.000018 -0.000001 -0.000024
 26   4.941382 1.997366 -1.629410 -0.000001 0.000005 -0.000024
 27   2.914462 1.619264 1.514501 -0.000019 -0.000022 -0.000050
 28   2.916892 1.618870 -1.501142 -0.000002 -0.000009 -0.000024
 29   8.824059 0.150544 0.091743 0.000006 -0.000231 -0.174534
 30   2.111085 -0.561179 1.784320 -0.000008 -0.000682 0.000024
 31   2.121290 -0.561289 -1.853599 0.000000 0.000000 -0.000002
 32   -0.814395 -0.093824 3.127092 3.071965 -0.114691 1.239365
 33   14.298673 -0.408176 0.471578 0.000248 0.000063 -1.896136
 34   15.835795 0.581398 0.242756 -0.214735 0.106913 -0.097869
 35   -0.815868 -0.091229 -3.114430 0.066464 3.132818 -1.010216
 36   14.294526 -0.410349 -0.467541 0.000021 -0.000012 -2.607695
 37   15.834409 0.579420 -0.284600 -0.006092 -0.035255 0.214508
 38   1.139685 -3.453749 -2.823813 0.000000 0.000000 0.000001
 39   -4.457742 -1.054854 -0.746180 0.000000 0.000000 0.000000
 40   1.118101 -3.449769 3.237290 0.000000 0.000001 0.000000
 41   -4.433840 -1.059130 0.959566 -0.000001 0.000000 0.000000
 42   -0.657468 1.697302 -2.688614 0.000000 0.000002 0.000000
 43   -0.664068 1.698578 2.869377 0.000000 0.000002 0.000000
time 64
  0   -0.967547 0.175787 -20.574476 0.000000 0.000000 -1.572114
  1   -1.093036 0.000002 -0.326057 -0.214014 -1.569082 -1.356583
  2   2.262337 0.113614 0.064702 -0.078821 -0.116993 -0.054876
  3   2.380047 0.353302 0.047440 -0.129444 -0.043808 -0.090478
  4   2.033756 0.190472 -0.000128 -0.180655 -0.094403 -0.406499
  5   2.451511 0.204909 -0.003447 -0.383623 -0.101577 -0.361414
  6   7.247600 -0.397300 -0.109469 0.000001 0.000021 0.156829
  7   -2.022252 -0.104661 3.136172 0.897237 -1.379793 -4.224655
  8   1.168026 -0.537438 -0.063437 -0.373627 0.726404 -0.661071
  9   6.790376 -0.619176 0.015206 0.041785 0.066856 -1.005002
 10   8.637599 0.544015 -0.090417 -3.451618 0.231383 0.160122
 11   6.790465 -0.619039 0.017802 0.036883 0.031612 -0.718888
 12   -2.022474 -0.104699 -2.873818 -0.800513 1.454618 -4.023399
 13   1.167898 -0.537463 0.063297 0.212155 -1.247153 -0.696241
 14   7.002743 -0.617765 -0.183752 0.032055 -0.200086 -1.765864
 15   8.209042 0.615527 -0.255885 2.261724 0.430213 0.252750
 16   7.002735 -0.617911 -0.183641 -0.001851 -0.140651 -1.250162
 17   1.574674 0.609930 -0.000899 0.257418 -0.132881 0.319409
 18   -0.602177 0.511412 -0.000006 0.000000 0.000000 0.000000
 19   3.673773 0.177020 1.119313 -0.000002 -0.000014 -0.174510
 20   3.673767 0.176993 -1.117566 0.000007 -0.000003 -0.174546
 21   3.942357 1.334540 1.627658 0.000002 -0.000011 -0.000026
 22   -0.246060 -0.011889 0.516521 -0.000011 0.000031 0.000025
 23   3.942374 1.334565 -1.631083 0.000019 0.000002 -0.000024
 24   -0.246150 -0.011872 -0.516511 -0.000005 -0.000006 0.000048
 25   4.941364 1.997338 1.629330 0.000018 -0.000001 -0.000024
 26   4.941382 1.997366 -1.629410 -0.000001 0.000005 -0.000024
 27   2.914462 1.619264 1.514501 -0.000019 -0.000022 -0.000050
 28   2.916892 1.618870 -1.501142 -0.000002 -0.000009 -0.000024
 29   8.824059 0.150544 0.091743 0.000006 -0.000231 -0.174534
 30   2.111085 -0.561179 1.784320 -0.000008 -0.000682 0.000024
 31   2.121290 -0.561289 -1.853599 0.000000 0.000000 -0.000002
 32   -0.814395 -0.093824 3.127092 3.071965 -0.114691 1.239365
 33   14.298673 -0.408176 0.471578 0.000248 0.000063 -1.896136
 34   15.835795 0.581398 0.242756 -0.214735 0.106913 -0.097869
 35   -0.815868 -0.091229 -3.114430 0.066464 3.132818 -1.010216
 36   14.294526 -0.410349 -0.467541 0.000021 -0.000012 -2.607695
 37   15.834409 0.579420 -0.284600 -0.006092 -0.035255 0.214508
 38   1.139685 -3.453749 -2.823813 0.000000 0.000000 0.000001
 39   -4.457742 -1.054854 -0.746180 0.000000 0.000000 0.000000
 40   1.118101 -3.449769 3.237290 0.000000 0.000001 0.000000
 41   -4.433840 -1.059130 0.959566 -0.000001 0.000000 0.000000
 42   -0.657468 1.697302 -2.688614 0.000000 0.000002 0.000000
 43   -0.664068 1.698578 2.869377 0.000000 0.000002 0.000000
time 65
  0   -0.967547 0.175787 -20.574476 0.000000 0.000000 -1.572114
  1   -1.093036 0.000002 -0.326057 -0.214014 -1.569082 -1.356583
  2   2.262337 0.113614 0.064702 -0.082069 -0.113541 -0.051388
  3   2.380047 0.353302 0.047440 -0.130329 -0.040752 -0.086356
  4   2.033756 0.190472 -0.000128 -0.181190 -0.091311 -0.403599
  5   2.451511 0.204909 -0.003447 -0.383726 -0.101329 -0.359111
  6   7.247600 -0.397300 -0.109469 0.000001 0.000021 0.156829
  7   -2.022252 -0.104661 3.136172 0.923406 -1.382877 -4.260437
  8   1.168026 -0.537438 -0.063437 -0.505313 0.701750 -0.761212
  9   6.790376 -0.619176 0.015206 0.042062 0.058513 -0.922365
 10   8.637599 0.544015 -0.090417 -3.502695 0.270380 0.130099
 11   6.790465 -0.619039 0.017802 0.035190 0.026069 -0.661040
 12   -2.022474 -0.104699 -2.873818 -0.906667 1.453051 -4.131491
 13   1.167898 -0.537463 0.063297 0.157464 -1.241660 -0.650840
 14   7.002743 -0.617765 -0.183752 0.031941 -0.199859 -1.764049
 15   8.209042 0.615527 -0.255885 2.272941 0.432861 0.266582
 16   7.002735 -0.617911 -0.183641 -0.001898 -0.140482 -1.248948
 17   1.574674 0.609930 -0.000899 0.267411 -0.129402 0.344432
 18   -0.602177 0.511412 -0.000006 0.000000 0.000000 0.000000
 19   3.673773 0.177020 1.119313 -0.000002 -0.000014 -0.174510
 20   3.673767 0.176993 -1.117566 0.000007 -0.000003 -0.174546
 21   3.942357 1.334540 1.627658 0.000002 -0.000011 -0.000026
 22   -0.246060 -0.011889 0.516521 -0.000011 0.000031 0.000025
 23   3.942374 1.334565 -1.631083 0.000019 0.000002 -0.000024
 24   -0.246150 -0.011872 -0.516511 -0.000005 -0.000006 0.000048
 25   4.941364 1.997338 1.629330 0.000018 -0.000001 -0.000024
 26   4.941382 1.997366 -1.629410 -0.000001 0.000005 -0.000024
 27   2.914462 1.619264 1.514501 -0.000019 -0.000022 -0.000050
 28   2.916892 1.618870 -1.501142 -0.000002 -0.000009 -0.000024
 29   8.824059 0.150544 0.091743 0.000006 -0.000231 -0.174534
 30   2.111085 -0.561179 1.784320 -0.000008 -0.000682 0.000024
 31   2.121290 -0.561289 -1.853599 0.000000 0.000000 -0.000002
 32   -0.814395 -0.093824 3.127092 3.071965 -0.114691 1.239365
 33   14.298673 -0.408176 0.471578 0.000248 0.000063 -1.896136
 34   15.835795 0.581398 0.242756 -0.214735 0.106913 -0.097869
 35   -0.815868 -0.091229 -3.114430 0.066464 3.132818 -1.010216
 36   14.294526 -0.410349 -0.467541 0.000021 -0.000012 -2.607695
 37   15.834409 0.579420 -0.284600 -0.006092 -0.035255 0.214508
 38   1.139685 -3.453749 -2.823813 0.000000 0.000000 0.000001
 39   -4.457742 -1.054854 -0.746180 0.000000 0.000000 0.000000
 40   1.118101 -3.449769 3.237290 0.000000 0.000001 0.000000
 41   -4.433840 -1.059130 0.959566 -0.000001 0.000000 0.000000
 42   -0.657468 1.697302 -2.688614 0.000000 0.000002 0.000000
 43   -0.664068 1.698578 2.869377 0.000000 0.000002 0.000000
time 66
  0   -0.967547 0.175787 -20.574476 0.000000 0.000000 -1.572114
  1   -1.093036 0.000002 -0.326057 -0.214014 -1.569082 -1.356583
  2   2.262337 0.113614 0.064702 -0.084247 -0.110305 -0.048551
  3   2.380047 0.353302 0.047440 -0.130884 -0.037264 -0.081683
  4   2.033756 0.190472 -0.000128 -0.181780 -0.088290 -0.399322
  5   2.451511 0.204909 -0.003447 -0.383863 -0.101212 -0.355718
  6   7.247600 -0.397300 -0.109469 0.000001 0.000021 0.156829
  7   -2.022252 -0.104661 3.136172 0.959545 -1.391035 -4.304953
  8   1.168026 -0.537438 -0.063437 -0.628900 0.690580 -0.858886
  9   6.790376 -0.619176 0.015206 0.041729 0.052440 -0.861462
 10   8.637599 0.544015 -0.090417 -3.511061 0.292412 0.133933
 11   6.790465 -0.619039 0.017802 0.033818 0.022004 -0.618534
 12   -2.022474 -0.104699 -2.873818 -1.037827 1.446607 -4.265241
 13   1.167898 -0.537463 0.063297 0.092370 -1.233727 -0.596298
 14   7.002743 -0.617765 -0.183752 0.031371 -0.199461 -1.757531
 15   8.209042 0.615527 -0.255885 2.288688 0.444891 0.276204
 16   7.002735 -0.617911 -0.183641 -0.002086 -0.140087 -1.244422
 17   1.574674 0.609930 -0.000899 0.273504 -0.121758 0.380173
 18   -0.602177 0.511412 -0.000006 0.000000 0.000000 0.000000
 19   3.673773 0.177020 1.119313 -0.000002 -0.000014 -0.174510
 20   3.673767 0.176993 -1.117566 0.000007 -0.000003 -0.174546
 21   3.942357 1.334540 1.627658 0.000002 -0.000011 -0.000026
 22   -0.246060 -0.011889 0.516521 -0.000011 0.000031 0.000025
 23   3.942374 1.334565 -1.631083 0.000019 0.000002 -0.000024
 24   -0.246150 -0.011872 -0.516511 -0.000005 -0.000006 0.000048
 25   4.941364 1.997338 1.629330 0.000018 -0.000001 -0.000024
 26   4.941382 1.997366 -1.629410 -0.000001 0.000005 -0.000024
 27   2.914462 1.619264 1.514501 -0.000019 -0.000022 -0.000050
 28   2.916892 1.618870 -1.501142 -0.000002 -0.000009 -0.000024
 29   8.824059 0.150544 0.091743 0.000006 -0.000231 -0.174534
 30   2.111085 -0.561179 1.784320 -0.000008 -0.000682 0.000024
 31   2.121290 -0.561289 -1.853599 0.000000 0.000000 -0.000002
 32   -0.814395 -0.093824 3.127092 3.071965 -0.114691 1.239365
 33   14.298673 -0.408176 0.471578 0.000248 0.000063 -1.896136
 34   15.835795 0.581398 0.242756 -0.214735 0.106913 -0.097869
 35   -0.815868 -0.091229 -3.114430 0.066464 3.132818 -1.010216
 36   14.294526 -0.410349 -0.467541 0.000021 -0.000012 -2.607695
 37   15.834409 0.579420 -0.284600 -0.006092 -0.035255 0.214508
 38   1.139685 -3.453749 -2.823813 0.000000 0.000000 0.000001
 39   -4.457742 -1.054854 -0.746180 0.000000 0.000000 0.000000
 40   1.118101 -3.449769 3.237290 0.000000 0.000001 0.000000
 41   -4.433840 -1.059130 0.959566 -0.000001 0.000000 0.000000
 42   -0.657468 1.697302 -2.688614 0.000000 0.000002 0.000000
 43   -0.664068 1.698578 2.869377 0.000000 0.000002 0.000000
time 67
  0   -0.967547 0.175787 -20.574476 0.000000 0.000000 -1.572114
  1   -1.093036 0.000002 -0.326057 -0.214014 -1.569082 -1.356583
  2   2.262337 0.113614 0.064702 -0.084578 -0.107968 -0.046310
  3   2.380047 0.353302 0.047440 -0.131364 -0.034256 -0.076194
  4   2.033756 0.190472 -0.000128 -0.182370 -0.085630 -0.393595
  5   2.451511 0.204909 -0.003447 -0.384017 -0.101147 -0.351384
  6   7.247600 -0.397300 -0.109469 0.000001 0.000021 0.156829
  7   -2.022252 -0.104661 3.136172 0.963475 -1.399338 -4.315847
  8   1.168026 -0.537438 -0.063437 -0.737806 0.702856 -0.934736
  9   6.790376 -0.619176 0.015206 0.041286 0.047568 -0.812710
 10   8.637599 0.544015 -0.090417 -3.476540 0.336335 0.218721
 11   6.790465 -0.619039 0.017802 0.032621 0.018906 -0.584391
 12   -2.022474 -0.104699 -2.873818 -1.146760 1.439613 -4.375727
 13   1.167898 -0.537463 0.063297 0.035641 -1.218979 -0.561672
 14   7.002743 -0.617765 -0.183752 0.029663 -0.198780 -1.737152
 15   8.209042 0.615527 -0.255885 2.308245 0.464259 0.280534
 16   7.002735 -0.617911 -0.183641 -0.002604 -0.139129 -1.230293
 17   1.574674 0.609930 -0.000899 0.279516 -0.121261 0.415545
 18   -0.602177 0.511412 -0.000006 0.000000 0.000000 0.000000
 19   3.673773 0.177020 1.119313 -0.000002 -0.000014 -0.174510
 20   3.673767 0.176993 -1.117566 0.000007 -0.000003 -0.174546
 21   3.942357 1.334540 1.627658 0.000002 -0.000011 -0.000026
 22   -0.246060 -0.011889 0.516521 -0.000011 0.000031 0.000025
 23   3.942374 1.334565 -1.631083 0.000019 0.000002 -0.000024
 24   -0.246150 -0.011872 -0.516511 -0.000005 -0.000006 0.000048
 25   4.941364 1.997338 1.629330 0.000018 -0.000001 -0.000024
 26   4.941382 1.997366 -1.629410 -0.000001 0.000005 -0.000024
 27   2.914462 1.619264 1.514501 -0.000019 -0.000022 -0.000050
 28   2.916892 1.618870 -1.501142 -0.000002 -0.000009 -0.000024
 29   8.824059 0.150544 0.091743 0.000006 -0.000231 -0.174534
 30   2.111085 -0.561179 1.784320 -0.000008 -0.000682 0.000024
 31   2.121290 -0.561289 -1.853599 0.000000 0.000000 -0.000002
 32   -0.814395 -0.093824 3.127092 3.071965 -0.114691 1.239365
 33   14.298673 -0.408176 0.471578 0.000248 0.000063 -1.896136
 34   15.835795 0.581398 0.242756 -0.214735 0.106913 -0.097869
 35   -0.815868 -0.091229 -3.114430 0.066464 3.132818 -1.010216
 36   14.294526 -0.410349 -0.467541 0.000021 -0.000012 -2.607695
 37   15.834409 0.579420 -0.284600 -0.006092 -0.035255 0.214508
 38   1.139685 -3.453749 -2.823813 0.000000 0.000000 0.000001
 39   -4.457742 -1.054854 -0.746180 0.000000 0.000000 0.000000
 40   1.118101 -3.449769 3.237290 0.000000 0.000001 0.000000
 41   -4.433840 -1.059130 0.959566 -0.000001 0.000000 0.000000
 42   -0.657468 1.697302 -2.688614 0.000000 0.000002 0.000000
 43   -0.664068 1.698578 2.869377 0.000000 0.000002 0.000000
time 68
  0   -0.967547 0.175787 -20.574476 0.000000 0.000000 -1.572114
  1   -1.093036 0.000002 -0.326057 -0.214014 -1.569082 -1.356583
  2   2.262337 0.113614 0.064702 -0.084884 -0.105847 -0.043365
  3   2.380047 0.353302 0.047440 -0.131709 -0.032003 -0.070358
  4   2.033756 0.190472 -0.000128 -0.182831 -0.083808 -0.387578
  5   2.451511 0.204909 -0.003447 -0.384154 -0.101042 -0.346753
  6   7.247600 -0.397300 -0.109469 0.000001 0.000021 0.156829
  7   -2.022252 -0.104661 3.136172 0.908644 -1.392419 -4.252548
  8   1.168026 -0.537438 -0.063437 -0.804124 0.737121 -0.955548
  9   6.790376 -0.619176 0.015206 0.040564 0.043497 -0.772335
 10   8.637599 0.544015 -0.090417 -3.427928 0.383145 0.223785
 11   6.790465 -0.619039 0.017802 0.031453 0.016319 -0.556188
 12   -2.022474 -0.104699 -2.873818 -1.210280 1.438684 -4.435756
 13   1.167898 -0.537463 0.063297 0.017996 -1.194111 -0.592666
 14   7.002743 -0.617765 -0.183752 0.026020 -0.195543 -1.695157
 15   8.209042 0.615527 -0.255885 2.347720 0.498306 0.289133
 16   7.002735 -0.617911 -0.183641 -0.003592 -0.136084 -1.201261
 17   1.574674 0.609930 -0.000899 0.292880 -0.123533 0.454058
 18   -0.602177 0.511412 -0.000006 0.000000 0.000000 0.000000
 19   3.673773 0.177020 1.119313 -0.000002 -0.000014 -0.174510
 20   3.673767 0.176993 -1.117566 0.000007 -0.000003 -0.174546
 21   3.942357 1.334540 1.627658 0.000002 -0.000011 -0.000026
 22   -0.246060 -0.011889 0.516521 -0.000011 0.000031 0.000025
 23   3.942374 1.334565 -1.631083 0.000019 0.000002 -0.000024
 24   -0.246150 -0.011872 -0.516511 -0.000005 -0.000006 0.000048
 25   4.941364 1.997338 1.629330 0.000018 -0.000001 -0.000024
 26   4.941382 1.997366 -1.629410 -0.000001 0.000005 -0.000024
 27   2.914462 1.619264 1.514501 -0.000019 -0.000022 -0.000050
 28   2.916892 1.618870 -1.501142 -0.000002 -0.000009 -0.000024
 29   8.824059 0.150544 0.091743 0.000006 -0.000231 -0.174534
 30   2.111085 -0.561179 1.784320 -0.000008 -0.000682 0.000024
 31   2.121290 -0.561289 -1.853599 0.000000 0.000000 -0.000002
 32   -0.814395 -0.093824 3.127092 3.071965 -0.114691 1.239365
 33   14.298673 -0.408176 0.471578 0.000248 0.000063 -1.896136
 34   15.835795 0.581398 0.242756 -0.214735 0.106913 -0.097869
 35   -0.815868 -0.091229 -3.114430 0.066464 3.132818 -1.010216
 36   14.294526 -0.410349 -0.467541 0.000021 -0.000012 -2.607695
 37   15.834409 0.579420 -0.284600 -0.006092 -0.035255 0.214508
 38   1.139685 -3.453749 -2.823813 0.000000 0.000000 0.000001
 39   -4.457742 -1.054854 -0.746180 0.000000 0.000000 0.000000
 40   1.118101 -3.449769 3.237290 0.000000 0.000001 0.000000
 41   -4.433840 -1.059130 0.959566 -0.000001 0.000000 0.000000
 42   -0.657468 1.697302 -2.688614 0.000000 0.000002 0.000000
 43   -0.664068 1.698578 2.869377 0.000000 0.000002 0.000000
time 69
  0   -0.967547 0.175787 -20.574476 0.000000 0.000000 -1.572114
  1   -1.093036 0.000002 -0.326057 -0.214014 -1.569082 -1.356583
  2   2.262337 0.113614 0.064702 -0.085126 -0.105703 -0.039696
  3   2.380047 0.353302 0.047440 -0.131964 -0.030781 -0.064073
  4   2.033756 0.190472 -0.000128 -0.183237 -0.082598 -0.381996
  5   2.451511 0.204909 -0.003447 -0.384222 -0.100716 -0.342642
  6   7.247600 -0.397300 -0.109469 0.000001 0.000021 0.156829
  7   -2.022252 -0.104661 3.136172 0.903468 -1.361747 -4.234516
  8   1.168026 -0.537438 -0.063437 -0.788367 0.742907 -0.894059
  9   6.790376 -0.619176 0.015206 0.039566 0.038491 -0.720640
 10   8.637599 0.544015 -0.090417 -3.400540 0.379414 0.164318
 11   6.790465 -0.619039 0.017802 0.029935 0.013050 -0.519910
 12   -2.022474 -0.104699 -2.873818 -1.246399 1.454937 -4.468021
 13   1.167898 -0.537463 0.063297 0.060877 -1.161005 -0.726024
 14   7.002743 -0.617765 -0.183752 0.019473 -0.189183 -1.616942
 15   8.209042 0.615527 -0.255885 2.432637 0.564508 0.344881
 16   7.002735 -0.617911 -0.183641 -0.005240 -0.130276 -1.147117
 17   1.574674 0.609930 -0.000899 0.323468 -0.127769 0.490835
 18   -0.602177 0.511412 -0.000006 0.000000 0.000000 0.000000
 19   3.673773 0.177020 1.119313 -0.000002 -0.000014 -0.174510
 20   3.673767 0.176993 -1.117566 0.000007 -0.000003 -0.174546
 21   3.942357 1.334540 1.627658 0.000002 -0.000011 -0.000026
 22   -0.246060 -0.011889 0.516521 -0.000011 0.000031 0.000025
 23   3.942374 1.334565 -1.631083 0.000019 0.000002 -0.000024
 24   -0.246150 -0.011872 -0.516511 -0.000005 -0.000006 0.000048
 25   4.941364 1.997338 1.629330 0.000018 -0.000001 -0.000024
 26   4.941382 1.997366 -1.629410 -0.000001 0.000005 -0.000024
 27   2.914462 1.619264 1.514501 -0.000019 -0.000022 -0.000050
 28   2.916892 1.618870 -1.501142 -0.000002 -0.000009 -0.000024
 29   8.824059 0.150544 0.091743 0.000006 -0.000231 -0.174534
 30   2.111085 -0.561179 1.784320 -0.000008 -0.000682 0.000024
 31   2.121290 -0.561289 -1.853599 0.000000 0.000000 -0.000002
 32   -0.814395 -0.093824 3.127092 3.071965 -0.114691 1.239365
 33   14.298673 -0.408176 0.471578 0.000248 0.000063 -1.896136
 34   15.835795 0.581398 0.242756 -0.214735 0.106913 -0.097869
 35   -0.815868 -0.091229 -3.114430 0.066464 3.132818 -1.010216
 36   14.294526 -0.410349 -0.467541 0.000021 -0.000012 -2.607695
 37   15.834409 0.579420 -0.284600 -0.006092 -0.035255 0.214508
 38   1.139685 -3.453749 -2.823813 0.000000 0.000000 0.000001
 39   -4.457742 -1.054854 -0.746180 0.000000 0.000000 0.000000
 40   1.118101 -3.449769 3.237290 0.000000 0.000001 0.000000
 41   -4.433840 -1.059130 0.959566 -0.000001 0.000000 0.000000
 42   -0.657468 1.697302 -2.688614 0.000000 0.000002 0.000000
 43   -0.664068 1.698578 2.869377 0.000000 0.000002 0.000000
time 70
  0   -0.967547 0.175787 -20.574476 0.000000 0.000000 -1.572114
  1   -1.093036 0.000002 -0.326057 -0.214014 -1.569082 -1.356583
  2   2.262337 0.113614 0.064702 -0.085406 -0.105572 -0.035558
  3   2.380047 0.353302 0.047440 -0.132129 -0.030181 -0.057074
  4   2.033756 0.190472 -0.000128 -0.183569 -0.081675 -0.375979
  5   2.451511 0.204909 -0.003447 -0.384068 -0.101408 -0.338605
  6   7.247600 -0.397300 -0.109469 0.000001 0.000021 0.156829
  7   -2.022252 -0.104661 3.136172 0.953410 -1.308474 -4.272458
  8   1.168026 -0.537438 -0.063437 -0.813173 0.733900 -0.813718
  9   6.790376 -0.619176 0.015206 0.037957 0.032418 -0.657323
 10   8.637599 0.544015 -0.090417 -3.327887 0.394830 0.166922
 11   6.790465 -0.619039 0.017802 0.027891 0.009184 -0.475558
 12   -2.022474 -0.104699 -2.873818 -1.208268 1.478650 -4.429533
 13   1.167898 -0.537463 0.063297 0.133704 -1.124695 -0.903996
 14   7.002743 -0.617765 -0.183752 0.010819 -0.179132 -1.501517
 15   8.209042 0.615527 -0.255885 2.501448 0.571091 0.421435
 16   7.002735 -0.617911 -0.183641 -0.007029 -0.121592 -1.067143
 17   1.574674 0.609930 -0.000899 0.366121 -0.130609 0.521364
 18   -0.602177 0.511412 -0.000006 0.000000 0.000000 0.000000
 19   3.673773 0.177020 1.119313 -0.000002 -0.000014 -0.174510
 20   3.673767 0.176993 -1.117566 0.000007 -0.000003 -0.174546
 21   3.942357 1.334540 1.627658 0.000002 -0.000011 -0.000026
 22   -0.246060 -0.011889 0.516521 -0.000011 0.000031 0.000025
 23   3.942374 1.334565 -1.631083 0.000019 0.000002 -0.000024
 24   -0.246150 -0.011872 -0.516511 -0.000005 -0.000006 0.000048
 25   4.941364 1.997338 1.629330 0.000018 -0.000001 -0.000024
 26   4.941382 1.997366 -1.629410 -0.000001 0.000005 -0.000024
 27   2.914462 1.619264 1.514501 -0.000019 -0.000022 -0.000050
 28   2.916892 1.618870 -1.501142 -0.000002 -0.000009 -0.000024
 29   8.824059 0.150544 0.091743 0.000006 -0.000231 -0.174534
 30   2.111085 -0.561179 1.784320 -0.000008 -0.000682 0.000024
 31   2.121290 -0.561289 -1.853599 0.000000 0.000000 -0.000002
 32   -0.814395 -0.093824 3.127092 3.071965 -0.114691 1.239365
 33   14.298673 -0.408176 0.471578 0.000248 0.000063 -1.896136
 34   15.835795 0.581398 0.242756 -0.214735 0.106913 -0.097869
 35   -0.815868 -0.091229 -3.114430 0.066464 3.132818 -1.010216
 36   14.294526 -0.410349 -0.467541 0.000021 -0.000012 -2.607695
 37   15.834409 0.579420 -0.284600 -0.006092 -0.035255 0.214508
 38   1.139685 -3.453749 -2.823813 0.000000 0.000000 0.000001
 39   -4.457742 -1.054854 -0.746180 0.000000 0.000000 0.000000
 40   1.118101 -3.449769 3.237290 0.000000 0.000001 0.000000
 41   -4.433840 -1.059130 0.959566 -0.000001 0.000000 0.000000
 42   -0.657468 1.697302 -2.688614 0.000000 0.000002 0.000000
 43   -0.664068 1.698578 2.869377 0.000000 0.000002 0.000000
time 71
  0   -0.967547 0.175787 -20.574476 0.000000 0.000000 -1.572114
  1   -1.093036 0.000002 -0.326057 -0.214014 -1.569082 -1.356583
  2   2.262337 0.113614 0.064702 -0.085610 -0.105464 -0.032034
  3   2.380047 0.353302 0.047440 -0.132294 -0.029570 -0.048524
  4   2.033756 0.190472 -0.000128 -0.184159 -0.078727 -0.368041
  5   2.451511 0.204909 -0.003447 -0.382014 -0.113353 -0.329962
  6   7.247600 -0.397300 -0.109469 0.000001 0.000021 0.156829
  7   -2.022252 -0.104661 3.136172 1.060771 -1.267885 -4.373043
  8   1.168026 -0.537438 -0.063437 -0.867720 0.745976 -0.718638
  9   6.790376 -0.619176 0.015206 0.035959 0.026344 -0.592874
 10   8.637599 0.544015 -0.090417 -3.288434 0.420170 0.133499
 11   6.790465 -0.619039 0.017802 0.025672 0.005319 -0.430399
 12   -2.022474 -0.104699 -2.873818 -1.021827 1.504887 -4.253082
 13   1.167898 -0.537463 0.063297 0.240414 -1.090368 -1.129670
 14   7.002743 -0.617765 -0.183752 0.001425 -0.164880 -1.350697
 15   8.209042 0.615527 -0.255885 2.484192 0.562768 0.434485
 16   7.002735 -0.617911 -0.183641 -0.008394 -0.110202 -0.962497
 17   1.574674 0.609930 -0.000899 0.419050 -0.138136 0.536999
 18   -0.602177 0.511412 -0.000006 0.000000 0.000000 0.000000
 19   3.673773 0.177020 1.119313 -0.000002 -0.000014 -0.174510
 20   3.673767 0.176993 -1.117566 0.000007 -0.000003 -0.174546
 21   3.942357 1.334540 1.627658 0.000002 -0.000011 -0.000026
 22   -0.246060 -0.011889 0.516521 -0.000011 0.000031 0.000025
 23   3.942374 1.334565 -1.631083 0.000019 0.000002 -0.000024
 24   -0.246150 -0.011872 -0.516511 -0.000005 -0.000006 0.000048
 25   4.941364 1.997338 1.629330 0.000018 -0.000001 -0.000024
 26   4.941382 1.997366 -1.629410 -0.000001 0.000005 -0.000024
 27   2.914462 1.619264 1.514501 -0.000019 -0.000022 -0.000050
 28   2.916892 1.618870 -1.501142 -0.000002 -0.000009 -0.000024
 29   8.824059 0.150544 0.091743 0.000006 -0.000231 -0.174534
 30   2.111085 -0.561179 1.784320 -0.000008 -0.000682 0.000024
 31   2.121290 -0.561289 -1.853599 0.000000 0.000000 -0.000002
 32   -0.814395 -0.093824 3.127092 3.071965 -0.114691 1.239365
 33   14.298673 -0.408176 0.471578 0.000248 0.000063 -1.896136
 34   15.835795 0.581398 0.242756 -0.214735 0.106913 -0.097869
 35   -0.815868 -0.091229 -3.114430 0.066464 3.132818 -1.010216
 36   14.294526 -0.410349 -0.467541 0.000021 -0.000012 -2.607695
 37   15.834409 0.579420 -0.284600 -0.006092 -0.035255 0.214508
 38   1.139685 -3.453749 -2.823813 0.000000 0.000000 0.000001
 39   -4.457742 -1.054854 -0.746180 0.000000 0.000000 0.000000
 40   1.118101 -3.449769 3.237290 0.000000 0.000001 0.000000
 41   -4.433840 -1.059130 0.959566 -0.000001 0.000000 0.000000
 42   -0.657468 1.697302 -2.688614 0.000000 0.000002 0.000000
 43   -0.664068 1.698578 2.869377 0.000000 0.000002 0.000000
time 72
  0   -0.967547 0.175787 -20.574476 0.000000 0.000000 -1.572114
  1   -1.093036 0.000002 -0.326057 -0.214014 -1.569082 -1.356583
  2   2.262337 0.113614 0.064702 -0.078719 -0.105308 -0.027733
  3   2.380047 0.353302 0.047440 -0.127809 -0.028887 -0.040077
  4   2.033756 0.190472 -0.000128 -0.184823 -0.073561 -0.362277
  5   2.451511 0.204909 -0.003447 -0.376605 -0.130952 -0.320997
  6   7.247600 -0.397300 -0.109469 0.000001 0.000021 0.156829
  7   -2.022252 -0.104661 3.136172 1.183277 -1.246207 -4.496824
  8   1.168026 -0.537438 -0.063437 -0.857785 0.785171 -0.593762
  9   6.790376 -0.619176 0.015206 0.035904 0.025610 -0.569177
 10   8.637599 0.544015 -0.090417 -3.341713 0.441569 0.103476
 11   6.790465 -0.619039 0.017802 0.025351 0.004949 -0.413846
 12   -2.022474 -0.104699 -2.873818 -0.454649 1.528948 -3.700752
 13   1.167898 -0.537463 0.063297 0.325683 -1.060364 -1.309095
 14   7.002743 -0.617765 -0.183752 -0.003813 -0.154318 -1.245337
 15   8.209042 0.615527 -0.255885 2.411210 0.478937 0.411032
 16   7.002735 -0.617911 -0.183641 -0.008582 -0.102307 -0.889312
 17   1.574674 0.609930 -0.000899 0.471208 -0.136171 0.523212
 18   -0.602177 0.511412 -0.000006 0.000000 0.000000 0.000000
 19   3.673773 0.177020 1.119313 -0.000002 -0.000014 -0.174510
 20   3.673767 0.176993 -1.117566 0.000007 -0.000003 -0.174546
 21   3.942357 1.334540 1.627658 0.000002 -0.000011 -0.000026
 22   -0.246060 -0.011889 0.516521 -0.000011 0.000031 0.000025
 23   3.942374 1.334565 -1.631083 0.000019 0.000002 -0.000024
 24   -0.246150 -0.011872 -0.516511 -0.000005 -0.000006 0.000048
 25   4.941364 1.997338 1.629330 0.000018 -0.000001 -0.000024
 26   4.941382 1.997366 -1.629410 -0.000001 0.000005 -0.000024
 27   2.914462 1.619264 1.514501 -0.000019 -0.000022 -0.000050
 28   2.916892 1.618870 -1.501142 -0.000002 -0.000009 -0.000024
 29   8.824059 0.150544 0.091743 0.000006 -0.000231 -0.174534
 30   2.111085 -0.561179 1.784320 -0.000008 -0.000682 0.000024
 31   2.121290 -0.561289 -1.853599 0.000000 0.000000 -0.000002
 32   -0.814395 -0.093824 3.127092 3.071965 -0.114691 1.239365
 33   14.298673 -0.408176 0.471578 0.000248 0.000063 -1.896136
 34   15.835795 0.581398 0.242756 -0.214735 0.106913 -0.097869
 35   -0.815868 -0.091229 -3.114430 0.066464 3.132818 -1.010216
 36   14.294526 -0.410349 -0.467541 0.000021 -0.000012 -2.607695
 37   15.834409 0.579420 -0.284600 -0.006092 -0.035255 0.214508
 38   1.139685 -3.453749 -2.823813 0.000000 0.000000 0.000001
 39   -4.457742 -1.054854 -0.746180 0.000000 0.000000 0.000000
 40   1.118101 -3.449769 3.237290 0.000000 0.000001 0.000000
 41   -4.433840 -1.059130 0.959566 -0.000001 0.000000 0.000000
 42   -0.657468 1.697302 -2.688614 0.000000 0.000002 0.000000
 43   -0.664068 1.698578 2.869377 0.000000 0.000002 0.000000
time 73
  0   -0.967547 0.175787 -20.574476 0.000000 0.000000 -1.572114
  1   -1.093036 0.000002 -0.326057 -0.214014 -1.569082 -1.356583
  2   2.262337 0.113614 0.064702 -0.064020 -0.109682 -0.031058
  3   2.380047 0.353302 0.047440 -0.119108 -0.030948 -0.034485
  4   2.033756 0.190472 -0.000128 -0.182702 -0.066670 -0.355536
  5   2.451511 0.204909 -0.003447 -0.369981 -0.147037 -0.312007
  6   7.247600 -0.397300 -0.109469 0.000001 0.000021 0.156829
  7   -2.022252 -0.104661 3.136172 1.265427 -1.238078 -4.589144
  8   1.168026 -0.537438 -0.063437 -0.811591 0.872868 -0.458258
  9   6.790376 -0.619176 0.015206 0.035959 0.026278 -0.589025
 10   8.637599 0.544015 -0.090417 -3.402918 0.442695 0.061661
 11   6.790465 -0.619039 0.017802 0.025643 0.005319 -0.427803
 12   -2.022474 -0.104699 -2.873818 -0.049865 1.533273 -3.309745
 13   1.167898 -0.537463 0.063297 0.301923 -1.048871 -1.327255
 14   7.002743 -0.617765 -0.183752 -0.003528 -0.155056 -1.252350
 15   8.209042 0.615527 -0.255885 2.334921 0.359622 0.396238
 16   7.002735 -0.617911 -0.183641 -0.008582 -0.102815 -0.894169
 17   1.574674 0.609930 -0.000899 0.506711 -0.124101 0.503290
 18   -0.602177 0.511412 -0.000006 0.000000 0.000000 0.000000
 19   3.673773 0.177020 1.119313 -0.000002 -0.000014 -0.174510
 20   3.673767 0.176993 -1.117566 0.000007 -0.000003 -0.174546
 21   3.942357 1.334540 1.627658 0.000002 -0.000011 -0.000026
 22   -0.246060 -0.011889 0.516521 -0.000011 0.000031 0.000025
 23   3.942374 1.334565 -1.631083 0.000019 0.000002 -0.000024
 24   -0.246150 -0.011872 -0.516511 -0.000005 -0.000006 0.000048
 25   4.941364 1.997338 1.629330 0.000018 -0.000001 -0.000024
 26   4.941382 1.997366 -1.629410 -0.000001 0.000005 -0.000024
 27   2.914462 1.619264 1.514501 -0.000019 -0.000022 -0.000050
 28   2.916892 1.618870 -1.501142 -0.000002 -0.000009 -0.000024
 29   8.824059 0.150544 0.091743 0.000006 -0.000231 -0.174534
 30   2.111085 -0.561179 1.784320 -0.000008 -0.000682 0.000024
 31   2.121290 -0.561289 -1.853599 0.000000 0.000000 -0.000002
 32   -0.814395 -0.093824 3.127092 3.071965 -0.114691 1.239365
 33   14.298673 -0.408176 0.471578 0.000248 0.000063 -1.896136
 34   15.835795 0.581398 0.242756 -0.214735 0.106913 -0.097869
 35   -0.815868 -0.091229 -3.114430 0.066464 3.132818 -1.010216
 36   14.294526 -0.410349 -0.467541 0.000021 -0.000012 -2.607695
 37   15.834409 0.579420 -0.284600 -0.006092 -0.035255 0.214508
 38   1.139685 -3.453749 -2.823813 0.000000 0.000000 0.000001
 39   -4.457742 -1.054854 -0.746180 0.000000 0.000000 0.000000
 40   1.118101 -3.449769 3.237290 0.000000 0.000001 0.000000
 41   -4.433840 -1.059130 0.959566 -0.000001 0.000000 0.000000
 42   -0.657468 1.697302 -2.688614 0.000000 0.000002 0.000000
 43   -0.664068 1.698578 2.869377 0.000000 0.000002 0.000000
time 74
  0   -0.967547 0.175787 -20.574476 0.000000 0.000000 -1.572114
  1   -1.093036 0.000002 -0.326057 -0.214014 -1.569082 -1.356583
  2   2.262337 0.113614 0.064702 -0.054110 -0.116298 -0.038395
  3   2.380047 0.353302 0.047440 -0.114218 -0.034664 -0.032037
  4   2.033756 0.190472 -0.000128 -0.183329 -0.061529 -0.349664
  5   2.451511 0.204909 -0.003447 -0.366352 -0.154544 -0.306014
  6   7.247600 -0.397300 -0.109469 0.000001 0.000021 0.156829
  7   -2.022252 -0.104661 3.136172 1.224879 -1.266329 -4.555804
  8   1.168026 -0.537438 -0.063437 -0.717239 0.963082 -0.341353
  9   6.790376 -0.619176 0.015206 0.036292 0.027412 -0.621476
 10   8.637599 0.544015 -0.090417 -3.430306 0.436501 0.047844
 11   6.790465 -0.619039 0.017802 0.026139 0.005944 -0.450469
 12   -2.022474 -0.104699 -2.873818 -0.408279 1.538120 -3.678827
 13   1.167898 -0.537463 0.063297 0.201048 -1.073281 -1.204430
 14   7.002743 -0.617765 -0.183752 0.001083 -0.164312 -1.344426
 15   8.209042 0.615527 -0.255885 2.261796 0.216021 0.369597
 16   7.002735 -0.617911 -0.183641 -0.008394 -0.109750 -0.958247
 17   1.574674 0.609930 -0.000899 0.528241 -0.111392 0.490761
 18   -0.602177 0.511412 -0.000006 0.000000 0.000000 0.000000
 19   3.673773 0.177020 1.119313 -0.000002 -0.000014 -0.174510
 20   3.673767 0.176993 -1.117566 0.000007 -0.000003 -0.174546
 21   3.942357 1.334540 1.627658 0.000002 -0.000011 -0.000026
 22   -0.246060 -0.011889 0.516521 -0.000011 0.000031 0.000025
 23   3.942374 1.334565 -1.631083 0.000019 0.000002 -0.000024
 24   -0.246150 -0.011872 -0.516511 -0.000005 -0.000006 0.000048
 25   4.941364 1.997338 1.629330 0.000018 -0.000001 -0.000024
 26   4.941382 1.997366 -1.629410 -0.000001 0.000005 -0.000024
 27   2.914462 1.619264 1.514501 -0.000019 -0.000022 -0.000050
 28   2.916892 1.618870 -1.501142 -0.000002 -0.000009 -0.000024
 29   8.824059 0.150544 0.091743 0.000006 -0.000231 -0.174534
 30   2.111085 -0.561179 1.784320 -0.000008 -0.000682 0.000024
 31   2.121290 -0.561289 -1.853599 0.000000 0.000000 -0.000002
 32   -0.814395 -0.093824 3.127092 3.071965 -0.114691 1.239365
 33   14.298673 -0.408176 0.471578 0.000248 0.000063 -1.896136
 34   15.835795 0.581398 0.242756 -0.214735 0.106913 -0.097869
 35   -0.815868 -0.091229 -3.114430 0.066464 3.132818 -1.010216
 36   14.294526 -0.410349 -0.467541 0.000021 -0.000012 -2.607695
 37   15.834409 0.579420 -0.284600 -0.006092 -0.035255 0.214508
 38   1.139685 -3.453749 -2.823813 0.000000 0.000000 0.000001
 39   -4.457742 -1.054854 -0.746180 0.000000 0.000000 0.000000
 40   1.118101 -3.449769 3.237290 0.000000 0.000001 0.000000
 41   -4.433840 -1.059130 0.959566 -0.000001 0.000000 0.000000
 42   -0.657468 1.697302 -2.688614 0.000000 0.000002 0.000000
 43   -0.664068 1.698578 2.869377 0.000000 0.000002 0.000000
time 75
  0   -0.967547 0.175787 -20.574476 0.000000 0.000000 -1.572114
  1   -1.093036 0.000002 -0.326057 -0.214014 -1.569082 -1.356583
  2   2.262337 0.113614 0.064702 -0.060670 -0.122901 -0.036498
  3   2.380047 0.353302 0.047440 -0.119708 -0.039757 -0.029751
  4   2.033756 0.190472 -0.000128 -0.183329 -0.061553 -0.349664
  5   2.451511 0.204909 -0.003447 -0.368389 -0.151841 -0.307574
  6   7.247600 -0.397300 -0.109469 0.000001 0.000021 0.156829
  7   -2.022252 -0.104661 3.136172 1.009774 -1.318420 -4.343083
  8   1.168026 -0.537438 -0.063437 -0.593210 1.004189 -0.274297
  9   6.790376 -0.619176 0.015206 0.036292 0.027212 -0.602458
 10   8.637599 0.544015 -0.090417 -3.444925 0.413342 0.007765
 11   6.790465 -0.619039 0.017802 0.026022 0.005887 -0.437089
 12   -2.022474 -0.104699 -2.873818 -1.213441 1.533157 -4.486978
 13   1.167898 -0.537463 0.063297 0.044850 -1.110557 -0.978030
 14   7.002743 -0.617765 -0.183752 0.009282 -0.177031 -1.478333
 15   8.209042 0.615527 -0.255885 2.203483 0.062734 0.338205
 16   7.002735 -0.617911 -0.183641 -0.007311 -0.119844 -1.051137
 17   1.574674 0.609930 -0.000899 0.536568 -0.103511 0.488062
 18   -0.602177 0.511412 -0.000006 0.000000 0.000000 0.000000
 19   3.673773 0.177020 1.119313 -0.000002 -0.000014 -0.174510
 20   3.673767 0.176993 -1.117566 0.000007 -0.000003 -0.174546
 21   3.942357 1.334540 1.627658 0.000002 -0.000011 -0.000026
 22   -0.246060 -0.011889 0.516521 -0.000011 0.000031 0.000025
 23   3.942374 1.334565 -1.631083 0.000019 0.000002 -0.000024
 24   -0.246150 -0.011872 -0.516511 -0.000005 -0.000006 0.000048
 25   4.941364 1.997338 1.629330 0.000018 -0.000001 -0.000024
 26   4.941382 1.997366 -1.629410 -0.000001 0.000005 -0.000024
 27   2.914462 1.619264 1.514501 -0.000019 -0.000022 -0.000050
 28   2.916892 1.618870 -1.501142 -0.000002 -0.000009 -0.000024
 29   8.824059 0.150544 0.091743 0.000006 -0.000231 -0.174534
 30   2.111085 -0.561179 1.784320 -0.000008 -0.000682 0.000024
 31   2.121290 -0.561289 -1.853599 0.000000 0.000000 -0.000002
 32   -0.814395 -0.093824 3.127092 3.071965 -0.114691 1.239365
 33   14.298673 -0.408176 0.471578 0.000248 0.000063 -1.896136
 34   15.835795 0.581398 0.242756 -0.214735 0.106913 -0.097869
 35   -0.815868 -0.091229 -3.114430 0.066464 3.132818 -1.010216
 36   14.294526 -0.410349 -0.467541 0.000021 -0.000012 -2.607695
 37   15.834409 0.579420 -0.284600 -0.006092 -0.035255 0.214508
 38   1.139685 -3.453749 -2.823813 0.000000 0.000000 0.000001
 39   -4.457742 -1.054854 -0.746180 0.000000 0.000000 0.000000
 40   1.118101 -3.449769 3.237290 0.000000 0.000001 0.000000
 41   -4.433840 -1.059130 0.959566 -0.000001 0.000000 0.000000
 42   -0.657468 1.697302 -2.688614 0.000000 0.000002 0.000000
 43   -0.664068 1.698578 2.869377 0.000000 0.000002 0.000000
time 76
  0   -0.967547 0.175787 -20.574476 0.000000 0.000000 -1.572114
  1   -1.093036 0.000002 -0.326057 -0.214014 -1.569082 -1.356583
  2   2.262337 0.113614 0.064702 -0.070376 -0.131458 -0.031853
  3   2.380047 0.353302 0.047440 -0.126879 -0.046984 -0.028343
  4   2.033756 0.190472 -0.000128 -0.184989 -0.064537 -0.351730
  5   2.451511 0.204909 -0.003447 -0.373798 -0.137036 -0.313914
  6   7.247600 -0.397300 -0.109469 0.000001 0.000021 0.156829
  7   -2.022252 -0.104661 3.136172 0.733895 -1.333583 -4.069693
  8   1.168026 -0.537438 -0.063437 -0.477849 1.002931 -0.232482
  9   6.790376 -0.619176 0.015206 0.038678 0.035087 -0.685246
 10   8.637599 0.544015 -0.090417 -3.431539 0.391029 0.098846
 11   6.790465 -0.619039 0.017802 0.028796 0.010862 -0.495110
 12   -2.022474 -0.104699 -2.873818 -1.827948 1.518180 -5.095221
 13   1.167898 -0.537463 0.063297 -0.071139 -1.136188 -0.752417
 14   7.002743 -0.617765 -0.183752 0.017423 -0.187026 -1.590045
 15   8.209042 0.615527 -0.255885 2.128488 -0.104019 0.346564
 16   7.002735 -0.617911 -0.183641 -0.005711 -0.128246 -1.128572
 17   1.574674 0.609930 -0.000899 0.524463 -0.088672 0.495048
 18   -0.602177 0.511412 -0.000006 0.000000 0.000000 0.000000
 19   3.673773 0.177020 1.119313 -0.000002 -0.000014 -0.174510
 20   3.673767 0.176993 -1.117566 0.000007 -0.000003 -0.174546
 21   3.942357 1.334540 1.627658 0.000002 -0.000011 -0.000026
 22   -0.246060 -0.011889 0.516521 -0.000011 0.000031 0.000025
 23   3.942374 1.334565 -1.631083 0.000019 0.000002 -0.000024
 24   -0.246150 -0.011872 -0.516511 -0.000005 -0.000006 0.000048
 25   4.941364 1.997338 1.629330 0.000018 -0.000001 -0.000024
 26   4.941382 1.997366 -1.629410 -0.000001 0.000005 -0.000024
 27   2.914462 1.619264 1.514501 -0.000019 -0.000022 -0.000050
 28   2.916892 1.618870 -1.501142 -0.000002 -0.000009 -0.000024
 29   8.824059 0.150544 0.091743 0.000006 -0.000231 -0.174534
 30   2.111085 -0.561179 1.784320 -0.000008 -0.000682 0.000024
 31   2.121290 -0.561289 -1.853599 0.000000 0.000000 -0.000002
 32   -0.814395 -0.093824 3.127092 3.071965 -0.114691 1.239365
 33   14.298673 -0.408176 0.471578 0.000248 0.000063 -1.896136
 34   15.835795 0.581398 0.242756 -0.214735 0.106913 -0.097869
 35   -0.815868 -0.091229 -3.114430 0.066464 3.132818 -1.010216
 36   14.294526 -0.410349 -0.467541 0.000021 -0.000012 -2.607695
 37   15.834409 0.579420 -0.284600 -0.006092 -0.035255 0.214508
 38   1.139685 -3.453749 -2.823813 0.000000 0.000000 0.000001
 39   -4.457742 -1.054854 -0.746180 0.000000 0.000000 0.000000
 40   1.118101 -3.449769 3.237290 0.000000 0.000001 0.000000
 41   -4.433840 -1.059130 0.959566 -0.000001 0.000000 0.000000
 42   -0.657468 1.697302 -2.688614 0.000000 0.000002 0.000000
 43   -0.664068 1.698578 2.869377 0.000000 0.000002 0.000000
time 77
  0   -0.967547 0.175787 -20.574476 0.000000 0.000000 -1.572114
  1   -1.093036 0.000002 -0.326057 -0.214014 -1.569082 -1.356583
  2   2.262337 0.113614 0.064702 -0.070911 -0.138218 -0.035666
  3   2.380047 0.353302 0.047440 -0.126999 -0.050052 -0.029813
  4   2.033756 0.190472 -0.000128 -0.184823 -0.065711 -0.350823
  5   2.451511 0.204909 -0.003447 -0.374260 -0.133668 -0.315375
  6   7.247600 -0.397300 -0.109469 0.000001 0.000021 0.156829
  7   -2.022252 -0.104661 3.136172 0.550327 -1.328394 -3.879700
  8   1.168026 -0.537438 -0.063437 -0.395079 0.994780 -0.213314
  9   6.790376 -0.619176 0.015206 0.040065 0.040493 -0.741318
 10   8.637599 0.544015 -0.090417 -3.431539 0.370545 0.164390
 11   6.790465 -0.619039 0.017802 0.030548 0.014329 -0.534386
 12   -2.022474 -0.104699 -2.873818 -2.074939 1.499547 -5.335722
 13   1.167898 -0.537463 0.063297 -0.090752 -1.158055 -0.583283
 14   7.002743 -0.617765 -0.183752 0.025337 -0.194919 -1.687154
 15   8.209042 0.615527 -0.255885 1.992807 -0.288855 0.388480
 16   7.002735 -0.617911 -0.183641 -0.003781 -0.135463 -1.195687
 17   1.574674 0.609930 -0.000899 0.509595 -0.074259 0.515931
 18   -0.602177 0.511412 -0.000006 0.000000 0.000000 0.000000
 19   3.673773 0.177020 1.119313 -0.000002 -0.000014 -0.174510
 20   3.673767 0.176993 -1.117566 0.000007 -0.000003 -0.174546
 21   3.942357 1.334540 1.627658 0.000002 -0.000011 -0.000026
 22   -0.246060 -0.011889 0.516521 -0.000011 0.000031 0.000025
 23   3.942374 1.334565 -1.631083 0.000019 0.000002 -0.000024
 24   -0.246150 -0.011872 -0.516511 -0.000005 -0.000006 0.000048
 25   4.941364 1.997338 1.629330 0.000018 -0.000001 -0.000024
 26   4.941382 1.997366 -1.629410 -0.000001 0.000005 -0.000024
 27   2.914462 1.619264 1.514501 -0.000019 -0.000022 -0.000050
 28   2.916892 1.618870 -1.501142 -0.000002 -0.000009 -0.000024
 29   8.824059 0.150544 0.091743 0.000006 -0.000231 -0.174534
 30   2.111085 -0.561179 1.784320 -0.000008 -0.000682 0.000024
 31   2.121290 -0.561289 -1.853599 0.000000 0.000000 -0.000002
 32   -0.814395 -0.093824 3.127092 3.071965 -0.114691 1.239365
 33   14.298673 -0.408176 0.471578 0.000248 0.000063 -1.896136
 34   15.835795 0.581398 0.242756 -0.214735 0.106913 -0.097869
 35   -0.815868 -0.091229 -3.114430 0.066464 3.132818 -1.010216
 36   14.294526 -0.410349 -0.467541 0.000021 -0.000012 -2.607695
 37   15.834409 0.579420 -0.284600 -0.006092 -0.035255 0.214508
 38   1.139685 -3.453749 -2.823813 0.000000 0.000000 0.000001
 39   -4.457742 -1.054854 -0.746180 0.000000 0.000000 0.000000
 40   1.118101 -3.449769 3.237290 0.000000 0.000001 0.000000
 41   -4.433840 -1.059130 0.959566 -0.000001 0.000000 0.000000
 42   -0.657468 1.697302 -2.688614 0.000000 0.000002 0.000000
 43   -0.664068 1.698578 2.869377 0.000000 0.000002 0.000000
time 78
  0   -0.967547 0.175787 -20.574476 0.000000 0.000000 -1.572114
  1   -1.093036 0.000002 -0.326057 -0.214014 -1.569082 -1.356583
  2   2.262337 0.113614 0.064702 -0.071102 -0.143299 -0.034130
  3   2.380047 0.353302 0.047440 -0.126954 -0.053947 -0.031221
  4   2.033756 0.190472 -0.000128 -0.184288 -0.066910 -0.354086
  5   2.451511 0.204909 -0.003447 -0.373233 -0.138969 -0.314657
  6   7.247600 -0.397300 -0.109469 0.000001 0.000021 0.156829
  7   -2.022252 -0.104661 3.136172 0.492620 -1.311328 -3.811047
  8   1.168026 -0.537438 -0.063437 -0.337747 0.979837 -0.193640
  9   6.790376 -0.619176 0.015206 0.040897 0.045365 -0.791202
 10   8.637599 0.544015 -0.090417 -3.472049 0.359071 0.186817
 11   6.790465 -0.619039 0.017802 0.032008 0.017513 -0.569222
 12   -2.022474 -0.104699 -2.873818 -2.134626 1.495252 -5.387231
 13   1.167898 -0.537463 0.063297 0.042249 -1.167311 -0.588852
 14   7.002743 -0.617765 -0.183752 0.031713 -0.200483 -1.760171
 15   8.209042 0.615527 -0.255885 1.876181 -0.297708 0.455714
 16   7.002735 -0.617911 -0.183641 -0.002039 -0.140877 -1.246188
 17   1.574674 0.609930 -0.000899 0.496921 -0.046379 0.534190
 18   -0.602177 0.511412 -0.000006 0.000000 0.000000 0.000000
 19   3.673773 0.177020 1.119313 -0.000002 -0.000014 -0.174510
 20   3.673767 0.176993 -1.117566 0.000007 -0.000003 -0.174546
 21   3.942357 1.334540 1.627658 0.000002 -0.000011 -0.000026
 22   -0.246060 -0.011889 0.516521 -0.000011 0.000031 0.000025
 23   3.942374 1.334565 -1.631083 0.000019 0.000002 -0.000024
 24   -0.246150 -0.011872 -0.516511 -0.000005 -0.000006 0.000048
 25   4.941364 1.997338 1.629330 0.000018 -0.000001 -0.000024
 26   4.941382 1.997366 -1.629410 -0.000001 0.000005 -0.000024
 27   2.914462 1.619264 1.514501 -0.000019 -0.000022 -0.000050
 28   2.916892 1.618870 -1.501142 -0.000002 -0.000009 -0.000024
 29   8.824059 0.150544 0.091743 0.000006 -0.000231 -0.174534
 30   2.111085 -0.561179 1.784320 -0.000008 -0.000682 0.000024
 31   2.121290 -0.561289 -1.853599 0.000000 0.000000 -0.000002
 32   -0.814395 -0.093824 3.127092 3.071965 -0.114691 1.239365
 33   14.298673 -0.408176 0.471578 0.000248 0.000063 -1.896136
 34   15.835795 0.581398 0.242756 -0.214735 0.106913 -0.097869
 35   -0.815868 -0.091229 -3.114430 0.066464 3.132818 -1.010216
 36   14.294526 -0.410349 -0.467541 0.000021 -0.000012 -2.607695
 37   15.834409 0.579420 -0.284600 -0.006092 -0.035255 0.214508
 38   1.139685 -3.453749 -2.823813 0.000000 0.000000 0.000001
 39   -4.457742 -1.054854 -0.746180 0.000000 0.000000 0.000000
 40   1.118101 -3.449769 3.237290 0.000000 0.000001 0.000000
 41   -4.433840 -1.059130 0.959566 -0.000001 0.000000 0.000000
 42   -0.657468 1.697302 -2.688614 0.000000 0.000002 0.000000
 43   -0.664068 1.698578 2.869377 0.000000 0.000002 0.000000
time 79
  0   -0.967547 0.175787 -20.574476 0.000000 0.000000 -1.572114
  1   -1.093036 0.000002 -0.326057 -0.214014 -1.569082 -1.356583
  2   2.262337 0.113614 0.064702 -0.068389 -0.148644 -0.030625
  3   2.380047 0.353302 0.047440 -0.126909 -0.058201 -0.029751
  4   2.033756 0.190472 -0.000128 -0.183624 -0.068180 -0.353941
  5   2.451511 0.204909 -0.003447 -0.371042 -0.149452 -0.312750
  6   7.247600 -0.397300 -0.109469 0.000001 0.000021 0.156829
  7   -2.022252 -0.104661 3.136172 0.539591 -1.300431 -3.853122
  8   1.168026 -0.537438 -0.063437 -0.308701 0.983208 -0.171942
  9   6.790376 -0.619176 0.015206 0.041507 0.050905 -0.846293
 10   8.637599 0.544015 -0.090417 -3.558528 0.348865 0.180161
 11   6.790465 -0.619039 0.017802 0.033409 0.021038 -0.607864
 12   -2.022474 -0.104699 -2.873818 -2.201212 1.500186 -5.455878
 13   1.167898 -0.537463 0.063297 0.268954 -1.154597 -0.735649
 14   7.002743 -0.617765 -0.183752 0.035414 -0.201562 -1.789873
 15   8.209042 0.615527 -0.255885 1.806507 -0.206084 0.505567
 16   7.002735 -0.617911 -0.183641 -0.000391 -0.142456 -1.266775
 17   1.574674 0.609930 -0.000899 0.493266 -0.001010 0.533709
 18   -0.602177 0.511412 -0.000006 0.000000 0.000000 0.000000
 19   3.673773 0.177020 1.119313 -0.000002 -0.000014 -0.174510
 20   3.673767 0.176993 -1.117566 0.000007 -0.000003 -0.174546
 21   3.942357 1.334540 1.627658 0.000002 -0.000011 -0.000026
 22   -0.246060 -0.011889 0.516521 -0.000011 0.000031 0.000025
 23   3.942374 1.334565 -1.631083 0.000019 0.000002 -0.000024
 24   -0.246150 -0.011872 -0.516511 -0.000005 -0.000006 0.000048
 25   4.941364 1.997338 1.629330 0.000018 -0.000001 -0.000024
 26   4.941382 1.997366 -1.629410 -0.000001 0.000005 -0.000024
 27   2.914462 1.619264 1.514501 -0.000019 -0.000022 -0.000050
 28   2.916892 1.618870 -1.501142 -0.000002 -0.000009 -0.000024
 29   8.824059 0.150544 0.091743 0.000006 -0.000231 -0.174534
 30   2.111085 -0.561179 1.784320 -0.000008 -0.000682 0.000024
 31   2.121290 -0.561289 -1.853599 0.000000 0.000000 -0.000002
 32   -0.814395 -0.093824 3.127092 3.071965 -0.114691 1.239365
 33   14.298673 -0.408176 0.471578 0.000248 0.000063 -1.896136
 34   15.835795 0.581398 0.242756 -0.214735 0.106913 -0.097869
 35   -0.815868 -0.091229 -3.114430 0.066464 3.132818 -1.010216
 36   14.294526 -0.410349 -0.467541 0.000021 -0.000012 -2.607695
 37   15.834409 0.579420 -0.284600 -0.006092 -0.035255 0.214508
 38   1.139685 -3.453749 -2.823813 0.000000 0.000000 0.000001
 39   -4.457742 -1.054854 -0.746180 0.000000 0.000000 0.000000
 40   1.118101 -3.449769 3.237290 0.000000 0.000001 0.000000
 41   -4.433840 -1.059130 0.959566 -0.000001 0.000000 0.000000
 42   -0.657468 1.697302 -2.688614 0.000000 0.000002 0.000000
 43   -0.664068 1.698578 2.869377 0.000000 0.000002 0.000000
time 80
  0   -0.967547 0.175787 -20.574476 0.000000 0.000000 -1.572114
  1   -1.093036 0.000002 -0.326057 -0.214014 -1.569082 -1.356583
  2   2.262337 0.113614 0.064702 -0.063969 -0.152515 -0.027914
  3   2.380047 0.353302 0.047440 -0.124253 -0.060982 -0.026344
  4   2.033756 0.190472 -0.000128 -0.182868 -0.069355 -0.353759
  5   2.451511 0.204909 -0.003447 -0.366352 -0.168148 -0.306608
  6   7.247600 -0.397300 -0.109469 0.000001 0.000021 0.156829
  7   -2.022252 -0.104661 3.136172 0.649827 -1.297203 -3.966479
  8   1.168026 -0.537438 -0.063437 -0.272378 0.988340 -0.128545
  9   6.790376 -0.619176 0.015206 0.042007 0.056845 -0.905384
 10   8.637599 0.544015 -0.090417 -3.659187 0.323454 0.161858
 11   6.790465 -0.619039 0.017802 0.034840 0.024904 -0.649275
 12   -2.022474 -0.104699 -2.873818 -2.207536 1.507993 -5.472824
 13   1.167898 -0.537463 0.063297 0.463745 -1.105980 -0.930450
 14   7.002743 -0.617765 -0.183752 0.030233 -0.199177 -1.742845
 15   8.209042 0.615527 -0.255885 1.812475 -0.135796 0.487286
 16   7.002735 -0.617911 -0.183641 -0.002463 -0.139580 -1.234322
 17   1.574674 0.609930 -0.000899 0.497125 0.044738 0.528978
 18   -0.602177 0.511412 -0.000006 0.000000 0.000000 0.000000
 19   3.673773 0.177020 1.119313 -0.000002 -0.000014 -0.174510
 20   3.673767 0.176993 -1.117566 0.000007 -0.000003 -0.174546
 21   3.942357 1.334540 1.627658 0.000002 -0.000011 -0.000026
 22   -0.246060 -0.011889 0.516521 -0.000011 0.000031 0.000025
 23   3.942374 1.334565 -1.631083 0.000019 0.000002 -0.000024
 24   -0.246150 -0.011872 -0.516511 -0.000005 -0.000006 0.000048
 25   4.941364 1.997338 1.629330 0.000018 -0.000001 -0.000024
 26   4.941382 1.997366 -1.629410 -0.000001 0.000005 -0.000024
 27   2.914462 1.619264 1.514501 -0.000019 -0.000022 -0.000050
 28   2.916892 1.618870 -1.501142 -0.000002 -0.000009 -0.000024
 29   8.824059 0.150544 0.091743 0.000006 -0.000231 -0.174534
 30   2.111085 -0.561179 1.784320 -0.000008 -0.000682 0.000024
 31   2.121290 -0.561289 -1.853599 0.000000 0.000000 -0.000002
 32   -0.814395 -0.093824 3.127092 3.071965 -0.114691 1.239365
 33   14.298673 -0.408176 0.471578 0.000248 0.000063 -1.896136
 34   15.835795 0.581398 0.242756 -0.214735 0.106913 -0.097869
 35   -0.815868 -0.091229 -3.114430 0.066464 3.132818 -1.010216
 36   14.294526 -0.410349 -0.467541 0.000021 -0.000012 -2.607695
 37   15.834409 0.579420 -0.284600 -0.006092 -0.035255 0.214508
 38   1.139685 -3.453749 -2.823813 0.000000 0.000000 0.000001
 39   -4.457742 -1.054854 -0.746180 0.000000 0.000000 0.000000
 40   1.118101 -3.449769 3.237290 0.000000 0.000001 0.000000
 41   -4.433840 -1.059130 0.959566 -0.000001 0.000000 0.000000
 42   -0.657468 1.697302 -2.688614 0.000000 0.000002 0.000000
 43   -0.664068 1.698578 2.869377 0.000000 0.000002 0.000000
time 81
  0   -0.967547 0.175787 -20.574476 0.000000 0.000000 -1.572114
  1   -1.093036 0.000002 -0.326057 -0.214014 -1.569082 -1.356583
  2   2.262337 0.113614 0.064702 -0.060084 -0.154600 -0.025203
  3   2.380047 0.353302 0.047440 -0.121928 -0.063199 -0.023732
  4   2.033756 0.190472 -0.000128 -0.182112 -0.069882 -0.353252
  5   2.451511 0.204909 -0.003447 -0.361953 -0.186269 -0.300838
  6   7.247600 -0.397300 -0.109469 0.000001 0.000021 0.156829
  7   -2.022252 -0.104661 3.136172 0.755942 -1.294868 -4.077675
  8   1.168026 -0.537438 -0.063437 -0.234030 0.984315 -0.087868
  9   6.790376 -0.619176 0.015206 0.041896 0.061517 -0.952023
 10   8.637599 0.544015 -0.090417 -3.729727 0.293538 0.165041
 11   6.790465 -0.619039 0.017802 0.035774 0.028002 -0.681861
 12   -2.022474 -0.104699 -2.873818 -2.149381 1.509502 -5.424762
 13   1.167898 -0.537463 0.063297 0.535166 -1.027003 -1.081121
 14   7.002743 -0.617765 -0.183752 0.021522 -0.191341 -1.642271
 15   8.209042 0.615527 -0.255885 1.832392 -0.135191 0.493420
 16   7.002735 -0.617911 -0.183641 -0.004722 -0.132137 -1.164668
 17   1.574674 0.609930 -0.000899 0.505736 0.077233 0.530531
 18   -0.602177 0.511412 -0.000006 0.000000 0.000000 0.000000
 19   3.673773 0.177020 1.119313 -0.000002 -0.000014 -0.174510
 20   3.673767 0.176993 -1.117566 0.000007 -0.000003 -0.174546
 21   3.942357 1.334540 1.627658 0.000002 -0.000011 -0.000026
 22   -0.246060 -0.011889 0.516521 -0.000011 0.000031 0.000025
 23   3.942374 1.334565 -1.631083 0.000019 0.000002 -0.000024
 24   -0.246150 -0.011872 -0.516511 -0.000005 -0.000006 0.000048
 25   4.941364 1.997338 1.629330 0.000018 -0.000001 -0.000024
 26   4.941382 1.997366 -1.629410 -0.000001 0.000005 -0.000024
 27   2.914462 1.619264 1.514501 -0.000019 -0.000022 -0.000050
 28   2.916892 1.618870 -1.501142 -0.000002 -0.000009 -0.000024
 29   8.824059 0.150544 0.091743 0.000006 -0.000231 -0.174534
 30   2.111085 -0.561179 1.784320 -0.000008 -0.000682 0.000024
 31   2.121290 -0.561289 -1.853599 0.000000 0.000000 -0.000002
 32   -0.814395 -0.093824 3.127092 3.071965 -0.114691 1.239365
 33   14.298673 -0.408176 0.471578 0.000248 0.000063 -1.896136
 34   15.835795 0.581398 0.242756 -0.214735 0.106913 -0.097869
 35   -0.815868 -0.091229 -3.114430 0.066464 3.132818 -1.010216
 36   14.294526 -0.410349 -0.467541 0.000021 -0.000012 -2.607695
 37   15.834409 0.579420 -0.284600 -0.006092 -0.035255 0.214508
 38   1.139685 -3.453749 -2.823813 0.000000 0.000000 0.000001
 39   -4.457742 -1.054854 -0.746180 0.000000 0.000000 0.000000
 40   1.118101 -3.449769 3.237290 0.000000 0.000001 0.000000
 41   -4.433840 -1.059130 0.959566 -0.000001 0.000000 0.000000
 42   -0.657468 1.697302 -2.688614 0.000000 0.000002 0.000000
 43   -0.664068 1.698578 2.869377 0.000000 0.000002 0.000000
time 82
  0   -0.967547 0.175787 -20.574476 0.000000 0.000000 -1.572114
  1   -1.093036 0.000002 -0.326057 -0.214014 -1.569082 -1.356583
  2   2.262337 0.113614 0.064702 -0.056008 -0.157393 -0.022637
  3   2.380047 0.353302 0.047440 -0.119438 -0.066123 -0.021508
  4   2.033756 0.190472 -0.000128 -0.181116 -0.072207 -0.352273
  5   2.451511 0.204909 -0.003447 -0.359163 -0.196113 -0.297445
  6   7.247600 -0.397300 -0.109469 0.000001 0.000021 0.156829
  7   -2.022252 -0.104661 3.136172 0.856785 -1.293311 -4.173940
  8   1.168026 -0.537438 -0.063437 -0.222956 0.978730 -0.074520
  9   6.790376 -0.619176 0.015206 0.042173 0.063786 -0.979494
 10   8.637599 0.544015 -0.090417 -3.773671 0.270380 0.166488
 11   6.790465 -0.619039 0.017802 0.036504 0.029508 -0.701124
 12   -2.022474 -0.104699 -2.873818 -2.129070 1.508167 -5.410975
 13   1.167898 -0.537463 0.063297 0.516959 -0.933278 -1.201706
 14   7.002743 -0.617765 -0.183752 0.011559 -0.180155 -1.512160
 15   8.209042 0.615527 -0.255885 1.856695 -0.144421 0.503703
 16   7.002735 -0.617911 -0.183641 -0.006888 -0.122381 -1.074539
 17   1.574674 0.609930 -0.000899 0.518207 0.100592 0.537332
 18   -0.602177 0.511412 -0.000006 0.000000 0.000000 0.000000
 19   3.673773 0.177020 1.119313 -0.000002 -0.000014 -0.174510
 20   3.673767 0.176993 -1.117566 0.000007 -0.000003 -0.174546
 21   3.942357 1.334540 1.627658 0.000002 -0.000011 -0.000026
 22   -0.246060 -0.011889 0.516521 -0.000011 0.000031 0.000025
 23   3.942374 1.334565 -1.631083 0.000019 0.000002 -0.000024
 24   -0.246150 -0.011872 -0.516511 -0.000005 -0.000006 0.000048
 25   4.941364 1.997338 1.629330 0.000018 -0.000001 -0.000024
 26   4.941382 1.997366 -1.629410 -0.000001 0.000005 -0.000024
 27   2.914462 1.619264 1.514501 -0.000019 -0.000022 -0.000050
 28   2.916892 1.618870 -1.501142 -0.000002 -0.000009 -0.000024
 29   8.824059 0.150544 0.091743 0.000006 -0.000231 -0.174534
 30   2.111085 -0.561179 1.784320 -0.000008 -0.000682 0.000024
 31   2.121290 -0.561289 -1.853599 0.000000 0.000000 -0.000002
 32   -0.814395 -0.093824 3.127092 3.071965 -0.114691 1.239365
 33   14.298673 -0.408176 0.471578 0.000248 0.000063 -1.896136
 34   15.835795 0.581398 0.242756 -0.214735 0.106913 -0.097869
 35   -0.815868 -0.091229 -3.114430 0.066464 3.132818 -1.010216
 36   14.294526 -0.410349 -0.467541 0.000021 -0.000012 -2.607695
 37   15.834409 0.579420 -0.284600 -0.006092 -0.035255 0.214508
 38   1.139685 -3.453749 -2.823813 0.000000 0.000000 0.000001
 39   -4.457742 -1.054854 -0.746180 0.000000 0.000000 0.000000
 40   1.118101 -3.449769 3.237290 0.000000 0.000001 0.000000
 41   -4.433840 -1.059130 0.959566 -0.000001 0.000000 0.000000
 42   -0.657468 1.697302 -2.688614 0.000000 0.000002 0.000000
 43   -0.664068 1.698578 2.869377 0.000000 0.000002 0.000000
time 83
  0   -0.967547 0.175787 -20.574476 0.000000 0.000000 -1.572114
  1   -1.093036 0.000002 -0.326057 -0.214014 -1.569082 -1.356583
  2   2.262337 0.113614 0.064702 -0.050913 -0.161480 -0.021607
  3   2.380047 0.353302 0.047440 -0.116603 -0.069479 -0.020508
  4   2.033756 0.190472 -0.000128 -0.179954 -0.074424 -0.350860
  5   2.451511 0.204909 -0.003447 -0.357554 -0.199403 -0.296281
  6   7.247600 -0.397300 -0.109469 0.000001 0.000021 0.156829
  7   -2.022252 -0.104661 3.136172 0.934813 -1.287084 -4.254426
  8   1.168026 -0.537438 -0.063437 -0.217387 0.969724 -0.061932
  9   6.790376 -0.619176 0.015206 0.042562 0.064854 -0.989833
 10   8.637599 0.544015 -0.090417 -3.805286 0.258836 0.169816
 11   6.790465 -0.619039 0.017802 0.036971 0.030162 -0.708334
 12   -2.022474 -0.104699 -2.873818 -2.215008 1.499518 -5.507003
 13   1.167898 -0.537463 0.063297 0.456434 -0.848605 -1.295535
 14   7.002743 -0.617765 -0.183752 0.004044 -0.169195 -1.394920
 15   8.209042 0.615527 -0.255885 1.849002 -0.026014 0.500997
 16   7.002735 -0.617911 -0.183641 -0.008065 -0.113528 -0.993184
 17   1.574674 0.609930 -0.000899 0.531937 0.120662 0.538847
 18   -0.602177 0.511412 -0.000006 0.000000 0.000000 0.000000
 19   3.673773 0.177020 1.119313 -0.000002 -0.000014 -0.174510
 20   3.673767 0.176993 -1.117566 0.000007 -0.000003 -0.174546
 21   3.942357 1.334540 1.627658 0.000002 -0.000011 -0.000026
 22   -0.246060 -0.011889 0.516521 -0.000011 0.000031 0.000025
 23   3.942374 1.334565 -1.631083 0.000019 0.000002 -0.000024
 24   -0.246150 -0.011872 -0.516511 -0.000005 -0.000006 0.000048
 25   4.941364 1.997338 1.629330 0.000018 -0.000001 -0.000024
 26   4.941382 1.997366 -1.629410 -0.000001 0.000005 -0.000024
 27   2.914462 1.619264 1.514501 -0.000019 -0.000022 -0.000050
 28   2.916892 1.618870 -1.501142 -0.000002 -0.000009 -0.000024
 29   8.824059 0.150544 0.091743 0.000006 -0.000231 -0.174534
 30   2.111085 -0.561179 1.784320 -0.000008 -0.000682 0.000024
 31   2.121290 -0.561289 -1.853599 0.000000 0.000000 -0.000002
 32   -0.814395 -0.093824 3.127092 3.071965 -0.114691 1.239365
 33   14.298673 -0.408176 0.471578 0.000248 0.000063 -1.896136
 34   15.835795 0.581398 0.242756 -0.214735 0.106913 -0.097869
 35   -0.815868 -0.091229 -3.114430 0.066464 3.132818 -1.010216
 36   14.294526 -0.410349 -0.467541 0.000021 -0.000012 -2.607695
 37   15.834409 0.579420 -0.284600 -0.006092 -0.035255 0.214508
 38   1.139685 -3.453749 -2.823813 0.000000 0.000000 0.000001
 39   -4.457742 -1.054854 -0.746180 0.000000 0.000000 0.000000
 40   1.118101 -3.449769 3.237290 0.000000 0.000001 0.000000
 41   -4.433840 -1.059130 0.959566 -0.000001 0.000000 0.000000
 42   -0.657468 1.697302 -2.688614 0.000000 0.000002 0.000000
 43   -0.664068 1.698578 2.869377 0.000000 0.000002 0.000000
time 84
  0   -0.967547 0.175787 -20.574476 0.000000 0.000000 -1.572114
  1   -1.093036 0.000002 -0.326057 -0.214014 -1.569082 -1.356583
  2   2.262337 0.113614 0.064702 -0.045729 -0.165782 -0.021155
  3   2.380047 0.353302 0.047440 -0.113588 -0.072451 -0.020446
  4   2.033756 0.190472 -0.000128 -0.178903 -0.076114 -0.348359
  5   2.451511 0.204909 -0.003447 -0.356681 -0.197719 -0.296678
  6   7.247600 -0.397300 -0.109469 0.000001 0.000021 0.156829
  7   -2.022252 -0.104661 3.136172 0.972294 -1.279676 -4.293495
  8   1.168026 -0.537438 -0.063437 -0.215362 0.959057 -0.051494
  9   6.790376 -0.619176 0.015206 0.042950 0.065254 -0.991644
 10   8.637599 0.544015 -0.090417 -3.839632 0.243561 0.160773
 11   6.790465 -0.619039 0.017802 0.037321 0.030390 -0.709603
 12   -2.022474 -0.104699 -2.873818 -2.391198 1.488344 -5.695709
 13   1.167898 -0.537463 0.063297 0.421146 -0.789207 -1.365695
 14   7.002743 -0.617765 -0.183752 0.000286 -0.162722 -1.329080
 15   8.209042 0.615527 -0.255885 1.746324 0.139377 0.532509
 16   7.002735 -0.617911 -0.183641 -0.008441 -0.108623 -0.947540
 17   1.574674 0.609930 -0.000899 0.544002 0.134885 0.534116
 18   -0.602177 0.511412 -0.000006 0.000000 0.000000 0.000000
 19   3.673773 0.177020 1.119313 -0.000002 -0.000014 -0.174510
 20   3.673767 0.176993 -1.117566 0.000007 -0.000003 -0.174546
 21   3.942357 1.334540 1.627658 0.000002 -0.000011 -0.000026
 22   -0.246060 -0.011889 0.516521 -0.000011 0.000031 0.000025
 23   3.942374 1.334565 -1.631083 0.000019 0.000002 -0.000024
 24   -0.246150 -0.011872 -0.516511 -0.000005 -0.000006 0.000048
 25   4.941364 1.997338 1.629330 0.000018 -0.000001 -0.000024
 26   4.941382 1.997366 -1.629410 -0.000001 0.000005 -0.000024
 27   2.914462 1.619264 1.514501 -0.000019 -0.000022 -0.000050
 28   2.916892 1.618870 -1.501142 -0.000002 -0.000009 -0.000024
 29   8.824059 0.150544 0.091743 0.000006 -0.000231 -0.174534
 30   2.111085 -0.561179 1.784320 -0.000008 -0.000682 0.000024
 31   2.121290 -0.561289 -1.853599 0.000000 0.000000 -0.000002
 32   -0.814395 -0.093824 3.127092 3.071965 -0.114691 1.239365
 33   14.298673 -0.408176 0.471578 0.000248 0.000063 -1.896136
 34   15.835795 0.581398 0.242756 -0.214735 0.106913 -0.097869
 35   -0.815868 -0.091229 -3.114430 0.066464 3.132818 -1.010216
 36   14.294526 -0.410349 -0.467541 0.000021 -0.000012 -2.607695
 37   15.834409 0.579420 -0.284600 -0.006092 -0.035255 0.214508
 38   1.139685 -3.453749 -2.823813 0.000000 0.000000 0.000001
 39   -4.457742 -1.054854 -0.746180 0.000000 0.000000 0.000000
 40   1.118101 -3.449769 3.237290 0.000000 0.000001 0.000000
 41   -4.433840 -1.059130 0.959566 -0.000001 0.000000 0.000000
 42   -0.657468 1.697302 -2.688614 0.000000 0.000002 0.000000
 43   -0.664068 1.698578 2.869377 0.000000 0.000002 0.000000
time 85
  0   -0.967547 0.175787 -20.574476 0.000000 0.000000 -1.572114
  1   -1.093036 0.000002 -0.326057 -0.214014 -1.569082 -1.356583
  2   2.262337 0.113614 0.064702 -0.040876 -0.169821 -0.021246
  3   2.380047 0.353302 0.047440 -0.110662 -0.075183 -0.020548
  4   2.033756 0.190472 -0.000128 -0.177612 -0.078727 -0.348504
  5   2.451511 0.204909 -0.003447 -0.356236 -0.194990 -0.297148
  6   7.247600 -0.397300 -0.109469 0.000001 0.000021 0.156829
  7   -2.022252 -0.104661 3.136172 0.968939 -1.271085 -4.286640
  8   1.168026 -0.537438 -0.063437 -0.210173 0.944315 -0.037640
  9   6.790376 -0.619176 0.015206 0.043227 0.065454 -0.992097
 10   8.637599 0.544015 -0.090417 -3.882079 0.213997 0.135380
 11   6.790465 -0.619039 0.017802 0.037496 0.030503 -0.709949
 12   -2.022474 -0.104699 -2.873818 -2.582524 1.481610 -5.894180
 13   1.167898 -0.537463 0.063297 0.417842 -0.757322 -1.401168
 14   7.002743 -0.617765 -0.183752 -0.001194 -0.159655 -1.301194
 15   8.209042 0.615527 -0.255885 1.723387 0.113124 0.546401
 16   7.002735 -0.617911 -0.183641 -0.008582 -0.106254 -0.928167
 17   1.574674 0.609930 -0.000899 0.553345 0.145228 0.529865
 18   -0.602177 0.511412 -0.000006 0.000000 0.000000 0.000000
 19   3.673773 0.177020 1.119313 -0.000002 -0.000014 -0.174510
 20   3.673767 0.176993 -1.117566 0.000007 -0.000003 -0.174546
 21   3.942357 1.334540 1.627658 0.000002 -0.000011 -0.000026
 22   -0.246060 -0.011889 0.516521 -0.000011 0.000031 0.000025
 23   3.942374 1.334565 -1.631083 0.000019 0.000002 -0.000024
 24   -0.246150 -0.011872 -0.516511 -0.000005 -0.000006 0.000048
 25   4.941364 1.997338 1.629330 0.000018 -0.000001 -0.000024
 26   4.941382 1.997366 -1.629410 -0.000001 0.000005 -0.000024
 27   2.914462 1.619264 1.514501 -0.000019 -0.000022 -0.000050
 28   2.916892 1.618870 -1.501142 -0.000002 -0.000009 -0.000024
 29   8.824059 0.150544 0.091743 0.000006 -0.000231 -0.174534
 30   2.111085 -0.561179 1.784320 -0.000008 -0.000682 0.000024
 31   2.121290 -0.561289 -1.853599 0.000000 0.000000 -0.000002
 32   -0.814395 -0.093824 3.127092 3.071965 -0.114691 1.239365
 33   14.298673 -0.408176 0.471578 0.000248 0.000063 -1.896136
 34   15.835795 0.581398 0.242756 -0.214735 0.106913 -0.097869
 35   -0.815868 -0.091229 -3.114430 0.066464 3.132818 -1.010216
 36   14.294526 -0.410349 -0.467541 0.000021 -0.000012 -2.607695
 37   15.834409 0.579420 -0.284600 -0.006092 -0.035255 0.214508
 38   1.139685 -3.453749 -2.823813 0.000000 0.000000 0.000001
 39   -4.457742 -1.054854 -0.746180 0.000000 0.000000 0.000000
 40   1.118101 -3.449769 3.237290 0.000000 0.000001 0.000000
 41   -4.433840 -1.059130 0.959566 -0.000001 0.000000 0.000000
 42   -0.657468 1.697302 -2.688614 0.000000 0.000002 0.000000
 43   -0.664068 1.698578 2.869377 0.000000 0.000002 0.000000
time 86
  0   -0.967547 0.175787 -20.574476 0.000000 0.000000 -1.572114
  1   -1.093036 0.000002 -0.326057 -0.214014 -1.569082 -1.356583
  2   2.262337 0.113614 0.064702 -0.036660 -0.172206 -0.021517
  3   2.380047 0.353302 0.047440 -0.107962 -0.076550 -0.020997
  4   2.033756 0.190472 -0.000128 -0.176284 -0.081327 -0.349229
  5   2.451511 0.204909 -0.003447 -0.355363 -0.195734 -0.297123
  6   7.247600 -0.397300 -0.109469 0.000001 0.000021 0.156829
  7   -2.022252 -0.104661 3.136172 0.958202 -1.262149 -4.267386
  8   1.168026 -0.537438 -0.063437 -0.202706 0.925699 -0.019357
  9   6.790376 -0.619176 0.015206 0.043227 0.065654 -0.992776
 10   8.637599 0.544015 -0.090417 -3.925495 0.184855 0.112953
 11   6.790465 -0.619039 0.017802 0.037555 0.030617 -0.710352
 12   -2.022474 -0.104699 -2.873818 -2.741373 1.475573 0.226261
 13   1.167898 -0.537463 0.063297 0.402728 -0.732301 -1.421205
 14   7.002743 -0.617765 -0.183752 -0.001706 -0.158690 -1.289148
 15   8.209042 0.615527 -0.255885 1.739925 0.109870 0.548866
 16   7.002735 -0.617911 -0.183641 -0.008488 -0.105521 -0.919778
 17   1.574674 0.609930 -0.000899 0.562159 0.156872 0.533894
 18   -0.602177 0.511412 -0.000006 0.000000 0.000000 0.000000
 19   3.673773 0.177020 1.119313 -0.000002 -0.000014 -0.174510
 20   3.673767 0.176993 -1.117566 0.000007 -0.000003 -0.174546
 21   3.696256 1.330634 1.627658 0.006354 -0.200741 0.411863
 22   -0.351532 -0.015795 0.371985 -0.000011 0.000031 0.000025
 23   3.692366 1.330659 -1.631083 -0.006333 0.200780 0.411810
 24   -0.347716 -0.019685 -0.379788 -0.000005 -0.000006 0.000048
 25   4.941364 1.997338 1.629330 0.000018 -0.000001 -0.000024
 26   4.941382 1.997366 -1.629410 -0.000001 0.000005 -0.000024
 27   3.031653 1.693485 1.522314 -0.043955 0.137321 -0.635381
 28   3.034083 1.693092 -1.520674 0.043934 -0.137352 -0.635435
 29   8.824059 0.150544 0.091743 0.000006 -0.000231 -0.174534
 30   2.111085 -0.561179 1.784320 -0.000008 -0.000682 0.000024
 31   2.121290 -0.561289 -1.853599 0.000000 0.000000 -0.000002
 32   -0.814395 -0.093824 3.127092 3.071965 -0.114691 1.239365
 33   14.298673 -0.408176 0.471578 0.000248 0.000063 -1.896136
 34   15.835795 0.581398 0.242756 -0.214735 0.106913 -0.097869
 35   -0.815868 -0.091229 -3.114430 0.066464 3.132818 -1.010216
 36   14.294526 -0.410349 -0.467541 0.000021 -0.000012 -2.607695
 37   15.834409 0.579420 -0.284600 -0.006092 -0.035255 0.214508
 38   1.139685 -3.453749 -2.823813 0.000000 0.000000 0.000001
 39   -4.457742 -1.054854 -0.746180 0.000000 0.000000 0.000000
 40   1.118101 -3.449769 3.237290 0.000000 0.000001 0.000000
 41   -4.433840 -1.059130 0.959566 -0.000001 0.000000 0.000000
 42   -0.657468 1.697302 -2.688614 0.000000 0.000002 0.000000
 43   -0.664068 1.698578 2.869377 0.000000 0.000002 0.000000
time 87
  0   -0.967547 0.175787 -20.574476 0.000000 0.000000 -1.572114
  1   -1.093036 0.000002 -0.326057 -0.214014 -1.569082 -1.356583
  2   2.262337 0.113614 0.064702 -0.032915 -0.175094 -0.022800
  3   2.380047 0.353302 0.047440 -0.105607 -0.077628 -0.021712
  4   2.033756 0.190472 -0.000128 -0.175620 -0.083928 -0.349809
  5   2.451511 0.204909 -0.003447 -0.354182 -0.197614 -0.296999
  6   7.247600 -0.397300 -0.109469 0.000001 0.000021 0.156829
  7   -2.022252 -0.104661 3.136172 0.941523 -1.255922 -4.242311
  8   1.168026 -0.537438 -0.063437 -0.190303 0.904919 0.004365
  9   6.790376 -0.619176 0.015206 0.043061 0.065988 -0.994210
 10   8.637599 0.544015 -0.090417 -3.958607 0.166906 0.098846
 11   6.790465 -0.619039 0.017802 0.037526 0.030873 -0.711275
 12   -2.022474 -0.104699 -2.873818 3.404555 1.461264 0.087915
 13   1.167898 -0.537463 0.063297 0.388598 -0.703060 -1.432162
 14   7.002743 -0.617765 -0.183752 -0.001820 -0.158690 -1.285848
 15   8.209042 0.615527 -0.255885 1.790976 0.073781 0.582784
 16   7.002735 -0.617911 -0.183641 -0.008488 -0.105521 -0.917405
 17   1.574674 0.609930 -0.000899 0.568821 0.167025 0.542469
 18   -0.602177 0.511412 -0.000006 0.000000 0.000000 0.000000
 19   3.673773 0.177020 1.119313 -0.000002 -0.000014 -0.174510
 20   3.673767 0.176993 -1.117566 0.000007 -0.000003 -0.174546
 21   3.442342 1.330634 1.627658 -0.073691 -0.386442 0.847736
 22   -0.457004 -0.035327 0.231356 -0.000011 0.000031 0.000025
 23   3.438452 1.330659 -1.631083 0.073712 0.386493 0.847601
 24   -0.453188 -0.039217 -0.235252 -0.000005 -0.000006 0.000048
 25   4.941364 1.997338 1.629330 0.000018 -0.000001 -0.000024
 26   4.941382 1.997366 -1.629410 -0.000001 0.000005 -0.000024
 27   3.160563 1.767707 1.553565 -0.163477 0.220818 -1.289323
 28   3.162993 1.775125 -1.540206 0.163480 -0.220897 -1.289338
 29   8.824059 0.150544 0.091743 0.000006 -0.000231 -0.174534
 30   2.111085 -0.561179 1.784320 -0.000008 -0.000682 0.000024
 31   2.121290 -0.561289 -1.853599 0.000000 0.000000 -0.000002
 32   -0.814395 -0.093824 3.127092 3.071965 -0.114691 1.239365
 33   14.298673 -0.408176 0.471578 0.000248 0.000063 -1.896136
 34   15.835795 0.581398 0.242756 -0.214735 0.106913 -0.097869
 35   -0.815868 -0.091229 -3.114430 0.066464 3.132818 -1.010216
 36   14.294526 -0.410349 -0.467541 0.000021 -0.000012 -2.607695
 37   15.834409 0.579420 -0.284600 -0.006092 -0.035255 0.214508
 38   1.139685 -3.453749 -2.823813 0.000000 0.000000 0.000001
 39   -4.457742 -1.054854 -0.746180 0.000000 0.000000 0.000000
 40   1.118101 -3.449769 3.237290 0.000000 0.000001 0.000000
 41   -4.433840 -1.059130 0.959566 -0.000001 0.000000 0.000000
 42   -0.657468 1.697302 -2.688614 0.000000 0.000002 0.000000
 43   -0.664068 1.698578 2.869377 0.000000 0.000002 0.000000
time 88
  0   -0.967547 0.175787 -20.574476 0.000000 0.000000 -1.572114
  1   -1.093036 0.000002 -0.326057 -0.214014 -1.569082 -1.356583
  2   2.262337 0.113614 0.064702 -0.028597 -0.178378 -0.027119
  3   2.380047 0.353302 0.047440 -0.104077 -0.079654 -0.023875
  4   2.033756 0.190472 -0.000128 -0.175454 -0.085438 -0.349954
  5   2.451511 0.204909 -0.003447 -0.352710 -0.201400 -0.296578
  6   7.247600 -0.397300 -0.109469 0.000001 0.000021 0.156829
  7   -2.022252 -0.104661 3.136172 0.938743 -1.255259 -4.243532
  8   1.168026 -0.537438 -0.063437 -0.150626 0.892944 0.055290
  9   6.790376 -0.619176 0.015206 0.042839 0.066589 -0.997606
 10   8.637599 0.544015 -0.090417 -3.970584 0.153250 0.084594
 11   6.790465 -0.619039 0.017802 0.037409 0.031356 -0.713755
 12   -2.022474 -0.104699 -2.873818 3.271958 1.447681 -0.045835
 13   1.167898 -0.537463 0.063297 0.375172 -0.669445 -1.431012
 14   7.002743 -0.617765 -0.183752 -0.001479 -0.159258 -1.294016
 15   8.209042 0.615527 -0.255885 1.884809 -0.031764 0.595533
 16   7.002735 -0.617911 -0.183641 -0.008582 -0.105916 -0.923090
 17   1.574674 0.609930 -0.000899 0.575402 0.178243 0.552190
 18   -0.602177 0.511412 -0.000006 0.000000 0.000000 0.000000
 19   3.673773 0.177020 1.119313 -0.000002 -0.000014 -0.174510
 20   3.673767 0.176993 -1.117566 0.000007 -0.000003 -0.174546
 21   3.512656 1.330634 1.627658 -0.043154 -0.339786 0.725618
 22   -0.425753 -0.027514 0.274326 -0.000011 0.000031 0.000025
 23   3.508767 1.330659 -1.631083 0.043188 0.339825 0.725587
 24   -0.421937 -0.031404 -0.286035 -0.000005 -0.000006 0.000048
 25   4.941364 1.997338 1.629330 0.000018 -0.000001 -0.000024
 26   4.941382 1.997366 -1.629410 -0.000001 0.000005 -0.000024
 27   3.129312 1.748175 1.553565 -0.126624 0.206556 -1.114466
 28   3.131742 1.747781 -1.540206 0.126615 -0.206599 -1.114442
 29   8.824059 0.150544 0.091743 0.000006 -0.000231 -0.174534
 30   2.111085 -0.561179 1.784320 -0.000008 -0.000682 0.000024
 31   2.121290 -0.561289 -1.853599 0.000000 0.000000 -0.000002
 32   -0.814395 -0.093824 3.127092 3.071965 -0.114691 1.239365
 33   14.298673 -0.408176 0.471578 0.000248 0.000063 -1.896136
 34   15.835795 0.581398 0.242756 -0.214735 0.106913 -0.097869
 35   -0.815868 -0.091229 -3.114430 0.066464 3.132818 -1.010216
 36   14.294526 -0.410349 -0.467541 0.000021 -0.000012 -2.607695
 37   15.834409 0.579420 -0.284600 -0.006092 -0.035255 0.214508
 38   1.139685 -3.453749 -2.823813 0.000000 0.000000 0.000001
 39   -4.457742 -1.054854 -0.746180 0.000000 0.000000 0.000000
 40   1.118101 -3.449769 3.237290 0.000000 0.000001 0.000000
 41   -4.433840 -1.059130 0.959566 -0.000001 0.000000 0.000000
 42   -0.657468 1.697302 -2.688614 0.000000 0.000002 0.000000
 43   -0.664068 1.698578 2.869377 0.000000 0.000002 0.000000
time 89
  0   -0.967547 0.175787 -20.574476 0.000000 0.000000 -1.572114
  1   -1.093036 0.000002 -0.326057 -0.214014 -1.569082 -1.356583
  2   2.262337 0.113614 0.064702 -0.026164 -0.183411 -0.031817
  3   2.380047 0.353302 0.047440 -0.103567 -0.083117 -0.025691
  4   2.033756 0.190472 -0.000128 -0.175454 -0.086876 -0.350062
  5   2.451511 0.204909 -0.003447 -0.351837 -0.205382 -0.296157
  6   7.247600 -0.397300 -0.109469 0.000001 0.000021 0.156829
  7   -2.022252 -0.104661 3.136172 0.957436 -1.254625 -4.271707
  8   1.168026 -0.537438 -0.063437 -0.099875 0.889673 0.127217
  9   6.790376 -0.619176 0.015206 0.042451 0.067590 -1.007567
 10   8.637599 0.544015 -0.090417 -3.965564 0.142128 0.068823
 11   6.790465 -0.619039 0.017802 0.037380 0.032010 -0.720676
 12   -2.022474 -0.104699 -2.873818 -0.007422 1.698158 -3.320372
 13   1.167898 -0.537463 0.063297 0.347827 -0.645289 -1.370235
 14   7.002743 -0.617765 -0.183752 0.003759 -0.168741 -1.390464
 15   8.209042 0.615527 -0.255885 1.940318 -0.122177 0.589700
 16   7.002735 -0.617911 -0.183641 -0.008112 -0.113246 -0.990259
 17   1.574674 0.609930 -0.000899 0.584339 0.190881 0.565311
 18   -0.602177 0.511412 -0.000006 0.000000 0.000000 0.000000
 19   3.673773 0.177020 1.119313 -0.000002 -0.000014 -0.174510
 20   3.673767 0.176993 -1.117566 0.000007 -0.000003 -0.174546
 21   3.696256 1.330634 1.627658 0.006354 -0.200741 0.411863
 22   -0.351532 -0.015795 0.371985 -0.000011 0.000031 0.000025
 23   3.692366 1.330659 -1.631083 -0.006333 0.200780 0.411810
 24   -0.347716 -0.019685 -0.379788 -0.000005 -0.000006 0.000048
 25   4.941364 1.997338 1.629330 0.000018 -0.000001 -0.000024
 26   4.941382 1.997366 -1.629410 -0.000001 0.000005 -0.000024
 27   3.031653 1.693485 1.522314 -0.043955 0.137321 -0.635381
 28   3.034083 1.693092 -1.520674 0.043934 -0.137352 -0.635435
 29   8.824059 0.150544 0.091743 0.000006 -0.000231 -0.174534
 30   2.111085 -0.561179 1.784320 -0.000008 -0.000682 0.000024
 31   2.121290 -0.561289 -1.853599 0.000000 0.000000 -0.000002
 32   -0.814395 -0.093824 3.127092 3.071965 -0.114691 1.239365
 33   14.298673 -0.408176 0.471578 0.000248 0.000063 -1.896136
 34   15.835795 0.581398 0.242756 -0.214735 0.106913 -0.097869
 35   -0.815868 -0.091229 -3.114430 0.066464 3.132818 -1.010216
 36   14.294526 -0.410349 -0.467541 0.000021 -0.000012 -2.607695
 37   15.834409 0.579420 -0.284600 -0.006092 -0.035255 0.214508
 38   1.139685 -3.453749 -2.823813 0.000000 0.000000 0.000001
 39   -4.457742 -1.054854 -0.746180 0.000000 0.000000 0.000000
 40   1.118101 -3.449769 3.237290 0.000000 0.000001 0.000000
 41   -4.433840 -1.059130 0.959566 -0.000001 0.000000 0.000000
 42   -0.657468 1.697302 -2.688614 0.000000 0.000002 0.000000
 43   -0.664068 1.698578 2.869377 0.000000 0.000002 0.000000
time 90
  0   -0.967547 0.175787 -20.574476 0.000000 0.000000 -1.572114
  1   -1.093036 0.000002 -0.326057 -0.214014 -1.569082 -1.356583
  2   2.262337 0.113614 0.064702 -0.027285 -0.191249 -0.040058
  3   2.380047 0.353302 0.047440 -0.106462 -0.089769 -0.030608
  4   2.033756 0.190472 -0.000128 -0.175491 -0.089225 -0.350388
  5   2.451511 0.204909 -0.003447 -0.351700 -0.211740 -0.295340
  6   7.247600 -0.397300 -0.109469 0.000001 0.000021 0.156829
  7   -2.022252 -0.104661 3.136172 0.970281 -1.257335 -4.298191
  8   1.168026 -0.537438 -0.063437 -0.036975 0.890982 0.217047
  9   6.790376 -0.619176 0.015206 0.042062 0.069325 -1.026963
 10   8.637599 0.544015 -0.090417 -3.954908 0.131570 0.058550
 11   6.790465 -0.619039 0.017802 0.037526 0.033204 -0.734288
 12   -2.022474 -0.104699 -2.873818 -0.297047 1.704224 -3.589884
 13   1.167898 -0.537463 0.063297 0.380585 -0.683074 -1.242083
 14   7.002743 -0.617765 -0.183752 0.022775 -0.192534 -1.657452
 15   8.209042 0.615527 -0.255885 2.042996 -0.279776 0.599803
 16   7.002735 -0.617911 -0.183641 -0.004440 -0.133264 -1.175100
 17   1.574674 0.609930 -0.000899 0.592382 0.197839 0.577804
 18   -0.602177 0.511412 -0.000006 0.000000 0.000000 0.000000
 19   3.673773 0.177020 1.119313 -0.000002 -0.000014 -0.174510
 20   3.673767 0.176993 -1.117566 0.000007 -0.000003 -0.174546
 21   3.868136 1.334540 1.627658 0.009865 -0.053762 0.110915
 22   -0.273405 -0.011889 0.477457 -0.000011 0.000031 0.000025
 23   3.868153 1.334565 -1.631083 -0.009856 0.053789 0.110890
 24   -0.265682 -0.011872 -0.485260 -0.000005 -0.000006 0.000048
 25   4.941364 1.997338 1.629330 0.000018 -0.000001 -0.000024
 26   4.941382 1.997366 -1.629410 -0.000001 0.000005 -0.000024
 27   2.937900 1.638796 1.514501 -0.002871 0.038556 -0.166919
 28   2.940330 1.638402 -1.501142 0.002862 -0.038587 -0.166933
 29   8.824059 0.150544 0.091743 0.000006 -0.000231 -0.174534
 30   2.111085 -0.561179 1.784320 -0.000008 -0.000682 0.000024
 31   2.121290 -0.561289 -1.853599 0.000000 0.000000 -0.000002
 32   -0.814395 -0.093824 3.127092 3.071965 -0.114691 1.239365
 33   14.298673 -0.408176 0.471578 0.000248 0.000063 -1.896136
 34   15.835795 0.581398 0.242756 -0.214735 0.106913 -0.097869
 35   -0.815868 -0.091229 -3.114430 0.066464 3.132818 -1.010216
 36   14.294526 -0.410349 -0.467541 0.000021 -0.000012 -2.607695
 37   15.834409 0.579420 -0.284600 -0.006092 -0.035255 0.214508
 38   1.139685 -3.453749 -2.823813 0.000000 0.000000 0.000001
 39   -4.457742 -1.054854 -0.746180 0.000000 0.000000 0.000000
 40   1.118101 -3.449769 3.237290 0.000000 0.000001 0.000000
 41   -4.433840 -1.059130 0.959566 -0.000001 0.000000 0.000000
 42   -0.657468 1.697302 -2.688614 0.000000 0.000002 0.000000
 43   -0.664068 1.698578 2.869377 0.000000 0.000002 0.000000
time 91
  0   -0.967547 0.175787 -20.574476 0.000000 0.000000 -1.572114
  1   -1.093036 0.000002 -0.326057 -0.214014 -1.569082 -1.356583
  2   2.262337 0.113614 0.064702 -0.035195 -0.197218 -0.045913
  3   2.380047 0.353302 0.047440 -0.113468 -0.097127 -0.044096
  4   2.033756 0.190472 -0.000128 -0.176450 -0.096128 -0.364090
  5   2.451511 0.204909 -0.003447 -0.350759 -0.229809 -0.299575
  6   7.247600 -0.397300 -0.109469 0.000001 0.000021 0.156829
  7   -2.022252 -0.104661 3.136172 0.940181 -1.280685 -4.264663
  8   1.168026 -0.537438 -0.063437 0.029597 0.880768 0.284166
  9   6.790376 -0.619176 0.015206 0.041286 0.073063 -1.065602
 10   8.637599 0.544015 -0.090417 -3.953147 0.131851 0.059202
 11   6.790465 -0.619039 0.017802 0.037847 0.035705 -0.761337
 12   -2.022474 -0.104699 -2.873818 2.327588 1.420457 -0.925505
 13   1.167898 -0.537463 0.063297 0.408211 -0.716638 -0.962594
 14   7.002743 -0.617765 -0.183752 0.060407 -0.217860 -2.045062
 15   8.209042 0.615527 -0.255885 2.349590 -0.400604 0.490413
 16   7.002735 -0.617911 -0.183641 0.007329 -0.161120 -1.442950
 17   1.574674 0.609930 -0.000899 0.601237 0.199543 0.589853
 18   -0.602177 0.511412 -0.000006 0.000000 0.000000 0.000000
 19   3.673773 0.177020 1.119313 -0.000002 -0.000014 -0.174510
 20   3.673767 0.176993 -1.117566 0.000007 -0.000003 -0.174546
 21   3.942357 1.334540 1.627658 0.000002 -0.000011 -0.000026
 22   -0.246060 -0.011889 0.516521 -0.000011 0.000031 0.000025
 23   3.942374 1.334565 -1.631083 0.000019 0.000002 -0.000024
 24   -0.246150 -0.011872 -0.516511 -0.000005 -0.000006 0.000048
 25   4.941364 1.997338 1.629330 0.000018 -0.000001 -0.000024
 26   4.941382 1.997366 -1.629410 -0.000001 0.000005 -0.000024
 27   2.914462 1.619264 1.514501 -0.000019 -0.000022 -0.000050
 28   2.916892 1.618870 -1.501142 -0.000002 -0.000009 -0.000024
 29   8.824059 0.150544 0.091743 0.000006 -0.000231 -0.174534
 30   2.111085 -0.561179 1.784320 -0.000008 -0.000682 0.000024
 31   2.121290 -0.561289 -1.853599 0.000000 0.000000 -0.000002
 32   -0.814395 -0.093824 3.127092 3.071965 -0.114691 1.239365
 33   14.298673 -0.408176 0.471578 0.000248 0.000063 -1.896136
 34   15.835795 0.581398 0.242756 -0.214735 0.106913 -0.097869
 35   -0.815868 -0.091229 -3.114430 0.066464 3.132818 -1.010216
 36   14.294526 -0.410349 -0.467541 0.000021 -0.000012 -2.607695
 37   15.834409 0.579420 -0.284600 -0.006092 -0.035255 0.214508
 38   1.139685 -3.453749 -2.823813 0.000000 0.000000 0.000001
 39   -4.457742 -1.054854 -0.746180 0.000000 0.000000 0.000000
 40   1.118101 -3.449769 3.237290 0.000000 0.000001 0.000000
 41   -4.433840 -1.059130 0.959566 -0.000001 0.000000 0.000000
 42   -0.657468 1.697302 -2.688614 0.000000 0.000002 0.000000
 43   -0.664068 1.698578 2.869377 0.000000 0.000002 0.000000
time 92
  0   -0.967547 0.175787 -20.574476 0.000000 0.000000 -1.572114
  1   -1.093036 0.000002 -0.326057 -0.214014 -1.569082 -1.356583
  2   2.262337 0.113614 0.064702 -0.048251 -0.203845 -0.049256
  3   2.380047 0.353302 0.047440 -0.123473 -0.103311 -0.060400
  4   2.033756 0.190472 -0.000128 -0.177944 -0.108329 -0.380981
  5   2.451511 0.204909 -0.003447 -0.351700 -0.243478 -0.307054
  6   7.247600 -0.397300 -0.109469 0.000001 0.000021 0.156829
  7   -2.022252 -0.104661 3.136172 0.853526 -1.294839 -4.157505
  8   1.168026 -0.537438 -0.063437 0.074969 0.857875 0.331548
  9   6.790376 -0.619176 0.015206 0.040120 0.080604 -1.141447
 10   8.637599 0.544015 -0.090417 -3.931659 0.141284 0.084956
 11   6.790465 -0.619039 0.017802 0.038869 0.040964 -0.814225
 12   -2.022474 -0.104699 -2.873818 1.826421 1.386702 -1.394253
 13   1.167898 -0.537463 0.063297 0.384310 -0.821398 -0.374983
 14   7.002743 -0.617765 -0.183752 0.096616 -0.227967 -2.355530
 15   8.209042 0.615527 -0.255885 2.627063 -0.540423 0.241324
 16   7.002735 -0.617911 -0.183641 0.021970 -0.181251 -1.657264
 17   1.574674 0.609930 -0.000899 0.636050 0.195141 0.605635
 18   -0.602177 0.511412 -0.000006 0.000000 0.000000 0.000000
 19   3.673773 0.177020 1.119313 -0.000002 -0.000014 -0.174510
 20   3.673767 0.176993 -1.117566 0.000007 -0.000003 -0.174546
 21   3.942357 1.334540 1.627658 0.000002 -0.000011 -0.000026
 22   -0.246060 -0.011889 0.516521 -0.000011 0.000031 0.000025
 23   3.942374 1.334565 -1.631083 0.000019 0.000002 -0.000024
 24   -0.246150 -0.011872 -0.516511 -0.000005 -0.000006 0.000048
 25   4.941364 1.997338 1.629330 0.000018 -0.000001 -0.000024
 26   4.941382 1.997366 -1.629410 -0.000001 0.000005 -0.000024
 27   2.914462 1.619264 1.514501 -0.000019 -0.000022 -0.000050
 28   2.916892 1.618870 -1.501142 -0.000002 -0.000009 -0.000024
 29   8.824059 0.150544 0.091743 0.000006 -0.000231 -0.174534
 30   2.111085 -0.561179 1.784320 -0.000008 -0.000682 0.000024
 31   2.121290 -0.561289 -1.853599 0.000000 0.000000 -0.000002
 32   -0.814395 -0.093824 3.127092 3.071965 -0.114691 1.239365
 33   14.298673 -0.408176 0.471578 0.000248 0.000063 -1.896136
 34   15.835795 0.581398 0.242756 -0.214735 0.106913 -0.097869
 35   -0.815868 -0.091229 -3.114430 0.066464 3.132818 -1.010216
 36   14.294526 -0.410349 -0.467541 0.000021 -0.000012 -2.607695
 37   15.834409 0.579420 -0.284600 -0.006092 -0.035255 0.214508
 38   1.139685 -3.453749 -2.823813 0.000000 0.000000 0.000001
 39   -4.457742 -1.054854 -0.746180 0.000000 0.000000 0.000000
 40   1.118101 -3.449769 3.237290 0.000000 0.000001 0.000000
 41   -4.433840 -1.059130 0.959566 -0.000001 0.000000 0.000000
 42   -0.657468 1.697302 -2.688614 0.000000 0.000002 0.000000
 43   -0.664068 1.698578 2.869377 0.000000 0.000002 0.000000
time 93
  0   -0.967547 0.175787 -20.574476 0.000000 0.000000 -1.572114
  1   -1.093036 0.000002 -0.326057 -0.214014 -1.569082 -1.356583
  2   2.262337 0.113614 0.064702 -0.068911 -0.206266 -0.053177
  3   2.380047 0.353302 0.047440 -0.138024 -0.103671 -0.074684
  4   2.033756 0.190472 -0.000128 -0.181743 -0.117617 -0.393160
  5   2.451511 0.204909 -0.003447 -0.354781 -0.251260 -0.312973
  6   7.247600 -0.397300 -0.109469 0.000001 0.000021 0.156829
  7   -2.022252 -0.104661 3.136172 0.700920 -1.293455 -3.978594
  8   1.168026 -0.537438 -0.063437 0.084018 0.831762 0.350716
  9   6.790376 -0.619176 0.015206 0.037846 0.089547 -1.230800
 10   8.637599 0.544015 -0.090417 -3.891942 0.167750 0.128869
 11   6.790465 -0.619039 0.017802 0.039715 0.047217 -0.876629
 12   -2.022474 -0.104699 -2.873818 1.624172 1.339712 -1.582959
 13   1.167898 -0.537463 0.063297 0.149450 -1.066161 -0.511307
 14   7.002743 -0.617765 -0.183752 0.084034 -0.225639 -2.251573
 15   8.209042 0.615527 -0.255885 2.215131 -0.198064 0.655911
 16   7.002735 -0.617911 -0.183641 0.016556 -0.174822 -1.585513
 17   1.574674 0.609930 -0.000899 0.677849 0.151926 0.612141
 18   -0.602177 0.511412 -0.000006 0.000000 0.000000 0.000000
 19   3.673773 0.177020 1.119313 -0.000002 -0.000014 -0.174510
 20   3.673767 0.176993 -1.117566 0.000007 -0.000003 -0.174546
 21   3.942357 1.334540 1.627658 0.000002 -0.000011 -0.000026
 22   -0.246060 -0.011889 0.516521 -0.000011 0.000031 0.000025
 23   3.942374 1.334565 -1.631083 0.000019 0.000002 -0.000024
 24   -0.246150 -0.011872 -0.516511 -0.000005 -0.000006 0.000048
 25   4.941364 1.997338 1.629330 0.000018 -0.000001 -0.000024
 26   4.941382 1.997366 -1.629410 -0.000001 0.000005 -0.000024
 27   2.914462 1.619264 1.514501 -0.000019 -0.000022 -0.000050
 28   2.916892 1.618870 -1.501142 -0.000002 -0.000009 -0.000024
 29   8.824059 0.150544 0.091743 0.000006 -0.000231 -0.174534
 30   2.111085 -0.561179 1.784320 -0.000008 -0.000682 0.000024
 31   2.121290 -0.561289 -1.853599 0.000000 0.000000 -0.000002
 32   -0.814395 -0.093824 3.127092 3.071965 -0.114691 1.239365
 33   14.298673 -0.408176 0.471578 0.000248 0.000063 -1.896136
 34   15.835795 0.581398 0.242756 -0.214735 0.106913 -0.097869
 35   -0.815868 -0.091229 -3.114430 0.066464 3.132818 -1.010216
 36   14.294526 -0.410349 -0.467541 0.000021 -0.000012 -2.607695
 37   15.834409 0.579420 -0.284600 -0.006092 -0.035255 0.214508
 38   1.139685 -3.453749 -2.823813 0.000000 0.000000 0.000001
 39   -4.457742 -1.054854 -0.746180 0.000000 0.000000 0.000000
 40   1.118101 -3.449769 3.237290 0.000000 0.000001 0.000000
 41   -4.433840 -1.059130 0.959566 -0.000001 0.000000 0.000000
 42   -0.657468 1.697302 -2.688614 0.000000 0.000002 0.000000
 43   -0.664068 1.698578 2.869377 0.000000 0.000002 0.000000
time 94
  0   -0.967547 0.175787 -20.574476 0.000000 0.000000 -1.572114
  1   -1.093036 0.000002 -0.326057 -0.214014 -1.569082 -1.356583
  2   2.262337 0.113614 0.064702 -0.071688 -0.198224 -0.055454
  3   2.380047 0.353302 0.047440 -0.138219 -0.097966 -0.074950
  4   2.033756 0.190472 -0.000128 -0.182204 -0.112643 -0.393450
  5   2.451511 0.204909 -0.003447 -0.358975 -0.233021 -0.318570
  6   7.247600 -0.397300 -0.109469 0.000001 0.000021 0.156829
  7   -2.022252 -0.104661 3.136172 0.645130 -1.297405 -3.926188
  8   1.168026 -0.537438 -0.063437 0.050795 0.822806 0.251587
  9   6.790376 -0.619176 0.015206 0.039344 0.085076 -1.184765
 10   8.637599 0.544015 -0.090417 -3.872656 0.152124 0.130533
 11   6.790465 -0.619039 0.017802 0.039453 0.044005 -0.844562
 12   -2.022474 -0.104699 -2.873818 1.660100 1.379736 -1.553279
 13   1.167898 -0.537463 0.063297 -0.127306 -1.251119 -0.563246
 14   7.002743 -0.617765 -0.183752 0.058984 -0.217235 -2.032439
 15   8.209042 0.615527 -0.255885 2.078012 0.081120 0.639734
 16   7.002735 -0.617911 -0.183641 0.006811 -0.160274 -1.434285
 17   1.574674 0.609930 -0.000899 0.653273 0.108615 0.612362
 18   -0.602177 0.511412 -0.000006 0.000000 0.000000 0.000000
 19   3.673773 0.177020 1.119313 -0.000002 -0.000014 -0.174510
 20   3.673767 0.176993 -1.117566 0.000007 -0.000003 -0.174546
 21   3.942357 1.334540 1.627658 0.000002 -0.000011 -0.000026
 22   -0.246060 -0.011889 0.516521 -0.000011 0.000031 0.000025
 23   3.942374 1.334565 -1.631083 0.000019 0.000002 -0.000024
 24   -0.246150 -0.011872 -0.516511 -0.000005 -0.000006 0.000048
 25   4.941364 1.997338 1.629330 0.000018 -0.000001 -0.000024
 26   4.941382 1.997366 -1.629410 -0.000001 0.000005 -0.000024
 27   2.914462 1.619264 1.514501 -0.000019 -0.000022 -0.000050
 28   2.916892 1.618870 -1.501142 -0.000002 -0.000009 -0.000024
 29   8.824059 0.150544 0.091743 0.000006 -0.000231 -0.174534
 30   2.111085 -0.561179 1.784320 -0.000008 -0.000682 0.000024
 31   2.121290 -0.561289 -1.853599 0.000000 0.000000 -0.000002
 32   -0.814395 -0.093824 3.127092 3.071965 -0.114691 1.239365
 33   14.298673 -0.408176 0.471578 0.000248 0.000063 -1.896136
 34   15.835795 0.581398 0.242756 -0.214735 0.106913 -0.097869
 35   -0.815868 -0.091229 -3.114430 0.066464 3.132818 -1.010216
 36   14.294526 -0.410349 -0.467541 0.000021 -0.000012 -2.607695
 37   15.834409 0.579420 -0.284600 -0.006092 -0.035255 0.214508
 38   1.139685 -3.453749 -2.823813 0.000000 0.000000 0.000001
 39   -4.457742 -1.054854 -0.746180 0.000000 0.000000 0.000000
 40   1.118101 -3.449769 3.237290 0.000000 0.000001 0.000000
 41   -4.433840 -1.059130 0.959566 -0.000001 0.000000 0.000000
 42   -0.657468 1.697302 -2.688614 0.000000 0.000002 0.000000
 43   -0.664068 1.698578 2.869377 0.000000 0.000002 0.000000
time 95
  0   -0.967547 0.175787 -20.574476 0.000000 0.000000 -1.572114
  1   -1.093036 0.000002 -0.326057 -0.214014 -1.569082 -1.356583
  2   2.262337 0.113614 0.064702 -0.074490 -0.188900 -0.056484
  3   2.380047 0.353302 0.047440 -0.138339 -0.091375 -0.075194
  4   2.033756 0.190472 -0.000128 -0.182665 -0.106603 -0.393595
  5   2.451511 0.204909 -0.003447 -0.363939 -0.211323 -0.323201
  6   7.247600 -0.397300 -0.109469 0.000001 0.000021 0.156829
  7   -2.022252 -0.104661 3.136172 0.591929 -1.302276 -3.879042
  8   1.168026 -0.537438 -0.063437 0.010929 0.806303 0.138098
  9   6.790376 -0.619176 0.015206 0.040342 0.079002 -1.125523
 10   8.637599 0.544015 -0.090417 -3.859798 0.142903 0.136682
 11   6.790465 -0.619039 0.017802 0.038693 0.039855 -0.803094
 12   -2.022474 -0.104699 -2.873818 1.746805 1.430122 -1.474388
 13   1.167898 -0.537463 0.063297 -0.144247 -1.310873 -0.766643
 14   7.002743 -0.617765 -0.183752 0.027386 -0.196792 -1.711328
 15   8.209042 0.615527 -0.255885 2.169401 0.228126 0.523969
 16   7.002735 -0.617911 -0.183641 -0.003263 -0.137268 -1.212410
 17   1.574674 0.609930 -0.000899 0.624391 0.059412 0.613582
 18   -0.602177 0.511412 -0.000006 0.000000 0.000000 0.000000
 19   3.673773 0.177020 1.119313 -0.000002 -0.000014 -0.174510
 20   3.673767 0.176993 -1.117566 0.000007 -0.000003 -0.174546
 21   3.942357 1.334540 1.627658 0.000002 -0.000011 -0.000026
 22   -0.246060 -0.011889 0.516521 -0.000011 0.000031 0.000025
 23   3.942374 1.334565 -1.631083 0.000019 0.000002 -0.000024
 24   -0.246150 -0.011872 -0.516511 -0.000005 -0.000006 0.000048
 25   4.941364 1.997338 1.629330 0.000018 -0.000001 -0.000024
 26   4.941382 1.997366 -1.629410 -0.000001 0.000005 -0.000024
 27   2.914462 1.619264 1.514501 -0.000019 -0.000022 -0.000050
 28   2.916892 1.618870 -1.501142 -0.000002 -0.000009 -0.000024
 29   8.824059 0.150544 0.091743 0.000006 -0.000231 -0.174534
 30   2.111085 -0.561179 1.784320 -0.000008 -0.000682 0.000024
 31   2.121290 -0.561289 -1.853599 0.000000 0.000000 -0.000002
 32   -0.814395 -0.093824 3.127092 3.071965 -0.114691 1.239365
 33   14.298673 -0.408176 0.471578 0.000248 0.000063 -1.896136
 34   15.835795 0.581398 0.242756 -0.214735 0.106913 -0.097869
 35   -0.815868 -0.091229 -3.114430 0.066464 3.132818 -1.010216
 36   14.294526 -0.410349 -0.467541 0.000021 -0.000012 -2.607695
 37   15.834409 0.579420 -0.284600 -0.006092 -0.035255 0.214508
 38   1.139685 -3.453749 -2.823813 0.000000 0.000000 0.000001
 39   -4.457742 -1.054854 -0.746180 0.000000 0.000000 0.000000
 40   1.118101 -3.449769 3.237290 0.000000 0.000001 0.000000
 41   -4.433840 -1.059130 0.959566 -0.000001 0.000000 0.000000
 42   -0.657468 1.697302 -2.688614 0.000000 0.000002 0.000000
 43   -0.664068 1.698578 2.869377 0.000000 0.000002 0.000000
time 96
  0   -0.967547 0.175787 -20.574476 0.000000 0.000000 -1.572114
  1   -1.093036 0.000002 -0.326057 -0.214014 -1.569082 -1.356583
  2   2.262337 0.113614 0.064702 -0.077076 -0.178510 -0.058219
  3   2.380047 0.353302 0.047440 -0.138399 -0.084172 -0.075439
  4   2.033756 0.190472 -0.000128 -0.183200 -0.099760 -0.393559
  5   2.451511 0.204909 -0.003447 -0.369125 -0.187392 -0.329219
  6   7.247600 -0.397300 -0.109469 0.000001 0.000021 0.156829
  7   -2.022252 -0.104661 3.136172 0.542850 -1.307177 -3.837250
  8   1.168026 -0.537438 -0.063437 -0.016408 0.788491 0.042195
  9   6.790376 -0.619176 0.015206 0.040953 0.074397 -1.084016
 10   8.637599 0.544015 -0.090417 -3.849054 0.142691 0.149487
 11   6.790465 -0.619039 0.017802 0.038022 0.036643 -0.774141
 12   -2.022474 -0.104699 -2.873818 -1.190448 1.658598 -4.419863
 13   1.167898 -0.537463 0.063297 -0.065727 -1.293176 -0.952303
 14   7.002743 -0.617765 -0.183752 0.009965 -0.177997 -1.488646
 15   8.209042 0.615527 -0.255885 2.365408 0.248932 0.461126
 16   7.002735 -0.617911 -0.183641 -0.007170 -0.120633 -1.058257
 17   1.574674 0.609930 -0.000899 0.592382 0.006090 0.616169
 18   -0.602177 0.511412 -0.000006 0.000000 0.000000 0.000000
 19   3.673773 0.177020 1.119313 -0.000002 -0.000014 -0.174510
 20   3.673767 0.176993 -1.117566 0.000007 -0.000003 -0.174546
 21   3.942357 1.334540 1.627658 0.000002 -0.000011 -0.000026
 22   -0.246060 -0.011889 0.516521 -0.000011 0.000031 0.000025
 23   3.942374 1.334565 -1.631083 0.000019 0.000002 -0.000024
 24   -0.246150 -0.011872 -0.516511 -0.000005 -0.000006 0.000048
 25   4.941364 1.997338 1.629330 0.000018 -0.000001 -0.000024
 26   4.941382 1.997366 -1.629410 -0.000001 0.000005 -0.000024
 27   2.914462 1.619264 1.514501 -0.000019 -0.000022 -0.000050
 28   2.916892 1.618870 -1.501142 -0.000002 -0.000009 -0.000024
 29   8.824059 0.150544 0.091743 0.000006 -0.000231 -0.174534
 30   2.111085 -0.561179 1.784320 -0.000008 -0.000682 0.000024
 31   2.121290 -0.561289 -1.853599 0.000000 0.000000 -0.000002
 32   -0.814395 -0.093824 3.127092 3.071965 -0.114691 1.239365
 33   14.298673 -0.408176 0.471578 0.000248 0.000063 -1.896136
 34   15.835795 0.581398 0.242756 -0.214735 0.106913 -0.097869
 35   -0.815868 -0.091229 -3.114430 0.066464 3.132818 -1.010216
 36   14.294526 -0.410349 -0.467541 0.000021 -0.000012 -2.607695
 37   15.834409 0.579420 -0.284600 -0.006092 -0.035255 0.214508
 38   1.139685 -3.453749 -2.823813 0.000000 0.000000 0.000001
 39   -4.457742 -1.054854 -0.746180 0.000000 0.000000 0.000000
 40   1.118101 -3.449769 3.237290 0.000000 0.000001 0.000000
 41   -4.433840 -1.059130 0.959566 -0.000001 0.000000 0.000000
 42   -0.657468 1.697302 -2.688614 0.000000 0.000002 0.000000
 43   -0.664068 1.698578 2.869377 0.000000 0.000002 0.000000
time 97
  0   -0.967547 0.175787 -20.574476 0.000000 0.000000 -1.572114
  1   -1.093036 0.000002 -0.326057 -0.214014 -1.569082 -1.356583
  2   2.262337 0.113614 0.064702 -0.079496 -0.167568 -0.060008
  3   2.380047 0.353302 0.047440 -0.138444 -0.076526 -0.075705
  4   2.033756 0.190472 -0.000128 -0.183790 -0.092401 -0.393305
  5   2.451511 0.204909 -0.003447 -0.374688 -0.161972 -0.335782
  6   7.247600 -0.397300 -0.109469 0.000001 0.000021 0.156829
  7   -2.022252 -0.104661 3.136172 0.498468 -1.311818 -3.800716
  8   1.168026 -0.537438 -0.063437 -0.038746 0.762932 -0.037893
  9   6.790376 -0.619176 0.015206 0.041341 0.071795 -1.053678
 10   8.637599 0.544015 -0.090417 -3.846500 0.155573 0.159977
 11   6.790465 -0.619039 0.017802 0.037672 0.034909 -0.752859
 12   -2.022474 -0.104699 -2.873818 -0.582456 1.617936 -3.817460
 13   1.167898 -0.537463 0.063297 -0.089065 -1.245118 -0.914045
 14   7.002743 -0.617765 -0.183752 0.008997 -0.176634 -1.473300
 15   8.209042 0.615527 -0.255885 2.550918 0.178947 0.496607
 16   7.002735 -0.617911 -0.183641 -0.007359 -0.119449 -1.047660
 17   1.574674 0.609930 -0.000899 0.558138 -0.049834 0.620013
 18   -0.602177 0.511412 -0.000006 0.000000 0.000000 0.000000
 19   3.673773 0.177020 1.119313 -0.000002 -0.000014 -0.174510
 20   3.673767 0.176993 -1.117566 0.000007 -0.000003 -0.174546
 21   3.942357 1.334540 1.627658 0.000002 -0.000011 -0.000026
 22   -0.246060 -0.011889 0.516521 -0.000011 0.000031 0.000025
 23   3.942374 1.334565 -1.631083 0.000019 0.000002 -0.000024
 24   -0.246150 -0.011872 -0.516511 -0.000005 -0.000006 0.000048
 25   4.941364 1.997338 1.629330 0.000018 -0.000001 -0.000024
 26   4.941382 1.997366 -1.629410 -0.000001 0.000005 -0.000024
 27   2.914462 1.619264 1.514501 -0.000019 -0.000022 -0.000050
 28   2.916892 1.618870 -1.501142 -0.000002 -0.000009 -0.000024
 29   8.824059 0.150544 0.091743 0.000006 -0.000231 -0.174534
 30   2.111085 -0.561179 1.784320 -0.000008 -0.000682 0.000024
 31   2.121290 -0.561289 -1.853599 0.000000 0.000000 -0.000002
 32   -0.814395 -0.093824 3.127092 3.071965 -0.114691 1.239365
 33   14.298673 -0.408176 0.471578 0.000248 0.000063 -1.896136
 34   15.835795 0.581398 0.242756 -0.214735 0.106913 -0.097869
 35   -0.815868 -0.091229 -3.114430 0.066464 3.132818 -1.010216
 36   14.294526 -0.410349 -0.467541 0.000021 -0.000012 -2.607695
 37   15.834409 0.579420 -0.284600 -0.006092 -0.035255 0.214508
 38   1.139685 -3.453749 -2.823813 0.000000 0.000000 0.000001
 39   -4.457742 -1.054854 -0.746180 0.000000 0.000000 0.000000
 40   1.118101 -3.449769 3.237290 0.000000 0.000001 0.000000
 41   -4.433840 -1.059130 0.959566 -0.000001 0.000000 0.000000
 42   -0.657468 1.697302 -2.688614 0.000000 0.000002 0.000000
 43   -0.664068 1.698578 2.869377 0.000000 0.000002 0.000000
time 98
  0   -0.967547 0.175787 -20.574476 0.000000 0.000000 -1.572114
  1   -1.093036 0.000002 -0.326057 -0.214014 -1.569082 -1.356583
  2   2.262337 0.113614 0.064702 -0.081712 -0.156362 -0.061743
  3   2.380047 0.353302 0.047440 -0.138459 -0.068856 -0.075990
  4   2.033756 0.190472 -0.000128 -0.184417 -0.084839 -0.393160
  5   2.451511 0.204909 -0.003447 -0.380405 -0.136122 -0.342642
  6   7.247600 -0.397300 -0.109469 0.000001 0.000021 0.156829
  7   -2.022252 -0.104661 3.136172 0.460508 -1.315076 -3.770005
  8   1.168026 -0.537438 -0.063437 -0.064628 0.736366 -0.105139
  9   6.790376 -0.619176 0.015206 0.041896 0.070860 -1.029378
 10   8.637599 0.544015 -0.090417 -3.847381 0.180069 0.161641
 11   6.790465 -0.619039 0.017802 0.037642 0.034227 -0.735902
 12   -2.022474 -0.104699 -2.873818 -2.678427 1.521896 -5.916584
 13   1.167898 -0.537463 0.063297 -0.089346 -1.140511 -0.810107
 14   7.002743 -0.617765 -0.183752 0.020782 -0.190546 -1.632783
 15   8.209042 0.615527 -0.255885 2.739303 0.044046 0.633961
 16   7.002735 -0.617911 -0.183641 -0.004911 -0.131460 -1.158156
 17   1.574674 0.609930 -0.000899 0.522919 -0.106493 0.625336
 18   -0.602177 0.511412 -0.000006 0.000000 0.000000 0.000000
 19   3.673773 0.177020 1.119313 -0.000002 -0.000014 -0.174510
 20   3.673767 0.176993 -1.117566 0.000007 -0.000003 -0.174546
 21   3.942357 1.334540 1.627658 0.000002 -0.000011 -0.000026
 22   -0.246060 -0.011889 0.516521 -0.000011 0.000031 0.000025
 23   3.942374 1.334565 -1.631083 0.000019 0.000002 -0.000024
 24   -0.246150 -0.011872 -0.516511 -0.000005 -0.000006 0.000048
 25   4.941364 1.997338 1.629330 0.000018 -0.000001 -0.000024
 26   4.941382 1.997366 -1.629410 -0.000001 0.000005 -0.000024
 27   2.914462 1.619264 1.514501 -0.000019 -0.000022 -0.000050
 28   2.916892 1.618870 -1.501142 -0.000002 -0.000009 -0.000024
 29   8.824059 0.150544 0.091743 0.000006 -0.000231 -0.174534
 30   2.111085 -0.561179 1.784320 -0.000008 -0.000682 0.000024
 31   2.121290 -0.561289 -1.853599 0.000000 0.000000 -0.000002
 32   -0.814395 -0.093824 3.127092 3.071965 -0.114691 1.239365
 33   14.298673 -0.408176 0.471578 0.000248 0.000063 -1.896136
 34   15.835795 0.581398 0.242756 -0.214735 0.106913 -0.097869
 35   -0.815868 -0.091229 -3.114430 0.066464 3.132818 -1.010216
 36   14.294526 -0.410349 -0.467541 0.000021 -0.000012 -2.607695
 37   15.834409 0.579420 -0.284600 -0.006092 -0.035255 0.214508
 38   1.139685 -3.453749 -2.823813 0.000000 0.000000 0.000001
 39   -4.457742 -1.054854 -0.746180 0.000000 0.000000 0.000000
 40   1.118101 -3.449769 3.237290 0.000000 0.000001 0.000000
 41   -4.433840 -1.059130 0.959566 -0.000001 0.000000 0.000000
 42   -0.657468 1.697302 -2.688614 0.000000 0.000002 0.000000
 43   -0.664068 1.698578 2.869377 0.000000 0.000002 0.000000
time 99
  0   -0.967547 0.175787 -20.574476 0.000000 0.000000 -1.572114
  1   -1.093036 0.000002 -0.326057 -0.214014 -1.569082 -1.356583
  2   2.262337 0.113614 0.064702 -0.083674 -0.145312 -0.063369
  3   2.380047 0.353302 0.047440 -0.138444 -0.061233 -0.076296
  4   2.033756 0.190472 -0.000128 -0.185118 -0.077313 -0.392689
  5   2.451511 0.204909 -0.003447 -0.385968 -0.110651 -0.349477
  6   7.247600 -0.397300 -0.109469 0.000001 0.000021 0.156829
  7   -2.022252 -0.104661 3.136172 0.432134 -1.316892 -3.747935
  8   1.168026 -0.537438 -0.063437 -0.108418 0.737171 -0.167893
  9   6.790376 -0.619176 0.015206 0.042062 0.070593 -1.022133
 10   8.637599 0.544015 -0.090417 -3.827567 0.205691 0.166850
 11   6.790465 -0.619039 0.017802 0.037584 0.034085 -0.730885
 12   -2.022474 -0.104699 -2.873818 -2.233691 1.500011 -5.471579
 13   1.167898 -0.537463 0.063297 -0.047379 -1.078010 -0.779113
 14   7.002743 -0.617765 -0.183752 0.027842 -0.197190 -1.717021
 15   8.209042 0.615527 -0.255885 2.854276 -0.041903 0.714063
 16   7.002735 -0.617911 -0.183641 -0.003122 -0.137719 -1.216329
 17   1.574674 0.609930 -0.000899 0.488878 -0.161660 0.632026
 18   -0.602177 0.511412 -0.000006 0.000000 0.000000 0.000000
 19   3.673773 0.177020 1.119313 -0.000002 -0.000014 -0.174510
 20   3.673767 0.176993 -1.117566 0.000007 -0.000003 -0.174546
 21   3.942357 1.334540 1.627658 0.000002 -0.000011 -0.000026
 22   -0.246060 -0.011889 0.516521 -0.000011 0.000031 0.000025
 23   3.942374 1.334565 -1.631083 0.000019 0.000002 -0.000024
 24   -0.246150 -0.011872 -0.516511 -0.000005 -0.000006 0.000048
 25   4.941364 1.997338 1.629330 0.000018 -0.000001 -0.000024
 26   4.941382 1.997366 -1.629410 -0.000001 0.000005 -0.000024
 27   2.914462 1.619264 1.514501 -0.000019 -0.000022 -0.000050
 28   2.916892 1.618870 -1.501142 -0.000002 -0.000009 -0.000024
 29   8.824059 0.150544 0.091743 0.000006 -0.000231 -0.174534
 30   2.111085 -0.561179 1.784320 -0.000008 -0.000682 0.000024
 31   2.121290 -0.561289 -1.853599 0.000000 0.000000 -0.000002
 32   -0.814395 -0.093824 3.127092 3.071965 -0.114691 1.239365
 33   14.298673 -0.408176 0.471578 0.000248 0.000063 -1.896136
 34   15.835795 0.581398 0.242756 -0.214735 0.106913 -0.097869
 35   -0.815868 -0.091229 -3.114430 0.066464 3.132818 -1.010216
 36   14.294526 -0.410349 -0.467541 0.000021 -0.000012 -2.607695
 37   15.834409 0.579420 -0.284600 -0.006092 -0.035255 0.214508
 38   1.139685 -3.453749 -2.823813 0.000000 0.000000 0.000001
 39   -4.457742 -1.054854 -0.746180 0.000000 0.000000 0.000000
 40   1.118101 -3.449769 3.237290 0.000000 0.000001 0.000000
 41   -4.433840 -1.059130 0.959566 -0.000001 0.000000 0.000000
 42   -0.657468 1.697302 -2.688614 0.000000 0.000002 0.000000
 43   -0.664068 1.698578 2.869377 0.000000 0.000002 0.000000
time 100
  0   -0.967547 0.175787 -20.574476 0.000000 0.000000 -1.572114
  1   -1.093036 0.000002 -0.326057 -0.214014 -1.569082 -1.356583
  2   2.262337 0.113614 0.064702 -0.085406 -0.135090 -0.064941
  3   2.380047 0.353302 0.047440 -0.138384 -0.054150 -0.076562
  4   2.033756 0.190472 -0.000128 -0.185874 -0.070218 -0.392000
  5   2.451511 0.204909 -0.003447 -0.391240 -0.086707 -0.355941
  6   7.247600 -0.397300 -0.109469 0.000001 0.000021 0.156829
  7   -2.022252 -0.104661 3.136172 0.414688 -1.317209 -3.735538
  8   1.168026 -0.537438 -0.063437 -0.178533 0.756039 -0.235455
  9   6.790376 -0.619176 0.015206 0.042118 0.070326 -1.017001
 10   8.637599 0.544015 -0.090417 -3.792429 0.224837 0.167935
 11   6.790465 -0.619039 0.017802 0.037584 0.033943 -0.727251
 12   -2.022474 -0.104699 -2.873818 -2.087106 1.483410 -5.320404
 13   1.167898 -0.537463 0.063297 0.000774 -1.059601 -0.780384
 14   7.002743 -0.617765 -0.183752 0.030119 -0.197417 -1.746063
 15   8.209042 0.615527 -0.255885 2.865780 -0.050225 0.755859
 16   7.002735 -0.617911 -0.183641 -0.002227 -0.138339 -1.236585
 17   1.574674 0.609930 -0.000899 0.455975 -0.213325 0.639196
 18   -0.602177 0.511412 -0.000006 0.000000 0.000000 0.000000
 19   3.673773 0.177020 1.119313 -0.000002 -0.000014 -0.174510
 20   3.673767 0.176993 -1.117566 0.000007 -0.000003 -0.174546
 21   3.942357 1.334540 1.627658 0.000002 -0.000011 -0.000026
 22   -0.246060 -0.011889 0.516521 -0.000011 0.000031 0.000025
 23   3.942374 1.334565 -1.631083 0.000019 0.000002 -0.000024
 24   -0.246150 -0.011872 -0.516511 -0.000005 -0.000006 0.000048
 25   4.941364 1.997338 1.629330 0.000018 -0.000001 -0.000024
 26   4.941382 1.997366 -1.629410 -0.000001 0.000005 -0.000024
 27   2.914462 1.619264 1.514501 -0.000019 -0.000022 -0.000050
 28   2.916892 1.618870 -1.501142 -0.000002 -0.000009 -0.000024
 29   8.824059 0.150544 0.091743 0.000006 -0.000231 -0.174534
 30   2.111085 -0.561179 1.784320 -0.000008 -0.000682 0.000024
 31   2.121290 -0.561289 -1.853599 0.000000 0.000000 -0.000002
 32   -0.814395 -0.093824 3.127092 3.071965 -0.114691 1.239365
 33   14.298673 -0.408176 0.471578 0.000248 0.000063 -1.896136
 34   15.835795 0.581398 0.242756 -0.214735 0.106913 -0.097869
 35   -0.815868 -0.091229 -3.114430 0.066464 3.132818 -1.010216
 36   14.294526 -0.410349 -0.467541 0.000021 -0.000012 -2.607695
 37   15.834409 0.579420 -0.284600 -0.006092 -0.035255 0.214508
 38   1.139685 -3.453749 -2.823813 0.000000 0.000000 0.000001
 39   -4.457742 -1.054854 -0.746180 0.000000 0.000000 0.000000
 40   1.118101 -3.449769 3.237290 0.000000 0.000001 0.000000
 41   -4.433840 -1.059130 0.959566 -0.000001 0.000000 0.000000
 42   -0.657468 1.697302 -2.688614 0.000000 0.000002 0.000000
 43   -0.664068 1.698578 2.869377 0.000000 0.000002 0.000000
time 101
  0   -0.967547 0.175787 -20.574476 0.000000 0.000000 -1.572114
  1   -1.093036 0.000002 -0.326057 -0.214014 -1.569082 -1.356583
  2   2.262337 0.113614 0.064702 -0.086871 -0.125730 -0.066333
  3   2.380047 0.353302 0.047440 -0.138309 -0.047763 -0.076807
  4   2.033756 0.190472 -0.000128 -0.186667 -0.063758 -0.391130
  5   2.451511 0.204909 -0.003447 -0.396221 -0.065035 -0.362058
  6   7.247600 -0.397300 -0.109469 0.000001 0.000021 0.156829
  7   -2.022252 -0.104661 3.136172 0.408170 -1.316229 -3.734411
  8   1.168026 -0.537438 -0.063437 -0.268518 0.786328 -0.304219
  9   6.790376 -0.619176 0.015206 0.042118 0.070326 -1.017454
 10   8.637599 0.544015 -0.090417 -3.747252 0.233073 0.171697
 11   6.790465 -0.619039 0.017802 0.037584 0.033943 -0.727655
 12   -2.022474 -0.104699 -2.873818 -1.995419 1.474006 -5.220450
 13   1.167898 -0.537463 0.063297 0.049770 -1.072925 -0.793823
 14   7.002743 -0.617765 -0.183752 0.030347 -0.197474 -1.748703
 15   8.209042 0.615527 -0.255885 2.791217 0.002055 0.759888
 16   7.002735 -0.617911 -0.183641 -0.002133 -0.138396 -1.238406
 17   1.574674 0.609930 -0.000899 0.425509 -0.259736 0.647032
 18   -0.602177 0.511412 -0.000006 0.000000 0.000000 0.000000
 19   3.673773 0.177020 1.119313 -0.000002 -0.000014 -0.174510
 20   3.673767 0.176993 -1.117566 0.000007 -0.000003 -0.174546
 21   3.942357 1.334540 1.627658 0.000002 -0.000011 -0.000026
 22   -0.246060 -0.011889 0.516521 -0.000011 0.000031 0.000025
 23   3.942374 1.334565 -1.631083 0.000019 0.000002 -0.000024
 24   -0.246150 -0.011872 -0.516511 -0.000005 -0.000006 0.000048
 25   4.941364 1.997338 1.629330 0.000018 -0.000001 -0.000024
 26   4.941382 1.997366 -1.629410 -0.000001 0.000005 -0.000024
 27   2.914462 1.619264 1.514501 -0.000019 -0.000022 -0.000050
 28   2.916892 1.618870 -1.501142 -0.000002 -0.000009 -0.000024
 29   8.824059 0.150544 0.091743 0.000006 -0.000231 -0.174534
 30   2.111085 -0.561179 1.784320 -0.000008 -0.000682 0.000024
 31   2.121290 -0.561289 -1.853599 0.000000 0.000000 -0.000002
 32   -0.814395 -0.093824 3.127092 3.071965 -0.114691 1.239365
 33   14.298673 -0.408176 0.471578 0.000248 0.000063 -1.896136
 34   15.835795 0.581398 0.242756 -0.214735 0.106913 -0.097869
 35   -0.815868 -0.091229 -3.114430 0.066464 3.132818 -1.010216
 36   14.294526 -0.410349 -0.467541 0.000021 -0.000012 -2.607695
 37   15.834409 0.579420 -0.284600 -0.006092 -0.035255 0.214508
 38   1.139685 -3.453749 -2.823813 0.000000 0.000000 0.000001
 39   -4.457742 -1.054854 -0.746180 0.000000 0.000000 0.000000
 40   1.118101 -3.449769 3.237290 0.000000 0.000001 0.000000
 41   -4.433840 -1.059130 0.959566 -0.000001 0.000000 0.000000
 42   -0.657468 1.697302 -2.688614 0.000000 0.000002 0.000000
 43   -0.664068 1.698578 2.869377 0.000000 0.000002 0.000000
time 102
  0   -0.967547 0.175787 -20.574476 0.000000 0.000000 -1.572114
  1   -1.093036 0.000002 -0.326057 -0.214014 -1.569082 -1.356583
  2   2.262337 0.113614 0.064702 -0.088323 -0.117748 -0.067525
  3   2.380047 0.353302 0.047440 -0.138039 -0.042262 -0.077051
  4   2.033756 0.190472 -0.000128 -0.187368 -0.058125 -0.390949
  5   2.451511 0.204909 -0.003447 -0.400569 -0.046418 -0.367408
  6   7.247600 -0.397300 -0.109469 0.000001 0.000021 0.156829
  7   -2.022252 -0.104661 3.136172 0.404239 -1.314874 -3.735820
  8   1.168026 -0.537438 -0.063437 -0.370716 0.820542 -0.375830
  9   6.790376 -0.619176 0.015206 0.042062 0.070593 -1.023265
 10   8.637599 0.544015 -0.090417 -3.699432 0.233565 0.185153
 11   6.790465 -0.619039 0.017802 0.037642 0.034085 -0.731750
 12   -2.022474 -0.104699 -2.873818 -1.931515 1.470262 -5.147017
 13   1.167898 -0.537463 0.063297 0.081544 -1.071908 -0.810228
 14   7.002743 -0.617765 -0.183752 0.029891 -0.197417 -1.742185
 15   8.209042 0.615527 -0.255885 2.705365 0.084524 0.715206
 16   7.002735 -0.617911 -0.183641 -0.002368 -0.138283 -1.233880
 17   1.574674 0.609930 -0.000899 0.399349 -0.299354 0.654646
 18   -0.602177 0.511412 -0.000006 0.000000 0.000000 0.000000
 19   3.673773 0.177020 1.119313 -0.000002 -0.000014 -0.174510
 20   3.673767 0.176993 -1.117566 0.000007 -0.000003 -0.174546
 21   3.942357 1.334540 1.627658 0.000002 -0.000011 -0.000026
 22   -0.246060 -0.011889 0.516521 -0.000011 0.000031 0.000025
 23   3.942374 1.334565 -1.631083 0.000019 0.000002 -0.000024
 24   -0.246150 -0.011872 -0.516511 -0.000005 -0.000006 0.000048
 25   4.941364 1.997338 1.629330 0.000018 -0.000001 -0.000024
 26   4.941382 1.997366 -1.629410 -0.000001 0.000005 -0.000024
 27   2.914462 1.619264 1.514501 -0.000019 -0.000022 -0.000050
 28   2.916892 1.618870 -1.501142 -0.000002 -0.000009 -0.000024
 29   8.824059 0.150544 0.091743 0.000006 -0.000231 -0.174534
 30   2.111085 -0.561179 1.784320 -0.000008 -0.000682 0.000024
 31   2.121290 -0.561289 -1.853599 0.000000 0.000000 -0.000002
 32   -0.814395 -0.093824 3.127092 3.071965 -0.114691 1.239365
 33   14.298673 -0.408176 0.471578 0.000248 0.000063 -1.896136
 34   15.835795 0.581398 0.242756 -0.214735 0.106913 -0.097869
 35   -0.815868 -0.091229 -3.114430 0.066464 3.132818 -1.010216
 36   14.294526 -0.410349 -0.467541 0.000021 -0.000012 -2.607695
 37   15.834409 0.579420 -0.284600 -0.006092 -0.035255 0.214508
 38   1.139685 -3.453749 -2.823813 0.000000 0.000000 0.000001
 39   -4.457742 -1.054854 -0.746180 0.000000 0.000000 0.000000
 40   1.118101 -3.449769 3.237290 0.000000 0.000001 0.000000
 41   -4.433840 -1.059130 0.959566 -0.000001 0.000000 0.000000
 42   -0.657468 1.697302 -2.688614 0.000000 0.000002 0.000000
 43   -0.664068 1.698578 2.869377 0.000000 0.000002 0.000000
time 103
  0   -0.967547 0.175787 -20.574476 0.000000 0.000000 -1.572114
  1   -1.093036 0.000002 -0.326057 -0.214014 -1.569082 -1.356583
  2   2.262337 0.113614 0.064702 -0.089049 -0.111228 -0.068628
  3   2.380047 0.353302 0.047440 -0.137544 -0.037780 -0.077215
  4   2.033756 0.190472 -0.000128 -0.187940 -0.053727 -0.391275
  5   2.451511 0.204909 -0.003447 -0.403838 -0.031404 -0.371865
  6   7.247600 -0.397300 -0.109469 0.000001 0.000021 0.156829
  7   -2.022252 -0.104661 3.136172 0.407499 -1.313519 -3.743615
  8   1.168026 -0.537438 -0.063437 -0.475128 0.852441 -0.448769
  9   6.790376 -0.619176 0.015206 0.041785 0.070994 -1.033755
 10   8.637599 0.544015 -0.090417 -3.654959 0.229131 0.209750
 11   6.790465 -0.619039 0.017802 0.037642 0.034398 -0.739017
 12   -2.022474 -0.104699 -2.873818 -1.887157 1.471017 -5.092253
 13   1.167898 -0.537463 0.063297 0.080912 -1.030970 -0.820216
 14   7.002743 -0.617765 -0.183752 0.029322 -0.197360 -1.736162
 15   8.209042 0.615527 -0.255885 2.651078 0.184773 0.619949
 16   7.002735 -0.617911 -0.183641 -0.002557 -0.138114 -1.229741
 17   1.574674 0.609930 -0.000899 0.378307 -0.331328 0.661077
 18   -0.602177 0.511412 -0.000006 0.000000 0.000000 0.000000
 19   3.673773 0.177020 1.119313 -0.000002 -0.000014 -0.174510
 20   3.673767 0.176993 -1.117566 0.000007 -0.000003 -0.174546
 21   3.942357 1.334540 1.627658 0.000002 -0.000011 -0.000026
 22   -0.246060 -0.011889 0.516521 -0.000011 0.000031 0.000025
 23   3.942374 1.334565 -1.631083 0.000019 0.000002 -0.000024
 24   -0.246150 -0.011872 -0.516511 -0.000005 -0.000006 0.000048
 25   4.941364 1.997338 1.629330 0.000018 -0.000001 -0.000024
 26   4.941382 1.997366 -1.629410 -0.000001 0.000005 -0.000024
 27   2.914462 1.619264 1.514501 -0.000019 -0.000022 -0.000050
 28   2.916892 1.618870 -1.501142 -0.000002 -0.000009 -0.000024
 29   8.824059 0.150544 0.091743 0.000006 -0.000231 -0.174534
 30   2.111085 -0.561179 1.784320 -0.000008 -0.000682 0.000024
 31   2.121290 -0.561289 -1.853599 0.000000 0.000000 -0.000002
 32   -0.814395 -0.093824 3.127092 3.071965 -0.114691 1.239365
 33   14.298673 -0.408176 0.471578 0.000248 0.000063 -1.896136
 34   15.835795 0.581398 0.242756 -0.214735 0.106913 -0.097869
 35   -0.815868 -0.091229 -3.114430 0.066464 3.132818 -1.010216
 36   14.294526 -0.410349 -0.467541 0.000021 -0.000012 -2.607695
 37   15.834409 0.579420 -0.284600 -0.006092 -0.035255 0.214508
 38   1.139685 -3.453749 -2.823813 0.000000 0.000000 0.000001
 39   -4.457742 -1.054854 -0.746180 0.000000 0.000000 0.000000
 40   1.118101 -3.449769 3.237290 0.000000 0.000001 0.000000
 41   -4.433840 -1.059130 0.959566 -0.000001 0.000000 0.000000
 42   -0.657468 1.697302 -2.688614 0.000000 0.000002 0.000000
 43   -0.664068 1.698578 2.869377 0.000000 0.000002 0.000000
time 104
  0   -0.967547 0.175787 -20.574476 0.000000 0.000000 -1.572114
  1   -1.093036 0.000002 -0.326057 -0.214014 -1.569082 -1.356583
  2   2.262337 0.113614 0.064702 -0.089151 -0.106482 -0.069061
  3   2.380047 0.353302 0.047440 -0.137124 -0.034556 -0.077357
  4   2.033756 0.190472 -0.000128 -0.188327 -0.050431 -0.391674
  5   2.451511 0.204909 -0.003447 -0.406029 -0.020372 -0.375233
  6   7.247600 -0.397300 -0.109469 0.000001 0.000021 0.156829
  7   -2.022252 -0.104661 3.136172 0.413346 -1.312683 -3.752913
  8   1.168026 -0.537438 -0.063437 -0.566695 0.876441 -0.515066
  9   6.790376 -0.619176 0.015206 0.041674 0.071461 -1.044773
 10   8.637599 0.544015 -0.090417 -3.618941 0.222866 0.239122
 11   6.790465 -0.619039 0.017802 0.037672 0.034653 -0.746745
 12   -2.022474 -0.104699 -2.873818 -1.847876 1.472381 -5.044095
 13   1.167898 -0.537463 0.063297 0.061369 -0.970962 -0.825180
 14   7.002743 -0.617765 -0.183752 0.028923 -0.197304 -1.731047
 15   8.209042 0.615527 -0.255885 2.619873 0.271630 0.521925
 16   7.002735 -0.617911 -0.183641 -0.002698 -0.138001 -1.226098
 17   1.574674 0.609930 -0.000899 0.362221 -0.354451 0.666362
 18   -0.602177 0.511412 -0.000006 0.000000 0.000000 0.000000
 19   3.673773 0.177020 1.119313 -0.000002 -0.000014 -0.174510
 20   3.673767 0.176993 -1.117566 0.000007 -0.000003 -0.174546
 21   3.942357 1.334540 1.627658 0.000002 -0.000011 -0.000026
 22   -0.246060 -0.011889 0.516521 -0.000011 0.000031 0.000025
 23   3.942374 1.334565 -1.631083 0.000019 0.000002 -0.000024
 24   -0.246150 -0.011872 -0.516511 -0.000005 -0.000006 0.000048
 25   4.941364 1.997338 1.629330 0.000018 -0.000001 -0.000024
 26   4.941382 1.997366 -1.629410 -0.000001 0.000005 -0.000024
 27   2.914462 1.619264 1.514501 -0.000019 -0.000022 -0.000050
 28   2.916892 1.618870 -1.501142 -0.000002 -0.000009 -0.000024
 29   8.824059 0.150544 0.091743 0.000006 -0.000231 -0.174534
 30   2.111085 -0.561179 1.784320 -0.000008 -0.000682 0.000024
 31   2.121290 -0.561289 -1.853599 0.000000 0.000000 -0.000002
 32   -0.814395 -0.093824 3.127092 3.071965 -0.114691 1.239365
 33   14.298673 -0.408176 0.471578 0.000248 0.000063 -1.896136
 34   15.835795 0.581398 0.242756 -0.214735 0.106913 -0.097869
 35   -0.815868 -0.091229 -3.114430 0.066464 3.132818 -1.010216
 36   14.294526 -0.410349 -0.467541 0.000021 -0.000012 -2.607695
 37   15.834409 0.579420 -0.284600 -0.006092 -0.035255 0.214508
 38   1.139685 -3.453749 -2.823813 0.000000 0.000000 0.000001
 39   -4.457742 -1.054854 -0.746180 0.000000 0.000000 0.000000
 40   1.118101 -3.449769 3.237290 0.000000 0.000001 0.000000
 41   -4.433840 -1.059130 0.959566 -0.000001 0.000000 0.000000
 42   -0.657468 1.697302 -2.688614 0.000000 0.000002 0.000000
 43   -0.664068 1.698578 2.869377 0.000000 0.000002 0.000000
time 105
  0   -0.967547 0.175787 -20.574476 0.000000 0.000000 -1.572114
  1   -1.093036 0.000002 -0.326057 -0.214014 -1.569082 -1.356583
  2   2.262337 0.113614 0.064702 -0.089202 -0.103582 -0.069224
  3   2.380047 0.353302 0.047440 -0.137034 -0.032566 -0.077459
  4   2.033756 0.190472 -0.000128 -0.188585 -0.048490 -0.391855
  5   2.451511 0.204909 -0.003447 -0.407210 -0.013596 -0.376918
  6   7.247600 -0.397300 -0.109469 0.000001 0.000021 0.156829
  7   -2.022252 -0.104661 3.136172 0.418330 -1.311905 -3.760708
  8   1.168026 -0.537438 -0.063437 -0.630039 0.887762 -0.561183
  9   6.790376 -0.619176 0.015206 0.041452 0.071661 -1.049075
 10   8.637599 0.544015 -0.090417 -3.597277 0.219417 0.260319
 11   6.790465 -0.619039 0.017802 0.037672 0.034796 -0.749802
 12   -2.022474 -0.104699 -2.873818 -1.823924 1.474935 -5.014032
 13   1.167898 -0.537463 0.063297 0.041546 -0.920056 -0.828570
 14   7.002743 -0.617765 -0.183752 0.028696 -0.197304 -1.727499
 15   8.209042 0.615527 -0.255885 2.602760 0.320052 0.471830
 16   7.002735 -0.617911 -0.183641 -0.002792 -0.137944 -1.223725
 17   1.574674 0.609930 -0.000899 0.352512 -0.368556 0.669652
 18   -0.602177 0.511412 -0.000006 0.000000 0.000000 0.000000
 19   3.673773 0.177020 1.119313 -0.000002 -0.000014 -0.174510
 20   3.673767 0.176993 -1.117566 0.000007 -0.000003 -0.174546
 21   3.942357 1.334540 1.627658 0.000002 -0.000011 -0.000026
 22   -0.246060 -0.011889 0.516521 -0.000011 0.000031 0.000025
 23   3.942374 1.334565 -1.631083 0.000019 0.000002 -0.000024
 24   -0.246150 -0.011872 -0.516511 -0.000005 -0.000006 0.000048
 25   4.941364 1.997338 1.629330 0.000018 -0.000001 -0.000024
 26   4.941382 1.997366 -1.629410 -0.000001 0.000005 -0.000024
 27   2.914462 1.619264 1.514501 -0.000019 -0.000022 -0.000050
 28   2.916892 1.618870 -1.501142 -0.000002 -0.000009 -0.000024
 29   8.824059 0.150544 0.091743 0.000006 -0.000231 -0.174534
 30   2.111085 -0.561179 1.784320 -0.000008 -0.000682 0.000024
 31   2.121290 -0.561289 -1.853599 0.000000 0.000000 -0.000002
 32   -0.814395 -0.093824 3.127092 3.071965 -0.114691 1.239365
 33   14.298673 -0.408176 0.471578 0.000248 0.000063 -1.896136
 34   15.835795 0.581398 0.242756 -0.214735 0.106913 -0.097869
 35   -0.815868 -0.091229 -3.114430 0.066464 3.132818 -1.010216
 36   14.294526 -0.410349 -0.467541 0.000021 -0.000012 -2.607695
 37   15.834409 0.579420 -0.284600 -0.006092 -0.035255 0.214508
 38   1.139685 -3.453749 -2.823813 0.000000 0.000000 0.000001
 39   -4.457742 -1.054854 -0.746180 0.000000 0.000000 0.000000
 40   1.118101 -3.449769 3.237290 0.000000 0.000001 0.000000
 41   -4.433840 -1.059130 0.959566 -0.000001 0.000000 0.000000
 42   -0.657468 1.697302 -2.688614 0.000000 0.000002 0.000000
 43   -0.664068 1.698578 2.869377 0.000000 0.000002 0.000000
time 106
  0   -0.967547 0.175787 -20.574476 0.000000 0.000000 -1.572114
  1   -1.093036 0.000002 -0.326057 -0.214014 -1.569082 -1.356583
  2   2.262337 0.113614 0.064702 -0.089202 -0.103582 -0.069224
  3   2.380047 0.353302 0.047440 -0.137064 -0.031955 -0.077500
  4   2.033756 0.190472 -0.000128 -0.188585 -0.048490 -0.391855
  5   2.451511 0.204909 -0.003447 -0.407655 -0.011259 -0.377363
  6   7.247600 -0.397300 -0.109469 0.000001 0.000021 0.156829
  7   -2.022252 -0.104661 3.136172 0.418330 -1.311905 -3.760708
  8   1.168026 -0.537438 -0.063437 -0.652377 0.889875 -0.576808
  9   6.790376 -0.619176 0.015206 0.041452 0.071661 -1.049075
 10   8.637599 0.544015 -0.090417 -3.590584 0.218995 0.267264
 11   6.790465 -0.619039 0.017802 0.037672 0.034796 -0.749802
 12   -2.022474 -0.104699 -2.873818 -1.823924 1.474732 -5.011447
 13   1.167898 -0.537463 0.063297 0.034727 -0.899104 -0.830265
 14   7.002743 -0.617765 -0.183752 0.028639 -0.197417 -1.727004
 15   8.209042 0.615527 -0.255885 2.597151 0.335865 0.457337
 16   7.002735 -0.617911 -0.183641 -0.002792 -0.138001 -1.223283
 17   1.574674 0.609930 -0.000899 0.349263 -0.373100 0.669615
 18   -0.602177 0.511412 -0.000006 0.000000 0.000000 0.000000
 19   3.673773 0.177020 1.119313 -0.000002 -0.000014 -0.174510
 20   3.673767 0.176993 -1.117566 0.000007 -0.000003 -0.174546
 21   3.942357 1.334540 1.627658 0.000002 -0.000011 -0.000026
 22   -0.246060 -0.011889 0.516521 -0.000011 0.000031 0.000025
 23   3.942374 1.334565 -1.631083 0.000019 0.000002 -0.000024
 24   -0.246150 -0.011872 -0.516511 -0.000005 -0.000006 0.000048
 25   4.941364 1.997338 1.629330 0.000018 -0.000001 -0.000024
 26   4.941382 1.997366 -1.629410 -0.000001 0.000005 -0.000024
 27   2.914462 1.619264 1.514501 -0.000019 -0.000022 -0.000050
 28   2.916892 1.618870 -1.501142 -0.000002 -0.000009 -0.000024
 29   8.824059 0.150544 0.091743 0.000006 -0.000231 -0.174534
 30   2.111085 -0.561179 1.784320 -0.000008 -0.000682 0.000024
 31   2.121290 -0.561289 -1.853599 0.000000 0.000000 -0.000002
 32   -0.814395 -0.093824 3.127092 3.071965 -0.114691 1.239365
 33   14.298673 -0.408176 0.471578 0.000248 0.000063 -1.896136
 34   15.835795 0.581398 0.242756 -0.214735 0.106913 -0.097869
 35   -0.815868 -0.091229 -3.114430 0.066464 3.132818 -1.010216
 36   14.294526 -0.410349 -0.467541 0.000021 -0.000012 -2.607695
 37   15.834409 0.579420 -0.284600 -0.006092 -0.035255 0.214508
 38   1.139685 -3.453749 -2.823813 0.000000 0.000000 0.000001
 39   -4.457742 -1.054854 -0.746180 0.000000 0.000000 0.000000
 40   1.118101 -3.449769 3.237290 0.000000 0.000001 0.000000
 41   -4.433840 -1.059130 0.959566 -0.000001 0.000000 0.000000
 42   -0.657468 1.697302 -2.688614 0.000000 0.000002 0.000000
 43   -0.664068 1.698578 2.869377 0.000000 0.000002 0.000000
end
