version 1
nodes
  0 "Bip01" -1
  1 "Bip01 Pelvis" 0
  2 "Bip01 Spine" 1
  3 "Bip01 Spine1" 2
  4 "Bip01 Spine2" 3
  5 "Bip01 Spine3" 4
  6 "Bip01 Neck" 5
  7 "Bip01 L Arm" 6
  8 "Bip01 L Arm1" 7
  9 "Bip01 L Arm2" 8
 10 "Bip01 L Hand" 9
 11 "Bip06 L elbow2-smooth" 8
 12 "Bip01 R Arm" 6
 13 "Bip01 R Arm1" 12
 14 "Bip01 R Arm2" 13
 15 "Bip01 R Hand" 14
 16 "Bip06 R elbow2-smooth" 13
 17 "Bip01 Head" 6
 18 "Bip06 Head_helper" 17
 19 "Bip06 Head_eyes_l" 18
 20 "Bip06 Head_eyes_r" 18
 21 "Bip06 Head_blink_l" 18
 22 "Bip06 Head_blink_smooth_l1" 21
 23 "Bip06 Head_blink_r" 18
 24 "Bip06 Head_blink_smooth_r1" 23
 25 "Bip06 Head_L_eyebrow" 18
 26 "Bip06 Head_R_eyebrow" 18
 27 "Bip06 Head_blink_l_lid" 18
 28 "Bip06 Head_blink_r_lid" 18
 29 "Bip06 bunny" 18
 30 "Bip06 bunnyL" 29
 31 "Bip06 bunnyR" 29
 32 "Bip01 L Leg" 1
 33 "Bip01 L Leg1" 32
 34 "Bip01 L Foot" 33
 35 "Bip01 R Leg" 1
 36 "Bip01 R Leg1" 35
 37 "Bip01 R Foot" 36
 38 "Bip03 HairR1" 17
 39 "Bip03 HairR2" 38
 40 "Bip03 HairL1" 17
 41 "Bip03 HairL2" 40
 42 "Bip03 swingR" 17
 43 "Bip03 swingL" 17
end
skeleton
time 0
  0   0.255147 -0.093753 1.851990 0.000000 0.000000 -1.571354
  1   -1.093036 0.000002 -0.326057 -1.570913 -1.570425 0.000168
  2   2.262337 0.113614 0.064702 -0.069357 -0.007166 -0.103522
  3   2.380047 0.353302 0.047440 0.000000 -0.000076 -0.008632
  4   2.033756 0.190472 -0.000128 -0.078243 0.004866 0.060544
  5   2.451511 0.204909 -0.003447 0.000000 -0.000005 -0.017472
  6   7.247600 -0.397300 -0.109469 0.000001 -0.000027 0.052298
  7   -2.022252 -0.104661 3.136172 -0.299166 -1.362006 -2.901561
  8   1.168026 -0.537438 -0.063437 0.367261 1.038604 0.594711
  9   6.790376 -0.619176 0.015206 -0.000324 -0.000285 -0.286702
 10   8.637599 0.544015 -0.090417 -1.570024 0.000221 -0.069354
 11   6.790465 -0.619039 0.017802 -0.002473 -0.010969 -0.215790
 12   -2.022474 -0.104699 -2.873818 0.298873 1.361771 -2.901792
 13   1.167898 -0.537463 0.063297 -0.416646 -1.133696 0.613187
 14   7.002743 -0.617765 -0.183752 0.000286 0.000364 -1.289478
 15   8.209042 0.615527 -0.255885 1.570090 -0.000139 -0.069646
 16   7.002735 -0.617911 -0.183641 0.013967 0.007142 -0.921323
 17   1.574674 0.609930 -0.000899 0.156961 -0.048935 0.292465
 18   -0.602177 0.511412 -0.000006 0.000000 0.000000 0.000000
 19   3.673773 0.177020 1.119313 -0.000002 -0.000014 -0.174510
 20   3.673767 0.176993 -1.117566 0.000007 -0.000003 -0.174546
 21   3.942357 1.334540 1.627658 0.000002 -0.000011 -0.000026
 22   -0.246060 -0.011889 0.516521 -0.000011 0.000031 0.000025
 23   3.942374 1.334565 -1.631083 0.000019 0.000002 -0.000024
 24   -0.246150 -0.011872 -0.516511 -0.000005 -0.000006 0.000048
 25   4.941364 1.997338 1.629330 0.000018 -0.000001 -0.000024
 26   4.941382 1.997366 -1.629410 -0.000001 0.000005 -0.000024
 27   2.914462 1.619264 1.514501 -0.000019 -0.000022 -0.000050
 28   2.916892 1.618870 -1.501142 -0.000002 -0.000009 -0.000024
 29   8.824059 0.150544 0.091743 0.000006 -0.000231 -0.174534
 30   2.111085 -0.561179 1.784320 -0.000008 -0.000682 0.000024
 31   2.121290 -0.561289 -1.853599 0.000000 0.000000 -0.000002
 32   -0.814395 -0.093824 3.127092 -0.055388 -3.106464 -0.210100
 33   14.298673 -0.408176 0.471578 -0.000040 -0.000106 -0.234095
 34   15.835795 0.581398 0.242756 -0.095467 -0.022353 0.023458
 35   -0.815868 -0.091229 -3.114430 0.258247 3.090471 0.081065
 36   14.294526 -0.410349 -0.467541 -0.000003 0.000671 -0.126924
 37   15.834409 0.579420 -0.284600 -0.018327 0.068944 0.191997
 38   1.139685 -3.453749 -2.823813 0.000000 0.000000 0.000001
 39   -4.457742 -1.054854 -0.746180 0.000000 0.000000 0.000000
 40   1.118101 -3.449769 3.237290 0.000000 0.000001 0.000000
 41   -4.433840 -1.059130 0.959566 -0.000001 0.000000 0.000000
 42   -0.657468 1.697302 -2.688614 0.000000 0.000002 0.000000
 43   -0.664068 1.698578 2.869377 0.000000 0.000002 0.000000
time 1
  0   0.243428 3.816523 1.894960 0.000000 0.000000 -1.571354
  1   -1.093036 0.000002 -0.326057 -1.570966 -1.570425 0.000071
  2   2.262337 0.113614 0.064702 -0.066440 -0.020972 -0.305735
  3   2.380047 0.353302 0.047440 0.000000 -0.000076 0.064420
  4   2.033756 0.190472 -0.000128 -0.069354 0.036409 0.481879
  5   2.451511 0.204909 -0.003447 0.000000 -0.000005 -0.467509
  6   7.247600 -0.397300 -0.109469 0.000001 -0.000027 0.052298
  7   -2.022252 -0.104661 3.136172 -0.299166 -1.362006 -2.901561
  8   1.168026 -0.537438 -0.063437 -0.289084 0.645096 -0.097927
  9   6.790376 -0.619176 0.015206 -0.000324 -0.000285 -0.542310
 10   8.637599 0.544015 -0.090417 -1.570024 0.000221 -0.069354
 11   6.790465 -0.619039 0.017802 -0.001539 -0.011196 -0.394813
 12   -2.022474 -0.104699 -2.873818 0.298873 1.361771 -2.901792
 13   1.167898 -0.537463 0.063297 0.309234 -0.970148 -0.210147
 14   7.002743 -0.617765 -0.183752 0.000286 0.000364 -1.141051
 15   8.209042 0.615527 -0.255885 1.570090 -0.000139 -0.069646
 16   7.002735 -0.617911 -0.183641 0.014155 0.006296 -0.817340
 17   1.574674 0.609930 -0.000899 0.148918 -0.066591 0.506099
 18   -0.602177 0.511412 -0.000006 0.000000 0.000000 0.000000
 19   3.673773 0.192646 1.119313 -0.000002 -0.000014 -0.174510
 20   3.673767 0.192619 -1.117566 0.000007 -0.000003 -0.174546
 21   3.829072 1.334540 1.619845 0.000002 -0.000011 -0.000026
 22   -0.246060 -0.086110 0.512615 0.000005 -0.005949 0.092568
 23   3.832995 1.334565 -1.627177 0.000019 0.000002 -0.000024
 24   -0.230525 -0.066561 -0.520417 0.000007 -0.005986 0.092596
 25   4.839798 2.005151 1.621517 0.010636 -0.003057 -0.017533
 26   4.835910 2.009085 -1.617691 -0.014670 -0.002951 -0.019115
 27   2.953525 1.603639 1.514501 -0.000019 -0.000022 -0.000050
 28   2.955955 1.603245 -1.501142 -0.000002 -0.000009 -0.000024
 29   8.824059 0.150544 0.091743 0.001610 -0.003720 -0.104845
 30   2.111085 -0.561179 1.784320 -0.000008 -0.000682 0.000024
 31   2.121290 -0.561289 -1.853599 0.000000 0.000000 -0.000002
 32   -0.814395 -0.093824 3.127092 -0.050075 -3.070936 -0.353316
 33   14.298673 -0.408176 0.471578 -0.000052 -0.000106 -0.258153
 34   15.835795 0.581398 0.242756 -0.079043 -0.058422 -0.216108
 35   -0.815868 -0.091229 -3.114430 0.252350 3.037349 -0.156835
 36   14.294526 -0.410349 -0.467541 -0.000075 0.000659 -0.237537
 37   15.834409 0.579420 -0.284600 -0.036197 0.056479 -0.038748
 38   1.120153 -3.453749 -2.823813 0.002021 0.007182 0.446602
 39   -4.457742 -1.054854 -0.746180 0.000000 0.000000 0.000000
 40   1.137633 -3.449769 3.237290 0.002021 0.007183 0.446601
 41   -4.433840 -1.059130 0.959566 -0.000001 0.000000 0.000000
 42   -0.583247 1.775429 -2.688614 0.006735 -0.003294 -0.050940
 43   -0.621098 1.753267 2.869377 0.006734 -0.003293 -0.050940
time 2
  0   0.235615 7.773675 2.035589 0.000000 0.000000 -1.571354
  1   -1.093036 0.000002 -0.326057 -1.570966 -1.570425 0.000071
  2   2.262337 0.113614 0.064702 -0.061727 -0.032286 -0.482613
  3   2.380047 0.353302 0.047440 0.000000 -0.000076 0.136472
  4   2.033756 0.190472 -0.000128 -0.077321 0.012800 0.162216
  5   2.451511 0.204909 -0.003447 0.000000 -0.000005 -0.090654
  6   7.247600 -0.397300 -0.109469 0.000001 -0.000027 0.052298
  7   -2.022252 -0.104661 3.136172 -0.299166 -1.362006 -2.901561
  8   1.168026 -0.537438 -0.063437 -0.573909 0.085148 -0.470847
  9   6.790376 -0.619176 0.015206 -0.000324 -0.000285 -0.797994
 10   8.637599 0.544015 -0.090417 -1.570024 0.000221 -0.069354
 11   6.790465 -0.619039 0.017802 -0.000517 -0.011395 -0.573894
 12   -2.022474 -0.104699 -2.873818 0.298873 1.361771 -2.901792
 13   1.167898 -0.537463 0.063297 0.688553 -0.596672 -0.731351
 14   7.002743 -0.617765 -0.183752 0.000286 0.000364 -0.992128
 15   8.209042 0.615527 -0.255885 1.570090 -0.000139 -0.069646
 16   7.002735 -0.617911 -0.183641 0.014249 0.005563 -0.713136
 17   1.574674 0.609930 -0.000899 0.139738 -0.081359 0.611845
 18   -0.602177 0.511412 -0.000006 0.000000 0.000000 0.000000
 19   3.669866 0.223897 1.127126 -0.000002 -0.000014 -0.174510
 20   3.669860 0.223870 -1.109753 0.000007 -0.000003 -0.174546
 21   3.571252 1.330634 1.600313 0.000002 -0.000011 -0.000026
 22   -0.242154 -0.273616 0.500896 0.000068 -0.020211 0.313307
 23   3.579082 1.330659 -1.615458 0.000019 0.000002 -0.000024
 24   -0.187554 -0.203284 -0.528230 0.000055 -0.020236 0.313358
 25   4.593697 2.032495 1.594173 0.036008 -0.010353 -0.059288
 26   4.578090 2.048149 -1.590346 -0.049677 -0.010024 -0.064645
 27   3.047278 1.564575 1.514501 -0.000019 -0.000022 -0.000050
 28   3.049708 1.564181 -1.501142 -0.000002 -0.000009 -0.000024
 29   8.824059 0.150544 0.091743 0.005443 -0.012076 0.061410
 30   2.111085 -0.561179 1.784320 -0.000008 -0.000682 0.000024
 31   2.121290 -0.561289 -1.853599 0.000000 0.000000 -0.000002
 32   -0.814395 -0.093824 3.127092 -0.039915 -3.036362 -0.497613
 33   14.298673 -0.408176 0.471578 -0.000052 -0.000106 -0.282449
 34   15.835795 0.581398 0.242756 -0.052291 -0.088024 -0.457128
 35   -0.815868 -0.091229 -3.114430 0.234219 2.986757 -0.395391
 36   14.294526 -0.410349 -0.467541 -0.000123 0.000647 -0.347996
 37   15.834409 0.579420 -0.284600 -0.048570 0.039253 -0.270000
 38   1.124060 -3.453749 -2.823813 0.001074 0.005471 0.318059
 39   -4.457742 -1.054854 -0.746180 0.000000 0.000000 0.000000
 40   1.133726 -3.449769 3.237290 0.001074 0.005472 0.318058
 41   -4.433840 -1.059130 0.959566 -0.000001 0.000000 0.000000
 42   -0.399648 1.962935 -2.688614 0.022795 -0.011145 -0.172434
 43   -0.519532 1.886084 2.869377 0.022802 -0.011155 -0.172434
time 3
  0   0.223896 10.500320 2.230908 0.000000 0.000000 -1.571354
  1   -1.093036 0.000002 -0.326057 -1.570966 -1.570425 0.000022
  2   2.262337 0.113614 0.064702 -0.057078 -0.039896 -0.608856
  3   2.380047 0.353302 0.047440 0.000000 -0.000076 0.209320
  4   2.033756 0.190472 -0.000128 -0.076104 -0.018792 -0.243424
  5   2.451511 0.204909 -0.003447 0.000000 -0.000005 0.375035
  6   7.247600 -0.397300 -0.109469 0.000001 -0.000027 0.052298
  7   -2.022252 -0.104661 3.136172 -0.299166 -1.362006 -2.901561
  8   1.168026 -0.537438 -0.063437 -0.719328 -0.273291 -0.534803
  9   6.790376 -0.619176 0.015206 -0.000324 -0.000285 -1.075941
 10   8.637599 0.544015 -0.090417 -1.570024 0.000221 -0.069354
 11   6.790465 -0.619039 0.017802 0.000563 -0.011623 -0.768489
 12   -2.022474 -0.104699 -2.873818 0.298873 1.361771 -2.901888
 13   1.167898 -0.537463 0.063297 0.801167 -0.287425 -0.873184
 14   7.002743 -0.617765 -0.183752 0.000286 0.000364 -0.959291
 15   8.209042 0.615527 -0.255885 1.570090 -0.000139 -0.069646
 16   7.002735 -0.617911 -0.183641 0.014296 0.005394 -0.690121
 17   1.574674 0.609930 -0.000899 0.127023 -0.098470 0.712749
 18   -0.602177 0.511412 -0.000006 0.000000 0.000000 0.000000
 19   3.669866 0.262960 1.138845 -0.000002 -0.000014 -0.174510
 20   3.669860 0.262933 -1.098034 0.000007 -0.000003 -0.174546
 21   3.258742 1.326728 1.576875 0.000002 -0.000011 -0.000026
 22   -0.234341 -0.492372 0.489176 0.000131 -0.037229 0.576779
 23   3.270478 1.322846 -1.599832 0.000019 0.000002 -0.000024
 24   -0.132865 -0.367352 -0.539949 0.000115 -0.037254 0.576821
 25   4.300719 2.059840 1.559015 0.066281 -0.019062 -0.109132
 26   4.269486 2.091119 -1.555189 -0.091467 -0.018456 -0.118995
 27   3.160563 1.513793 1.514501 -0.000019 -0.000022 -0.000050
 28   3.162993 1.513399 -1.501142 -0.000002 -0.000009 -0.000024
 29   8.824059 0.150544 0.091743 0.010077 -0.022046 0.259855
 30   2.111085 -0.561179 1.784320 -0.000008 -0.000682 0.000024
 31   2.121290 -0.561289 -1.853599 0.000000 0.000000 -0.000002
 32   -0.814395 -0.093824 3.127092 -0.031340 -3.017929 -0.579012
 33   14.298673 -0.408176 0.471578 -0.000052 -0.000106 -0.297614
 34   15.835795 0.581398 0.242756 -0.034786 -0.100299 -0.583923
 35   -0.815868 -0.091229 -3.114430 0.198662 2.938976 -0.590236
 36   14.294526 -0.410349 -0.467541 -0.000243 0.000587 -0.527743
 37   15.834409 0.579420 -0.284600 -0.054796 0.040328 -0.359235
 38   1.131872 -3.461562 -2.823813 -0.001200 0.001723 0.032809
 39   -4.457742 -1.054854 -0.746180 0.000000 0.000000 0.000000
 40   1.125914 -3.441956 3.237290 -0.001200 0.001724 0.032808
 41   -4.433840 -1.059130 0.959566 -0.000001 0.000000 0.000000
 42   -0.180891 2.189505 -2.684708 0.041970 -0.020528 -0.317474
 43   -0.398435 2.042338 2.869377 0.041968 -0.020538 -0.317474
time 4
  0   0.243428 12.019898 2.477009 0.000000 0.000000 -1.571354
  1   -1.093036 0.000002 -0.326057 -1.570966 -1.570425 0.000022
  2   2.262337 0.113614 0.064702 -0.061014 -0.033784 -0.505328
  3   2.380047 0.353302 0.047440 0.000000 -0.000076 0.287493
  4   2.033756 0.190472 -0.000128 -0.073854 -0.026042 -0.341290
  5   2.451511 0.204909 -0.003447 0.000000 -0.000005 0.460996
  6   7.247600 -0.397300 -0.109469 0.000001 -0.000027 0.052298
  7   -2.022252 -0.104661 3.136172 -0.299166 -1.362006 -2.901561
  8   1.168026 -0.537438 -0.063437 -0.982701 -0.176587 -0.269363
  9   6.790376 -0.619176 0.015206 -0.000324 -0.000285 -1.468976
 10   8.637599 0.544015 -0.090417 -1.570024 0.000221 -0.069354
 11   6.790465 -0.619039 0.017802 0.002198 -0.011793 -1.043540
 12   -2.022474 -0.104699 -2.873818 0.298873 1.361771 -2.901888
 13   1.167898 -0.537463 0.063297 1.002847 -0.155865 -0.732622
 14   7.002743 -0.617765 -0.183752 0.000286 0.000364 -1.166215
 15   8.209042 0.615527 -0.255885 1.570090 -0.000139 -0.069646
 16   7.002735 -0.617911 -0.183641 0.014108 0.006465 -0.835002
 17   1.574674 0.609930 -0.000899 0.118614 -0.112646 0.729307
 18   -0.602177 0.511412 -0.000006 0.000000 0.000000 0.000000
 19   3.665960 0.298118 1.142751 -0.000002 -0.000014 -0.174510
 20   3.665954 0.298091 -1.094128 0.000007 -0.000003 -0.174546
 21   2.997015 1.322821 1.557343 0.000002 -0.000011 -0.000026
 22   -0.230435 -0.679878 0.477457 0.000178 -0.051491 0.797518
 23   3.012658 1.318940 -1.588113 0.000019 0.000002 -0.000024
 24   -0.089895 -0.507981 -0.547762 0.000163 -0.051516 0.797556
 25   4.054618 2.087184 1.531671 0.091640 -0.026359 -0.150886
 26   4.011666 2.126276 -1.527844 -0.126474 -0.025516 -0.164536
 27   3.254316 1.474729 1.514501 -0.000019 -0.000022 -0.000050
 28   3.256746 1.474335 -1.501142 -0.000002 -0.000009 -0.000024
 29   8.824059 0.150544 0.091743 0.013909 -0.030402 0.426110
 30   2.111085 -0.561179 1.784320 -0.000008 -0.000682 0.000024
 31   2.121290 -0.561289 -1.853599 0.000000 0.000000 -0.000002
 32   -0.814395 -0.093824 3.127092 -0.030501 -3.016592 -0.589258
 33   14.298673 -0.408176 0.471578 -0.000052 -0.000106 -0.290309
 34   15.835795 0.581398 0.242756 -0.034395 -0.100372 -0.595478
 35   -0.815868 -0.091229 -3.114430 0.136963 2.885011 -0.745311
 36   14.294526 -0.410349 -0.467541 -0.000411 0.000443 -0.881521
 37   15.834409 0.579420 -0.284600 -0.063071 0.077288 -0.169813
 38   1.139685 -3.469374 -2.823813 -0.003999 -0.002012 -0.258123
 39   -4.457742 -1.054854 -0.746180 0.000000 0.000000 0.000000
 40   1.118101 -3.434144 3.237290 -0.003999 -0.002011 -0.258124
 41   -4.433840 -1.059130 0.959566 -0.000001 0.000000 0.000000
 42   0.002708 2.380917 -2.680801 0.058029 -0.028393 -0.439010
 43   -0.292963 2.175155 2.869377 0.058035 -0.028399 -0.439010
time 5
  0   0.243428 13.094150 2.762174 0.000000 0.000000 -1.571354
  1   -1.093036 0.000002 -0.326057 -1.570966 -1.570425 0.000022
  2   2.262337 0.113614 0.064702 -0.065625 -0.023489 -0.343648
  3   2.380047 0.353302 0.047440 0.000000 -0.000076 0.356627
  4   2.033756 0.190472 -0.000128 -0.078354 0.001103 0.012661
  5   2.451511 0.204909 -0.003447 0.000000 -0.000005 0.499110
  6   7.247600 -0.397300 -0.109469 0.000001 -0.000027 0.052298
  7   -2.022252 -0.104661 3.136172 -0.299166 -1.362006 -2.901561
  8   1.168026 -0.537438 -0.063437 -1.524129 0.290078 -0.289100
  9   6.790376 -0.619176 0.015206 -0.000324 -0.000285 -1.883896
 10   8.637599 0.544015 -0.090417 -1.570024 0.000221 -0.069354
 11   6.790465 -0.619039 0.017802 0.004096 -0.011935 -1.333991
 12   -2.022474 -0.104699 -2.873818 0.298873 1.361771 -2.901888
 13   1.167898 -0.537463 0.063297 1.561140 -0.096619 -0.683589
 14   7.002743 -0.617765 -0.183752 0.000286 0.000364 -1.488976
 15   8.209042 0.615527 -0.255885 1.570090 -0.000139 -0.069646
 16   7.002735 -0.617911 -0.183641 0.013732 0.008214 -1.060851
 17   1.574674 0.609930 -0.000899 0.104559 -0.127651 0.338888
 18   -0.602177 0.511412 -0.000006 0.000000 0.000000 0.000000
 19   3.665960 0.309837 1.146658 -0.000002 -0.000014 -0.174510
 20   3.665954 0.309810 -1.090221 0.000007 -0.000003 -0.174546
 21   2.887637 1.322821 1.549531 0.000002 -0.000011 -0.000026
 22   -0.226528 -0.758005 0.473551 0.000194 -0.057471 0.890061
 23   2.903280 1.315034 -1.584207 0.000019 0.000002 -0.000024
 24   -0.074270 -0.562670 -0.551668 0.000187 -0.057496 0.890104
 25   3.953053 2.094997 1.523858 0.102271 -0.029428 -0.168407
 26   3.902288 2.141901 -1.516125 -0.141155 -0.028485 -0.183628
 27   3.293379 1.455197 1.514501 -0.000019 -0.000022 -0.000050
 28   3.295809 1.454803 -1.501142 -0.000002 -0.000009 -0.000024
 29   8.824059 0.150544 0.091743 0.015513 -0.033891 0.495799
 30   2.111085 -0.561179 1.784320 -0.000008 -0.000682 0.000024
 31   2.121290 -0.561289 -1.853599 0.000000 0.000000 -0.000002
 32   -0.814395 -0.093824 3.127092 -0.033484 -3.022131 -0.570246
 33   14.298673 -0.408176 0.471578 -0.000052 -0.000106 -0.264108
 34   15.835795 0.581398 0.242756 -0.040674 -0.095882 -0.572324
 35   -0.815868 -0.091229 -3.114430 0.062415 2.835262 -0.858591
 36   14.294526 -0.410349 -0.467541 -0.000531 0.000228 -1.304664
 37   15.834409 0.579420 -0.284600 -0.075858 0.134391 0.158990
 38   1.139685 -3.477187 -2.823813 -0.006462 -0.003724 -0.404200
 39   -4.457742 -1.054854 -0.746180 0.000000 0.000000 0.000000
 40   1.118101 -3.426331 3.237290 -0.006462 -0.003723 -0.404201
 41   -4.433840 -1.059130 0.959566 -0.000001 0.000000 0.000000
 42   0.076929 2.459044 -2.680801 0.064777 -0.031690 -0.489949
 43   -0.249993 2.229844 2.869377 0.064769 -0.031695 -0.489949
time 6
  0   0.243428 13.840266 3.074684 0.000000 0.000000 -1.571354
  1   -1.093036 0.000002 -0.326057 -1.570913 -1.570425 0.000022
  2   2.262337 0.113614 0.064702 -0.068236 -0.013698 -0.199316
  3   2.380047 0.353302 0.047440 0.000000 -0.000076 0.409967
  4   2.033756 0.190472 -0.000128 -0.069483 0.036182 0.478363
  5   2.451511 0.204909 -0.003447 0.000000 -0.000005 0.401138
  6   7.247600 -0.397300 -0.109469 0.000001 -0.000027 0.052298
  7   -2.022252 -0.104661 3.136172 -0.299166 -1.362006 -2.901561
  8   1.168026 -0.537438 -0.063437 -2.040940 0.528568 -0.806886
  9   6.790376 -0.619176 0.015206 -0.000269 -0.000285 -2.066829
 10   8.637599 0.544015 -0.090417 -1.570024 0.000221 -0.069354
 11   6.790465 -0.619039 0.017802 0.004972 -0.011935 -1.462087
 12   -2.022474 -0.104699 -2.873818 0.298873 1.361771 -2.901888
 13   1.167898 -0.537463 0.063297 1.915644 -0.108163 -0.830991
 14   7.002743 -0.617765 -0.183752 0.000286 0.000364 -1.669663
 15   8.209042 0.615527 -0.255885 1.570090 -0.000139 -0.069646
 16   7.002735 -0.617911 -0.183641 0.013449 0.009285 -1.187408
 17   1.574674 0.609930 -0.000899 0.084899 -0.140857 0.010304
 18   -0.602177 0.511412 -0.000006 0.000000 0.000000 0.000000
 19   3.665960 0.309837 1.146658 -0.000002 -0.000014 -0.174510
 20   3.665954 0.309810 -1.090221 0.000007 -0.000003 -0.174546
 21   2.887637 1.322821 1.549531 0.000002 -0.000011 -0.000026
 22   -0.226528 -0.758005 0.473551 0.000194 -0.057471 0.890061
 23   2.903280 1.315034 -1.584207 0.000019 0.000002 -0.000024
 24   -0.074270 -0.562670 -0.551668 0.000187 -0.057496 0.890104
 25   3.953053 2.094997 1.523858 0.102271 -0.029428 -0.168407
 26   3.902288 2.141901 -1.516125 -0.141155 -0.028485 -0.183628
 27   3.293379 1.455197 1.514501 -0.000019 -0.000022 -0.000050
 28   3.295809 1.454803 -1.501142 -0.000002 -0.000009 -0.000024
 29   8.824059 0.150544 0.091743 0.006690 -0.033820 0.495316
 30   2.111085 -0.561179 1.784320 -0.000008 -0.000682 0.000024
 31   2.121290 -0.561289 -1.853599 0.000000 0.000000 -0.000002
 32   -0.814395 -0.093824 3.127092 -0.037678 -3.031013 -0.535296
 33   14.298673 -0.408176 0.471578 -0.000040 -0.000106 -0.235286
 34   15.835795 0.581398 0.242756 -0.050405 -0.088072 -0.520460
 35   -0.815868 -0.091229 -3.114430 0.016207 2.802096 -0.869711
 36   14.294526 -0.410349 -0.467541 -0.000543 0.000060 -1.556248
 37   15.834409 0.579420 -0.284600 -0.095698 0.183022 0.357995
 38   1.139685 -3.485000 -2.823813 -0.008146 -0.003724 -0.423200
 39   -4.457742 -1.054854 -0.746180 0.000000 0.000000 0.000000
 40   1.118101 -3.418518 3.237290 -0.008146 -0.003723 -0.423202
 41   -4.433840 -1.059130 0.959566 -0.000001 0.000000 0.000000
 42   0.049585 2.408261 -2.680801 0.061313 -0.030126 -0.464228
 43   -0.269525 2.190781 2.865470 0.061308 -0.030126 -0.464228
time 7
  0   0.243428 14.437941 3.387193 0.000000 0.000000 -1.571354
  1   -1.093036 0.000002 -0.326057 -1.570966 -1.570425 0.000022
  2   2.262337 0.113614 0.064702 -0.068236 -0.013686 -0.199099
  3   2.380047 0.353302 0.047440 0.000000 -0.000076 0.393704
  4   2.033756 0.190472 -0.000128 -0.038942 0.068049 1.048129
  5   2.451511 0.204909 -0.003447 0.000000 -0.000005 -0.329021
  6   7.247600 -0.397300 -0.109469 0.000001 -0.000027 0.052298
  7   -2.022252 -0.104661 3.136172 -0.299166 -1.362006 -2.901561
  8   1.168026 -0.537438 -0.063437 -1.921973 0.805196 -0.797840
  9   6.790376 -0.619176 0.015206 -0.000324 -0.000285 -1.831521
 10   8.637599 0.544015 -0.090417 -1.570024 0.000221 -0.069354
 11   6.790465 -0.619039 0.017802 0.003833 -0.011879 -1.297252
 12   -2.022474 -0.104699 -2.873818 0.298873 1.361771 -2.901792
 13   1.167898 -0.537463 0.063297 1.410987 -0.390355 -0.659375
 14   7.002743 -0.617765 -0.183752 0.000286 0.000364 -1.578577
 15   8.209042 0.615527 -0.255885 1.570090 -0.000139 -0.069646
 16   7.002735 -0.617911 -0.183641 0.013590 0.008777 -1.123715
 17   1.574674 0.609930 -0.000899 0.054636 -0.155270 0.383795
 18   -0.602177 0.511412 -0.000006 0.000000 0.000000 0.000000
 19   3.665960 0.309837 1.146658 -0.000002 -0.000014 -0.174510
 20   3.665954 0.309810 -1.090221 0.000007 -0.000003 -0.174546
 21   2.887637 1.322821 1.549531 0.000002 -0.000011 -0.000026
 22   -0.226528 -0.758005 0.473551 0.000194 -0.057471 0.890061
 23   2.903280 1.315034 -1.584207 0.000019 0.000002 -0.000024
 24   -0.074270 -0.562670 -0.551668 0.000187 -0.057496 0.890104
 25   3.953053 2.094997 1.523858 0.102271 -0.029428 -0.168407
 26   3.902288 2.141901 -1.516125 -0.141155 -0.028485 -0.183628
 27   3.293379 1.455197 1.514501 -0.000019 -0.000022 -0.000050
 28   3.295809 1.454803 -1.501142 -0.000002 -0.000009 -0.000024
 29   8.824059 0.150544 0.091743 -0.017195 -0.033274 0.492044
 30   2.111085 -0.561179 1.784320 -0.000008 -0.000682 0.000024
 31   2.121290 -0.561289 -1.853599 0.000000 0.000000 -0.000002
 32   -0.814395 -0.093824 3.127092 -0.041220 -3.041328 -0.498581
 33   14.298673 -0.408176 0.471578 -0.000040 -0.000093 -0.221471
 34   15.835795 0.581398 0.242756 -0.060595 -0.079067 -0.445485
 35   -0.815868 -0.091229 -3.114430 0.032666 2.785794 -0.680126
 36   14.294526 -0.410349 -0.467541 -0.000543 0.000120 -1.476301
 37   15.834409 0.579420 -0.284600 -0.135556 0.213839 0.264703
 38   1.139685 -3.488906 -2.823813 -0.009156 -0.003687 -0.434686
 39   -4.457742 -1.054854 -0.746180 0.000000 0.000000 0.000000
 40   1.118101 -3.414612 3.237290 -0.009156 -0.003686 -0.434687
 41   -4.433840 -1.059130 0.959566 -0.000001 0.000000 0.000000
 42   -0.028543 2.259819 -2.680801 0.051917 -0.025864 -0.394301
 43   -0.324214 2.089215 2.861564 0.051913 -0.025857 -0.394301
time 8
  0   0.243428 14.961394 3.695796 0.000000 0.000000 -1.571354
  1   -1.093036 0.000002 -0.326057 -1.570966 -1.570425 0.000022
  2   2.262337 0.113614 0.064702 -0.067739 -0.016466 -0.238656
  3   2.380047 0.353302 0.047440 0.000000 -0.000076 0.360810
  4   2.033756 0.190472 -0.000128 -0.054231 0.056507 0.803571
  5   2.451511 0.204909 -0.003447 0.000000 -0.000005 -0.069108
  6   7.247600 -0.397300 -0.109469 0.000001 -0.000027 0.052298
  7   -2.022252 -0.104661 3.136172 -0.299166 -1.362006 -2.901561
  8   1.168026 -0.537438 -0.063437 -1.874829 0.897875 -0.849587
  9   6.790376 -0.619176 0.015206 -0.000324 -0.000285 -1.364378
 10   8.637599 0.544015 -0.090417 -1.570024 0.000221 -0.069354
 11   6.790465 -0.619039 0.017802 0.001760 -0.011708 -0.970351
 12   -2.022474 -0.104699 -2.873818 0.298873 1.361771 -2.901888
 13   1.167898 -0.537463 0.063297 0.795051 -0.468315 -0.497808
 14   7.002743 -0.617765 -0.183752 0.000286 0.000364 -1.345252
 15   8.209042 0.615527 -0.255885 1.570090 -0.000139 -0.069646
 16   7.002735 -0.617911 -0.183641 0.013920 0.007424 -0.960289
 17   1.574674 0.609930 -0.000899 0.031888 -0.161708 0.549861
 18   -0.602177 0.511412 -0.000006 0.000000 0.000000 0.000000
 19   3.665960 0.309837 1.146658 -0.000002 -0.000014 -0.174510
 20   3.665954 0.309810 -1.090221 0.000007 -0.000003 -0.174546
 21   2.887637 1.322821 1.549531 0.000002 -0.000011 -0.000026
 22   -0.226528 -0.758005 0.473551 0.000194 -0.057471 0.890061
 23   2.903280 1.315034 -1.584207 0.000019 0.000002 -0.000024
 24   -0.074270 -0.562670 -0.551668 0.000187 -0.057496 0.890104
 25   3.953053 2.094997 1.523858 0.102271 -0.029428 -0.168407
 26   3.902288 2.141901 -1.516125 -0.141155 -0.028485 -0.183628
 27   3.293379 1.455197 1.514501 -0.000019 -0.000022 -0.000050
 28   3.295809 1.454803 -1.501142 -0.000002 -0.000009 -0.000024
 29   8.824059 0.150544 0.091743 -0.052577 -0.031803 0.483031
 30   2.111085 -0.561179 1.784320 -0.000008 -0.000682 0.000024
 31   2.121290 -0.561289 -1.853599 0.000000 0.000000 -0.000002
 32   -0.814395 -0.093824 3.127092 -0.042152 -3.048969 -0.473194
 33   14.298673 -0.408176 0.471578 -0.000040 -0.000106 -0.238859
 34   15.835795 0.581398 0.242756 -0.069313 -0.071453 -0.353134
 35   -0.815868 -0.091229 -3.114430 0.084595 2.791884 -0.382464
 36   14.294526 -0.410349 -0.467541 -0.000519 0.000252 -1.225180
 37   15.834409 0.579420 -0.284600 -0.180950 0.226048 0.043845
 38   1.139685 -3.492813 -2.823813 -0.009662 -0.003615 -0.440612
 39   -4.457742 -1.054854 -0.746180 0.000000 0.000000 0.000000
 40   1.118101 -3.410705 3.237290 -0.009662 -0.003614 -0.440614
 41   -4.433840 -1.059130 0.959566 -0.000001 0.000000 0.000000
 42   -0.141827 2.044969 -2.684708 0.038075 -0.019577 -0.291335
 43   -0.406248 1.940773 2.861564 0.038069 -0.019581 -0.291335
time 9
  0   0.243428 15.531724 3.957523 0.000000 0.000000 -1.571354
  1   -1.093036 0.000002 -0.326057 -1.570966 -1.570425 0.000022
  2   2.262337 0.113614 0.064702 -0.067064 -0.019019 -0.277599
  3   2.380047 0.353302 0.047440 0.000000 -0.000076 0.331467
  4   2.033756 0.190472 -0.000128 -0.072102 0.030717 0.399888
  5   2.451511 0.204909 -0.003447 0.000000 -0.000005 0.322681
  6   7.247600 -0.397300 -0.109469 0.000001 -0.000027 0.052298
  7   -2.022252 -0.104661 3.136172 -0.299166 -1.361978 -2.901561
  8   1.168026 -0.537438 -0.063437 -1.742952 1.013296 -0.770005
  9   6.790376 -0.619176 0.015206 -0.000324 -0.000285 -0.969985
 10   8.637599 0.544015 -0.090417 -1.570024 0.000221 -0.069354
 11   6.790465 -0.619039 0.017802 0.000125 -0.011538 -0.694261
 12   -2.022474 -0.104699 -2.873818 0.298873 1.361771 -2.901888
 13   1.167898 -0.537463 0.063297 0.295526 -0.503964 -0.417781
 14   7.002743 -0.617765 -0.183752 0.000286 0.000364 -1.103346
 15   8.209042 0.615527 -0.255885 1.570090 -0.000139 -0.069646
 16   7.002735 -0.617911 -0.183641 0.014155 0.006127 -0.790958
 17   1.574674 0.609930 -0.000899 0.043749 -0.159081 0.524765
 18   -0.602177 0.511412 -0.000006 0.000000 0.000000 0.000000
 19   3.665960 0.309837 1.146658 -0.000002 -0.000014 -0.174510
 20   3.665954 0.309810 -1.090221 0.000007 -0.000003 -0.174546
 21   2.887637 1.322821 1.549531 0.000002 -0.000011 -0.000026
 22   -0.226528 -0.758005 0.473551 0.000194 -0.057471 0.890061
 23   2.903280 1.315034 -1.584207 0.000019 0.000002 -0.000024
 24   -0.074270 -0.562670 -0.551668 0.000187 -0.057496 0.890104
 25   3.953053 2.094997 1.523858 0.102271 -0.029428 -0.168407
 26   3.902288 2.141901 -1.516125 -0.141155 -0.028485 -0.183628
 27   3.293379 1.455197 1.514501 -0.000019 -0.000022 -0.000050
 28   3.295809 1.454803 -1.501142 -0.000002 -0.000009 -0.000024
 29   8.824059 0.150544 0.091743 -0.095534 -0.028954 0.465595
 30   2.111085 -0.561179 1.784320 -0.000008 -0.000682 0.000024
 31   2.121290 -0.561289 -1.853599 0.000000 0.000000 -0.000002
 32   -0.814395 -0.093824 3.127092 -0.039356 -3.050593 -0.473080
 33   14.298673 -0.408176 0.471578 -0.000052 -0.000106 -0.305395
 34   15.835795 0.581398 0.242756 -0.075362 -0.068769 -0.249141
 35   -0.815868 -0.091229 -3.114430 0.121033 2.813058 -0.199671
 36   14.294526 -0.410349 -0.467541 -0.000471 0.000359 -1.041107
 37   15.834409 0.579420 -0.284600 -0.195983 0.223207 -0.089957
 38   1.135779 -3.492813 -2.823813 -0.009851 -0.003471 -0.442751
 39   -4.457742 -1.054854 -0.746180 0.000000 0.000000 0.000000
 40   1.122007 -3.410705 3.237290 -0.009851 -0.003470 -0.442752
 41   -4.433840 -1.059130 0.959566 -0.000001 0.000000 0.000000
 42   -0.282457 1.783242 -2.688614 0.021261 -0.011957 -0.166244
 43   -0.500000 1.761080 2.857658 0.021252 -0.011955 -0.166244
time 10
  0   0.231709 16.105961 4.199718 0.000000 0.000000 -1.571354
  1   -1.093036 0.000002 -0.326057 -1.570913 -1.570425 0.000022
  2   2.262337 0.113614 0.064702 -0.067128 -0.018851 -0.273949
  3   2.380047 0.353302 0.047440 0.000000 -0.000076 0.336446
  4   2.033756 0.190472 -0.000128 -0.078354 0.000803 0.009145
  5   2.451511 0.204909 -0.003447 0.000000 -0.000005 0.386006
  6   7.247600 -0.397300 -0.109469 0.000001 -0.000027 0.052298
  7   -2.022252 -0.104661 3.136172 -0.299166 -1.362006 -2.901655
  8   1.168026 -0.537438 -0.063437 -0.813173 1.147987 0.242794
  9   6.790376 -0.619176 0.015206 -0.000324 -0.000285 -0.766826
 10   8.637599 0.544015 -0.090417 -1.570024 0.000221 -0.069354
 11   6.790465 -0.619039 0.017802 -0.000663 -0.011395 -0.551977
 12   -2.022474 -0.104699 -2.873818 0.298873 1.361771 -2.901792
 13   1.167898 -0.537463 0.063297 0.056167 -0.754931 -0.404887
 14   7.002743 -0.617765 -0.183752 0.000286 0.000364 -0.793620
 15   8.209042 0.615527 -0.255885 1.570090 -0.000139 -0.069646
 16   7.002735 -0.617911 -0.183641 0.014438 0.004492 -0.574161
 17   1.574674 0.609930 -0.000899 0.084777 -0.141638 0.577028
 18   -0.602177 0.511412 -0.000006 0.000000 0.000000 0.000000
 19   3.665960 0.309837 1.146658 -0.000002 -0.000014 -0.174510
 20   3.665954 0.309810 -1.090221 0.000007 -0.000003 -0.174546
 21   2.887637 1.322821 1.549531 0.000002 -0.000011 -0.000026
 22   -0.226528 -0.758005 0.473551 0.000194 -0.057471 0.890061
 23   2.903280 1.315034 -1.584207 0.000019 0.000002 -0.000024
 24   -0.074270 -0.562670 -0.551668 0.000187 -0.057496 0.890104
 25   3.953053 2.094997 1.523858 0.102271 -0.029428 -0.168407
 26   3.902288 2.141901 -1.516125 -0.141155 -0.028485 -0.183628
 27   3.293379 1.455197 1.514501 -0.000019 -0.000022 -0.000050
 28   3.295809 1.454803 -1.501142 -0.000002 -0.000009 -0.000024
 29   8.824059 0.150544 0.091743 -0.142324 -0.024230 0.436732
 30   2.111085 -0.561179 1.784320 -0.000008 -0.000682 0.000024
 31   2.121290 -0.561289 -1.853599 0.000000 0.000000 -0.000002
 32   -0.814395 -0.093824 3.127092 -0.013817 -3.027671 -0.598138
 33   14.298673 -0.408176 0.471578 -0.000028 -0.000080 -0.663083
 34   15.835795 0.581398 0.242756 -0.076697 -0.089463 0.012300
 35   -0.815868 -0.091229 -3.114430 0.136259 2.832920 -0.179184
 36   14.294526 -0.410349 -0.467541 -0.000447 0.000395 -0.973364
 37   15.834409 0.579420 -0.284600 -0.177364 0.213788 -0.100858
 38   1.131872 -3.492813 -2.823813 -0.009893 -0.003230 -0.443117
 39   -4.457742 -1.054854 -0.746180 0.000000 0.000000 0.000000
 40   1.125914 -3.410705 3.237290 -0.009893 -0.003229 -0.443119
 41   -4.433840 -1.059130 0.959566 -0.000001 0.000000 0.000000
 42   -0.430899 1.505890 -2.688614 0.002960 -0.003662 -0.030154
 43   -0.605472 1.565761 2.857658 0.002961 -0.003670 -0.030154
time 11
  0   0.231709 16.625507 4.371598 0.000000 0.000000 -1.571354
  1   -1.093036 0.000002 -0.326057 -1.570966 -1.570425 0.000022
  2   2.262337 0.113614 0.064702 -0.067255 -0.017904 -0.259872
  3   2.380047 0.353302 0.047440 0.000000 -0.000076 0.350547
  4   2.033756 0.190472 -0.000128 -0.076491 0.016982 0.217928
  5   2.451511 0.204909 -0.003447 0.000000 -0.000005 0.109352
  6   7.247600 -0.397300 -0.109469 0.000001 -0.000027 0.052298
  7   -2.022252 -0.104661 3.136172 -0.299166 -1.362006 -2.901561
  8   1.168026 -0.537438 -0.063437 -0.435452 1.036994 0.705417
  9   6.790376 -0.619176 0.015206 -0.000324 -0.000285 -0.636645
 10   8.637599 0.544015 -0.090417 -1.570024 0.000221 -0.069354
 11   6.790465 -0.619039 0.017802 -0.001130 -0.011282 -0.460736
 12   -2.022474 -0.104699 -2.873818 0.298873 1.361771 -2.901792
 13   1.167898 -0.537463 0.063297 0.293417 -0.894425 -0.800300
 14   7.002743 -0.617765 -0.183752 0.000286 0.000364 -0.657899
 15   8.209042 0.615527 -0.255885 1.570090 -0.000139 -0.069646
 16   7.002735 -0.617911 -0.183641 0.014485 0.003815 -0.479064
 17   1.574674 0.609930 -0.000899 0.113496 -0.119817 0.408929
 18   -0.602177 0.511412 -0.000006 0.000000 0.000000 0.000000
 19   3.665960 0.309837 1.146658 -0.000002 -0.000014 -0.174510
 20   3.665954 0.309810 -1.090221 0.000007 -0.000003 -0.174546
 21   2.887637 1.322821 1.549531 0.000002 -0.000011 -0.000026
 22   -0.226528 -0.758005 0.473551 0.000194 -0.057471 0.890061
 23   2.903280 1.315034 -1.584207 0.000019 0.000002 -0.000024
 24   -0.074270 -0.562670 -0.551668 0.000187 -0.057496 0.890104
 25   3.953053 2.094997 1.523858 0.102271 -0.029428 -0.168407
 26   3.902288 2.141901 -1.516125 -0.141155 -0.028485 -0.183628
 27   3.293379 1.455197 1.514501 -0.000019 -0.000022 -0.000050
 28   3.295809 1.454803 -1.501142 -0.000002 -0.000009 -0.000024
 29   8.824059 0.150544 0.091743 -0.189114 -0.017180 0.393760
 30   2.111085 -0.561179 1.784320 -0.000008 -0.000682 0.000024
 31   2.121290 -0.561289 -1.853599 0.000000 0.000000 -0.000002
 32   -0.814395 -0.093824 3.127092 0.014426 -3.007614 -0.714601
 33   14.298673 -0.408176 0.471578 -0.000016 -0.000067 -1.066505
 34   15.835795 0.581398 0.242756 -0.071889 -0.115185 0.281061
 35   -0.815868 -0.091229 -3.114430 0.150078 2.855405 -0.208326
 36   14.294526 -0.410349 -0.467541 -0.000423 0.000431 -0.916358
 37   15.834409 0.579420 -0.284600 -0.147909 0.195308 -0.092340
 38   1.127966 -3.488906 -2.823813 -0.009367 -0.002024 -0.373286
 39   -4.457742 -1.054854 -0.746180 0.000000 0.000000 0.000000
 40   1.129820 -3.414612 3.237290 -0.009367 -0.002024 -0.373287
 41   -4.433840 -1.059130 0.959566 -0.000001 0.000000 0.000000
 42   -0.583247 1.220725 -2.688614 -0.015316 0.004617 0.105936
 43   -0.707038 1.366537 2.853751 -0.015318 0.004615 0.105936
time 12
  0   0.239522 17.113804 4.477070 0.000000 0.000000 -1.571354
  1   -1.093036 0.000002 -0.326057 -1.570966 -1.570425 0.000071
  2   2.262337 0.113614 0.064702 -0.067510 -0.016850 -0.245650
  3   2.380047 0.353302 0.047440 0.000000 -0.000076 0.364565
  4   2.033756 0.190472 -0.000128 -0.069815 0.035462 0.468358
  5   2.451511 0.204909 -0.003447 0.000000 -0.000005 -0.121363
  6   7.247600 -0.397300 -0.109469 0.000001 -0.000027 0.052298
  7   -2.022252 -0.104661 3.136172 -0.299166 -1.362006 -2.901561
  8   1.168026 -0.537438 -0.063437 -0.352871 0.998252 0.765008
  9   6.790376 -0.619176 0.015206 -0.000324 -0.000285 -0.528651
 10   8.637599 0.544015 -0.090417 -1.570024 0.000221 -0.069354
 11   6.790465 -0.619039 0.017802 -0.001568 -0.011196 -0.385181
 12   -2.022474 -0.104699 -2.873818 0.298873 1.361771 -2.901792
 13   1.167898 -0.537463 0.063297 0.074515 -0.892035 -0.983539
 14   7.002743 -0.617765 -0.183752 0.000286 0.000364 -1.010115
 15   8.209042 0.615527 -0.255885 1.570090 -0.000139 -0.069646
 16   7.002735 -0.617911 -0.183641 0.014249 0.005676 -0.725665
 17   1.574674 0.609930 -0.000899 0.127429 -0.104860 0.250884
 18   -0.602177 0.511412 -0.000006 0.000000 0.000000 0.000000
 19   3.665960 0.309837 1.146658 -0.000002 -0.000014 -0.174510
 20   3.665954 0.309810 -1.090221 0.000007 -0.000003 -0.174546
 21   2.887637 1.322821 1.549531 0.000002 -0.000011 -0.000026
 22   -0.226528 -0.758005 0.473551 0.000194 -0.057471 0.890061
 23   2.903280 1.315034 -1.584207 0.000019 0.000002 -0.000024
 24   -0.074270 -0.562670 -0.551668 0.000187 -0.057496 0.890104
 25   3.953053 2.094997 1.523858 0.102271 -0.029428 -0.168407
 26   3.902288 2.141901 -1.516125 -0.141155 -0.028485 -0.183628
 27   3.293379 1.455197 1.514501 -0.000019 -0.000022 -0.000050
 28   3.295809 1.454803 -1.501142 -0.000002 -0.000009 -0.000024
 29   8.824059 0.150544 0.091743 -0.232071 -0.007352 0.333728
 30   2.111085 -0.561179 1.784320 -0.000008 -0.000682 0.000024
 31   2.121290 -0.561289 -1.853599 0.000000 0.000000 -0.000002
 32   -0.814395 -0.093824 3.127092 0.003334 -3.020030 -0.618174
 33   14.298673 -0.408176 0.471578 -0.000016 -0.000067 -1.124942
 34   15.835795 0.581398 0.242756 -0.066391 -0.116600 0.296894
 35   -0.815868 -0.091229 -3.114430 0.162664 2.877516 -0.265733
 36   14.294526 -0.410349 -0.467541 -0.000411 0.000443 -0.876037
 37   15.834409 0.579420 -0.284600 -0.116957 0.170634 -0.063237
 38   1.127966 -3.485000 -2.823813 -0.008146 0.000542 -0.199228
 39   -4.457742 -1.054854 -0.746180 0.000000 0.000000 0.000000
 40   1.129820 -3.418518 3.237290 -0.008146 0.000543 -0.199229
 41   -4.433840 -1.059130 0.959566 -0.000001 0.000000 0.000000
 42   -0.719970 0.958998 -2.692520 -0.032131 0.012237 0.230985
 43   -0.804697 1.186844 2.853751 -0.032135 0.012241 0.230985
time 13
  0   0.239522 17.555223 4.496602 0.000000 0.000000 -1.571354
  1   -1.093036 0.000002 -0.326057 -1.570966 -1.570425 0.000071
  2   2.262337 0.113614 0.064702 -0.067854 -0.015903 -0.231573
  3   2.380047 0.353302 0.047440 0.000000 -0.000076 0.378461
  4   2.033756 0.190472 -0.000128 -0.066366 0.041635 0.558323
  5   2.451511 0.204909 -0.003447 0.000000 -0.000005 -0.138402
  6   7.247600 -0.397300 -0.109469 0.000001 -0.000027 0.052298
  7   -2.022252 -0.104661 3.136172 -0.299166 -1.362006 -2.901655
  8   1.168026 -0.537438 -0.063437 -0.515058 1.102000 0.371149
  9   6.790376 -0.619176 0.015206 -0.000324 -0.000285 -0.413789
 10   8.637599 0.544015 -0.090417 -1.570024 0.000221 -0.069354
 11   6.790465 -0.619039 0.017802 -0.002006 -0.011083 -0.304725
 12   -2.022474 -0.104699 -2.873818 0.298873 1.361771 -2.901792
 13   1.167898 -0.537463 0.063297 -0.287300 -0.825721 -1.086811
 14   7.002743 -0.617765 -0.183752 0.000286 0.000364 -1.526351
 15   8.209042 0.615527 -0.255885 1.570090 -0.000139 -0.069646
 16   7.002735 -0.617911 -0.183641 0.013684 0.008495 -1.087123
 17   1.574674 0.609930 -0.000899 0.140103 -0.086897 0.030744
 18   -0.602177 0.511412 -0.000006 0.000000 0.000000 0.000000
 19   3.665960 0.309837 1.146658 -0.000002 -0.000014 -0.174510
 20   3.665954 0.309810 -1.090221 0.000007 -0.000003 -0.174546
 21   2.887637 1.322821 1.549531 0.000002 -0.000011 -0.000026
 22   -0.226528 -0.758005 0.473551 0.000194 -0.057471 0.890061
 23   2.903280 1.315034 -1.584207 0.000019 0.000002 -0.000024
 24   -0.074270 -0.562670 -0.551668 0.000187 -0.057496 0.890104
 25   3.953053 2.094997 1.523858 0.102271 -0.029428 -0.168407
 26   3.902288 2.141901 -1.516125 -0.141155 -0.028485 -0.183628
 27   3.293379 1.455197 1.514501 -0.000019 -0.000022 -0.000050
 28   3.295809 1.454803 -1.501142 -0.000002 -0.000009 -0.000024
 29   8.824059 0.150544 0.091743 -0.267364 0.005704 0.253900
 30   2.111085 -0.561179 1.784320 -0.000008 -0.000682 0.000024
 31   2.121290 -0.561289 -1.853599 0.000000 0.000000 -0.000002
 32   -0.814395 -0.093824 3.127092 -0.013537 -3.038081 -0.463119
 33   14.298673 -0.408176 0.471578 -0.000016 -0.000067 -1.054119
 34   15.835795 0.581398 0.242756 -0.063424 -0.114038 0.247278
 35   -0.815868 -0.091229 -3.114430 0.172961 2.895973 -0.329549
 36   14.294526 -0.410349 -0.467541 -0.000399 0.000455 -0.858966
 37   15.834409 0.579420 -0.284600 -0.090930 0.145013 -0.011673
 38   1.124060 -3.481093 -2.823813 -0.006673 0.003808 0.025661
 39   -4.457742 -1.054854 -0.746180 0.000000 0.000000 0.000000
 40   1.133726 -3.422424 3.237290 -0.006673 0.003809 0.025660
 41   -4.433840 -1.059130 0.959566 -0.000001 0.000000 0.000000
 42   -0.833255 0.744148 -2.696427 -0.045973 0.018523 0.333994
 43   -0.886731 1.034495 2.849845 -0.045978 0.018518 0.333994
time 14
  0   0.239522 17.941954 4.414568 0.000000 0.000000 -1.571354
  1   -1.093036 0.000002 -0.326057 -1.570966 -1.570425 0.000022
  2   2.262337 0.113614 0.064702 -0.067994 -0.014920 -0.215887
  3   2.380047 0.353302 0.047440 0.000000 -0.000076 0.393765
  4   2.033756 0.190472 -0.000128 -0.063784 0.045506 0.617080
  5   2.451511 0.204909 -0.003447 0.000000 -0.000005 -0.095929
  6   7.247600 -0.397300 -0.109469 0.000001 -0.000027 0.052298
  7   -2.022252 -0.104661 3.136172 -0.299166 -1.362006 -2.901561
  8   1.168026 -0.537438 -0.063437 -1.012506 1.124541 -0.450224
  9   6.790376 -0.619176 0.015206 -0.000324 -0.000285 -0.321719
 10   8.637599 0.544015 -0.090417 -1.570024 0.000221 -0.069354
 11   6.790465 -0.619039 0.017802 -0.002327 -0.010969 -0.240417
 12   -2.022474 -0.104699 -2.873818 0.298873 1.361771 -2.901888
 13   1.167898 -0.537463 0.063297 -0.468946 -0.705501 -1.175676
 14   7.002743 -0.617765 -0.183752 0.000286 0.000364 -1.836076
 15   8.209042 0.615527 -0.255885 1.570090 -0.000139 -0.069646
 16   7.002735 -0.617911 -0.183641 0.013214 0.010300 -1.303975
 17   1.574674 0.609930 -0.000899 0.150787 -0.066094 -0.227910
 18   -0.602177 0.511412 -0.000006 0.000000 0.000000 0.000000
 19   3.665960 0.309837 1.146658 -0.000002 -0.000014 -0.174510
 20   3.665954 0.309810 -1.090221 0.000007 -0.000003 -0.174546
 21   2.887637 1.322821 1.549531 0.000002 -0.000011 -0.000026
 22   -0.226528 -0.758005 0.473551 0.000194 -0.057471 0.890061
 23   2.903280 1.315034 -1.584207 0.000019 0.000002 -0.000024
 24   -0.074270 -0.562670 -0.551668 0.000187 -0.057496 0.890104
 25   3.953053 2.094997 1.523858 0.102271 -0.029428 -0.168407
 26   3.902288 2.141901 -1.516125 -0.141155 -0.028485 -0.183628
 27   3.293379 1.455197 1.514501 -0.000019 -0.000022 -0.000050
 28   3.295809 1.454803 -1.501142 -0.000002 -0.000009 -0.000024
 29   8.824059 0.150544 0.091743 -0.291427 0.022486 0.151325
 30   2.111085 -0.561179 1.784320 -0.000008 -0.000682 0.000024
 31   2.121290 -0.561289 -1.853599 0.000000 0.000000 -0.000002
 32   -0.814395 -0.093824 3.127092 -0.018104 -3.032351 -0.346770
 33   14.298673 -0.408176 0.471578 -0.000016 -0.000067 -0.935816
 34   15.835795 0.581398 0.242756 -0.064643 -0.124873 0.245955
 35   -0.815868 -0.091229 -3.114430 0.179122 2.909370 -0.378629
 36   14.294526 -0.410349 -0.467541 -0.000411 0.000455 -0.871634
 37   15.834409 0.579420 -0.284600 -0.072016 0.126226 0.063923
 38   1.120153 -3.473281 -2.823813 -0.005431 0.007086 0.248350
 39   -4.457742 -1.054854 -0.746180 0.000000 0.000000 0.000000
 40   1.137633 -3.430237 3.237290 -0.005431 0.007087 0.248349
 41   -4.433840 -1.059130 0.959566 -0.000001 0.000000 0.000000
 42   -0.911382 0.599612 -2.696427 -0.055369 0.022786 0.403879
 43   -0.941420 0.932930 2.849845 -0.055374 0.022786 0.403879
time 15
  0   0.239522 18.379467 4.199718 0.000000 0.000000 -1.571354
  1   -1.093036 0.000002 -0.326057 -1.570966 -1.570425 0.000022
  2   2.262337 0.113614 0.064702 -0.068134 -0.014225 -0.205767
  3   2.380047 0.353302 0.047440 0.000000 -0.000076 0.403662
  4   2.033756 0.190472 -0.000128 -0.062493 0.047219 0.645316
  5   2.451511 0.204909 -0.003447 0.000000 -0.000005 -0.024877
  6   7.247600 -0.397300 -0.109469 0.000001 -0.000027 0.052298
  7   -2.022252 -0.104661 3.136172 -0.299166 -1.362006 -2.901655
  8   1.168026 -0.537438 -0.063437 -1.248795 1.006453 -0.921514
  9   6.790376 -0.619176 0.015206 -0.000324 -0.000285 -0.287532
 10   8.637599 0.544015 -0.090417 -1.570024 0.000221 -0.069354
 11   6.790465 -0.619039 0.017802 -0.002473 -0.010969 -0.216425
 12   -2.022474 -0.104699 -2.873818 0.298873 1.361771 -2.901888
 13   1.167898 -0.537463 0.063297 -0.461916 -0.586298 -1.252192
 14   7.002743 -0.617765 -0.183752 0.000286 0.000364 -1.901173
 15   8.209042 0.615527 -0.255885 1.570090 -0.000139 -0.069646
 16   7.002735 -0.617911 -0.183641 0.013120 0.010638 -1.349454
 17   1.574674 0.609930 -0.000899 0.158383 -0.044438 -0.477323
 18   -0.602177 0.511412 -0.000006 0.000000 0.000000 0.000000
 19   3.665960 0.309837 1.146658 -0.000002 -0.000014 -0.174510
 20   3.665954 0.309810 -1.090221 0.000007 -0.000003 -0.174546
 21   2.887637 1.322821 1.549531 0.000002 -0.000011 -0.000026
 22   -0.226528 -0.758005 0.473551 0.000194 -0.057471 0.890061
 23   2.903280 1.315034 -1.584207 0.000019 0.000002 -0.000024
 24   -0.074270 -0.562670 -0.551668 0.000187 -0.057496 0.890104
 25   3.953053 2.094997 1.523858 0.102271 -0.029428 -0.168407
 26   3.902288 2.141901 -1.516125 -0.141155 -0.028485 -0.183628
 27   3.293379 1.455197 1.514501 -0.000019 -0.000022 -0.000050
 28   3.295809 1.454803 -1.501142 -0.000002 -0.000009 -0.000024
 29   8.824059 0.150544 0.091743 -0.300250 0.043471 0.023320
 30   2.111085 -0.561179 1.784320 -0.000008 -0.000682 0.000024
 31   2.121290 -0.561289 -1.853599 0.000000 0.000000 -0.000002
 32   -0.814395 -0.093824 3.127092 -0.024443 -3.027575 -0.234349
 33   14.298673 -0.408176 0.471578 -0.000016 -0.000080 -0.782101
 34   15.835795 0.581398 0.242756 -0.071889 -0.130876 0.252835
 35   -0.815868 -0.091229 -3.114430 0.177714 2.916303 -0.391557
 36   14.294526 -0.410349 -0.467541 -0.000423 0.000419 -0.920143
 37   15.834409 0.579420 -0.284600 -0.058894 0.122950 0.166139
 38   1.120153 -3.473281 -2.823813 -0.004904 0.009677 0.415566
 39   -4.457742 -1.054854 -0.746180 0.000000 0.000000 0.000000
 40   1.137633 -3.430237 3.237290 -0.004904 0.009678 0.415565
 41   -4.433840 -1.059130 0.959566 -0.000001 0.000000 0.000000
 42   -0.938727 0.544923 -2.696427 -0.058832 0.024350 0.429641
 43   -0.960952 0.897772 2.849845 -0.058835 0.024355 0.429641
time 16
  0   0.239522 18.813074 3.859864 0.000000 0.000000 -1.571354
  1   -1.093036 0.000002 -0.326057 -1.570861 -1.570425 -0.000026
  2   2.262337 0.113614 0.064702 -0.068096 -0.014345 -0.207936
  3   2.380047 0.353302 0.047440 0.000000 -0.000076 0.401254
  4   2.033756 0.190472 -0.000128 -0.062530 0.047135 0.643975
  5   2.451511 0.204909 -0.003447 0.000000 -0.000005 0.043476
  6   7.247600 -0.397300 -0.109469 0.000001 -0.000027 0.052298
  7   -2.022252 -0.104661 3.136172 -0.299166 -1.362006 -2.901561
  8   1.168026 -0.537438 -0.063437 -1.228546 0.936315 -1.011976
  9   6.790376 -0.619176 0.015206 -0.000324 -0.000285 -0.300739
 10   8.637599 0.544015 -0.090417 -1.570024 0.000221 -0.069354
 11   6.790465 -0.619039 0.017802 -0.002444 -0.010969 -0.225710
 12   -2.022474 -0.104699 -2.873818 0.298873 1.361771 -2.901792
 13   1.167898 -0.537463 0.063297 -0.463955 -0.510728 -1.282096
 14   7.002743 -0.617765 -0.183752 0.000286 0.000364 -1.934175
 15   8.209042 0.615527 -0.255885 1.570090 -0.000214 -0.069646
 16   7.002735 -0.617911 -0.183641 0.013025 0.010864 -1.372524
 17   1.574674 0.609930 -0.000899 0.162770 -0.023564 -0.670370
 18   -0.602177 0.511412 -0.000006 0.000000 0.000000 0.000000
 19   3.665960 0.309837 1.146658 -0.000002 -0.000014 -0.174510
 20   3.665954 0.309810 -1.090221 0.000007 -0.000003 -0.174546
 21   2.887637 1.322821 1.549531 0.000002 -0.000011 -0.000026
 22   -0.226528 -0.758005 0.473551 0.000194 -0.057471 0.890061
 23   2.903280 1.315034 -1.584207 0.000019 0.000002 -0.000024
 24   -0.074270 -0.562670 -0.551668 0.000187 -0.057496 0.890104
 25   3.953053 2.094997 1.523858 0.102271 -0.029428 -0.168407
 26   3.902288 2.141901 -1.516125 -0.141155 -0.028485 -0.183628
 27   3.293379 1.455197 1.514501 -0.000019 -0.000022 -0.000050
 28   3.295809 1.454803 -1.501142 -0.000002 -0.000009 -0.000024
 29   8.824059 0.150544 0.091743 -0.284921 0.077369 -0.181508
 30   2.111085 -0.561179 1.784320 -0.000008 -0.000682 0.000024
 31   2.121290 -0.561289 -1.853599 0.000000 0.000000 -0.000002
 32   -0.814395 -0.093824 3.127092 -0.044389 -3.055559 -0.100468
 33   14.298673 -0.408176 0.471578 -0.000040 -0.000093 -0.556928
 34   15.835795 0.581398 0.242756 -0.085530 -0.100128 0.249395
 35   -0.815868 -0.091229 -3.114430 0.169353 2.916303 -0.370194
 36   14.294526 -0.410349 -0.467541 -0.000459 0.000383 -1.006888
 37   15.834409 0.579420 -0.284600 -0.047605 0.135850 0.302324
 38   1.120153 -3.473281 -2.823813 -0.004925 0.011508 0.525536
 39   -4.457742 -1.054854 -0.746180 0.000000 0.000000 0.000000
 40   1.137633 -3.430237 3.237290 -0.004925 0.011509 0.525535
 41   -4.433840 -1.059130 0.959566 -0.000001 0.000000 0.000000
 42   -0.938727 0.544923 -2.696427 -0.058832 0.024350 0.429641
 43   -0.960952 0.897772 2.849845 -0.058835 0.024355 0.429641
time 17
  0   0.239522 19.258400 3.355942 0.000000 0.000000 -1.571354
  1   -1.093036 0.000002 -0.326057 -1.570966 -1.570425 0.000071
  2   2.262337 0.113614 0.064702 -0.067739 -0.016526 -0.239397
  3   2.380047 0.353302 0.047440 0.000000 -0.000076 0.376645
  4   2.033756 0.190472 -0.000128 -0.065573 0.042965 0.576809
  5   2.451511 0.204909 -0.003447 0.000000 -0.000005 0.130031
  6   7.247600 -0.397300 -0.109469 0.000001 -0.000027 0.052298
  7   -2.022252 -0.104661 3.136172 -0.299166 -1.362006 -2.901655
  8   1.168026 -0.537438 -0.063437 -1.094391 0.943309 -0.963139
  9   6.790376 -0.619176 0.015206 -0.000324 -0.000285 -0.324360
 10   8.637599 0.544015 -0.090417 -1.570024 0.000221 -0.069354
 11   6.790465 -0.619039 0.017802 -0.002327 -0.010969 -0.242321
 12   -2.022474 -0.104699 -2.873818 0.298873 1.361771 -2.901888
 13   1.167898 -0.537463 0.063297 -0.486801 -0.518153 -1.252495
 14   7.002743 -0.617765 -0.183752 0.000286 0.000364 -1.940858
 15   8.209042 0.615527 -0.255885 1.570090 -0.000139 -0.069646
 16   7.002735 -0.617911 -0.183641 0.013025 0.010920 -1.377271
 17   1.574674 0.609930 -0.000899 0.164638 -0.006737 -0.761812
 18   -0.602177 0.511412 -0.000006 0.000000 0.000000 0.000000
 19   3.665960 0.309837 1.146658 -0.000002 -0.000014 -0.174510
 20   3.665954 0.309810 -1.090221 0.000007 -0.000003 -0.174546
 21   2.887637 1.322821 1.549531 0.000002 -0.000011 -0.000026
 22   -0.226528 -0.758005 0.473551 0.000194 -0.057471 0.890061
 23   2.903280 1.315034 -1.584207 0.000019 0.000002 -0.000024
 24   -0.074270 -0.562670 -0.551668 0.000187 -0.057496 0.890104
 25   3.953053 2.094997 1.523858 0.102271 -0.029428 -0.168407
 26   3.902288 2.141901 -1.516125 -0.141155 -0.028485 -0.183628
 27   3.293379 1.455197 1.514501 -0.000019 -0.000022 -0.000050
 28   3.295809 1.454803 -1.501142 -0.000002 -0.000009 -0.000024
 29   8.824059 0.150544 0.091743 -0.247311 0.124560 -0.464985
 30   2.111085 -0.561179 1.784320 -0.000008 -0.000682 0.000024
 31   2.121290 -0.561289 -1.853599 0.000000 0.000000 -0.000002
 32   -0.814395 -0.093824 3.127092 -0.053058 -3.069885 -0.018272
 33   14.298673 -0.408176 0.471578 -0.000028 -0.000093 -0.484596
 34   15.835795 0.581398 0.242756 -0.087876 -0.087609 0.279958
 35   -0.815868 -0.091229 -3.114430 0.156063 2.911806 -0.333602
 36   14.294526 -0.410349 -0.467541 -0.000483 0.000311 -1.123450
 37   15.834409 0.579420 -0.284600 -0.035192 0.157862 0.469995
 38   1.120153 -3.473281 -2.823813 -0.004925 0.012966 0.613573
 39   -4.457742 -1.054854 -0.746180 0.000000 0.000000 0.000000
 40   1.137633 -3.430237 3.237290 -0.004925 0.012967 0.613572
 41   -4.433840 -1.059130 0.959566 -0.000001 0.000000 0.000000
 42   -0.938727 0.544923 -2.696427 -0.058832 0.024350 0.429641
 43   -0.960952 0.897772 2.849845 -0.058835 0.024355 0.429641
time 18
  0   0.239522 19.258400 2.695766 0.000000 0.000000 -1.571354
  1   -1.093036 0.000002 -0.326057 -1.570966 -1.570425 0.000022
  2   2.262337 0.113614 0.064702 -0.066682 -0.019786 -0.288875
  3   2.380047 0.353302 0.047440 0.000000 -0.000076 0.334202
  4   2.033756 0.190472 -0.000128 -0.070239 0.034648 0.456469
  5   2.451511 0.204909 -0.003447 0.000000 -0.000005 0.230727
  6   7.247600 -0.397300 -0.109469 0.000001 -0.000027 0.052298
  7   -2.022252 -0.104661 3.136172 -0.299166 -1.362006 -2.901561
  8   1.168026 -0.537438 -0.063437 -0.861202 0.999711 -0.797207
  9   6.790376 -0.619176 0.015206 -0.000324 -0.000285 -0.356283
 10   8.637599 0.544015 -0.090417 -1.570024 0.000221 -0.069354
 11   6.790465 -0.619039 0.017802 -0.002210 -0.011054 -0.264583
 12   -2.022474 -0.104699 -2.873818 0.298873 1.361771 -2.901792
 13   1.167898 -0.537463 0.063297 -0.530455 -0.585942 -1.174405
 14   7.002743 -0.617765 -0.183752 0.000286 0.000364 -1.927492
 15   8.209042 0.615527 -0.255885 1.570090 -0.000139 -0.069646
 16   7.002735 -0.617911 -0.183641 0.013073 0.010807 -1.367888
 17   1.574674 0.609930 -0.000899 0.164720 0.006161 -0.772752
 18   -0.602177 0.511412 -0.000006 0.000000 0.000000 0.000000
 19   3.665960 0.309837 1.146658 -0.000002 -0.000014 -0.174510
 20   3.665954 0.309810 -1.090221 0.000007 -0.000003 -0.174546
 21   2.887637 1.322821 1.549531 0.000002 -0.000011 -0.000026
 22   -0.226528 -0.758005 0.473551 0.000194 -0.057471 0.890061
 23   2.903280 1.315034 -1.584207 0.000019 0.000002 -0.000024
 24   -0.074270 -0.562670 -0.551668 0.000187 -0.057496 0.890104
 25   3.953053 2.094997 1.523858 0.102271 -0.029428 -0.168407
 26   3.902288 2.141901 -1.516125 -0.141155 -0.028485 -0.183628
 27   3.293379 1.455197 1.514501 -0.000019 -0.000022 -0.000050
 28   3.295809 1.454803 -1.501142 -0.000002 -0.000009 -0.000024
 29   8.824059 0.150544 0.091743 -0.199808 0.173128 -0.755865
 30   2.111085 -0.561179 1.784320 -0.000008 -0.000682 0.000024
 31   2.121290 -0.561289 -1.853599 0.000000 0.000000 -0.000002
 32   -0.814395 -0.093824 3.127092 -0.044296 -3.042475 -0.017874
 33   14.298673 -0.408176 0.471578 -0.000028 -0.000080 -0.684838
 34   15.835795 0.581398 0.242756 -0.077548 -0.125849 0.368119
 35   -0.815868 -0.091229 -3.114430 0.140308 2.903280 -0.286439
 36   14.294526 -0.410349 -0.467541 -0.000531 0.000240 -1.261639
 37   15.834409 0.579420 -0.284600 -0.021184 0.186401 0.659418
 38   1.120153 -3.473281 -2.823813 -0.004947 0.014111 0.682121
 39   -4.457742 -1.054854 -0.746180 0.000000 0.000000 0.000000
 40   1.137633 -3.430237 3.237290 -0.004947 0.014112 0.682120
 41   -4.433840 -1.059130 0.959566 -0.000001 0.000000 0.000000
 42   -0.938727 0.544923 -2.696427 -0.058832 0.024350 0.429641
 43   -0.960952 0.897772 2.849845 -0.058835 0.024355 0.429641
time 19
  0   0.239522 19.258400 1.851990 0.000000 0.000000 -1.571354
  1   -1.093036 0.000002 -0.326057 -1.570966 -1.570425 0.000022
  2   2.262337 0.113614 0.064702 -0.066147 -0.022003 -0.321114
  3   2.380047 0.353302 0.047440 0.000000 -0.000076 0.287800
  4   2.033756 0.190472 -0.000128 -0.073393 0.027541 0.356247
  5   2.451511 0.204909 -0.003447 0.000000 -0.000005 0.278995
  6   7.247600 -0.397300 -0.109469 0.000001 -0.000027 0.052298
  7   -2.022252 -0.104661 3.136172 -0.299166 -1.362006 -2.901655
  8   1.168026 -0.537438 -0.063437 -0.560114 1.045145 -0.554667
  9   6.790376 -0.619176 0.015206 -0.000324 -0.000285 -0.394772
 10   8.637599 0.544015 -0.090417 -1.570024 0.000221 -0.069354
 11   6.790465 -0.619039 0.017802 -0.002064 -0.011054 -0.291460
 12   -2.022474 -0.104699 -2.873818 0.298873 1.361771 -2.901792
 13   1.167898 -0.537463 0.063297 -0.583248 -0.663037 -1.073917
 14   7.002743 -0.617765 -0.183752 0.000286 0.000364 -1.898945
 15   8.209042 0.615527 -0.255885 1.570090 -0.000139 -0.069646
 16   7.002735 -0.617911 -0.183641 0.013120 0.010638 -1.347853
 17   1.574674 0.609930 -0.000899 0.163664 0.018894 -0.756489
 18   -0.602177 0.511412 -0.000006 0.000000 0.000000 0.000000
 19   3.665960 0.309837 1.146658 -0.000002 -0.000014 -0.174510
 20   3.665954 0.309810 -1.090221 0.000007 -0.000003 -0.174546
 21   2.887637 1.322821 1.549531 0.000002 -0.000011 -0.000026
 22   -0.226528 -0.758005 0.473551 0.000194 -0.057471 0.890061
 23   2.903280 1.315034 -1.584207 0.000019 0.000002 -0.000024
 24   -0.074270 -0.562670 -0.551668 0.000187 -0.057496 0.890104
 25   3.953053 2.094997 1.523858 0.102271 -0.029428 -0.168407
 26   3.902288 2.141901 -1.516125 -0.141155 -0.028485 -0.183628
 27   3.293379 1.455197 1.514501 -0.000019 -0.000022 -0.000050
 28   3.295809 1.454803 -1.501142 -0.000002 -0.000009 -0.000024
 29   8.824059 0.150544 0.091743 -0.154712 0.211085 -0.982850
 30   2.111085 -0.561179 1.784320 -0.000008 -0.000682 0.000024
 31   2.121290 -0.561289 -1.853599 0.000000 0.000000 -0.000002
 32   -0.814395 -0.093824 3.127092 -0.031993 -3.004749 -0.032161
 33   14.298673 -0.408176 0.471578 -0.000016 -0.000067 -0.942961
 34   15.835795 0.581398 0.242756 -0.052153 -0.173168 0.470967
 35   -0.815868 -0.091229 -3.114430 0.122089 2.891569 -0.232373
 36   14.294526 -0.410349 -0.467541 -0.000543 0.000156 -1.413192
 37   15.834409 0.579420 -0.284600 -0.005481 0.218779 0.860958
 38   1.120153 -3.477187 -2.823813 -0.004968 0.014967 0.733624
 39   -4.457742 -1.054854 -0.746180 0.000000 0.000000 0.000000
 40   1.137633 -3.426331 3.237290 -0.004968 0.014968 0.733623
 41   -4.433840 -1.059130 0.959566 -0.000001 0.000000 0.000000
 42   -0.938727 0.544923 -2.696427 -0.058832 0.024350 0.429641
 43   -0.960952 0.897772 2.849845 -0.058835 0.024355 0.429641
time 20
  0   0.239522 19.258400 -0.812154 0.000000 0.000000 -1.571354
  1   -1.093036 0.000002 -0.326057 -1.570966 -1.570425 0.000071
  2   2.262337 0.113614 0.064702 -0.065816 -0.022650 -0.330800
  3   2.380047 0.353302 0.047440 0.000000 -0.000076 0.243173
  4   2.033756 0.190472 -0.000128 -0.074573 0.023957 0.309814
  5   2.451511 0.204909 -0.003447 0.000000 -0.000005 0.256384
  6   7.247600 -0.397300 -0.109469 0.000001 -0.000027 0.052298
  7   -2.022252 -0.104661 3.136172 -0.299166 -1.362006 -2.901561
  8   1.168026 -0.537438 -0.063437 -0.241687 1.054302 -0.289796
  9   6.790376 -0.619176 0.015206 -0.000324 -0.000285 -0.437864
 10   8.637599 0.544015 -0.090417 -1.570024 0.000221 -0.069354
 11   6.790465 -0.619039 0.017802 -0.001889 -0.011140 -0.321681
 12   -2.022474 -0.104699 -2.873818 0.298873 1.361771 -2.901792
 13   1.167898 -0.537463 0.063297 -0.637657 -0.727368 -0.965984
 14   7.002743 -0.617765 -0.183752 0.000286 0.000364 -1.861158
 15   8.209042 0.615527 -0.255885 1.570090 -0.000139 -0.069646
 16   7.002735 -0.617911 -0.183641 0.013167 0.010413 -1.321471
 17   1.574674 0.609930 -0.000899 0.161470 0.031461 -0.735458
 18   -0.602177 0.511412 -0.000006 0.000000 0.000000 0.000000
 19   3.665960 0.309837 1.146658 -0.000002 -0.000014 -0.174510
 20   3.665954 0.309810 -1.090221 0.000007 -0.000003 -0.174546
 21   2.887637 1.322821 1.549531 0.000002 -0.000011 -0.000026
 22   -0.226528 -0.758005 0.473551 0.000194 -0.057471 0.890061
 23   2.903280 1.315034 -1.584207 0.000019 0.000002 -0.000024
 24   -0.074270 -0.562670 -0.551668 0.000187 -0.057496 0.890104
 25   3.953053 2.094997 1.523858 0.102271 -0.029428 -0.168407
 26   3.902288 2.141901 -1.516125 -0.141155 -0.028485 -0.183628
 27   3.293379 1.455197 1.514501 -0.000019 -0.000022 -0.000050
 28   3.295809 1.454803 -1.501142 -0.000002 -0.000009 -0.000024
 29   8.824059 0.150544 0.091743 -0.124321 0.226396 -1.074695
 30   2.111085 -0.561179 1.784320 -0.000008 -0.000682 0.000024
 31   2.121290 -0.561289 -1.853599 0.000000 0.000000 -0.000002
 32   -0.814395 -0.093824 3.127092 -0.016613 -2.962439 -0.056581
 33   14.298673 -0.408176 0.471578 -0.000016 -0.000054 -1.234749
 34   15.835795 0.581398 0.242756 -0.008632 -0.219535 0.578180
 35   -0.815868 -0.091229 -3.114430 0.102990 2.877610 -0.176390
 36   14.294526 -0.410349 -0.467541 -0.000543 0.000048 -1.569148
 37   15.834409 0.579420 -0.284600 0.011266 0.252411 1.064729
 38   1.120153 -3.477187 -2.823813 -0.005031 0.015581 0.770586
 39   -4.457742 -1.054854 -0.746180 0.000000 0.000000 0.000000
 40   1.137633 -3.426331 3.237290 -0.005031 0.015582 0.770585
 41   -4.433840 -1.059130 0.959566 -0.000001 0.000000 0.000000
 42   -0.938727 0.544923 -2.696427 -0.058832 0.024350 0.429641
 43   -0.960952 0.897772 2.849845 -0.058835 0.024355 0.429641
time 21
  0   0.239522 19.258400 -5.933404 0.000000 0.000000 -1.571354
  1   -1.093036 0.000002 -0.326057 -1.570966 -1.570425 0.000071
  2   2.262337 0.113614 0.064702 -0.065714 -0.022902 -0.334938
  3   2.380047 0.353302 0.047440 0.000000 -0.000076 0.196852
  4   2.033756 0.190472 -0.000128 -0.075108 0.022184 0.285819
  5   2.451511 0.204909 -0.003447 0.000000 -0.000005 0.201504
  6   7.247600 -0.397300 -0.109469 0.000001 -0.000027 0.052298
  7   -2.022252 -0.104661 3.136172 -0.299166 -1.362006 -2.901655
  8   1.168026 -0.537438 -0.063437 0.081233 1.032516 -0.016258
  9   6.790376 -0.619176 0.015206 -0.000324 -0.000285 -0.483899
 10   8.637599 0.544015 -0.090417 -1.570024 0.000221 -0.069354
 11   6.790465 -0.619039 0.017802 -0.001714 -0.011140 -0.353922
 12   -2.022474 -0.104699 -2.873818 0.298873 1.361771 -2.901888
 13   1.167898 -0.537463 0.063297 -0.709289 -0.786258 -0.839224
 14   7.002743 -0.617765 -0.183752 0.000286 0.000364 -1.820565
 15   8.209042 0.615527 -0.255885 1.570090 -0.000139 -0.069646
 16   7.002735 -0.617911 -0.183641 0.013261 0.010187 -1.293047
 17   1.574674 0.609930 -0.000899 0.158748 0.041756 -0.693766
 18   -0.602177 0.511412 -0.000006 0.000000 0.000000 0.000000
 19   3.665960 0.309837 1.146658 -0.000002 -0.000014 -0.174510
 20   3.665954 0.309810 -1.090221 0.000007 -0.000003 -0.174546
 21   2.887637 1.322821 1.549531 0.000002 -0.000011 -0.000026
 22   -0.226528 -0.758005 0.473551 0.000194 -0.057471 0.890061
 23   2.903280 1.315034 -1.584207 0.000019 0.000002 -0.000024
 24   -0.074270 -0.562670 -0.551668 0.000187 -0.057496 0.890104
 25   3.953053 2.094997 1.523858 0.102271 -0.029428 -0.168407
 26   3.902288 2.141901 -1.516125 -0.141155 -0.028485 -0.183628
 27   3.293379 1.455197 1.514501 -0.000019 -0.000022 -0.000050
 28   3.295809 1.454803 -1.501142 -0.000002 -0.000009 -0.000024
 29   8.824059 0.150544 0.091743 -0.106407 0.226016 -1.075232
 30   2.111085 -0.561179 1.784320 -0.000008 -0.000682 0.000024
 31   2.121290 -0.561289 -1.853599 0.000000 0.000000 -0.000002
 32   -0.814395 -0.093824 3.127092 0.001656 -2.920320 -0.087433
 33   14.298673 -0.408176 0.471578 -0.000016 -0.000041 -1.535668
 34   15.835795 0.581398 0.242756 0.050324 -0.254872 0.681248
 35   -0.815868 -0.091229 -3.114430 0.084771 2.863556 -0.122818
 36   14.294526 -0.410349 -0.467541 -0.000543 -0.000036 -1.721705
 37   15.834409 0.579420 -0.284600 0.028959 0.284738 1.261149
 38   1.120153 -3.481093 -2.823813 -0.005094 0.015991 0.795329
 39   -4.457742 -1.054854 -0.746180 0.000000 0.000000 0.000000
 40   1.137633 -3.422424 3.237290 -0.005094 0.015992 0.795328
 41   -4.433840 -1.059130 0.959566 -0.000001 0.000000 0.000000
 42   -0.938727 0.544923 -2.696427 -0.058832 0.024350 0.429641
 43   -0.960952 0.897772 2.849845 -0.058835 0.024355 0.429641
time 22
  0   0.239522 19.258400 -11.960932 0.000000 0.000000 -1.571354
  1   -1.093036 0.000002 -0.326057 -1.570913 -1.570425 -0.000026
  2   2.262337 0.113614 0.064702 -0.065765 -0.022770 -0.332625
  3   2.380047 0.353302 0.047440 0.000000 -0.000076 0.149205
  4   2.033756 0.190472 -0.000128 -0.075661 0.020434 0.261316
  5   2.451511 0.204909 -0.003447 0.000000 -0.000005 0.134464
  6   7.247600 -0.397300 -0.109469 0.000001 -0.000027 0.052298
  7   -2.022252 -0.104661 3.136172 -0.299166 -1.362006 -2.901655
  8   1.168026 -0.537438 -0.063437 0.381942 0.980038 0.239947
  9   6.790376 -0.619176 0.015206 -0.000324 -0.000285 -0.530689
 10   8.637599 0.544015 -0.090417 -1.570024 0.000221 -0.069354
 11   6.790465 -0.619039 0.017802 -0.001568 -0.011196 -0.386681
 12   -2.022474 -0.104699 -2.873818 0.298873 1.361771 -2.901888
 13   1.167898 -0.537463 0.063297 -0.805665 -0.837621 -0.690248
 14   7.002743 -0.617765 -0.183752 0.000286 0.000364 -1.782035
 15   8.209042 0.615527 -0.255885 1.570090 -0.000139 -0.069646
 16   7.002735 -0.617911 -0.183641 0.013308 0.009962 -1.266113
 17   1.574674 0.609930 -0.000899 0.156108 0.049401 -0.626978
 18   -0.602177 0.511412 -0.000006 0.000000 0.000000 0.000000
 19   3.665960 0.309837 1.146658 -0.000002 -0.000014 -0.174510
 20   3.665954 0.309810 -1.090221 0.000007 -0.000003 -0.174546
 21   2.887637 1.322821 1.549531 0.000002 -0.000011 -0.000026
 22   -0.226528 -0.758005 0.473551 0.000194 -0.057471 0.890061
 23   2.903280 1.315034 -1.584207 0.000019 0.000002 -0.000024
 24   -0.074270 -0.562670 -0.551668 0.000187 -0.057496 0.890104
 25   3.953053 2.094997 1.523858 0.102271 -0.029428 -0.168407
 26   3.902288 2.141901 -1.516125 -0.141155 -0.028485 -0.183628
 27   3.293379 1.455197 1.514501 -0.000019 -0.000022 -0.000050
 28   3.295809 1.454803 -1.501142 -0.000002 -0.000009 -0.000024
 29   8.824059 0.150544 0.091743 -0.090187 0.224948 -1.075661
 30   2.111085 -0.561179 1.784320 -0.000008 -0.000682 0.000024
 31   2.121290 -0.561289 -1.853599 0.000000 0.000000 -0.000002
 32   -0.814395 -0.093824 3.127092 0.021043 -2.883263 -0.118968
 33   14.298673 -0.408176 0.471578 -0.000028 -0.000015 -1.821184
 34   15.835795 0.581398 0.242756 0.115766 -0.273394 0.773378
 35   -0.815868 -0.091229 -3.114430 0.067432 2.850253 -0.075873
 36   14.294526 -0.410349 -0.467541 -0.000531 -0.000120 -1.861826
 37   15.834409 0.579420 -0.284600 0.046848 0.313200 1.439518
 38   1.120153 -3.481093 -2.823813 -0.005199 0.016244 0.810297
 39   -4.457742 -1.054854 -0.746180 0.000000 0.000000 0.000000
 40   1.137633 -3.422424 3.237290 -0.005199 0.016245 0.810297
 41   -4.433840 -1.059130 0.959566 -0.000001 0.000000 0.000000
 42   -0.938727 0.544923 -2.696427 -0.058832 0.024350 0.429641
 43   -0.960952 0.897772 2.849845 -0.058835 0.024355 0.429641
time 23
  0   0.239522 19.258400 -17.418129 0.000000 0.000000 -1.571354
  1   -1.093036 0.000002 -0.326057 -1.570913 -1.570425 0.000022
  2   2.262337 0.113614 0.064702 -0.066109 -0.022123 -0.322614
  3   2.380047 0.353302 0.047440 0.000000 -0.000076 0.100905
  4   2.033756 0.190472 -0.000128 -0.076528 0.016743 0.214122
  5   2.451511 0.204909 -0.003447 0.000000 -0.000005 0.075151
  6   7.247600 -0.397300 -0.109469 0.000001 -0.000027 0.052298
  7   -2.022252 -0.104661 3.136172 -0.299166 -1.362006 -2.901561
  8   1.168026 -0.537438 -0.063437 0.647340 0.902856 0.468064
  9   6.790376 -0.619176 0.015206 -0.000324 -0.000285 -0.576573
 10   8.637599 0.544015 -0.090417 -1.570024 0.000221 -0.069354
 11   6.790465 -0.619039 0.017802 -0.001393 -0.011225 -0.418806
 12   -2.022474 -0.104699 -2.873818 0.298873 1.361771 -2.901888
 13   1.167898 -0.537463 0.063297 -0.933604 -0.877796 -0.517724
 14   7.002743 -0.617765 -0.183752 0.000286 0.000364 -1.751673
 15   8.209042 0.615527 -0.255885 1.570090 -0.000139 -0.069646
 16   7.002735 -0.617911 -0.183641 0.013308 0.009792 -1.244864
 17   1.574674 0.609930 -0.000899 0.154158 0.054087 -0.530657
 18   -0.602177 0.511412 -0.000006 0.000000 0.000000 0.000000
 19   3.665960 0.309837 1.146658 -0.000002 -0.000014 -0.174510
 20   3.665954 0.309810 -1.090221 0.000007 -0.000003 -0.174546
 21   2.887637 1.322821 1.549531 0.000002 -0.000011 -0.000026
 22   -0.226528 -0.758005 0.473551 0.000194 -0.057471 0.890061
 23   2.903280 1.315034 -1.584207 0.000019 0.000002 -0.000024
 24   -0.074270 -0.562670 -0.551668 0.000187 -0.057496 0.890104
 25   3.953053 2.094997 1.523858 0.102271 -0.029428 -0.168407
 26   3.902288 2.141901 -1.516125 -0.141155 -0.028485 -0.183628
 27   3.293379 1.455197 1.514501 -0.000019 -0.000022 -0.000050
 28   3.295809 1.454803 -1.501142 -0.000002 -0.000009 -0.000024
 29   8.824059 0.150544 0.091743 -0.075749 0.223262 -1.076037
 30   2.111085 -0.561179 1.784320 -0.000008 -0.000682 0.000024
 31   2.121290 -0.561289 -1.853599 0.000000 0.000000 -0.000002
 32   -0.814395 -0.093824 3.127092 0.038940 -2.856426 -0.147144
 33   14.298673 -0.408176 0.471578 -0.000028 -0.000002 -2.067477
 34   15.835795 0.581398 0.242756 0.174676 -0.275688 0.849676
 35   -0.815868 -0.091229 -3.114430 0.051677 2.839572 -0.039556
 36   14.294526 -0.410349 -0.467541 -0.000507 -0.000204 -1.981168
 37   15.834409 0.579420 -0.284600 0.064029 0.335417 1.589697
 38   1.120153 -3.485000 -2.823813 -0.005346 0.016365 0.817995
 39   -4.457742 -1.054854 -0.746180 0.000000 0.000000 0.000000
 40   1.137633 -3.418518 3.237290 -0.005346 0.016366 0.817994
 41   -4.433840 -1.059130 0.959566 -0.000001 0.000000 0.000000
 42   -0.938727 0.544923 -2.696427 -0.058832 0.024350 0.429641
 43   -0.960952 0.897772 2.849845 -0.058835 0.024355 0.429641
time 24
  0   0.239522 19.258400 -20.719011 0.000000 0.000000 -1.571354
  1   -1.093036 0.000002 -0.326057 -1.570966 -1.570425 0.000071
  2   2.262337 0.113614 0.064702 -0.066440 -0.020757 -0.303675
  3   2.380047 0.353302 0.047440 0.000000 -0.000076 0.052258
  4   2.033756 0.190472 -0.000128 -0.077782 0.009636 0.121511
  5   2.451511 0.204909 -0.003447 0.000000 -0.000005 0.043476
  6   7.247600 -0.397300 -0.109469 0.000001 -0.000027 0.052298
  7   -2.022252 -0.104661 3.136172 -0.299166 -1.362006 -2.901655
  8   1.168026 -0.537438 -0.063437 0.876479 0.804894 0.670497
  9   6.790376 -0.619176 0.015206 -0.000324 -0.000285 -0.620042
 10   8.637599 0.544015 -0.090417 -1.570024 0.000221 -0.069354
 11   6.790465 -0.619039 0.017802 -0.001218 -0.011282 -0.449258
 12   -2.022474 -0.104699 -2.873818 0.298873 1.361771 -2.901792
 13   1.167898 -0.537463 0.063297 -1.095497 -0.903020 -0.323165
 14   7.002743 -0.617765 -0.183752 0.000286 0.000364 -1.735172
 15   8.209042 0.615527 -0.255885 1.570090 -0.000139 -0.069646
 16   7.002735 -0.617911 -0.183641 0.013355 0.009680 -1.233218
 17   1.574674 0.609930 -0.000899 0.153264 0.055507 -0.400924
 18   -0.602177 0.511412 -0.000006 0.000000 0.000000 0.000000
 19   3.665960 0.309837 1.146658 -0.000002 -0.000014 -0.174510
 20   3.665954 0.309810 -1.090221 0.000007 -0.000003 -0.174546
 21   2.887637 1.322821 1.549531 0.000002 -0.000011 -0.000026
 22   -0.226528 -0.758005 0.473551 0.000194 -0.057471 0.890061
 23   2.903280 1.315034 -1.584207 0.000019 0.000002 -0.000024
 24   -0.074270 -0.562670 -0.551668 0.000187 -0.057496 0.890104
 25   3.953053 2.094997 1.523858 0.102271 -0.029428 -0.168407
 26   3.902288 2.141901 -1.516125 -0.141155 -0.028485 -0.183628
 27   3.293379 1.455197 1.514501 -0.000019 -0.000022 -0.000050
 28   3.295809 1.454803 -1.501142 -0.000002 -0.000009 -0.000024
 29   8.824059 0.150544 0.091743 -0.062915 0.221031 -1.076412
 30   2.111085 -0.561179 1.784320 -0.000008 -0.000682 0.000024
 31   2.121290 -0.561289 -1.853599 0.000000 0.000000 -0.000002
 32   -0.814395 -0.093824 3.127092 0.054226 -2.843628 -0.165871
 33   14.298673 -0.408176 0.471578 -0.000040 -0.000002 -2.249457
 34   15.835795 0.581398 0.242756 0.214125 -0.268611 0.905113
 35   -0.815868 -0.091229 -3.114430 0.038387 2.834138 -0.018850
 36   14.294526 -0.410349 -0.467541 -0.000471 -0.000252 -2.071234
 37   15.834409 0.579420 -0.284600 0.079653 0.349033 1.701140
 38   1.120153 -3.488906 -2.823813 -0.005536 0.016413 0.820866
 39   -4.457742 -1.054854 -0.746180 0.000000 0.000000 0.000000
 40   1.137633 -3.414612 3.237290 -0.005536 0.016414 0.820866
 41   -4.433840 -1.059130 0.959566 -0.000001 0.000000 0.000000
 42   -0.938727 0.544923 -2.696427 -0.058832 0.024350 0.429641
 43   -0.960952 0.897772 2.849845 -0.058835 0.024355 0.429641
time 25
  0   0.239522 19.258400 -21.972956 0.000000 0.000000 -1.571354
  1   -1.093036 0.000002 -0.326057 -1.570913 -1.570425 0.000022
  2   2.262337 0.113614 0.064702 -0.067663 -0.016682 -0.242758
  3   2.380047 0.353302 0.047440 0.000000 -0.000076 -0.017630
  4   2.033756 0.190472 -0.000128 -0.076196 -0.018300 -0.238530
  5   2.451511 0.204909 -0.003447 0.000000 -0.000005 0.145336
  6   7.247600 -0.397300 -0.109469 0.000001 -0.000027 0.052298
  7   -2.022252 -0.104661 3.136172 -0.299166 -1.362006 -2.901561
  8   1.168026 -0.537438 -0.063437 1.138207 0.602027 0.922717
  9   6.790376 -0.619176 0.015206 -0.000324 -0.000285 -0.661549
 10   8.637599 0.544015 -0.090417 -1.570024 0.000221 -0.069354
 11   6.790465 -0.619039 0.017802 -0.001072 -0.011310 -0.478211
 12   -2.022474 -0.104699 -2.873818 0.298873 1.361771 -2.901888
 13   1.167898 -0.537463 0.063297 -1.225053 -0.951128 -0.067406
 14   7.002743 -0.617765 -0.183752 0.000286 0.000364 -1.753158
 15   8.209042 0.615527 -0.255885 1.570090 -0.000139 -0.069646
 16   7.002735 -0.617911 -0.183641 0.013308 0.009792 -1.245802
 17   1.574674 0.609930 -0.000899 0.153427 0.054394 -0.129482
 18   -0.602177 0.511412 -0.000006 0.000000 0.000000 0.000000
 19   3.665960 0.309837 1.146658 -0.000002 -0.000014 -0.174510
 20   3.665954 0.309810 -1.090221 0.000007 -0.000003 -0.174546
 21   2.887637 1.322821 1.549531 0.000002 -0.000011 -0.000026
 22   -0.226528 -0.758005 0.473551 0.000194 -0.057471 0.890061
 23   2.903280 1.315034 -1.584207 0.000019 0.000002 -0.000024
 24   -0.074270 -0.562670 -0.551668 0.000187 -0.057496 0.890104
 25   3.953053 2.094997 1.523858 0.102271 -0.029428 -0.168407
 26   3.902288 2.141901 -1.516125 -0.141155 -0.028485 -0.183628
 27   3.293379 1.455197 1.514501 -0.000019 -0.000022 -0.000050
 28   3.295809 1.454803 -1.501142 -0.000002 -0.000009 -0.000024
 29   8.824059 0.150544 0.091743 -0.051507 0.218349 -1.076734
 30   2.111085 -0.561179 1.784320 -0.000008 -0.000682 0.000024
 31   2.121290 -0.561289 -1.853599 0.000000 0.000000 -0.000002
 32   -0.814395 -0.093824 3.127092 0.060657 -2.851841 -0.170824
 33   14.298673 -0.408176 0.471578 -0.000052 0.000011 -2.339177
 34   15.835795 0.581398 0.242756 0.221693 -0.258483 0.927958
 35   -0.815868 -0.091229 -3.114430 0.031522 2.837792 -0.026683
 36   14.294526 -0.410349 -0.467541 -0.000471 -0.000276 -2.104759
 37   15.834409 0.579420 -0.284600 0.085603 0.346807 1.729432
 38   1.120153 -3.492813 -2.823813 -0.005767 0.016425 0.821294
 39   -4.457742 -1.054854 -0.746180 0.000000 0.000000 0.000000
 40   1.137633 -3.410705 3.237290 -0.005767 0.016426 0.821294
 41   -4.433840 -1.059130 0.959566 -0.000001 0.000000 0.000000
 42   -0.938727 0.544923 -2.696427 -0.058832 0.024350 0.429641
 43   -0.960952 0.897772 2.849845 -0.058835 0.024355 0.429641
time 26
  0   0.239522 19.258400 -22.433907 0.000000 0.000000 -1.571354
  1   -1.093036 0.000002 -0.326057 -1.570913 -1.570425 0.000022
  2   2.262337 0.113614 0.064702 -0.068771 -0.010690 -0.155747
  3   2.380047 0.353302 0.047440 0.000000 -0.000076 -0.052299
  4   2.033756 0.190472 -0.000128 -0.068616 -0.037727 -0.504511
  5   2.451511 0.204909 -0.003447 0.000000 -0.000005 0.200538
  6   7.247600 -0.397300 -0.109469 0.000001 -0.000027 0.052298
  7   -2.022252 -0.104661 3.136172 -0.299166 -1.362006 -2.901561
  8   1.168026 -0.537438 -0.063437 1.258693 0.457474 1.039306
  9   6.790376 -0.619176 0.015206 -0.000324 -0.000285 -0.703660
 10   8.637599 0.544015 -0.090417 -1.570024 0.000221 -0.069354
 11   6.790465 -0.619039 0.017802 -0.000867 -0.011367 -0.507798
 12   -2.022474 -0.104699 -2.873818 0.298873 1.361771 -2.901792
 13   1.167898 -0.537463 0.063297 -1.146391 -1.001678 -0.003905
 14   7.002743 -0.617765 -0.183752 0.000286 0.000364 -1.693507
 15   8.209042 0.615527 -0.255885 1.570090 -0.000214 -0.069646
 16   7.002735 -0.617911 -0.183641 0.013449 0.009454 -1.204186
 17   1.574674 0.609930 -0.000899 0.154605 0.053329 0.062678
 18   -0.602177 0.511412 -0.000006 0.000000 0.000000 0.000000
 19   3.665960 0.309837 1.146658 -0.000002 -0.000014 -0.174510
 20   3.665954 0.309810 -1.090221 0.000007 -0.000003 -0.174546
 21   2.887637 1.322821 1.549531 0.000002 -0.000011 -0.000026
 22   -0.226528 -0.758005 0.473551 0.000194 -0.057471 0.890061
 23   2.903280 1.315034 -1.584207 0.000019 0.000002 -0.000024
 24   -0.074270 -0.562670 -0.551668 0.000187 -0.057496 0.890104
 25   3.953053 2.094997 1.523858 0.102271 -0.029428 -0.168407
 26   3.902288 2.141901 -1.516125 -0.141155 -0.028485 -0.183628
 27   3.293379 1.455197 1.514501 -0.000019 -0.000022 -0.000050
 28   3.295809 1.454803 -1.501142 -0.000002 -0.000009 -0.000024
 29   8.824059 0.150544 0.091743 -0.041615 0.215286 -1.077002
 30   2.111085 -0.561179 1.784320 -0.000008 -0.000682 0.000024
 31   2.121290 -0.561289 -1.853599 0.000000 0.000000 -0.000002
 32   -0.814395 -0.093824 3.127092 0.059818 -2.879825 -0.166327
 33   14.298673 -0.408176 0.471578 -0.000052 0.000011 -2.345926
 34   15.835795 0.581398 0.242756 0.199151 -0.249430 0.918520
 35   -0.815868 -0.091229 -3.114430 0.031346 2.851752 -0.064753
 36   14.294526 -0.410349 -0.467541 -0.000471 -0.000264 -2.078573
 37   15.834409 0.579420 -0.284600 0.080933 0.328967 1.666308
 38   1.124060 -3.496719 -2.823813 -0.006820 0.013244 0.740405
 39   -4.457742 -1.054854 -0.746180 0.000000 0.000000 0.000000
 40   1.133726 -3.406799 3.237290 -0.006820 0.013245 0.740404
 41   -4.433840 -1.059130 0.959566 -0.000001 0.000000 0.000000
 42   -0.938727 0.544923 -2.696427 -0.058832 0.024350 0.429641
 43   -0.960952 0.897772 2.849845 -0.058835 0.024355 0.429641
time 27
  0   0.239522 19.258400 -22.312809 0.000000 0.000000 -1.571354
  1   -1.093036 0.000002 -0.326057 -1.570861 -1.570425 -0.000026
  2   2.262337 0.113614 0.064702 -0.069497 -0.005284 -0.077735
  3   2.380047 0.353302 0.047440 0.000000 -0.000076 -0.001388
  4   2.033756 0.190472 -0.000128 -0.075772 -0.019954 -0.260315
  5   2.451511 0.204909 -0.003447 0.000000 -0.000005 -0.027403
  6   7.247600 -0.397300 -0.109469 0.000001 -0.000027 0.052298
  7   -2.022252 -0.104661 3.136172 -0.299166 -1.362006 -2.901655
  8   1.168026 -0.537438 -0.063437 1.211106 0.559561 0.976931
  9   6.790376 -0.619176 0.015206 -0.000324 -0.000285 -0.746450
 10   8.637599 0.544015 -0.090417 -1.570024 0.000221 -0.069354
 11   6.790465 -0.619039 0.017802 -0.000692 -0.011395 -0.537674
 12   -2.022474 -0.104699 -2.873818 0.298873 1.361771 -2.901792
 13   1.167898 -0.537463 0.063297 -0.876805 -1.073077 -0.226491
 14   7.002743 -0.617765 -0.183752 0.000286 0.000364 -1.373056
 15   8.209042 0.615527 -0.255885 1.570090 -0.000139 -0.069646
 16   7.002735 -0.617911 -0.183641 0.013873 0.007593 -0.979717
 17   1.574674 0.609930 -0.000899 0.160414 0.045519 0.043606
 18   -0.602177 0.511412 -0.000006 0.000000 0.000000 0.000000
 19   3.665960 0.309837 1.146658 -0.000002 -0.000014 -0.174510
 20   3.665954 0.309810 -1.090221 0.000007 -0.000003 -0.174546
 21   2.887637 1.322821 1.549531 0.000002 -0.000011 -0.000026
 22   -0.226528 -0.758005 0.473551 0.000194 -0.057471 0.890061
 23   2.903280 1.315034 -1.584207 0.000019 0.000002 -0.000024
 24   -0.074270 -0.562670 -0.551668 0.000187 -0.057496 0.890104
 25   3.953053 2.094997 1.523858 0.102271 -0.029428 -0.168407
 26   3.902288 2.141901 -1.516125 -0.141155 -0.028485 -0.183628
 27   3.293379 1.455197 1.514501 -0.000019 -0.000022 -0.000050
 28   3.295809 1.454803 -1.501142 -0.000002 -0.000009 -0.000024
 29   8.824059 0.150544 0.091743 -0.032970 0.211916 -1.077270
 30   2.111085 -0.561179 1.784320 -0.000008 -0.000682 0.000024
 31   2.121290 -0.561289 -1.853599 0.000000 0.000000 -0.000002
 32   -0.814395 -0.093824 3.127092 0.058420 -2.920798 -0.157048
 33   14.298673 -0.408176 0.471578 -0.000040 0.000011 -2.301463
 34   15.835795 0.581398 0.242756 0.157769 -0.243426 0.888133
 35   -0.815868 -0.091229 -3.114430 0.030642 2.870489 -0.119586
 36   14.294526 -0.410349 -0.467541 -0.000483 -0.000228 -2.022725
 37   15.834409 0.579420 -0.284600 0.076421 0.304370 1.557045
 38   1.139685 -3.496719 -2.823813 -0.008946 0.005664 0.539465
 39   -4.457742 -1.054854 -0.746180 0.000000 0.000000 0.000000
 40   1.118101 -3.406799 3.237290 -0.008946 0.005665 0.539465
 41   -4.433840 -1.059130 0.959566 -0.000001 0.000000 0.000000
 42   -0.938727 0.544923 -2.696427 -0.058832 0.024350 0.429641
 43   -0.960952 0.897772 2.849845 -0.058835 0.024355 0.429641
time 28
  0   0.239522 19.258400 -21.840139 0.000000 0.000000 -1.571354
  1   -1.093036 0.000002 -0.326057 -1.570913 -1.570425 0.000022
  2   2.262337 0.113614 0.064702 -0.069599 0.000109 0.000674
  3   2.380047 0.353302 0.047440 0.000000 -0.000076 0.082581
  4   2.033756 0.190472 -0.000128 -0.077450 0.012009 0.151958
  5   2.451511 0.204909 -0.003447 0.000000 -0.000005 -0.336921
  6   7.247600 -0.397300 -0.109469 0.000001 -0.000027 0.052298
  7   -2.022252 -0.104661 3.136172 -0.299166 -1.362006 -2.901655
  8   1.168026 -0.537438 -0.063437 1.058853 0.748693 0.806064
  9   6.790376 -0.619176 0.015206 -0.000324 -0.000285 -0.789768
 10   8.637599 0.544015 -0.090417 -1.570024 0.000221 -0.069354
 11   6.790465 -0.619039 0.017802 -0.000517 -0.011395 -0.567953
 12   -2.022474 -0.104699 -2.873818 0.298873 1.361771 -2.901888
 13   1.167898 -0.537463 0.063297 -0.403149 -1.075925 -0.695030
 14   7.002743 -0.617765 -0.183752 0.000286 0.000364 -1.014982
 15   8.209042 0.615527 -0.255885 1.570090 -0.000139 -0.069646
 16   7.002735 -0.617911 -0.183641 0.014249 0.005676 -0.729087
 17   1.574674 0.609930 -0.000899 0.170325 0.021072 0.029967
 18   -0.602177 0.511412 -0.000006 0.000000 0.000000 0.000000
 19   3.665960 0.309837 1.146658 -0.000002 -0.000014 -0.174510
 20   3.665954 0.309810 -1.090221 0.000007 -0.000003 -0.174546
 21   2.887637 1.322821 1.549531 0.000002 -0.000011 -0.000026
 22   -0.226528 -0.758005 0.473551 0.000194 -0.057471 0.890061
 23   2.903280 1.315034 -1.584207 0.000019 0.000002 -0.000024
 24   -0.074270 -0.562670 -0.551668 0.000187 -0.057496 0.890104
 25   3.953053 2.094997 1.523858 0.102271 -0.029428 -0.168407
 26   3.902288 2.141901 -1.516125 -0.141155 -0.028485 -0.183628
 27   3.293379 1.455197 1.514501 -0.000019 -0.000022 -0.000050
 28   3.295809 1.454803 -1.501142 -0.000002 -0.000009 -0.000024
 29   8.824059 0.150544 0.091743 -0.025662 0.208284 -1.077485
 30   2.111085 -0.561179 1.784320 -0.000008 -0.000682 0.000024
 31   2.121290 -0.561289 -1.853599 0.000000 0.000000 -0.000002
 32   -0.814395 -0.093824 3.127092 0.061869 -2.966164 -0.147542
 33   14.298673 -0.408176 0.471578 -0.000040 -0.000002 -2.237309
 34   15.835795 0.581398 0.242756 0.108635 -0.241694 0.848000
 35   -0.815868 -0.091229 -3.114430 0.021840 2.890820 -0.177650
 36   14.294526 -0.410349 -0.467541 -0.000495 -0.000204 -1.966028
 37   15.834409 0.579420 -0.284600 0.081505 0.282358 1.446363
 38   1.151404 -3.500625 -2.823813 -0.011409 -0.003362 0.281158
 39   -4.457742 -1.054854 -0.746180 0.000000 0.000000 0.000000
 40   1.106382 -3.402893 3.237290 -0.011409 -0.003361 0.281157
 41   -4.433840 -1.059130 0.959566 -0.000001 0.000000 0.000000
 42   -0.938727 0.544923 -2.696427 -0.058832 0.024350 0.429641
 43   -0.960952 0.897772 2.849845 -0.058835 0.024355 0.429641
time 29
  0   0.239522 19.258400 -21.187775 0.000000 0.000000 -1.571354
  1   -1.093036 0.000002 -0.326057 -1.570966 -1.570425 0.000022
  2   2.262337 0.113614 0.064702 -0.069535 0.005058 0.074566
  3   2.380047 0.353302 0.047440 0.000000 -0.000076 0.164183
  4   2.033756 0.190472 -0.000128 -0.070313 0.034624 0.455128
  5   2.451511 0.204909 -0.003447 0.000000 -0.000005 -0.479100
  6   7.247600 -0.397300 -0.109469 0.000001 -0.000027 0.052298
  7   -2.022252 -0.104661 3.136172 -0.299166 -1.362006 -2.901655
  8   1.168026 -0.537438 -0.063437 0.763017 0.935661 0.489509
  9   6.790376 -0.619176 0.015206 -0.000324 -0.000285 -0.833389
 10   8.637599 0.544015 -0.090417 -1.570024 0.000221 -0.069354
 11   6.790465 -0.619039 0.017802 -0.000371 -0.011395 -0.598579
 12   -2.022474 -0.104699 -2.873818 0.298873 1.361771 -2.901792
 13   1.167898 -0.537463 0.063297 -0.016871 -0.930227 -1.082695
 14   7.002743 -0.617765 -0.183752 0.000286 0.000364 -0.833471
 15   8.209042 0.615527 -0.255885 1.570090 -0.000139 -0.069646
 16   7.002735 -0.617911 -0.183641 0.014391 0.004717 -0.602033
 17   1.574674 0.609930 -0.000899 0.173860 -0.020014 0.054547
 18   -0.602177 0.511412 -0.000006 0.000000 0.000000 0.000000
 19   3.665960 0.309837 1.146658 -0.000002 -0.000014 -0.174510
 20   3.665954 0.309810 -1.090221 0.000007 -0.000003 -0.174546
 21   2.887637 1.322821 1.549531 0.000002 -0.000011 -0.000026
 22   -0.226528 -0.758005 0.473551 0.000194 -0.057471 0.890061
 23   2.903280 1.315034 -1.584207 0.000019 0.000002 -0.000024
 24   -0.074270 -0.562670 -0.551668 0.000187 -0.057496 0.890104
 25   3.953053 2.094997 1.523858 0.102271 -0.029428 -0.168407
 26   3.902288 2.141901 -1.516125 -0.141155 -0.028485 -0.183628
 27   3.293379 1.455197 1.514501 -0.000019 -0.000022 -0.000050
 28   3.295809 1.454803 -1.501142 -0.000002 -0.000009 -0.000024
 29   8.824059 0.150544 0.091743 -0.019334 0.204533 -1.077646
 30   2.111085 -0.561179 1.784320 -0.000008 -0.000682 0.000024
 31   2.121290 -0.561289 -1.853599 0.000000 0.000000 -0.000002
 32   -0.814395 -0.093824 3.127092 0.076037 -3.008856 -0.141395
 33   14.298673 -0.408176 0.471578 -0.000028 -0.000002 -2.184668
 34   15.835795 0.581398 0.242756 0.062078 -0.248161 0.810204
 35   -0.815868 -0.091229 -3.114430 -0.003684 2.909183 -0.226512
 36   14.294526 -0.410349 -0.467541 -0.000519 -0.000180 -1.938066
 37   15.834409 0.579420 -0.284600 0.103886 0.273374 1.377307
 38   1.167030 -3.500625 -2.823813 -0.013429 -0.010942 0.028104
 39   -4.457742 -1.054854 -0.746180 0.000000 0.000000 0.000000
 40   1.090756 -3.402893 3.237290 -0.013429 -0.010941 0.028103
 41   -4.433840 -1.059130 0.959566 -0.000001 0.000000 0.000000
 42   -0.938727 0.544923 -2.696427 -0.058832 0.024350 0.429641
 43   -0.960952 0.897772 2.849845 -0.058835 0.024355 0.429641
time 30
  0   0.239522 19.258400 -20.660416 0.000000 0.000000 -1.571354
  1   -1.093036 0.000002 -0.326057 -1.570913 -1.570425 -0.000026
  2   2.262337 0.113614 0.064702 -0.068822 0.010260 0.148114
  3   2.380047 0.353302 0.047440 0.000000 -0.000076 0.244438
  4   2.033756 0.190472 -0.000128 -0.050893 0.037620 0.523309
  5   2.451511 0.204909 -0.003447 -0.017425 -0.004183 -0.274091
  6   7.247600 -0.397300 -0.109469 0.000001 -0.000027 0.052298
  7   -2.022252 -0.104661 3.136172 -0.299166 -1.362006 -2.901561
  8   1.168026 -0.537438 -0.063437 0.102749 1.029447 -0.196993
  9   6.790376 -0.619176 0.015206 -0.000324 -0.000285 -0.877311
 10   8.637599 0.544015 -0.090417 -1.570024 0.000221 -0.069354
 11   6.790465 -0.619039 0.017802 -0.000225 -0.011452 -0.629319
 12   -2.022474 -0.104699 -2.873818 0.298873 1.361771 -2.901792
 13   1.167898 -0.537463 0.063297 0.244421 -0.620574 -1.344326
 14   7.002743 -0.617765 -0.183752 0.000286 0.000364 -0.824972
 15   8.209042 0.615527 -0.255885 1.570090 -0.000139 -0.069646
 16   7.002735 -0.617911 -0.183641 0.014391 0.004661 -0.596128
 17   1.574674 0.609930 -0.000899 0.161592 -0.068082 0.020062
 18   -0.602177 0.511412 -0.000006 0.000000 0.000000 0.000000
 19   3.665960 0.309837 1.146658 -0.000002 -0.000014 -0.174510
 20   3.665954 0.309810 -1.090221 0.000007 -0.000003 -0.174546
 21   2.887637 1.322821 1.549531 0.000002 -0.000011 -0.000026
 22   -0.226528 -0.758005 0.473551 0.000194 -0.057471 0.890061
 23   2.903280 1.315034 -1.584207 0.000019 0.000002 -0.000024
 24   -0.074270 -0.562670 -0.551668 0.000187 -0.057496 0.890104
 25   3.953053 2.094997 1.523858 0.102271 -0.029428 -0.168407
 26   3.902288 2.141901 -1.516125 -0.141155 -0.028485 -0.183628
 27   3.293379 1.455197 1.514501 -0.000019 -0.000022 -0.000050
 28   3.295809 1.454803 -1.501142 -0.000002 -0.000009 -0.000024
 29   8.824059 0.150544 0.091743 -0.014165 0.200687 -1.077807
 30   2.111085 -0.561179 1.784320 -0.000008 -0.000682 0.000024
 31   2.121290 -0.561289 -1.853599 0.000000 0.000000 -0.000002
 32   -0.814395 -0.093824 3.127092 0.149952 -3.074087 -0.139516
 33   14.298673 -0.408176 0.471578 -0.000028 0.000011 -2.132345
 34   15.835795 0.581398 0.242756 -0.019834 -0.307828 0.776333
 35   -0.815868 -0.091229 -3.114430 -0.072951 2.944316 -0.262939
 36   14.294526 -0.410349 -0.467541 -0.000507 -0.000204 -1.979005
 37   15.834409 0.579420 -0.284600 0.176608 0.278058 1.401086
 38   1.170936 -3.504532 -2.823813 -0.014271 -0.014123 -0.157073
 39   -4.457742 -1.054854 -0.746180 0.000000 0.000000 0.000000
 40   1.086850 -3.398986 3.237290 -0.014271 -0.014122 -0.157074
 41   -4.433840 -1.059130 0.959566 -0.000001 0.000000 0.000000
 42   -0.938727 0.544923 -2.696427 -0.058832 0.024350 0.429641
 43   -0.960952 0.897772 2.849845 -0.058835 0.024355 0.429641
time 31
  0   0.239522 19.258400 -20.437752 0.000000 0.000000 -1.571354
  1   -1.093036 0.000002 -0.326057 -1.570966 -1.570425 0.000022
  2   2.262337 0.113614 0.064702 -0.067994 0.014969 0.216856
  3   2.380047 0.353302 0.047440 0.000000 -0.000076 0.322020
  4   2.033756 0.190472 -0.000128 -0.035641 0.033677 0.481552
  5   2.451511 0.204909 -0.003447 -0.034987 -0.001715 0.098257
  6   7.247600 -0.397300 -0.109469 0.000001 -0.000027 0.052298
  7   -2.022252 -0.104661 3.136172 -0.299166 -1.362006 -2.901561
  8   1.168026 -0.537438 -0.063437 -0.531954 0.838152 -0.870589
  9   6.790376 -0.619176 0.015206 -0.000324 -0.000285 -0.921082
 10   8.637599 0.544015 -0.090417 -1.570024 0.000221 -0.069354
 11   6.790465 -0.619039 0.017802 -0.000050 -0.011481 -0.660060
 12   -2.022474 -0.104699 -2.873818 0.298873 1.361771 -2.901792
 13   1.167898 -0.537463 0.063297 0.402447 -0.244301 -1.517637
 14   7.002743 -0.617765 -0.183752 0.000286 0.000364 -0.838998
 15   8.209042 0.615527 -0.255885 1.570090 -0.000139 -0.069646
 16   7.002735 -0.617911 -0.183641 0.014391 0.004717 -0.605952
 17   1.574674 0.609930 -0.000899 0.129054 -0.106209 -0.050386
 18   -0.602177 0.511412 -0.000006 0.000000 0.000000 0.000000
 19   3.665960 0.309837 1.146658 -0.000002 -0.000014 -0.174510
 20   3.665954 0.309810 -1.090221 0.000007 -0.000003 -0.174546
 21   2.887637 1.322821 1.549531 0.000002 -0.000011 -0.000026
 22   -0.226528 -0.758005 0.473551 0.000194 -0.057471 0.890061
 23   2.903280 1.315034 -1.584207 0.000019 0.000002 -0.000024
 24   -0.074270 -0.562670 -0.551668 0.000187 -0.057496 0.890104
 25   3.953053 2.094997 1.523858 0.102271 -0.029428 -0.168407
 26   3.902288 2.141901 -1.516125 -0.141155 -0.028485 -0.183628
 27   3.293379 1.455197 1.514501 -0.000019 -0.000022 -0.000050
 28   3.295809 1.454803 -1.501142 -0.000002 -0.000009 -0.000024
 29   8.824059 0.150544 0.091743 -0.009887 0.196842 -1.077914
 30   2.111085 -0.561179 1.784320 -0.000008 -0.000682 0.000024
 31   2.121290 -0.561289 -1.853599 0.000000 0.000000 -0.000002
 32   -0.814395 -0.093824 3.127092 0.241576 -3.144667 -0.133483
 33   14.298673 -0.408176 0.471578 -0.000028 -0.000002 -2.054217
 34   15.835795 0.581398 0.242756 -0.120355 -0.380038 0.736156
 35   -0.815868 -0.091229 -3.114430 -0.173640 2.983665 -0.294107
 36   14.294526 -0.410349 -0.467541 -0.000483 -0.000240 -2.045280
 37   15.834409 0.579420 -0.284600 0.279690 0.300889 1.461675
 38   1.167030 -3.477187 -2.819907 -0.007936 -0.007411 -0.274863
 39   -4.457742 -1.054854 -0.746180 0.000000 0.000000 0.000000
 40   1.090756 -3.426331 3.233384 -0.007936 -0.007410 -0.274864
 41   -4.433840 -1.059130 0.959566 -0.000001 0.000000 0.000000
 42   -0.919195 0.572268 -2.700333 -0.061817 0.027554 0.421026
 43   -0.929701 0.929023 2.826407 -0.068642 0.012288 0.421528
time 32
  0   0.239522 19.258400 -20.719011 0.000000 0.000000 -1.571354
  1   -1.093036 0.000002 -0.326057 -1.570966 -1.570425 0.000071
  2   2.262337 0.113614 0.064702 -0.067217 0.018038 0.261798
  3   2.380047 0.353302 0.047440 0.000000 -0.000076 0.357627
  4   2.033756 0.190472 -0.000128 -0.071272 0.032466 0.426058
  5   2.451511 0.204909 -0.003447 0.000000 -0.000005 0.348858
  6   7.247600 -0.397300 -0.109469 0.000001 -0.000027 0.052298
  7   -2.022252 -0.104661 3.136172 -0.299166 -1.362006 -2.901561
  8   1.168026 -0.537438 -0.063437 -0.740970 0.672265 -1.109461
  9   6.790376 -0.619176 0.015206 -0.000324 -0.000285 -0.965457
 10   8.637599 0.544015 -0.090417 -1.570024 0.000221 -0.069354
 11   6.790465 -0.619039 0.017802 0.000125 -0.011538 -0.691031
 12   -2.022474 -0.104699 -2.873818 0.298873 1.361771 -2.901792
 13   1.167898 -0.537463 0.063297 0.474079 -0.047748 -1.578898
 14   7.002743 -0.617765 -0.183752 0.000286 0.000364 -0.872001
 15   8.209042 0.615527 -0.255885 1.570090 -0.000139 -0.069646
 16   7.002735 -0.617911 -0.183641 0.014344 0.004943 -0.629078
 17   1.574674 0.609930 -0.000899 0.077221 -0.145685 0.056653
 18   -0.602177 0.511412 -0.000006 0.000000 0.000000 0.000000
 19   3.665960 0.309837 1.146658 -0.000002 -0.000014 -0.174510
 20   3.665954 0.309810 -1.090221 0.000007 -0.000003 -0.174546
 21   2.887637 1.322821 1.549531 0.000002 -0.000011 -0.000026
 22   -0.226528 -0.758005 0.473551 0.000194 -0.057471 0.890061
 23   2.903280 1.315034 -1.584207 0.000019 0.000002 -0.000024
 24   -0.074270 -0.562670 -0.551668 0.000187 -0.057496 0.890104
 25   3.953053 2.094997 1.523858 0.102271 -0.029428 -0.168407
 26   3.902288 2.141901 -1.516125 -0.141155 -0.028485 -0.183628
 27   3.293379 1.455197 1.514501 -0.000019 -0.000022 -0.000050
 28   3.295809 1.454803 -1.501142 -0.000002 -0.000009 -0.000024
 29   8.824059 0.150544 0.091743 -0.006500 0.193091 -1.078022
 30   2.111085 -0.561179 1.784320 -0.000008 -0.000682 0.000024
 31   2.121290 -0.561289 -1.853599 0.000000 0.000000 -0.000002
 32   -0.814395 -0.093824 3.127092 0.217901 -3.153645 -0.132515
 33   14.298673 -0.408176 0.471578 -0.000028 -0.000015 -1.959892
 34   15.835795 0.581398 0.242756 -0.127762 -0.352975 0.656198
 35   -0.815868 -0.091229 -3.114430 -0.259366 2.975983 -0.332068
 36   14.294526 -0.410349 -0.467541 -0.000483 -0.000228 -2.039796
 37   15.834409 0.579420 -0.284600 0.340235 0.358452 1.440380
 38   1.147498 -3.406873 -2.808187 0.009219 0.010773 -0.369193
 39   -4.457742 -1.054854 -0.746180 0.000000 0.000000 0.000000
 40   1.110288 -3.496645 3.221664 0.009219 0.010774 -0.369194
 41   -4.433840 -1.059130 0.959566 -0.000001 0.000000 0.000000
 42   -0.860599 0.646489 -2.704239 -0.069918 0.036263 0.397647
 43   -0.843761 1.018870 2.763905 -0.095242 -0.020413 0.399487
time 33
  0   0.239522 19.258400 -23.211275 -0.096018 0.256488 -1.832981
  1   -1.093036 0.000002 -0.326057 -1.571123 -1.570425 -0.000219
  2   2.262337 0.113614 0.064702 -0.063536 0.018984 0.276869
  3   2.380047 0.353302 0.047440 0.003210 -0.000280 0.334855
  4   2.033756 0.190472 -0.000128 -0.199946 0.034468 0.386078
  5   2.451511 0.204909 -0.003447 0.133443 -0.011977 0.379047
  6   7.247600 -0.397300 -0.109469 0.000001 -0.000027 0.052298
  7   -2.022252 -0.104661 3.136172 -0.299166 -1.362006 -2.901561
  8   1.168026 -0.537438 -0.063437 -0.759511 0.753473 -1.143685
  9   6.790376 -0.619176 0.015206 -0.000324 -0.000285 -1.010209
 10   8.637599 0.544015 -0.090417 -1.570024 0.000221 -0.069354
 11   6.790465 -0.619039 0.017802 0.000330 -0.011538 -0.722407
 12   -2.022474 -0.104699 -2.873818 0.298873 1.361771 -2.901792
 13   1.167898 -0.537463 0.063297 0.492285 -0.120267 -1.516608
 14   7.002743 -0.617765 -0.183752 0.000286 0.000364 -0.920926
 15   8.209042 0.615527 -0.255885 1.570090 -0.000139 -0.069646
 16   7.002735 -0.617911 -0.183641 0.014344 0.005169 -0.663297
 17   1.574674 0.609930 -0.000899 -0.013446 -0.180807 0.400095
 18   -0.602177 0.511412 -0.000006 0.000000 0.000000 0.000000
 19   3.665960 0.309837 1.146658 -0.000002 -0.000014 -0.174510
 20   3.665954 0.309810 -1.090221 0.000007 -0.000003 -0.174546
 21   2.887637 1.322821 1.549531 0.000002 -0.000011 -0.000026
 22   -0.226528 -0.758005 0.473551 0.000194 -0.057471 0.890061
 23   2.903280 1.315034 -1.584207 0.000019 0.000002 -0.000024
 24   -0.074270 -0.562670 -0.551668 0.000187 -0.057496 0.890104
 25   3.953053 2.094997 1.523858 0.102271 -0.029428 -0.168407
 26   3.902288 2.141901 -1.516125 -0.141155 -0.028485 -0.183628
 27   3.293379 1.455197 1.514501 -0.000019 -0.000022 -0.000050
 28   3.295809 1.454803 -1.501142 -0.000002 -0.000009 -0.000024
 29   8.824059 0.150544 0.091743 -0.003826 0.189459 -1.078075
 30   2.111085 -0.561179 1.784320 -0.000008 -0.000682 0.000024
 31   2.121290 -0.561289 -1.853599 0.000000 0.000000 -0.000002
 32   -0.814395 -0.093824 3.127092 0.010045 -3.061576 -0.148396
 33   14.298673 -0.408176 0.471578 -0.000028 -0.000015 -1.864218
 34   15.835795 0.581398 0.242756 0.015659 -0.173656 0.531431
 35   -0.815868 -0.091229 -3.114430 -0.336467 2.889789 -0.405963
 36   14.294526 -0.410349 -0.467541 -0.000519 -0.000168 -1.922617
 37   15.834409 0.579420 -0.284600 0.328729 0.478367 1.274788
 38   1.127966 -3.301401 -2.792562 0.034563 0.037598 -0.442629
 39   -4.457742 -1.054854 -0.746180 0.000000 0.000000 0.000000
 40   1.129820 -3.602118 3.206039 0.034563 0.037599 -0.442630
 41   -4.433840 -1.059130 0.959566 -0.000001 0.000000 0.000000
 42   -0.778565 0.755867 -2.712052 -0.081867 0.049096 0.363144
 43   -0.718757 1.151686 2.674058 -0.134461 -0.068632 0.367033
time 34
  0   0.239522 19.258400 -26.168396 -0.272780 0.476525 -2.147048
  1   -1.093036 0.000002 -0.326057 -1.570704 -1.570425 0.000458
  2   2.262337 0.113614 0.064702 -0.057906 0.018852 0.275225
  3   2.380047 0.353302 0.047440 0.008971 -0.000412 0.280209
  4   2.033756 0.190472 -0.000128 -0.381790 0.029566 0.334498
  5   2.451511 0.204909 -0.003447 0.324587 -0.019614 0.319016
  6   7.247600 -0.397300 -0.109469 0.000001 -0.000027 0.052298
  7   -2.022252 -0.104661 3.136172 -0.299166 -1.362006 -2.901561
  8   1.168026 -0.537438 -0.063437 -0.654655 0.964944 -1.048668
  9   6.790376 -0.619176 0.015206 -0.000324 -0.000285 -1.054735
 10   8.637599 0.544015 -0.090417 -1.570024 0.000221 -0.069354
 11   6.790465 -0.619039 0.017802 0.000505 -0.011566 -0.753436
 12   -2.022474 -0.104699 -2.873818 0.298873 1.361771 -2.901792
 13   1.167898 -0.537463 0.063297 0.479984 -0.330092 -1.374533
 14   7.002743 -0.617765 -0.183752 0.000286 0.000364 -0.981815
 15   8.209042 0.615527 -0.255885 1.570090 -0.000139 -0.069646
 16   7.002735 -0.617911 -0.183641 0.014296 0.005451 -0.705906
 17   1.574674 0.609930 -0.000899 -0.109068 -0.167743 0.797648
 18   -0.602177 0.511412 -0.000006 0.000000 0.000000 0.000000
 19   3.665960 0.309837 1.146658 -0.000002 -0.000014 -0.174510
 20   3.665954 0.309810 -1.090221 0.000007 -0.000003 -0.174546
 21   2.887637 1.322821 1.549531 0.000002 -0.000011 -0.000026
 22   -0.226528 -0.758005 0.473551 0.000194 -0.057471 0.890061
 23   2.903280 1.315034 -1.584207 0.000019 0.000002 -0.000024
 24   -0.074270 -0.562670 -0.551668 0.000187 -0.057496 0.890104
 25   3.953053 2.094997 1.523858 0.102271 -0.029428 -0.168407
 26   3.902288 2.141901 -1.516125 -0.141155 -0.028485 -0.183628
 27   3.293379 1.455197 1.514501 -0.000019 -0.000022 -0.000050
 28   3.295809 1.454803 -1.501142 -0.000002 -0.000009 -0.000024
 29   8.824059 0.150544 0.091743 -0.001866 0.186089 -1.078129
 30   2.111085 -0.561179 1.784320 -0.000008 -0.000682 0.000024
 31   2.121290 -0.561289 -1.853599 0.000000 0.000000 -0.000002
 32   -0.814395 -0.093824 3.127092 -0.298478 -2.913062 -0.137410
 33   14.298673 -0.408176 0.471578 -0.000016 -0.000028 -1.764573
 34   15.835795 0.581398 0.242756 0.230871 0.087854 0.428805
 35   -0.815868 -0.091229 -3.114430 -0.429850 2.766214 -0.512506
 36   14.294526 -0.410349 -0.467541 -0.000543 -0.000048 -1.749667
 37   15.834409 0.579420 -0.284600 0.269819 0.634370 1.022545
 38   1.096715 -3.176397 -2.776937 0.065315 0.070170 -0.497797
 39   -4.457742 -1.054854 -0.746180 0.000000 0.000000 0.000000
 40   1.161071 -3.727121 3.190413 0.065315 0.070172 -0.497798
 41   -4.433840 -1.059130 0.959566 -0.000001 0.000000 0.000000
 42   -0.677000 0.888684 -2.723771 -0.096368 0.064674 0.321280
 43   -0.570315 1.311847 2.564680 -0.182064 -0.127177 0.327595
time 35
  0   0.239522 19.258400 -28.785664 -0.543166 0.626239 -2.539108
  1   -1.093036 0.000002 -0.326057 -1.590722 -1.570749 0.005974
  2   2.262337 0.113614 0.064702 -0.057065 0.018217 0.266840
  3   2.380047 0.353302 0.047440 0.010096 -0.000208 0.218319
  4   2.033756 0.190472 -0.000128 -0.541318 0.015964 0.285130
  5   2.451511 0.204909 -0.003447 0.484116 -0.007303 0.228498
  6   7.247600 -0.397300 -0.109469 0.000001 -0.000027 0.052298
  7   -2.022252 -0.104661 3.136172 -0.299166 -1.362006 -2.901561
  8   1.168026 -0.537438 -0.063437 -0.334583 1.171182 -0.714842
  9   6.790376 -0.619176 0.015206 -0.000324 -0.000285 -1.099336
 10   8.637599 0.544015 -0.090417 -1.570024 0.000221 -0.069354
 11   6.790465 -0.619039 0.017802 0.000651 -0.011623 -0.784753
 12   -2.022474 -0.104699 -2.873818 0.298873 1.361771 -2.901792
 13   1.167898 -0.537463 0.063297 0.434783 -0.583552 -1.203401
 14   7.002743 -0.617765 -0.183752 0.000286 0.000364 -1.051037
 15   8.209042 0.615527 -0.255885 1.570090 -0.000139 -0.069646
 16   7.002735 -0.617911 -0.183641 0.014202 0.005845 -0.754365
 17   1.574674 0.609930 -0.000899 -0.151112 -0.142064 1.102798
 18   -0.602177 0.511412 -0.000006 0.000000 0.000000 0.000000
 19   3.665960 0.309837 1.146658 -0.000002 -0.000014 -0.174510
 20   3.665954 0.309810 -1.090221 0.000007 -0.000003 -0.174546
 21   2.887637 1.322821 1.549531 0.000002 -0.000011 -0.000026
 22   -0.226528 -0.758005 0.473551 0.000194 -0.057471 0.890061
 23   2.903280 1.315034 -1.584207 0.000019 0.000002 -0.000024
 24   -0.074270 -0.562670 -0.551668 0.000187 -0.057496 0.890104
 25   3.953053 2.094997 1.523858 0.102271 -0.029428 -0.168407
 26   3.902288 2.141901 -1.516125 -0.141155 -0.028485 -0.183628
 27   3.293379 1.455197 1.514501 -0.000019 -0.000022 -0.000050
 28   3.295809 1.454803 -1.501142 -0.000002 -0.000009 -0.000024
 29   8.824059 0.150544 0.091743 -0.000350 0.183026 -1.078182
 30   2.111085 -0.561179 1.784320 -0.000008 -0.000682 0.000024
 31   2.121290 -0.561289 -1.853599 0.000000 0.000000 -0.000002
 32   -0.814395 -0.093824 3.127092 -0.624989 -2.783076 -0.061419
 33   14.298673 -0.408176 0.471578 -0.000016 -0.000028 -1.644602
 34   15.835795 0.581398 0.242756 0.463542 0.336894 0.380071
 35   -0.815868 -0.091229 -3.114430 -0.512936 2.653974 -0.613133
 36   14.294526 -0.410349 -0.467541 -0.000543 0.000060 -1.567140
 37   15.834409 0.579420 -0.284600 0.179346 0.764292 0.750986
 38   1.061558 -3.035768 -2.753498 0.098783 0.105611 -0.537386
 39   -4.457742 -1.054854 -0.746180 0.000000 0.000000 0.000000
 40   1.196228 -3.867751 3.166975 0.098783 0.105612 -0.537387
 41   -4.433840 -1.059130 0.959566 -0.000001 0.000000 0.000000
 42   -0.567622 1.037126 -2.731584 -0.112140 0.081631 0.275735
 43   -0.402341 1.483728 2.447489 -0.233889 -0.190900 0.284685
time 36
  0   0.239522 19.258400 -30.598219 -0.884471 0.667046 -2.995673
  1   -1.093036 0.000002 -0.326057 -1.501321 -1.570749 0.007861
  2   2.262337 0.113614 0.064702 -0.067217 0.018038 0.261798
  3   2.380047 0.353302 0.047440 0.000000 -0.000076 0.174406
  4   2.033756 0.190472 -0.000128 -0.604336 0.002553 0.249535
  5   2.451511 0.204909 -0.003447 0.524871 0.008155 0.167922
  6   7.247600 -0.397300 -0.109469 0.000001 -0.000027 0.052298
  7   -2.022252 -0.104661 3.136172 -0.299166 -1.362006 -2.901561
  8   1.168026 -0.537438 -0.063437 0.096864 1.260691 -0.229572
  9   6.790376 -0.619176 0.015206 -0.000324 -0.000285 -1.143786
 10   8.637599 0.544015 -0.090417 -1.570024 0.000221 -0.069354
 11   6.790465 -0.619039 0.017802 0.000855 -0.011623 -0.815840
 12   -2.022474 -0.104699 -2.873818 0.298873 1.361771 -2.901792
 13   1.167898 -0.537463 0.063297 0.364346 -0.781783 -1.065987
 14   7.002743 -0.617765 -0.183752 0.000286 0.000364 -1.125210
 15   8.209042 0.615527 -0.255885 1.570090 -0.000139 -0.069646
 16   7.002735 -0.617911 -0.183641 0.014155 0.006240 -0.806357
 17   1.574674 0.609930 -0.000899 -0.155499 -0.168382 1.227653
 18   -0.602177 0.511412 -0.000006 0.000000 0.000000 0.000000
 19   3.665960 0.309837 1.146658 -0.000002 -0.000014 -0.174510
 20   3.665954 0.309810 -1.090221 0.000007 -0.000003 -0.174546
 21   2.887637 1.322821 1.549531 0.000002 -0.000011 -0.000026
 22   -0.226528 -0.758005 0.473551 0.000194 -0.057471 0.890061
 23   2.903280 1.315034 -1.584207 0.000019 0.000002 -0.000024
 24   -0.074270 -0.562670 -0.551668 0.000187 -0.057496 0.890104
 25   3.953053 2.094997 1.523858 0.102271 -0.029428 -0.168407
 26   3.902288 2.141901 -1.516125 -0.141155 -0.028485 -0.183628
 27   3.293379 1.455197 1.514501 -0.000019 -0.000022 -0.000050
 28   3.295809 1.454803 -1.501142 -0.000002 -0.000009 -0.000024
 29   8.824059 0.150544 0.091743 0.000452 0.180320 -1.078182
 30   2.111085 -0.561179 1.784320 -0.000008 -0.000682 0.000024
 31   2.121290 -0.561289 -1.853599 0.000000 0.000000 -0.000002
 32   -0.814395 -0.093824 3.127092 -0.863791 -2.738951 0.046733
 33   14.298673 -0.408176 0.471578 -0.000016 -0.000041 -1.487950
 34   15.835795 0.581398 0.242756 0.647862 0.480143 0.349640
 35   -0.815868 -0.091229 -3.114430 -0.533971 2.589891 -0.645725
 36   14.294526 -0.410349 -0.467541 -0.000543 0.000144 -1.420685
 37   15.834409 0.579420 -0.284600 0.110152 0.814510 0.563033
 38   1.026400 -2.895138 -2.733966 0.132251 0.141064 -0.563901
 39   -4.457742 -1.054854 -0.746180 0.000000 0.000000 0.000000
 40   1.231386 -4.008380 3.147443 0.132251 0.141065 -0.563902
 41   -4.433840 -1.059130 0.959566 -0.000001 0.000000 0.000000
 42   -0.458243 1.181661 -2.743303 -0.127924 0.098573 0.230190
 43   -0.238274 1.659514 2.326392 -0.285702 -0.254623 0.241775
time 37
  0   0.239522 19.258400 -31.774036 -0.884471 0.667046 -2.995673
  1   -1.093036 0.000002 -0.326057 -1.586372 -1.570749 0.010619
  2   2.262337 0.113614 0.064702 -0.098424 0.018062 0.261780
  3   2.380047 0.353302 0.047440 -0.031052 -0.000412 0.161367
  4   2.033756 0.190472 -0.000128 -0.465095 0.002685 0.234094
  5   2.451511 0.204909 -0.003447 0.323834 0.007580 0.152964
  6   7.247600 -0.397300 -0.109469 0.000001 -0.000027 0.052298
  7   -2.022252 -0.104661 3.136172 -0.299166 -1.362006 -2.901561
  8   1.168026 -0.537438 -0.063437 0.185520 1.292993 -0.022773
  9   6.790376 -0.619176 0.015206 -0.000324 -0.000285 -1.188161
 10   8.637599 0.544015 -0.090417 -1.570024 0.000221 -0.069354
 11   6.790465 -0.619039 0.017802 0.001060 -0.011680 -0.846984
 12   -2.022474 -0.104699 -2.873818 0.298873 1.361771 -2.901792
 13   1.167898 -0.537463 0.063297 0.308531 -0.896714 -1.047403
 14   7.002743 -0.617765 -0.183752 0.000286 0.000364 -1.200289
 15   8.209042 0.615527 -0.255885 1.570090 -0.000139 -0.069646
 16   7.002735 -0.617911 -0.183641 0.014061 0.006635 -0.858845
 17   1.574674 0.609930 -0.000899 -0.124992 -0.286219 1.154248
 18   -0.602177 0.511412 -0.000006 0.000000 0.000000 0.000000
 19   3.665960 0.309837 1.146658 -0.000002 -0.000014 -0.174510
 20   3.665954 0.309810 -1.090221 0.000007 -0.000003 -0.174546
 21   2.887637 1.322821 1.549531 0.000002 -0.000011 -0.000026
 22   -0.226528 -0.758005 0.473551 0.000194 -0.057471 0.890061
 23   2.903280 1.315034 -1.584207 0.000019 0.000002 -0.000024
 24   -0.074270 -0.562670 -0.551668 0.000187 -0.057496 0.890104
 25   3.953053 2.094997 1.523858 0.102271 -0.029428 -0.168407
 26   3.902288 2.141901 -1.516125 -0.141155 -0.028485 -0.183628
 27   3.293379 1.455197 1.514501 -0.000019 -0.000022 -0.000050
 28   3.295809 1.454803 -1.501142 -0.000002 -0.000009 -0.000024
 29   8.824059 0.150544 0.091743 0.001075 0.178113 -1.078236
 30   2.111085 -0.561179 1.784320 -0.000008 -0.000682 0.000024
 31   2.121290 -0.561289 -1.853599 0.000000 0.000000 -0.000002
 32   -0.814395 -0.093824 3.127092 -0.945069 -2.787087 0.143785
 33   14.298673 -0.408176 0.471578 -0.000016 -0.000054 -1.279689
 34   15.835795 0.581398 0.242756 0.714409 0.498056 0.269109
 35   -0.815868 -0.091229 -3.114430 -0.447541 2.588486 -0.564545
 36   14.294526 -0.410349 -0.467541 -0.000531 0.000216 -1.326215
 37   15.834409 0.579420 -0.284600 0.101365 0.761016 0.524094
 38   0.995149 -2.766228 -2.714435 0.163004 0.173637 -0.579969
 39   -4.457742 -1.054854 -0.746180 0.000000 0.000000 0.000000
 40   1.262637 -4.137290 3.127912 0.163004 0.173626 -0.579970
 41   -4.433840 -1.059130 0.959566 -0.000001 0.000000 0.000000
 42   -0.356678 1.314478 -2.751116 -0.142425 0.114151 0.188326
 43   -0.085925 1.815769 2.217013 -0.333317 -0.313167 0.202337
time 38
  0   0.239522 19.258400 -32.754536 -0.884471 0.667046 -2.995673
  1   -1.093036 0.000002 -0.326057 -1.503207 -1.570749 0.020249
  2   2.262337 0.113614 0.064702 -0.145769 0.018085 0.261780
  3   2.380047 0.353302 0.047440 -0.078545 -0.000999 0.165305
  4   2.033756 0.190472 -0.000128 -0.200112 0.012884 0.234565
  5   2.451511 0.204909 -0.003447 -0.034371 -0.000083 0.155812
  6   7.247600 -0.397300 -0.109469 0.000001 -0.000027 0.052298
  7   -2.022252 -0.104661 3.136172 -0.299166 -1.362006 -2.901561
  8   1.168026 -0.537438 -0.063437 0.004537 1.327257 -0.035679
  9   6.790376 -0.619176 0.015206 -0.000324 -0.000285 -1.233064
 10   8.637599 0.544015 -0.090417 -1.570024 0.000221 -0.069354
 11   6.790465 -0.619039 0.017802 0.001235 -0.011680 -0.878359
 12   -2.022474 -0.104699 -2.873818 0.298873 1.361771 -2.901888
 13   1.167898 -0.537463 0.063297 0.260448 -0.985557 -1.107635
 14   7.002743 -0.617765 -0.183752 0.000286 0.000364 -1.273142
 15   8.209042 0.615527 -0.255885 1.570090 -0.000139 -0.069646
 16   7.002735 -0.617911 -0.183641 0.013967 0.007086 -0.909843
 17   1.574674 0.609930 -0.000899 -0.019051 -0.449781 0.962272
 18   -0.602177 0.511412 -0.000006 0.000000 0.000000 0.000000
 19   3.665960 0.309837 1.146658 -0.000002 -0.000014 -0.174510
 20   3.665954 0.309810 -1.090221 0.000007 -0.000003 -0.174546
 21   2.887637 1.322821 1.549531 0.000002 -0.000011 -0.000026
 22   -0.226528 -0.758005 0.473551 0.000194 -0.057471 0.890061
 23   2.903280 1.315034 -1.584207 0.000019 0.000002 -0.000024
 24   -0.074270 -0.562670 -0.551668 0.000187 -0.057496 0.890104
 25   3.953053 2.094997 1.523858 0.102271 -0.029428 -0.168407
 26   3.902288 2.141901 -1.516125 -0.141155 -0.028485 -0.183628
 27   3.293379 1.455197 1.514501 -0.000019 -0.000022 -0.000050
 28   3.295809 1.454803 -1.501142 -0.000002 -0.000009 -0.000024
 29   8.824059 0.150544 0.091743 0.001343 0.176427 -1.078236
 30   2.111085 -0.561179 1.784320 -0.000008 -0.000682 0.000024
 31   2.121290 -0.561289 -1.853599 0.000000 0.000000 -0.000002
 32   -0.814395 -0.093824 3.127092 -0.922979 -2.883072 0.233950
 33   14.298673 -0.408176 0.471578 -0.000016 -0.000067 -1.032046
 34   15.835795 0.581398 0.242756 0.693430 0.451274 0.139844
 35   -0.815868 -0.091229 -3.114430 -0.292635 2.641045 -0.413304
 36   14.294526 -0.410349 -0.467541 -0.000531 0.000240 -1.258627
 37   15.834409 0.579420 -0.284600 0.111767 0.637160 0.565974
 38   0.967805 -2.660756 -2.698809 0.188347 0.200449 -0.588217
 39   -4.457742 -1.054854 -0.746180 0.000000 0.000000 0.000000
 40   1.289981 -4.242762 3.112286 0.188347 0.200451 -0.588218
 41   -4.433840 -1.059130 0.959566 -0.000001 0.000000 0.000000
 42   -0.270737 1.423856 -2.758929 -0.154362 0.126984 0.153823
 43   0.039078 1.948586 2.127167 -0.372523 -0.361387 0.169883
time 39
  0   0.239522 19.258400 -33.610031 -0.884471 0.667046 -2.995673
  1   -1.093036 0.000002 -0.326057 -1.555192 -1.570749 0.009700
  2   2.262337 0.113614 0.064702 -0.194045 0.018109 0.261780
  3   2.380047 0.353302 0.047440 -0.126909 -0.001203 0.170121
  4   2.033756 0.190472 -0.000128 -0.008641 0.020386 0.238987
  5   2.451511 0.204909 -0.003447 -0.321232 -0.005018 0.162003
  6   7.247600 -0.397300 -0.109469 0.000001 -0.000027 0.052298
  7   -2.022252 -0.104661 3.136172 -0.299166 -1.362006 -2.901561
  8   1.168026 -0.537438 -0.063437 -0.246876 1.369219 -0.119499
  9   6.790376 -0.619176 0.015206 -0.000324 -0.000285 -1.276835
 10   8.637599 0.544015 -0.090417 -1.570024 0.000221 -0.069354
 11   6.790465 -0.619039 0.017802 0.001410 -0.011708 -0.909043
 12   -2.022474 -0.104699 -2.873818 0.298873 1.361771 -2.901888
 13   1.167898 -0.537463 0.063297 0.177991 -1.068857 -1.139416
 14   7.002743 -0.617765 -0.183752 0.000286 0.000364 -1.339724
 15   8.209042 0.615527 -0.255885 1.570090 -0.000139 -0.069646
 16   7.002735 -0.617911 -0.183641 0.013920 0.007424 -0.956481
 17   1.574674 0.609930 -0.000899 0.148309 -0.582599 0.730601
 18   -0.602177 0.511412 -0.000006 0.000000 0.000000 0.000000
 19   3.665960 0.309837 1.146658 -0.000002 -0.000014 -0.174510
 20   3.665954 0.309810 -1.090221 0.000007 -0.000003 -0.174546
 21   2.887637 1.322821 1.549531 0.000002 -0.000011 -0.000026
 22   -0.226528 -0.758005 0.473551 0.000194 -0.057471 0.890061
 23   2.903280 1.315034 -1.584207 0.000019 0.000002 -0.000024
 24   -0.074270 -0.562670 -0.551668 0.000187 -0.057496 0.890104
 25   3.953053 2.094997 1.523858 0.102271 -0.029428 -0.168407
 26   3.902288 2.141901 -1.516125 -0.141155 -0.028485 -0.183628
 27   3.293379 1.455197 1.514501 -0.000019 -0.000022 -0.000050
 28   3.295809 1.454803 -1.501142 -0.000002 -0.000009 -0.000024
 29   8.824059 0.150544 0.091743 0.001432 0.175359 -1.078236
 30   2.111085 -0.561179 1.784320 -0.000008 -0.000682 0.000024
 31   2.121290 -0.561289 -1.853599 0.000000 0.000000 -0.000002
 32   -0.814395 -0.093824 3.127092 -0.854004 -2.991187 0.327245
 33   14.298673 -0.408176 0.471578 -0.000016 -0.000080 -0.768921
 34   15.835795 0.581398 0.242756 0.630426 0.385506 -0.008473
 35   -0.815868 -0.091229 -3.114430 -0.131305 2.735858 -0.254722
 36   14.294526 -0.410349 -0.467541 -0.000519 0.000276 -1.201003
 37   15.834409 0.579420 -0.284600 0.109955 0.484253 0.627374
 38   0.952179 -2.590441 -2.690996 0.205523 0.218658 -0.591271
 39   -4.457742 -1.054854 -0.746180 0.000000 0.000000 0.000000
 40   1.305607 -4.313076 3.104473 0.205523 0.218659 -0.591273
 41   -4.433840 -1.059130 0.959566 -0.000001 0.000000 0.000000
 42   -0.216048 1.498077 -2.766741 -0.162463 0.135693 0.130444
 43   0.125019 2.034526 2.068571 -0.399136 -0.394104 0.147842
time 40
  0   0.239522 19.258400 -34.485058 -0.884471 0.667046 -2.995673
  1   -1.093036 0.000002 -0.326057 -1.500430 -1.570749 0.023442
  2   2.262337 0.113614 0.064702 -0.241848 0.018145 0.261780
  3   2.380047 0.353302 0.047440 -0.174717 -0.001262 0.174549
  4   2.033756 0.190472 -0.000128 -0.252212 0.013039 0.244243
  5   2.451511 0.204909 -0.003447 -0.174986 -0.002708 0.165842
  6   7.247600 -0.397300 -0.109469 0.000001 -0.000027 0.052298
  7   -2.022252 -0.104661 3.136172 -0.299166 -1.362006 -2.901561
  8   1.168026 -0.537438 -0.063437 -0.879933 1.450527 -0.596735
  9   6.790376 -0.619176 0.015206 -0.000324 -0.000285 -1.320908
 10   8.637599 0.544015 -0.090417 -1.570024 0.000221 -0.069354
 11   6.790465 -0.619039 0.017802 0.001556 -0.011708 -0.939783
 12   -2.022474 -0.104699 -2.873818 0.298873 1.361771 -2.901792
 13   1.167898 -0.537463 0.063297 -0.029102 -1.100539 -1.061205
 14   7.002743 -0.617765 -0.183752 0.000286 0.000364 -1.396900
 15   8.209042 0.615527 -0.255885 1.570090 -0.000139 -0.069646
 16   7.002735 -0.617911 -0.183641 0.013826 0.007762 -0.996441
 17   1.574674 0.609930 -0.000899 0.314938 -0.721358 0.503549
 18   -0.602177 0.511412 -0.000006 0.000000 0.000000 0.000000
 19   3.665960 0.309837 1.146658 -0.000002 -0.000014 -0.174510
 20   3.665954 0.309810 -1.090221 0.000007 -0.000003 -0.174546
 21   2.887637 1.322821 1.549531 0.000002 -0.000011 -0.000026
 22   -0.226528 -0.758005 0.473551 0.000194 -0.057471 0.890061
 23   2.903280 1.315034 -1.584207 0.000019 0.000002 -0.000024
 24   -0.074270 -0.562670 -0.551668 0.000187 -0.057496 0.890104
 25   3.953053 2.094997 1.523858 0.102271 -0.029428 -0.168407
 26   3.902288 2.141901 -1.516125 -0.141155 -0.028485 -0.183628
 27   3.293379 1.455197 1.514501 -0.000019 -0.000022 -0.000050
 28   3.295809 1.454803 -1.501142 -0.000002 -0.000009 -0.000024
 29   8.824059 0.150544 0.091743 0.001521 0.174979 -1.078236
 30   2.111085 -0.561179 1.784320 -0.000008 -0.000682 0.000024
 31   2.121290 -0.561289 -1.853599 0.000000 0.000000 -0.000002
 32   -0.814395 -0.093824 3.127092 -0.795375 -3.085644 0.424126
 33   14.298673 -0.408176 0.471578 -0.000040 -0.000093 -0.513497
 34   15.835795 0.581398 0.242756 0.579705 0.336406 -0.147660
 35   -0.815868 -0.091229 -3.114430 -0.002100 2.837605 -0.128953
 36   14.294526 -0.410349 -0.467541 -0.000495 0.000299 -1.138281
 37   15.834409 0.579420 -0.284600 0.088814 0.346986 0.667125
 38   0.944367 -2.563097 -2.687090 0.211859 0.225358 -0.591699
 39   -4.457742 -1.054854 -0.746180 0.000000 0.000000 0.000000
 40   1.313419 -4.340421 3.100567 0.211859 0.225359 -0.591700
 41   -4.433840 -1.059130 0.959566 -0.000001 0.000000 0.000000
 42   -0.192610 1.525422 -2.766741 -0.165447 0.138897 0.121829
 43   0.156270 2.069683 2.045133 -0.408931 -0.406155 0.139729
end
