version 1
nodes
  0 "Bip01" -1
  1 "Bip01 Pelvis" 0
  2 "Bip01 Spine" 1
  3 "Bip01 Spine1" 2
  4 "Bip01 Spine2" 3
  5 "Bip01 Spine3" 4
  6 "Bip01 Neck" 5
  7 "Bip01 L Arm" 6
  8 "Bip01 L Arm1" 7
  9 "Bip01 L Arm2" 8
 10 "Bip01 L Hand" 9
 11 "Bip06 L elbow2-smooth" 8
 12 "Bip01 R Arm" 6
 13 "Bip01 R Arm1" 12
 14 "Bip01 R Arm2" 13
 15 "Bip01 R Hand" 14
 16 "Bip06 R elbow2-smooth" 13
 17 "Bip01 Head" 6
 18 "Bip06 Head_helper" 17
 19 "Bip06 Head_eyes_l" 18
 20 "Bip06 Head_eyes_r" 18
 21 "Bip06 Head_blink_l" 18
 22 "Bip06 Head_blink_smooth_l1" 21
 23 "Bip06 Head_blink_r" 18
 24 "Bip06 Head_blink_smooth_r1" 23
 25 "Bip06 Head_L_eyebrow" 18
 26 "Bip06 Head_R_eyebrow" 18
 27 "Bip06 Head_blink_l_lid" 18
 28 "Bip06 Head_blink_r_lid" 18
 29 "Bip06 bunny" 18
 30 "Bip06 bunnyL" 29
 31 "Bip06 bunnyR" 29
 32 "Bip01 L Leg" 1
 33 "Bip01 L Leg1" 32
 34 "Bip01 L Foot" 33
 35 "Bip01 R Leg" 1
 36 "Bip01 R Leg1" 35
 37 "Bip01 R Foot" 36
 38 "Bip03 HairR1" 17
 39 "Bip03 HairR2" 38
 40 "Bip03 HairL1" 17
 41 "Bip03 HairL2" 40
 42 "Bip03 swingR" 17
 43 "Bip03 swingL" 17
end
skeleton
time 0
  0   -0.010486 0.000000 2.055121 0.000000 0.000000 -1.571069
  1   -1.093036 0.000002 -0.326057 -0.221665 -1.569082 -1.348744
  2   2.262337 0.113614 0.064702 -0.000103 -0.001569 -0.016710
  3   2.380047 0.353302 0.047440 -0.011686 -0.000316 -0.028262
  4   2.033756 0.190472 -0.000128 -0.000010 0.000024 -0.139576
  5   2.451511 0.204909 -0.003447 -0.016552 -0.000566 -0.089812
  6   7.247600 -0.397300 -0.109469 0.000001 -0.000003 0.156829
  7   -2.022252 -0.104661 3.136172 0.361199 -1.237127 -3.975964
  8   1.168026 -0.537438 -0.063437 -0.558785 0.444593 0.101660
  9   6.790376 -0.619176 0.015206 0.130552 -0.271450 -2.195048
 10   8.637599 0.544015 -0.090417 -1.453250 0.034079 -0.376528
 11   6.790465 -0.619039 0.017802 -0.122849 -0.526915 -0.578565
 12   -2.022474 -0.104699 -2.873818 -0.514912 1.396280 -3.660349
 13   1.167898 -0.537463 0.063297 -0.293627 -1.189280 0.277340
 14   7.002743 -0.617765 -0.183752 0.000059 0.000137 -0.232914
 15   8.209042 0.615527 -0.255885 1.747115 -0.188455 0.226470
 16   7.002735 -0.617911 -0.183641 0.014626 0.001616 -0.181630
 17   1.574674 0.609930 -0.000899 0.030263 0.007013 0.315196
 18   -0.602177 0.511412 -0.000006 0.000000 0.000000 0.000000
 19   3.646428 0.364526 1.119313 -0.000002 -0.000014 -0.174510
 20   3.646422 0.364499 -1.117566 0.000007 -0.000003 -0.174546
 21   3.805634 1.330634 1.627658 0.000002 -0.000011 -0.000026
 22   -0.246060 -0.011889 0.516521 -0.000011 0.000031 0.000025
 23   3.805651 1.330659 -1.631083 0.000019 0.000002 -0.000024
 24   -0.246150 -0.011872 -0.516511 -0.000005 -0.000006 0.000048
 25   4.941364 1.997338 1.629330 0.000018 -0.000001 -0.000024
 26   4.941382 1.997366 -1.629410 -0.000001 0.000005 -0.000024
 27   2.930087 1.603639 1.514501 -0.000019 -0.000022 -0.000050
 28   2.932517 1.603245 -1.501142 -0.000002 -0.000009 -0.000024
 29   8.824059 0.150544 0.091743 -0.003113 -0.000089 0.017794
 30   2.150149 -0.565085 1.710099 0.023221 0.160287 0.002533
 31   2.195511 -0.569102 -1.697344 -0.022646 -0.157766 0.001126
 32   -0.814395 -0.093824 3.127092 -0.083351 -3.103217 -0.358837
 33   14.298673 -0.408176 0.471578 -0.000399 0.000075 -0.469987
 34   15.835795 0.581398 0.242756 -0.056408 0.019890 0.053050
 35   -0.815868 -0.091229 -3.114430 0.147701 3.163736 -0.058618
 36   14.294526 -0.410349 -0.467541 0.000033 0.000036 -0.282107
 37   15.834409 0.579420 -0.284600 0.199935 0.023435 0.198943
 38   1.139685 -3.453749 -2.823813 0.000000 0.000000 0.000001
 39   -4.457742 -1.054854 -0.746180 0.000000 0.000000 0.000000
 40   1.118101 -3.449769 3.237290 0.000000 0.000001 0.000000
 41   -4.433840 -1.059130 0.959566 -0.000001 0.000000 0.000000
 42   -0.657468 1.697302 -2.688614 0.000000 0.000002 0.000000
 43   -0.664068 1.698578 2.869377 0.000000 0.000002 0.000000
time 1
  0   -0.010486 0.000000 2.055121 0.000000 0.000000 -1.571069
  1   -1.093036 0.000002 -0.326057 -0.221665 -1.569082 -1.348744
  2   2.262337 0.113614 0.064702 -0.000103 -0.001569 -0.016710
  3   2.380047 0.353302 0.047440 -0.011686 -0.000316 -0.028262
  4   2.033756 0.190472 -0.000128 -0.000010 0.000024 -0.139576
  5   2.451511 0.204909 -0.003447 -0.016552 -0.000553 -0.088227
  6   7.247600 -0.397300 -0.109469 0.000001 -0.000003 0.156829
  7   -2.022252 -0.104661 3.136172 0.357748 -1.236233 -3.972677
  8   1.168026 -0.537438 -0.063437 -0.558532 0.443688 0.101217
  9   6.790376 -0.619176 0.015206 0.131495 -0.267579 -2.199727
 10   8.637599 0.544015 -0.090417 -1.451489 0.039710 -0.383256
 11   6.790465 -0.619039 0.017802 -0.122849 -0.526915 -0.578565
 12   -2.022474 -0.104699 -2.873818 -0.514912 1.396280 -3.660349
 13   1.167898 -0.537463 0.063297 -0.294189 -1.189229 0.277945
 14   7.002743 -0.617765 -0.183752 0.000229 -0.000147 -0.233409
 15   8.209042 0.615527 -0.255885 1.747115 -0.188455 0.226470
 16   7.002735 -0.617911 -0.183641 0.014767 0.001334 -0.182182
 17   1.574674 0.609930 -0.000899 0.030141 0.007037 0.313569
 18   -0.602177 0.511412 -0.000006 0.000000 0.000000 0.000000
 19   3.646428 0.364526 1.119313 -0.000002 -0.000014 -0.174510
 20   3.646422 0.364499 -1.117566 0.000007 -0.000003 -0.174546
 21   3.805634 1.330634 1.627658 0.000002 -0.000011 -0.000026
 22   -0.246060 -0.011889 0.516521 -0.000011 0.000031 0.000025
 23   3.805651 1.330659 -1.631083 0.000019 0.000002 -0.000024
 24   -0.246150 -0.011872 -0.516511 -0.000005 -0.000006 0.000048
 25   4.941364 1.997338 1.629330 0.000018 -0.000001 -0.000024
 26   4.941382 1.997366 -1.629410 -0.000001 0.000005 -0.000024
 27   2.930087 1.603639 1.514501 -0.000019 -0.000022 -0.000050
 28   2.932517 1.603245 -1.501142 -0.000002 -0.000009 -0.000024
 29   8.824059 0.150544 0.091743 -0.003113 -0.000089 0.016614
 30   2.150149 -0.565085 1.710099 0.023126 0.158369 0.002533
 31   2.195511 -0.569102 -1.697344 -0.022554 -0.155616 0.001126
 32   -0.814395 -0.093824 3.127092 -0.083351 -3.103217 -0.358837
 33   14.298673 -0.408176 0.471578 -0.000399 0.000075 -0.469987
 34   15.835795 0.581398 0.242756 -0.056408 0.019890 0.053050
 35   -0.815868 -0.091229 -3.114430 0.147701 3.163736 -0.058618
 36   14.294526 -0.410349 -0.467541 0.000033 0.000036 -0.282107
 37   15.834409 0.579420 -0.284600 0.199935 0.023435 0.198943
 38   1.139685 -3.453749 -2.823813 0.000000 0.000000 0.000001
 39   -4.457742 -1.054854 -0.746180 0.000431 0.002181 0.000000
 40   1.118101 -3.449769 3.237290 0.000000 0.000001 0.000000
 41   -4.433840 -1.059130 0.959566 0.000011 0.000072 0.000000
 42   -0.657468 1.697302 -2.688614 0.000000 0.000002 0.000000
 43   -0.664068 1.698578 2.869377 0.000000 0.000002 0.000000
time 2
  0   -0.010486 0.000000 2.055121 0.000000 0.000000 -1.571069
  1   -1.093036 0.000002 -0.326057 -0.221665 -1.569082 -1.348744
  2   2.262337 0.113614 0.064702 -0.000103 -0.001569 -0.016710
  3   2.380047 0.353302 0.047440 -0.011686 -0.000316 -0.028262
  4   2.033756 0.190472 -0.000128 -0.000010 0.000024 -0.139576
  5   2.451511 0.204909 -0.003447 -0.016552 -0.000527 -0.085131
  6   7.247600 -0.397300 -0.109469 0.000001 -0.000003 0.156829
  7   -2.022252 -0.104661 3.136172 0.348450 -1.233840 -3.964037
  8   1.168026 -0.537438 -0.063437 -0.557899 0.441172 0.100015
  9   6.790376 -0.619176 0.015206 0.134103 -0.257034 -2.212481
 10   8.637599 0.544015 -0.090417 -1.447086 0.054774 -0.401487
 11   6.790465 -0.619039 0.017802 -0.122849 -0.526915 -0.578565
 12   -2.022474 -0.104699 -2.873818 -0.514912 1.396280 -3.660349
 13   1.167898 -0.537463 0.063297 -0.295877 -1.189026 0.279701
 14   7.002743 -0.617765 -0.183752 0.000628 -0.000942 -0.235141
 15   8.209042 0.615527 -0.255885 1.747115 -0.188455 0.226470
 16   7.002735 -0.617911 -0.183641 0.015144 0.000488 -0.183837
 17   1.574674 0.609930 -0.000899 0.029938 0.007037 0.310428
 18   -0.602177 0.511412 -0.000006 0.000000 0.000000 0.000000
 19   3.646428 0.364526 1.119313 -0.000002 -0.000014 -0.174510
 20   3.646422 0.364499 -1.117566 0.000007 -0.000003 -0.174546
 21   3.805634 1.330634 1.627658 0.000002 -0.000011 -0.000026
 22   -0.246060 -0.011889 0.516521 -0.000011 0.000031 0.000025
 23   3.805651 1.330659 -1.631083 0.000019 0.000002 -0.000024
 24   -0.246150 -0.011872 -0.516511 -0.000005 -0.000006 0.000048
 25   4.941364 1.997338 1.629330 0.000018 -0.000001 -0.000024
 26   4.941382 1.997366 -1.629410 -0.000001 0.000005 -0.000024
 27   2.930087 1.603639 1.514501 -0.000019 -0.000022 -0.000050
 28   2.932517 1.603245 -1.501142 -0.000002 -0.000009 -0.000024
 29   8.824059 0.150544 0.091743 -0.003024 -0.000089 0.013181
 30   2.146242 -0.565085 1.714005 0.022841 0.152848 0.002490
 31   2.191605 -0.569102 -1.701251 -0.022309 -0.149374 0.001090
 32   -0.814395 -0.093824 3.127092 -0.083351 -3.103217 -0.358837
 33   14.298673 -0.408176 0.471578 -0.000399 0.000075 -0.469987
 34   15.835795 0.581398 0.242756 -0.056408 0.019890 0.053050
 35   -0.815868 -0.091229 -3.114430 0.147701 3.163736 -0.058618
 36   14.294526 -0.410349 -0.467541 0.000033 0.000036 -0.282107
 37   15.834409 0.579420 -0.284600 0.199935 0.023435 0.198943
 38   1.139685 -3.453749 -2.823813 0.000000 0.000000 0.000001
 39   -4.457742 -1.054854 -0.746180 0.001618 0.008102 0.000056
 40   1.118101 -3.449769 3.237290 0.000000 0.000001 0.000000
 41   -4.433840 -1.059130 0.959566 0.000047 0.000276 0.000000
 42   -0.657468 1.697302 -2.688614 0.000000 0.000002 0.000000
 43   -0.664068 1.698578 2.869377 0.000000 0.000002 0.000000
time 3
  0   -0.010486 0.000000 2.055121 0.000000 0.000000 -1.571069
  1   -1.093036 0.000002 -0.326057 -0.221665 -1.569082 -1.348744
  2   2.262337 0.113614 0.064702 -0.000103 -0.001569 -0.016710
  3   2.380047 0.353302 0.047440 -0.011686 -0.000316 -0.028262
  4   2.033756 0.190472 -0.000128 -0.000010 0.000024 -0.139576
  5   2.451511 0.204909 -0.003447 -0.016552 -0.000501 -0.082630
  6   7.247600 -0.397300 -0.109469 0.000001 -0.000003 0.156829
  7   -2.022252 -0.104661 3.136172 0.334934 -1.230266 -3.951452
  8   1.168026 -0.537438 -0.063437 -0.556823 0.437298 0.098244
  9   6.790376 -0.619176 0.015206 0.137931 -0.241417 -2.231272
 10   8.637599 0.544015 -0.090417 -1.441626 0.076665 -0.428688
 11   6.790465 -0.619039 0.017802 -0.122849 -0.526915 -0.578565
 12   -2.022474 -0.104699 -2.873818 -0.514912 1.396280 -3.660349
 13   1.167898 -0.537463 0.063297 -0.298618 -1.188721 0.282546
 14   7.002743 -0.617765 -0.183752 0.001311 -0.002191 -0.237782
 15   8.209042 0.615527 -0.255885 1.747115 -0.188455 0.226470
 16   7.002735 -0.617911 -0.183641 0.015709 -0.000809 -0.186487
 17   1.574674 0.609930 -0.000899 0.029816 0.007037 0.307951
 18   -0.602177 0.511412 -0.000006 0.000000 0.000000 0.000000
 19   3.646428 0.364526 1.119313 -0.000002 -0.000014 -0.174510
 20   3.646422 0.364499 -1.117566 0.000007 -0.000003 -0.174546
 21   3.805634 1.330634 1.627658 0.000002 -0.000011 -0.000026
 22   -0.246060 -0.011889 0.516521 -0.000011 0.000031 0.000025
 23   3.805651 1.330659 -1.631083 0.000019 0.000002 -0.000024
 24   -0.246150 -0.011872 -0.516511 -0.000005 -0.000006 0.000048
 25   4.941364 1.997338 1.629330 0.000018 -0.000001 -0.000024
 26   4.941382 1.997366 -1.629410 -0.000001 0.000005 -0.000024
 27   2.930087 1.603639 1.514501 -0.000019 -0.000022 -0.000050
 28   2.932517 1.603245 -1.501142 -0.000002 -0.000009 -0.000024
 29   8.824059 0.150544 0.091743 -0.002935 -0.000089 0.007655
 30   2.142336 -0.565085 1.717912 0.022407 0.144042 0.002426
 31   2.187698 -0.569102 -1.709063 -0.021926 -0.139427 0.001035
 32   -0.814395 -0.093824 3.127092 -0.083351 -3.103217 -0.358837
 33   14.298673 -0.408176 0.471578 -0.000399 0.000075 -0.469987
 34   15.835795 0.581398 0.242756 -0.056408 0.019890 0.053050
 35   -0.815868 -0.091229 -3.114430 0.147701 3.163736 -0.058618
 36   14.294526 -0.410349 -0.467541 0.000033 0.000036 -0.282107
 37   15.834409 0.579420 -0.284600 0.199935 0.023435 0.198943
 38   1.139685 -3.453749 -2.823813 0.000000 0.000000 0.000001
 39   -4.457742 -1.054854 -0.746180 0.003380 0.016838 0.000140
 40   1.118101 -3.449769 3.237290 0.000000 0.000001 0.000000
 41   -4.433840 -1.059130 0.959566 0.000119 0.000587 0.000000
 42   -0.657468 1.697302 -2.688614 0.000000 0.000002 0.000000
 43   -0.664068 1.698578 2.869377 0.000000 0.000002 0.000000
time 4
  0   -0.010486 0.000000 2.055121 0.000000 0.000000 -1.571069
  1   -1.093036 0.000002 -0.326057 -0.221665 -1.569082 -1.348744
  2   2.262337 0.113614 0.064702 -0.000103 -0.001569 -0.016710
  3   2.380047 0.353302 0.047440 -0.011686 -0.000316 -0.028262
  4   2.033756 0.190472 -0.000128 -0.000010 0.000024 -0.139576
  5   2.451511 0.204909 -0.003447 -0.016552 -0.000488 -0.080872
  6   7.247600 -0.397300 -0.109469 0.000001 -0.000003 0.156829
  7   -2.022252 -0.104661 3.136172 0.318926 -1.225884 -3.936519
  8   1.168026 -0.537438 -0.063437 -0.555495 0.432316 0.095903
  9   6.790376 -0.619176 0.015206 0.142591 -0.222530 -2.254139
 10   8.637599 0.544015 -0.090417 -1.436606 0.102428 -0.462039
 11   6.790465 -0.619039 0.017802 -0.122849 -0.526915 -0.578565
 12   -2.022474 -0.104699 -2.873818 -0.514912 1.396280 -3.660349
 13   1.167898 -0.537463 0.063297 -0.302273 -1.188314 0.286360
 14   7.002743 -0.617765 -0.183752 0.002222 -0.003895 -0.241329
 15   8.209042 0.615527 -0.255885 1.747115 -0.188455 0.226470
 16   7.002735 -0.617911 -0.183641 0.016509 -0.002500 -0.190019
 17   1.574674 0.609930 -0.000899 0.029775 0.007037 0.306251
 18   -0.602177 0.511412 -0.000006 0.000000 0.000000 0.000000
 19   3.646428 0.364526 1.119313 -0.000002 -0.000014 -0.174510
 20   3.646422 0.364499 -1.117566 0.000007 -0.000003 -0.174546
 21   3.805634 1.330634 1.627658 0.000002 -0.000011 -0.000026
 22   -0.246060 -0.011889 0.516521 -0.000011 0.000031 0.000025
 23   3.805651 1.330659 -1.631083 0.000019 0.000002 -0.000024
 24   -0.246150 -0.011872 -0.516511 -0.000005 -0.000006 0.000048
 25   4.941364 1.997338 1.629330 0.000018 -0.000001 -0.000024
 26   4.941382 1.997366 -1.629410 -0.000001 0.000005 -0.000024
 27   2.930087 1.603639 1.514501 -0.000019 -0.000022 -0.000050
 28   2.932517 1.603245 -1.501142 -0.000002 -0.000009 -0.000024
 29   8.824059 0.150544 0.091743 -0.002846 -0.000089 0.000305
 30   2.138430 -0.565085 1.725724 0.021837 0.132272 0.002340
 31   2.183792 -0.569102 -1.716876 -0.021389 -0.126140 0.000962
 32   -0.814395 -0.093824 3.127092 -0.083351 -3.103217 -0.358837
 33   14.298673 -0.408176 0.471578 -0.000399 0.000075 -0.469987
 34   15.835795 0.581398 0.242756 -0.056408 0.019890 0.053050
 35   -0.815868 -0.091229 -3.114430 0.147701 3.163736 -0.058618
 36   14.294526 -0.410349 -0.467541 0.000033 0.000036 -0.282107
 37   15.834409 0.579420 -0.284600 0.199935 0.023435 0.198943
 38   1.139685 -3.453749 -2.823813 0.000000 0.000000 0.000001
 39   -4.457742 -1.054854 -0.746180 0.005501 0.027445 0.000224
 40   1.118101 -3.449769 3.237290 0.000000 0.000001 0.000000
 41   -4.433840 -1.059130 0.959566 0.000191 0.000959 0.000000
 42   -0.657468 1.697302 -2.688614 0.000000 0.000002 0.000000
 43   -0.664068 1.698578 2.869377 0.000000 0.000002 0.000000
time 5
  0   -0.010486 0.000000 2.055121 0.000000 0.000000 -1.571069
  1   -1.093036 0.000002 -0.326057 -0.221665 -1.569082 -1.348744
  2   2.262337 0.113614 0.064702 -0.000103 -0.001569 -0.016710
  3   2.380047 0.353302 0.047440 -0.011686 -0.000316 -0.028262
  4   2.033756 0.190472 -0.000128 -0.000010 0.000024 -0.139576
  5   2.451511 0.204909 -0.003447 -0.016552 -0.000475 -0.079559
  6   7.247600 -0.397300 -0.109469 0.000001 -0.000003 0.156829
  7   -2.022252 -0.104661 3.136172 0.301863 -1.221012 -3.920741
  8   1.168026 -0.537438 -0.063437 -0.553913 0.426530 0.093246
  9   6.790376 -0.619176 0.015206 0.147695 -0.201974 -2.278968
 10   8.637599 0.544015 -0.090417 -1.433171 0.129388 -0.498862
 11   6.790465 -0.619039 0.017802 -0.122849 -0.526915 -0.578565
 12   -2.022474 -0.104699 -2.873818 -0.514912 1.396280 -3.660349
 13   1.167898 -0.537463 0.063297 -0.306702 -1.187805 0.291021
 14   7.002743 -0.617765 -0.183752 0.003304 -0.005939 -0.245702
 15   8.209042 0.615527 -0.255885 1.747115 -0.188455 0.226470
 16   7.002735 -0.617911 -0.183641 0.017498 -0.004643 -0.194379
 17   1.574674 0.609930 -0.000899 0.029735 0.007037 0.304958
 18   -0.602177 0.511412 -0.000006 0.000000 0.000000 0.000000
 19   3.646428 0.364526 1.119313 -0.000002 -0.000014 -0.174510
 20   3.646422 0.364499 -1.117566 0.000007 -0.000003 -0.174546
 21   3.805634 1.330634 1.627658 0.000002 -0.000011 -0.000026
 22   -0.246060 -0.011889 0.516521 -0.000011 0.000031 0.000025
 23   3.805651 1.330659 -1.631083 0.000019 0.000002 -0.000024
 24   -0.246150 -0.011872 -0.516511 -0.000005 -0.000006 0.000048
 25   4.941364 1.997338 1.629330 0.000018 -0.000001 -0.000024
 26   4.941382 1.997366 -1.629410 -0.000001 0.000005 -0.000024
 27   2.930087 1.603639 1.514501 -0.000019 -0.000022 -0.000050
 28   2.932517 1.603245 -1.501142 -0.000002 -0.000009 -0.000024
 29   8.824059 0.150544 0.091743 -0.002668 -0.000089 -0.008708
 30   2.134523 -0.565085 1.733537 0.021119 0.117858 0.002233
 31   2.175979 -0.569102 -1.724689 -0.020761 -0.109926 0.000871
 32   -0.814395 -0.093824 3.127092 -0.083351 -3.103217 -0.358837
 33   14.298673 -0.408176 0.471578 -0.000399 0.000075 -0.469987
 34   15.835795 0.581398 0.242756 -0.056408 0.019890 0.053050
 35   -0.815868 -0.091229 -3.114430 0.147701 3.163736 -0.058618
 36   14.294526 -0.410349 -0.467541 0.000033 0.000036 -0.282107
 37   15.834409 0.579420 -0.284600 0.199935 0.023435 0.198943
 38   1.139685 -3.453749 -2.823813 0.000000 0.000000 0.000001
 39   -4.457742 -1.054854 -0.746180 0.007814 0.038998 0.000337
 40   1.118101 -3.449769 3.237290 0.000000 0.000001 0.000000
 41   -4.433840 -1.059130 0.959566 0.000275 0.001366 0.000000
 42   -0.657468 1.697302 -2.688614 0.000000 0.000002 0.000000
 43   -0.664068 1.698578 2.869377 0.000000 0.000002 0.000000
time 6
  0   -0.010486 0.000000 2.055121 0.000000 0.000000 -1.571069
  1   -1.093036 0.000002 -0.326057 -0.221665 -1.569082 -1.348744
  2   2.262337 0.113614 0.064702 -0.000103 -0.001569 -0.016710
  3   2.380047 0.353302 0.047440 -0.011686 -0.000316 -0.028262
  4   2.033756 0.190472 -0.000128 -0.000010 0.000024 -0.139576
  5   2.451511 0.204909 -0.003447 -0.016552 -0.000462 -0.078370
  6   7.247600 -0.397300 -0.109469 0.000001 -0.000003 0.156829
  7   -2.022252 -0.104661 3.136172 0.285280 -1.216054 -3.905339
  8   1.168026 -0.537438 -0.063437 -0.552204 0.420191 0.090336
  9   6.790376 -0.619176 0.015206 0.152744 -0.181418 -2.303872
 10   8.637599 0.544015 -0.090417 -1.431762 0.155080 -0.536264
 11   6.790465 -0.619039 0.017802 -0.122849 -0.526915 -0.578565
 12   -2.022474 -0.104699 -2.873818 -0.514912 1.396280 -3.660349
 13   1.167898 -0.537463 0.063297 -0.311834 -1.187246 0.296408
 14   7.002743 -0.617765 -0.183752 0.004556 -0.008324 -0.250735
 15   8.209042 0.615527 -0.255885 1.747115 -0.188455 0.226470
 16   7.002735 -0.617911 -0.183641 0.018627 -0.007124 -0.199457
 17   1.574674 0.609930 -0.000899 0.029654 0.007037 0.303738
 18   -0.602177 0.511412 -0.000006 0.000000 0.000000 0.000000
 19   3.646428 0.364526 1.119313 -0.000002 -0.000014 -0.174510
 20   3.646422 0.364499 -1.117566 0.000007 -0.000003 -0.174546
 21   3.805634 1.330634 1.627658 0.000002 -0.000011 -0.000026
 22   -0.246060 -0.011889 0.516521 -0.000011 0.000031 0.000025
 23   3.805651 1.330659 -1.631083 0.000019 0.000002 -0.000024
 24   -0.246150 -0.011872 -0.516511 -0.000005 -0.000006 0.000048
 25   4.941364 1.997338 1.629330 0.000018 -0.000001 -0.000024
 26   4.941382 1.997366 -1.629410 -0.000001 0.000005 -0.000024
 27   2.930087 1.603639 1.514501 -0.000019 -0.000022 -0.000050
 28   2.932517 1.603245 -1.501142 -0.000002 -0.000009 -0.000024
 29   8.824059 0.150544 0.091743 -0.002489 -0.000112 -0.019115
 30   2.130617 -0.565085 1.745256 0.020305 0.101177 0.002104
 31   2.172073 -0.569102 -1.736408 -0.020010 -0.091069 0.000780
 32   -0.814395 -0.093824 3.127092 -0.083351 -3.103217 -0.358837
 33   14.298673 -0.408176 0.471578 -0.000399 0.000075 -0.469987
 34   15.835795 0.581398 0.242756 -0.056408 0.019890 0.053050
 35   -0.815868 -0.091229 -3.114430 0.147701 3.163736 -0.058618
 36   14.294526 -0.410349 -0.467541 0.000033 0.000036 -0.282107
 37   15.834409 0.579420 -0.284600 0.199935 0.023435 0.198943
 38   1.139685 -3.453749 -2.823813 0.000000 0.000000 0.000001
 39   -4.457742 -1.054854 -0.746180 0.010139 0.050539 0.000421
 40   1.118101 -3.449769 3.237290 0.000000 0.000001 0.000000
 41   -4.433840 -1.059130 0.959566 0.000359 0.001774 0.000000
 42   -0.657468 1.697302 -2.688614 0.000000 0.000002 0.000000
 43   -0.664068 1.698578 2.869377 0.000000 0.000002 0.000000
time 7
  0   -0.010486 0.000000 2.055121 0.000000 0.000000 -1.571069
  1   -1.093036 0.000002 -0.326057 -0.221665 -1.569082 -1.348744
  2   2.262337 0.113614 0.064702 -0.000103 -0.001569 -0.016710
  3   2.380047 0.353302 0.047440 -0.011686 -0.000316 -0.028262
  4   2.033756 0.190472 -0.000128 -0.000010 0.000024 -0.139576
  5   2.451511 0.204909 -0.003447 -0.016552 -0.000449 -0.076587
  6   7.247600 -0.397300 -0.109469 0.000001 -0.000003 0.156829
  7   -2.022252 -0.104661 3.136172 0.270326 -1.211470 -3.891533
  8   1.168026 -0.537438 -0.063437 -0.550432 0.413600 0.087363
  9   6.790376 -0.619176 0.015206 0.157404 -0.162530 -2.326739
 10   8.637599 0.544015 -0.090417 -1.432291 0.177464 -0.571279
 11   6.790465 -0.619039 0.017802 -0.122849 -0.526915 -0.578565
 12   -2.022474 -0.104699 -2.873818 -0.514912 1.396280 -3.660349
 13   1.167898 -0.537463 0.063297 -0.317668 -1.186585 0.302462
 14   7.002743 -0.617765 -0.183752 0.005980 -0.011050 -0.256428
 15   8.209042 0.615527 -0.255885 1.747115 -0.188455 0.226470
 16   7.002735 -0.617911 -0.183641 0.019946 -0.009887 -0.205142
 17   1.574674 0.609930 -0.000899 0.029532 0.007037 0.301927
 18   -0.602177 0.511412 -0.000006 0.000000 0.000000 0.000000
 19   3.646428 0.364526 1.119313 -0.000002 -0.000014 -0.174510
 20   3.646422 0.364499 -1.117566 0.000007 -0.000003 -0.174546
 21   3.805634 1.330634 1.627658 0.000002 -0.000011 -0.000026
 22   -0.246060 -0.011889 0.516521 -0.000011 0.000031 0.000025
 23   3.805651 1.330659 -1.631083 0.000019 0.000002 -0.000024
 24   -0.246150 -0.011872 -0.516511 -0.000005 -0.000006 0.000048
 25   4.941364 1.997338 1.629330 0.000018 -0.000001 -0.000024
 26   4.941382 1.997366 -1.629410 -0.000001 0.000005 -0.000024
 27   2.930087 1.603639 1.514501 -0.000019 -0.000022 -0.000050
 28   2.932517 1.603245 -1.501142 -0.000002 -0.000009 -0.000024
 29   8.824059 0.150544 0.091743 -0.002311 -0.000112 -0.030811
 30   2.122804 -0.565085 1.756975 0.019383 0.082520 0.001975
 31   2.164260 -0.569102 -1.748127 -0.019183 -0.070037 0.000671
 32   -0.814395 -0.093824 3.127092 -0.083351 -3.103217 -0.358837
 33   14.298673 -0.408176 0.471578 -0.000399 0.000075 -0.469987
 34   15.835795 0.581398 0.242756 -0.056408 0.019890 0.053050
 35   -0.815868 -0.091229 -3.114430 0.147701 3.163736 -0.058618
 36   14.294526 -0.410349 -0.467541 0.000033 0.000036 -0.282107
 37   15.834409 0.579420 -0.284600 0.199935 0.023435 0.198943
 38   1.139685 -3.453749 -2.823813 0.000000 0.000000 0.000001
 39   -4.457742 -1.054854 -0.746180 0.012260 0.061145 0.000505
 40   1.118101 -3.449769 3.237290 0.000000 0.000001 0.000000
 41   -4.433840 -1.059130 0.959566 0.000430 0.002157 0.000000
 42   -0.657468 1.697302 -2.688614 0.000000 0.000002 0.000000
 43   -0.664068 1.698578 2.869377 0.000000 0.000002 0.000000
time 8
  0   -0.010486 0.000000 2.055121 0.000000 0.000000 -1.571069
  1   -1.093036 0.000002 -0.326057 -0.221665 -1.569082 -1.348744
  2   2.262337 0.113614 0.064702 -0.000103 -0.001569 -0.016710
  3   2.380047 0.353302 0.047440 -0.011686 -0.000316 -0.028262
  4   2.033756 0.190472 -0.000128 -0.000010 0.000024 -0.139576
  5   2.451511 0.204909 -0.003447 -0.016552 -0.000423 -0.073739
  6   7.247600 -0.397300 -0.109469 0.000001 -0.000003 0.156829
  7   -2.022252 -0.104661 3.136172 0.258248 -1.207608 -3.880451
  8   1.168026 -0.537438 -0.063437 -0.548597 0.407059 0.084390
  9   6.790376 -0.619176 0.015206 0.161233 -0.147047 -2.345606
 10   8.637599 0.544015 -0.090417 -1.433964 0.194921 -0.600433
 11   6.790465 -0.619039 0.017802 -0.122849 -0.526915 -0.578565
 12   -2.022474 -0.104699 -2.873818 -0.514912 1.396280 -3.660349
 13   1.167898 -0.537463 0.063297 -0.323925 -1.185822 0.309060
 14   7.002743 -0.617765 -0.183752 0.007517 -0.013946 -0.262616
 15   8.209042 0.615527 -0.255885 1.747115 -0.188455 0.226470
 16   7.002735 -0.617911 -0.183641 0.021311 -0.012876 -0.211323
 17   1.574674 0.609930 -0.000899 0.029369 0.007061 0.299081
 18   -0.602177 0.511412 -0.000006 0.000000 0.000000 0.000000
 19   3.646428 0.364526 1.119313 -0.000002 -0.000014 -0.174510
 20   3.646422 0.364499 -1.117566 0.000007 -0.000003 -0.174546
 21   3.805634 1.330634 1.627658 0.000002 -0.000011 -0.000026
 22   -0.246060 -0.011889 0.516521 -0.000011 0.000031 0.000025
 23   3.805651 1.330659 -1.631083 0.000019 0.000002 -0.000024
 24   -0.246150 -0.011872 -0.516511 -0.000005 -0.000006 0.000048
 25   4.941364 1.997338 1.629330 0.000018 -0.000001 -0.000024
 26   4.941382 1.997366 -1.629410 -0.000001 0.000005 -0.000024
 27   2.930087 1.603639 1.514501 -0.000019 -0.000022 -0.000050
 28   2.932517 1.603245 -1.501142 -0.000002 -0.000009 -0.000024
 29   8.824059 0.150544 0.091743 -0.002133 -0.000136 -0.043472
 30   2.118898 -0.565085 1.768695 0.018380 0.062206 0.001825
 31   2.156447 -0.569102 -1.759846 -0.018279 -0.047115 0.000544
 32   -0.814395 -0.093824 3.127092 -0.083351 -3.103217 -0.358837
 33   14.298673 -0.408176 0.471578 -0.000399 0.000075 -0.469987
 34   15.835795 0.581398 0.242756 -0.056408 0.019890 0.053050
 35   -0.815868 -0.091229 -3.114430 0.147701 3.163736 -0.058618
 36   14.294526 -0.410349 -0.467541 0.000033 0.000036 -0.282107
 37   15.834409 0.579420 -0.284600 0.199935 0.023435 0.198943
 38   1.139685 -3.453749 -2.823813 0.000000 0.000000 0.000001
 39   -4.457742 -1.054854 -0.746180 0.014022 0.069882 0.000589
 40   1.118101 -3.449769 3.237290 0.000000 0.000001 0.000000
 41   -4.433840 -1.059130 0.959566 0.000490 0.002457 0.000000
 42   -0.657468 1.697302 -2.688614 0.000000 0.000002 0.000000
 43   -0.664068 1.698578 2.869377 0.000000 0.000002 0.000000
time 9
  0   -0.010486 0.000000 2.055121 0.000000 0.000000 -1.571069
  1   -1.093036 0.000002 -0.326057 -0.221665 -1.569082 -1.348744
  2   2.262337 0.113614 0.064702 -0.000103 -0.001569 -0.016710
  3   2.380047 0.353302 0.047440 -0.011686 -0.000316 -0.028262
  4   2.033756 0.190472 -0.000128 -0.000010 0.000024 -0.139576
  5   2.451511 0.204909 -0.003447 -0.016552 -0.000397 -0.070049
  6   7.247600 -0.397300 -0.109469 0.000001 -0.000003 0.156829
  7   -2.022252 -0.104661 3.136172 0.250196 -1.204984 -3.873032
  8   1.168026 -0.537438 -0.063437 -0.546888 0.400769 0.081606
  9   6.790376 -0.619176 0.015206 0.163785 -0.136502 -2.358360
 10   8.637599 0.544015 -0.090417 -1.435725 0.206254 -0.620473
 11   6.790465 -0.619039 0.017802 -0.122849 -0.526915 -0.578565
 12   -2.022474 -0.104699 -2.873818 -0.514912 1.396280 -3.660349
 13   1.167898 -0.537463 0.063297 -0.330603 -1.185008 0.316082
 14   7.002743 -0.617765 -0.183752 0.009168 -0.017126 -0.269216
 15   8.209042 0.615527 -0.255885 1.747115 -0.188455 0.226470
 16   7.002735 -0.617911 -0.183641 0.022817 -0.016090 -0.217891
 17   1.574674 0.609930 -0.000899 0.029207 0.007084 0.295422
 18   -0.602177 0.511412 -0.000006 0.000000 0.000000 0.000000
 19   3.646428 0.364526 1.119313 -0.000002 -0.000014 -0.174510
 20   3.646422 0.364499 -1.117566 0.000007 -0.000003 -0.174546
 21   3.805634 1.330634 1.627658 0.000002 -0.000011 -0.000026
 22   -0.246060 -0.011889 0.516521 -0.000011 0.000031 0.000025
 23   3.805651 1.330659 -1.631083 0.000019 0.000002 -0.000024
 24   -0.246150 -0.011872 -0.516511 -0.000005 -0.000006 0.000048
 25   4.941364 1.997338 1.629330 0.000018 -0.000001 -0.000024
 26   4.941382 1.997366 -1.629410 -0.000001 0.000005 -0.000024
 27   2.930087 1.603639 1.514501 -0.000019 -0.000022 -0.000050
 28   2.932517 1.603245 -1.501142 -0.000002 -0.000009 -0.000024
 29   8.824059 0.150544 0.091743 -0.001866 -0.000136 -0.056991
 30   2.111085 -0.565085 1.780414 0.017308 0.040585 0.001654
 31   2.144728 -0.569102 -1.771565 -0.017314 -0.022741 0.000416
 32   -0.814395 -0.093824 3.127092 -0.083351 -3.103217 -0.358837
 33   14.298673 -0.408176 0.471578 -0.000399 0.000075 -0.469987
 34   15.835795 0.581398 0.242756 -0.056408 0.019890 0.053050
 35   -0.815868 -0.091229 -3.114430 0.147701 3.163736 -0.058618
 36   14.294526 -0.410349 -0.467541 0.000033 0.000036 -0.282107
 37   15.834409 0.579420 -0.284600 0.199935 0.023435 0.198943
 38   1.139685 -3.453749 -2.823813 0.000000 0.000000 0.000001
 39   -4.457742 -1.054854 -0.746180 0.015208 0.075803 0.000645
 40   1.118101 -3.449769 3.237290 0.000000 0.000001 0.000000
 41   -4.433840 -1.059130 0.959566 0.000538 0.002673 0.000000
 42   -0.657468 1.697302 -2.688614 0.000000 0.000002 0.000000
 43   -0.664068 1.698578 2.869377 0.000000 0.000002 0.000000
time 10
  0   -0.010486 0.000000 2.055121 0.000000 0.000000 -1.571069
  1   -1.093036 0.000002 -0.326057 -0.221665 -1.569082 -1.348744
  2   2.262337 0.113614 0.064702 -0.000103 -0.001569 -0.016710
  3   2.380047 0.353302 0.047440 -0.011686 -0.000316 -0.028262
  4   2.033756 0.190472 -0.000128 -0.000010 0.000024 -0.139576
  5   2.451511 0.204909 -0.003447 -0.016586 -0.000371 -0.066087
  6   7.247600 -0.397300 -0.109469 0.000001 -0.000003 0.156829
  7   -2.022252 -0.104661 3.136172 0.247320 -1.204004 -3.870308
  8   1.168026 -0.537438 -0.063437 -0.545306 0.395084 0.079076
  9   6.790376 -0.619176 0.015206 0.164783 -0.132564 -2.363114
 10   8.637599 0.544015 -0.090417 -1.436518 0.210337 -0.627852
 11   6.790465 -0.619039 0.017802 -0.122849 -0.526915 -0.578565
 12   -2.022474 -0.104699 -2.873818 -0.514912 1.396280 -3.660349
 13   1.167898 -0.537463 0.063297 -0.337633 -1.184195 0.323407
 14   7.002743 -0.617765 -0.183752 0.010933 -0.020419 -0.276147
 15   8.209042 0.615527 -0.255885 1.747115 -0.188455 0.226470
 16   7.002735 -0.617911 -0.183641 0.024371 -0.019473 -0.224846
 17   1.574674 0.609930 -0.000899 0.029004 0.007108 0.291430
 18   -0.602177 0.511412 -0.000006 0.000000 0.000000 0.000000
 19   3.646428 0.364526 1.119313 -0.000002 -0.000014 -0.174510
 20   3.646422 0.364499 -1.117566 0.000007 -0.000003 -0.174546
 21   3.805634 1.330634 1.627658 0.000002 -0.000011 -0.000026
 22   -0.246060 -0.011889 0.516521 -0.000011 0.000031 0.000025
 23   3.805651 1.330659 -1.631083 0.000019 0.000002 -0.000024
 24   -0.246150 -0.011872 -0.516511 -0.000005 -0.000006 0.000048
 25   4.941364 1.997338 1.629330 0.000018 -0.000001 -0.000024
 26   4.941382 1.997366 -1.629410 -0.000001 0.000005 -0.000024
 27   2.930087 1.603639 1.514501 -0.000019 -0.000022 -0.000050
 28   2.932517 1.603245 -1.501142 -0.000002 -0.000009 -0.000024
 29   8.824059 0.150544 0.091743 -0.001687 -0.000160 -0.071100
 30   2.107179 -0.565085 1.792133 0.016196 0.017975 0.001504
 31   2.136915 -0.565195 -1.787191 -0.016302 0.002746 0.000271
 32   -0.814395 -0.093824 3.127092 -0.083351 -3.103217 -0.358837
 33   14.298673 -0.408176 0.471578 -0.000399 0.000075 -0.469987
 34   15.835795 0.581398 0.242756 -0.056408 0.019890 0.053050
 35   -0.815868 -0.091229 -3.114430 0.147701 3.163736 -0.058618
 36   14.294526 -0.410349 -0.467541 0.000033 0.000036 -0.282107
 37   15.834409 0.579420 -0.284600 0.199935 0.023435 0.198943
 38   1.139685 -3.453749 -2.823813 0.000000 0.000000 0.000001
 39   -4.457742 -1.054854 -0.746180 0.015640 0.077996 0.000673
 40   1.118101 -3.449769 3.237290 0.000000 0.000001 0.000000
 41   -4.433840 -1.059130 0.959566 0.000550 0.002744 0.000000
 42   -0.657468 1.697302 -2.688614 0.000000 0.000002 0.000000
 43   -0.664068 1.698578 2.869377 0.000000 0.000002 0.000000
time 11
  0   -0.010486 0.000000 2.055121 0.000000 0.000000 -1.571069
  1   -1.093036 0.000002 -0.326057 -0.221665 -1.569082 -1.348744
  2   2.262337 0.113614 0.064702 -0.000103 -0.001569 -0.016710
  3   2.380047 0.353302 0.047440 -0.011686 -0.000316 -0.028262
  4   2.033756 0.190472 -0.000128 -0.000010 0.000024 -0.139576
  5   2.451511 0.204909 -0.003447 -0.016603 -0.000344 -0.062421
  6   7.247600 -0.397300 -0.109469 0.000001 -0.000003 0.156829
  7   -2.022252 -0.104661 3.136172 0.248087 -1.204293 -3.871059
  8   1.168026 -0.537438 -0.063437 -0.543978 0.390153 0.076925
  9   6.790376 -0.619176 0.015206 0.161621 -0.137836 -2.355945
 10   8.637599 0.544015 -0.090417 -1.423748 0.200130 -0.600361
 11   6.790465 -0.619039 0.017802 -0.122849 -0.526915 -0.578565
 12   -2.022474 -0.104699 -2.873818 -0.514912 1.396280 -3.660349
 13   1.167898 -0.537463 0.063297 -0.344873 -1.183279 0.330974
 14   7.002743 -0.617765 -0.183752 0.012698 -0.023826 -0.283324
 15   8.209042 0.615527 -0.255885 1.747115 -0.188455 0.226470
 16   7.002735 -0.617911 -0.183641 0.025971 -0.022969 -0.232021
 17   1.574674 0.609930 -0.000899 0.028801 0.007108 0.287697
 18   -0.602177 0.511412 -0.000006 0.000000 0.000000 0.000000
 19   3.646428 0.364526 1.119313 -0.000002 -0.000014 -0.174510
 20   3.646422 0.364499 -1.117566 0.000007 -0.000003 -0.174546
 21   3.805634 1.330634 1.627658 0.000002 -0.000011 -0.000026
 22   -0.246060 -0.011889 0.516521 -0.000011 0.000031 0.000025
 23   3.805651 1.330659 -1.631083 0.000019 0.000002 -0.000024
 24   -0.246150 -0.011872 -0.516511 -0.000005 -0.000006 0.000048
 25   4.941364 1.997338 1.629330 0.000018 -0.000001 -0.000024
 26   4.941382 1.997366 -1.629410 -0.000001 0.000005 -0.000024
 27   2.930087 1.603639 1.514501 -0.000019 -0.000022 -0.000050
 28   2.932517 1.603245 -1.501142 -0.000002 -0.000009 -0.000024
 29   8.824059 0.150544 0.091743 -0.001420 -0.000160 -0.085639
 30   2.099366 -0.561179 1.807758 0.015057 -0.005245 0.001332
 31   2.129103 -0.565195 -1.802816 -0.015276 0.028984 0.000144
 32   -0.814395 -0.093824 3.127092 -0.083351 -3.103217 -0.358837
 33   14.298673 -0.408176 0.471578 -0.000399 0.000075 -0.469987
 34   15.835795 0.581398 0.242756 -0.056408 0.019890 0.053050
 35   -0.815868 -0.091229 -3.114430 0.147701 3.163736 -0.058618
 36   14.294526 -0.410349 -0.467541 0.000033 0.000036 -0.282107
 37   15.834409 0.579420 -0.284600 0.199935 0.023435 0.198943
 38   1.139685 -3.453749 -2.823813 0.000000 0.000000 0.000001
 39   -4.457742 -1.054854 -0.746180 0.015592 0.077552 -0.001290
 40   1.118101 -3.449769 3.237290 0.000000 0.000001 0.000000
 41   -4.433840 -1.059130 0.959566 0.000478 0.002217 -0.001991
 42   -0.657468 1.697302 -2.688614 0.000180 0.001428 -0.000962
 43   -0.664068 1.698578 2.869377 -0.000100 -0.000955 -0.000962
time 12
  0   -0.010486 0.000000 2.055121 0.000000 0.000000 -1.571069
  1   -1.093036 0.000002 -0.326057 -0.221665 -1.569082 -1.348744
  2   2.262337 0.113614 0.064702 -0.000103 -0.001569 -0.016710
  3   2.380047 0.353302 0.047440 -0.011686 -0.000316 -0.028262
  4   2.033756 0.190472 -0.000128 -0.000010 0.000024 -0.139576
  5   2.451511 0.204909 -0.003447 -0.016638 -0.000331 -0.059623
  6   7.247600 -0.397300 -0.109469 0.000001 -0.000003 0.156829
  7   -2.022252 -0.104661 3.136172 0.250196 -1.205042 -3.872938
  8   1.168026 -0.537438 -0.063437 -0.542839 0.385977 0.075154
  9   6.790376 -0.619176 0.015206 0.153077 -0.152186 -2.336474
 10   8.637599 0.544015 -0.090417 -1.392573 0.169229 -0.526715
 11   6.790465 -0.619039 0.017802 -0.122849 -0.526915 -0.578565
 12   -2.022474 -0.104699 -2.873818 -0.514912 1.396280 -3.660349
 13   1.167898 -0.537463 0.063297 -0.352184 -1.182364 0.338662
 14   7.002743 -0.617765 -0.183752 0.014519 -0.027290 -0.290667
 15   8.209042 0.615527 -0.255885 1.747115 -0.188455 0.226470
 16   7.002735 -0.617911 -0.183641 0.027619 -0.026578 -0.239361
 17   1.574674 0.609930 -0.000899 0.028679 0.007108 0.284851
 18   -0.602177 0.511412 -0.000006 0.000000 0.000000 0.000000
 19   3.646428 0.364526 1.119313 -0.000002 -0.000014 -0.174510
 20   3.646422 0.364499 -1.117566 0.000007 -0.000003 -0.174546
 21   3.805634 1.330634 1.627658 0.000002 -0.000011 -0.000026
 22   -0.246060 -0.011889 0.516521 -0.000011 0.000031 0.000025
 23   3.805651 1.330659 -1.631083 0.000019 0.000002 -0.000024
 24   -0.246150 -0.011872 -0.516511 -0.000005 -0.000006 0.000048
 25   4.941364 1.997338 1.629330 0.000018 -0.000001 -0.000024
 26   4.941382 1.997366 -1.629410 -0.000001 0.000005 -0.000024
 27   2.930087 1.603639 1.514501 -0.000019 -0.000022 -0.000050
 28   2.932517 1.603245 -1.501142 -0.000002 -0.000009 -0.000024
 29   8.824059 0.150544 0.091743 -0.001153 -0.000184 -0.100392
 30   2.091553 -0.561179 1.819477 0.013891 -0.028842 0.001160
 31   2.121290 -0.565195 -1.814535 -0.014219 0.055610 -0.000002
 32   -0.814395 -0.093824 3.127092 -0.083351 -3.103217 -0.358837
 33   14.298673 -0.408176 0.471578 -0.000399 0.000075 -0.469987
 34   15.835795 0.581398 0.242756 -0.056408 0.019890 0.053050
 35   -0.815868 -0.091229 -3.114430 0.147701 3.163736 -0.058618
 36   14.294526 -0.410349 -0.467541 0.000033 0.000036 -0.282107
 37   15.834409 0.579420 -0.284600 0.199935 0.023435 0.198943
 38   1.139685 -3.453749 -2.823813 0.000000 0.000000 0.000001
 39   -4.453836 -1.054854 -0.746180 0.015424 0.076294 -0.006928
 40   1.118101 -3.449769 3.237290 0.000000 0.000001 0.000000
 41   -4.437746 -1.059130 0.959566 0.000251 0.000659 -0.007573
 42   -0.657468 1.709021 -2.680801 0.000719 0.005460 -0.003639
 43   -0.660162 1.710297 2.865470 -0.000375 -0.003654 -0.003680
time 13
  0   -0.010486 0.000000 2.055121 0.000000 0.000000 -1.571069
  1   -1.093036 0.000002 -0.326057 -0.221665 -1.569082 -1.348744
  2   2.262337 0.113614 0.064702 -0.000103 -0.001569 -0.016710
  3   2.380047 0.353302 0.047440 -0.011686 -0.000316 -0.028262
  4   2.033756 0.190472 -0.000128 -0.000010 0.000024 -0.139576
  5   2.451511 0.204909 -0.003447 -0.016638 -0.000318 -0.058112
  6   7.247600 -0.397300 -0.109469 0.000001 -0.000003 0.156829
  7   -2.022252 -0.104661 3.136172 0.253359 -1.206138 -3.875849
  8   1.168026 -0.537438 -0.063437 -0.541953 0.382606 0.073635
  9   6.790376 -0.619176 0.015206 0.140539 -0.173275 -2.307872
 10   8.637599 0.544015 -0.090417 -1.356731 0.116365 -0.420586
 11   6.790465 -0.619039 0.017802 -0.122849 -0.526915 -0.578565
 12   -2.022474 -0.104699 -2.873818 -0.514912 1.396280 -3.660349
 13   1.167898 -0.537463 0.063297 -0.359565 -1.181449 0.346350
 14   7.002743 -0.617765 -0.183752 0.016341 -0.030811 -0.298093
 15   8.209042 0.615527 -0.255885 1.747115 -0.188455 0.226470
 16   7.002735 -0.617911 -0.183641 0.029267 -0.030130 -0.246702
 17   1.574674 0.609930 -0.000899 0.028597 0.007108 0.283335
 18   -0.602177 0.511412 -0.000006 0.000000 0.000000 0.000000
 19   3.646428 0.364526 1.119313 -0.000002 -0.000014 -0.174510
 20   3.646422 0.364499 -1.117566 0.000007 -0.000003 -0.174546
 21   3.805634 1.330634 1.627658 0.000002 -0.000011 -0.000026
 22   -0.246060 -0.011889 0.516521 -0.000011 0.000031 0.000025
 23   3.805651 1.330659 -1.631083 0.000019 0.000002 -0.000024
 24   -0.246150 -0.011872 -0.516511 -0.000005 -0.000006 0.000048
 25   4.941364 1.997338 1.629330 0.000018 -0.000001 -0.000024
 26   4.941382 1.997366 -1.629410 -0.000001 0.000005 -0.000024
 27   2.930087 1.603639 1.514501 -0.000019 -0.000022 -0.000050
 28   2.932517 1.603245 -1.501142 -0.000002 -0.000009 -0.000024
 29   8.824059 0.150544 0.091743 -0.000885 -0.000184 -0.115146
 30   2.083740 -0.561179 1.835103 0.012725 -0.052440 0.000989
 31   2.113477 -0.565195 -1.830161 -0.013177 0.082211 -0.000129
 32   -0.814395 -0.093824 3.127092 -0.083351 -3.103217 -0.358837
 33   14.298673 -0.408176 0.471578 -0.000399 0.000075 -0.469987
 34   15.835795 0.581398 0.242756 -0.056408 0.019890 0.053050
 35   -0.815868 -0.091229 -3.114430 0.147701 3.163736 -0.058618
 36   14.294526 -0.410349 -0.467541 0.000033 0.000036 -0.282107
 37   15.834409 0.579420 -0.284600 0.199935 0.023435 0.198943
 38   1.139685 -3.453749 -2.823813 0.000000 0.000000 0.000001
 39   -4.449929 -1.054854 -0.746180 0.015161 0.074269 -0.015594
 40   1.118101 -3.449769 3.237290 0.000000 0.000001 0.000000
 41   -4.441652 -1.059130 0.959566 -0.000097 -0.001834 -0.016183
 42   -0.657468 1.724647 -2.665176 0.001546 0.011701 -0.007821
 43   -0.652349 1.722016 2.857658 -0.000812 -0.007828 -0.007946
time 14
  0   -0.010486 0.000000 2.055121 0.000000 0.000000 -1.571069
  1   -1.093036 0.000002 -0.326057 -0.221665 -1.569082 -1.348744
  2   2.262337 0.113614 0.064702 -0.000103 -0.001569 -0.016710
  3   2.380047 0.353302 0.047440 -0.011686 -0.000316 -0.028262
  4   2.033756 0.190472 -0.000128 -0.000010 0.000024 -0.139576
  5   2.451511 0.204909 -0.003447 -0.016638 -0.000318 -0.057221
  6   7.247600 -0.397300 -0.109469 0.000001 -0.000003 0.156829
  7   -2.022252 -0.104661 3.136172 0.257193 -1.207492 -3.879418
  8   1.168026 -0.537438 -0.063437 -0.541193 0.379839 0.072497
  9   6.790376 -0.619176 0.015206 0.125282 -0.198904 -2.273157
 10   8.637599 0.544015 -0.090417 -1.330576 0.043089 -0.295141
 11   6.790465 -0.619039 0.017802 -0.122849 -0.526915 -0.578565
 12   -2.022474 -0.104699 -2.873818 -0.514912 1.396280 -3.660349
 13   1.167898 -0.537463 0.063297 -0.366876 -1.180482 0.353977
 14   7.002743 -0.617765 -0.183752 0.018163 -0.034275 -0.305353
 15   8.209042 0.615527 -0.255885 1.747115 -0.188455 0.226470
 16   7.002735 -0.617911 -0.183641 0.030914 -0.033739 -0.254043
 17   1.574674 0.609930 -0.000899 0.028597 0.007108 0.282448
 18   -0.602177 0.511412 -0.000006 0.000000 0.000000 0.000000
 19   3.646428 0.364526 1.119313 -0.000002 -0.000014 -0.174510
 20   3.646422 0.364499 -1.117566 0.000007 -0.000003 -0.174546
 21   3.805634 1.330634 1.627658 0.000002 -0.000011 -0.000026
 22   -0.246060 -0.011889 0.516521 -0.000011 0.000031 0.000025
 23   3.805651 1.330659 -1.631083 0.000019 0.000002 -0.000024
 24   -0.246150 -0.011872 -0.516511 -0.000005 -0.000006 0.000048
 25   4.941364 1.997338 1.629330 0.000018 -0.000001 -0.000024
 26   4.941382 1.997366 -1.629410 -0.000001 0.000005 -0.000024
 27   2.930087 1.603639 1.514501 -0.000019 -0.000022 -0.000050
 28   2.932517 1.603245 -1.501142 -0.000002 -0.000009 -0.000024
 29   8.824059 0.150544 0.091743 -0.000707 -0.000207 -0.129684
 30   2.075928 -0.561179 1.850728 0.011586 -0.075689 0.000817
 31   2.101758 -0.565195 -1.845786 -0.012135 0.108449 -0.000257
 32   -0.814395 -0.093824 3.127092 -0.083351 -3.103217 -0.358837
 33   14.298673 -0.408176 0.471578 -0.000399 0.000075 -0.469987
 34   15.835795 0.581398 0.242756 -0.056408 0.019890 0.053050
 35   -0.815868 -0.091229 -3.114430 0.147701 3.163736 -0.058618
 36   14.294526 -0.410349 -0.467541 0.000033 0.000036 -0.282107
 37   15.834409 0.579420 -0.284600 0.199935 0.023435 0.198943
 38   1.139685 -3.453749 -2.823813 0.000000 0.000000 0.000001
 39   -4.442117 -1.058760 -0.746180 0.014789 0.071536 -0.026785
 40   1.118101 -3.449769 3.237290 0.000000 0.000001 0.000000
 41   -4.449465 -1.055224 0.959566 -0.000600 -0.005225 -0.027289
 42   -0.657468 1.744178 -2.649550 0.002625 0.019735 -0.013258
 43   -0.640630 1.741548 2.845939 -0.001374 -0.013210 -0.013425
time 15
  0   -0.010486 0.000000 2.055121 0.000000 0.000000 -1.571069
  1   -1.093036 0.000002 -0.326057 -0.221665 -1.569082 -1.348744
  2   2.262337 0.113614 0.064702 -0.000103 -0.001569 -0.016710
  3   2.380047 0.353302 0.047440 -0.011686 -0.000316 -0.028262
  4   2.033756 0.190472 -0.000128 -0.000010 0.000024 -0.139576
  5   2.451511 0.204909 -0.003447 -0.016638 -0.000292 -0.056106
  6   7.247600 -0.397300 -0.109469 0.000001 -0.000003 0.156829
  7   -2.022252 -0.104661 3.136172 0.261315 -1.208963 -3.883269
  8   1.168026 -0.537438 -0.063437 -0.540624 0.377675 0.071548
  9   6.790376 -0.619176 0.015206 0.108638 -0.226801 -2.235423
 10   8.637599 0.544015 -0.090417 -1.324675 -0.043843 -0.161304
 11   6.790465 -0.619039 0.017802 -0.122849 -0.526915 -0.578565
 12   -2.022474 -0.104699 -2.873818 -0.514912 1.396280 -3.660349
 13   1.167898 -0.537463 0.063297 -0.373976 -1.179516 0.361423
 14   7.002743 -0.617765 -0.183752 0.019985 -0.037682 -0.312531
 15   8.209042 0.615527 -0.255885 1.747115 -0.188455 0.226470
 16   7.002735 -0.617911 -0.183641 0.032515 -0.037235 -0.261218
 17   1.574674 0.609930 -0.000899 0.028557 0.007108 0.281339
 18   -0.602177 0.511412 -0.000006 0.000000 0.000000 0.000000
 19   3.646428 0.364526 1.119313 -0.000002 -0.000014 -0.174510
 20   3.646422 0.364499 -1.117566 0.000007 -0.000003 -0.174546
 21   3.805634 1.330634 1.627658 0.000002 -0.000011 -0.000026
 22   -0.246060 -0.011889 0.516521 -0.000011 0.000031 0.000025
 23   3.805651 1.330659 -1.631083 0.000019 0.000002 -0.000024
 24   -0.246150 -0.011872 -0.516511 -0.000005 -0.000006 0.000048
 25   4.941364 1.997338 1.629330 0.000018 -0.000001 -0.000024
 26   4.941382 1.997366 -1.629410 -0.000001 0.000005 -0.000024
 27   2.930087 1.603639 1.514501 -0.000019 -0.000022 -0.000050
 28   2.932517 1.603245 -1.501142 -0.000002 -0.000009 -0.000024
 29   8.824059 0.150544 0.091743 -0.000440 -0.000207 -0.143794
 30   2.072021 -0.561179 1.862447 0.010460 -0.098298 0.000646
 31   2.093946 -0.565195 -1.857505 -0.011124 0.133962 -0.000402
 32   -0.814395 -0.093824 3.127092 -0.083351 -3.103217 -0.358837
 33   14.298673 -0.408176 0.471578 -0.000399 0.000075 -0.469987
 34   15.835795 0.581398 0.242756 -0.056408 0.019890 0.053050
 35   -0.815868 -0.091229 -3.114430 0.147701 3.163736 -0.058618
 36   14.294526 -0.410349 -0.467541 0.000033 0.000036 -0.282107
 37   15.834409 0.579420 -0.284600 0.199935 0.023435 0.198943
 38   1.139685 -3.453749 -2.823813 0.000000 0.000000 0.000001
 39   -4.434304 -1.062667 -0.746180 0.014322 0.068156 -0.039910
 40   1.118101 -3.449769 3.237290 0.000000 0.000001 0.000000
 41   -4.457278 -1.051317 0.959566 -0.001235 -0.009408 -0.040331
 42   -0.657468 1.767617 -2.630018 0.003871 0.029164 -0.019573
 43   -0.628911 1.761080 2.834219 -0.002037 -0.019534 -0.019824
time 16
  0   -0.010486 0.000000 2.055121 0.000000 0.000000 -1.571069
  1   -1.093036 0.000002 -0.326057 -0.221665 -1.569082 -1.348744
  2   2.262337 0.113614 0.064702 -0.000103 -0.001569 -0.016710
  3   2.380047 0.353302 0.047440 -0.011686 -0.000316 -0.028262
  4   2.033756 0.190472 -0.000128 -0.000010 0.000024 -0.139576
  5   2.451511 0.204909 -0.003447 -0.016638 -0.000279 -0.054150
  6   7.247600 -0.397300 -0.109469 0.000001 -0.000003 0.156829
  7   -2.022252 -0.104661 3.136172 0.265629 -1.210404 -3.887213
  8   1.168026 -0.537438 -0.063437 -0.540181 0.376015 0.070915
  9   6.790376 -0.619176 0.015206 0.091994 -0.254765 -2.197690
 10   8.637599 0.544015 -0.090417 -1.343081 -0.133802 -0.027539
 11   6.790465 -0.619039 0.017802 -0.122849 -0.526915 -0.578565
 12   -2.022474 -0.104699 -2.873818 -0.514912 1.396280 -3.660349
 13   1.167898 -0.537463 0.063297 -0.380865 -1.178601 0.368626
 14   7.002743 -0.617765 -0.183752 0.021693 -0.041032 -0.319544
 15   8.209042 0.615527 -0.255885 1.747115 -0.188455 0.226470
 16   7.002735 -0.617911 -0.183641 0.034068 -0.040619 -0.268172
 17   1.574674 0.609930 -0.000899 0.028435 0.007132 0.279381
 18   -0.602177 0.511412 -0.000006 0.000000 0.000000 0.000000
 19   3.646428 0.364526 1.119313 -0.000002 -0.000014 -0.174510
 20   3.646422 0.364499 -1.117566 0.000007 -0.000003 -0.174546
 21   3.805634 1.330634 1.627658 0.000002 -0.000011 -0.000026
 22   -0.246060 -0.011889 0.516521 -0.000011 0.000031 0.000025
 23   3.805651 1.330659 -1.631083 0.000019 0.000002 -0.000024
 24   -0.246150 -0.011872 -0.516511 -0.000005 -0.000006 0.000048
 25   4.941364 1.997338 1.629330 0.000018 -0.000001 -0.000024
 26   4.941382 1.997366 -1.629410 -0.000001 0.000005 -0.000024
 27   2.930087 1.603639 1.514501 -0.000019 -0.000022 -0.000050
 28   2.932517 1.603245 -1.501142 -0.000002 -0.000009 -0.000024
 29   8.824059 0.150544 0.091743 -0.000172 -0.000207 -0.157313
 30   2.064209 -0.561179 1.878073 0.009403 -0.119920 0.000496
 31   2.086133 -0.565195 -1.869224 -0.010174 0.158335 -0.000530
 32   -0.814395 -0.093824 3.127092 -0.083351 -3.103217 -0.358837
 33   14.298673 -0.408176 0.471578 -0.000399 0.000075 -0.469987
 34   15.835795 0.581398 0.242756 -0.056408 0.019890 0.053050
 35   -0.815868 -0.091229 -3.114430 0.147701 3.163736 -0.058618
 36   14.294526 -0.410349 -0.467541 0.000033 0.000036 -0.282107
 37   15.834409 0.579420 -0.284600 0.199935 0.023435 0.198943
 38   1.139685 -3.453749 -2.823813 0.000000 0.000000 0.000001
 39   -4.426491 -1.066573 -0.746180 0.013758 0.064177 -0.054438
 40   1.118101 -3.449769 3.237290 0.000000 0.000001 0.000000
 41   -4.465091 -1.047411 0.959566 -0.001990 -0.014322 -0.054719
 42   -0.657468 1.794961 -2.606580 0.005261 0.039590 -0.026599
 43   -0.617192 1.784518 2.822500 -0.002774 -0.026517 -0.026934
time 17
  0   -0.010486 0.000000 2.055121 0.000000 0.000000 -1.571069
  1   -1.093036 0.000002 -0.326057 -0.221665 -1.569082 -1.348744
  2   2.262337 0.113614 0.064702 -0.000103 -0.001569 -0.016710
  3   2.380047 0.353302 0.047440 -0.011686 -0.000316 -0.028262
  4   2.033756 0.190472 -0.000128 -0.000010 0.000024 -0.139576
  5   2.451511 0.204909 -0.003447 -0.016638 -0.000253 -0.051599
  6   7.247600 -0.397300 -0.109469 0.000001 -0.000003 0.156829
  7   -2.022252 -0.104661 3.136172 0.269463 -1.211730 -3.890782
  8   1.168026 -0.537438 -0.063437 -0.539864 0.374858 0.070409
  9   6.790376 -0.619176 0.015206 0.076626 -0.280460 -2.162974
 10   8.637599 0.544015 -0.090417 -1.381918 -0.214892 0.097906
 11   6.790465 -0.619039 0.017802 -0.122849 -0.526915 -0.578565
 12   -2.022474 -0.104699 -2.873818 -0.514912 1.396280 -3.660349
 13   1.167898 -0.537463 0.063297 -0.387332 -1.177736 0.375467
 14   7.002743 -0.617765 -0.183752 0.023344 -0.044155 -0.326145
 15   8.209042 0.615527 -0.255885 1.747115 -0.188455 0.226470
 16   7.002735 -0.617911 -0.183641 0.035575 -0.043833 -0.274795
 17   1.574674 0.609930 -0.000899 0.028272 0.007155 0.276793
 18   -0.602177 0.511412 -0.000006 0.000000 0.000000 0.000000
 19   3.646428 0.364526 1.119313 -0.000002 -0.000014 -0.174510
 20   3.646422 0.364499 -1.117566 0.000007 -0.000003 -0.174546
 21   3.805634 1.330634 1.627658 0.000002 -0.000011 -0.000026
 22   -0.246060 -0.011889 0.516521 -0.000011 0.000031 0.000025
 23   3.805651 1.330659 -1.631083 0.000019 0.000002 -0.000024
 24   -0.246150 -0.011872 -0.516511 -0.000005 -0.000006 0.000048
 25   4.941364 1.997338 1.629330 0.000018 -0.000001 -0.000024
 26   4.941382 1.997366 -1.629410 -0.000001 0.000005 -0.000024
 27   2.930087 1.603639 1.514501 -0.000019 -0.000022 -0.000050
 28   2.932517 1.603245 -1.501142 -0.000002 -0.000009 -0.000024
 29   8.824059 0.150544 0.091743 0.000006 -0.000231 -0.169974
 30   2.056396 -0.561179 1.889792 0.008399 -0.140233 0.000346
 31   2.078320 -0.561289 -1.880944 -0.009270 0.181258 -0.000657
 32   -0.814395 -0.093824 3.127092 -0.083351 -3.103217 -0.358837
 33   14.298673 -0.408176 0.471578 -0.000399 0.000075 -0.469987
 34   15.835795 0.581398 0.242756 -0.056408 0.019890 0.053050
 35   -0.815868 -0.091229 -3.114430 0.147701 3.163736 -0.058618
 36   14.294526 -0.410349 -0.467541 0.000033 0.000036 -0.282107
 37   15.834409 0.579420 -0.284600 0.199935 0.023435 0.198943
 38   1.139685 -3.453749 -2.823813 0.000000 0.000000 0.000001
 39   -4.414772 -1.070480 -0.746180 0.013111 0.059671 -0.069808
 40   1.118101 -3.449769 3.237290 0.000000 0.000001 0.000000
 41   -4.476810 -1.043504 0.959566 -0.002865 -0.019894 -0.069976
 42   -0.657468 1.822306 -2.583142 0.006735 0.050629 -0.034002
 43   -0.601566 1.807956 2.806875 -0.003548 -0.033907 -0.034420
time 18
  0   -0.010486 0.000000 2.055121 0.000000 0.000000 -1.571069
  1   -1.093036 0.000002 -0.326057 -0.221665 -1.569082 -1.348744
  2   2.262337 0.113614 0.064702 -0.000103 -0.001569 -0.016710
  3   2.380047 0.353302 0.047440 -0.011686 -0.000316 -0.028262
  4   2.033756 0.190472 -0.000128 -0.000010 0.000024 -0.139576
  5   2.451511 0.204909 -0.003447 -0.016638 -0.000240 -0.048949
  6   7.247600 -0.397300 -0.109469 0.000001 -0.000003 0.156829
  7   -2.022252 -0.104661 3.136172 0.272722 -1.212825 -3.893787
  8   1.168026 -0.537438 -0.063437 -0.539674 0.374103 0.070093
  9   6.790376 -0.619176 0.015206 0.064032 -0.301617 -2.134448
 10   8.637599 0.544015 -0.090417 -1.430001 -0.277610 0.204975
 11   6.790465 -0.619039 0.017802 -0.122849 -0.526915 -0.578565
 12   -2.022474 -0.104699 -2.873818 -0.514912 1.396280 -3.660349
 13   1.167898 -0.537463 0.063297 -0.393448 -1.176872 0.381823
 14   7.002743 -0.617765 -0.183752 0.024881 -0.047108 -0.332333
 15   8.209042 0.615527 -0.255885 1.747115 -0.188455 0.226470
 16   7.002735 -0.617911 -0.183641 0.036940 -0.046821 -0.280977
 17   1.574674 0.609930 -0.000899 0.028151 0.007155 0.274132
 18   -0.602177 0.511412 -0.000006 0.000000 0.000000 0.000000
 19   3.646428 0.364526 1.119313 -0.000002 -0.000014 -0.174510
 20   3.646422 0.364499 -1.117566 0.000007 -0.000003 -0.174546
 21   3.805634 1.330634 1.627658 0.000002 -0.000011 -0.000026
 22   -0.246060 -0.011889 0.516521 -0.000011 0.000031 0.000025
 23   3.805651 1.330659 -1.631083 0.000019 0.000002 -0.000024
 24   -0.246150 -0.011872 -0.516511 -0.000005 -0.000006 0.000048
 25   4.941364 1.997338 1.629330 0.000018 -0.000001 -0.000024
 26   4.941382 1.997366 -1.629410 -0.000001 0.000005 -0.000024
 27   2.930087 1.603639 1.514501 -0.000019 -0.000022 -0.000050
 28   2.932517 1.603245 -1.501142 -0.000002 -0.000009 -0.000024
 29   8.824059 0.150544 0.091743 0.000095 -0.000231 -0.181616
 30   2.052489 -0.561179 1.901511 0.007477 -0.158890 0.000217
 31   2.070507 -0.561289 -1.892663 -0.008427 0.202316 -0.000766
 32   -0.814395 -0.093824 3.127092 -0.083351 -3.103217 -0.358837
 33   14.298673 -0.408176 0.471578 -0.000399 0.000075 -0.469987
 34   15.835795 0.581398 0.242756 -0.056408 0.019890 0.053050
 35   -0.815868 -0.091229 -3.114430 0.147701 3.163736 -0.058618
 36   14.294526 -0.410349 -0.467541 0.000033 0.000036 -0.282107
 37   15.834409 0.579420 -0.284600 0.199935 0.023435 0.198943
 38   1.139685 -3.453749 -2.823813 0.000000 0.000000 0.000001
 39   -4.403053 -1.074386 -0.746180 0.012356 0.054686 -0.085430
 40   1.118101 -3.449769 3.237290 0.000000 0.000001 0.000000
 41   -4.488529 -1.039598 0.959566 -0.003860 -0.026054 -0.085486
 42   -0.657468 1.849650 -2.559704 0.008221 0.061868 -0.041571
 43   -0.589847 1.835301 2.795156 -0.004335 -0.041423 -0.042073
time 19
  0   -0.010486 0.000000 2.055121 0.000000 0.000000 -1.571069
  1   -1.093036 0.000002 -0.326057 -0.221665 -1.569082 -1.348744
  2   2.262337 0.113614 0.064702 -0.000103 -0.001569 -0.016710
  3   2.380047 0.353302 0.047440 -0.011686 -0.000316 -0.028262
  4   2.033756 0.190472 -0.000128 -0.000010 0.000024 -0.139576
  5   2.451511 0.204909 -0.003447 -0.016638 -0.000227 -0.046348
  6   7.247600 -0.397300 -0.109469 0.000001 -0.000003 0.156829
  7   -2.022252 -0.104661 3.136172 0.274927 -1.213575 -3.895854
  8   1.168026 -0.537438 -0.063437 -0.539611 0.373700 0.069966
  9   6.790376 -0.619176 0.015206 0.055433 -0.315966 -2.115128
 10   8.637599 0.544015 -0.090417 -1.470951 -0.316887 0.280069
 11   6.790465 -0.619039 0.017802 -0.122849 -0.526915 -0.578565
 12   -2.022474 -0.104699 -2.873818 -0.514912 1.396280 -3.660349
 13   1.167898 -0.537463 0.063297 -0.399001 -1.176109 0.387634
 14   7.002743 -0.617765 -0.183752 0.026304 -0.049777 -0.337943
 15   8.209042 0.615527 -0.255885 1.747115 -0.188455 0.226470
 16   7.002735 -0.617911 -0.183641 0.038211 -0.049641 -0.286606
 17   1.574674 0.609930 -0.000899 0.028069 0.007155 0.271471
 18   -0.602177 0.511412 -0.000006 0.000000 0.000000 0.000000
 19   3.646428 0.364526 1.119313 -0.000002 -0.000014 -0.174510
 20   3.646422 0.364499 -1.117566 0.000007 -0.000003 -0.174546
 21   3.805634 1.330634 1.627658 0.000002 -0.000011 -0.000026
 22   -0.246060 -0.011889 0.516521 -0.000011 0.000031 0.000025
 23   3.805651 1.330659 -1.631083 0.000019 0.000002 -0.000024
 24   -0.246150 -0.011872 -0.516511 -0.000005 -0.000006 0.000048
 25   4.941364 1.997338 1.629330 0.000018 -0.000001 -0.000024
 26   4.941382 1.997366 -1.629410 -0.000001 0.000005 -0.000024
 27   2.930087 1.603639 1.514501 -0.000019 -0.000022 -0.000050
 28   2.932517 1.603245 -1.501142 -0.000002 -0.000009 -0.000024
 29   8.824059 0.150544 0.091743 0.000273 -0.000231 -0.192023
 30   2.044677 -0.561179 1.913230 0.006664 -0.175572 0.000088
 31   2.062695 -0.561289 -1.904382 -0.007692 0.221146 -0.000857
 32   -0.814395 -0.093824 3.127092 -0.083351 -3.103217 -0.358837
 33   14.298673 -0.408176 0.471578 -0.000399 0.000075 -0.469987
 34   15.835795 0.581398 0.242756 -0.056408 0.019890 0.053050
 35   -0.815868 -0.091229 -3.114430 0.147701 3.163736 -0.058618
 36   14.294526 -0.410349 -0.467541 0.000033 0.000036 -0.282107
 37   15.834409 0.579420 -0.284600 0.199935 0.023435 0.198943
 38   1.139685 -3.453749 -2.823813 0.000000 0.000000 0.000001
 39   -4.387427 -1.078292 -0.746180 0.011529 0.049293 -0.100799
 40   1.118101 -3.449769 3.237290 0.000000 0.000001 0.000000
 41   -4.504154 -1.035692 0.959566 -0.004951 -0.032730 -0.100715
 42   -0.657468 1.876995 -2.540172 0.009696 0.072892 -0.048974
 43   -0.574221 1.858739 2.779531 -0.005110 -0.048814 -0.049560
time 20
  0   -0.010486 0.000000 2.055121 0.000000 0.000000 -1.571069
  1   -1.093036 0.000002 -0.326057 -0.221665 -1.569082 -1.348744
  2   2.262337 0.113614 0.064702 -0.000103 -0.001569 -0.016710
  3   2.380047 0.353302 0.047440 -0.011686 -0.000316 -0.028262
  4   2.033756 0.190472 -0.000128 -0.000010 0.000024 -0.139576
  5   2.451511 0.204909 -0.003447 -0.016638 -0.000188 -0.042089
  6   7.247600 -0.397300 -0.109469 0.000001 -0.000003 0.156829
  7   -2.022252 -0.104661 3.136172 0.275790 -1.213834 -3.896605
  8   1.168026 -0.537438 -0.063437 -0.539548 0.373600 0.069903
  9   6.790376 -0.619176 0.015206 0.052270 -0.321238 -2.107959
 10   8.637599 0.544015 -0.090417 -1.487683 -0.330473 0.308355
 11   6.790465 -0.619039 0.017802 -0.122849 -0.526915 -0.578565
 12   -2.022474 -0.104699 -2.873818 -0.514912 1.396280 -3.660349
 13   1.167898 -0.537463 0.063297 -0.403922 -1.175397 0.392840
 14   7.002743 -0.617765 -0.183752 0.027557 -0.052219 -0.343058
 15   8.209042 0.615527 -0.255885 1.747115 -0.188455 0.226470
 16   7.002735 -0.617911 -0.183641 0.039341 -0.052065 -0.291684
 17   1.574674 0.609930 -0.000899 0.027866 0.007155 0.267220
 18   -0.602177 0.511412 -0.000006 0.000000 0.000000 0.000000
 19   3.646428 0.364526 1.119313 -0.000002 -0.000014 -0.174510
 20   3.646422 0.364499 -1.117566 0.000007 -0.000003 -0.174546
 21   3.805634 1.330634 1.627658 0.000002 -0.000011 -0.000026
 22   -0.246060 -0.011889 0.516521 -0.000011 0.000031 0.000025
 23   3.805651 1.330659 -1.631083 0.000019 0.000002 -0.000024
 24   -0.246150 -0.011872 -0.516511 -0.000005 -0.000006 0.000048
 25   4.941364 1.997338 1.629330 0.000018 -0.000001 -0.000024
 26   4.941382 1.997366 -1.629410 -0.000001 0.000005 -0.000024
 27   2.930087 1.603639 1.514501 -0.000019 -0.000022 -0.000050
 28   2.932517 1.603245 -1.501142 -0.000002 -0.000009 -0.000024
 29   8.824059 0.150544 0.091743 0.000452 -0.000231 -0.201036
 30   2.040770 -0.561179 1.921043 0.005945 -0.189986 0.000003
 31   2.058788 -0.561289 -1.912194 -0.007048 0.237387 -0.000948
 32   -0.814395 -0.093824 3.127092 -0.083351 -3.103217 -0.358837
 33   14.298673 -0.408176 0.471578 -0.000399 0.000075 -0.469987
 34   15.835795 0.581398 0.242756 -0.056408 0.019890 0.053050
 35   -0.815868 -0.091229 -3.114430 0.147701 3.163736 -0.058618
 36   14.294526 -0.410349 -0.467541 0.000033 0.000036 -0.282107
 37   15.834409 0.579420 -0.284600 0.199935 0.023435 0.198943
 38   1.139685 -3.453749 -2.823813 0.000000 0.000000 0.000001
 39   -4.371802 -1.082199 -0.742274 0.010606 0.043540 -0.115328
 40   1.118101 -3.449769 3.237290 0.000000 0.000001 0.000000
 41   -4.519780 -1.031785 0.955660 -0.006161 -0.039849 -0.115131
 42   -0.657468 1.904340 -2.516734 0.011086 0.083333 -0.055958
 43   -0.562502 1.882177 2.767811 -0.005847 -0.055812 -0.056669
time 21
  0   -0.010486 0.000000 2.055121 0.000000 0.000000 -1.571069
  1   -1.093036 0.000002 -0.326057 -0.221665 -1.569082 -1.348744
  2   2.262337 0.113614 0.064702 -0.000103 -0.001569 -0.016710
  3   2.380047 0.353302 0.047440 -0.011686 -0.000316 -0.028262
  4   2.033756 0.190472 -0.000128 -0.000010 0.000024 -0.139576
  5   2.451511 0.204909 -0.003447 -0.016638 -0.000136 -0.035625
  6   7.247600 -0.397300 -0.109469 0.000001 -0.000003 0.156829
  7   -2.022252 -0.104661 3.136172 0.274927 -1.213575 -3.895854
  8   1.168026 -0.537438 -0.063437 -0.539738 0.374203 0.070156
  9   6.790376 -0.619176 0.015206 0.055433 -0.315966 -2.115128
 10   8.637599 0.544015 -0.090417 -1.470951 -0.316887 0.280069
 11   6.790465 -0.619039 0.017802 -0.122849 -0.526915 -0.578565
 12   -2.022474 -0.104699 -2.873818 -0.514912 1.396280 -3.660349
 13   1.167898 -0.537463 0.063297 -0.408140 -1.174787 0.397259
 14   7.002743 -0.617765 -0.183752 0.028582 -0.054263 -0.347349
 15   8.209042 0.615527 -0.255885 1.747115 -0.188455 0.226470
 16   7.002735 -0.617911 -0.183641 0.040282 -0.054208 -0.295989
 17   1.574674 0.609930 -0.000899 0.027460 0.007179 0.260789
 18   -0.602177 0.511412 -0.000006 0.000000 0.000000 0.000000
 19   3.646428 0.364526 1.119313 -0.000002 -0.000014 -0.174510
 20   3.646422 0.364499 -1.117566 0.000007 -0.000003 -0.174546
 21   3.805634 1.330634 1.627658 0.000002 -0.000011 -0.000026
 22   -0.246060 -0.011889 0.516521 -0.000011 0.000031 0.000025
 23   3.805651 1.330659 -1.631083 0.000019 0.000002 -0.000024
 24   -0.246150 -0.011872 -0.516511 -0.000005 -0.000006 0.000048
 25   4.941364 1.997338 1.629330 0.000018 -0.000001 -0.000024
 26   4.941382 1.997366 -1.629410 -0.000001 0.000005 -0.000024
 27   2.930087 1.603639 1.514501 -0.000019 -0.000022 -0.000050
 28   2.932517 1.603245 -1.501142 -0.000002 -0.000009 -0.000024
 29   8.824059 0.150544 0.091743 0.000541 -0.000231 -0.208386
 30   2.036864 -0.561179 1.928856 0.005362 -0.201756 -0.000083
 31   2.050975 -0.561289 -1.920007 -0.006527 0.250648 -0.001021
 32   -0.814395 -0.093824 3.127092 -0.083351 -3.103217 -0.358837
 33   14.298673 -0.408176 0.471578 -0.000399 0.000075 -0.469987
 34   15.835795 0.581398 0.242756 -0.056408 0.019890 0.053050
 35   -0.815868 -0.091229 -3.114430 0.147701 3.163736 -0.058618
 36   14.294526 -0.410349 -0.467541 0.000033 0.000036 -0.282107
 37   15.834409 0.579420 -0.284600 0.199935 0.023435 0.198943
 38   1.139685 -3.453749 -2.823813 0.000000 0.000000 0.000001
 39   -4.360083 -1.090011 -0.742274 0.009612 0.037488 -0.128453
 40   1.118101 -3.449769 3.237290 0.000000 0.000001 0.000000
 41   -4.531499 -1.023973 0.955660 -0.007455 -0.047327 -0.128173
 42   -0.657468 1.927778 -2.497202 0.012344 0.092763 -0.062315
 43   -0.550783 1.901709 2.756092 -0.006509 -0.062120 -0.063110
time 22
  0   -0.010486 0.000000 2.055121 0.000000 0.000000 -1.571069
  1   -1.093036 0.000002 -0.326057 -0.221665 -1.569082 -1.348744
  2   2.262337 0.113614 0.064702 -0.000103 -0.001569 -0.016710
  3   2.380047 0.353302 0.047440 -0.011686 -0.000316 -0.028262
  4   2.033756 0.190472 -0.000128 -0.000010 0.000024 -0.139576
  5   2.451511 0.204909 -0.003447 -0.016638 -0.000083 -0.030969
  6   7.247600 -0.397300 -0.109469 0.000001 -0.000003 0.156829
  7   -2.022252 -0.104661 3.136172 0.272722 -1.212825 -3.893787
  8   1.168026 -0.537438 -0.063437 -0.540181 0.375814 0.070852
  9   6.790376 -0.619176 0.015206 0.064032 -0.301617 -2.134448
 10   8.637599 0.544015 -0.090417 -1.430001 -0.277610 0.204975
 11   6.790465 -0.619039 0.017802 -0.122849 -0.526915 -0.578565
 12   -2.022474 -0.104699 -2.873818 -0.514912 1.396280 -3.660349
 13   1.167898 -0.537463 0.063297 -0.411584 -1.174329 0.400891
 14   7.002743 -0.617765 -0.183752 0.029493 -0.055967 -0.350896
 15   8.209042 0.615527 -0.255885 1.747115 -0.188455 0.226470
 16   7.002735 -0.617911 -0.183641 0.041083 -0.055956 -0.299577
 17   1.574674 0.609930 -0.000899 0.027216 0.007179 0.256132
 18   -0.602177 0.511412 -0.000006 0.000000 0.000000 0.000000
 19   3.646428 0.364526 1.119313 -0.000002 -0.000014 -0.174510
 20   3.646422 0.364499 -1.117566 0.000007 -0.000003 -0.174546
 21   3.805634 1.330634 1.627658 0.000002 -0.000011 -0.000026
 22   -0.246060 -0.011889 0.516521 -0.000011 0.000031 0.000025
 23   3.805651 1.330659 -1.631083 0.000019 0.000002 -0.000024
 24   -0.246150 -0.011872 -0.516511 -0.000005 -0.000006 0.000048
 25   4.941364 1.997338 1.629330 0.000018 -0.000001 -0.000024
 26   4.941382 1.997366 -1.629410 -0.000001 0.000005 -0.000024
 27   2.930087 1.603639 1.514501 -0.000019 -0.000022 -0.000050
 28   2.932517 1.603245 -1.501142 -0.000002 -0.000009 -0.000024
 29   8.824059 0.150544 0.091743 0.000630 -0.000231 -0.213912
 30   2.032958 -0.561179 1.932762 0.004928 -0.210561 -0.000148
 31   2.050975 -0.561289 -1.927820 -0.006129 0.260594 -0.001076
 32   -0.814395 -0.093824 3.127092 -0.083351 -3.103217 -0.358837
 33   14.298673 -0.408176 0.471578 -0.000399 0.000075 -0.469987
 34   15.835795 0.581398 0.242756 -0.056408 0.019890 0.053050
 35   -0.815868 -0.091229 -3.114430 0.147701 3.163736 -0.058618
 36   14.294526 -0.410349 -0.467541 0.000033 0.000036 -0.282107
 37   15.834409 0.579420 -0.284600 0.199935 0.023435 0.198943
 38   1.139685 -3.453749 -2.823813 0.000000 0.000000 0.000001
 39   -4.340551 -1.093918 -0.742274 0.008533 0.031196 -0.139616
 40   1.118101 -3.449769 3.237290 0.000000 0.000001 0.000000
 41   -4.551031 -1.020066 0.955660 -0.008834 -0.055105 -0.139251
 42   -0.657468 1.947310 -2.481576 0.013411 0.100797 -0.067710
 43   -0.539064 1.921241 2.748280 -0.007072 -0.067503 -0.068547
time 23
  0   -0.010486 0.000000 2.055121 0.000000 0.000000 -1.571069
  1   -1.093036 0.000002 -0.326057 -0.221665 -1.569082 -1.348744
  2   2.262337 0.113614 0.064702 -0.000103 -0.001569 -0.016710
  3   2.380047 0.353302 0.047440 -0.011686 -0.000316 -0.028262
  4   2.033756 0.190472 -0.000128 -0.000010 0.000024 -0.139576
  5   2.451511 0.204909 -0.003447 -0.016638 -0.000070 -0.028418
  6   7.247600 -0.397300 -0.109469 0.000001 -0.000003 0.156829
  7   -2.022252 -0.104661 3.136172 0.269463 -1.211730 -3.890782
  8   1.168026 -0.537438 -0.063437 -0.540814 0.378229 0.071864
  9   6.790376 -0.619176 0.015206 0.076626 -0.280460 -2.162974
 10   8.637599 0.544015 -0.090417 -1.381918 -0.214892 0.097906
 11   6.790465 -0.619039 0.017802 -0.122849 -0.526915 -0.578565
 12   -2.022474 -0.104699 -2.873818 -0.514912 1.396280 -3.660349
 13   1.167898 -0.537463 0.063297 -0.414115 -1.173922 0.403555
 14   7.002743 -0.617765 -0.183752 0.030119 -0.057216 -0.353619
 15   8.209042 0.615527 -0.255885 1.747115 -0.188455 0.226470
 16   7.002735 -0.617911 -0.183641 0.041695 -0.057253 -0.302226
 17   1.574674 0.609930 -0.000899 0.027135 0.007179 0.253582
 18   -0.602177 0.511412 -0.000006 0.000000 0.000000 0.000000
 19   3.662054 0.270773 1.119313 -0.000002 -0.000014 -0.174510
 20   3.658141 0.270746 -1.117566 0.000007 -0.000003 -0.174546
 21   3.352495 1.260319 1.572969 0.000002 -0.000011 -0.000026
 22   -0.238247 -0.382994 0.496989 0.000099 -0.028720 0.445010
 23   3.360325 1.256438 -1.623270 0.000019 0.000002 -0.000024
 24   -0.160210 -0.285318 -0.532136 0.000091 -0.028745 0.445076
 25   4.531195 1.993432 1.637143 -0.032209 0.220350 0.007203
 26   4.531213 1.993460 -1.621597 0.035761 -0.204352 -0.020865
 27   3.117593 1.463010 1.502782 -0.000019 -0.000022 -0.000050
 28   3.120023 1.462616 -1.512861 -0.000002 -0.000009 -0.000024
 29   8.824059 0.150544 0.091743 0.000719 -0.000231 -0.217345
 30   2.032958 -0.561179 1.936668 0.004657 -0.216083 -0.000190
 31   2.047069 -0.561289 -1.931726 -0.005884 0.266837 -0.001112
 32   -0.814395 -0.093824 3.127092 -0.083351 -3.103217 -0.358837
 33   14.298673 -0.408176 0.471578 -0.000399 0.000075 -0.469987
 34   15.835795 0.581398 0.242756 -0.056408 0.019890 0.053050
 35   -0.815868 -0.091229 -3.114430 0.147701 3.163736 -0.058618
 36   14.294526 -0.410349 -0.467541 0.000033 0.000036 -0.282107
 37   15.834409 0.579420 -0.284600 0.199935 0.023435 0.198943
 38   1.139685 -3.453749 -2.823813 0.000000 0.000000 0.000001
 39   -4.324925 -1.097824 -0.742274 0.007371 0.024736 -0.148310
 40   1.118101 -3.449769 3.237290 0.000000 0.000001 0.000000
 41   -4.566656 -1.016160 0.955660 -0.010308 -0.063099 -0.147862
 42   -0.657468 1.962935 -2.465951 0.014238 0.107037 -0.071893
 43   -0.531251 1.932960 2.740467 -0.007509 -0.071676 -0.072813
time 24
  0   -0.010486 0.000000 2.055121 0.000000 0.000000 -1.571069
  1   -1.093036 0.000002 -0.326057 -0.221665 -1.569082 -1.348744
  2   2.262337 0.113614 0.064702 -0.000103 -0.001569 -0.016710
  3   2.380047 0.353302 0.047440 -0.011686 -0.000316 -0.028262
  4   2.033756 0.190472 -0.000128 -0.000010 0.000024 -0.139576
  5   2.451511 0.204909 -0.003447 -0.016638 -0.000057 -0.027056
  6   7.247600 -0.397300 -0.109469 0.000001 -0.000003 0.156829
  7   -2.022252 -0.104661 3.136172 0.265629 -1.210404 -3.887213
  8   1.168026 -0.537438 -0.063437 -0.541573 0.381147 0.073129
  9   6.790376 -0.619176 0.015206 0.091994 -0.254765 -2.197690
 10   8.637599 0.544015 -0.090417 -1.343081 -0.133802 -0.027539
 11   6.790465 -0.619039 0.017802 -0.122849 -0.526915 -0.578565
 12   -2.022474 -0.104699 -2.873818 -0.514912 1.396280 -3.660349
 13   1.167898 -0.537463 0.063297 -0.415732 -1.173719 0.405250
 14   7.002743 -0.617765 -0.183752 0.030574 -0.058011 -0.355269
 15   8.209042 0.615527 -0.255885 1.747115 -0.188455 0.226470
 16   7.002735 -0.617911 -0.183641 0.042071 -0.058043 -0.303882
 17   1.574674 0.609930 -0.000899 0.027094 0.007179 0.252177
 18   -0.602177 0.511412 -0.000006 0.000000 0.000000 0.000000
 19   3.673773 0.177020 1.119313 -0.000002 -0.000014 -0.174510
 20   3.673767 0.176993 -1.117566 0.000007 -0.000003 -0.174546
 21   2.899356 1.190005 1.518280 0.000002 -0.000011 -0.000026
 22   -0.226528 -0.758005 0.473551 0.000194 -0.057471 0.890061
 23   2.914999 1.182217 -1.611551 0.000019 0.000002 -0.000024
 24   -0.074270 -0.562670 -0.551668 0.000187 -0.057496 0.890104
 25   4.117120 1.989525 1.648862 -0.064423 0.440701 0.014429
 26   4.117138 1.989553 -1.609878 0.071535 -0.408734 -0.041706
 27   3.305099 1.322380 1.487156 -0.000019 -0.000022 -0.000050
 28   3.307528 1.321986 -1.528487 -0.000002 -0.000009 -0.000024
 29   8.824059 0.150544 0.091743 0.000719 -0.000231 -0.218525
 30   2.032958 -0.561179 1.936668 0.004562 -0.218001 -0.000190
 31   2.047069 -0.561289 -1.931726 -0.005807 0.268986 -0.001112
 32   -0.814395 -0.093824 3.127092 -0.083351 -3.103217 -0.358837
 33   14.298673 -0.408176 0.471578 -0.000399 0.000075 -0.469987
 34   15.835795 0.581398 0.242756 -0.056408 0.019890 0.053050
 35   -0.815868 -0.091229 -3.114430 0.147701 3.163736 -0.058618
 36   14.294526 -0.410349 -0.467541 0.000033 0.000036 -0.282107
 37   15.834409 0.579420 -0.284600 0.199935 0.023435 0.198943
 38   1.139685 -3.453749 -2.823813 0.000000 0.000000 0.000001
 39   -4.309300 -1.101730 -0.742274 0.006148 0.018145 -0.153920
 40   1.118101 -3.449769 3.237290 0.000000 0.000001 0.000000
 41   -4.582282 -1.012254 0.955660 -0.011866 -0.071236 -0.153443
 42   -0.657468 1.974654 -2.458138 0.014777 0.111069 -0.074611
 43   -0.527345 1.940773 2.732654 -0.007796 -0.074375 -0.075531
time 25
  0   -0.010486 0.000000 2.055121 0.000000 0.000000 -1.571069
  1   -1.093036 0.000002 -0.326057 -0.221665 -1.569082 -1.348744
  2   2.262337 0.113614 0.064702 -0.000103 -0.001569 -0.016710
  3   2.380047 0.353302 0.047440 -0.011686 -0.000316 -0.028262
  4   2.033756 0.190472 -0.000128 -0.000010 0.000024 -0.139576
  5   2.451511 0.204909 -0.003447 -0.016638 -0.000057 -0.025991
  6   7.247600 -0.397300 -0.109469 0.000001 -0.000003 0.156829
  7   -2.022252 -0.104661 3.136172 0.261315 -1.208963 -3.883269
  8   1.168026 -0.537438 -0.063437 -0.542459 0.384317 0.074458
  9   6.790376 -0.619176 0.015206 0.108638 -0.226801 -2.235423
 10   8.637599 0.544015 -0.090417 -1.324675 -0.043843 -0.161304
 11   6.790465 -0.619039 0.017802 -0.122849 -0.526915 -0.578565
 12   -2.022474 -0.104699 -2.873818 -0.514912 1.396280 -3.660349
 13   1.167898 -0.537463 0.063297 -0.416294 -1.173617 0.405855
 14   7.002743 -0.617765 -0.183752 0.030688 -0.058295 -0.355847
 15   8.209042 0.615527 -0.255885 1.747115 -0.188455 0.226470
 16   7.002735 -0.617911 -0.183641 0.042166 -0.058324 -0.304434
 17   1.574674 0.609930 -0.000899 0.027054 0.007179 0.251068
 18   -0.602177 0.511412 -0.000006 0.000000 0.000000 0.000000
 19   3.658147 0.270773 1.119313 -0.000002 -0.000014 -0.174510
 20   3.658141 0.270746 -1.117566 0.000007 -0.000003 -0.174546
 21   3.352495 1.260319 1.572969 0.000002 -0.000011 -0.000026
 22   -0.238247 -0.382994 0.496989 0.000099 -0.028720 0.445010
 23   3.360325 1.256438 -1.623270 0.000019 0.000002 -0.000024
 24   -0.160210 -0.285318 -0.532136 0.000091 -0.028745 0.445076
 25   4.531195 1.993432 1.637143 -0.032209 0.220350 0.007203
 26   4.531213 1.993460 -1.621597 0.035761 -0.204352 -0.020865
 27   3.117593 1.463010 1.502782 -0.000019 -0.000022 -0.000050
 28   3.120023 1.462616 -1.512861 -0.000002 -0.000009 -0.000024
 29   8.824059 0.150544 0.091743 0.000719 -0.000231 -0.217613
 30   2.032958 -0.561179 1.936668 0.004643 -0.216489 -0.000190
 31   2.047069 -0.561289 -1.931726 -0.005868 0.267277 -0.001112
 32   -0.814395 -0.093824 3.127092 -0.083351 -3.103217 -0.358837
 33   14.298673 -0.408176 0.471578 -0.000399 0.000075 -0.469987
 34   15.835795 0.581398 0.242756 -0.056408 0.019890 0.053050
 35   -0.815868 -0.091229 -3.114430 0.147701 3.163736 -0.058618
 36   14.294526 -0.410349 -0.467541 0.000033 0.000036 -0.282107
 37   15.834409 0.579420 -0.284600 0.199935 0.023435 0.198943
 38   1.139685 -3.453749 -2.823813 0.000000 0.000000 0.000001
 39   -4.289768 -1.105637 -0.738367 0.004842 0.011493 -0.155911
 40   1.118101 -3.449769 3.237290 0.000000 0.000001 0.000000
 41   -4.601814 -1.008347 0.951753 -0.013484 -0.079458 -0.155406
 42   -0.657468 1.978561 -2.454232 0.014969 0.112495 -0.075573
 43   -0.527345 1.944679 2.732654 -0.007896 -0.075333 -0.076535
time 26
  0   -0.010486 0.000000 2.055121 0.000000 0.000000 -1.571069
  1   -1.093036 0.000002 -0.326057 -0.221665 -1.569082 -1.348744
  2   2.262337 0.113614 0.064702 -0.000103 -0.001569 -0.016710
  3   2.380047 0.353302 0.047440 -0.011686 -0.000316 -0.028262
  4   2.033756 0.190472 -0.000128 -0.000010 0.000024 -0.139576
  5   2.451511 0.204909 -0.003447 -0.016638 -0.000044 -0.024555
  6   7.247600 -0.397300 -0.109469 0.000001 -0.000003 0.156829
  7   -2.022252 -0.104661 3.136172 0.257193 -1.207492 -3.879418
  8   1.168026 -0.537438 -0.063437 -0.543281 0.387486 0.075850
  9   6.790376 -0.619176 0.015206 0.125282 -0.198904 -2.273157
 10   8.637599 0.544015 -0.090417 -1.330576 0.043089 -0.295141
 11   6.790465 -0.619039 0.017802 -0.122849 -0.526915 -0.578565
 12   -2.022474 -0.104699 -2.873818 -0.514912 1.396280 -3.660349
 13   1.167898 -0.537463 0.063297 -0.415802 -1.173719 0.405310
 14   7.002743 -0.617765 -0.183752 0.030574 -0.058011 -0.355269
 15   8.209042 0.615527 -0.255885 1.747115 -0.188455 0.226470
 16   7.002735 -0.617911 -0.183641 0.042071 -0.058043 -0.303882
 17   1.574674 0.609930 -0.000899 0.026973 0.007179 0.249627
 18   -0.602177 0.511412 -0.000006 0.000000 0.000000 0.000000
 19   3.646428 0.364526 1.119313 -0.000002 -0.000014 -0.174510
 20   3.646422 0.364499 -1.117566 0.000007 -0.000003 -0.174546
 21   3.805634 1.330634 1.627658 0.000002 -0.000011 -0.000026
 22   -0.246060 -0.011889 0.516521 -0.000011 0.000031 0.000025
 23   3.805651 1.330659 -1.631083 0.000019 0.000002 -0.000024
 24   -0.246150 -0.011872 -0.516511 -0.000005 -0.000006 0.000048
 25   4.941364 1.997338 1.629330 0.000018 -0.000001 -0.000024
 26   4.941382 1.997366 -1.629410 -0.000001 0.000005 -0.000024
 27   2.930087 1.603639 1.514501 -0.000019 -0.000022 -0.000050
 28   2.932517 1.603245 -1.501142 -0.000002 -0.000009 -0.000024
 29   8.824059 0.150544 0.091743 0.000630 -0.000231 -0.214824
 30   2.032958 -0.561179 1.932762 0.004860 -0.212072 -0.000148
 31   2.047069 -0.561289 -1.927820 -0.006067 0.262304 -0.001076
 32   -0.814395 -0.093824 3.127092 -0.083351 -3.103217 -0.358837
 33   14.298673 -0.408176 0.471578 -0.000399 0.000075 -0.469987
 34   15.835795 0.581398 0.242756 -0.056408 0.019890 0.053050
 35   -0.815868 -0.091229 -3.114430 0.147701 3.163736 -0.058618
 36   14.294526 -0.410349 -0.467541 0.000033 0.000036 -0.282107
 37   15.834409 0.579420 -0.284600 0.199935 0.023435 0.198943
 38   1.139685 -3.453749 -2.823813 0.000000 0.000000 0.000001
 39   -4.274143 -1.109543 -0.738367 0.003488 0.004842 -0.153920
 40   1.118101 -3.449769 3.237290 0.000000 0.000001 0.000000
 41   -4.617439 -1.004441 0.951753 -0.015173 -0.087679 -0.153415
 42   -0.657468 1.974654 -2.458138 0.014765 0.111069 -0.073817
 43   -0.527345 1.940773 2.732654 -0.007821 -0.074375 -0.074778
time 27
  0   -0.010486 0.000000 2.055121 0.000000 0.000000 -1.571069
  1   -1.093036 0.000002 -0.326057 -0.221665 -1.569082 -1.348744
  2   2.262337 0.113614 0.064702 -0.000103 -0.001569 -0.016710
  3   2.380047 0.353302 0.047440 -0.011686 -0.000316 -0.028262
  4   2.033756 0.190472 -0.000128 -0.000010 0.000024 -0.139576
  5   2.451511 0.204909 -0.003447 -0.016638 -0.000031 -0.022450
  6   7.247600 -0.397300 -0.109469 0.000001 -0.000003 0.156829
  7   -2.022252 -0.104661 3.136172 0.253359 -1.206138 -3.875849
  8   1.168026 -0.537438 -0.063437 -0.544104 0.390405 0.077051
  9   6.790376 -0.619176 0.015206 0.140539 -0.173275 -2.307872
 10   8.637599 0.544015 -0.090417 -1.356731 0.116365 -0.420586
 11   6.790465 -0.619039 0.017802 -0.122849 -0.526915 -0.578565
 12   -2.022474 -0.104699 -2.873818 -0.514912 1.396280 -3.660349
 13   1.167898 -0.537463 0.063297 -0.414326 -1.173922 0.403737
 14   7.002743 -0.617765 -0.183752 0.030176 -0.057329 -0.353784
 15   8.209042 0.615527 -0.255885 1.747115 -0.188455 0.226470
 16   7.002735 -0.617911 -0.183641 0.041742 -0.057309 -0.302392
 17   1.574674 0.609930 -0.000899 0.026851 0.007203 0.247520
 18   -0.602177 0.511412 -0.000006 0.000000 0.000000 0.000000
 19   3.646428 0.364526 1.119313 -0.000002 -0.000014 -0.174510
 20   3.646422 0.364499 -1.117566 0.000007 -0.000003 -0.174546
 21   3.805634 1.330634 1.627658 0.000002 -0.000011 -0.000026
 22   -0.246060 -0.011889 0.516521 -0.000011 0.000031 0.000025
 23   3.805651 1.330659 -1.631083 0.000019 0.000002 -0.000024
 24   -0.246150 -0.011872 -0.516511 -0.000005 -0.000006 0.000048
 25   4.941364 1.997338 1.629330 0.000018 -0.000001 -0.000024
 26   4.941382 1.997366 -1.629410 -0.000001 0.000005 -0.000024
 27   2.930087 1.603639 1.514501 -0.000019 -0.000022 -0.000050
 28   2.932517 1.603245 -1.501142 -0.000002 -0.000009 -0.000024
 29   8.824059 0.150544 0.091743 0.000541 -0.000231 -0.210425
 30   2.036864 -0.561179 1.928856 0.005199 -0.205039 -0.000105
 31   2.050975 -0.561289 -1.923914 -0.006374 0.254352 -0.001039
 32   -0.814395 -0.093824 3.127092 -0.083351 -3.103217 -0.358837
 33   14.298673 -0.408176 0.471578 -0.000399 0.000075 -0.469987
 34   15.835795 0.581398 0.242756 -0.056408 0.019890 0.053050
 35   -0.815868 -0.091229 -3.114430 0.147701 3.163736 -0.058618
 36   14.294526 -0.410349 -0.467541 0.000033 0.000036 -0.282107
 37   15.834409 0.579420 -0.284600 0.199935 0.023435 0.198943
 38   1.139685 -3.453749 -2.823813 0.000000 0.000000 0.000001
 39   -4.254611 -1.109543 -0.738367 0.002073 -0.001750 -0.148338
 40   1.118101 -3.449769 3.237290 0.000000 0.000001 0.000000
 41   -4.636971 -1.004441 0.951753 -0.016911 -0.095841 -0.147749
 42   -0.657468 1.962935 -2.465951 0.014190 0.107037 -0.068965
 43   -0.531251 1.932960 2.740467 -0.007621 -0.071676 -0.069843
time 28
  0   -0.010486 0.000000 2.055121 0.000000 0.000000 -1.571069
  1   -1.093036 0.000002 -0.326057 -0.221665 -1.569082 -1.348744
  2   2.262337 0.113614 0.064702 -0.000103 -0.001569 -0.016710
  3   2.380047 0.353302 0.047440 -0.011686 -0.000316 -0.028262
  4   2.033756 0.190472 -0.000128 -0.000010 0.000024 -0.139576
  5   2.451511 0.204909 -0.003447 -0.016638 -0.000005 -0.020221
  6   7.247600 -0.397300 -0.109469 0.000001 -0.000003 0.156829
  7   -2.022252 -0.104661 3.136172 0.250196 -1.205042 -3.872938
  8   1.168026 -0.537438 -0.063437 -0.544737 0.392820 0.078127
  9   6.790376 -0.619176 0.015206 0.153077 -0.152186 -2.336474
 10   8.637599 0.544015 -0.090417 -1.392573 0.169229 -0.526715
 11   6.790465 -0.619039 0.017802 -0.122849 -0.526915 -0.578565
 12   -2.022474 -0.104699 -2.873818 -0.514912 1.396280 -3.660349
 13   1.167898 -0.537463 0.063297 -0.411936 -1.174278 0.401255
 14   7.002743 -0.617765 -0.183752 0.029550 -0.056137 -0.351309
 15   8.209042 0.615527 -0.255885 1.747115 -0.188455 0.226470
 16   7.002735 -0.617911 -0.183641 0.041177 -0.056125 -0.299908
 17   1.574674 0.609930 -0.000899 0.026729 0.007226 0.245302
 18   -0.602177 0.511412 -0.000006 0.000000 0.000000 0.000000
 19   3.646428 0.364526 1.119313 -0.000002 -0.000014 -0.174510
 20   3.646422 0.364499 -1.117566 0.000007 -0.000003 -0.174546
 21   3.805634 1.330634 1.627658 0.000002 -0.000011 -0.000026
 22   -0.246060 -0.011889 0.516521 -0.000011 0.000031 0.000025
 23   3.805651 1.330659 -1.631083 0.000019 0.000002 -0.000024
 24   -0.246150 -0.011872 -0.516511 -0.000005 -0.000006 0.000048
 25   4.941364 1.997338 1.629330 0.000018 -0.000001 -0.000024
 26   4.941382 1.997366 -1.629410 -0.000001 0.000005 -0.000024
 27   2.930087 1.603639 1.514501 -0.000019 -0.000022 -0.000050
 28   2.932517 1.603245 -1.501142 -0.000002 -0.000009 -0.000024
 29   8.824059 0.150544 0.091743 0.000452 -0.000231 -0.204523
 30   2.040770 -0.561179 1.924949 0.005674 -0.195566 -0.000040
 31   2.054882 -0.561289 -1.916101 -0.006803 0.243655 -0.000985
 32   -0.814395 -0.093824 3.127092 -0.083351 -3.103217 -0.358837
 33   14.298673 -0.408176 0.471578 -0.000399 0.000075 -0.469987
 34   15.835795 0.581398 0.242756 -0.056408 0.019890 0.053050
 35   -0.815868 -0.091229 -3.114430 0.147701 3.163736 -0.058618
 36   14.294526 -0.410349 -0.467541 0.000033 0.000036 -0.282107
 37   15.834409 0.579420 -0.284600 0.199935 0.023435 0.198943
 38   1.139685 -3.453749 -2.823813 0.000000 0.000000 0.000001
 39   -4.238986 -1.113450 -0.738367 0.000635 -0.008233 -0.139700
 40   1.118101 -3.449769 3.237290 0.000000 0.000001 0.000000
 41   -4.652596 -1.000534 0.951753 -0.018673 -0.103846 -0.138999
 42   -0.657468 1.947310 -2.481576 0.013303 0.100797 -0.061395
 43   -0.535158 1.921241 2.748280 -0.007297 -0.067503 -0.062232
time 29
  0   -0.010486 0.000000 2.055121 0.000000 0.000000 -1.571069
  1   -1.093036 0.000002 -0.326057 -0.221665 -1.569082 -1.348744
  2   2.262337 0.113614 0.064702 -0.000103 -0.001569 -0.016710
  3   2.380047 0.353302 0.047440 -0.011686 -0.000316 -0.028262
  4   2.033756 0.190472 -0.000128 -0.000010 0.000024 -0.139576
  5   2.451511 0.204909 -0.003447 -0.016638 -0.000005 -0.018562
  6   7.247600 -0.397300 -0.109469 0.000001 -0.000003 0.156829
  7   -2.022252 -0.104661 3.136172 0.248087 -1.204293 -3.871059
  8   1.168026 -0.537438 -0.063437 -0.545180 0.394480 0.078823
  9   6.790376 -0.619176 0.015206 0.161621 -0.137836 -2.355945
 10   8.637599 0.544015 -0.090417 -1.423748 0.200130 -0.600361
 11   6.790465 -0.619039 0.017802 -0.122849 -0.526915 -0.578565
 12   -2.022474 -0.104699 -2.873818 -0.514912 1.396280 -3.660349
 13   1.167898 -0.537463 0.063297 -0.408702 -1.174736 0.397865
 14   7.002743 -0.617765 -0.183752 0.028753 -0.054547 -0.348009
 15   8.209042 0.615527 -0.255885 1.747115 -0.188455 0.226470
 16   7.002735 -0.617911 -0.183641 0.040424 -0.054490 -0.296596
 17   1.574674 0.609930 -0.000899 0.026607 0.007226 0.243639
 18   -0.602177 0.511412 -0.000006 0.000000 0.000000 0.000000
 19   3.646428 0.364526 1.119313 -0.000002 -0.000014 -0.174510
 20   3.646422 0.364499 -1.117566 0.000007 -0.000003 -0.174546
 21   3.805634 1.330634 1.627658 0.000002 -0.000011 -0.000026
 22   -0.246060 -0.011889 0.516521 -0.000011 0.000031 0.000025
 23   3.805651 1.330659 -1.631083 0.000019 0.000002 -0.000024
 24   -0.246150 -0.011872 -0.516511 -0.000005 -0.000006 0.000048
 25   4.941364 1.997338 1.629330 0.000018 -0.000001 -0.000024
 26   4.941382 1.997366 -1.629410 -0.000001 0.000005 -0.000024
 27   2.930087 1.603639 1.514501 -0.000019 -0.000022 -0.000050
 28   2.932517 1.603245 -1.501142 -0.000002 -0.000009 -0.000024
 29   8.824059 0.150544 0.091743 0.000362 -0.000231 -0.197227
 30   2.044677 -0.561179 1.917137 0.006243 -0.183883 0.000024
 31   2.058788 -0.561289 -1.908288 -0.007324 0.230497 -0.000912
 32   -0.814395 -0.093824 3.127092 -0.083351 -3.103217 -0.358837
 33   14.298673 -0.408176 0.471578 -0.000399 0.000075 -0.469987
 34   15.835795 0.581398 0.242756 -0.056408 0.019890 0.053050
 35   -0.815868 -0.091229 -3.114430 0.147701 3.163736 -0.058618
 36   14.294526 -0.410349 -0.467541 0.000033 0.000036 -0.282107
 37   15.834409 0.579420 -0.284600 0.199935 0.023435 0.198943
 38   1.139685 -3.453749 -2.823813 0.000000 0.000000 0.000001
 39   -4.219454 -1.117356 -0.738367 -0.000791 -0.014537 -0.128566
 40   1.118101 -3.449769 3.237290 0.000000 0.000001 0.000000
 41   -4.672128 -0.996628 0.951753 -0.020423 -0.111636 -0.127752
 42   -0.657468 1.927778 -2.497202 0.012164 0.092763 -0.051651
 43   -0.542971 1.901709 2.756092 -0.006884 -0.062136 -0.052403
time 30
  0   -0.010486 0.000000 2.055121 0.000000 0.000000 -1.571069
  1   -1.093036 0.000002 -0.326057 -0.221665 -1.569082 -1.348744
  2   2.262337 0.113614 0.064702 -0.000103 -0.001569 -0.016710
  3   2.380047 0.353302 0.047440 -0.011686 -0.000316 -0.028262
  4   2.033756 0.190472 -0.000128 -0.000010 0.000024 -0.139576
  5   2.451511 0.204909 -0.003447 -0.016638 -0.000005 -0.017447
  6   7.247600 -0.397300 -0.109469 0.000001 -0.000003 0.156829
  7   -2.022252 -0.104661 3.136172 0.247320 -1.204004 -3.870308
  8   1.168026 -0.537438 -0.063437 -0.545306 0.395084 0.079076
  9   6.790376 -0.619176 0.015206 0.164783 -0.132564 -2.363114
 10   8.637599 0.544015 -0.090417 -1.436518 0.210337 -0.627852
 11   6.790465 -0.619039 0.017802 -0.122849 -0.526915 -0.578565
 12   -2.022474 -0.104699 -2.873818 -0.514912 1.396280 -3.660349
 13   1.167898 -0.537463 0.063297 -0.404765 -1.175295 0.393748
 14   7.002743 -0.617765 -0.183752 0.027728 -0.052616 -0.343966
 15   8.209042 0.615527 -0.255885 1.747115 -0.188455 0.226470
 16   7.002735 -0.617911 -0.183641 0.039529 -0.052516 -0.292567
 17   1.574674 0.609930 -0.000899 0.026566 0.007226 0.242456
 18   -0.602177 0.511412 -0.000006 0.000000 0.000000 0.000000
 19   3.646428 0.364526 1.119313 -0.000002 -0.000014 -0.174510
 20   3.646422 0.364499 -1.117566 0.000007 -0.000003 -0.174546
 21   3.805634 1.330634 1.627658 0.000002 -0.000011 -0.000026
 22   -0.246060 -0.011889 0.516521 -0.000011 0.000031 0.000025
 23   3.805651 1.330659 -1.631083 0.000019 0.000002 -0.000024
 24   -0.246150 -0.011872 -0.516511 -0.000005 -0.000006 0.000048
 25   4.941364 1.997338 1.629330 0.000018 -0.000001 -0.000024
 26   4.941382 1.997366 -1.629410 -0.000001 0.000005 -0.000024
 27   2.930087 1.603639 1.514501 -0.000019 -0.000022 -0.000050
 28   2.932517 1.603245 -1.501142 -0.000002 -0.000009 -0.000024
 29   8.824059 0.150544 0.091743 0.000184 -0.000231 -0.188697
 30   2.048583 -0.561179 1.909324 0.006921 -0.170253 0.000131
 31   2.066601 -0.561289 -1.900475 -0.007921 0.215137 -0.000821
 32   -0.814395 -0.093824 3.127092 -0.083351 -3.103217 -0.358837
 33   14.298673 -0.408176 0.471578 -0.000399 0.000075 -0.469987
 34   15.835795 0.581398 0.242756 -0.056408 0.019890 0.053050
 35   -0.815868 -0.091229 -3.114430 0.147701 3.163736 -0.058618
 36   14.294526 -0.410349 -0.467541 0.000033 0.000036 -0.282107
 37   15.834409 0.579420 -0.284600 0.199935 0.023435 0.198943
 38   1.139685 -3.453749 -2.823813 0.000000 0.000000 0.000001
 39   -4.203828 -1.117356 -0.734461 -0.002217 -0.020602 -0.115496
 40   1.118101 -3.449769 3.237290 0.000000 0.000001 0.000000
 41   -4.687754 -0.996628 0.947847 -0.022137 -0.119139 -0.114542
 42   -0.657468 1.904340 -2.516734 0.010834 0.083333 -0.040191
 43   -0.550783 1.882177 2.767811 -0.006397 -0.055812 -0.040902
time 31
  0   -0.010486 0.000000 2.055121 0.000000 0.000000 -1.571069
  1   -1.093036 0.000002 -0.326057 -0.221665 -1.569082 -1.348744
  2   2.262337 0.113614 0.064702 -0.000103 -0.001569 -0.016710
  3   2.380047 0.353302 0.047440 -0.011686 -0.000316 -0.028262
  4   2.033756 0.190472 -0.000128 -0.000010 0.000024 -0.139576
  5   2.451511 0.204909 -0.003447 -0.016638 -0.000005 -0.016531
  6   7.247600 -0.397300 -0.109469 0.000001 -0.000003 0.156829
  7   -2.022252 -0.104661 3.136172 0.247416 -1.204062 -3.870402
  8   1.168026 -0.537438 -0.063437 -0.545180 0.394480 0.078823
  9   6.790376 -0.619176 0.015206 0.161621 -0.137836 -2.355945
 10   8.637599 0.544015 -0.090417 -1.422692 0.200130 -0.600361
 11   6.790465 -0.619039 0.017802 -0.122849 -0.526915 -0.578565
 12   -2.022474 -0.104699 -2.873818 -0.514912 1.396280 -3.660349
 13   1.167898 -0.537463 0.063297 -0.400196 -1.175956 0.388905
 14   7.002743 -0.617765 -0.183752 0.026589 -0.050402 -0.339181
 15   8.209042 0.615527 -0.255885 1.747115 -0.188455 0.226470
 16   7.002735 -0.617911 -0.183641 0.038494 -0.050205 -0.287821
 17   1.574674 0.609930 -0.000899 0.026526 0.007226 0.241495
 18   -0.602177 0.511412 -0.000006 0.000000 0.000000 0.000000
 19   3.646428 0.364526 1.119313 -0.000002 -0.000014 -0.174510
 20   3.646422 0.364499 -1.117566 0.000007 -0.000003 -0.174546
 21   3.805634 1.330634 1.627658 0.000002 -0.000011 -0.000026
 22   -0.246060 -0.011889 0.516521 -0.000011 0.000031 0.000025
 23   3.805651 1.330659 -1.631083 0.000019 0.000002 -0.000024
 24   -0.246150 -0.011872 -0.516511 -0.000005 -0.000006 0.000048
 25   4.941364 1.997338 1.629330 0.000018 -0.000001 -0.000024
 26   4.941382 1.997366 -1.629410 -0.000001 0.000005 -0.000024
 27   2.930087 1.603639 1.514501 -0.000019 -0.000022 -0.000050
 28   2.932517 1.603245 -1.501142 -0.000002 -0.000009 -0.000024
 29   8.824059 0.150544 0.091743 0.000095 -0.000231 -0.179094
 30   2.052489 -0.561179 1.897605 0.007681 -0.154909 0.000238
 31   2.070507 -0.561289 -1.892663 -0.008611 0.197809 -0.000730
 32   -0.814395 -0.093824 3.127092 -0.083351 -3.103217 -0.358837
 33   14.298673 -0.408176 0.471578 -0.000399 0.000075 -0.469987
 34   15.835795 0.581398 0.242756 -0.056408 0.019890 0.053050
 35   -0.815868 -0.091229 -3.114430 0.147701 3.163736 -0.058618
 36   14.294526 -0.410349 -0.467541 0.000033 0.000036 -0.282107
 37   15.834409 0.579420 -0.284600 0.199935 0.023435 0.198943
 38   1.139685 -3.453749 -2.823813 0.000000 0.000000 0.000001
 39   -4.188203 -1.117356 -0.734461 -0.003607 -0.026378 -0.101024
 40   1.118101 -3.449769 3.237290 0.000000 0.000001 0.000000
 41   -4.703379 -0.996628 0.947847 -0.023814 -0.126270 -0.099902
 42   -0.653562 1.876995 -2.536265 0.009348 0.072892 -0.027561
 43   -0.558596 1.858739 2.779531 -0.005847 -0.048830 -0.028146
time 32
  0   -0.010486 0.000000 2.055121 0.000000 0.000000 -1.571069
  1   -1.093036 0.000002 -0.326057 -0.221665 -1.569082 -1.348744
  2   2.262337 0.113614 0.064702 -0.000103 -0.001569 -0.016710
  3   2.380047 0.353302 0.047440 -0.011686 -0.000316 -0.028262
  4   2.033756 0.190472 -0.000128 -0.000010 0.000024 -0.139576
  5   2.451511 0.204909 -0.003447 -0.016638 -0.000005 -0.015639
  6   7.247600 -0.397300 -0.109469 0.000001 -0.000003 0.156829
  7   -2.022252 -0.104661 3.136172 0.247895 -1.204264 -3.870872
  8   1.168026 -0.537438 -0.063437 -0.544737 0.392820 0.078127
  9   6.790376 -0.619176 0.015206 0.153077 -0.152186 -2.336474
 10   8.637599 0.544015 -0.090417 -1.388875 0.169229 -0.526715
 11   6.790465 -0.619039 0.017802 -0.122849 -0.526915 -0.578565
 12   -2.022474 -0.104699 -2.873818 -0.514912 1.396280 -3.660349
 13   1.167898 -0.537463 0.063297 -0.394994 -1.176668 0.383457
 14   7.002743 -0.617765 -0.183752 0.025280 -0.047846 -0.333900
 15   8.209042 0.615527 -0.255885 1.747115 -0.188455 0.226470
 16   7.002735 -0.617911 -0.183641 0.037317 -0.047611 -0.282522
 17   1.574674 0.609930 -0.000899 0.026485 0.007226 0.240571
 18   -0.602177 0.511412 -0.000006 0.000000 0.000000 0.000000
 19   3.646428 0.364526 1.119313 -0.000002 -0.000014 -0.174510
 20   3.646422 0.364499 -1.117566 0.000007 -0.000003 -0.174546
 21   3.805634 1.330634 1.627658 0.000002 -0.000011 -0.000026
 22   -0.246060 -0.011889 0.516521 -0.000011 0.000031 0.000025
 23   3.805651 1.330659 -1.631083 0.000019 0.000002 -0.000024
 24   -0.246150 -0.011872 -0.516511 -0.000005 -0.000006 0.000048
 25   4.941364 1.997338 1.629330 0.000018 -0.000001 -0.000024
 26   4.941382 1.997366 -1.629410 -0.000001 0.000005 -0.000024
 27   2.930087 1.603639 1.514501 -0.000019 -0.000022 -0.000050
 28   2.932517 1.603245 -1.501142 -0.000002 -0.000009 -0.000024
 29   8.824059 0.150544 0.091743 0.000006 -0.000231 -0.168633
 30   2.056396 -0.561179 1.889792 0.008508 -0.138054 0.000367
 31   2.078320 -0.561289 -1.880944 -0.009362 0.178798 -0.000639
 32   -0.814395 -0.093824 3.127092 -0.083351 -3.103217 -0.358837
 33   14.298673 -0.408176 0.471578 -0.000399 0.000075 -0.469987
 34   15.835795 0.581398 0.242756 -0.056408 0.019890 0.053050
 35   -0.815868 -0.091229 -3.114430 0.147701 3.163736 -0.058618
 36   14.294526 -0.410349 -0.467541 0.000033 0.000036 -0.282107
 37   15.834409 0.579420 -0.284600 0.199935 0.023435 0.198943
 38   1.139685 -3.453749 -2.823813 0.000000 0.000000 0.000001
 39   -4.172577 -1.121262 -0.734461 -0.004938 -0.031807 -0.085738
 40   1.118101 -3.449769 3.237290 0.000000 0.000001 0.000000
 41   -4.719005 -0.992722 0.947847 -0.025408 -0.132969 -0.084448
 42   -0.649655 1.845744 -2.559704 0.007790 0.061853 -0.014178
 43   -0.570315 1.831395 2.795156 -0.005248 -0.041439 -0.014680
time 33
  0   -0.010486 0.000000 2.055121 0.000000 0.000000 -1.571069
  1   -1.093036 0.000002 -0.326057 -0.221665 -1.569082 -1.348744
  2   2.262337 0.113614 0.064702 -0.000103 -0.001569 -0.016710
  3   2.380047 0.353302 0.047440 -0.011686 -0.000316 -0.028262
  4   2.033756 0.190472 -0.000128 -0.000010 0.000024 -0.139576
  5   2.451511 0.204909 -0.003447 -0.016638 0.000008 -0.014649
  6   7.247600 -0.397300 -0.109469 0.000001 -0.000003 0.156829
  7   -2.022252 -0.104661 3.136172 0.248854 -1.204638 -3.871717
  8   1.168026 -0.537438 -0.063437 -0.544104 0.390405 0.077051
  9   6.790376 -0.619176 0.015206 0.140539 -0.173275 -2.307872
 10   8.637599 0.544015 -0.090417 -1.349598 0.116365 -0.420586
 11   6.790465 -0.619039 0.017802 -0.122849 -0.526915 -0.578565
 12   -2.022474 -0.104699 -2.873818 -0.514912 1.396280 -3.660349
 13   1.167898 -0.537463 0.063297 -0.389230 -1.177482 0.377464
 14   7.002743 -0.617765 -0.183752 0.023799 -0.045064 -0.328042
 15   8.209042 0.615527 -0.255885 1.747115 -0.188455 0.226470
 16   7.002735 -0.617911 -0.183641 0.035999 -0.044791 -0.276727
 17   1.574674 0.609930 -0.000899 0.026445 0.007226 0.239537
 18   -0.602177 0.511412 -0.000006 0.000000 0.000000 0.000000
 19   3.646428 0.364526 1.119313 -0.000002 -0.000014 -0.174510
 20   3.646422 0.364499 -1.117566 0.000007 -0.000003 -0.174546
 21   3.805634 1.330634 1.627658 0.000002 -0.000011 -0.000026
 22   -0.246060 -0.011889 0.516521 -0.000011 0.000031 0.000025
 23   3.805651 1.330659 -1.631083 0.000019 0.000002 -0.000024
 24   -0.246150 -0.011872 -0.516511 -0.000005 -0.000006 0.000048
 25   4.941364 1.997338 1.629330 0.000018 -0.000001 -0.000024
 26   4.941382 1.997366 -1.629410 -0.000001 0.000005 -0.000024
 27   2.930087 1.603639 1.514501 -0.000019 -0.000022 -0.000050
 28   2.932517 1.603245 -1.501142 -0.000002 -0.000009 -0.000024
 29   8.824059 0.150544 0.091743 -0.000172 -0.000207 -0.157313
 30   2.064209 -0.561179 1.878073 0.009403 -0.119920 0.000496
 31   2.086133 -0.565195 -1.869224 -0.010174 0.158335 -0.000530
 32   -0.814395 -0.093824 3.127092 -0.083351 -3.103217 -0.358837
 33   14.298673 -0.408176 0.471578 -0.000399 0.000075 -0.469987
 34   15.835795 0.581398 0.242756 -0.056408 0.019890 0.053050
 35   -0.815868 -0.091229 -3.114430 0.147701 3.163736 -0.058618
 36   14.294526 -0.410349 -0.467541 0.000033 0.000036 -0.282107
 37   15.834409 0.579420 -0.284600 0.199935 0.023435 0.198943
 38   1.139685 -3.453749 -2.823813 0.000000 0.000000 0.000001
 39   -4.160858 -1.121262 -0.734461 -0.006196 -0.036805 -0.070145
 40   1.118101 -3.449769 3.237290 0.000000 0.000001 0.000000
 41   -4.730724 -0.992722 0.947847 -0.026906 -0.139153 -0.068714
 42   -0.649655 1.818399 -2.583142 0.006196 0.050629 -0.000544
 43   -0.578128 1.807956 2.810781 -0.004623 -0.033923 -0.000962
time 34
  0   -0.010486 0.000000 2.055121 0.000000 0.000000 -1.571069
  1   -1.093036 0.000002 -0.326057 -0.221665 -1.569082 -1.348744
  2   2.262337 0.113614 0.064702 -0.000103 -0.001569 -0.016710
  3   2.380047 0.353302 0.047440 -0.011686 -0.000316 -0.028262
  4   2.033756 0.190472 -0.000128 -0.000010 0.000024 -0.139576
  5   2.451511 0.204909 -0.003447 -0.016638 0.000008 -0.013732
  6   7.247600 -0.397300 -0.109469 0.000001 -0.000003 0.156829
  7   -2.022252 -0.104661 3.136172 0.250291 -1.205186 -3.873126
  8   1.168026 -0.537438 -0.063437 -0.543281 0.387486 0.075850
  9   6.790376 -0.619176 0.015206 0.125282 -0.198904 -2.273157
 10   8.637599 0.544015 -0.090417 -1.319656 0.043089 -0.295141
 11   6.790465 -0.619039 0.017802 -0.122849 -0.526915 -0.578565
 12   -2.022474 -0.104699 -2.873818 -0.514912 1.396280 -3.660349
 13   1.167898 -0.537463 0.063297 -0.383114 -1.178295 0.371048
 14   7.002743 -0.617765 -0.183752 0.022262 -0.042111 -0.321855
 15   8.209042 0.615527 -0.255885 1.747115 -0.188455 0.226470
 16   7.002735 -0.617911 -0.183641 0.034633 -0.041746 -0.270490
 17   1.574674 0.609930 -0.000899 0.026404 0.007226 0.238612
 18   -0.602177 0.511412 -0.000006 0.000000 0.000000 0.000000
 19   3.646428 0.364526 1.119313 -0.000002 -0.000014 -0.174510
 20   3.646422 0.364499 -1.117566 0.000007 -0.000003 -0.174546
 21   3.805634 1.330634 1.627658 0.000002 -0.000011 -0.000026
 22   -0.246060 -0.011889 0.516521 -0.000011 0.000031 0.000025
 23   3.805651 1.330659 -1.631083 0.000019 0.000002 -0.000024
 24   -0.246150 -0.011872 -0.516511 -0.000005 -0.000006 0.000048
 25   4.941364 1.997338 1.629330 0.000018 -0.000001 -0.000024
 26   4.941382 1.997366 -1.629410 -0.000001 0.000005 -0.000024
 27   2.930087 1.603639 1.514501 -0.000019 -0.000022 -0.000050
 28   2.932517 1.603245 -1.501142 -0.000002 -0.000009 -0.000024
 29   8.824059 0.150544 0.091743 -0.000440 -0.000207 -0.145349
 30   2.068115 -0.561179 1.866354 0.010352 -0.100768 0.000646
 31   2.093946 -0.565195 -1.857505 -0.011016 0.136734 -0.000420
 32   -0.814395 -0.093824 3.127092 -0.083351 -3.103217 -0.358837
 33   14.298673 -0.408176 0.471578 -0.000399 0.000075 -0.469987
 34   15.835795 0.581398 0.242756 -0.056408 0.019890 0.053050
 35   -0.815868 -0.091229 -3.114430 0.147701 3.163736 -0.058618
 36   14.294526 -0.410349 -0.467541 0.000033 0.000036 -0.282107
 37   15.834409 0.579420 -0.284600 0.199935 0.023435 0.198943
 38   1.139685 -3.453749 -2.823813 0.000000 0.000000 0.000001
 39   -4.149139 -1.121262 -0.734461 -0.007347 -0.041347 -0.054859
 40   1.118101 -3.449769 3.237290 0.000000 0.000001 0.000000
 41   -4.742443 -0.992722 0.947847 -0.028285 -0.144750 -0.053232
 42   -0.645749 1.791055 -2.606580 0.004626 0.039590 0.012798
 43   -0.589847 1.780612 2.822500 -0.003986 -0.026532 0.012463
time 35
  0   -0.010486 0.000000 2.055121 0.000000 0.000000 -1.571069
  1   -1.093036 0.000002 -0.326057 -0.221665 -1.569082 -1.348744
  2   2.262337 0.113614 0.064702 -0.000103 -0.001569 -0.016710
  3   2.380047 0.353302 0.047440 -0.011686 -0.000316 -0.028262
  4   2.033756 0.190472 -0.000128 -0.000010 0.000024 -0.139576
  5   2.451511 0.204909 -0.003447 -0.016638 0.000021 -0.013188
  6   7.247600 -0.397300 -0.109469 0.000001 -0.000003 0.156829
  7   -2.022252 -0.104661 3.136172 0.252400 -1.205936 -3.875004
  8   1.168026 -0.537438 -0.063437 -0.542459 0.384317 0.074458
  9   6.790376 -0.619176 0.015206 0.108638 -0.226801 -2.235423
 10   8.637599 0.544015 -0.090417 -1.310497 -0.043843 -0.161304
 11   6.790465 -0.619039 0.017802 -0.122849 -0.526915 -0.578565
 12   -2.022474 -0.104699 -2.873818 -0.514912 1.396280 -3.660349
 13   1.167898 -0.537463 0.063297 -0.376647 -1.179160 0.364268
 14   7.002743 -0.617765 -0.183752 0.020668 -0.038988 -0.315254
 15   8.209042 0.615527 -0.255885 1.747115 -0.188455 0.226470
 16   7.002735 -0.617911 -0.183641 0.033127 -0.038532 -0.263922
 17   1.574674 0.609930 -0.000899 0.026363 0.007226 0.238058
 18   -0.602177 0.511412 -0.000006 0.000000 0.000000 0.000000
 19   3.646428 0.364526 1.119313 -0.000002 -0.000014 -0.174510
 20   3.646422 0.364499 -1.117566 0.000007 -0.000003 -0.174546
 21   3.805634 1.330634 1.627658 0.000002 -0.000011 -0.000026
 22   -0.246060 -0.011889 0.516521 -0.000011 0.000031 0.000025
 23   3.805651 1.330659 -1.631083 0.000019 0.000002 -0.000024
 24   -0.246150 -0.011872 -0.516511 -0.000005 -0.000006 0.000048
 25   4.941364 1.997338 1.629330 0.000018 -0.000001 -0.000024
 26   4.941382 1.997366 -1.629410 -0.000001 0.000005 -0.000024
 27   2.930087 1.603639 1.514501 -0.000019 -0.000022 -0.000050
 28   2.932517 1.603245 -1.501142 -0.000002 -0.000009 -0.000024
 29   8.824059 0.150544 0.091743 -0.000618 -0.000207 -0.132849
 30   2.075928 -0.561179 1.854635 0.011328 -0.080774 0.000775
 31   2.101758 -0.565195 -1.849693 -0.011905 0.114199 -0.000293
 32   -0.814395 -0.093824 3.127092 -0.083351 -3.103217 -0.358837
 33   14.298673 -0.408176 0.471578 -0.000399 0.000075 -0.469987
 34   15.835795 0.581398 0.242756 -0.056408 0.019890 0.053050
 35   -0.815868 -0.091229 -3.114430 0.147701 3.163736 -0.058618
 36   14.294526 -0.410349 -0.467541 0.000033 0.000036 -0.282107
 37   15.834409 0.579420 -0.284600 0.199935 0.023435 0.198943
 38   1.139685 -3.453749 -2.823813 0.000000 0.000000 0.000001
 39   -4.137420 -1.121262 -0.734461 -0.008389 -0.045338 -0.040387
 40   1.118101 -3.449769 3.237290 0.000000 0.000001 0.000000
 41   -4.754162 -0.992722 0.947847 -0.029519 -0.149688 -0.038620
 42   -0.645749 1.763710 -2.630018 0.003152 0.029149 0.025428
 43   -0.601566 1.757174 2.834219 -0.003361 -0.019550 0.025219
time 36
  0   -0.010486 0.000000 2.055121 0.000000 0.000000 -1.571069
  1   -1.093036 0.000002 -0.326057 -0.221665 -1.569082 -1.348744
  2   2.262337 0.113614 0.064702 -0.000103 -0.001569 -0.016710
  3   2.380047 0.353302 0.047440 -0.011686 -0.000316 -0.028262
  4   2.033756 0.190472 -0.000128 -0.000010 0.000024 -0.139576
  5   2.451511 0.204909 -0.003447 -0.016638 0.000021 -0.012915
  6   7.247600 -0.397300 -0.109469 0.000001 -0.000003 0.156829
  7   -2.022252 -0.104661 3.136172 0.255180 -1.206945 -3.877634
  8   1.168026 -0.537438 -0.063437 -0.541573 0.381147 0.073129
  9   6.790376 -0.619176 0.015206 0.091994 -0.254765 -2.197690
 10   8.637599 0.544015 -0.090417 -1.326701 -0.133802 -0.027539
 11   6.790465 -0.619039 0.017802 -0.122849 -0.526915 -0.578565
 12   -2.022474 -0.104699 -2.873818 -0.514912 1.396280 -3.660349
 13   1.167898 -0.537463 0.063297 -0.369898 -1.180075 0.357185
 14   7.002743 -0.617765 -0.183752 0.018960 -0.035751 -0.308406
 15   8.209042 0.615527 -0.255885 1.747115 -0.188455 0.226470
 16   7.002735 -0.617911 -0.183641 0.031620 -0.035205 -0.257078
 17   1.574674 0.609930 -0.000899 0.026323 0.007226 0.237799
 18   -0.602177 0.511412 -0.000006 0.000000 0.000000 0.000000
 19   3.646428 0.364526 1.119313 -0.000002 -0.000014 -0.174510
 20   3.646422 0.364499 -1.117566 0.000007 -0.000003 -0.174546
 21   3.805634 1.330634 1.627658 0.000002 -0.000011 -0.000026
 22   -0.246060 -0.011889 0.516521 -0.000011 0.000031 0.000025
 23   3.805651 1.330659 -1.631083 0.000019 0.000002 -0.000024
 24   -0.246150 -0.011872 -0.516511 -0.000005 -0.000006 0.000048
 25   4.941364 1.997338 1.629330 0.000018 -0.000001 -0.000024
 26   4.941382 1.997366 -1.629410 -0.000001 0.000005 -0.000024
 27   2.930087 1.603639 1.514501 -0.000019 -0.000022 -0.000050
 28   2.932517 1.603245 -1.501142 -0.000002 -0.000009 -0.000024
 29   8.824059 0.150544 0.091743 -0.000796 -0.000184 -0.120028
 30   2.083740 -0.561179 1.839009 0.012345 -0.060228 0.000925
 31   2.109571 -0.565195 -1.837973 -0.012824 0.091018 -0.000166
 32   -0.814395 -0.093824 3.127092 -0.083351 -3.103217 -0.358837
 33   14.298673 -0.408176 0.471578 -0.000399 0.000075 -0.469987
 34   15.835795 0.581398 0.242756 -0.056408 0.019890 0.053050
 35   -0.815868 -0.091229 -3.114430 0.147701 3.163736 -0.058618
 36   14.294526 -0.410349 -0.467541 0.000033 0.000036 -0.282107
 37   15.834409 0.579420 -0.284600 0.199935 0.023435 0.198943
 38   1.139685 -3.453749 -2.823813 0.000000 0.000000 0.000001
 39   -4.125701 -1.121262 -0.734461 -0.009276 -0.048741 -0.027317
 40   1.118101 -3.449769 3.237290 0.000000 0.000001 0.000000
 41   -4.765881 -0.992722 0.947847 -0.030574 -0.153894 -0.025410
 42   -0.641843 1.740272 -2.649550 0.001810 0.019719 0.036887
 43   -0.609379 1.737642 2.845939 -0.002761 -0.013226 0.036720
time 37
  0   -0.010486 0.000000 2.055121 0.000000 0.000000 -1.571069
  1   -1.093036 0.000002 -0.326057 -0.221665 -1.569082 -1.348744
  2   2.262337 0.113614 0.064702 -0.000103 -0.001569 -0.016710
  3   2.380047 0.353302 0.047440 -0.011686 -0.000316 -0.028262
  4   2.033756 0.190472 -0.000128 -0.000010 0.000024 -0.139576
  5   2.451511 0.204909 -0.003447 -0.016638 0.000021 -0.012791
  6   7.247600 -0.397300 -0.109469 0.000001 -0.000003 0.156829
  7   -2.022252 -0.104661 3.136172 0.258823 -1.208213 -3.880921
  8   1.168026 -0.537438 -0.063437 -0.540814 0.378229 0.071864
  9   6.790376 -0.619176 0.015206 0.076626 -0.280460 -2.162974
 10   8.637599 0.544015 -0.090417 -1.365185 -0.214892 0.097906
 11   6.790465 -0.619039 0.017802 -0.122849 -0.526915 -0.578565
 12   -2.022474 -0.104699 -2.873818 -0.514912 1.396280 -3.660349
 13   1.167898 -0.537463 0.063297 -0.362939 -1.180991 0.349861
 14   7.002743 -0.617765 -0.183752 0.017195 -0.032401 -0.301476
 15   8.209042 0.615527 -0.255885 1.747115 -0.188455 0.226470
 16   7.002735 -0.617911 -0.183641 0.030067 -0.031822 -0.250124
 17   1.574674 0.609930 -0.000899 0.026282 0.007226 0.237651
 18   -0.602177 0.511412 -0.000006 0.000000 0.000000 0.000000
 19   3.646428 0.364526 1.119313 -0.000002 -0.000014 -0.174510
 20   3.646422 0.364499 -1.117566 0.000007 -0.000003 -0.174546
 21   3.805634 1.330634 1.627658 0.000002 -0.000011 -0.000026
 22   -0.246060 -0.011889 0.516521 -0.000011 0.000031 0.000025
 23   3.805651 1.330659 -1.631083 0.000019 0.000002 -0.000024
 24   -0.246150 -0.011872 -0.516511 -0.000005 -0.000006 0.000048
 25   4.941364 1.997338 1.629330 0.000018 -0.000001 -0.000024
 26   4.941382 1.997366 -1.629410 -0.000001 0.000005 -0.000024
 27   2.930087 1.603639 1.514501 -0.000019 -0.000022 -0.000050
 28   2.932517 1.603245 -1.501142 -0.000002 -0.000009 -0.000024
 29   8.824059 0.150544 0.091743 -0.001063 -0.000184 -0.106937
 30   2.087647 -0.561179 1.827290 0.013376 -0.039362 0.001075
 31   2.117383 -0.565195 -1.822348 -0.013759 0.067447 -0.000038
 32   -0.814395 -0.093824 3.127092 -0.083351 -3.103217 -0.358837
 33   14.298673 -0.408176 0.471578 -0.000399 0.000075 -0.469987
 34   15.835795 0.581398 0.242756 -0.056408 0.019890 0.053050
 35   -0.815868 -0.091229 -3.114430 0.147701 3.163736 -0.058618
 36   14.294526 -0.410349 -0.467541 0.000033 0.000036 -0.282107
 37   15.834409 0.579420 -0.284600 0.199935 0.023435 0.198943
 38   1.139685 -3.453749 -2.823813 0.000000 0.000000 0.000001
 39   -4.117888 -1.121262 -0.730555 -0.010007 -0.051498 -0.016183
 40   1.118101 -3.449769 3.237290 0.000000 0.000001 0.000000
 41   -4.773694 -0.992722 0.943941 -0.031437 -0.157298 -0.014135
 42   -0.641843 1.716834 -2.665176 0.000671 0.011685 0.046632
 43   -0.621098 1.718110 2.857658 -0.002211 -0.007844 0.046548
time 38
  0   -0.010486 0.000000 2.055121 0.000000 0.000000 -1.571069
  1   -1.093036 0.000002 -0.326057 -0.221665 -1.569082 -1.348744
  2   2.262337 0.113614 0.064702 -0.000103 -0.001569 -0.016710
  3   2.380047 0.353302 0.047440 -0.011686 -0.000316 -0.028262
  4   2.033756 0.190472 -0.000128 -0.000010 0.000024 -0.139576
  5   2.451511 0.204909 -0.003447 -0.016638 0.000021 -0.012717
  6   7.247600 -0.397300 -0.109469 0.000001 -0.000003 0.156829
  7   -2.022252 -0.104661 3.136172 0.263328 -1.209770 -3.885147
  8   1.168026 -0.537438 -0.063437 -0.540181 0.375814 0.070852
  9   6.790376 -0.619176 0.015206 0.064032 -0.301617 -2.134448
 10   8.637599 0.544015 -0.090417 -1.415470 -0.277610 0.204975
 11   6.790465 -0.619039 0.017802 -0.122849 -0.526915 -0.578565
 12   -2.022474 -0.104699 -2.873818 -0.514912 1.396280 -3.660349
 13   1.167898 -0.537463 0.063297 -0.355910 -1.181906 0.342475
 14   7.002743 -0.617765 -0.183752 0.015430 -0.029051 -0.294380
 15   8.209042 0.615527 -0.255885 1.747115 -0.188455 0.226470
 16   7.002735 -0.617911 -0.183641 0.028466 -0.028326 -0.243059
 17   1.574674 0.609930 -0.000899 0.026282 0.007226 0.237578
 18   -0.602177 0.511412 -0.000006 0.000000 0.000000 0.000000
 19   3.646428 0.364526 1.119313 -0.000002 -0.000014 -0.174510
 20   3.646422 0.364499 -1.117566 0.000007 -0.000003 -0.174546
 21   3.805634 1.330634 1.627658 0.000002 -0.000011 -0.000026
 22   -0.246060 -0.011889 0.516521 -0.000011 0.000031 0.000025
 23   3.805651 1.330659 -1.631083 0.000019 0.000002 -0.000024
 24   -0.246150 -0.011872 -0.516511 -0.000005 -0.000006 0.000048
 25   4.941364 1.997338 1.629330 0.000018 -0.000001 -0.000024
 26   4.941382 1.997366 -1.629410 -0.000001 0.000005 -0.000024
 27   2.930087 1.603639 1.514501 -0.000019 -0.000022 -0.000050
 28   2.932517 1.603245 -1.501142 -0.000002 -0.000009 -0.000024
 29   8.824059 0.150544 0.091743 -0.001242 -0.000160 -0.093847
 30   2.095459 -0.561179 1.815571 0.014406 -0.018351 0.001225
 31   2.121290 -0.565195 -1.810629 -0.014694 0.043748 0.000053
 32   -0.814395 -0.093824 3.127092 -0.083351 -3.103217 -0.358837
 33   14.298673 -0.408176 0.471578 -0.000399 0.000075 -0.469987
 34   15.835795 0.581398 0.242756 -0.056408 0.019890 0.053050
 35   -0.815868 -0.091229 -3.114430 0.147701 3.163736 -0.058618
 36   14.294526 -0.410349 -0.467541 0.000033 0.000036 -0.282107
 37   15.834409 0.579420 -0.284600 0.199935 0.023435 0.198943
 38   1.139685 -3.453749 -2.823813 0.000000 0.000000 0.000001
 39   -4.113982 -1.121262 -0.730555 -0.010558 -0.053535 -0.007545
 40   1.118101 -3.449769 3.237290 0.000000 0.000001 0.000000
 41   -4.777600 -0.992722 0.943941 -0.032096 -0.159815 -0.005413
 42   -0.637936 1.701208 -2.676895 -0.000204 0.005445 0.054202
 43   -0.628911 1.706391 2.865470 -0.001712 -0.003670 0.054160
time 39
  0   -0.010486 0.000000 2.055121 0.000000 0.000000 -1.571069
  1   -1.093036 0.000002 -0.326057 -0.221665 -1.569082 -1.348744
  2   2.262337 0.113614 0.064702 -0.000103 -0.001569 -0.016710
  3   2.380047 0.353302 0.047440 -0.011686 -0.000316 -0.028262
  4   2.033756 0.190472 -0.000128 -0.000010 0.000024 -0.139576
  5   2.451511 0.204909 -0.003447 -0.016638 0.000021 -0.012668
  6   7.247600 -0.397300 -0.109469 0.000001 -0.000003 0.156829
  7   -2.022252 -0.104661 3.136172 0.268984 -1.211643 -3.890312
  8   1.168026 -0.537438 -0.063437 -0.539738 0.374203 0.070156
  9   6.790376 -0.619176 0.015206 0.055433 -0.315966 -2.115128
 10   8.637599 0.544015 -0.090417 -1.461704 -0.316887 0.280069
 11   6.790465 -0.619039 0.017802 -0.122849 -0.526915 -0.578565
 12   -2.022474 -0.104699 -2.873818 -0.514912 1.396280 -3.660349
 13   1.167898 -0.537463 0.063297 -0.348810 -1.182771 0.335090
 14   7.002743 -0.617765 -0.183752 0.013665 -0.025700 -0.287285
 15   8.209042 0.615527 -0.255885 1.747115 -0.188455 0.226470
 16   7.002735 -0.617911 -0.183641 0.026866 -0.024886 -0.235995
 17   1.574674 0.609930 -0.000899 0.026282 0.007226 0.237541
 18   -0.602177 0.511412 -0.000006 0.000000 0.000000 0.000000
 19   3.646428 0.364526 1.119313 -0.000002 -0.000014 -0.174510
 20   3.646422 0.364499 -1.117566 0.000007 -0.000003 -0.174546
 21   3.805634 1.330634 1.627658 0.000002 -0.000011 -0.000026
 22   -0.246060 -0.011889 0.516521 -0.000011 0.000031 0.000025
 23   3.805651 1.330659 -1.631083 0.000019 0.000002 -0.000024
 24   -0.246150 -0.011872 -0.516511 -0.000005 -0.000006 0.000048
 25   4.941364 1.997338 1.629330 0.000018 -0.000001 -0.000024
 26   4.941382 1.997366 -1.629410 -0.000001 0.000005 -0.000024
 27   2.930087 1.603639 1.514501 -0.000019 -0.000022 -0.000050
 28   2.932517 1.603245 -1.501142 -0.000002 -0.000009 -0.000024
 29   8.824059 0.150544 0.091743 -0.001509 -0.000160 -0.080757
 30   2.103272 -0.561179 1.799945 0.015437 0.002515 0.001396
 31   2.129103 -0.565195 -1.795003 -0.015613 0.020177 0.000180
 32   -0.814395 -0.093824 3.127092 -0.083351 -3.103217 -0.358837
 33   14.298673 -0.408176 0.471578 -0.000399 0.000075 -0.469987
 34   15.835795 0.581398 0.242756 -0.056408 0.019890 0.053050
 35   -0.815868 -0.091229 -3.114430 0.147701 3.163736 -0.058618
 36   14.294526 -0.410349 -0.467541 0.000033 0.000036 -0.282107
 37   15.834409 0.579420 -0.284600 0.199935 0.023435 0.198943
 38   1.139685 -3.453749 -2.823813 0.000000 0.000000 0.000001
 39   -4.110075 -1.121262 -0.730555 -0.010906 -0.054806 -0.001963
 40   1.118101 -3.449769 3.237290 0.000000 0.000001 0.000000
 41   -4.781507 -0.992722 0.943941 -0.032491 -0.161384 0.000224
 42   -0.637936 1.693396 -2.688614 -0.000767 0.001413 0.059095
 43   -0.636723 1.698578 2.869377 -0.001299 -0.000971 0.059053
time 40
  0   -0.010486 0.000000 2.055121 0.000000 0.000000 -1.571069
  1   -1.093036 0.000002 -0.326057 -0.221665 -1.569082 -1.348744
  2   2.262337 0.113614 0.064702 -0.000103 -0.001569 -0.016710
  3   2.380047 0.353302 0.047440 -0.011686 -0.000316 -0.028262
  4   2.033756 0.190472 -0.000128 -0.000010 0.000024 -0.139576
  5   2.451511 0.204909 -0.003447 -0.016638 0.000021 -0.012668
  6   7.247600 -0.397300 -0.109469 0.000001 -0.000003 0.156829
  7   -2.022252 -0.104661 3.136172 0.275790 -1.213834 -3.896605
  8   1.168026 -0.537438 -0.063437 -0.539548 0.373600 0.069903
  9   6.790376 -0.619176 0.015206 0.052270 -0.321238 -2.107959
 10   8.637599 0.544015 -0.090417 -1.487683 -0.330473 0.308355
 11   6.790465 -0.619039 0.017802 -0.122849 -0.526915 -0.578565
 12   -2.022474 -0.104699 -2.873818 -0.514912 1.396280 -3.660349
 13   1.167898 -0.537463 0.063297 -0.341780 -1.183686 0.327705
 14   7.002743 -0.617765 -0.183752 0.011957 -0.022350 -0.280272
 15   8.209042 0.615527 -0.255885 1.747115 -0.188455 0.226470
 16   7.002735 -0.617911 -0.183641 0.025312 -0.021503 -0.228985
 17   1.574674 0.609930 -0.000899 0.026282 0.007226 0.237541
 18   -0.602177 0.511412 -0.000006 0.000000 0.000000 0.000000
 19   3.646428 0.364526 1.119313 -0.000002 -0.000014 -0.174510
 20   3.646422 0.364499 -1.117566 0.000007 -0.000003 -0.174546
 21   3.805634 1.330634 1.627658 0.000002 -0.000011 -0.000026
 22   -0.246060 -0.011889 0.516521 -0.000011 0.000031 0.000025
 23   3.805651 1.330659 -1.631083 0.000019 0.000002 -0.000024
 24   -0.246150 -0.011872 -0.516511 -0.000005 -0.000006 0.000048
 25   4.941364 1.997338 1.629330 0.000018 -0.000001 -0.000024
 26   4.941382 1.997366 -1.629410 -0.000001 0.000005 -0.000024
 27   2.930087 1.603639 1.514501 -0.000019 -0.000022 -0.000050
 28   2.932517 1.603245 -1.501142 -0.000002 -0.000009 -0.000024
 29   8.824059 0.150544 0.091743 -0.001687 -0.000136 -0.067935
 30   2.111085 -0.565085 1.788226 0.016454 0.023061 0.001546
 31   2.140822 -0.569102 -1.783284 -0.016532 -0.002979 0.000307
 32   -0.814395 -0.093824 3.127092 -0.083351 -3.103217 -0.358837
 33   14.298673 -0.408176 0.471578 -0.000399 0.000075 -0.469987
 34   15.835795 0.581398 0.242756 -0.056408 0.019890 0.053050
 35   -0.815868 -0.091229 -3.114430 0.147701 3.163736 -0.058618
 36   14.294526 -0.410349 -0.467541 0.000033 0.000036 -0.282107
 37   15.834409 0.579420 -0.284600 0.199935 0.023435 0.198943
 38   1.139685 -3.453749 -2.823813 0.000000 0.000000 0.000001
 39   -4.110075 -1.121262 -0.730555 -0.011026 -0.055237 0.000000
 40   1.118101 -3.449769 3.237290 0.000000 0.000001 0.000000
 41   -4.781507 -0.992722 0.943941 -0.032635 -0.161924 0.002244
 42   -0.637936 1.693396 -2.688614 -0.000971 -0.000013 0.060810
 43   -0.644536 1.698578 2.869377 -0.000975 -0.000014 0.060810
time 41
  0   -0.010486 0.000000 2.055121 0.000000 0.000000 -1.571069
  1   -1.093036 0.000002 -0.326057 -0.221665 -1.569082 -1.348744
  2   2.262337 0.113614 0.064702 -0.000103 -0.001569 -0.016710
  3   2.380047 0.353302 0.047440 -0.011686 -0.000316 -0.028262
  4   2.033756 0.190472 -0.000128 -0.000010 0.000024 -0.139576
  5   2.451511 0.204909 -0.003447 -0.016620 0.000008 -0.014475
  6   7.247600 -0.397300 -0.109469 0.000001 -0.000003 0.156829
  7   -2.022252 -0.104661 3.136172 0.283842 -1.216342 -3.904024
  8   1.168026 -0.537438 -0.063437 -0.539991 0.375260 0.070599
  9   6.790376 -0.619176 0.015206 0.054101 -0.320104 -2.109996
 10   8.637599 0.544015 -0.090417 -1.490149 -0.323575 0.291137
 11   6.790465 -0.619039 0.017802 -0.122849 -0.526915 -0.578565
 12   -2.022474 -0.104699 -2.873818 -0.514912 1.396280 -3.660349
 13   1.167898 -0.537463 0.063297 -0.334891 -1.184500 0.320562
 14   7.002743 -0.617765 -0.183752 0.010249 -0.019113 -0.273506
 15   8.209042 0.615527 -0.255885 1.747115 -0.188455 0.226470
 16   7.002735 -0.617911 -0.183641 0.023759 -0.018176 -0.222141
 17   1.574674 0.609930 -0.000899 0.026363 0.007226 0.239352
 18   -0.602177 0.511412 -0.000006 0.000000 0.000000 0.000000
 19   3.646428 0.364526 1.119313 -0.000002 -0.000014 -0.174510
 20   3.646422 0.364499 -1.117566 0.000007 -0.000003 -0.174546
 21   3.805634 1.330634 1.627658 0.000002 -0.000011 -0.000026
 22   -0.246060 -0.011889 0.516521 -0.000011 0.000031 0.000025
 23   3.805651 1.330659 -1.631083 0.000019 0.000002 -0.000024
 24   -0.246150 -0.011872 -0.516511 -0.000005 -0.000006 0.000048
 25   4.941364 1.997338 1.629330 0.000018 -0.000001 -0.000024
 26   4.941382 1.997366 -1.629410 -0.000001 0.000005 -0.000024
 27   2.930087 1.603639 1.514501 -0.000019 -0.000022 -0.000050
 28   2.932517 1.603245 -1.501142 -0.000002 -0.000009 -0.000024
 29   8.824059 0.150544 0.091743 -0.001866 -0.000136 -0.055435
 30   2.111085 -0.565085 1.780414 0.017430 0.043055 0.001675
 31   2.148634 -0.569102 -1.771565 -0.017421 -0.025513 0.000435
 32   -0.814395 -0.093824 3.127092 -0.083351 -3.103217 -0.358837
 33   14.298673 -0.408176 0.471578 -0.000399 0.000075 -0.469987
 34   15.835795 0.581398 0.242756 -0.056408 0.019890 0.053050
 35   -0.815868 -0.091229 -3.114430 0.147701 3.163736 -0.058618
 36   14.294526 -0.410349 -0.467541 0.000033 0.000036 -0.282107
 37   15.834409 0.579420 -0.284600 0.199935 0.023435 0.198943
 38   1.139685 -3.453749 -2.823813 0.000000 0.000000 0.000001
 39   -4.117888 -1.121262 -0.730555 -0.010762 -0.053955 0.000000
 40   1.118101 -3.449769 3.237290 0.000000 0.000001 0.000000
 41   -4.773694 -0.992722 0.943941 -0.031880 -0.158149 0.002188
 42   -0.637936 1.693396 -2.688614 -0.000947 -0.000013 0.059388
 43   -0.648443 1.698578 2.869377 -0.000725 0.000002 0.059388
time 42
  0   -0.010486 0.000000 2.055121 0.000000 0.000000 -1.571069
  1   -1.093036 0.000002 -0.326057 -0.221665 -1.569082 -1.348744
  2   2.262337 0.113614 0.064702 -0.000103 -0.001569 -0.016710
  3   2.380047 0.353302 0.047440 -0.011686 -0.000316 -0.028262
  4   2.033756 0.190472 -0.000128 -0.000010 0.000024 -0.139576
  5   2.451511 0.204909 -0.003447 -0.016620 -0.000018 -0.019379
  6   7.247600 -0.397300 -0.109469 0.000001 -0.000003 0.156829
  7   -2.022252 -0.104661 3.136172 0.292948 -1.219081 -3.912383
  8   1.168026 -0.537438 -0.063437 -0.541256 0.379788 0.072623
  9   6.790376 -0.619176 0.015206 0.059150 -0.316900 -2.115581
 10   8.637599 0.544015 -0.090417 -1.478437 -0.303795 0.244331
 11   6.790465 -0.619039 0.017802 -0.122849 -0.526915 -0.578565
 12   -2.022474 -0.104699 -2.873818 -0.514912 1.396280 -3.660349
 13   1.167898 -0.537463 0.063297 -0.328283 -1.185313 0.313600
 14   7.002743 -0.617765 -0.183752 0.008598 -0.015990 -0.266906
 15   8.209042 0.615527 -0.255885 1.747115 -0.188455 0.226470
 16   7.002735 -0.617911 -0.183641 0.022299 -0.014962 -0.215573
 17   1.574674 0.609930 -0.000899 0.026648 0.007203 0.244304
 18   -0.602177 0.511412 -0.000006 0.000000 0.000000 0.000000
 19   3.646428 0.364526 1.119313 -0.000002 -0.000014 -0.174510
 20   3.646422 0.364499 -1.117566 0.000007 -0.000003 -0.174546
 21   3.805634 1.330634 1.627658 0.000002 -0.000011 -0.000026
 22   -0.246060 -0.011889 0.516521 -0.000011 0.000031 0.000025
 23   3.805651 1.330659 -1.631083 0.000019 0.000002 -0.000024
 24   -0.246150 -0.011872 -0.516511 -0.000005 -0.000006 0.000048
 25   4.941364 1.997338 1.629330 0.000018 -0.000001 -0.000024
 26   4.941382 1.997366 -1.629410 -0.000001 0.000005 -0.000024
 27   2.930087 1.603639 1.514501 -0.000019 -0.000022 -0.000050
 28   2.932517 1.603245 -1.501142 -0.000002 -0.000009 -0.000024
 29   8.824059 0.150544 0.091743 -0.002133 -0.000136 -0.043472
 30   2.118898 -0.565085 1.768695 0.018380 0.062206 0.001825
 31   2.156447 -0.569102 -1.759846 -0.018279 -0.047115 0.000544
 32   -0.814395 -0.093824 3.127092 -0.083351 -3.103217 -0.358837
 33   14.298673 -0.408176 0.471578 -0.000399 0.000075 -0.469987
 34   15.835795 0.581398 0.242756 -0.056408 0.019890 0.053050
 35   -0.815868 -0.091229 -3.114430 0.147701 3.163736 -0.058618
 36   14.294526 -0.410349 -0.467541 0.000033 0.000036 -0.282107
 37   15.834409 0.579420 -0.284600 0.199935 0.023435 0.198943
 38   1.139685 -3.453749 -2.823813 0.000000 0.000000 0.000001
 39   -4.141326 -1.117356 -0.734461 -0.010055 -0.050431 0.000000
 40   1.118101 -3.449769 3.237290 0.000000 0.000001 0.000000
 41   -4.750256 -0.996628 0.947847 -0.029795 -0.147806 0.002047
 42   -0.637936 1.693396 -2.688614 -0.000887 0.000002 0.055498
 43   -0.656255 1.698578 2.869377 -0.000525 0.000002 0.055498
time 43
  0   -0.010486 0.000000 2.055121 0.000000 0.000000 -1.571069
  1   -1.093036 0.000002 -0.326057 -0.221665 -1.569082 -1.348744
  2   2.262337 0.113614 0.064702 -0.000103 -0.001569 -0.016710
  3   2.380047 0.353302 0.047440 -0.011686 -0.000316 -0.028262
  4   2.033756 0.190472 -0.000128 -0.000010 0.000024 -0.139576
  5   2.451511 0.204909 -0.003447 -0.016620 -0.000070 -0.026734
  6   7.247600 -0.397300 -0.109469 0.000001 -0.000003 0.156829
  7   -2.022252 -0.104661 3.136172 0.302726 -1.221935 -3.921493
  8   1.168026 -0.537438 -0.063437 -0.543155 0.386581 0.075533
  9   6.790376 -0.619176 0.015206 0.066584 -0.312162 -2.123882
 10   8.637599 0.544015 -0.090417 -1.459062 -0.272119 0.175748
 11   6.790465 -0.619039 0.017802 -0.122849 -0.526915 -0.578565
 12   -2.022474 -0.104699 -2.873818 -0.514912 1.396280 -3.660349
 13   1.167898 -0.537463 0.063297 -0.321956 -1.186076 0.306941
 14   7.002743 -0.617765 -0.183752 0.007061 -0.013037 -0.260635
 15   8.209042 0.615527 -0.255885 1.747115 -0.188455 0.226470
 16   7.002735 -0.617911 -0.183641 0.020887 -0.011917 -0.209337
 17   1.574674 0.609930 -0.000899 0.027013 0.007179 0.251734
 18   -0.602177 0.511412 -0.000006 0.000000 0.000000 0.000000
 19   3.646428 0.364526 1.119313 -0.000002 -0.000014 -0.174510
 20   3.646422 0.364499 -1.117566 0.000007 -0.000003 -0.174546
 21   3.805634 1.330634 1.627658 0.000002 -0.000011 -0.000026
 22   -0.246060 -0.011889 0.516521 -0.000011 0.000031 0.000025
 23   3.805651 1.330659 -1.631083 0.000019 0.000002 -0.000024
 24   -0.246150 -0.011872 -0.516511 -0.000005 -0.000006 0.000048
 25   4.941364 1.997338 1.629330 0.000018 -0.000001 -0.000024
 26   4.941382 1.997366 -1.629410 -0.000001 0.000005 -0.000024
 27   2.930087 1.603639 1.514501 -0.000019 -0.000022 -0.000050
 28   2.932517 1.603245 -1.501142 -0.000002 -0.000009 -0.000024
 29   8.824059 0.150544 0.091743 -0.002311 -0.000112 -0.032152
 30   2.122804 -0.565085 1.756975 0.019275 0.080340 0.001954
 31   2.160354 -0.569102 -1.748127 -0.019076 -0.067577 0.000653
 32   -0.814395 -0.093824 3.127092 -0.083351 -3.103217 -0.358837
 33   14.298673 -0.408176 0.471578 -0.000399 0.000075 -0.469987
 34   15.835795 0.581398 0.242756 -0.056408 0.019890 0.053050
 35   -0.815868 -0.091229 -3.114430 0.147701 3.163736 -0.058618
 36   14.294526 -0.410349 -0.467541 0.000033 0.000036 -0.282107
 37   15.834409 0.579420 -0.284600 0.199935 0.023435 0.198943
 38   1.139685 -3.453749 -2.823813 0.000000 0.000000 0.000001
 39   -4.172577 -1.109543 -0.734461 -0.009012 -0.045158 0.000000
 40   1.118101 -3.449769 3.237290 0.000000 0.000001 0.000000
 41   -4.719005 -1.004441 0.947847 -0.026679 -0.132358 0.001823
 42   -0.641843 1.693396 -2.688614 -0.000791 0.000002 0.049727
 43   -0.656255 1.698578 2.869377 -0.000375 0.000002 0.049727
time 44
  0   -0.010486 0.000000 2.055121 0.000000 0.000000 -1.571069
  1   -1.093036 0.000002 -0.326057 -0.221665 -1.569082 -1.348744
  2   2.262337 0.113614 0.064702 -0.000103 -0.001569 -0.016710
  3   2.380047 0.353302 0.047440 -0.011686 -0.000316 -0.028262
  4   2.033756 0.190472 -0.000128 -0.000010 0.000024 -0.139576
  5   2.451511 0.204909 -0.003447 -0.016603 -0.000149 -0.035848
  6   7.247600 -0.397300 -0.109469 0.000001 -0.000003 0.156829
  7   -2.022252 -0.104661 3.136172 0.312983 -1.224789 -3.930978
  8   1.168026 -0.537438 -0.063437 -0.545433 0.394983 0.079202
  9   6.790376 -0.619176 0.015206 0.075849 -0.306289 -2.134146
 10   8.637599 0.544015 -0.090417 -1.438896 -0.230166 0.092914
 11   6.790465 -0.619039 0.017802 -0.122849 -0.526915 -0.578565
 12   -2.022474 -0.104699 -2.873818 -0.514912 1.396280 -3.660349
 13   1.167898 -0.537463 0.063297 -0.316052 -1.186737 0.300767
 14   7.002743 -0.617765 -0.183752 0.005581 -0.010255 -0.254860
 15   8.209042 0.615527 -0.255885 1.747115 -0.188455 0.226470
 16   7.002735 -0.617911 -0.183641 0.019569 -0.009098 -0.203541
 17   1.574674 0.609930 -0.000899 0.027460 0.007155 0.260900
 18   -0.602177 0.511412 -0.000006 0.000000 0.000000 0.000000
 19   3.646428 0.364526 1.119313 -0.000002 -0.000014 -0.174510
 20   3.646422 0.364499 -1.117566 0.000007 -0.000003 -0.174546
 21   3.805634 1.330634 1.627658 0.000002 -0.000011 -0.000026
 22   -0.246060 -0.011889 0.516521 -0.000011 0.000031 0.000025
 23   3.805651 1.330659 -1.631083 0.000019 0.000002 -0.000024
 24   -0.246150 -0.011872 -0.516511 -0.000005 -0.000006 0.000048
 25   4.941364 1.997338 1.629330 0.000018 -0.000001 -0.000024
 26   4.941382 1.997366 -1.629410 -0.000001 0.000005 -0.000024
 27   2.930087 1.603639 1.514501 -0.000019 -0.000022 -0.000050
 28   2.932517 1.603245 -1.501142 -0.000002 -0.000009 -0.000024
 29   8.824059 0.150544 0.091743 -0.002489 -0.000112 -0.021637
 30   2.130617 -0.565085 1.749163 0.020102 0.097196 0.002083
 31   2.168166 -0.569102 -1.736408 -0.019826 -0.086588 0.000744
 32   -0.814395 -0.093824 3.127092 -0.083351 -3.103217 -0.358837
 33   14.298673 -0.408176 0.471578 -0.000399 0.000075 -0.469987
 34   15.835795 0.581398 0.242756 -0.056408 0.019890 0.053050
 35   -0.815868 -0.091229 -3.114430 0.147701 3.163736 -0.058618
 36   14.294526 -0.410349 -0.467541 0.000033 0.000036 -0.282107
 37   15.834409 0.579420 -0.284600 0.199935 0.023435 0.198943
 38   1.139685 -3.453749 -2.823813 0.000000 0.000000 0.000001
 39   -4.215548 -1.101730 -0.738367 -0.007706 -0.038638 0.000000
 40   1.118101 -3.449769 3.237290 0.000000 0.000001 0.000000
 41   -4.676035 -1.012254 0.951753 -0.022832 -0.113254 0.001571
 42   -0.645749 1.693396 -2.688614 -0.000683 0.000002 0.042533
 43   -0.660162 1.698578 2.869377 -0.000250 0.000002 0.042533
time 45
  0   -0.010486 0.000000 2.055121 0.000000 0.000000 -1.571069
  1   -1.093036 0.000002 -0.326057 -0.221665 -1.569082 -1.348744
  2   2.262337 0.113614 0.064702 -0.000103 -0.001569 -0.016710
  3   2.380047 0.353302 0.047440 -0.011686 -0.000316 -0.028262
  4   2.033756 0.190472 -0.000128 -0.000010 0.000024 -0.139576
  5   2.451511 0.204909 -0.003447 -0.016603 -0.000227 -0.046002
  6   7.247600 -0.397300 -0.109469 0.000001 -0.000003 0.156829
  7   -2.022252 -0.104661 3.136172 0.323144 -1.227527 -3.940464
  8   1.168026 -0.537438 -0.063437 -0.548028 0.404342 0.083378
  9   6.790376 -0.619176 0.015206 0.086113 -0.299748 -2.145617
 10   8.637599 0.544015 -0.090417 -1.423572 -0.180823 0.002701
 11   6.790465 -0.619039 0.017802 -0.122849 -0.526915 -0.578565
 12   -2.022474 -0.104699 -2.873818 -0.514912 1.396280 -3.660349
 13   1.167898 -0.537463 0.063297 -0.310639 -1.187348 0.295137
 14   7.002743 -0.617765 -0.183752 0.004272 -0.007756 -0.249497
 15   8.209042 0.615527 -0.255885 1.747115 -0.188455 0.226470
 16   7.002735 -0.617911 -0.183641 0.018392 -0.006504 -0.198243
 17   1.574674 0.609930 -0.000899 0.027988 0.007132 0.271101
 18   -0.602177 0.511412 -0.000006 0.000000 0.000000 0.000000
 19   3.646428 0.364526 1.119313 -0.000002 -0.000014 -0.174510
 20   3.646422 0.364499 -1.117566 0.000007 -0.000003 -0.174546
 21   3.805634 1.330634 1.627658 0.000002 -0.000011 -0.000026
 22   -0.246060 -0.011889 0.516521 -0.000011 0.000031 0.000025
 23   3.805651 1.330659 -1.631083 0.000019 0.000002 -0.000024
 24   -0.246150 -0.011872 -0.516511 -0.000005 -0.000006 0.000048
 25   4.941364 1.997338 1.629330 0.000018 -0.000001 -0.000024
 26   4.941382 1.997366 -1.629410 -0.000001 0.000005 -0.000024
 27   2.930087 1.603639 1.514501 -0.000019 -0.000022 -0.000050
 28   2.932517 1.603245 -1.501142 -0.000002 -0.000009 -0.000024
 29   8.824059 0.150544 0.091743 -0.002668 -0.000112 -0.012034
 30   2.134523 -0.565085 1.737444 0.020861 0.112540 0.002190
 31   2.175979 -0.569102 -1.728595 -0.020516 -0.103917 0.000835
 32   -0.814395 -0.093824 3.127092 -0.083351 -3.103217 -0.358837
 33   14.298673 -0.408176 0.471578 -0.000399 0.000075 -0.469987
 34   15.835795 0.581398 0.242756 -0.056408 0.019890 0.053050
 35   -0.815868 -0.091229 -3.114430 0.147701 3.163736 -0.058618
 36   14.294526 -0.410349 -0.467541 0.000033 0.000036 -0.282107
 37   15.834409 0.579420 -0.284600 0.199935 0.023435 0.198943
 38   1.139685 -3.453749 -2.823813 0.000000 0.000000 0.000001
 39   -4.262424 -1.093918 -0.738367 -0.006256 -0.031376 0.000000
 40   1.118101 -3.449769 3.237290 0.000000 0.000001 0.000000
 41   -4.629158 -1.020066 0.951753 -0.018541 -0.091970 0.001262
 42   -0.645749 1.693396 -2.688614 -0.000551 0.000002 0.034545
 43   -0.664068 1.698578 2.869377 -0.000150 0.000002 0.034545
time 46
  0   -0.010486 0.000000 2.055121 0.000000 0.000000 -1.571069
  1   -1.093036 0.000002 -0.326057 -0.221665 -1.569082 -1.348744
  2   2.262337 0.113614 0.064702 -0.000103 -0.001569 -0.016710
  3   2.380047 0.353302 0.047440 -0.011686 -0.000316 -0.028262
  4   2.033756 0.190472 -0.000128 -0.000010 0.000024 -0.139576
  5   2.451511 0.204909 -0.003447 -0.016586 -0.000305 -0.056478
  6   7.247600 -0.397300 -0.109469 0.000001 -0.000003 0.156829
  7   -2.022252 -0.104661 3.136172 0.333017 -1.230122 -3.949574
  8   1.168026 -0.537438 -0.063437 -0.550622 0.414002 0.087679
  9   6.790376 -0.619176 0.015206 0.096765 -0.292941 -2.157465
 10   8.637599 0.544015 -0.090417 -1.416351 -0.128241 -0.088815
 11   6.790465 -0.619039 0.017802 -0.122849 -0.526915 -0.578565
 12   -2.022474 -0.104699 -2.873818 -0.514912 1.396280 -3.660349
 13   1.167898 -0.537463 0.063297 -0.305788 -1.187907 0.290052
 14   7.002743 -0.617765 -0.183752 0.003076 -0.005485 -0.244794
 15   8.209042 0.615527 -0.255885 1.747115 -0.188455 0.226470
 16   7.002735 -0.617911 -0.183641 0.017309 -0.004192 -0.193496
 17   1.574674 0.609930 -0.000899 0.028516 0.007108 0.281672
 18   -0.602177 0.511412 -0.000006 0.000000 0.000000 0.000000
 19   3.646428 0.364526 1.119313 -0.000002 -0.000014 -0.174510
 20   3.646422 0.364499 -1.117566 0.000007 -0.000003 -0.174546
 21   3.805634 1.330634 1.627658 0.000002 -0.000011 -0.000026
 22   -0.246060 -0.011889 0.516521 -0.000011 0.000031 0.000025
 23   3.805651 1.330659 -1.631083 0.000019 0.000002 -0.000024
 24   -0.246150 -0.011872 -0.516511 -0.000005 -0.000006 0.000048
 25   4.941364 1.997338 1.629330 0.000018 -0.000001 -0.000024
 26   4.941382 1.997366 -1.629410 -0.000001 0.000005 -0.000024
 27   2.930087 1.603639 1.514501 -0.000019 -0.000022 -0.000050
 28   2.932517 1.603245 -1.501142 -0.000002 -0.000009 -0.000024
 29   8.824059 0.150544 0.091743 -0.002757 -0.000089 -0.003504
 30   2.138430 -0.565085 1.729631 0.021526 0.126170 0.002297
 31   2.179885 -0.569102 -1.720782 -0.021129 -0.119276 0.000926
 32   -0.814395 -0.093824 3.127092 -0.083351 -3.103217 -0.358837
 33   14.298673 -0.408176 0.471578 -0.000399 0.000075 -0.469987
 34   15.835795 0.581398 0.242756 -0.056408 0.019890 0.053050
 35   -0.815868 -0.091229 -3.114430 0.147701 3.163736 -0.058618
 36   14.294526 -0.410349 -0.467541 0.000033 0.000036 -0.282107
 37   15.834409 0.579420 -0.284600 0.199935 0.023435 0.198943
 38   1.139685 -3.453749 -2.823813 0.000000 0.000000 0.000001
 39   -4.309300 -1.082199 -0.742274 -0.004758 -0.023861 0.000000
 40   1.118101 -3.449769 3.237290 0.000000 0.000001 0.000000
 41   -4.582282 -1.031785 0.955660 -0.014095 -0.069942 0.000954
 42   -0.649655 1.697302 -2.688614 -0.000419 0.000002 0.026264
 43   -0.664068 1.698578 2.869377 -0.000087 0.000002 0.026264
time 47
  0   -0.010486 0.000000 2.055121 0.000000 0.000000 -1.571069
  1   -1.093036 0.000002 -0.326057 -0.221665 -1.569082 -1.348744
  2   2.262337 0.113614 0.064702 -0.000103 -0.001569 -0.016710
  3   2.380047 0.353302 0.047440 -0.011686 -0.000316 -0.028262
  4   2.033756 0.190472 -0.000128 -0.000010 0.000024 -0.139576
  5   2.451511 0.204909 -0.003447 -0.016586 -0.000384 -0.066631
  6   7.247600 -0.397300 -0.109469 0.000001 -0.000003 0.156829
  7   -2.022252 -0.104661 3.136172 0.341932 -1.232399 -3.958026
  8   1.168026 -0.537438 -0.063437 -0.553153 0.423310 0.091918
  9   6.790376 -0.619176 0.015206 0.107029 -0.286400 -2.168861
 10   8.637599 0.544015 -0.090417 -1.418024 -0.077138 -0.176424
 11   6.790465 -0.619039 0.017802 -0.122849 -0.526915 -0.578565
 12   -2.022474 -0.104699 -2.873818 -0.514912 1.396280 -3.660349
 13   1.167898 -0.537463 0.063297 -0.301641 -1.188365 0.285694
 14   7.002743 -0.617765 -0.183752 0.002051 -0.003611 -0.240752
 15   8.209042 0.615527 -0.255885 1.747115 -0.188455 0.226470
 16   7.002735 -0.617911 -0.183641 0.016368 -0.002218 -0.189412
 17   1.574674 0.609930 -0.000899 0.029044 0.007084 0.291873
 18   -0.602177 0.511412 -0.000006 0.000000 0.000000 0.000000
 19   3.646428 0.364526 1.119313 -0.000002 -0.000014 -0.174510
 20   3.646422 0.364499 -1.117566 0.000007 -0.000003 -0.174546
 21   3.805634 1.330634 1.627658 0.000002 -0.000011 -0.000026
 22   -0.246060 -0.011889 0.516521 -0.000011 0.000031 0.000025
 23   3.805651 1.330659 -1.631083 0.000019 0.000002 -0.000024
 24   -0.246150 -0.011872 -0.516511 -0.000005 -0.000006 0.000048
 25   4.941364 1.997338 1.629330 0.000018 -0.000001 -0.000024
 26   4.941382 1.997366 -1.629410 -0.000001 0.000005 -0.000024
 27   2.930087 1.603639 1.514501 -0.000019 -0.000022 -0.000050
 28   2.932517 1.603245 -1.501142 -0.000002 -0.000009 -0.000024
 29   8.824059 0.150544 0.091743 -0.002846 -0.000089 0.003792
 30   2.142336 -0.565085 1.721818 0.022109 0.137823 0.002383
 31   2.183792 -0.569102 -1.712970 -0.021650 -0.132434 0.000999
 32   -0.814395 -0.093824 3.127092 -0.083351 -3.103217 -0.358837
 33   14.298673 -0.408176 0.471578 -0.000399 0.000075 -0.469987
 34   15.835795 0.581398 0.242756 -0.056408 0.019890 0.053050
 35   -0.815868 -0.091229 -3.114430 0.147701 3.163736 -0.058618
 36   14.294526 -0.410349 -0.467541 0.000033 0.000036 -0.282107
 37   15.834409 0.579420 -0.284600 0.199935 0.023435 0.198943
 38   1.139685 -3.453749 -2.823813 0.000000 0.000000 0.000001
 39   -4.356176 -1.074386 -0.742274 -0.003308 -0.016599 0.000000
 40   1.118101 -3.449769 3.237290 0.000000 0.000001 0.000000
 41   -4.535405 -1.039598 0.955660 -0.009804 -0.048657 0.000673
 42   -0.653562 1.697302 -2.688614 -0.000288 0.000002 0.018276
 43   -0.664068 1.698578 2.869377 -0.000037 0.000002 0.018276
time 48
  0   -0.010486 0.000000 2.055121 0.000000 0.000000 -1.571069
  1   -1.093036 0.000002 -0.326057 -0.221665 -1.569082 -1.348744
  2   2.262337 0.113614 0.064702 -0.000103 -0.001569 -0.016710
  3   2.380047 0.353302 0.047440 -0.011686 -0.000316 -0.028262
  4   2.033756 0.190472 -0.000128 -0.000010 0.000024 -0.139576
  5   2.451511 0.204909 -0.003447 -0.016569 -0.000449 -0.075745
  6   7.247600 -0.397300 -0.109469 0.000001 -0.000003 0.156829
  7   -2.022252 -0.104661 3.136172 0.349696 -1.234331 -3.965258
  8   1.168026 -0.537438 -0.063437 -0.555368 0.431662 0.095713
  9   6.790376 -0.619176 0.015206 0.116294 -0.280527 -2.179200
 10   8.637599 0.544015 -0.090417 -1.426743 -0.032158 -0.254700
 11   6.790465 -0.619039 0.017802 -0.122849 -0.526915 -0.578565
 12   -2.022474 -0.104699 -2.873818 -0.514912 1.396280 -3.660349
 13   1.167898 -0.537463 0.063297 -0.298267 -1.188772 0.282183
 14   7.002743 -0.617765 -0.183752 0.001197 -0.002021 -0.237451
 15   8.209042 0.615527 -0.255885 1.747115 -0.188455 0.226470
 16   7.002735 -0.617911 -0.183641 0.015662 -0.000639 -0.186156
 17   1.574674 0.609930 -0.000899 0.029532 0.007061 0.301040
 18   -0.602177 0.511412 -0.000006 0.000000 0.000000 0.000000
 19   3.646428 0.364526 1.119313 -0.000002 -0.000014 -0.174510
 20   3.646422 0.364499 -1.117566 0.000007 -0.000003 -0.174546
 21   3.805634 1.330634 1.627658 0.000002 -0.000011 -0.000026
 22   -0.246060 -0.011889 0.516521 -0.000011 0.000031 0.000025
 23   3.805651 1.330659 -1.631083 0.000019 0.000002 -0.000024
 24   -0.246150 -0.011872 -0.516511 -0.000005 -0.000006 0.000048
 25   4.941364 1.997338 1.629330 0.000018 -0.000001 -0.000024
 26   4.941382 1.997366 -1.629410 -0.000001 0.000005 -0.000024
 27   2.930087 1.603639 1.514501 -0.000019 -0.000022 -0.000050
 28   2.932517 1.603245 -1.501142 -0.000002 -0.000009 -0.000024
 29   8.824059 0.150544 0.091743 -0.003024 -0.000089 0.009694
 30   2.146242 -0.565085 1.717912 0.022570 0.147297 0.002447
 31   2.187698 -0.569102 -1.705157 -0.022063 -0.143131 0.001053
 32   -0.814395 -0.093824 3.127092 -0.083351 -3.103217 -0.358837
 33   14.298673 -0.408176 0.471578 -0.000399 0.000075 -0.469987
 34   15.835795 0.581398 0.242756 -0.056408 0.019890 0.053050
 35   -0.815868 -0.091229 -3.114430 0.147701 3.163736 -0.058618
 36   14.294526 -0.410349 -0.467541 0.000033 0.000036 -0.282107
 37   15.834409 0.579420 -0.284600 0.199935 0.023435 0.198943
 38   1.139685 -3.453749 -2.823813 0.000000 0.000000 0.000001
 39   -4.395240 -1.066573 -0.746180 -0.002001 -0.010079 0.000000
 40   1.118101 -3.449769 3.237290 0.000000 0.000001 0.000000
 41   -4.496342 -1.047411 0.959566 -0.005957 -0.029554 0.000393
 42   -0.653562 1.697302 -2.688614 -0.000168 0.000002 0.011083
 43   -0.664068 1.698578 2.869377 -0.000012 0.000002 0.011083
time 49
  0   -0.010486 0.000000 2.055121 0.000000 0.000000 -1.571069
  1   -1.093036 0.000002 -0.326057 -0.221665 -1.569082 -1.348744
  2   2.262337 0.113614 0.064702 -0.000103 -0.001569 -0.016710
  3   2.380047 0.353302 0.047440 -0.011686 -0.000316 -0.028262
  4   2.033756 0.190472 -0.000128 -0.000010 0.000024 -0.139576
  5   2.451511 0.204909 -0.003447 -0.016569 -0.000514 -0.083100
  6   7.247600 -0.397300 -0.109469 0.000001 -0.000003 0.156829
  7   -2.022252 -0.104661 3.136172 0.355831 -1.235830 -3.970893
  8   1.168026 -0.537438 -0.063437 -0.557140 0.438455 0.098813
  9   6.790376 -0.619176 0.015206 0.123728 -0.275788 -2.187501
 10   8.637599 0.544015 -0.090417 -1.438631 0.003107 -0.318218
 11   6.790465 -0.619039 0.017802 -0.122849 -0.526915 -0.578565
 12   -2.022474 -0.104699 -2.873818 -0.514912 1.396280 -3.660349
 13   1.167898 -0.537463 0.063297 -0.295736 -1.189026 0.279519
 14   7.002743 -0.617765 -0.183752 0.000628 -0.000829 -0.234976
 15   8.209042 0.615527 -0.255885 1.747115 -0.188455 0.226470
 16   7.002735 -0.617911 -0.183641 0.015097 0.000601 -0.183672
 17   1.574674 0.609930 -0.000899 0.029897 0.007037 0.308432
 18   -0.602177 0.511412 -0.000006 0.000000 0.000000 0.000000
 19   3.646428 0.364526 1.119313 -0.000002 -0.000014 -0.174510
 20   3.646422 0.364499 -1.117566 0.000007 -0.000003 -0.174546
 21   3.805634 1.330634 1.627658 0.000002 -0.000011 -0.000026
 22   -0.246060 -0.011889 0.516521 -0.000011 0.000031 0.000025
 23   3.805651 1.330659 -1.631083 0.000019 0.000002 -0.000024
 24   -0.246150 -0.011872 -0.516511 -0.000005 -0.000006 0.000048
 25   4.941364 1.997338 1.629330 0.000018 -0.000001 -0.000024
 26   4.941382 1.997366 -1.629410 -0.000001 0.000005 -0.000024
 27   2.930087 1.603639 1.514501 -0.000019 -0.000022 -0.000050
 28   2.932517 1.603245 -1.501142 -0.000002 -0.000009 -0.000024
 29   8.824059 0.150544 0.091743 -0.003024 -0.000089 0.014093
 30   2.146242 -0.565085 1.714005 0.022922 0.154359 0.002490
 31   2.191605 -0.569102 -1.701251 -0.022385 -0.151083 0.001090
 32   -0.814395 -0.093824 3.127092 -0.083351 -3.103217 -0.358837
 33   14.298673 -0.408176 0.471578 -0.000399 0.000075 -0.469987
 34   15.835795 0.581398 0.242756 -0.056408 0.019890 0.053050
 35   -0.815868 -0.091229 -3.114430 0.147701 3.163736 -0.058618
 36   14.294526 -0.410349 -0.467541 0.000033 0.000036 -0.282107
 37   15.834409 0.579420 -0.284600 0.199935 0.023435 0.198943
 38   1.139685 -3.453749 -2.823813 0.000000 0.000000 0.000001
 39   -4.430398 -1.058760 -0.746180 -0.000959 -0.004806 0.000000
 40   1.118101 -3.449769 3.237290 0.000000 0.000001 0.000000
 41   -4.461185 -1.055224 0.959566 -0.002841 -0.014106 0.000168
 42   -0.657468 1.697302 -2.688614 -0.000084 0.000002 0.005270
 43   -0.664068 1.698578 2.869377 0.000000 0.000002 0.005270
time 50
  0   -0.010486 0.000000 2.055121 0.000000 0.000000 -1.571069
  1   -1.093036 0.000002 -0.326057 -0.221665 -1.569082 -1.348744
  2   2.262337 0.113614 0.064702 -0.000103 -0.001569 -0.016710
  3   2.380047 0.353302 0.047440 -0.011686 -0.000316 -0.028262
  4   2.033756 0.190472 -0.000128 -0.000010 0.000024 -0.139576
  5   2.451511 0.204909 -0.003447 -0.016569 -0.000553 -0.088029
  6   7.247600 -0.397300 -0.109469 0.000001 -0.000003 0.156829
  7   -2.022252 -0.104661 3.136172 0.359761 -1.236781 -3.974649
  8   1.168026 -0.537438 -0.063437 -0.558342 0.442983 0.100901
  9   6.790376 -0.619176 0.015206 0.128721 -0.272652 -2.193011
 10   8.637599 0.544015 -0.090417 -1.449023 0.025914 -0.360902
 11   6.790465 -0.619039 0.017802 -0.122849 -0.526915 -0.578565
 12   -2.022474 -0.104699 -2.873818 -0.514912 1.396280 -3.660349
 13   1.167898 -0.537463 0.063297 -0.294119 -1.189229 0.277885
 14   7.002743 -0.617765 -0.183752 0.000229 -0.000147 -0.233409
 15   8.209042 0.615527 -0.255885 1.747115 -0.188455 0.226470
 16   7.002735 -0.617911 -0.183641 0.014720 0.001334 -0.182126
 17   1.574674 0.609930 -0.000899 0.030141 0.007013 0.313385
 18   -0.602177 0.511412 -0.000006 0.000000 0.000000 0.000000
 19   3.646428 0.364526 1.119313 -0.000002 -0.000014 -0.174510
 20   3.646422 0.364499 -1.117566 0.000007 -0.000003 -0.174546
 21   3.805634 1.330634 1.627658 0.000002 -0.000011 -0.000026
 22   -0.246060 -0.011889 0.516521 -0.000011 0.000031 0.000025
 23   3.805651 1.330659 -1.631083 0.000019 0.000002 -0.000024
 24   -0.246150 -0.011872 -0.516511 -0.000005 -0.000006 0.000048
 25   4.941364 1.997338 1.629330 0.000018 -0.000001 -0.000024
 26   4.941382 1.997366 -1.629410 -0.000001 0.000005 -0.000024
 27   2.930087 1.603639 1.514501 -0.000019 -0.000022 -0.000050
 28   2.932517 1.603245 -1.501142 -0.000002 -0.000009 -0.000024
 29   8.824059 0.150544 0.091743 -0.003113 -0.000089 0.016882
 30   2.150149 -0.565085 1.710099 0.023139 0.158776 0.002533
 31   2.195511 -0.569102 -1.697344 -0.022569 -0.156056 0.001126
 32   -0.814395 -0.093824 3.127092 -0.083351 -3.103217 -0.358837
 33   14.298673 -0.408176 0.471578 -0.000399 0.000075 -0.469987
 34   15.835795 0.581398 0.242756 -0.056408 0.019890 0.053050
 35   -0.815868 -0.091229 -3.114430 0.147701 3.163736 -0.058618
 36   14.294526 -0.410349 -0.467541 0.000033 0.000036 -0.282107
 37   15.834409 0.579420 -0.284600 0.199935 0.023435 0.198943
 38   1.139685 -3.453749 -2.823813 0.000000 0.000000 0.000001
 39   -4.449929 -1.054854 -0.746180 -0.000252 -0.001282 0.000000
 40   1.118101 -3.449769 3.237290 0.000000 0.000001 0.000000
 41   -4.441652 -1.059130 0.959566 -0.000756 -0.003763 0.000028
 42   -0.657468 1.697302 -2.688614 -0.000012 0.000002 0.001380
 43   -0.664068 1.698578 2.869377 0.000000 0.000002 0.001380
time 51
  0   -0.010486 0.000000 2.055121 0.000000 0.000000 -1.571069
  1   -1.093036 0.000002 -0.326057 -0.221665 -1.569082 -1.348744
  2   2.262337 0.113614 0.064702 -0.000103 -0.001569 -0.016710
  3   2.380047 0.353302 0.047440 -0.011686 -0.000316 -0.028262
  4   2.033756 0.190472 -0.000128 -0.000010 0.000024 -0.139576
  5   2.451511 0.204909 -0.003447 -0.016552 -0.000566 -0.089812
  6   7.247600 -0.397300 -0.109469 0.000001 -0.000003 0.156829
  7   -2.022252 -0.104661 3.136172 0.361199 -1.237127 -3.975964
  8   1.168026 -0.537438 -0.063437 -0.558785 0.444593 0.101660
  9   6.790376 -0.619176 0.015206 0.130552 -0.271450 -2.195048
 10   8.637599 0.544015 -0.090417 -1.453250 0.034079 -0.376528
 11   6.790465 -0.619039 0.017802 -0.122849 -0.526915 -0.578565
 12   -2.022474 -0.104699 -2.873818 -0.514912 1.396280 -3.660349
 13   1.167898 -0.537463 0.063297 -0.293627 -1.189280 0.277340
 14   7.002743 -0.617765 -0.183752 0.000059 0.000137 -0.232914
 15   8.209042 0.615527 -0.255885 1.747115 -0.188455 0.226470
 16   7.002735 -0.617911 -0.183641 0.014626 0.001616 -0.181630
 17   1.574674 0.609930 -0.000899 0.030263 0.007013 0.315196
 18   -0.602177 0.511412 -0.000006 0.000000 0.000000 0.000000
 19   3.646428 0.364526 1.119313 -0.000002 -0.000014 -0.174510
 20   3.646422 0.364499 -1.117566 0.000007 -0.000003 -0.174546
 21   3.805634 1.330634 1.627658 0.000002 -0.000011 -0.000026
 22   -0.246060 -0.011889 0.516521 -0.000011 0.000031 0.000025
 23   3.805651 1.330659 -1.631083 0.000019 0.000002 -0.000024
 24   -0.246150 -0.011872 -0.516511 -0.000005 -0.000006 0.000048
 25   4.941364 1.997338 1.629330 0.000018 -0.000001 -0.000024
 26   4.941382 1.997366 -1.629410 -0.000001 0.000005 -0.000024
 27   2.930087 1.603639 1.514501 -0.000019 -0.000022 -0.000050
 28   2.932517 1.603245 -1.501142 -0.000002 -0.000009 -0.000024
 29   8.824059 0.150544 0.091743 -0.003113 -0.000089 0.017794
 30   2.150149 -0.565085 1.710099 0.023221 0.160287 0.002533
 31   2.195511 -0.569102 -1.697344 -0.022646 -0.157766 0.001126
 32   -0.814395 -0.093824 3.127092 -0.083351 -3.103217 -0.358837
 33   14.298673 -0.408176 0.471578 -0.000399 0.000075 -0.469987
 34   15.835795 0.581398 0.242756 -0.056408 0.019890 0.053050
 35   -0.815868 -0.091229 -3.114430 0.147701 3.163736 -0.058618
 36   14.294526 -0.410349 -0.467541 0.000033 0.000036 -0.282107
 37   15.834409 0.579420 -0.284600 0.199935 0.023435 0.198943
 38   1.139685 -3.453749 -2.823813 0.000000 0.000000 0.000001
 39   -4.457742 -1.054854 -0.746180 0.000000 0.000000 0.000000
 40   1.118101 -3.449769 3.237290 0.000000 0.000001 0.000000
 41   -4.433840 -1.059130 0.959566 -0.000001 0.000000 0.000000
 42   -0.657468 1.697302 -2.688614 0.000000 0.000002 0.000000
 43   -0.664068 1.698578 2.869377 0.000000 0.000002 0.000000
end
