version 1
nodes
  0 "Bip01" -1
  1 "Bip01 Pelvis" 0
  2 "Bip01 Spine" 1
  3 "Bip01 Spine1" 2
  4 "Bip01 Spine2" 3
  5 "Bip01 Spine3" 4
  6 "Bip01 Neck" 5
  7 "Bip01 L Arm" 6
  8 "Bip01 L Arm1" 7
  9 "Bip01 L Arm2" 8
 10 "Bip01 L Hand" 9
 11 "Bip06 L elbow2-smooth" 8
 12 "Bip01 R Arm" 6
 13 "Bip01 R Arm1" 12
 14 "Bip01 R Arm2" 13
 15 "Bip01 R Hand" 14
 16 "Bip06 R elbow2-smooth" 13
 17 "Bip01 Head" 6
 18 "Bip06 Head_helper" 17
 19 "Bip06 Head_eyes_l" 18
 20 "Bip06 Head_eyes_r" 18
 21 "Bip06 Head_blink_l" 18
 22 "Bip06 Head_blink_smooth_l1" 21
 23 "Bip06 Head_blink_r" 18
 24 "Bip06 Head_blink_smooth_r1" 23
 25 "Bip06 Head_L_eyebrow" 18
 26 "Bip06 Head_R_eyebrow" 18
 27 "Bip06 Head_blink_l_lid" 18
 28 "Bip06 Head_blink_r_lid" 18
 29 "Bip06 bunny" 18
 30 "Bip06 bunnyL" 29
 31 "Bip06 bunnyR" 29
 32 "Bip01 L Leg" 1
 33 "Bip01 L Leg1" 32
 34 "Bip01 L Foot" 33
 35 "Bip01 R Leg" 1
 36 "Bip01 R Leg1" 35
 37 "Bip01 R Foot" 36
 38 "Bip03 HairR1" 17
 39 "Bip03 HairR2" 38
 40 "Bip03 HairL1" 17
 41 "Bip03 HairL2" 40
 42 "Bip03 swingR" 17
 43 "Bip03 swingL" 17
end
skeleton
time 0
  0   -0.381591 0.433607 -3.265354 0.000000 0.000000 -1.571069
  1   -1.093036 0.000002 -0.326057 -0.634871 -1.644373 -0.935801
  2   2.262337 0.113614 0.064702 -0.130637 0.077541 0.086095
  3   2.380047 0.353302 0.047440 -0.201689 0.038658 0.114781
  4   2.033756 0.190472 -0.000128 -0.199872 0.069774 -0.179339
  5   2.451511 0.204909 -0.003447 -0.172521 -0.088457 -0.191152
  6   7.247600 -0.397300 -0.109469 0.000001 0.000033 0.156829
  7   -2.022252 -0.104661 3.136172 2.121343 -1.403402 -5.365081
  8   1.168026 -0.537438 -0.063437 0.644872 1.111308 2.094363
  9   6.790376 -0.619176 0.015206 0.029524 0.003586 -0.977380
 10   8.637599 0.544015 -0.090417 -1.201032 -0.262405 -0.548924
 11   6.790465 -0.619039 0.017802 0.021584 -0.011708 -0.699567
 12   -2.022474 -0.104699 -2.873818 -2.298648 1.367808 -5.500684
 13   1.167898 -0.537463 0.063297 -0.446100 -1.412989 1.008721
 14   7.002743 -0.617765 -0.183752 0.001653 -0.067607 -0.962096
 15   8.209042 0.615527 -0.255885 1.929892 0.196727 -0.266355
 16   7.002735 -0.617911 -0.183641 0.008836 -0.042536 -0.692163
 17   1.574674 0.609930 -0.000899 0.633856 -0.256281 0.389635
 18   -0.602177 0.511412 -0.000006 0.000000 0.000000 0.000000
 19   3.677679 0.177020 1.119313 -0.000002 -0.000014 -0.174510
 20   3.673767 0.176993 -1.117566 0.000007 -0.000003 -0.174546
 21   3.942357 1.334540 1.627658 0.000002 -0.000011 -0.000026
 22   -0.246060 -0.011889 0.516521 -0.000011 0.000031 0.000025
 23   3.942374 1.334565 -1.631083 0.000019 0.000002 -0.000024
 24   -0.246150 -0.011872 -0.516511 -0.000005 -0.000006 0.000048
 25   4.941364 1.997338 1.629330 0.000018 -0.000001 -0.000024
 26   4.941382 1.997366 -1.629410 -0.000001 0.000005 -0.000024
 27   2.914462 1.619264 1.514501 -0.000019 -0.000022 -0.000050
 28   2.916892 1.618870 -1.501142 -0.000002 -0.000009 -0.000024
 29   8.824059 0.150544 0.091743 0.000006 -0.000231 -0.174534
 30   2.111085 -0.561179 1.784320 -0.000008 -0.000682 0.000024
 31   2.121290 -0.561289 -1.853599 0.000000 0.000000 -0.000002
 32   -0.814395 -0.093824 3.127092 0.595491 -2.993861 -0.311250
 33   14.298673 -0.408176 0.471578 -0.003563 -0.072911 -0.548115
 34   15.835795 0.581398 0.242756 -0.142691 -0.149448 0.229064
 35   -0.815868 -0.091229 -3.114430 -0.193179 3.014302 -0.033968
 36   14.294526 -0.410349 -0.467541 0.004407 0.068660 -0.514303
 37   15.834409 0.579420 -0.284600 0.213687 0.100119 0.349274
 38   1.139685 -3.453749 -2.823813 0.000000 0.000000 0.000001
 39   -4.457742 -1.054854 -0.746180 0.000000 0.000000 0.000000
 40   1.118101 -3.449769 3.237290 0.000000 0.000001 0.000000
 41   -4.433840 -1.059130 0.959566 -0.000001 0.000000 0.000000
 42   -0.657468 1.697302 -2.688614 0.000000 0.000002 0.000000
 43   -0.664068 1.698578 2.869377 0.000000 0.000002 0.000000
time 1
  0   -0.389404 0.433607 -0.737933 0.000000 0.000000 -1.571069
  1   -1.093036 0.000002 -0.326057 -0.765305 -1.649698 -0.805589
  2   2.262337 0.113614 0.064702 -0.131707 0.092666 0.092366
  3   2.380047 0.353302 0.047440 -0.198283 0.034080 0.111924
  4   2.033756 0.190472 -0.000128 -0.198028 0.057298 -0.175352
  5   2.451511 0.204909 -0.003447 -0.172846 -0.095350 -0.180899
  6   7.247600 -0.397300 -0.109469 0.000001 0.000033 0.156829
  7   -2.022252 -0.104661 3.136172 2.101884 -1.409571 -5.312394
  8   1.168026 -0.537438 -0.063437 0.300753 1.156239 1.751491
  9   6.790376 -0.619176 0.015206 0.028470 0.000316 -0.938968
 10   8.637599 0.544015 -0.090417 -1.201032 -0.262405 -0.548924
 11   6.790465 -0.619039 0.017802 0.020329 -0.013840 -0.672691
 12   -2.022474 -0.104699 -2.873818 -2.360156 1.346185 -5.533715
 13   1.167898 -0.537463 0.063297 -0.407718 -1.435772 0.993224
 14   7.002743 -0.617765 -0.183752 0.005752 -0.049891 -0.772169
 15   8.209042 0.615527 -0.255885 1.929892 0.196727 -0.266355
 16   7.002735 -0.617911 -0.183641 0.014485 -0.031202 -0.559314
 17   1.574674 0.609930 -0.000899 0.623945 -0.221632 0.335820
 18   -0.602177 0.511412 -0.000006 0.000000 0.000000 0.000000
 19   3.677679 0.177020 1.119313 -0.000002 -0.000014 -0.174510
 20   3.677673 0.176993 -1.117566 0.000007 -0.000003 -0.174546
 21   3.942357 1.334540 1.627658 0.000002 -0.000011 -0.000026
 22   -0.246060 -0.011889 0.516521 -0.000011 0.000031 0.000025
 23   3.942374 1.334565 -1.631083 0.000019 0.000002 -0.000024
 24   -0.246150 -0.011872 -0.516511 -0.000005 -0.000006 0.000048
 25   4.941364 1.997338 1.629330 0.000018 -0.000001 -0.000024
 26   4.941382 1.997366 -1.629410 -0.000001 0.000005 -0.000024
 27   2.914462 1.619264 1.514501 -0.000019 -0.000022 -0.000050
 28   2.916892 1.618870 -1.501142 -0.000002 -0.000009 -0.000024
 29   8.824059 0.150544 0.091743 0.001254 -0.001062 -0.136229
 30   2.111085 -0.561179 1.784320 0.000236 -0.000043 0.001418
 31   2.121290 -0.557383 -1.853599 0.000245 0.000622 0.001399
 32   -0.814395 -0.093824 3.127092 0.534905 -2.998159 -0.275105
 33   14.298673 -0.408176 0.471578 -0.004786 -0.069034 -0.517626
 34   15.835795 0.581398 0.242756 0.085265 -0.178366 -0.123139
 35   -0.815868 -0.091229 -3.114430 -0.187282 3.018331 0.184376
 36   14.294526 -0.410349 -0.467541 0.009045 0.017222 -0.122598
 37   15.834409 0.579420 -0.284600 0.222947 0.118138 0.090035
 38   1.143591 -3.457655 -2.823813 0.001074 -0.003663 0.011365
 39   -4.457742 -1.054854 -0.746180 -0.000264 -0.001031 0.002272
 40   1.122007 -3.449769 3.237290 -0.001494 0.004062 0.011241
 41   -4.433840 -1.059130 0.959566 -0.000648 -0.000060 0.004011
 42   -0.649655 1.716834 -2.688614 -0.000156 0.000539 -0.008992
 43   -0.652349 1.718110 2.869377 -0.000150 0.000536 -0.008992
time 2
  0   -0.412842 0.433607 2.352005 0.000000 0.000000 -1.571069
  1   -1.093036 0.000002 -0.326057 -0.985140 -1.666738 -0.585617
  2   2.262337 0.113614 0.064702 -0.134408 0.128296 0.108196
  3   2.380047 0.353302 0.047440 -0.190513 0.023210 0.105415
  4   2.033756 0.190472 -0.000128 -0.193823 0.027828 -0.165529
  5   2.451511 0.204909 -0.003447 -0.173411 -0.111473 -0.155985
  6   7.247600 -0.397300 -0.109469 0.000001 0.000033 0.156829
  7   -2.022252 -0.104661 3.136172 2.088559 -1.412656 -5.281590
  8   1.168026 -0.537438 -0.063437 0.201719 1.163786 1.626109
  9   6.790376 -0.619176 0.015206 0.028969 0.002518 -0.952854
 10   8.637599 0.544015 -0.090417 -1.201032 -0.262405 -0.548924
 11   6.790465 -0.619039 0.017802 0.021030 -0.012362 -0.682265
 12   -2.022474 -0.104699 -2.873818 -2.389760 1.334198 -5.548172
 13   1.167898 -0.537463 0.063297 -0.414045 -1.484033 1.045526
 14   7.002743 -0.617765 -0.183752 0.010420 -0.038250 -0.641563
 15   8.209042 0.615527 -0.255885 1.929892 0.196727 -0.266355
 16   7.002735 -0.617911 -0.183641 0.019287 -0.023815 -0.467860
 17   1.574674 0.609930 -0.000899 0.596728 -0.146111 0.213701
 18   -0.602177 0.511412 -0.000006 0.000000 0.000000 0.000000
 19   3.673773 0.177020 1.119313 -0.000002 -0.000014 -0.174510
 20   3.673767 0.176993 -1.117566 0.000007 -0.000003 -0.174546
 21   3.942357 1.334540 1.627658 0.000002 -0.000011 -0.000026
 22   -0.246060 -0.011889 0.516521 -0.000011 0.000031 0.000025
 23   3.942374 1.334565 -1.631083 0.000019 0.000002 -0.000024
 24   -0.246150 -0.011872 -0.516511 -0.000005 -0.000006 0.000048
 25   4.941364 1.997338 1.629330 0.000018 -0.000001 -0.000024
 26   4.941382 1.997366 -1.629410 -0.000001 0.000005 -0.000024
 27   2.914462 1.619264 1.514501 -0.000019 -0.000022 -0.000050
 28   2.916892 1.618870 -1.501142 -0.000002 -0.000009 -0.000024
 29   8.824059 0.150544 0.091743 0.004819 -0.003364 -0.032206
 30   2.111085 -0.549460 1.784320 0.000941 0.001701 0.005235
 31   2.117383 -0.549570 -1.853599 0.000950 0.002383 0.005220
 32   -0.814395 -0.093824 3.127092 0.368434 -2.964636 -0.061078
 33   14.298673 -0.408176 0.471578 -0.009316 -0.017063 -0.122779
 34   15.835795 0.581398 0.242756 0.299074 -0.013348 -0.798483
 35   -0.815868 -0.091229 -3.114430 -0.246604 3.025076 0.230005
 36   14.294526 -0.410349 -0.467541 0.009081 0.017234 -0.122598
 37   15.834409 0.579420 -0.284600 0.198339 0.185121 -0.272078
 38   1.159217 -3.469374 -2.823813 0.004041 -0.013617 0.042339
 39   -4.457742 -1.054854 -0.746180 -0.000983 -0.003835 0.008442
 40   1.141539 -3.461488 3.237290 -0.005557 0.015125 0.041789
 41   -4.433840 -1.059130 0.959566 -0.002422 -0.000252 0.014977
 42   -0.618404 1.775429 -2.684708 -0.000575 0.001995 -0.033500
 43   -0.613285 1.776705 2.873283 -0.000575 0.001995 -0.033500
time 3
  0   -0.424561 0.433607 2.211376 0.000000 0.000000 -1.571069
  1   -1.093036 0.000002 -0.326057 -1.123959 -1.690677 -0.446744
  2   2.262337 0.113614 0.064702 -0.137719 0.170482 0.129393
  3   2.380047 0.353302 0.047440 -0.181317 0.010590 0.099089
  4   2.033756 0.190472 -0.000128 -0.189194 -0.006567 -0.153495
  5   2.451511 0.204909 -0.003447 -0.173582 -0.130143 -0.126118
  6   7.247600 -0.397300 -0.109469 0.000001 0.000033 0.156829
  7   -2.022252 -0.104661 3.136172 2.068142 -1.413982 -5.244962
  8   1.168026 -0.537438 -0.063437 0.129327 1.172138 1.527486
  9   6.790376 -0.619176 0.015206 0.031244 0.011528 -1.027340
 10   8.637599 0.544015 -0.090417 -1.201032 -0.262405 -0.548924
 11   6.790465 -0.619039 0.017802 0.023891 -0.006506 -0.734518
 12   -2.022474 -0.104699 -2.873818 -2.412850 1.322037 -5.557267
 13   1.167898 -0.537463 0.063297 -1.082562 -1.535295 1.767706
 14   7.002743 -0.617765 -0.183752 0.014918 -0.029902 -0.542639
 15   8.209042 0.615527 -0.255885 1.929892 0.196727 -0.266355
 16   7.002735 -0.617911 -0.183641 0.023335 -0.018571 -0.398537
 17   1.574674 0.609930 -0.000899 0.586695 -0.080933 0.074653
 18   -0.602177 0.511412 -0.000006 0.000000 0.000000 0.000000
 19   3.673773 0.177020 1.119313 -0.000002 -0.000014 -0.174510
 20   3.673767 0.176993 -1.117566 0.000007 -0.000003 -0.174546
 21   3.942357 1.334540 1.627658 0.000002 -0.000011 -0.000026
 22   -0.246060 -0.011889 0.516521 -0.000011 0.000031 0.000025
 23   3.942374 1.334565 -1.631083 0.000019 0.000002 -0.000024
 24   -0.246150 -0.011872 -0.516511 -0.000005 -0.000006 0.000048
 25   4.941364 1.997338 1.629330 0.000018 -0.000001 -0.000024
 26   4.941382 1.997366 -1.629410 -0.000001 0.000005 -0.000024
 27   2.914462 1.619264 1.514501 -0.000019 -0.000022 -0.000050
 28   2.916892 1.618870 -1.501142 -0.000002 -0.000009 -0.000024
 29   8.824059 0.150544 0.091743 0.010166 -0.006759 0.121067
 30   2.111085 -0.537741 1.780414 0.001972 0.004258 0.010874
 31   2.109571 -0.530038 -1.857505 0.001977 0.004947 0.010843
 32   -0.814395 -0.093824 3.127092 0.203267 -2.952888 0.009563
 33   14.298673 -0.408176 0.471578 -0.010311 -0.029652 -0.217104
 34   15.835795 0.581398 0.242756 0.218289 -0.029504 -0.416819
 35   -0.815868 -0.091229 -3.114430 -0.318600 3.031634 0.273992
 36   14.294526 -0.410349 -0.467541 0.009105 0.017234 -0.122598
 37   15.834409 0.579420 -0.284600 0.160393 0.252130 -0.530608
 38   1.186561 -3.492813 -2.823813 0.008420 -0.028295 0.087916
 39   -4.457742 -1.054854 -0.746180 -0.002061 -0.007982 0.017557
 40   1.168884 -3.477114 3.237290 -0.011577 0.031417 0.086815
 41   -4.433840 -1.059130 0.959566 -0.005047 -0.000527 0.031104
 42   -0.575434 1.861369 -2.680801 -0.001198 0.004142 -0.069551
 43   -0.558596 1.858739 2.877190 -0.001199 0.004145 -0.069551
time 4
  0   -0.432374 0.433607 5.063025 0.000000 0.000000 -1.571069
  1   -1.093036 0.000002 -0.326057 -1.177725 -1.711143 -0.392985
  2   2.262337 0.113614 0.064702 -0.140878 0.205081 0.151331
  3   2.380047 0.353302 0.047440 -0.174252 0.000571 0.096110
  4   2.033756 0.190472 -0.000128 -0.185708 -0.033952 -0.142729
  5   2.451511 0.204909 -0.003447 -0.173274 -0.144543 -0.100560
  6   7.247600 -0.397300 -0.109469 0.000001 0.000033 0.156829
  7   -2.022252 -0.104661 3.136172 2.023568 -1.413953 -5.172459
  8   1.168026 -0.537438 -0.063437 -0.153727 1.189597 1.258187
  9   6.790376 -0.619176 0.015206 0.033518 0.029415 -1.188765
 10   8.637599 0.544015 -0.090417 -1.201032 -0.262405 -0.548924
 11   6.790465 -0.619039 0.017802 0.028621 0.005290 -0.847503
 12   -2.022474 -0.104699 -2.873818 -2.445233 1.299369 -5.565597
 13   1.167898 -0.537463 0.063297 0.722927 -1.670720 0.003299
 14   7.002743 -0.617765 -0.183752 0.019131 -0.023429 -0.462031
 15   8.209042 0.615527 -0.255885 1.929892 0.196727 -0.266355
 16   7.002735 -0.617911 -0.183641 0.026913 -0.014511 -0.342130
 17   1.574674 0.609930 -0.000899 0.588969 -0.049290 -0.010542
 18   -0.602177 0.511412 -0.000006 0.000000 0.000000 0.000000
 19   3.673773 0.177020 1.119313 -0.000002 -0.000014 -0.174510
 20   3.673767 0.176993 -1.117566 0.000007 -0.000003 -0.174546
 21   3.942357 1.334540 1.627658 0.000002 -0.000011 -0.000026
 22   -0.246060 -0.011889 0.516521 -0.000011 0.000031 0.000025
 23   3.942374 1.334565 -1.631083 0.000019 0.000002 -0.000024
 24   -0.246150 -0.011872 -0.516511 -0.000005 -0.000006 0.000048
 25   4.941364 1.997338 1.629330 0.000018 -0.000001 -0.000024
 26   4.941382 1.997366 -1.629410 -0.000001 0.000005 -0.000024
 27   2.914462 1.619264 1.514501 -0.000019 -0.000022 -0.000050
 28   2.916892 1.618870 -1.501142 -0.000002 -0.000009 -0.000024
 29   8.824059 0.150544 0.091743 0.016494 -0.010889 0.307226
 30   2.111085 -0.522115 1.776507 0.003219 0.007397 0.017715
 31   2.101758 -0.510506 -1.861412 0.003233 0.008081 0.017684
 32   -0.814395 -0.093824 3.127092 0.116769 -2.955849 -0.135076
 33   14.298673 -0.408176 0.471578 -0.000951 -0.080576 -0.608934
 34   15.835795 0.581398 0.242756 0.217599 -0.074358 -0.357898
 35   -0.815868 -0.091229 -3.114430 -0.392532 3.041472 0.298916
 36   14.294526 -0.410349 -0.467541 0.009129 0.017234 -0.122598
 37   15.834409 0.579420 -0.284600 0.138897 0.278825 -0.646918
 38   1.213906 -3.516251 -2.823813 0.013724 -0.046105 0.143329
 39   -4.457742 -1.054854 -0.746180 -0.003392 -0.013003 0.028636
 40   1.204041 -3.492739 3.237290 -0.018860 0.051192 0.141434
 41   -4.433840 -1.059130 0.959566 -0.008222 -0.000863 0.050680
 42   -0.520745 1.962935 -2.676895 -0.001953 0.006748 -0.113380
 43   -0.488281 1.964211 2.881096 -0.001962 0.006749 -0.113380
time 5
  0   -0.420655 0.433607 8.477192 0.000000 0.000000 -1.571069
  1   -1.093036 0.000002 -0.326057 -1.162109 -1.713597 -0.408566
  2   2.262337 0.113614 0.064702 -0.143629 0.206531 0.187147
  3   2.380047 0.353302 0.047440 -0.176067 0.003256 0.115291
  4   2.033756 0.190472 -0.000128 -0.186778 -0.028308 -0.133595
  5   2.451511 0.204909 -0.003447 -0.174010 -0.138042 -0.088499
  6   7.247600 -0.397300 -0.109469 0.000001 0.000033 0.156829
  7   -2.022252 -0.104661 3.136172 1.898857 -1.378986 -5.041821
  8   1.168026 -0.537438 -0.063437 -0.259785 1.186528 1.136790
  9   6.790376 -0.619176 0.015206 0.033629 0.037223 -1.243252
 10   8.637599 0.544015 -0.090417 -1.201032 -0.262405 -0.548924
 11   6.790465 -0.619039 0.017802 0.030227 0.010549 -0.885684
 12   -2.022474 -0.104699 -2.873818 -2.386886 1.266108 -5.504705
 13   1.167898 -0.537463 0.063297 0.408914 -1.729966 0.400468
 14   7.002743 -0.617765 -0.183752 0.009054 -0.040975 -0.673245
 15   8.209042 0.615527 -0.255885 1.929892 0.196727 -0.266355
 16   7.002735 -0.617911 -0.183641 0.018063 -0.025619 -0.489937
 17   1.574674 0.609930 -0.000899 0.591326 -0.058923 -0.034197
 18   -0.602177 0.511412 -0.000006 0.000000 0.000000 0.000000
 19   3.673773 0.177020 1.119313 -0.000002 -0.000014 -0.174510
 20   3.673767 0.176993 -1.117566 0.000007 -0.000003 -0.174546
 21   3.942357 1.334540 1.627658 0.000002 -0.000011 -0.000026
 22   -0.246060 -0.011889 0.516521 -0.000011 0.000031 0.000025
 23   3.938468 1.334565 -1.631083 0.000019 0.000002 -0.000024
 24   -0.246150 -0.011872 -0.516511 -0.000005 -0.000006 0.000048
 25   4.941364 1.997338 1.629330 0.000018 -0.000001 -0.000024
 26   4.941382 1.997366 -1.629410 -0.000001 0.000005 -0.000024
 27   2.914462 1.619264 1.514501 -0.000019 -0.000022 -0.000050
 28   2.916892 1.618870 -1.501142 -0.000002 -0.000009 -0.000024
 29   8.824059 0.150544 0.091743 0.023535 -0.015352 0.509801
 30   2.111085 -0.502583 1.772601 0.004575 0.010797 0.025155
 31   2.093946 -0.490974 -1.865318 0.004581 0.011474 0.025126
 32   -0.814395 -0.093824 3.127092 0.240271 -2.984024 -0.345518
 33   14.298673 -0.408176 0.471578 0.017889 -0.113418 -0.895878
 34   15.835795 0.581398 0.242756 0.110200 -0.228540 -0.353752
 35   -0.815868 -0.091229 -3.114430 -0.363399 3.088784 0.255696
 36   14.294526 -0.410349 -0.467541 0.009261 0.017258 -0.122598
 37   15.834409 0.579420 -0.284600 0.140099 0.276778 -0.671762
 38   1.245157 -3.543595 -2.819907 0.019491 -0.065495 0.203629
 39   -4.457742 -1.054854 -0.746180 -0.004866 -0.018480 0.040696
 40   1.239198 -3.512271 3.241196 -0.026795 0.072714 0.200940
 41   -4.433840 -1.059130 0.959566 -0.011686 -0.001222 0.071996
 42   -0.462150 2.076220 -2.669082 -0.002780 0.009600 -0.161058
 43   -0.414060 2.077496 2.888909 -0.002786 0.009589 -0.161058
time 6
  0   -0.444093 0.433607 12.610131 0.000000 0.000000 -1.571069
  1   -1.093036 0.000002 -0.326057 -1.172380 -1.690769 -0.398501
  2   2.262337 0.113614 0.064702 -0.148202 0.204302 0.231981
  3   2.380047 0.353302 0.047440 -0.179007 0.002129 0.132350
  4   2.033756 0.190472 -0.000128 -0.185653 -0.026030 -0.132109
  5   2.451511 0.204909 -0.003447 -0.172110 -0.134151 -0.096226
  6   7.247600 -0.397300 -0.109469 0.000001 0.000033 0.156829
  7   -2.022252 -0.104661 3.136172 1.829839 -1.368031 -4.961992
  8   1.168026 -0.537438 -0.063437 -0.258836 1.195685 1.063661
  9   6.790376 -0.619176 0.015206 0.033962 0.040493 -1.246271
 10   8.637599 0.544015 -0.090417 -1.201032 -0.262405 -0.548924
 11   6.790465 -0.619039 0.017802 0.030811 0.012908 -0.887760
 12   -2.022474 -0.104699 -2.873818 -2.367821 1.248548 -5.478473
 13   1.167898 -0.537463 0.063297 0.345436 -1.745425 0.527833
 14   7.002743 -0.617765 -0.183752 0.004955 -0.052275 -0.798653
 15   8.209042 0.615527 -0.255885 1.929892 0.196727 -0.266355
 16   7.002735 -0.617911 -0.183641 0.013637 -0.032724 -0.577804
 17   1.574674 0.609930 -0.000899 0.596688 -0.077454 -0.055117
 18   -0.602177 0.511412 -0.000006 0.000000 0.000000 0.000000
 19   3.677679 0.177020 1.119313 -0.000002 -0.000014 -0.174510
 20   3.677673 0.176993 -1.117566 0.000007 -0.000003 -0.174546
 21   3.942357 1.334540 1.627658 0.000002 -0.000011 -0.000026
 22   -0.246060 -0.011889 0.516521 -0.000011 0.000031 0.000025
 23   3.942374 1.334565 -1.631083 0.000019 0.000002 -0.000024
 24   -0.246150 -0.011872 -0.516511 -0.000005 -0.000006 0.000048
 25   4.941364 1.997338 1.629330 0.000018 -0.000001 -0.000024
 26   4.941382 1.997366 -1.629410 -0.000001 0.000005 -0.000024
 27   2.914462 1.619264 1.514501 -0.000019 -0.000022 -0.000050
 28   2.916892 1.618870 -1.501142 -0.000002 -0.000009 -0.000024
 29   8.824059 0.150544 0.091743 0.030486 -0.019815 0.712376
 30   2.111085 -0.486958 1.768695 0.005931 0.014197 0.032596
 31   2.082226 -0.467536 -1.865318 0.005945 0.014893 0.032568
 32   -0.814395 -0.093824 3.127092 0.252202 -3.012103 -0.590510
 33   14.298673 -0.408176 0.471578 0.048126 -0.141555 -1.209977
 34   15.835795 0.581398 0.242756 0.077352 -0.269563 -0.332274
 35   -0.815868 -0.091229 -3.114430 -0.323176 3.137409 0.178350
 36   14.294526 -0.410349 -0.467541 0.009632 0.017306 -0.122598
 37   15.834409 0.579420 -0.284600 0.158087 0.265132 -0.659948
 38   1.280314 -3.570940 -2.819907 0.025259 -0.084884 0.263868
 39   -4.457742 -1.054854 -0.746180 -0.006364 -0.023957 0.052728
 40   1.278262 -3.531803 3.241196 -0.034731 0.094249 0.260446
 41   -4.433840 -1.059130 0.959566 -0.015150 -0.001594 0.093339
 42   -0.403554 2.189505 -2.661269 -0.003607 0.012437 -0.208736
 43   -0.339839 2.186874 2.896721 -0.003611 0.012430 -0.208736
time 7
  0   -0.475344 0.433607 16.528219 0.000000 0.000000 -1.571069
  1   -1.093036 0.000002 -0.326057 -1.184485 -1.648818 -0.386259
  2   2.262337 0.113614 0.064702 -0.157666 0.197531 0.258708
  3   2.380047 0.353302 0.047440 -0.185052 0.002573 0.149654
  4   2.033756 0.190472 -0.000128 -0.185985 -0.019978 -0.130043
  5   2.451511 0.204909 -0.003447 -0.168293 -0.130965 -0.103210
  6   7.247600 -0.397300 -0.109469 0.000001 0.000033 0.156829
  7   -2.022252 -0.104661 3.136172 1.801848 -1.366186 -4.921796
  8   1.168026 -0.537438 -0.063437 -0.204731 1.209270 1.020391
  9   6.790376 -0.619176 0.015206 0.034018 0.043563 -1.248912
 10   8.637599 0.544015 -0.090417 -1.201032 -0.262405 -0.548924
 11   6.790465 -0.619039 0.017802 0.031307 0.015012 -0.889664
 12   -2.022474 -0.104699 -2.873818 -2.360348 1.239173 -5.466888
 13   1.167898 -0.537463 0.063297 0.370181 -1.735763 0.542966
 14   7.002743 -0.617765 -0.183752 0.002393 -0.063405 -0.917709
 15   8.209042 0.615527 -0.255885 1.929892 0.196727 -0.266355
 16   7.002735 -0.617911 -0.183641 0.010013 -0.039829 -0.661200
 17   1.574674 0.609930 -0.000899 0.601521 -0.088388 -0.071491
 18   -0.602177 0.511412 -0.000006 0.000000 0.000000 0.000000
 19   3.673773 0.177020 1.119313 -0.000002 -0.000014 -0.174510
 20   3.673767 0.176993 -1.117566 0.000007 -0.000003 -0.174546
 21   3.942357 1.334540 1.627658 0.000002 -0.000011 -0.000026
 22   -0.246060 -0.011889 0.516521 -0.000011 0.000031 0.000025
 23   3.938468 1.334565 -1.631083 0.000019 0.000002 -0.000024
 24   -0.246150 -0.011872 -0.516511 -0.000005 -0.000006 0.000048
 25   4.941364 1.997338 1.629330 0.000018 -0.000001 -0.000024
 26   4.941382 1.997366 -1.629410 -0.000001 0.000005 -0.000024
 27   2.914462 1.619264 1.514501 -0.000019 -0.000022 -0.000050
 28   2.916892 1.618870 -1.501142 -0.000002 -0.000009 -0.000024
 29   8.824059 0.150544 0.091743 0.036903 -0.023898 0.898535
 30   2.111085 -0.471332 1.768695 0.007179 0.017336 0.039437
 31   2.070507 -0.448004 -1.869224 0.007186 0.018001 0.039409
 32   -0.814395 -0.093824 3.127092 0.260871 -3.048682 -0.847115
 33   14.298673 -0.408176 0.471578 0.084727 -0.158719 -1.517645
 34   15.835795 0.581398 0.242756 -0.020501 -0.257117 -0.106866
 35   -0.815868 -0.091229 -3.114430 -0.288763 3.186877 0.085009
 36   14.294526 -0.410349 -0.467541 0.008985 0.017210 -0.122598
 37   15.834409 0.579420 -0.284600 0.198733 0.233522 -0.607066
 38   1.307659 -3.598285 -2.819907 0.030563 -0.102695 0.319281
 39   -4.457742 -1.054854 -0.746180 -0.007802 -0.028979 0.063806
 40   1.309513 -3.551335 3.241196 -0.042014 0.114024 0.315064
 41   -4.433840 -1.059130 0.959566 -0.018325 -0.001918 0.112916
 42   -0.352771 2.291070 -2.657363 -0.004362 0.015043 -0.252565
 43   -0.269525 2.292346 2.900628 -0.004373 0.015050 -0.252565
time 8
  0   -0.506595 0.433607 19.153299 0.000000 0.000000 -1.571069
  1   -1.093036 0.000002 -0.326057 -1.133287 -1.610663 -0.437502
  2   2.262337 0.113614 0.064702 -0.163436 0.189777 0.274032
  3   2.380047 0.353302 0.047440 -0.190423 0.007007 0.166958
  4   2.033756 0.190472 -0.000128 -0.186501 -0.011697 -0.126237
  5   2.451511 0.204909 -0.003447 -0.161669 -0.123015 -0.107073
  6   7.247600 -0.397300 -0.109469 0.000001 0.000033 0.156829
  7   -2.022252 -0.104661 3.136172 1.865690 -1.372355 -4.973168
  8   1.168026 -0.537438 -0.063437 -0.179229 1.232314 0.976678
  9   6.790376 -0.619176 0.015206 0.033962 0.049970 -1.282646
 10   8.637599 0.544015 -0.090417 -1.201032 -0.262405 -0.548924
 11   6.790465 -0.619039 0.017802 0.032446 0.019418 -0.913253
 12   -2.022474 -0.104699 -2.873818 -2.347126 1.233572 -5.470335
 13   1.167898 -0.537463 0.063297 0.464659 -1.715167 0.469235
 14   7.002743 -0.617765 -0.183752 0.000969 -0.081520 -1.107388
 15   8.209042 0.615527 -0.255885 1.929892 0.196727 -0.266355
 16   7.002735 -0.617911 -0.183641 0.005493 -0.051727 -0.793662
 17   1.574674 0.609930 -0.000899 0.604446 -0.091015 -0.079844
 18   -0.602177 0.511412 -0.000006 0.000000 0.000000 0.000000
 19   3.677679 0.177020 1.119313 -0.000002 -0.000014 -0.174510
 20   3.677673 0.176993 -1.117566 0.000007 -0.000003 -0.174546
 21   3.942357 1.334540 1.627658 0.000002 -0.000011 -0.000026
 22   -0.246060 -0.011889 0.516521 -0.000011 0.000031 0.000025
 23   3.942374 1.334565 -1.631083 0.000019 0.000002 -0.000024
 24   -0.246150 -0.011872 -0.516511 -0.000005 -0.000006 0.000048
 25   4.941364 1.997338 1.629330 0.000018 -0.000001 -0.000024
 26   4.941382 1.997366 -1.629410 -0.000001 0.000005 -0.000024
 27   2.914462 1.619264 1.514501 -0.000019 -0.000022 -0.000050
 28   2.920798 1.618870 -1.501142 -0.000002 -0.000009 -0.000024
 29   8.824059 0.150544 0.091743 0.042161 -0.027269 1.051808
 30   2.111085 -0.455707 1.764788 0.008209 0.019893 0.045055
 31   2.058788 -0.432379 -1.873131 0.008228 0.020592 0.045032
 32   -0.814395 -0.093824 3.127092 0.273454 -3.091565 -1.098768
 33   14.298673 -0.408176 0.471578 0.121712 -0.164147 -1.801652
 34   15.835795 0.581398 0.242756 -0.114122 -0.227466 0.074881
 35   -0.815868 -0.091229 -3.114430 -0.263855 3.240654 -0.063329
 36   14.294526 -0.410349 -0.467541 0.012041 0.039501 -0.195053
 37   15.834409 0.579420 -0.284600 0.271671 0.119546 -0.404563
 38   1.335003 -3.617816 -2.819907 0.034941 -0.117373 0.364918
 39   -4.457742 -1.054854 -0.746180 -0.009060 -0.033125 0.072921
 40   1.336858 -3.566960 3.241196 -0.048013 0.130316 0.360091
 41   -4.433840 -1.059130 0.959566 -0.020950 -0.002193 0.129042
 42   -0.309801 2.377010 -2.649550 -0.004998 0.017190 -0.288616
 43   -0.214836 2.378286 2.904534 -0.004998 0.017200 -0.288616
time 9
  0   -0.494876 0.433607 20.020514 0.000000 0.000000 -1.571069
  1   -1.093036 0.000002 -0.326057 -0.977646 -1.614275 -0.593020
  2   2.262337 0.113614 0.064702 -0.162761 0.184468 0.295609
  3   2.380047 0.353302 0.047440 -0.192148 0.012280 0.187037
  4   2.033756 0.190472 -0.000128 -0.184159 -0.004997 -0.118879
  5   2.451511 0.204909 -0.003447 -0.151296 -0.114241 -0.104770
  6   7.247600 -0.397300 -0.109469 0.000001 0.000033 0.156829
  7   -2.022252 -0.104661 3.136172 2.082233 -1.382012 -5.219605
  8   1.168026 -0.537438 -0.063437 -0.064691 1.257320 1.007043
  9   6.790376 -0.619176 0.015206 0.033685 0.055710 -1.308985
 10   8.637599 0.544015 -0.090417 -1.201032 -0.262405 -0.548924
 11   6.790465 -0.619039 0.017802 0.033351 0.023425 -0.931536
 12   -2.022474 -0.104699 -2.873818 -2.366000 1.233891 -5.478281
 13   1.167898 -0.537463 0.063297 0.496292 -1.706573 0.459792
 14   7.002743 -0.617765 -0.183752 0.002108 -0.094978 -1.248473
 15   8.209042 0.615527 -0.255885 1.929892 0.196727 -0.266355
 16   7.002735 -0.617911 -0.183641 0.003187 -0.060862 -0.892292
 17   1.574674 0.609930 -0.000899 0.605705 -0.094565 -0.079511
 18   -0.602177 0.511412 -0.000006 0.000000 0.000000 0.000000
 19   3.677679 0.177020 1.119313 -0.000002 -0.000014 -0.174510
 20   3.673767 0.176993 -1.117566 0.000007 -0.000003 -0.174546
 21   3.942357 1.334540 1.627658 0.000002 -0.000011 -0.000026
 22   -0.246060 -0.011889 0.516521 -0.000011 0.000031 0.000025
 23   3.942374 1.334565 -1.631083 0.000019 0.000002 -0.000024
 24   -0.246150 -0.011872 -0.516511 -0.000005 -0.000006 0.000048
 25   4.941364 1.997338 1.629330 0.000018 -0.000001 -0.000024
 26   4.941382 1.997366 -1.629410 -0.000001 0.000005 -0.000024
 27   2.914462 1.619264 1.514501 -0.000019 -0.000022 -0.000050
 28   2.920798 1.618870 -1.501142 -0.000002 -0.000009 -0.000024
 29   8.824059 0.150544 0.091743 0.045726 -0.029547 1.155831
 30   2.107179 -0.447894 1.760882 0.008915 0.021637 0.048872
 31   2.043163 -0.420660 -1.873131 0.008917 0.022327 0.048853
 32   -0.814395 -0.093824 3.127092 -2.837215 0.007941 1.837673
 33   14.298673 -0.408176 0.471578 0.153674 -0.160451 -2.046198
 34   15.835795 0.581398 0.242756 -0.191618 -0.217217 0.169173
 35   -0.815868 -0.091229 -3.114430 -0.216151 3.309328 -0.421575
 36   14.294526 -0.410349 -0.467541 -0.007518 0.141238 -0.716451
 37   15.834409 0.579420 -0.284600 0.289738 0.091007 -0.149532
 38   1.350629 -3.633442 -2.816000 0.037909 -0.127326 0.395832
 39   -4.457742 -1.054854 -0.746180 -0.010031 -0.035930 0.079119
 40   1.356390 -3.574773 3.241196 -0.052096 0.141367 0.390638
 41   -4.433840 -1.059130 0.959566 -0.022724 -0.002385 0.140009
 42   -0.278550 2.435606 -2.649550 -0.005417 0.018661 -0.313124
 43   -0.175772 2.432975 2.908441 -0.005422 0.018659 -0.313124
time 10
  0   -0.444093 0.433607 20.020514 0.000000 0.000000 -1.571069
  1   -1.093036 0.000002 -0.326057 -1.020461 -1.652244 -0.550246
  2   2.262337 0.113614 0.064702 -0.155934 0.178811 0.318667
  3   2.380047 0.353302 0.047440 -0.190948 0.018165 0.214544
  4   2.033756 0.190472 -0.000128 -0.180526 0.004650 -0.107570
  5   2.451511 0.204909 -0.003447 -0.139400 -0.105820 -0.100040
  6   7.247600 -0.397300 -0.109469 0.000001 0.000033 0.156829
  7   -2.022252 -0.104661 3.136172 2.039289 -1.418565 -5.156493
  8   1.168026 -0.537438 -0.063437 -0.067855 1.252138 0.940872
  9   6.790376 -0.619176 0.015206 0.033574 0.060515 -1.326568
 10   8.637599 0.544015 -0.090417 -1.201032 -0.262405 -0.548924
 11   6.790465 -0.619039 0.017802 0.034051 0.026865 -0.943936
 12   -2.022474 -0.104699 -2.873818 -2.294049 1.269010 -5.403890
 13   1.167898 -0.537463 0.063297 0.634846 -1.656583 0.322983
 14   7.002743 -0.617765 -0.183752 0.003759 -0.102587 -1.329741
 15   8.209042 0.615527 -0.255885 1.929892 0.196727 -0.266355
 16   7.002735 -0.617911 -0.183641 0.002292 -0.066219 -0.949085
 17   1.574674 0.609930 -0.000899 0.605340 -0.101168 -0.066501
 18   -0.602177 0.511412 -0.000006 0.000000 0.000000 0.000000
 19   3.677679 0.177020 1.119313 -0.000002 -0.000014 -0.174510
 20   3.677673 0.176993 -1.117566 0.000007 -0.000003 -0.174546
 21   3.942357 1.338447 1.627658 0.000002 -0.000011 -0.000026
 22   -0.246060 -0.011889 0.516521 -0.000011 0.000031 0.000025
 23   3.942374 1.334565 -1.631083 0.000019 0.000002 -0.000024
 24   -0.246150 -0.011872 -0.516511 -0.000005 -0.000006 0.000048
 25   4.941364 1.997338 1.629330 0.000018 -0.000001 -0.000024
 26   4.941382 1.997366 -1.629410 -0.000001 0.000005 -0.000024
 27   2.914462 1.623171 1.514501 -0.000019 -0.000022 -0.000050
 28   2.916892 1.618870 -1.501142 -0.000002 -0.000009 -0.000024
 29   8.824059 0.150544 0.091743 0.047063 -0.030402 1.194136
 30   2.107179 -0.443988 1.760882 0.009172 0.022276 0.050287
 31   2.031444 -0.416753 -1.877037 0.009178 0.022975 0.050272
 32   -0.814395 -0.093824 3.127092 -2.807575 -6.228988 1.753770
 33   14.298673 -0.408176 0.471578 0.170321 -0.155294 -2.178555
 34   15.835795 0.581398 0.242756 -0.237324 -0.224367 0.224389
 35   -0.815868 -0.091229 -3.114430 -0.167303 3.326754 -0.598288
 36   14.294526 -0.410349 -0.467541 -0.034171 0.205871 -0.926400
 37   15.834409 0.579420 -0.284600 0.295550 0.093720 -0.025211
 38   1.354535 -3.637348 -2.816000 0.039004 -0.131002 0.407257
 39   -4.457742 -1.054854 -0.746180 -0.010618 -0.036960 0.081391
 40   1.364202 -3.578679 3.245103 -0.053591 0.145440 0.401941
 41   -4.433840 -1.059130 0.959566 -0.023383 -0.002457 0.144019
 42   -0.266831 2.455138 -2.645644 -0.005573 0.019198 -0.322158
 43   -0.164053 2.456414 2.912347 -0.005572 0.019193 -0.322158
time 11
  0   -0.389404 0.433607 20.012701 0.000000 0.000000 -1.571069
  1   -1.093036 0.000002 -0.326057 -1.057196 -1.701141 -0.513567
  2   2.262337 0.113614 0.064702 -0.149323 0.171752 0.338870
  3   2.380047 0.353302 0.047440 -0.191698 0.022024 0.240561
  4   2.033756 0.190472 -0.000128 -0.177446 0.013639 -0.096587
  5   2.451511 0.204909 -0.003447 -0.128890 -0.096590 -0.095087
  6   7.247600 -0.397300 -0.109469 0.000001 0.000033 0.156829
  7   -2.022252 -0.104661 3.136172 2.017529 -1.438773 -5.120805
  8   1.168026 -0.537438 -0.063437 -0.051402 1.256364 0.891846
  9   6.790376 -0.619176 0.015206 0.033685 0.062718 -1.320606
 10   8.637599 0.544015 -0.090417 -1.201032 -0.262405 -0.548924
 11   6.790465 -0.619039 0.017802 0.034402 0.028400 -0.939610
 12   -2.022474 -0.104699 -2.873818 -2.253715 1.291968 -5.368945
 13   1.167898 -0.537463 0.063297 0.837510 -1.638122 0.118799
 14   7.002743 -0.617765 -0.183752 0.004442 -0.105199 -1.358370
 15   8.209042 0.615527 -0.255885 1.929892 0.196727 -0.266355
 16   7.002735 -0.617911 -0.183641 0.002057 -0.068080 -0.968955
 17   1.574674 0.609930 -0.000899 0.603756 -0.111463 -0.039039
 18   -0.602177 0.511412 -0.000006 0.000000 0.000000 0.000000
 19   3.673773 0.177020 1.119313 -0.000002 -0.000014 -0.174510
 20   3.673767 0.176993 -1.117566 0.000007 -0.000003 -0.174546
 21   3.942357 1.334540 1.627658 0.000002 -0.000011 -0.000026
 22   -0.246060 -0.011889 0.516521 -0.000011 0.000031 0.000025
 23   3.938468 1.334565 -1.631083 0.000019 0.000002 -0.000024
 24   -0.246150 -0.011872 -0.516511 -0.000005 -0.000006 0.000048
 25   4.941364 1.997338 1.629330 0.000018 -0.000001 -0.000024
 26   4.941382 1.997366 -1.629410 -0.000001 0.000005 -0.000024
 27   2.914462 1.619264 1.514501 -0.000019 -0.000022 -0.000050
 28   2.916892 1.618870 -1.501142 -0.000002 -0.000009 -0.000024
 29   8.824059 0.150544 0.091743 0.046172 -0.029761 1.161679
 30   2.103272 -0.455707 1.760882 0.008901 0.022131 0.040101
 31   2.019724 -0.428472 -1.877037 0.008902 0.022819 0.040101
 32   -0.814395 -0.093824 3.127092 -2.777654 -6.198330 1.758950
 33   14.298673 -0.408176 0.471578 0.177632 -0.152205 -2.238659
 34   15.835795 0.581398 0.242756 -0.245513 -0.248942 0.255040
 35   -0.815868 -0.091229 -3.114430 -0.140458 3.318885 -0.706967
 36   14.294526 -0.410349 -0.467541 -0.095688 0.242832 -1.325597
 37   15.834409 0.579420 -0.284600 0.286507 0.110869 0.096880
 38   1.350629 -3.629536 -2.816000 0.037552 -0.128604 0.392105
 39   -4.457742 -1.054854 -0.746180 -0.010942 -0.036793 0.081279
 40   1.360296 -3.574773 3.245103 -0.053212 0.140716 0.383063
 41   -4.433840 -1.059130 0.959566 -0.023023 -0.002385 0.140065
 42   -0.286363 2.427793 -2.645644 -0.005261 0.018707 -0.308607
 43   -0.183585 2.425163 2.908441 -0.005260 0.018706 -0.308607
time 12
  0   -0.358153 0.433607 19.973637 0.000000 0.000000 -1.571069
  1   -1.093036 0.000002 -0.326057 -1.061965 -1.719895 -0.508825
  2   2.262337 0.113614 0.064702 -0.145769 0.160978 0.341635
  3   2.380047 0.353302 0.047440 -0.194608 0.023606 0.248764
  4   2.033756 0.190472 -0.000128 -0.174624 0.017390 -0.091404
  5   2.451511 0.204909 -0.003447 -0.118209 -0.084657 -0.090530
  6   7.247600 -0.397300 -0.109469 0.000001 0.000033 0.156829
  7   -2.022252 -0.104661 3.136172 2.039864 -1.451054 -5.137240
  8   1.168026 -0.537438 -0.063437 -0.002676 1.257974 0.894566
  9   6.790376 -0.619176 0.015206 0.034073 0.064253 -1.305060
 10   8.637599 0.544015 -0.090417 -1.201032 -0.262405 -0.548924
 11   6.790465 -0.619039 0.017802 0.034694 0.029508 -0.928825
 12   -2.022474 -0.104699 -2.873818 -2.234745 1.302300 -5.355350
 13   1.167898 -0.537463 0.063297 1.077783 -1.633139 -0.125277
 14   7.002743 -0.617765 -0.183752 0.004841 -0.106618 -1.373716
 15   8.209042 0.615527 -0.255885 1.929892 0.196727 -0.266355
 16   7.002735 -0.617911 -0.183641 0.001915 -0.069095 -0.979717
 17   1.574674 0.609930 -0.000899 0.600912 -0.123533 -0.000673
 18   -0.602177 0.511412 -0.000006 0.000000 0.000000 0.000000
 19   3.673773 0.177020 1.119313 -0.000002 -0.000014 -0.174510
 20   3.673767 0.176993 -1.117566 0.000007 -0.000003 -0.174546
 21   3.942357 1.334540 1.627658 0.000002 -0.000011 -0.000026
 22   -0.246060 -0.011889 0.516521 -0.000011 0.000031 0.000025
 23   3.942374 1.334565 -1.631083 0.000019 0.000002 -0.000024
 24   -0.246150 -0.011872 -0.516511 -0.000005 -0.000006 0.000048
 25   4.941364 1.997338 1.629330 0.000018 -0.000001 -0.000024
 26   4.941382 1.997366 -1.629410 -0.000001 0.000005 -0.000024
 27   2.914462 1.619264 1.514501 -0.000019 -0.000022 -0.000050
 28   2.916892 1.618870 -1.501142 -0.000002 -0.000009 -0.000024
 29   8.824059 0.150544 0.091743 0.043498 -0.028052 1.073160
 30   2.095459 -0.490864 1.760882 0.008128 0.021724 0.012504
 31   2.008005 -0.463630 -1.873131 0.008121 0.022431 0.012480
 32   -0.814395 -0.093824 3.127092 -2.767401 -6.187728 1.775913
 33   14.298673 -0.408176 0.471578 0.179070 -0.151636 -2.250013
 34   15.835795 0.581398 0.242756 -0.203694 -0.230736 0.262670
 35   -0.815868 -0.091229 -3.114430 -0.120039 3.311858 -0.805786
 36   14.294526 -0.410349 -0.467541 -0.153778 0.268730 -1.606920
 37   15.834409 0.579420 -0.284600 0.277286 0.123846 0.200362
 38   1.331097 -3.613910 -2.819907 0.033636 -0.122120 0.350928
 39   -4.457742 -1.054854 -0.746180 -0.011194 -0.036313 0.080942
 40   1.344670 -3.559147 3.241196 -0.052096 0.127713 0.331988
 41   -4.433840 -1.059130 0.959566 -0.022017 -0.002193 0.129295
 42   -0.329333 2.341853 -2.649550 -0.004410 0.017374 -0.271887
 43   -0.238274 2.339222 2.908441 -0.004410 0.017372 -0.271887
time 13
  0   -0.369872 0.433607 19.903322 0.000000 0.000000 -1.571069
  1   -1.093036 0.000002 -0.326057 -1.061545 -1.712625 -0.509164
  2   2.262337 0.113614 0.064702 -0.143693 0.154290 0.331118
  3   2.380047 0.353302 0.047440 -0.199153 0.023018 0.238745
  4   2.033756 0.190472 -0.000128 -0.171249 0.012128 -0.091259
  5   2.451511 0.204909 -0.003447 -0.105166 -0.075740 -0.083670
  6   7.247600 -0.397300 -0.109469 0.000001 0.000033 0.156829
  7   -2.022252 -0.104661 3.136172 2.233209 -1.452582 -5.330332
  8   1.168026 -0.537438 -0.063437 0.104521 1.239207 1.006727
  9   6.790376 -0.619176 0.015206 0.034184 0.066856 -1.308154
 10   8.637599 0.544015 -0.090417 -1.201032 -0.262405 -0.548924
 11   6.790465 -0.619039 0.017802 0.035161 0.031356 -0.930901
 12   -2.022474 -0.104699 -2.873818 -2.227655 1.302649 -5.340414
 13   1.167898 -0.537463 0.063297 1.486134 -1.630087 -0.542301
 14   7.002743 -0.617765 -0.183752 0.005866 -0.109969 -1.409771
 15   8.209042 0.615527 -0.255885 1.929892 0.196727 -0.266355
 16   7.002735 -0.617911 -0.183641 0.001680 -0.071519 -1.004941
 17   1.574674 0.609930 -0.000899 0.596972 -0.133970 0.043458
 18   -0.602177 0.511412 -0.000006 0.000000 0.000000 0.000000
 19   3.673773 0.177020 1.119313 -0.000002 -0.000014 -0.174510
 20   3.673767 0.176993 -1.117566 0.000007 -0.000003 -0.174546
 21   3.942357 1.334540 1.627658 0.000002 -0.000011 -0.000026
 22   -0.246060 -0.011889 0.516521 -0.000011 0.000031 0.000025
 23   3.942374 1.334565 -1.631083 0.000019 0.000002 -0.000024
 24   -0.246150 -0.011872 -0.516511 -0.000005 -0.000006 0.000048
 25   4.941364 1.997338 1.629330 0.000018 -0.000001 -0.000024
 26   4.941382 1.997366 -1.629410 -0.000001 0.000005 -0.000024
 27   2.914462 1.623171 1.514501 -0.000019 -0.000022 -0.000050
 28   2.916892 1.618870 -1.501142 -0.000002 -0.000009 -0.000024
 29   8.824059 0.150544 0.091743 0.039577 -0.025536 0.941990
 30   2.083740 -0.537741 1.764788 0.006921 0.021143 -0.028174
 31   1.996286 -0.514413 -1.873131 0.006910 0.021835 -0.028205
 32   -0.814395 -0.093824 3.127092 -2.778120 -6.186678 1.762991
 33   14.298673 -0.408176 0.471578 0.178087 -0.152192 -2.241359
 34   15.835795 0.581398 0.242756 -0.137262 -0.222610 0.271888
 35   -0.815868 -0.091229 -3.114430 -0.103492 3.304550 -0.872779
 36   14.294526 -0.410349 -0.467541 -0.192704 0.254684 -1.853870
 37   15.834409 0.579420 -0.284600 0.274962 0.130219 0.250405
 38   1.307659 -3.586565 -2.819907 0.027848 -0.112564 0.290322
 39   -4.457742 -1.054854 -0.746180 -0.011397 -0.035558 0.080410
 40   1.321232 -3.539616 3.241196 -0.050370 0.108203 0.256658
 41   -4.433840 -1.059130 0.959566 -0.020423 -0.001918 0.113392
 42   -0.399648 2.220756 -2.653457 -0.003128 0.015380 -0.217811
 43   -0.316401 2.214219 2.904534 -0.003136 0.015380 -0.217811
time 14
  0   -0.381591 0.433607 19.766600 0.000000 0.000000 -1.571069
  1   -1.093036 0.000002 -0.326057 -1.065161 -1.702855 -0.505632
  2   2.262337 0.113614 0.064702 -0.140878 0.139645 0.317565
  3   2.380047 0.353302 0.047440 -0.201914 0.022084 0.228032
  4   2.033756 0.190472 -0.000128 -0.166362 0.007574 -0.092745
  5   2.451511 0.204909 -0.003447 -0.091815 -0.075505 -0.080500
  6   7.247600 -0.397300 -0.109469 0.000001 0.000033 0.156829
  7   -2.022252 -0.104661 3.136172 2.409300 -1.448229 -5.495343
  8   1.168026 -0.537438 -0.063437 0.190455 1.224465 1.120026
  9   6.790376 -0.619176 0.015206 0.034351 0.068191 -1.303324
 10   8.637599 0.544015 -0.090417 -1.201032 -0.262405 -0.548924
 11   6.790465 -0.619039 0.017802 0.035394 0.032266 -0.927498
 12   -2.022474 -0.104699 -2.873818 -2.221332 1.304245 -5.338786
 13   1.167898 -0.537463 0.063297 -1.081086 -1.498883 1.986176
 14   7.002743 -0.617765 -0.183752 0.006549 -0.112013 -1.432955
 15   8.209042 0.615527 -0.255885 1.929892 0.196727 -0.266355
 16   7.002735 -0.617911 -0.183641 0.001586 -0.073042 -1.021002
 17   1.574674 0.609930 -0.000899 0.592057 -0.141567 0.086851
 18   -0.602177 0.511412 -0.000006 0.000000 0.000000 0.000000
 19   3.673773 0.177020 1.119313 -0.000002 -0.000014 -0.174510
 20   3.673767 0.180900 -1.117566 0.000007 -0.000003 -0.174546
 21   3.938451 1.338447 1.627658 0.000002 -0.000011 -0.000026
 22   -0.246060 -0.011889 0.516521 -0.000011 0.000031 0.000025
 23   3.938468 1.334565 -1.631083 0.000019 0.000002 -0.000024
 24   -0.246150 -0.011872 -0.516511 -0.000005 -0.000006 0.000048
 25   4.941364 1.997338 1.629330 0.000018 -0.000001 -0.000024
 26   4.941382 1.997366 -1.629410 -0.000001 0.000005 -0.000024
 27   2.914462 1.623171 1.514501 -0.000019 -0.000022 -0.000050
 28   2.916892 1.622777 -1.501142 -0.000002 -0.000009 -0.000024
 29   8.824059 0.150544 0.091743 0.034586 -0.022474 0.781475
 30   2.072021 -0.588524 1.764788 0.005335 0.020416 -0.077579
 31   1.984567 -0.573008 -1.873131 0.005317 0.021110 -0.077624
 32   -0.814395 -0.093824 3.127092 -2.788467 -6.187251 1.760430
 33   14.298673 -0.408176 0.471578 0.175666 -0.154816 -2.212378
 34   15.835795 0.581398 0.242756 -0.063309 -0.229101 0.288294
 35   -0.815868 -0.091229 -3.114430 -0.093371 3.294244 -0.899510
 36   14.294526 -0.410349 -0.467541 -0.202483 0.227479 -2.003414
 37   15.834409 0.579420 -0.284600 0.270410 0.135338 0.266528
 38   1.276408 -3.555315 -2.819907 0.020839 -0.100960 0.216642
 39   -4.457742 -1.054854 -0.746180 -0.011553 -0.034576 0.079708
 40   1.293888 -3.512271 3.241196 -0.048076 0.083945 0.165261
 41   -4.433840 -1.059130 0.959566 -0.018349 -0.001594 0.094040
 42   -0.481681 2.076220 -2.657363 -0.001570 0.012958 -0.152108
 43   -0.414060 2.061870 2.900628 -0.001562 0.012947 -0.152108
time 15
  0   -0.389404 0.433607 19.493153 0.000000 0.000000 -1.571069
  1   -1.093036 0.000002 -0.326057 -1.076638 -1.692668 -0.494116
  2   2.262337 0.113614 0.064702 -0.137426 0.126786 0.300777
  3   2.380047 0.353302 0.047440 -0.204149 0.020897 0.217564
  4   2.033756 0.190472 -0.000128 -0.161235 0.003512 -0.094920
  5   2.451511 0.204909 -0.003447 -0.080073 -0.075401 -0.078915
  6   7.247600 -0.397300 -0.109469 0.000001 0.000033 0.156829
  7   -2.022252 -0.104661 3.136172 2.470553 -1.452063 -5.546152
  8   1.168026 -0.537438 -0.063437 0.221969 1.219031 1.161778
  9   6.790376 -0.619176 0.015206 0.034462 0.068191 -1.295249
 10   8.637599 0.544015 -0.090417 -1.201032 -0.262405 -0.548924
 11   6.790465 -0.619039 0.017802 0.035424 0.032266 -0.921846
 12   -2.022474 -0.104699 -2.873818 -2.189045 1.312691 -5.306043
 13   1.167898 -0.537463 0.063297 -0.785631 -1.482965 1.665584
 14   7.002743 -0.617765 -0.183752 0.006606 -0.112240 -1.435100
 15   8.209042 0.615527 -0.255885 1.929892 0.196727 -0.266355
 16   7.002735 -0.617911 -0.183641 0.001586 -0.073211 -1.022492
 17   1.574674 0.609930 -0.000899 0.587020 -0.147034 0.125401
 18   -0.602177 0.511412 -0.000006 0.000000 0.000000 0.000000
 19   3.673773 0.177020 1.119313 -0.000002 -0.000014 -0.174510
 20   3.677673 0.176993 -1.117566 0.000007 -0.000003 -0.174546
 21   3.942357 1.334540 1.627658 0.000002 -0.000011 -0.000026
 22   -0.246060 -0.011889 0.516521 -0.000011 0.000031 0.000025
 23   3.942374 1.334565 -1.631083 0.000019 0.000002 -0.000024
 24   -0.246150 -0.011872 -0.516511 -0.000005 -0.000006 0.000048
 25   4.941364 1.997338 1.629330 0.000018 -0.000001 -0.000024
 26   4.941382 1.997366 -1.629410 -0.000001 0.000005 -0.000024
 27   2.914462 1.619264 1.514501 -0.000019 -0.000022 -0.000050
 28   2.916892 1.618870 -1.501142 -0.000002 -0.000009 -0.000024
 29   8.824059 0.150544 0.091743 0.028882 -0.019150 0.605026
 30   2.056396 -0.651025 1.764788 0.003450 0.019632 -0.131358
 31   1.976754 -0.643323 -1.873131 0.003417 0.020333 -0.131391
 32   -0.814395 -0.093824 3.127092 -2.798347 -6.189829 1.770391
 33   14.298673 -0.408176 0.471578 0.171508 -0.159029 -2.164025
 34   15.835795 0.581398 0.242756 0.010414 -0.217656 0.295615
 35   -0.815868 -0.091229 -3.114430 -0.084393 3.282065 -0.909863
 36   14.294526 -0.410349 -0.467541 -0.199223 0.197626 -2.115804
 37   15.834409 0.579420 -0.284600 0.263140 0.141097 0.263841
 38   1.245157 -3.520157 -2.819907 0.013198 -0.088331 0.136547
 39   -4.457742 -1.054854 -0.746180 -0.011661 -0.033437 0.078839
 40   1.262637 -3.484926 3.241196 -0.045277 0.056687 0.065738
 41   -4.433840 -1.059130 0.959566 -0.015857 -0.001222 0.072949
 42   -0.575434 1.912152 -2.661269 0.000156 0.010275 -0.080592
 43   -0.519532 1.893896 2.892815 0.000150 0.010280 -0.080592
time 16
  0   -0.401123 0.433607 19.055639 0.000000 0.000000 -1.571069
  1   -1.093036 0.000002 -0.326057 -1.104674 -1.682342 -0.466099
  2   2.262337 0.113614 0.064702 -0.134955 0.107251 0.281405
  3   2.380047 0.353302 0.047440 -0.206159 0.019519 0.207973
  4   2.033756 0.190472 -0.000128 -0.156532 0.000024 -0.097421
  5   2.451511 0.204909 -0.003447 -0.070984 -0.075531 -0.079633
  6   7.247600 -0.397300 -0.109469 0.000001 0.000033 0.156829
  7   -2.022252 -0.104661 3.136172 2.528068 -1.454772 -5.597900
  8   1.168026 -0.537438 -0.063437 0.254875 1.211333 1.203593
  9   6.790376 -0.619176 0.015206 0.034739 0.068191 -1.288005
 10   8.637599 0.544015 -0.090417 -1.201032 -0.262405 -0.548924
 11   6.790465 -0.619039 0.017802 0.035453 0.032266 -0.916771
 12   -2.022474 -0.104699 -2.873818 -2.167009 1.320266 -5.282012
 13   1.167898 -0.537463 0.063297 -0.542476 -1.455758 1.388940
 14   7.002743 -0.617765 -0.183752 0.006606 -0.112240 -1.435430
 15   8.209042 0.615527 -0.255885 1.929892 0.196727 -0.266355
 16   7.002735 -0.617911 -0.183641 0.001586 -0.073211 -1.022713
 17   1.574674 0.609930 -0.000899 0.582145 -0.150726 0.157113
 18   -0.602177 0.511412 -0.000006 0.000000 0.000000 0.000000
 19   3.677679 0.177020 1.119313 -0.000002 -0.000014 -0.174510
 20   3.677673 0.176993 -1.117566 0.000007 -0.000003 -0.174546
 21   3.942357 1.334540 1.627658 0.000002 -0.000011 -0.000026
 22   -0.246060 -0.011889 0.516521 -0.000011 0.000031 0.000025
 23   3.942374 1.334565 -1.631083 0.000019 0.000002 -0.000024
 24   -0.246150 -0.011872 -0.516511 -0.000005 -0.000006 0.000048
 25   4.941364 1.997338 1.629330 0.000018 -0.000001 -0.000024
 26   4.941382 1.997366 -1.629410 -0.000001 0.000005 -0.000024
 27   2.914462 1.619264 1.514501 -0.000019 -0.000022 -0.000050
 28   2.916892 1.618870 -1.501142 -0.000002 -0.000009 -0.000024
 29   8.824059 0.150544 0.091743 0.022822 -0.015803 0.426003
 30   2.044677 -0.713527 1.764788 0.001294 0.018818 -0.185138
 31   1.968942 -0.709731 -1.873131 0.001256 0.019530 -0.185159
 32   -0.814395 -0.093824 3.127092 -2.809252 -6.196420 1.795949
 33   14.298673 -0.408176 0.471578 0.165803 -0.164316 -2.100983
 34   15.835795 0.581398 0.242756 0.074569 -0.161503 0.306552
 35   -0.815868 -0.091229 -3.114430 -0.078144 3.263702 -0.917751
 36   14.294526 -0.410349 -0.467541 -0.187682 0.156998 -2.263727
 37   15.834409 0.579420 -0.284600 0.255929 0.148238 0.253498
 38   1.213906 -3.485000 -2.819907 0.005578 -0.075702 0.056391
 39   -4.457742 -1.054854 -0.746180 -0.011733 -0.032155 0.077829
 40   1.227479 -3.457582 3.241196 -0.042098 0.028211 -0.033724
 41   -4.433840 -1.059130 0.959566 -0.013028 -0.000863 0.051774
 42   -0.661374 1.751991 -2.669082 0.001930 0.007561 -0.009117
 43   -0.628911 1.729829 2.888909 0.001937 0.007550 -0.009117
time 17
  0   -0.412842 0.433607 18.395464 0.000000 0.000000 -1.571069
  1   -1.093036 0.000002 -0.326057 -1.145392 -1.673267 -0.425405
  2   2.262337 0.113614 0.064702 -0.132535 0.091120 0.259756
  3   2.380047 0.353302 0.047440 -0.207944 0.018201 0.198893
  4   2.033756 0.190472 -0.000128 -0.151903 -0.002864 -0.099922
  5   2.451511 0.204909 -0.003447 -0.064719 -0.075753 -0.081119
  6   7.247600 -0.397300 -0.109469 0.000001 0.000033 0.156829
  7   -2.022252 -0.104661 3.136172 2.640510 -1.447969 -5.720367
  8   1.168026 -0.537438 -0.063437 0.342455 1.176616 1.299559
  9   6.790376 -0.619176 0.015206 0.034850 0.067256 -1.277816
 10   8.637599 0.544015 -0.090417 -1.201032 -0.262405 -0.548924
 11   6.790465 -0.619039 0.017802 0.035336 0.031612 -0.909677
 12   -2.022474 -0.104699 -2.873818 -2.210697 1.316696 -5.322606
 13   1.167898 -0.537463 0.063297 -0.359635 -1.392648 1.138205
 14   7.002743 -0.617765 -0.183752 0.006150 -0.110707 -1.418269
 15   8.209042 0.615527 -0.255885 1.929892 0.196727 -0.266355
 16   7.002735 -0.617911 -0.183641 0.001633 -0.072083 -1.010736
 17   1.574674 0.609930 -0.000899 0.577108 -0.152927 0.184021
 18   -0.602177 0.511412 -0.000006 0.000000 0.000000 0.000000
 19   3.677679 0.177020 1.119313 -0.000002 -0.000014 -0.174510
 20   3.677673 0.176993 -1.117566 0.000007 -0.000003 -0.174546
 21   3.942357 1.334540 1.627658 0.000002 -0.000011 -0.000026
 22   -0.246060 -0.011889 0.516521 -0.000011 0.000031 0.000025
 23   3.942374 1.334565 -1.631083 0.000019 0.000002 -0.000024
 24   -0.246150 -0.011872 -0.516511 -0.000005 -0.000006 0.000048
 25   4.941364 1.997338 1.629330 0.000018 -0.000001 -0.000024
 26   4.941382 1.997366 -1.629410 -0.000001 0.000005 -0.000024
 27   2.914462 1.619264 1.514501 -0.000019 -0.000022 -0.000050
 28   2.920798 1.618870 -1.501142 -0.000002 -0.000009 -0.000024
 29   8.824059 0.150544 0.091743 0.016850 -0.012717 0.257709
 30   2.032958 -0.772123 1.768695 -0.001025 0.018091 -0.234543
 31   1.961129 -0.772233 -1.869224 -0.001073 0.018779 -0.234578
 32   -0.814395 -0.093824 3.127092 0.324812 -3.217635 -1.290766
 33   14.298673 -0.408176 0.471578 0.158013 -0.170752 -2.018885
 34   15.835795 0.581398 0.242756 0.123748 -0.082996 0.310125
 35   -0.815868 -0.091229 -3.114430 -0.072247 3.244870 -0.911014
 36   14.294526 -0.410349 -0.467541 -0.177303 0.139560 -2.310768
 37   15.834409 0.579420 -0.284600 0.250176 0.157427 0.230834
 38   1.182655 -3.453749 -2.823813 -0.001410 -0.064097 -0.017228
 39   -4.457742 -1.054854 -0.746180 -0.011769 -0.030800 0.076736
 40   1.192322 -3.438050 3.241196 -0.038583 0.000266 -0.125183
 41   -4.433840 -1.059130 0.959566 -0.009948 -0.000527 0.032198
 42   -0.743408 1.611362 -2.672988 0.003631 0.004985 0.056544
 43   -0.722664 1.581387 2.885002 0.003623 0.004992 0.056544
time 18
  0   -0.432374 0.433607 17.411058 0.000000 0.000000 -1.571069
  1   -1.093036 0.000002 -0.326057 -1.194861 -1.666182 -0.375904
  2   2.262337 0.113614 0.064702 -0.131656 0.070446 0.237908
  3   2.380047 0.353302 0.047440 -0.209279 0.017230 0.190363
  4   2.033756 0.190472 -0.000128 -0.147274 -0.005129 -0.102278
  5   2.451511 0.204909 -0.003447 -0.061655 -0.076145 -0.083026
  6   7.247600 -0.397300 -0.109469 0.000001 0.000033 0.156829
  7   -2.022252 -0.104661 3.136172 2.572259 -1.455435 -5.638566
  8   1.168026 -0.537438 -0.063437 0.330052 1.141698 1.321890
  9   6.790376 -0.619176 0.015206 0.035127 0.065855 -1.263100
 10   8.637599 0.544015 -0.090417 -1.201032 -0.262405 -0.548924
 11   6.790465 -0.619039 0.017802 0.035161 0.030645 -0.899411
 12   -2.022474 -0.104699 -2.873818 -2.299798 1.306799 -5.388763
 13   1.167898 -0.537463 0.063297 -0.202453 -1.353642 0.928089
 14   7.002743 -0.617765 -0.183752 0.005296 -0.108208 -1.390960
 15   8.209042 0.615527 -0.255885 1.929892 0.196727 -0.266355
 16   7.002735 -0.617911 -0.183641 0.001821 -0.070279 -0.991749
 17   1.574674 0.609930 -0.000899 0.571909 -0.154182 0.207122
 18   -0.602177 0.511412 -0.000006 0.000000 0.000000 0.000000
 19   3.677679 0.177020 1.119313 -0.000002 -0.000014 -0.174510
 20   3.677673 0.176993 -1.117566 0.000007 -0.000003 -0.174546
 21   3.942357 1.334540 1.627658 0.000002 -0.000011 -0.000026
 22   -0.246060 -0.011889 0.516521 -0.000011 0.000031 0.000025
 23   3.942374 1.334565 -1.631083 0.000019 0.000002 -0.000024
 24   -0.246150 -0.011872 -0.516511 -0.000005 -0.000006 0.000048
 25   4.941364 1.997338 1.629330 0.000018 -0.000001 -0.000024
 26   4.941382 1.997366 -1.629410 -0.000001 0.000005 -0.000024
 27   2.914462 1.623171 1.514501 -0.000019 -0.000022 -0.000050
 28   2.920798 1.618870 -1.501142 -0.000002 -0.000009 -0.000024
 29   8.824059 0.150544 0.091743 0.011057 -0.010201 0.113556
 30   2.025145 -0.818999 1.768695 -0.003493 0.017452 -0.275242
 31   1.957222 -0.826922 -1.869224 -0.003524 0.018131 -0.275281
 32   -0.814395 -0.093824 3.127092 0.319499 -3.205601 -1.219727
 33   14.298673 -0.408176 0.471578 0.147586 -0.178132 -1.914874
 34   15.835795 0.581398 0.242756 0.149396 -0.004026 0.294468
 35   -0.815868 -0.091229 -3.114430 -0.069079 3.220230 -0.875792
 36   14.294526 -0.410349 -0.467541 -0.164744 0.126162 -2.325136
 37   15.834409 0.579420 -0.284600 0.245585 0.167614 0.195039
 38   1.159217 -3.422498 -2.823813 -0.007199 -0.054529 -0.077833
 39   -4.457742 -1.054854 -0.746180 -0.011793 -0.029398 0.075501
 40   1.157165 -3.414612 3.237290 -0.034815 -0.025366 -0.200451
 41   -4.433840 -1.059130 0.959566 -0.006688 -0.000252 0.015930
 42   -0.813723 1.490264 -2.676895 0.005117 0.002777 0.110662
 43   -0.800791 1.452477 2.881096 0.005110 0.002764 0.110662
time 19
  0   -0.444093 0.433607 16.051641 0.000000 0.000000 -1.571069
  1   -1.093036 0.000002 -0.326057 -1.252349 -1.660440 -0.318370
  2   2.262337 0.113614 0.064702 -0.132803 0.044571 0.215103
  3   2.380047 0.353302 0.047440 -0.210434 0.016379 0.181997
  4   2.033756 0.190472 -0.000128 -0.143124 -0.007179 -0.104634
  5   2.451511 0.204909 -0.003447 -0.060611 -0.076641 -0.084933
  6   7.247600 -0.397300 -0.109469 0.000001 0.000033 0.156829
  7   -2.022252 -0.104661 3.136172 2.591814 -1.450535 -5.659885
  8   1.168026 -0.537438 -0.063437 0.279301 1.107937 1.302722
  9   6.790376 -0.619176 0.015206 0.035349 0.065121 -1.255025
 10   8.637599 0.544015 -0.090417 -1.201032 -0.262405 -0.548924
 11   6.790465 -0.619039 0.017802 0.035102 0.030077 -0.893759
 12   -2.022474 -0.104699 -2.873818 -2.381713 1.289472 -5.466984
 13   1.167898 -0.537463 0.063297 -0.101578 -1.323994 0.804598
 14   7.002743 -0.617765 -0.183752 0.004841 -0.106846 -1.375448
 15   8.209042 0.615527 -0.255885 1.929892 0.196727 -0.266355
 16   7.002735 -0.617911 -0.183641 0.001915 -0.069207 -0.980876
 17   1.574674 0.609930 -0.000899 0.566587 -0.154986 0.227192
 18   -0.602177 0.511412 -0.000006 0.000000 0.000000 0.000000
 19   3.673773 0.177020 1.119313 -0.000002 -0.000014 -0.174510
 20   3.673767 0.176993 -1.117566 0.000007 -0.000003 -0.174546
 21   3.942357 1.334540 1.627658 0.000002 -0.000011 -0.000026
 22   -0.246060 -0.011889 0.516521 -0.000011 0.000031 0.000025
 23   3.942374 1.334565 -1.631083 0.000019 0.000002 -0.000024
 24   -0.246150 -0.011872 -0.516511 -0.000005 -0.000006 0.000048
 25   4.941364 1.997338 1.629330 0.000018 -0.000001 -0.000024
 26   4.941382 1.997366 -1.629410 -0.000001 0.000005 -0.000024
 27   2.914462 1.619264 1.514501 -0.000019 -0.000022 -0.000050
 28   2.916892 1.618870 -1.501142 -0.000002 -0.000009 -0.000024
 29   8.824059 0.150544 0.091743 0.005977 -0.008468 0.006904
 30   2.017332 -0.850250 1.768695 -0.006029 0.016987 -0.302861
 31   1.953316 -0.862079 -1.869224 -0.006052 0.017691 -0.302902
 32   -0.814395 -0.093824 3.127092 0.319126 -3.186022 -1.099337
 33   14.298673 -0.408176 0.471578 0.133936 -0.185913 -1.786725
 34   15.835795 0.581398 0.242756 0.147947 0.069942 0.265890
 35   -0.815868 -0.091229 -3.114430 -0.066174 3.195590 -0.767551
 36   14.294526 -0.410349 -0.467541 -0.153011 0.116874 -2.316793
 37   15.834409 0.579420 -0.284600 0.241743 0.177724 0.154426
 38   1.139685 -3.395154 -2.823813 -0.011114 -0.048046 -0.119011
 39   -4.457742 -1.054854 -0.746180 -0.011805 -0.028020 0.074239
 40   1.122007 -3.402893 3.237290 -0.030879 -0.046948 -0.251587
 41   -4.433840 -1.059130 0.959566 -0.003345 -0.000060 0.004628
 42   -0.860599 1.404324 -2.676895 0.006268 0.001106 0.147382
 43   -0.855480 1.370443 2.881096 0.006272 0.001116 0.147382
time 20
  0   -0.451906 0.433607 14.215649 0.000000 0.000000 -1.571069
  1   -1.093036 0.000002 -0.326057 -1.315286 -1.655903 -0.255466
  2   2.262337 0.113614 0.064702 -0.136305 0.010955 0.191322
  3   2.380047 0.353302 0.047440 -0.211544 0.015444 0.173263
  4   2.033756 0.190472 -0.000128 -0.139860 -0.009000 -0.106809
  5   2.451511 0.204909 -0.003447 -0.059755 -0.077046 -0.086295
  6   7.247600 -0.397300 -0.109469 0.000001 0.000033 0.156829
  7   -2.022252 -0.104661 3.136172 2.644631 -1.440907 -5.723279
  8   1.168026 -0.537438 -0.063437 0.228550 1.069346 1.281846
  9   6.790376 -0.619176 0.015206 0.035516 0.064053 -1.244535
 10   8.637599 0.544015 -0.090417 -1.201032 -0.262405 -0.548924
 11   6.790465 -0.619039 0.017802 0.034956 0.029366 -0.886492
 12   -2.022474 -0.104699 -2.873818 -2.462957 1.267820 -5.546640
 13   1.167898 -0.537463 0.063297 -0.014551 -1.296990 0.694243
 14   7.002743 -0.617765 -0.183752 0.004385 -0.105085 -1.356555
 15   8.209042 0.615527 -0.255885 1.929892 0.196727 -0.266355
 16   7.002735 -0.617911 -0.183641 0.002057 -0.067967 -0.967685
 17   1.574674 0.609930 -0.000899 0.561266 -0.155886 0.244970
 18   -0.602177 0.511412 -0.000006 0.000000 0.000000 0.000000
 19   3.677679 0.177020 1.119313 -0.000002 -0.000014 -0.174510
 20   3.677673 0.176993 -1.117566 0.000007 -0.000003 -0.174546
 21   3.942357 1.334540 1.627658 0.000002 -0.000011 -0.000026
 22   -0.246060 -0.011889 0.516521 -0.000011 0.000031 0.000025
 23   3.942374 1.334565 -1.631083 0.000019 0.000002 -0.000024
 24   -0.246150 -0.011872 -0.516511 -0.000005 -0.000006 0.000048
 25   4.941364 1.997338 1.629330 0.000018 -0.000001 -0.000024
 26   4.941382 1.997366 -1.629410 -0.000001 0.000005 -0.000024
 27   2.914462 1.623171 1.514501 -0.000019 -0.000022 -0.000050
 28   2.916892 1.622777 -1.501142 -0.000002 -0.000009 -0.000024
 29   8.824059 0.150544 0.091743 0.001788 -0.007827 -0.048944
 30   2.013426 -0.861969 1.768695 -0.008578 0.016755 -0.313025
 31   1.953316 -0.877705 -1.869224 -0.008565 0.017458 -0.313073
 32   -0.814395 -0.093824 3.127092 0.317821 -3.164151 -0.965001
 33   14.298673 -0.408176 0.471578 0.116714 -0.193215 -1.634122
 34   15.835795 0.581398 0.242756 0.144473 0.123923 0.225271
 35   -0.815868 -0.091229 -3.114430 -0.060101 3.172542 -0.670266
 36   14.294526 -0.410349 -0.467541 -0.144394 0.112775 -2.289140
 37   15.834409 0.579420 -0.284600 0.238374 0.186401 0.118834
 38   1.139685 -3.379528 -2.823813 -0.012566 -0.045660 -0.134162
 39   -4.457742 -1.054854 -0.746180 -0.011805 -0.026690 0.072893
 40   1.098569 -3.395080 3.237290 -0.026859 -0.062710 -0.270404
 41   -4.433840 -1.059130 0.959566 -0.000001 0.000000 0.000000
 42   -0.876225 1.376980 -2.680801 0.006975 0.000201 0.160891
 43   -0.875012 1.339192 2.877190 0.006972 0.000206 0.160891
time 21
  0   -0.455812 0.433607 11.813231 0.000000 0.000000 -1.571069
  1   -1.093036 0.000002 -0.326057 -1.382625 -1.652661 -0.188013
  2   2.262337 0.113614 0.064702 -0.137286 0.009097 0.164414
  3   2.380047 0.353302 0.047440 -0.212564 0.014605 0.164346
  4   2.033756 0.190472 -0.000128 -0.137536 -0.010666 -0.108766
  5   2.451511 0.204909 -0.003447 -0.059173 -0.077372 -0.086815
  6   7.247600 -0.397300 -0.109469 0.000001 0.000033 0.156829
  7   -2.022252 -0.104661 3.136172 2.773177 -1.434882 -5.878898
  8   1.168026 -0.537438 -0.063437 0.205073 1.020843 1.288109
  9   6.790376 -0.619176 0.015206 0.035904 0.061917 -1.221895
 10   8.637599 0.544015 -0.090417 -1.201032 -0.262405 -0.548924
 11   6.790465 -0.619039 0.017802 0.034664 0.027917 -0.870689
 12   -2.022474 -0.104699 -2.873818 -2.552441 1.244311 -5.645254
 13   1.167898 -0.537463 0.063297 0.068188 -1.265715 0.556708
 14   7.002743 -0.617765 -0.183752 0.003418 -0.101451 -1.318025
 15   8.209042 0.615527 -0.255885 1.929892 0.196727 -0.266355
 16   7.002735 -0.617911 -0.183641 0.002386 -0.065429 -0.940862
 17   1.574674 0.609930 -0.000899 0.555822 -0.156761 0.261565
 18   -0.602177 0.511412 -0.000006 0.000000 0.000000 0.000000
 19   3.677679 0.177020 1.119313 -0.000002 -0.000014 -0.174510
 20   3.677673 0.176993 -1.117566 0.000007 -0.000003 -0.174546
 21   3.942357 1.334540 1.627658 0.000002 -0.000011 -0.000026
 22   -0.246060 -0.011889 0.516521 -0.000011 0.000031 0.000025
 23   3.942374 1.334565 -1.631083 0.000019 0.000002 -0.000024
 24   -0.246150 -0.011872 -0.516511 -0.000005 -0.000006 0.000048
 25   4.941364 1.997338 1.629330 0.000018 -0.000001 -0.000024
 26   4.941382 1.997366 -1.629410 -0.000001 0.000005 -0.000024
 27   2.914462 1.623171 1.514501 -0.000019 -0.000022 -0.000050
 28   2.916892 1.622777 -1.501142 -0.000002 -0.000009 -0.000024
 29   8.824059 0.150544 0.091743 -0.001687 -0.008183 -0.074373
 30   2.013426 -0.861969 1.772601 -0.011060 0.016667 -0.312960
 31   1.953316 -0.877705 -1.865318 -0.011016 0.017354 -0.313019
 32   -0.814395 -0.093824 3.127092 0.313347 -3.147246 -0.853434
 33   14.298673 -0.408176 0.471578 0.096532 -0.198644 -1.463257
 34   15.835795 0.581398 0.242756 0.144036 0.141713 0.175215
 35   -0.815868 -0.091229 -3.114430 -0.052532 3.150526 -0.616200
 36   14.294526 -0.410349 -0.467541 -0.138473 0.112020 -2.252913
 37   15.834409 0.579420 -0.284600 0.235005 0.194105 0.089528
 38   1.139685 -3.371715 -2.823813 -0.012398 -0.045889 -0.133674
 39   -4.457742 -1.054854 -0.746180 -0.011793 -0.025455 0.071519
 40   1.071225 -3.395080 3.233384 -0.022796 -0.074725 -0.269549
 41   -4.433840 -1.059130 0.959566 0.003295 -0.000156 -0.000729
 42   -0.876225 1.376980 -2.680801 0.007406 -0.000243 0.160682
 43   -0.875012 1.339192 2.877190 0.007409 -0.000233 0.160682
time 22
  0   -0.463625 0.433607 8.715481 0.000000 0.000000 -1.571069
  1   -1.093036 0.000002 -0.326057 -1.449336 -1.651226 -0.121383
  2   2.262337 0.113614 0.064702 -0.137961 0.007419 0.137145
  3   2.380047 0.353302 0.047440 -0.213209 0.013431 0.155286
  4   2.033756 0.190472 -0.000128 -0.135987 -0.012500 -0.110796
  5   2.451511 0.204909 -0.003447 -0.058437 -0.077633 -0.087806
  6   7.247600 -0.397300 -0.109469 0.000001 0.000033 0.156829
  7   -2.022252 -0.104661 3.136172 2.714895 -1.477863 -5.821984
  8   1.168026 -0.537438 -0.063437 0.055605 0.957296 1.205997
  9   6.790376 -0.619176 0.015206 0.036292 0.059381 -1.195406
 10   8.637599 0.544015 -0.090417 -1.201032 -0.262405 -0.548924
 11   6.790465 -0.619039 0.017802 0.034256 0.026126 -0.852117
 12   -2.022474 -0.104699 -2.873818 -2.489975 1.317683 -5.590873
 13   1.167898 -0.537463 0.063297 0.228815 -1.159479 0.320199
 14   7.002743 -0.617765 -0.183752 0.002677 -0.097874 -1.279330
 15   8.209042 0.615527 -0.255885 1.929892 0.196727 -0.266355
 16   7.002735 -0.617911 -0.183641 0.002810 -0.062892 -0.913817
 17   1.574674 0.609930 -0.000899 0.550501 -0.157542 0.277976
 18   -0.602177 0.511412 -0.000006 0.000000 0.000000 0.000000
 19   3.673773 0.177020 1.119313 -0.000002 -0.000014 -0.174510
 20   3.673767 0.176993 -1.117566 0.000007 -0.000003 -0.174546
 21   3.942357 1.334540 1.627658 0.000002 -0.000011 -0.000026
 22   -0.246060 -0.011889 0.516521 -0.000011 0.000031 0.000025
 23   3.942374 1.334565 -1.631083 0.000019 0.000002 -0.000024
 24   -0.246150 -0.011872 -0.516511 -0.000005 -0.000006 0.000048
 25   4.941364 1.997338 1.629330 0.000018 -0.000001 -0.000024
 26   4.941382 1.997366 -1.629410 -0.000001 0.000005 -0.000024
 27   2.914462 1.619264 1.514501 -0.000019 -0.000022 -0.000050
 28   2.920798 1.618870 -1.501142 -0.000002 -0.000009 -0.000024
 29   8.824059 0.150544 0.091743 -0.004985 -0.009204 -0.098783
 30   2.013426 -0.861969 1.772601 -0.013473 0.016580 -0.312767
 31   1.953316 -0.881611 -1.865318 -0.013407 0.017276 -0.312855
 32   -0.814395 -0.093824 3.127092 0.307848 -3.131487 -0.745851
 33   14.298673 -0.408176 0.471578 0.074660 -0.201035 -1.282309
 34   15.835795 0.581398 0.242756 0.145946 0.138955 0.123218
 35   -0.815868 -0.091229 -3.114430 -0.044346 3.126635 -0.506754
 36   14.294526 -0.410349 -0.467541 -0.132888 0.110953 -2.219389
 37   15.834409 0.579420 -0.284600 0.231479 0.201886 0.060526
 38   1.139685 -3.359996 -2.827719 -0.011893 -0.046551 -0.132146
 39   -4.457742 -1.054854 -0.746180 -0.011757 -0.024317 0.070117
 40   1.047786 -3.398986 3.229477 -0.018734 -0.086257 -0.266983
 41   -4.433840 -1.059130 0.959566 0.006519 -0.000611 -0.001430
 42   -0.876225 1.376980 -2.680801 0.007826 -0.000688 0.160096
 43   -0.875012 1.339192 2.877190 0.007821 -0.000688 0.160096
time 23
  0   -0.475344 0.433607 4.816924 0.000000 0.000000 -1.571069
  1   -1.093036 0.000002 -0.326057 -1.514998 -1.652383 -0.055672
  2   2.262337 0.113614 0.064702 -0.138203 0.005861 0.110057
  3   2.380047 0.353302 0.047440 -0.213554 0.011681 0.145940
  4   2.033756 0.190472 -0.000128 -0.135120 -0.014741 -0.113188
  5   2.451511 0.204909 -0.003447 -0.057513 -0.077934 -0.089069
  6   7.247600 -0.397300 -0.109469 0.000001 0.000033 0.156829
  7   -2.022252 -0.104661 3.136172 2.623926 -1.489970 -5.735487
  8   1.168026 -0.537438 -0.063437 -0.066716 0.891787 1.142104
  9   6.790376 -0.619176 0.015206 0.036348 0.057979 -1.181218
 10   8.637599 0.544015 -0.090417 -1.201032 -0.262405 -0.548924
 11   6.790465 -0.619039 0.017802 0.034080 0.025188 -0.842197
 12   -2.022474 -0.104699 -2.873818 -2.472921 1.338087 -5.577373
 13   1.167898 -0.537463 0.063297 0.294120 -1.066721 0.231939
 14   7.002743 -0.617765 -0.183752 0.002393 -0.096056 -1.259858
 15   8.209042 0.615527 -0.255885 1.929892 0.196727 -0.266355
 16   7.002735 -0.617911 -0.183641 0.003045 -0.061595 -0.900185
 17   1.574674 0.609930 -0.000899 0.545180 -0.158394 0.295274
 18   -0.602177 0.511412 -0.000006 0.000000 0.000000 0.000000
 19   3.673773 0.177020 1.119313 -0.000002 -0.000014 -0.174510
 20   3.673767 0.180900 -1.117566 0.000007 -0.000003 -0.174546
 21   3.942357 1.338447 1.627658 0.000002 -0.000011 -0.000026
 22   -0.246060 -0.011889 0.516521 -0.000011 0.000031 0.000025
 23   3.942374 1.334565 -1.631083 0.000019 0.000002 -0.000024
 24   -0.246150 -0.011872 -0.516511 -0.000005 -0.000006 0.000048
 25   4.941364 1.997338 1.629330 0.000018 -0.000001 -0.000024
 26   4.941382 1.997366 -1.629410 -0.000001 0.000005 -0.000024
 27   2.914462 1.623171 1.514501 -0.000019 -0.000022 -0.000050
 28   2.916892 1.622777 -1.501142 -0.000002 -0.000009 -0.000024
 29   8.824059 0.150544 0.091743 -0.008282 -0.010866 -0.122227
 30   2.013426 -0.861969 1.772601 -0.015819 0.016493 -0.312446
 31   1.953316 -0.881611 -1.865318 -0.015736 0.017199 -0.312618
 32   -0.814395 -0.093824 3.127092 0.302535 -3.112290 -0.618061
 33   14.298673 -0.408176 0.471578 0.052608 -0.199962 -1.099773
 34   15.835795 0.581398 0.242756 0.147073 0.135734 0.068266
 35   -0.815868 -0.091229 -3.114430 -0.034665 3.104524 -0.400595
 36   14.294526 -0.410349 -0.467541 -0.127519 0.109671 -2.188028
 37   15.834409 0.579420 -0.284600 0.228050 0.209155 0.033097
 38   1.139685 -3.352183 -2.827719 -0.011072 -0.047636 -0.129703
 39   -4.457742 -1.054854 -0.746180 -0.011685 -0.023274 0.068658
 40   1.024348 -3.402893 3.225571 -0.014650 -0.097320 -0.262767
 41   -4.433840 -1.059130 0.959566 0.009671 -0.001354 -0.002103
 42   -0.872318 1.380886 -2.680801 0.008233 -0.001133 0.159134
 43   -0.871106 1.343098 2.877190 0.008234 -0.001128 0.159134
time 24
  0   -0.475344 0.433607 -0.019161 0.000000 0.000000 -1.571069
  1   -1.093036 0.000002 -0.326057 -1.568660 -1.654606 -0.002107
  2   2.262337 0.113614 0.064702 -0.138063 0.004399 0.083457
  3   2.380047 0.353302 0.047440 -0.213554 0.009655 0.136880
  4   2.033756 0.190472 -0.000128 -0.134622 -0.016934 -0.115689
  5   2.451511 0.204909 -0.003447 -0.056537 -0.078156 -0.089663
  6   7.247600 -0.397300 -0.109469 0.000001 0.000021 0.156829
  7   -2.022252 -0.104661 3.136172 2.526055 -1.493516 -5.647488
  8   1.168026 -0.537438 -0.063437 -0.173787 0.823762 1.093267
  9   6.790376 -0.619176 0.015206 0.036570 0.056378 -1.165068
 10   8.637599 0.544015 -0.090417 -1.201032 -0.262405 -0.548924
 11   6.790465 -0.619039 0.017802 0.033818 0.024136 -0.830893
 12   -2.022474 -0.104699 -2.873818 -2.465927 1.347084 -5.573352
 13   1.167898 -0.537463 0.063297 0.331588 -0.983879 0.183814
 14   7.002743 -0.617765 -0.183752 0.002051 -0.094580 -1.244182
 15   8.209042 0.615527 -0.255885 1.929892 0.196727 -0.266355
 16   7.002735 -0.617911 -0.183641 0.003234 -0.060580 -0.889256
 17   1.574674 0.609930 -0.000899 0.539818 -0.159578 0.313939
 18   -0.602177 0.511412 -0.000006 0.000000 0.000000 0.000000
 19   3.673773 0.177020 1.119313 -0.000002 -0.000014 -0.174510
 20   3.673767 0.176993 -1.117566 0.000007 -0.000003 -0.174546
 21   3.942357 1.334540 1.627658 0.000002 -0.000011 -0.000026
 22   -0.246060 -0.011889 0.516521 -0.000011 0.000031 0.000025
 23   3.942374 1.334565 -1.631083 0.000019 0.000002 -0.000024
 24   -0.246150 -0.011872 -0.516511 -0.000005 -0.000006 0.000048
 25   4.941364 1.997338 1.629330 0.000018 -0.000001 -0.000024
 26   4.941382 1.997366 -1.629410 -0.000001 0.000005 -0.000024
 27   2.914462 1.619264 1.514501 -0.000019 -0.000022 -0.000050
 28   2.916892 1.618870 -1.501142 -0.000002 -0.000009 -0.000024
 29   8.824059 0.150544 0.091743 -0.011313 -0.013144 -0.144652
 30   2.013426 -0.861969 1.772601 -0.018097 0.016435 -0.311995
 31   1.953316 -0.881611 -1.865318 -0.017988 0.017121 -0.312273
 32   -0.814395 -0.093824 3.127092 0.296383 -3.098537 -0.518219
 33   14.298673 -0.408176 0.471578 0.032043 -0.195594 -0.924938
 34   15.835795 0.581398 0.242756 0.147073 0.128584 0.016710
 35   -0.815868 -0.091229 -3.114430 -0.025599 3.088597 -0.351405
 36   14.294526 -0.410349 -0.467541 -0.122330 0.108125 -2.158057
 37   15.834409 0.579420 -0.284600 0.225331 0.215759 0.005718
 38   1.139685 -3.340464 -2.831626 -0.009956 -0.049118 -0.126281
 39   -4.457742 -1.054854 -0.746180 -0.011589 -0.022327 0.067200
 40   1.000910 -3.406799 3.221664 -0.010567 -0.107924 -0.257025
 41   -4.433840 -1.059130 0.959566 0.012763 -0.002385 -0.002749
 42   -0.872318 1.380886 -2.680801 0.008641 -0.001562 0.157754
 43   -0.871106 1.343098 2.877190 0.008646 -0.001567 0.157754
time 25
  0   -0.475344 0.433607 -0.773090 0.000000 0.000000 -1.571069
  1   -1.093036 0.000002 -0.326057 -1.597063 -1.656134 0.026200
  2   2.262337 0.113614 0.064702 -0.137821 0.002769 0.058338
  3   2.380047 0.353302 0.047440 -0.213284 0.008086 0.128514
  4   2.033756 0.190472 -0.000128 -0.134069 -0.018468 -0.118154
  5   2.451511 0.204909 -0.003447 -0.055955 -0.078182 -0.089490
  6   7.247600 -0.397300 -0.109469 0.000001 0.000021 0.156829
  7   -2.022252 -0.104661 3.136172 2.277591 -1.500291 -5.416265
  8   1.168026 -0.537438 -0.063437 -0.273960 0.752366 1.059043
  9   6.790376 -0.619176 0.015206 0.036736 0.053241 -1.131938
 10   8.637599 0.544015 -0.090417 -1.201032 -0.262405 -0.548924
 11   6.790465 -0.619039 0.017802 0.033234 0.021947 -0.807765
 12   -2.022474 -0.104699 -2.873818 -2.452802 1.368185 -5.565980
 13   1.167898 -0.537463 0.063297 0.374680 -0.906173 0.117589
 14   7.002743 -0.617765 -0.183752 0.001710 -0.092082 -1.218111
 15   8.209042 0.615527 -0.255885 1.929892 0.196727 -0.266355
 16   7.002735 -0.617911 -0.183641 0.003610 -0.058888 -0.871153
 17   1.574674 0.609930 -0.000899 0.534415 -0.161234 0.334785
 18   -0.602177 0.511412 -0.000006 0.000000 0.000000 0.000000
 19   3.677679 0.177020 1.119313 -0.000002 -0.000014 -0.174510
 20   3.673767 0.176993 -1.117566 0.000007 -0.000003 -0.174546
 21   3.942357 1.334540 1.627658 0.000002 -0.000011 -0.000026
 22   -0.246060 -0.011889 0.516521 -0.000011 0.000031 0.000025
 23   3.942374 1.334565 -1.631083 0.000019 0.000002 -0.000024
 24   -0.246150 -0.011872 -0.516511 -0.000005 -0.000006 0.000048
 25   4.941364 1.997338 1.629330 0.000018 -0.000001 -0.000024
 26   4.941382 1.997366 -1.629410 -0.000001 0.000005 -0.000024
 27   2.914462 1.619264 1.514501 -0.000019 -0.000022 -0.000050
 28   2.916892 1.618870 -1.501142 -0.000002 -0.000009 -0.000024
 29   8.824059 0.150544 0.091743 -0.014343 -0.016017 -0.166165
 30   2.013426 -0.858063 1.772601 -0.020308 0.016348 -0.311416
 31   1.953316 -0.885518 -1.861412 -0.020179 0.017069 -0.311818
 32   -0.814395 -0.093824 3.127092 0.291070 -3.088891 -0.445017
 33   14.298673 -0.408176 0.471578 0.014330 -0.188950 -0.766380
 34   15.835795 0.581398 0.242756 0.145877 0.118554 -0.021836
 35   -0.815868 -0.091229 -3.114430 -0.014510 3.078385 -0.256530
 36   14.294526 -0.410349 -0.467541 -0.117069 0.106255 -2.128472
 37   15.834409 0.579420 -0.284600 0.223676 0.221364 -0.023436
 38   1.143591 -3.332652 -2.831626 -0.008546 -0.050998 -0.122005
 39   -4.457742 -1.054854 -0.746180 -0.011469 -0.021452 0.065713
 40   0.977472 -3.410705 3.217758 -0.006483 -0.118083 -0.249754
 41   -4.433840 -1.059130 0.959566 0.015783 -0.003679 -0.003366
 42   -0.868412 1.384792 -2.680801 0.009036 -0.001991 0.156039
 43   -0.867199 1.347005 2.877190 0.009033 -0.001991 0.156039
time 26
  0   -0.475344 0.433607 -1.257480 0.000000 0.000000 -1.571069
  1   -1.093036 0.000002 -0.326057 -1.615457 -1.657153 0.044830
  2   2.262337 0.113614 0.064702 -0.137477 0.001007 0.034141
  3   2.380047 0.353302 0.047440 -0.212819 0.006468 0.120474
  4   2.033756 0.190472 -0.000128 -0.133405 -0.019774 -0.120619
  5   2.451511 0.204909 -0.003447 -0.055493 -0.078182 -0.088524
  6   7.247600 -0.397300 -0.109469 0.000001 0.000021 0.156829
  7   -2.022252 -0.104661 3.136172 2.048395 -1.499253 -5.203357
  8   1.168026 -0.537438 -0.063437 -0.365020 0.683335 1.039306
  9   6.790376 -0.619176 0.015206 0.036958 0.049904 -1.097449
 10   8.637599 0.544015 -0.090417 -1.201032 -0.262405 -0.548924
 11   6.790465 -0.619039 0.017802 0.032621 0.019673 -0.783542
 12   -2.022474 -0.104699 -2.873818 -2.443317 1.388473 -5.566746
 13   1.167898 -0.537463 0.063297 0.407719 -0.832027 0.061352
 14   7.002743 -0.617765 -0.183752 0.001596 -0.090605 -1.202930
 15   8.209042 0.615527 -0.255885 1.929892 0.196727 -0.266355
 16   7.002735 -0.617911 -0.183641 0.003846 -0.057873 -0.860556
 17   1.574674 0.609930 -0.000899 0.528972 -0.163080 0.356407
 18   -0.602177 0.511412 -0.000006 0.000000 0.000000 0.000000
 19   3.673773 0.177020 1.119313 -0.000002 -0.000014 -0.174510
 20   3.673767 0.176993 -1.117566 0.000007 -0.000003 -0.174546
 21   3.942357 1.334540 1.627658 0.000002 -0.000011 -0.000026
 22   -0.246060 -0.011889 0.516521 -0.000011 0.000031 0.000025
 23   3.942374 1.334565 -1.631083 0.000019 0.000002 -0.000024
 24   -0.246150 -0.011872 -0.516511 -0.000005 -0.000006 0.000048
 25   4.941364 1.997338 1.629330 0.000018 -0.000001 -0.000024
 26   4.941382 1.997366 -1.629410 -0.000001 0.000005 -0.000024
 27   2.914462 1.619264 1.514501 -0.000019 -0.000022 -0.000050
 28   2.916892 1.618870 -1.501142 -0.000002 -0.000009 -0.000024
 29   8.824059 0.150544 0.091743 -0.017195 -0.019459 -0.186658
 30   2.013426 -0.858063 1.772601 -0.022450 0.016261 -0.310730
 31   1.953316 -0.885518 -1.861412 -0.022309 0.017017 -0.311290
 32   -0.814395 -0.093824 3.127092 0.286969 -3.082397 -0.393560
 33   14.298673 -0.408176 0.471578 -0.000028 -0.181208 -0.628863
 34   15.835795 0.581398 0.242756 0.145486 0.109720 -0.050326
 35   -0.815868 -0.091229 -3.114430 -0.004740 3.073232 -0.168447
 36   14.294526 -0.410349 -0.467541 -0.111844 0.104158 -2.099738
 37   15.834409 0.579420 -0.284600 0.222750 0.226432 -0.053654
 38   1.147498 -3.324839 -2.835532 -0.006862 -0.053227 -0.116873
 39   -4.457742 -1.054854 -0.746180 -0.011337 -0.020673 0.064199
 40   0.957940 -3.418518 3.209945 -0.002421 -0.127796 -0.241140
 41   -4.433840 -1.059130 0.959566 0.018719 -0.005225 -0.003955
 42   -0.864506 1.388699 -2.680801 0.009432 -0.002405 0.153948
 43   -0.863293 1.350911 2.877190 0.009421 -0.002399 0.153948
time 27
  0   -0.475344 0.433607 -1.452798 0.000000 0.000000 -1.571069
  1   -1.093036 0.000002 -0.326057 -1.627405 -1.658032 0.056540
  2   2.262337 0.113614 0.064702 -0.136942 -0.000730 0.011029
  3   2.380047 0.353302 0.047440 -0.212324 0.005017 0.112924
  4   2.033756 0.190472 -0.000128 -0.132778 -0.020973 -0.122975
  5   2.451511 0.204909 -0.003447 -0.055065 -0.078169 -0.086840
  6   7.247600 -0.397300 -0.109469 0.000001 0.000021 0.156829
  7   -2.022252 -0.104661 3.136172 1.946019 -1.496197 -5.109910
  8   1.168026 -0.537438 -0.063437 -0.442412 0.616115 1.028678
  9   6.790376 -0.619176 0.015206 0.037014 0.048169 -1.079790
 10   8.637599 0.544015 -0.090417 -1.201032 -0.262405 -0.548924
 11   6.790465 -0.619039 0.017802 0.032270 0.018565 -0.771200
 12   -2.022474 -0.104699 -2.873818 -2.438431 1.400837 -5.569618
 13   1.167898 -0.537463 0.063297 0.422059 -0.746795 0.029511
 14   7.002743 -0.617765 -0.183752 0.001482 -0.090094 -1.197484
 15   8.209042 0.615527 -0.255885 1.929892 0.196727 -0.266355
 16   7.002735 -0.617911 -0.183641 0.003940 -0.057535 -0.856637
 17   1.574674 0.609930 -0.000899 0.523813 -0.164903 0.377216
 18   -0.602177 0.511412 -0.000006 0.000000 0.000000 0.000000
 19   3.673773 0.177020 1.119313 -0.000002 -0.000014 -0.174510
 20   3.673767 0.176993 -1.117566 0.000007 -0.000003 -0.174546
 21   3.942357 1.334540 1.627658 0.000002 -0.000011 -0.000026
 22   -0.246060 -0.011889 0.516521 -0.000011 0.000031 0.000025
 23   3.942374 1.334565 -1.631083 0.000019 0.000002 -0.000024
 24   -0.246150 -0.011872 -0.516511 -0.000005 -0.000006 0.000048
 25   4.941364 1.997338 1.629330 0.000018 -0.000001 -0.000024
 26   4.941382 1.997366 -1.629410 -0.000001 0.000005 -0.000024
 27   2.914462 1.619264 1.514501 -0.000019 -0.000022 -0.000050
 28   2.916892 1.618870 -1.501142 -0.000002 -0.000009 -0.000024
 29   8.824059 0.150544 0.091743 -0.019868 -0.023423 -0.206294
 30   2.017332 -0.854157 1.772601 -0.024538 0.016202 -0.309958
 31   1.953316 -0.885518 -1.861412 -0.024362 0.016965 -0.310671
 32   -0.814395 -0.093824 3.127092 0.283800 -3.076571 -0.351836
 33   14.298673 -0.408176 0.471578 -0.010862 -0.173583 -0.516197
 34   15.835795 0.581398 0.242756 0.143852 0.101764 -0.070437
 35   -0.815868 -0.091229 -3.114430 0.001069 3.072108 -0.126652
 36   14.294526 -0.410349 -0.467541 -0.107182 0.102013 -2.074633
 37   15.834409 0.579420 -0.284600 0.222278 0.230681 -0.081135
 38   1.151404 -3.317026 -2.835532 -0.004925 -0.055818 -0.110947
 39   -4.457742 -1.054854 -0.746180 -0.011182 -0.019966 0.062656
 40   0.934502 -3.426331 3.206039 0.001642 -0.137075 -0.231121
 41   -4.433840 -1.059130 0.959566 0.021607 -0.007023 -0.004516
 42   -0.860599 1.396512 -2.680801 0.009803 -0.002804 0.151481
 43   -0.859386 1.358724 2.877190 0.009808 -0.002807 0.151481
time 28
  0   -0.475344 0.433607 -1.491862 0.000000 0.000000 -1.571069
  1   -1.093036 0.000002 -0.326057 -1.635527 -1.659144 0.064862
  2   2.262337 0.113614 0.064702 -0.136547 -0.002192 -0.010855
  3   2.380047 0.353302 0.047440 -0.211739 0.003627 0.105884
  4   2.033756 0.190472 -0.000128 -0.132077 -0.021956 -0.125186
  5   2.451511 0.204909 -0.003447 -0.054774 -0.078077 -0.084512
  6   7.247600 -0.397300 -0.109469 0.000001 0.000021 0.156829
  7   -2.022252 -0.104661 3.136172 1.877864 -1.490316 -5.050461
  8   1.168026 -0.537438 -0.063437 -0.511198 0.553020 1.028868
  9   6.790376 -0.619176 0.015206 0.037014 0.046567 -1.063187
 10   8.637599 0.544015 -0.090417 -1.201032 -0.262405 -0.548924
 11   6.790465 -0.619039 0.017802 0.031920 0.017513 -0.759665
 12   -2.022474 -0.104699 -2.873818 -2.438335 1.414362 -5.581107
 13   1.167898 -0.537463 0.063297 0.427472 -0.667004 0.000696
 14   7.002743 -0.617765 -0.183752 0.001482 -0.090037 -1.196577
 15   8.209042 0.615527 -0.255885 1.929892 0.196727 -0.266355
 16   7.002735 -0.617911 -0.183641 0.003940 -0.057479 -0.856086
 17   1.574674 0.609930 -0.000899 0.518816 -0.166536 0.397249
 18   -0.602177 0.511412 -0.000006 0.000000 0.000000 0.000000
 19   3.673773 0.177020 1.119313 -0.000002 -0.000014 -0.174510
 20   3.673767 0.176993 -1.117566 0.000007 -0.000003 -0.174546
 21   3.942357 1.334540 1.627658 0.000002 -0.000011 -0.000026
 22   -0.246060 -0.011889 0.516521 -0.000011 0.000031 0.000025
 23   3.942374 1.334565 -1.631083 0.000019 0.000002 -0.000024
 24   -0.246150 -0.011872 -0.516511 -0.000005 -0.000006 0.000048
 25   4.941364 1.997338 1.629330 0.000018 -0.000001 -0.000024
 26   4.941382 1.997366 -1.629410 -0.000001 0.000005 -0.000024
 27   2.914462 1.619264 1.514501 -0.000019 -0.000022 -0.000050
 28   2.916892 1.618870 -1.501142 -0.000002 -0.000009 -0.000024
 29   8.824059 0.150544 0.091743 -0.022453 -0.027886 -0.225070
 30   2.017332 -0.850250 1.776507 -0.026545 0.016144 -0.309058
 31   1.953316 -0.889424 -1.861412 -0.026369 0.016914 -0.309980
 32   -0.814395 -0.093824 3.127092 0.282029 -3.071795 -0.320130
 33   14.298673 -0.408176 0.471578 -0.018520 -0.167069 -0.430526
 34   15.835795 0.581398 0.242756 0.142518 0.094516 -0.083182
 35   -0.815868 -0.091229 -3.114430 0.005822 3.071265 -0.052264
 36   14.294526 -0.410349 -0.467541 -0.103083 0.099903 -2.052773
 37   15.834409 0.579420 -0.284600 0.221962 0.234162 -0.105725
 38   1.155311 -3.309213 -2.839438 -0.002736 -0.058734 -0.104226
 39   -4.457742 -1.054854 -0.746180 -0.011002 -0.019319 0.061114
 40   0.918876 -3.434144 3.198226 0.005704 -0.145932 -0.219879
 41   -4.433840 -1.059130 0.959566 0.024412 -0.009036 -0.005048
 42   -0.852786 1.400418 -2.680801 0.010187 -0.003218 0.148679
 43   -0.855480 1.362630 2.877190 0.010183 -0.003215 0.148679
time 29
  0   -0.475344 0.433607 -1.491862 0.000000 0.000000 -1.571069
  1   -1.093036 0.000002 -0.326057 -1.640663 -1.660440 0.069846
  2   2.262337 0.113614 0.064702 -0.136012 -0.003595 -0.031058
  3   2.380047 0.353302 0.047440 -0.211199 0.002489 0.099701
  4   2.033756 0.190472 -0.000128 -0.131524 -0.022711 -0.127143
  5   2.451511 0.204909 -0.003447 -0.054620 -0.077986 -0.081639
  6   7.247600 -0.397300 -0.109469 0.000001 0.000021 0.156829
  7   -2.022252 -0.104661 3.136172 1.785169 -1.477690 -4.974483
  8   1.168026 -0.537438 -0.063437 -0.574352 0.498882 1.043734
  9   6.790376 -0.619176 0.015206 0.036903 0.043630 -1.032623
 10   8.637599 0.544015 -0.090417 -1.201032 -0.262405 -0.548924
 11   6.790465 -0.619039 0.017802 0.031278 0.015523 -0.738267
 12   -2.022474 -0.104699 -2.873818 -2.449353 1.439061 -5.614808
 13   1.167898 -0.537463 0.063297 0.427964 -0.612183 -0.045795
 14   7.002743 -0.617765 -0.183752 0.001482 -0.090094 -1.197649
 15   8.209042 0.615527 -0.255885 1.929892 0.196727 -0.266355
 16   7.002735 -0.617911 -0.183641 0.003940 -0.057535 -0.856858
 17   1.574674 0.609930 -0.000899 0.514104 -0.167956 0.415988
 18   -0.602177 0.511412 -0.000006 0.000000 0.000000 0.000000
 19   3.673773 0.177020 1.119313 -0.000002 -0.000014 -0.174510
 20   3.673767 0.176993 -1.117566 0.000007 -0.000003 -0.174546
 21   3.942357 1.334540 1.627658 0.000002 -0.000011 -0.000026
 22   -0.246060 -0.011889 0.516521 -0.000011 0.000031 0.000025
 23   3.938468 1.334565 -1.631083 0.000019 0.000002 -0.000024
 24   -0.246150 -0.011872 -0.516511 -0.000005 -0.000006 0.000048
 25   4.941364 1.997338 1.629330 0.000018 -0.000001 -0.000024
 26   4.941382 1.997366 -1.629410 -0.000001 0.000005 -0.000024
 27   2.914462 1.619264 1.514501 -0.000019 -0.000022 -0.000050
 28   2.916892 1.618870 -1.501142 -0.000002 -0.000009 -0.000024
 29   8.824059 0.150544 0.091743 -0.024949 -0.032823 -0.242935
 30   2.017332 -0.850250 1.776507 -0.028498 0.016086 -0.308071
 31   1.953316 -0.889424 -1.861412 -0.028299 0.016862 -0.309198
 32   -0.814395 -0.093824 3.127092 0.281190 -3.068548 -0.297931
 33   14.298673 -0.408176 0.471578 -0.023398 -0.162338 -0.372327
 34   15.835795 0.581398 0.242756 0.140379 0.087366 -0.090371
 35   -0.815868 -0.091229 -3.114430 0.008638 3.071640 0.009963
 36   14.294526 -0.410349 -0.467541 -0.099236 0.097782 -2.032767
 37   15.834409 0.579420 -0.284600 0.221706 0.237310 -0.128592
 38   1.163123 -3.301401 -2.843345 -0.000316 -0.061964 -0.096773
 39   -4.457742 -1.054854 -0.746180 -0.010798 -0.018756 0.059543
 40   0.899344 -3.445863 3.194320 0.009746 -0.154379 -0.207416
 41   -4.433840 -1.059130 0.959566 0.027144 -0.011266 -0.005553
 42   -0.848880 1.408231 -2.680801 0.010546 -0.003601 0.145542
 43   -0.851574 1.370443 2.877190 0.010545 -0.003607 0.145542
time 30
  0   -0.475344 0.433607 -1.491862 0.000000 0.000000 -1.571069
  1   -1.093036 0.000002 -0.326057 -1.645537 -1.662061 0.074830
  2   2.262337 0.113614 0.064702 -0.135490 -0.004817 -0.049328
  3   2.380047 0.353302 0.047440 -0.210674 0.001542 0.094212
  4   2.033756 0.190472 -0.000128 -0.130952 -0.023274 -0.129028
  5   2.451511 0.204909 -0.003447 -0.054449 -0.077868 -0.078494
  6   7.247600 -0.397300 -0.109469 0.000001 0.000021 0.156829
  7   -2.022252 -0.104661 3.136172 1.773666 -1.469417 -4.971384
  8   1.168026 -0.537438 -0.063437 -0.623521 0.457776 1.051199
  9   6.790376 -0.619176 0.015206 0.036736 0.041228 -1.008247
 10   8.637599 0.544015 -0.090417 -1.201032 -0.262405 -0.548924
 11   6.790465 -0.619039 0.017802 0.030694 0.013988 -0.721195
 12   -2.022474 -0.104699 -2.873818 -2.472538 1.450119 -5.650328
 13   1.167898 -0.537463 0.063297 0.425644 -0.566820 -0.067648
 14   7.002743 -0.617765 -0.183752 0.001596 -0.090832 -1.204745
 15   8.209042 0.615527 -0.255885 1.929892 0.196727 -0.266355
 16   7.002735 -0.617911 -0.183641 0.003799 -0.057986 -0.861715
 17   1.574674 0.609930 -0.000899 0.509595 -0.169234 0.433434
 18   -0.602177 0.511412 -0.000006 0.000000 0.000000 0.000000
 19   3.673773 0.177020 1.119313 -0.000002 -0.000014 -0.174510
 20   3.677673 0.176993 -1.117566 0.000007 -0.000003 -0.174546
 21   3.942357 1.334540 1.627658 0.000002 -0.000011 -0.000026
 22   -0.246060 -0.011889 0.516521 -0.000011 0.000031 0.000025
 23   3.942374 1.334565 -1.631083 0.000019 0.000002 -0.000024
 24   -0.246150 -0.011872 -0.516511 -0.000005 -0.000006 0.000048
 25   4.941364 1.997338 1.629330 0.000018 -0.000001 -0.000024
 26   4.941382 1.997366 -1.629410 -0.000001 0.000005 -0.000024
 27   2.914462 1.619264 1.514501 -0.000019 -0.000022 -0.000050
 28   2.916892 1.618870 -1.501142 -0.000002 -0.000009 -0.000024
 29   8.824059 0.150544 0.091743 -0.027266 -0.038236 -0.259995
 30   2.017332 -0.846344 1.776507 -0.030383 0.015999 -0.306978
 31   1.953316 -0.889424 -1.861412 -0.030169 0.016836 -0.308342
 32   -0.814395 -0.093824 3.127092 0.281190 -3.066256 -0.280740
 33   14.298673 -0.408176 0.471578 -0.026694 -0.158810 -0.330723
 34   15.835795 0.581398 0.242756 0.139988 0.081387 -0.093106
 35   -0.815868 -0.091229 -3.114430 0.009518 3.072576 0.031053
 36   14.294526 -0.410349 -0.467541 -0.095604 0.095637 -2.014228
 37   15.834409 0.579420 -0.284600 0.221430 0.240407 -0.151053
 38   1.167030 -3.293588 -2.843345 0.002315 -0.065483 -0.088586
 39   -4.457742 -1.054854 -0.746180 -0.010582 -0.018253 0.057944
 40   0.879812 -3.453675 3.186507 0.013766 -0.162429 -0.193792
 41   -4.433840 -1.059130 0.959566 0.029817 -0.013698 -0.006058
 42   -0.841067 1.416043 -2.680801 0.010906 -0.003984 0.142029
 43   -0.843761 1.378256 2.877190 0.010907 -0.003984 0.142029
time 31
  0   -0.475344 0.433607 -1.491862 0.000000 0.000000 -1.571069
  1   -1.093036 0.000002 -0.326057 -1.646952 -1.663728 0.076088
  2   2.262337 0.113614 0.064702 -0.134841 -0.005872 -0.065447
  3   2.380047 0.353302 0.047440 -0.210074 0.000715 0.089478
  4   2.033756 0.190472 -0.000128 -0.130399 -0.023646 -0.130623
  5   2.451511 0.204909 -0.003447 -0.054432 -0.077725 -0.075126
  6   7.247600 -0.397300 -0.109469 0.000001 0.000021 0.156829
  7   -2.022252 -0.104661 3.136172 1.808175 -1.465640 -5.007730
  8   1.168026 -0.537438 -0.063437 -0.657313 0.430656 1.052211
  9   6.790376 -0.619176 0.015206 0.036681 0.039626 -0.991493
 10   8.637599 0.544015 -0.090417 -1.201032 -0.262405 -0.548924
 11   6.790465 -0.619039 0.017802 0.030343 0.012908 -0.709372
 12   -2.022474 -0.104699 -2.873818 -2.497735 1.448842 -5.677518
 13   1.167898 -0.537463 0.063297 0.423254 -0.529086 -0.070493
 14   7.002743 -0.617765 -0.183752 0.001710 -0.091854 -1.215801
 15   8.209042 0.615527 -0.255885 1.929892 0.196727 -0.266355
 16   7.002735 -0.617911 -0.183641 0.003657 -0.058719 -0.869442
 17   1.574674 0.609930 -0.000899 0.505452 -0.170157 0.449142
 18   -0.602177 0.511412 -0.000006 0.000000 0.000000 0.000000
 19   3.673773 0.177020 1.119313 -0.000002 -0.000014 -0.174510
 20   3.673767 0.176993 -1.117566 0.000007 -0.000003 -0.174546
 21   3.942357 1.334540 1.627658 0.000002 -0.000011 -0.000026
 22   -0.246060 -0.011889 0.516521 -0.000011 0.000031 0.000025
 23   3.942374 1.334565 -1.631083 0.000019 0.000002 -0.000024
 24   -0.246150 -0.011872 -0.516511 -0.000005 -0.000006 0.000048
 25   4.941364 1.997338 1.629330 0.000018 -0.000001 -0.000024
 26   4.941382 1.997366 -1.629410 -0.000001 0.000005 -0.000024
 27   2.914462 1.619264 1.514501 -0.000019 -0.000022 -0.000050
 28   2.916892 1.618870 -1.501142 -0.000002 -0.000009 -0.000024
 29   8.824059 0.150544 0.091743 -0.029494 -0.044051 -0.276197
 30   2.017332 -0.842438 1.776507 -0.032200 0.015941 -0.305798
 31   1.953316 -0.893330 -1.857505 -0.031992 0.016810 -0.307396
 32   -0.814395 -0.093824 3.127092 0.281190 -3.064250 -0.265599
 33   14.298673 -0.408176 0.471578 -0.029450 -0.155669 -0.294835
 34   15.835795 0.581398 0.242756 0.138033 0.076189 -0.093502
 35   -0.815868 -0.091229 -3.114430 0.009782 3.073794 0.042063
 36   14.294526 -0.410349 -0.467541 -0.092237 0.093480 -1.997080
 37   15.834409 0.579420 -0.284600 0.221155 0.243248 -0.172500
 38   1.174842 -3.289681 -2.847251 0.005157 -0.069279 -0.079788
 39   -4.457742 -1.054854 -0.746180 -0.010343 -0.017797 0.056318
 40   0.864187 -3.465394 3.178694 0.017765 -0.170081 -0.179129
 41   -4.433840 -1.059130 0.959566 0.032417 -0.016323 -0.006507
 42   -0.837161 1.423856 -2.680801 0.011266 -0.004368 0.138223
 43   -0.839855 1.386068 2.877190 0.011257 -0.004360 0.138223
time 32
  0   -0.475344 0.433607 -1.491862 0.000000 0.000000 -1.571069
  1   -1.093036 0.000002 -0.326057 -1.647056 -1.665626 0.076427
  2   2.262337 0.113614 0.064702 -0.134280 -0.006627 -0.079362
  3   2.380047 0.353302 0.047440 -0.209504 0.000056 0.085499
  4   2.033756 0.190472 -0.000128 -0.129938 -0.023897 -0.132109
  5   2.451511 0.204909 -0.003447 -0.054432 -0.077568 -0.071758
  6   7.247600 -0.397300 -0.109469 0.000001 0.000021 0.156829
  7   -2.022252 -0.104661 3.136172 1.829360 -1.463709 -5.028673
  8   1.168026 -0.537438 -0.063437 -0.676044 0.415461 1.053666
  9   6.790376 -0.619176 0.015206 0.036681 0.038892 -0.984173
 10   8.637599 0.544015 -0.090417 -1.201032 -0.262405 -0.548924
 11   6.790465 -0.619039 0.017802 0.030139 0.012453 -0.704354
 12   -2.022474 -0.104699 -2.873818 -2.509040 1.447246 -5.689007
 13   1.167898 -0.537463 0.063297 0.420161 -0.502489 -0.070251
 14   7.002743 -0.617765 -0.183752 0.001767 -0.092479 -1.221988
 15   8.209042 0.615527 -0.255885 1.929892 0.196727 -0.266355
 16   7.002735 -0.617911 -0.183641 0.003563 -0.059114 -0.873802
 17   1.574674 0.609930 -0.000899 0.501755 -0.170796 0.462818
 18   -0.602177 0.511412 -0.000006 0.000000 0.000000 0.000000
 19   3.673773 0.177020 1.119313 -0.000002 -0.000014 -0.174510
 20   3.673767 0.176993 -1.117566 0.000007 -0.000003 -0.174546
 21   3.942357 1.334540 1.627658 0.000002 -0.000011 -0.000026
 22   -0.246060 -0.011889 0.516521 -0.000011 0.000031 0.000025
 23   3.942374 1.334565 -1.631083 0.000019 0.000002 -0.000024
 24   -0.246150 -0.011872 -0.516511 -0.000005 -0.000006 0.000048
 25   4.941364 1.997338 1.629330 0.000018 -0.000001 -0.000024
 26   4.941382 1.997366 -1.629410 -0.000001 0.000005 -0.000024
 27   2.914462 1.619264 1.514501 -0.000019 -0.000022 -0.000050
 28   2.920798 1.618870 -1.501142 -0.000002 -0.000009 -0.000024
 29   8.824059 0.150544 0.091743 -0.031633 -0.050247 -0.291540
 30   2.017332 -0.838531 1.776507 -0.033963 0.015912 -0.304555
 31   1.953316 -0.893330 -1.857505 -0.033739 0.016784 -0.306396
 32   -0.814395 -0.093824 3.127092 0.281749 -3.062627 -0.251824
 33   14.298673 -0.408176 0.471578 -0.031703 -0.152916 -0.264187
 34   15.835795 0.581398 0.242756 0.138079 0.070356 -0.093150
 35   -0.815868 -0.091229 -3.114430 0.009606 3.075293 0.041954
 36   14.294526 -0.410349 -0.467541 -0.089097 0.091346 -1.981631
 37   15.834409 0.579420 -0.284600 0.220898 0.245961 -0.192882
 38   1.178749 -3.281869 -2.847251 0.008209 -0.073328 -0.070319
 39   -4.457742 -1.054854 -0.746180 -0.010091 -0.017414 0.054691
 40   0.848562 -3.477114 3.170882 0.021744 -0.177348 -0.163489
 41   -4.433840 -1.059130 0.959566 0.034958 -0.019115 -0.006956
 42   -0.829348 1.431669 -2.680801 0.011613 -0.004736 0.134124
 43   -0.832042 1.393881 2.877190 0.011607 -0.004737 0.134124
time 33
  0   -0.475344 0.433607 -1.491862 0.000000 0.000000 -1.571069
  1   -1.093036 0.000002 -0.326057 -1.644489 -1.667710 0.073717
  2   2.262337 0.113614 0.064702 -0.133834 -0.007202 -0.090529
  3   2.380047 0.353302 0.047440 -0.209069 -0.000448 0.082438
  4   2.033756 0.190472 -0.000128 -0.129569 -0.024113 -0.133269
  5   2.451511 0.204909 -0.003447 -0.054483 -0.077438 -0.068043
  6   7.247600 -0.397300 -0.109469 0.000001 0.000021 0.156829
  7   -2.022252 -0.104661 3.136172 1.857542 -1.461950 -5.056942
  8   1.168026 -0.537438 -0.063437 -0.681233 0.410480 1.055627
  9   6.790376 -0.619176 0.015206 0.036625 0.038491 -0.979494
 10   8.637599 0.544015 -0.090417 -1.201032 -0.262405 -0.548924
 11   6.790465 -0.619039 0.017802 0.029993 0.012169 -0.701009
 12   -2.022474 -0.104699 -2.873818 -2.524561 1.444576 -5.704613
 13   1.167898 -0.537463 0.063297 0.418474 -0.492268 -0.069464
 14   7.002743 -0.617765 -0.183752 0.001937 -0.093160 -1.229166
 15   8.209042 0.615527 -0.255885 1.929892 0.196727 -0.266355
 16   7.002735 -0.617911 -0.183641 0.003469 -0.059565 -0.878825
 17   1.574674 0.609930 -0.000899 0.498506 -0.171080 0.474313
 18   -0.602177 0.511412 -0.000006 0.000000 0.000000 0.000000
 19   3.673773 0.177020 1.119313 -0.000002 -0.000014 -0.174510
 20   3.673767 0.176993 -1.117566 0.000007 -0.000003 -0.174546
 21   3.942357 1.334540 1.627658 0.000002 -0.000011 -0.000026
 22   -0.246060 -0.011889 0.516521 -0.000011 0.000031 0.000025
 23   3.942374 1.334565 -1.631083 0.000019 0.000002 -0.000024
 24   -0.246150 -0.011872 -0.516511 -0.000005 -0.000006 0.000048
 25   4.941364 1.997338 1.629330 0.000018 -0.000001 -0.000024
 26   4.941382 1.997366 -1.629410 -0.000001 0.000005 -0.000024
 27   2.914462 1.619264 1.514501 -0.000019 -0.000022 -0.000050
 28   2.916892 1.618870 -1.501142 -0.000002 -0.000009 -0.000024
 29   8.824059 0.150544 0.091743 -0.033683 -0.056822 -0.306186
 30   2.017332 -0.834625 1.776507 -0.035658 0.015854 -0.303225
 31   1.953316 -0.893330 -1.857505 -0.035439 0.016758 -0.305322
 32   -0.814395 -0.093824 3.127092 0.282775 -3.061003 -0.238902
 33   14.298673 -0.408176 0.471578 -0.033633 -0.150408 -0.237033
 34   15.835795 0.581398 0.242756 0.135042 0.067892 -0.094164
 35   -0.815868 -0.091229 -3.114430 0.009430 3.077354 0.041789
 36   14.294526 -0.410349 -0.467541 -0.086232 0.089333 -1.967727
 37   15.834409 0.579420 -0.284600 0.220642 0.248393 -0.211692
 38   1.186561 -3.277962 -2.851158 0.011430 -0.077618 -0.060299
 39   -4.457742 -1.054854 -0.746180 -0.009827 -0.017066 0.053064
 40   0.832936 -3.488833 3.163069 0.025680 -0.184253 -0.146932
 41   -4.433840 -1.059130 0.959566 0.037415 -0.022088 -0.007376
 42   -0.821536 1.443388 -2.680801 0.011949 -0.005104 0.129691
 43   -0.824229 1.405600 2.877190 0.011944 -0.005098 0.129691
time 34
  0   -0.475344 0.433607 -1.491862 0.000000 0.000000 -1.571069
  1   -1.093036 0.000002 -0.326057 -1.638462 -1.670071 0.067620
  2   2.262337 0.113614 0.064702 -0.133541 -0.007633 -0.098734
  3   2.380047 0.353302 0.047440 -0.208814 -0.000879 0.080173
  4   2.033756 0.190472 -0.000128 -0.129200 -0.024329 -0.133994
  5   2.451511 0.204909 -0.003447 -0.054483 -0.077346 -0.064254
  6   7.247600 -0.397300 -0.109469 0.000001 0.000021 0.156829
  7   -2.022252 -0.104661 3.136172 1.913331 -1.458289 -5.111883
  8   1.168026 -0.537438 -0.063437 -0.677879 0.408769 1.059296
  9   6.790376 -0.619176 0.015206 0.036514 0.037624 -0.970966
 10   8.637599 0.544015 -0.090417 -1.201032 -0.262405 -0.548924
 11   6.790465 -0.619039 0.017802 0.029789 0.011601 -0.695184
 12   -2.022474 -0.104699 -2.873818 -2.550046 1.438190 -5.729027
 13   1.167898 -0.537463 0.063297 0.418052 -0.513220 -0.066498
 14   7.002743 -0.617765 -0.183752 0.002051 -0.094467 -1.243110
 15   8.209042 0.615527 -0.255885 1.929892 0.196727 -0.266355
 16   7.002735 -0.617911 -0.183641 0.003281 -0.060524 -0.888539
 17   1.574674 0.609930 -0.000899 0.495743 -0.171009 0.483221
 18   -0.602177 0.511412 -0.000006 0.000000 0.000000 0.000000
 19   3.673773 0.177020 1.119313 -0.000002 -0.000014 -0.174510
 20   3.673767 0.176993 -1.117566 0.000007 -0.000003 -0.174546
 21   3.942357 1.334540 1.627658 0.000002 -0.000011 -0.000026
 22   -0.246060 -0.011889 0.516521 -0.000011 0.000031 0.000025
 23   3.938468 1.334565 -1.631083 0.000019 0.000002 -0.000024
 24   -0.246150 -0.011872 -0.516511 -0.000005 -0.000006 0.000048
 25   4.941364 1.997338 1.629330 0.000018 -0.000001 -0.000024
 26   4.941382 1.997366 -1.629410 -0.000001 0.000005 -0.000024
 27   2.914462 1.619264 1.514501 -0.000019 -0.000022 -0.000050
 28   2.916892 1.618870 -1.501142 -0.000002 -0.000009 -0.000024
 29   8.824059 0.150544 0.091743 -0.035554 -0.063730 -0.319974
 30   2.017332 -0.830718 1.776507 -0.037299 0.015796 -0.301810
 31   1.953316 -0.893330 -1.857505 -0.037064 0.016732 -0.304176
 32   -0.814395 -0.093824 3.127092 0.284173 -3.059475 -0.226436
 33   14.298673 -0.408176 0.471578 -0.035311 -0.148095 -0.212340
 34   15.835795 0.581398 0.242756 0.128763 0.063109 -0.098574
 35   -0.815868 -0.091229 -3.114430 0.009254 3.079228 0.041680
 36   14.294526 -0.410349 -0.467541 -0.083692 0.087415 -1.955600
 37   15.834409 0.579420 -0.284600 0.220445 0.250594 -0.228982
 38   1.194374 -3.270150 -2.855064 0.014819 -0.082125 -0.049669
 39   -4.457742 -1.054854 -0.746180 -0.009552 -0.016778 0.051409
 40   0.821217 -3.504458 3.155256 0.029595 -0.190784 -0.129520
 41   -4.433840 -1.059130 0.959566 0.039812 -0.025204 -0.007769
 42   -0.809816 1.451201 -2.680801 0.012272 -0.005456 0.124923
 43   -0.816416 1.413413 2.877190 0.012282 -0.005459 0.124923
time 35
  0   -0.475344 0.433607 -1.491862 0.000000 0.000000 -1.571069
  1   -1.093036 0.000002 -0.326057 -1.630864 -1.672989 0.060024
  2   2.262337 0.113614 0.064702 -0.133541 -0.007789 -0.103830
  3   2.380047 0.353302 0.047440 -0.208724 -0.001155 0.078908
  4   2.033756 0.190472 -0.000128 -0.129071 -0.024604 -0.134465
  5   2.451511 0.204909 -0.003447 -0.054620 -0.077255 -0.060217
  6   7.247600 -0.397300 -0.109469 0.000001 0.000021 0.156829
  7   -2.022252 -0.104661 3.136172 1.972763 -1.454599 -5.169360
  8   1.168026 -0.537438 -0.063437 -0.667501 0.404090 1.064104
  9   6.790376 -0.619176 0.015206 0.036403 0.037090 -0.965608
 10   8.637599 0.544015 -0.090417 -1.201032 -0.262405 -0.548924
 11   6.790465 -0.619039 0.017802 0.029672 0.011288 -0.691320
 12   -2.022474 -0.104699 -2.873818 -2.572560 1.430209 -5.749707
 13   1.167898 -0.537463 0.063297 0.420443 -0.554920 -0.062987
 14   7.002743 -0.617765 -0.183752 0.002279 -0.095602 -1.255651
 15   8.209042 0.615527 -0.255885 1.929892 0.196727 -0.266355
 16   7.002735 -0.617911 -0.183641 0.003092 -0.061369 -0.897315
 17   1.574674 0.609930 -0.000899 0.493590 -0.170583 0.489504
 18   -0.602177 0.511412 -0.000006 0.000000 0.000000 0.000000
 19   3.673773 0.177020 1.119313 -0.000002 -0.000014 -0.174510
 20   3.677673 0.176993 -1.117566 0.000007 -0.000003 -0.174546
 21   3.942357 1.334540 1.627658 0.000002 -0.000011 -0.000026
 22   -0.246060 -0.011889 0.516521 -0.000011 0.000031 0.000025
 23   3.942374 1.334565 -1.631083 0.000019 0.000002 -0.000024
 24   -0.246150 -0.011872 -0.516511 -0.000005 -0.000006 0.000048
 25   4.941364 1.997338 1.629330 0.000018 -0.000001 -0.000024
 26   4.941382 1.997366 -1.629410 -0.000001 0.000005 -0.000024
 27   2.914462 1.619264 1.514501 -0.000019 -0.000022 -0.000050
 28   2.916892 1.618870 -1.501142 -0.000002 -0.000009 -0.000024
 29   8.824059 0.150544 0.091743 -0.037337 -0.070970 -0.333064
 30   2.021238 -0.826812 1.776507 -0.038872 0.015738 -0.300330
 31   1.953316 -0.897237 -1.857505 -0.038642 0.016732 -0.302975
 32   -0.814395 -0.093824 3.127092 0.286596 -3.058138 -0.214027
 33   14.298673 -0.408176 0.471578 -0.036857 -0.145898 -0.188997
 34   15.835795 0.581398 0.242756 0.117422 0.055592 -0.110261
 35   -0.815868 -0.091229 -3.114430 0.009078 3.081290 0.041680
 36   14.294526 -0.410349 -0.467541 -0.081463 0.085702 -1.945095
 37   15.834409 0.579420 -0.284600 0.220327 0.252411 -0.243837
 38   1.202187 -3.266243 -2.855064 0.018355 -0.086824 -0.038550
 39   -4.457742 -1.054854 -0.746180 -0.009252 -0.016527 0.049755
 40   0.805591 -3.516177 3.147443 0.033468 -0.196966 -0.111314
 41   -4.433840 -1.059130 0.959566 0.042137 -0.028451 -0.008162
 42   -0.802004 1.462920 -2.680801 0.012596 -0.005794 0.119905
 43   -0.808604 1.425132 2.877190 0.012607 -0.005804 0.119905
time 36
  0   -0.463625 0.433607 -1.491862 0.000000 0.000000 -1.571069
  1   -1.093036 0.000002 -0.326057 -1.616400 -1.676739 0.045604
  2   2.262337 0.113614 0.064702 -0.133987 -0.007777 -0.105257
  3   2.380047 0.353302 0.047440 -0.208979 -0.001250 0.078969
  4   2.033756 0.190472 -0.000128 -0.129108 -0.024916 -0.134139
  5   2.451511 0.204909 -0.003447 -0.054740 -0.077177 -0.056131
  6   7.247600 -0.397300 -0.109469 0.000001 0.000021 0.156829
  7   -2.022252 -0.104661 3.136172 2.001712 -1.452582 -5.197441
  8   1.168026 -0.537438 -0.063437 -0.653263 0.397046 1.067963
  9   6.790376 -0.619176 0.015206 0.036348 0.036889 -0.963494
 10   8.637599 0.544015 -0.090417 -1.201032 -0.262405 -0.548924
 11   6.790465 -0.619039 0.017802 0.029643 0.011117 -0.689820
 12   -2.022474 -0.104699 -2.873818 -2.583099 1.425913 -5.758994
 13   1.167898 -0.537463 0.063297 0.422973 -0.598706 -0.060989
 14   7.002743 -0.617765 -0.183752 0.002393 -0.096227 -1.261508
 15   8.209042 0.615527 -0.255885 1.929892 0.196727 -0.266355
 16   7.002735 -0.617911 -0.183641 0.002998 -0.061708 -0.901454
 17   1.574674 0.609930 -0.000899 0.492006 -0.169731 0.492683
 18   -0.602177 0.511412 -0.000006 0.000000 0.000000 0.000000
 19   3.673773 0.177020 1.119313 -0.000002 -0.000014 -0.174510
 20   3.673767 0.176993 -1.117566 0.000007 -0.000003 -0.174546
 21   3.942357 1.338447 1.627658 0.000002 -0.000011 -0.000026
 22   -0.246060 -0.011889 0.516521 -0.000011 0.000031 0.000025
 23   3.942374 1.334565 -1.631083 0.000019 0.000002 -0.000024
 24   -0.246150 -0.011872 -0.516511 -0.000005 -0.000006 0.000048
 25   4.941364 1.997338 1.629330 0.000018 -0.000001 -0.000024
 26   4.941382 1.997366 -1.629410 -0.000001 0.000005 -0.000024
 27   2.914462 1.619264 1.514501 -0.000019 -0.000022 -0.000050
 28   2.916892 1.618870 -1.501142 -0.000002 -0.000009 -0.000024
 29   8.824059 0.150544 0.091743 -0.039119 -0.078448 -0.345457
 30   2.021238 -0.822906 1.776507 -0.040390 0.015708 -0.298786
 31   1.953316 -0.897237 -1.857505 -0.040159 0.016706 -0.301701
 32   -0.814395 -0.093824 3.127092 0.290231 -3.056801 -0.201334
 33   14.298673 -0.408176 0.471578 -0.038223 -0.143856 -0.167957
 34   15.835795 0.581398 0.242756 0.099089 0.044098 -0.131828
 35   -0.815868 -0.091229 -3.114430 0.008990 3.083725 0.041680
 36   14.294526 -0.410349 -0.467541 -0.079629 0.084216 -1.936521
 37   15.834409 0.579420 -0.284600 0.220288 0.253819 -0.256057
 38   1.210000 -3.262337 -2.858970 0.022038 -0.091717 -0.026942
 39   -4.457742 -1.054854 -0.746180 -0.008952 -0.016311 0.048100
 40   0.793872 -3.531803 3.139631 0.037299 -0.202799 -0.092375
 41   -4.433840 -1.059130 0.959566 0.044402 -0.031831 -0.008498
 42   -0.794191 1.474639 -2.676895 0.012919 -0.006131 0.114552
 43   -0.800791 1.436851 2.877190 0.012919 -0.006133 0.114552
time 37
  0   -0.463625 0.433607 -1.491862 0.000000 0.000000 -1.571069
  1   -1.093036 0.000002 -0.326057 -1.601517 -1.680721 0.030700
  2   2.262337 0.113614 0.064702 -0.134522 -0.007669 -0.104589
  3   2.380047 0.353302 0.047440 -0.209429 -0.001227 0.079561
  4   2.033756 0.190472 -0.000128 -0.129200 -0.025180 -0.133740
  5   2.451511 0.204909 -0.003447 -0.054911 -0.077137 -0.052218
  6   7.247600 -0.397300 -0.109469 0.000001 0.000021 0.156829
  7   -2.022252 -0.104661 3.136172 2.030949 -1.450852 -5.225240
  8   1.168026 -0.537438 -0.063437 -0.634975 0.387587 1.072138
  9   6.790376 -0.619176 0.015206 0.036348 0.036823 -0.962740
 10   8.637599 0.544015 -0.090417 -1.201032 -0.262405 -0.548924
 11   6.790465 -0.619039 0.017802 0.029613 0.011089 -0.689359
 12   -2.022474 -0.104699 -2.873818 -2.592105 1.421444 -5.766270
 13   1.167898 -0.537463 0.063297 0.425855 -0.638678 -0.059415
 14   7.002743 -0.617765 -0.183752 0.002393 -0.096568 -1.265634
 15   8.209042 0.615527 -0.255885 1.929892 0.196727 -0.266355
 16   7.002735 -0.617911 -0.183641 0.002998 -0.061990 -0.904214
 17   1.574674 0.609930 -0.000899 0.491031 -0.168382 0.492757
 18   -0.602177 0.511412 -0.000006 0.000000 0.000000 0.000000
 19   3.677679 0.177020 1.119313 -0.000002 -0.000014 -0.174510
 20   3.673767 0.176993 -1.117566 0.000007 -0.000003 -0.174546
 21   3.942357 1.334540 1.627658 0.000002 -0.000011 -0.000026
 22   -0.246060 -0.011889 0.516521 -0.000011 0.000031 0.000025
 23   3.942374 1.334565 -1.631083 0.000019 0.000002 -0.000024
 24   -0.246150 -0.011872 -0.516511 -0.000005 -0.000006 0.000048
 25   4.941364 1.997338 1.629330 0.000018 -0.000001 -0.000024
 26   4.941382 1.997366 -1.629410 -0.000001 0.000005 -0.000024
 27   2.914462 1.619264 1.514501 -0.000019 -0.000022 -0.000050
 28   2.916892 1.618870 -1.501142 -0.000002 -0.000009 -0.000024
 29   8.824059 0.150544 0.091743 -0.040723 -0.086210 -0.357098
 30   2.021238 -0.818999 1.780414 -0.041855 0.015650 -0.297178
 31   1.953316 -0.897237 -1.857505 -0.041614 0.016706 -0.300373
 32   -0.814395 -0.093824 3.127092 0.294239 -3.055559 -0.189722
 33   14.298673 -0.408176 0.471578 -0.039265 -0.142227 -0.151124
 34   15.835795 0.581398 0.242756 0.077605 0.030359 -0.155246
 35   -0.815868 -0.091229 -3.114430 0.008726 3.086068 0.041680
 36   14.294526 -0.410349 -0.467541 -0.078215 0.083029 -1.929955
 37   15.834409 0.579420 -0.284600 0.220366 0.254766 -0.265234
 38   1.217812 -3.254524 -2.862877 0.025827 -0.096778 -0.014845
 39   -4.457742 -1.054854 -0.746180 -0.008641 -0.016119 0.046417
 40   0.782153 -3.547428 3.127912 0.041088 -0.208306 -0.072825
 41   -4.433840 -1.059130 0.959566 0.046595 -0.035331 -0.008835
 42   -0.782472 1.486358 -2.676895 0.013231 -0.006468 0.108947
 43   -0.792978 1.448570 2.877190 0.013231 -0.006463 0.108947
time 38
  0   -0.455812 0.433607 -1.491862 0.000000 0.000000 -1.571069
  1   -1.093036 0.000002 -0.326057 -1.588364 -1.684518 0.017684
  2   2.262337 0.113614 0.064702 -0.135057 -0.007633 -0.104065
  3   2.380047 0.353302 0.047440 -0.209864 -0.001143 0.080275
  4   2.033756 0.190472 -0.000128 -0.129403 -0.025467 -0.133269
  5   2.451511 0.204909 -0.003447 -0.055048 -0.077111 -0.049048
  6   7.247600 -0.397300 -0.109469 0.000001 0.000021 0.156829
  7   -2.022252 -0.104661 3.136172 2.085109 -1.447162 -5.276894
  8   1.168026 -0.537438 -0.063437 -0.610865 0.375260 1.078401
  9   6.790376 -0.619176 0.015206 0.036348 0.036823 -0.962211
 10   8.637599 0.544015 -0.090417 -1.201032 -0.262405 -0.548924
 11   6.790465 -0.619039 0.017802 0.029613 0.011061 -0.688955
 12   -2.022474 -0.104699 -2.873818 -2.606859 1.412766 -5.778334
 13   1.167898 -0.537463 0.063297 0.429581 -0.667665 -0.056691
 14   7.002743 -0.617765 -0.183752 0.002507 -0.097192 -1.272152
 15   8.209042 0.615527 -0.255885 1.929892 0.196727 -0.266355
 16   7.002735 -0.617911 -0.183641 0.002904 -0.062384 -0.908795
 17   1.574674 0.609930 -0.000899 0.490625 -0.166962 0.490871
 18   -0.602177 0.511412 -0.000006 0.000000 0.000000 0.000000
 19   3.677679 0.177020 1.119313 -0.000002 -0.000014 -0.174510
 20   3.673767 0.176993 -1.117566 0.000007 -0.000003 -0.174546
 21   3.942357 1.334540 1.627658 0.000002 -0.000011 -0.000026
 22   -0.246060 -0.011889 0.516521 -0.000011 0.000031 0.000025
 23   3.942374 1.334565 -1.631083 0.000019 0.000002 -0.000024
 24   -0.246150 -0.011872 -0.516511 -0.000005 -0.000006 0.000048
 25   4.941364 1.997338 1.629330 0.000018 -0.000001 -0.000024
 26   4.941382 1.997366 -1.629410 -0.000001 0.000005 -0.000024
 27   2.914462 1.619264 1.514501 -0.000019 -0.000022 -0.000050
 28   2.916892 1.618870 -1.501142 -0.000002 -0.000009 -0.000024
 29   8.824059 0.150544 0.091743 -0.042238 -0.094186 -0.368043
 30   2.021238 -0.815093 1.780414 -0.043251 0.015621 -0.295527
 31   1.953316 -0.897237 -1.857505 -0.043024 0.016681 -0.298990
 32   -0.814395 -0.093824 3.127092 0.298247 -3.054699 -0.180216
 33   14.298673 -0.408176 0.471578 -0.039913 -0.141180 -0.140405
 34   15.835795 0.581398 0.242756 0.055614 0.016912 -0.172534
 35   -0.815868 -0.091229 -3.114430 0.008638 3.088035 0.041680
 36   14.294526 -0.410349 -0.467541 -0.077292 0.082262 -1.925861
 37   15.834409 0.579420 -0.284600 0.220504 0.255278 -0.271014
 38   1.225625 -3.250618 -2.862877 0.029742 -0.101984 -0.002382
 39   -4.457742 -1.054854 -0.746180 -0.008317 -0.015963 0.044762
 40   0.770434 -3.563054 3.120099 0.044813 -0.213487 -0.052725
 41   -4.433840 -1.059130 0.959566 0.048716 -0.038926 -0.009171
 42   -0.770753 1.501984 -2.676895 0.013531 -0.006790 0.103050
 43   -0.781259 1.460289 2.877190 0.013531 -0.006792 0.103050
time 39
  0   -0.455812 0.433607 -1.491862 0.000000 0.000000 -1.571069
  1   -1.093036 0.000002 -0.326057 -1.579193 -1.687343 0.008442
  2   2.262337 0.113614 0.064702 -0.135541 -0.007442 -0.103793
  3   2.380047 0.353302 0.047440 -0.210179 -0.001143 0.080785
  4   2.033756 0.190472 -0.000128 -0.129495 -0.025707 -0.132870
  5   2.451511 0.204909 -0.003447 -0.055082 -0.077098 -0.046918
  6   7.247600 -0.397300 -0.109469 0.000001 0.000021 0.156829
  7   -2.022252 -0.104661 3.136172 2.131504 -1.443818 -5.321128
  8   1.168026 -0.537438 -0.063437 -0.583591 0.360870 1.084094
  9   6.790376 -0.619176 0.015206 0.036348 0.036889 -0.963494
 10   8.637599 0.544015 -0.090417 -1.201032 -0.262405 -0.548924
 11   6.790465 -0.619039 0.017802 0.029643 0.011117 -0.689820
 12   -2.022474 -0.104699 -2.873818 -2.618452 1.404726 -5.787142
 13   1.167898 -0.537463 0.063297 0.431268 -0.687091 -0.053604
 14   7.002743 -0.617765 -0.183752 0.002620 -0.097476 -1.275864
 15   8.209042 0.615527 -0.255885 1.929892 0.196727 -0.266355
 16   7.002735 -0.617911 -0.183641 0.002857 -0.062666 -0.911389
 17   1.574674 0.609930 -0.000899 0.490463 -0.165826 0.488728
 18   -0.602177 0.511412 -0.000006 0.000000 0.000000 0.000000
 19   3.673773 0.177020 1.119313 -0.000002 -0.000014 -0.174510
 20   3.673767 0.176993 -1.117566 0.000007 -0.000003 -0.174546
 21   3.942357 1.334540 1.627658 0.000002 -0.000011 -0.000026
 22   -0.246060 -0.011889 0.516521 -0.000011 0.000031 0.000025
 23   3.942374 1.334565 -1.631083 0.000019 0.000002 -0.000024
 24   -0.246150 -0.011872 -0.516511 -0.000005 -0.000006 0.000048
 25   4.941364 1.997338 1.629330 0.000018 -0.000001 -0.000024
 26   4.941382 1.997366 -1.629410 -0.000001 0.000005 -0.000024
 27   2.914462 1.619264 1.514501 -0.000019 -0.000022 -0.000050
 28   2.916892 1.618870 -1.501142 -0.000002 -0.000009 -0.000024
 29   8.824059 0.150544 0.091743 -0.043664 -0.102352 -0.378343
 30   2.021238 -0.807280 1.780414 -0.044607 0.015592 -0.293812
 31   1.953316 -0.897237 -1.857505 -0.044372 0.016681 -0.297553
 32   -0.814395 -0.093824 3.127092 0.301510 -3.054222 -0.174353
 33   14.298673 -0.408176 0.471578 -0.040056 -0.140960 -0.138182
 34   15.835795 0.581398 0.242756 0.036890 0.006638 -0.176327
 35   -0.815868 -0.091229 -3.114430 0.008638 3.089253 0.041680
 36   14.294526 -0.410349 -0.467541 -0.076932 0.081962 -1.924239
 37   15.834409 0.579420 -0.284600 0.220701 0.255278 -0.272890
 38   1.233438 -3.246711 -2.866783 0.033763 -0.107310 0.010387
 39   -4.457742 -1.054854 -0.746180 -0.007982 -0.015844 0.043080
 40   0.758715 -3.578679 3.112286 0.048497 -0.218356 -0.032136
 41   -4.433840 -1.059130 0.959566 0.050766 -0.042617 -0.009452
 42   -0.759034 1.513703 -2.676895 0.013830 -0.007112 0.096902
 43   -0.773446 1.475915 2.881096 0.013831 -0.007106 0.096902
time 40
  0   -0.455812 0.433607 -1.491862 0.000000 0.000000 -1.571069
  1   -1.093036 0.000002 -0.326057 -1.579193 -1.687343 0.008442
  2   2.262337 0.113614 0.064702 -0.135541 -0.007442 -0.103793
  3   2.380047 0.353302 0.047440 -0.210179 -0.001143 0.080785
  4   2.033756 0.190472 -0.000128 -0.129495 -0.025707 -0.132870
  5   2.451511 0.204909 -0.003447 -0.055168 -0.077085 -0.046200
  6   7.247600 -0.397300 -0.109469 0.000001 0.000021 0.156829
  7   -2.022252 -0.104661 3.136172 2.152305 -1.442117 -5.340757
  8   1.168026 -0.537438 -0.063437 -0.557013 0.346128 1.088459
  9   6.790376 -0.619176 0.015206 0.036348 0.037023 -0.964476
 10   8.637599 0.544015 -0.090417 -1.201032 -0.262405 -0.548924
 11   6.790465 -0.619039 0.017802 0.029643 0.011203 -0.690455
 12   -2.022474 -0.104699 -2.873818 -2.623530 1.400924 -5.790780
 13   1.167898 -0.537463 0.063297 0.431479 -0.697669 -0.051909
 14   7.002743 -0.617765 -0.183752 0.002677 -0.097590 -1.277020
 15   8.209042 0.615527 -0.255885 1.929892 0.196727 -0.266355
 16   7.002735 -0.617911 -0.183641 0.002857 -0.062723 -0.912217
 17   1.574674 0.609930 -0.000899 0.490341 -0.165684 0.488765
 18   -0.602177 0.511412 -0.000006 0.000000 0.000000 0.000000
 19   3.677679 0.177020 1.119313 -0.000002 -0.000014 -0.174510
 20   3.673767 0.176993 -1.117566 0.000007 -0.000003 -0.174546
 21   3.942357 1.334540 1.627658 0.000002 -0.000011 -0.000026
 22   -0.246060 -0.011889 0.516521 -0.000011 0.000031 0.000025
 23   3.942374 1.334565 -1.631083 0.000019 0.000002 -0.000024
 24   -0.246150 -0.011872 -0.516511 -0.000005 -0.000006 0.000048
 25   4.941364 1.997338 1.629330 0.000018 -0.000001 -0.000024
 26   4.941382 1.997366 -1.629410 -0.000001 0.000005 -0.000024
 27   2.914462 1.619264 1.514501 -0.000019 -0.000022 -0.000050
 28   2.916892 1.618870 -1.501142 -0.000002 -0.000009 -0.000024
 29   8.824059 0.150544 0.091743 -0.045001 -0.110708 -0.388000
 30   2.025145 -0.803374 1.780414 -0.045896 0.015563 -0.292075
 31   1.957222 -0.901143 -1.857505 -0.045674 0.016681 -0.296079
 32   -0.814395 -0.093824 3.127092 0.301510 -3.054222 -0.174353
 33   14.298673 -0.408176 0.471578 -0.040056 -0.140960 -0.138182
 34   15.835795 0.581398 0.242756 0.036890 0.006638 -0.176327
 35   -0.815868 -0.091229 -3.114430 0.008638 3.089253 0.041789
 36   14.294526 -0.410349 -0.467541 -0.076932 0.081962 -1.924239
 37   15.834409 0.579420 -0.284600 0.220701 0.255278 -0.272890
 38   1.245157 -3.242805 -2.870689 0.037846 -0.112757 0.023583
 39   -4.457742 -1.054854 -0.746180 -0.007646 -0.015724 0.041425
 40   0.750902 -3.598211 3.104473 0.052118 -0.222911 -0.011119
 41   -4.433840 -1.059130 0.959566 0.052755 -0.046368 -0.009732
 42   -0.751221 1.525422 -2.676895 0.014118 -0.007419 0.090462
 43   -0.761727 1.487634 2.881096 0.014118 -0.007420 0.090462
time 41
  0   -0.455812 0.433607 -1.491862 0.000000 0.000000 -1.571069
  1   -1.093036 0.000002 -0.326057 -1.579612 -1.687158 0.008926
  2   2.262337 0.113614 0.064702 -0.135490 -0.007454 -0.103812
  3   2.380047 0.353302 0.047440 -0.210164 -0.001155 0.080724
  4   2.033756 0.190472 -0.000128 -0.129495 -0.025695 -0.132870
  5   2.451511 0.204909 -0.003447 -0.055168 -0.077072 -0.046274
  6   7.247600 -0.397300 -0.109469 0.000001 0.000021 0.156829
  7   -2.022252 -0.104661 3.136172 2.166875 -1.440935 -5.354375
  8   1.168026 -0.537438 -0.063437 -0.529486 0.330581 1.092318
  9   6.790376 -0.619176 0.015206 0.036403 0.037156 -0.966136
 10   8.637599 0.544015 -0.090417 -1.201032 -0.262405 -0.548924
 11   6.790465 -0.619039 0.017802 0.029672 0.011316 -0.691724
 12   -2.022474 -0.104699 -2.873818 -2.627075 1.398021 -5.793173
 13   1.167898 -0.537463 0.063297 0.430776 -0.700873 -0.050093
 14   7.002743 -0.617765 -0.183752 0.002677 -0.097703 -1.277185
 15   8.209042 0.615527 -0.255885 1.929892 0.196727 -0.266355
 16   7.002735 -0.617911 -0.183641 0.002857 -0.062779 -0.912437
 17   1.574674 0.609930 -0.000899 0.490341 -0.165755 0.488876
 18   -0.602177 0.511412 -0.000006 0.000000 0.000000 0.000000
 19   3.673773 0.177020 1.119313 -0.000002 -0.000014 -0.174510
 20   3.673767 0.176993 -1.117566 0.000007 -0.000003 -0.174546
 21   3.461874 1.412668 1.627658 -0.073691 -0.386442 0.847736
 22   -0.457004 -0.035327 0.231356 -0.000011 0.000031 0.000025
 23   3.461890 1.408786 -1.631083 0.073712 0.386493 0.847601
 24   -0.453188 -0.039217 -0.235252 -0.000005 -0.000006 0.000048
 25   4.941364 1.997338 1.629330 0.000018 -0.000001 -0.000024
 26   4.941382 1.997366 -1.629410 -0.000001 0.000005 -0.000024
 27   3.160563 1.771613 1.553565 -0.163477 0.220818 -1.289362
 28   3.166899 1.779032 -1.540206 0.163480 -0.220897 -1.289338
 29   8.824059 0.150544 0.091743 -0.046249 -0.119182 -0.397066
 30   2.025145 -0.799468 1.780414 -0.047130 0.015534 -0.290273
 31   1.957222 -0.901143 -1.857505 -0.046916 0.016681 -0.294550
 32   -0.814395 -0.093824 3.127092 0.301230 -3.054222 -0.174751
 33   14.298673 -0.408176 0.471578 -0.040020 -0.140986 -0.138579
 34   15.835795 0.581398 0.242756 0.037235 0.006687 -0.176195
 35   -0.815868 -0.091229 -3.114430 0.008638 3.089159 0.042063
 36   14.294526 -0.410349 -0.467541 -0.076968 0.081986 -1.924471
 37   15.834409 0.579420 -0.284600 0.220662 0.255227 -0.272636
 38   1.252970 -3.238899 -2.870689 0.041993 -0.118288 0.037024
 39   -4.457742 -1.054854 -0.746180 -0.007311 -0.015628 0.039742
 40   0.739183 -3.613837 3.092754 0.055675 -0.227189 0.010203
 41   -4.433840 -1.059130 0.959566 0.054685 -0.050203 -0.009985
 42   -0.735595 1.541047 -2.676895 0.014405 -0.007725 0.083812
 43   -0.750008 1.503260 2.881096 0.014406 -0.007718 0.083812
time 42
  0   -0.455812 0.433607 -1.491862 0.000000 0.000000 -1.571069
  1   -1.093036 0.000002 -0.326057 -1.580346 -1.686926 0.009652
  2   2.262337 0.113614 0.064702 -0.135477 -0.007454 -0.103812
  3   2.380047 0.353302 0.047440 -0.210134 -0.001155 0.080683
  4   2.033756 0.190472 -0.000128 -0.129440 -0.025671 -0.132979
  5   2.451511 0.204909 -0.003447 -0.055168 -0.077072 -0.046274
  6   7.247600 -0.397300 -0.109469 0.000001 0.000021 0.156829
  7   -2.022252 -0.104661 3.136172 2.190361 -1.439119 -5.376351
  8   1.168026 -0.537438 -0.063437 -0.498985 0.313323 1.096620
  9   6.790376 -0.619176 0.015206 0.036514 0.037490 -0.969834
 10   8.637599 0.544015 -0.090417 -1.201032 -0.262405 -0.548924
 11   6.790465 -0.619039 0.017802 0.029789 0.011544 -0.694261
 12   -2.022474 -0.104699 -2.873818 -2.632057 1.393581 -5.796429
 13   1.167898 -0.537463 0.063297 0.429581 -0.698279 -0.047853
 14   7.002743 -0.617765 -0.183752 0.002677 -0.097590 -1.277020
 15   8.209042 0.615527 -0.255885 1.929892 0.196727 -0.266355
 16   7.002735 -0.617911 -0.183641 0.002857 -0.062723 -0.912327
 17   1.574674 0.609930 -0.000899 0.490341 -0.165826 0.489097
 18   -0.602177 0.511412 -0.000006 0.000000 0.000000 0.000000
 19   3.677679 0.177020 1.119313 -0.000002 -0.000014 -0.174510
 20   3.673767 0.176993 -1.117566 0.000007 -0.000003 -0.174546
 21   3.704068 1.369698 1.627658 0.006354 -0.200741 0.411863
 22   -0.351532 -0.015795 0.371985 -0.000011 0.000031 0.000025
 23   3.707992 1.369723 -1.631083 -0.006333 0.200780 0.411810
 24   -0.347716 -0.019685 -0.379788 -0.000005 -0.000006 0.000048
 25   4.941364 1.997338 1.629330 0.000018 -0.000001 -0.000024
 26   4.941382 1.997366 -1.629410 -0.000001 0.000005 -0.000024
 27   3.031653 1.697392 1.522314 -0.043955 0.137321 -0.635381
 28   3.034083 1.693092 -1.520674 0.043934 -0.137352 -0.635435
 29   8.824059 0.150544 0.091743 -0.047408 -0.127775 -0.405489
 30   2.025145 -0.795561 1.780414 -0.048323 0.015476 -0.288451
 31   1.957222 -0.901143 -1.857505 -0.048111 0.016681 -0.292967
 32   -0.814395 -0.093824 3.127092 0.300950 -3.054222 -0.175264
 33   14.298673 -0.408176 0.471578 -0.039996 -0.141038 -0.139056
 34   15.835795 0.581398 0.242756 0.037718 0.006760 -0.175974
 35   -0.815868 -0.091229 -3.114430 0.008638 3.089159 0.042173
 36   14.294526 -0.410349 -0.467541 -0.077016 0.082022 -1.924548
 37   15.834409 0.579420 -0.284600 0.220662 0.255201 -0.272383
 38   1.260782 -3.234992 -2.874596 0.046203 -0.123892 0.050771
 39   -4.457742 -1.054854 -0.746180 -0.006963 -0.015544 0.038087
 40   0.731370 -3.629462 3.084941 0.059169 -0.231166 0.031891
 41   -4.433840 -1.059130 0.959566 0.056530 -0.054074 -0.010237
 42   -0.723876 1.556673 -2.676895 0.014681 -0.008017 0.076911
 43   -0.742195 1.518885 2.881096 0.014681 -0.008016 0.076911
time 43
  0   -0.455812 0.433607 -1.491862 0.000000 0.000000 -1.571069
  1   -1.093036 0.000002 -0.326057 -1.581342 -1.686695 0.010426
  2   2.262337 0.113614 0.064702 -0.135439 -0.007466 -0.103848
  3   2.380047 0.353302 0.047440 -0.210104 -0.001155 0.080663
  4   2.033756 0.190472 -0.000128 -0.129440 -0.025647 -0.132979
  5   2.451511 0.204909 -0.003447 -0.055168 -0.077072 -0.046299
  6   7.247600 -0.397300 -0.109469 0.000001 0.000021 0.156829
  7   -2.022252 -0.104661 3.136172 2.199755 -1.438427 -5.384992
  8   1.168026 -0.537438 -0.063437 -0.469496 0.296317 1.099783
  9   6.790376 -0.619176 0.015206 0.036570 0.037957 -0.973984
 10   8.637599 0.544015 -0.090417 -1.201032 -0.262405 -0.548924
 11   6.790465 -0.619039 0.017802 0.029905 0.011800 -0.697203
 12   -2.022474 -0.104699 -2.873818 -2.633590 1.391839 -5.797290
 13   1.167898 -0.537463 0.063297 0.427894 -0.689176 -0.046945
 14   7.002743 -0.617765 -0.183752 0.002620 -0.097476 -1.275864
 15   8.209042 0.615527 -0.255885 1.929892 0.196727 -0.266355
 16   7.002735 -0.617911 -0.183641 0.002857 -0.062666 -0.911389
 17   1.574674 0.609930 -0.000899 0.490341 -0.165968 0.489245
 18   -0.602177 0.511412 -0.000006 0.000000 0.000000 0.000000
 19   3.673773 0.177020 1.119313 -0.000002 -0.000014 -0.174510
 20   3.673767 0.176993 -1.117566 0.000007 -0.000003 -0.174546
 21   3.942357 1.334540 1.627658 0.000002 -0.000011 -0.000026
 22   -0.246060 -0.011889 0.516521 -0.000011 0.000031 0.000025
 23   3.942374 1.334565 -1.631083 0.000019 0.000002 -0.000024
 24   -0.246150 -0.011872 -0.516511 -0.000005 -0.000006 0.000048
 25   4.941364 1.997338 1.629330 0.000018 -0.000001 -0.000024
 26   4.941382 1.997366 -1.629410 -0.000001 0.000005 -0.000024
 27   2.914462 1.619264 1.514501 -0.000019 -0.000022 -0.000050
 28   2.916892 1.618870 -1.501142 -0.000002 -0.000009 -0.000024
 29   8.824059 0.150544 0.091743 -0.048477 -0.136463 -0.413322
 30   2.025145 -0.787748 1.780414 -0.049448 0.015476 -0.286607
 31   1.957222 -0.901143 -1.857505 -0.049244 0.016681 -0.291348
 32   -0.814395 -0.093824 3.127092 0.300764 -3.054317 -0.175605
 33   14.298673 -0.408176 0.471578 -0.039961 -0.141064 -0.139611
 34   15.835795 0.581398 0.242756 0.038178 0.006809 -0.175798
 35   -0.815868 -0.091229 -3.114430 0.008638 3.089066 0.042337
 36   14.294526 -0.410349 -0.467541 -0.077064 0.082058 -1.924857
 37   15.834409 0.579420 -0.284600 0.220642 0.255201 -0.272078
 38   1.268595 -3.234992 -2.878502 0.050476 -0.129556 0.064761
 39   -4.457742 -1.054854 -0.746180 -0.006604 -0.015472 0.036404
 40   0.723558 -3.648994 3.077129 0.062600 -0.234877 0.053763
 41   -4.433840 -1.059130 0.959566 0.058316 -0.057981 -0.010461
 42   -0.712157 1.572298 -2.676895 0.014957 -0.008308 0.069760
 43   -0.730476 1.534510 2.881096 0.014955 -0.008314 0.069760
time 44
  0   -0.455812 0.433607 -1.491862 0.000000 0.000000 -1.571069
  1   -1.093036 0.000002 -0.326057 -1.582180 -1.686417 0.011345
  2   2.262337 0.113614 0.064702 -0.135388 -0.007478 -0.103884
  3   2.380047 0.353302 0.047440 -0.210074 -0.001155 0.080622
  4   2.033756 0.190472 -0.000128 -0.129440 -0.025635 -0.132979
  5   2.451511 0.204909 -0.003447 -0.055168 -0.077072 -0.046299
  6   7.247600 -0.397300 -0.109469 0.000001 0.000021 0.156829
  7   -2.022252 -0.104661 3.136172 2.196400 -1.438716 -5.382080
  8   1.168026 -0.537438 -0.063437 -0.473293 0.298581 1.099340
  9   6.790376 -0.619176 0.015206 0.036514 0.037891 -0.973683
 10   8.637599 0.544015 -0.090417 -1.201032 -0.262405 -0.548924
 11   6.790465 -0.619039 0.017802 0.029905 0.011800 -0.697030
 12   -2.022474 -0.104699 -2.873818 -2.633015 1.392536 -5.796812
 13   1.167898 -0.537463 0.063297 0.427472 -0.686023 -0.047066
 14   7.002743 -0.617765 -0.183752 0.002620 -0.097476 -1.275369
 15   8.209042 0.615527 -0.255885 1.929892 0.196727 -0.266355
 16   7.002735 -0.617911 -0.183641 0.002857 -0.062610 -0.911002
 17   1.574674 0.609930 -0.000899 0.490422 -0.166039 0.489393
 18   -0.602177 0.511412 -0.000006 0.000000 0.000000 0.000000
 19   3.673773 0.177020 1.119313 -0.000002 -0.000014 -0.174510
 20   3.673767 0.176993 -1.117566 0.000007 -0.000003 -0.174546
 21   3.942357 1.334540 1.627658 0.000002 -0.000011 -0.000026
 22   -0.246060 -0.011889 0.516521 -0.000011 0.000031 0.000025
 23   3.938468 1.334565 -1.631083 0.000019 0.000002 -0.000024
 24   -0.246150 -0.011872 -0.516511 -0.000005 -0.000006 0.000048
 25   4.941364 1.997338 1.629330 0.000018 -0.000001 -0.000024
 26   4.941382 1.997366 -1.629410 -0.000001 0.000005 -0.000024
 27   2.914462 1.619264 1.514501 -0.000019 -0.000022 -0.000050
 28   2.916892 1.618870 -1.501142 -0.000002 -0.000009 -0.000024
 29   8.824059 0.150544 0.091743 -0.049457 -0.145199 -0.420618
 30   2.029051 -0.783842 1.780414 -0.050533 0.015447 -0.284720
 31   1.957222 -0.901143 -1.853599 -0.050332 0.016681 -0.289710
 32   -0.814395 -0.093824 3.127092 0.300578 -3.054317 -0.176003
 33   14.298673 -0.408176 0.471578 -0.039937 -0.141115 -0.140008
 34   15.835795 0.581398 0.242756 0.038684 0.006882 -0.175577
 35   -0.815868 -0.091229 -3.114430 0.008638 3.089066 0.042447
 36   14.294526 -0.410349 -0.467541 -0.077112 0.082106 -1.925166
 37   15.834409 0.579420 -0.284600 0.220642 0.255201 -0.271774
 38   1.280314 -3.231086 -2.878502 0.054749 -0.135244 0.078935
 39   -4.457742 -1.054854 -0.746180 -0.006256 -0.015400 0.034750
 40   0.715745 -3.664619 3.065410 0.065947 -0.238324 0.075757
 41   -4.433840 -1.059130 0.959566 0.060042 -0.061924 -0.010686
 42   -0.700438 1.587924 -2.676895 0.015220 -0.008599 0.062357
 43   -0.718757 1.550136 2.881096 0.015218 -0.008597 0.062357
time 45
  0   -0.455812 0.433607 -1.491862 0.000000 0.000000 -1.571069
  1   -1.093036 0.000002 -0.326057 -1.583019 -1.686185 0.012216
  2   2.262337 0.113614 0.064702 -0.135337 -0.007478 -0.103956
  3   2.380047 0.353302 0.047440 -0.210044 -0.001167 0.080520
  4   2.033756 0.190472 -0.000128 -0.129440 -0.025611 -0.133015
  5   2.451511 0.204909 -0.003447 -0.055168 -0.077059 -0.046299
  6   7.247600 -0.397300 -0.109469 0.000001 0.000021 0.156829
  7   -2.022252 -0.104661 3.136172 2.191703 -1.439090 -5.377572
  8   1.168026 -0.537438 -0.063437 -0.478988 0.301801 1.098644
  9   6.790376 -0.619176 0.015206 0.036514 0.037891 -0.973230
 10   8.637599 0.544015 -0.090417 -1.201032 -0.262405 -0.548924
 11   6.790465 -0.619039 0.017802 0.029847 0.011771 -0.696741
 12   -2.022474 -0.104699 -2.873818 -2.632057 1.393436 -5.796142
 13   1.167898 -0.537463 0.063297 0.427261 -0.683837 -0.047369
 14   7.002743 -0.617765 -0.183752 0.002620 -0.097476 -1.274874
 15   8.209042 0.615527 -0.255885 1.929892 0.196727 -0.266355
 16   7.002735 -0.617911 -0.183641 0.002857 -0.062610 -0.910671
 17   1.574674 0.609930 -0.000899 0.490422 -0.166181 0.489504
 18   -0.602177 0.511412 -0.000006 0.000000 0.000000 0.000000
 19   3.677679 0.177020 1.119313 -0.000002 -0.000014 -0.174510
 20   3.673767 0.176993 -1.117566 0.000007 -0.000003 -0.174546
 21   3.942357 1.338447 1.627658 0.000002 -0.000011 -0.000026
 22   -0.246060 -0.011889 0.516521 -0.000011 0.000031 0.000025
 23   3.942374 1.334565 -1.631083 0.000019 0.000002 -0.000024
 24   -0.246150 -0.011872 -0.516511 -0.000005 -0.000006 0.000048
 25   4.941364 1.997338 1.629330 0.000018 -0.000001 -0.000024
 26   4.941382 1.997366 -1.629410 -0.000001 0.000005 -0.000024
 27   2.914462 1.623171 1.514501 -0.000019 -0.000022 -0.000050
 28   2.916892 1.618870 -1.501142 -0.000002 -0.000009 -0.000024
 29   8.824059 0.150544 0.091743 -0.050349 -0.153958 -0.427377
 30   2.029051 -0.779936 1.780414 -0.051564 0.015418 -0.282811
 31   1.957222 -0.901143 -1.853599 -0.051359 0.016681 -0.288018
 32   -0.814395 -0.093824 3.127092 0.300391 -3.054317 -0.176516
 33   14.298673 -0.408176 0.471578 -0.039901 -0.141180 -0.140564
 34   15.835795 0.581398 0.242756 0.039237 0.006931 -0.175401
 35   -0.815868 -0.091229 -3.114430 0.008638 3.088972 0.042720
 36   14.294526 -0.410349 -0.467541 -0.077172 0.082142 -1.925398
 37   15.834409 0.579420 -0.284600 0.220642 0.255150 -0.271521
 38   1.288127 -3.227180 -2.882409 0.059043 -0.140968 0.093231
 39   -4.457742 -1.054854 -0.746180 -0.005896 -0.015316 0.033123
 40   0.707932 -3.684151 3.057597 0.069209 -0.241517 0.097873
 41   -4.433840 -1.059130 0.959566 0.061696 -0.065879 -0.010854
 42   -0.684813 1.603549 -2.676895 0.015472 -0.008875 0.054745
 43   -0.703132 1.565761 2.881096 0.015468 -0.008864 0.054745
time 46
  0   -0.455812 0.433607 -1.491862 0.000000 0.000000 -1.571069
  1   -1.093036 0.000002 -0.326057 -1.583857 -1.685907 0.012990
  2   2.262337 0.113614 0.064702 -0.135299 -0.007490 -0.103974
  3   2.380047 0.353302 0.047440 -0.210014 -0.001167 0.080520
  4   2.033756 0.190472 -0.000128 -0.129440 -0.025563 -0.133124
  5   2.451511 0.204909 -0.003447 -0.055168 -0.077059 -0.046299
  6   7.247600 -0.397300 -0.109469 0.000001 0.000021 0.156829
  7   -2.022252 -0.104661 3.136172 2.186335 -1.439609 -5.372595
  8   1.168026 -0.537438 -0.063437 -0.485253 0.305323 1.097885
  9   6.790376 -0.619176 0.015206 0.036514 0.037757 -0.972852
 10   8.637599 0.544015 -0.090417 -1.201032 -0.262405 -0.548924
 11   6.790465 -0.619039 0.017802 0.029847 0.011743 -0.696395
 12   -2.022474 -0.104699 -2.873818 -2.630715 1.394451 -5.795375
 13   1.167898 -0.537463 0.063297 0.427050 -0.681803 -0.047732
 14   7.002743 -0.617765 -0.183752 0.002620 -0.097363 -1.274544
 15   8.209042 0.615527 -0.255885 1.929892 0.196727 -0.266355
 16   7.002735 -0.617911 -0.183641 0.002857 -0.062554 -0.910450
 17   1.574674 0.609930 -0.000899 0.490422 -0.166252 0.489652
 18   -0.602177 0.511412 -0.000006 0.000000 0.000000 0.000000
 19   3.673773 0.177020 1.119313 -0.000002 -0.000014 -0.174510
 20   3.673767 0.176993 -1.117566 0.000007 -0.000003 -0.174546
 21   3.942357 1.334540 1.627658 0.000002 -0.000011 -0.000026
 22   -0.246060 -0.011889 0.516521 -0.000011 0.000031 0.000025
 23   3.942374 1.334565 -1.631083 0.000019 0.000002 -0.000024
 24   -0.246150 -0.011872 -0.516511 -0.000005 -0.000006 0.000048
 25   4.941364 1.997338 1.629330 0.000018 -0.000001 -0.000024
 26   4.941382 1.997366 -1.629410 -0.000001 0.000005 -0.000024
 27   2.914462 1.619264 1.514501 -0.000019 -0.000022 -0.000050
 28   2.916892 1.618870 -1.501142 -0.000002 -0.000009 -0.000024
 29   8.824059 0.150544 0.091743 -0.051240 -0.162718 -0.433601
 30   2.029051 -0.776029 1.780414 -0.052540 0.015389 -0.280903
 31   1.957222 -0.901143 -1.853599 -0.052355 0.016681 -0.286290
 32   -0.814395 -0.093824 3.127092 0.300112 -3.054413 -0.176857
 33   14.298673 -0.408176 0.471578 -0.039889 -0.141232 -0.140961
 34   15.835795 0.581398 0.242756 0.039743 0.007004 -0.175269
 35   -0.815868 -0.091229 -3.114430 0.008638 3.088878 0.042830
 36   14.294526 -0.410349 -0.467541 -0.077220 0.082178 -1.925552
 37   15.834409 0.579420 -0.284600 0.220642 0.255150 -0.271216
 38   1.299846 -3.223273 -2.886315 0.063337 -0.146680 0.107649
 39   -4.457742 -1.054854 -0.746180 -0.005549 -0.015232 0.031468
 40   0.704026 -3.699777 3.049784 0.072409 -0.244457 0.119929
 41   -4.433840 -1.059130 0.959566 0.063278 -0.069822 -0.011050
 42   -0.669187 1.623081 -2.676895 0.015724 -0.009136 0.046925
 43   -0.691413 1.581387 2.881096 0.015730 -0.009146 0.046925
time 47
  0   -0.455812 0.433607 -1.491862 0.000000 0.000000 -1.571069
  1   -1.093036 0.000002 -0.326057 -1.584643 -1.685676 0.013958
  2   2.262337 0.113614 0.064702 -0.135286 -0.007502 -0.104010
  3   2.380047 0.353302 0.047440 -0.209984 -0.001167 0.080418
  4   2.033756 0.190472 -0.000128 -0.129403 -0.025539 -0.133124
  5   2.451511 0.204909 -0.003447 -0.055168 -0.077059 -0.046373
  6   7.247600 -0.397300 -0.109469 0.000001 0.000021 0.156829
  7   -2.022252 -0.104661 3.136172 2.180871 -1.440099 -5.367335
  8   1.168026 -0.537438 -0.063437 -0.491581 0.308996 1.097126
  9   6.790376 -0.619176 0.015206 0.036514 0.037757 -0.972249
 10   8.637599 0.544015 -0.090417 -1.201032 -0.262405 -0.548924
 11   6.790465 -0.619039 0.017802 0.029818 0.011686 -0.696107
 12   -2.022474 -0.104699 -2.873818 -2.629566 1.395525 -5.794514
 13   1.167898 -0.537463 0.063297 0.427050 -0.680073 -0.048095
 14   7.002743 -0.617765 -0.183752 0.002620 -0.097363 -1.274049
 15   8.209042 0.615527 -0.255885 1.929892 0.196727 -0.266355
 16   7.002735 -0.617911 -0.183641 0.002857 -0.062554 -0.910174
 17   1.574674 0.609930 -0.000899 0.490422 -0.166394 0.489800
 18   -0.602177 0.511412 -0.000006 0.000000 0.000000 0.000000
 19   3.673773 0.177020 1.119313 -0.000002 -0.000014 -0.174510
 20   3.673767 0.176993 -1.117566 0.000007 -0.000003 -0.174546
 21   3.942357 1.334540 1.627658 0.000002 -0.000011 -0.000026
 22   -0.246060 -0.011889 0.516521 -0.000011 0.000031 0.000025
 23   3.942374 1.334565 -1.631083 0.000019 0.000002 -0.000024
 24   -0.246150 -0.011872 -0.516511 -0.000005 -0.000006 0.000048
 25   4.941364 1.997338 1.629330 0.000018 -0.000001 -0.000024
 26   4.941382 1.997366 -1.629410 -0.000001 0.000005 -0.000024
 27   2.914462 1.619264 1.514501 -0.000019 -0.000022 -0.000050
 28   2.916892 1.618870 -1.501142 -0.000002 -0.000009 -0.000024
 29   8.824059 0.150544 0.091743 -0.052042 -0.171453 -0.439341
 30   2.032958 -0.768217 1.780414 -0.053462 0.015360 -0.278973
 31   1.957222 -0.905050 -1.853599 -0.053289 0.016681 -0.284543
 32   -0.814395 -0.093824 3.127092 0.299925 -3.054413 -0.177370
 33   14.298673 -0.408176 0.471578 -0.039853 -0.141283 -0.141438
 34   15.835795 0.581398 0.242756 0.040295 0.007053 -0.175048
 35   -0.815868 -0.091229 -3.114430 0.008638 3.088878 0.043104
 36   14.294526 -0.410349 -0.467541 -0.077268 0.082226 -1.925861
 37   15.834409 0.579420 -0.284600 0.220623 0.255150 -0.270862
 38   1.307659 -3.223273 -2.886315 0.067610 -0.152379 0.122190
 39   -4.457742 -1.054854 -0.746180 -0.005189 -0.015149 0.029870
 40   0.696213 -3.719308 3.038065 0.075524 -0.247169 0.141923
 41   -4.433840 -1.059130 0.959566 0.064800 -0.073765 -0.011219
 42   -0.657468 1.638706 -2.676895 0.015975 -0.009397 0.038895
 43   -0.679693 1.600919 2.881096 0.015967 -0.009397 0.038895
time 48
  0   -0.455812 0.433607 -1.491862 0.000000 0.000000 -1.571069
  1   -1.093036 0.000002 -0.326057 -1.585429 -1.685398 0.014684
  2   2.262337 0.113614 0.064702 -0.135248 -0.007502 -0.104046
  3   2.380047 0.353302 0.047440 -0.209954 -0.001179 0.080418
  4   2.033756 0.190472 -0.000128 -0.129403 -0.025527 -0.133124
  5   2.451511 0.204909 -0.003447 -0.055082 -0.077059 -0.046398
  6   7.247600 -0.397300 -0.109469 0.000001 0.000021 0.156829
  7   -2.022252 -0.104661 3.136172 2.175023 -1.440589 -5.361888
  8   1.168026 -0.537438 -0.063437 -0.497909 0.312669 1.096177
  9   6.790376 -0.619176 0.015206 0.036514 0.037690 -0.971796
 10   8.637599 0.544015 -0.090417 -1.201032 -0.262405 -0.548924
 11   6.790465 -0.619039 0.017802 0.029818 0.011686 -0.695703
 12   -2.022474 -0.104699 -2.873818 -2.628224 1.396599 -5.793556
 13   1.167898 -0.537463 0.063297 0.426980 -0.678548 -0.048640
 14   7.002743 -0.617765 -0.183752 0.002620 -0.097363 -1.273802
 15   8.209042 0.615527 -0.255885 1.929892 0.196727 -0.266355
 16   7.002735 -0.617911 -0.183641 0.002857 -0.062497 -0.909899
 17   1.574674 0.609930 -0.000899 0.490463 -0.166465 0.489984
 18   -0.602177 0.511412 -0.000006 0.000000 0.000000 0.000000
 19   3.673773 0.177020 1.119313 -0.000002 -0.000014 -0.174510
 20   3.673767 0.176993 -1.117566 0.000007 -0.000003 -0.174546
 21   3.942357 1.334540 1.627658 0.000002 -0.000011 -0.000026
 22   -0.246060 -0.011889 0.516521 -0.000011 0.000031 0.000025
 23   3.942374 1.334565 -1.631083 0.000019 0.000002 -0.000024
 24   -0.246150 -0.011872 -0.516511 -0.000005 -0.000006 0.000048
 25   4.941364 1.997338 1.629330 0.000018 -0.000001 -0.000024
 26   4.941382 1.997366 -1.629410 -0.000001 0.000005 -0.000024
 27   2.914462 1.619264 1.514501 -0.000019 -0.000022 -0.000050
 28   2.916892 1.618870 -1.501142 -0.000002 -0.000009 -0.000024
 29   8.824059 0.150544 0.091743 -0.052755 -0.180141 -0.444598
 30   2.032958 -0.764310 1.780414 -0.054344 0.015360 -0.277043
 31   1.957222 -0.905050 -1.853599 -0.054178 0.016681 -0.282778
 32   -0.814395 -0.093824 3.127092 0.299646 -3.054413 -0.177711
 33   14.298673 -0.408176 0.471578 -0.039829 -0.141322 -0.141993
 34   15.835795 0.581398 0.242756 0.040824 0.007126 -0.174916
 35   -0.815868 -0.091229 -3.114430 0.008726 3.088784 0.043323
 36   14.294526 -0.410349 -0.467541 -0.077316 0.082262 -1.926170
 37   15.834409 0.579420 -0.284600 0.220623 0.255099 -0.270557
 38   1.315472 -3.219367 -2.890221 0.071883 -0.158031 0.136730
 39   -4.457742 -1.054854 -0.746180 -0.004842 -0.015029 0.028243
 40   0.692307 -3.734934 3.030252 0.078534 -0.249651 0.163794
 41   -4.433840 -1.059130 0.959566 0.066250 -0.077672 -0.011359
 42   -0.645749 1.654332 -2.676895 0.016215 -0.009657 0.030656
 43   -0.667974 1.616544 2.881096 0.016217 -0.009664 0.030656
time 49
  0   -0.455812 0.433607 -1.491862 0.000000 0.000000 -1.571069
  1   -1.093036 0.000002 -0.326057 -1.586320 -1.685120 0.015603
  2   2.262337 0.113614 0.064702 -0.135197 -0.007514 -0.104083
  3   2.380047 0.353302 0.047440 -0.209939 -0.001179 0.080377
  4   2.033756 0.190472 -0.000128 -0.129403 -0.025503 -0.133160
  5   2.451511 0.204909 -0.003447 -0.055082 -0.077046 -0.046423
  6   7.247600 -0.397300 -0.109469 0.000001 0.000021 0.156829
  7   -2.022252 -0.104661 3.136172 2.169464 -1.441079 -5.356629
  8   1.168026 -0.537438 -0.063437 -0.504427 0.316342 1.095418
  9   6.790376 -0.619176 0.015206 0.036514 0.037690 -0.971268
 10   8.637599 0.544015 -0.090417 -1.201032 -0.262405 -0.548924
 11   6.790465 -0.619039 0.017802 0.029818 0.011657 -0.695415
 12   -2.022474 -0.104699 -2.873818 -2.626979 1.397673 -5.792790
 13   1.167898 -0.537463 0.063297 0.426769 -0.676870 -0.049064
 14   7.002743 -0.617765 -0.183752 0.002620 -0.097306 -1.273472
 15   8.209042 0.615527 -0.255885 1.929892 0.196727 -0.266355
 16   7.002735 -0.617911 -0.183641 0.002904 -0.062497 -0.909733
 17   1.574674 0.609930 -0.000899 0.490463 -0.166536 0.490169
 18   -0.602177 0.511412 -0.000006 0.000000 0.000000 0.000000
 19   3.673773 0.177020 1.119313 -0.000002 -0.000014 -0.174510
 20   3.673767 0.176993 -1.117566 0.000007 -0.000003 -0.174546
 21   3.942357 1.334540 1.627658 0.000002 -0.000011 -0.000026
 22   -0.246060 -0.011889 0.516521 -0.000011 0.000031 0.000025
 23   3.942374 1.334565 -1.631083 0.000019 0.000002 -0.000024
 24   -0.246150 -0.011872 -0.516511 -0.000005 -0.000006 0.000048
 25   4.941364 1.997338 1.629330 0.000018 -0.000001 -0.000024
 26   4.941382 1.997366 -1.629410 -0.000001 0.000005 -0.000024
 27   2.914462 1.619264 1.514501 -0.000019 -0.000022 -0.000050
 28   2.916892 1.618870 -1.501142 -0.000002 -0.000009 -0.000024
 29   8.824059 0.150544 0.091743 -0.053468 -0.188735 -0.449427
 30   2.032958 -0.760404 1.780414 -0.055171 0.015331 -0.275092
 31   1.957222 -0.905050 -1.853599 -0.055021 0.016655 -0.280976
 32   -0.814395 -0.093824 3.127092 0.299459 -3.054508 -0.178110
 33   14.298673 -0.408176 0.471578 -0.039805 -0.141374 -0.142390
 34   15.835795 0.581398 0.242756 0.041376 0.007224 -0.174695
 35   -0.815868 -0.091229 -3.114430 0.008726 3.088784 0.043487
 36   14.294526 -0.410349 -0.467541 -0.077364 0.082310 -1.926402
 37   15.834409 0.579420 -0.284600 0.220583 0.255099 -0.270253
 38   1.327191 -3.219367 -2.894128 0.076092 -0.163647 0.151332
 39   -4.457742 -1.054854 -0.746180 -0.004494 -0.014909 0.026644
 40   0.688400 -3.750559 3.022439 0.081460 -0.251917 0.185483
 41   -4.433840 -1.059130 0.959566 0.067640 -0.081555 -0.011499
 42   -0.630123 1.673864 -2.676895 0.016443 -0.009918 0.022250
 43   -0.656255 1.636076 2.881096 0.016442 -0.009915 0.022250
time 50
  0   -0.455812 0.433607 -1.491862 0.000000 0.000000 -1.571069
  1   -1.093036 0.000002 -0.326057 -1.587106 -1.684889 0.016329
  2   2.262337 0.113614 0.064702 -0.135146 -0.007514 -0.104083
  3   2.380047 0.353302 0.047440 -0.209909 -0.001179 0.080316
  4   2.033756 0.190472 -0.000128 -0.129403 -0.025479 -0.133269
  5   2.451511 0.204909 -0.003447 -0.055082 -0.077046 -0.046423
  6   7.247600 -0.397300 -0.109469 0.000001 0.000021 0.156829
  7   -2.022252 -0.104661 3.136172 2.163616 -1.441483 -5.351088
  8   1.168026 -0.537438 -0.063437 -0.511008 0.320015 1.094469
  9   6.790376 -0.619176 0.015206 0.036514 0.037624 -0.970815
 10   8.637599 0.544015 -0.090417 -1.201032 -0.262405 -0.548924
 11   6.790465 -0.619039 0.017802 0.029789 0.011601 -0.694953
 12   -2.022474 -0.104699 -2.873818 -2.625542 1.398776 -5.791738
 13   1.167898 -0.537463 0.063297 0.426769 -0.675395 -0.049548
 14   7.002743 -0.617765 -0.183752 0.002507 -0.097306 -1.273142
 15   8.209042 0.615527 -0.255885 1.929892 0.196727 -0.266355
 16   7.002735 -0.617911 -0.183641 0.002904 -0.062497 -0.909512
 17   1.574674 0.609930 -0.000899 0.490463 -0.166678 0.490354
 18   -0.602177 0.511412 -0.000006 0.000000 0.000000 0.000000
 19   3.673773 0.177020 1.119313 -0.000002 -0.000014 -0.174510
 20   3.673767 0.176993 -1.117566 0.000007 -0.000003 -0.174546
 21   3.942357 1.334540 1.627658 0.000002 -0.000011 -0.000026
 22   -0.246060 -0.011889 0.516521 -0.000011 0.000031 0.000025
 23   3.942374 1.334565 -1.631083 0.000019 0.000002 -0.000024
 24   -0.246150 -0.011872 -0.516511 -0.000005 -0.000006 0.000048
 25   4.941364 1.997338 1.629330 0.000018 -0.000001 -0.000024
 26   4.941382 1.997366 -1.629410 -0.000001 0.000005 -0.000024
 27   2.914462 1.619264 1.514501 -0.000019 -0.000022 -0.000050
 28   2.916892 1.618870 -1.501142 -0.000002 -0.000009 -0.000024
 29   8.824059 0.150544 0.091743 -0.054003 -0.197209 -0.453772
 30   2.036864 -0.752591 1.780414 -0.055957 0.015302 -0.273162
 31   1.957222 -0.905050 -1.853599 -0.055818 0.016655 -0.279157
 32   -0.814395 -0.093824 3.127092 0.299179 -3.054508 -0.178622
 33   14.298673 -0.408176 0.471578 -0.039769 -0.141413 -0.142946
 34   15.835795 0.581398 0.242756 0.041905 0.007297 -0.174519
 35   -0.815868 -0.091229 -3.114430 0.008726 3.088784 0.043871
 36   14.294526 -0.410349 -0.467541 -0.077412 0.082346 -1.926556
 37   15.834409 0.579420 -0.284600 0.220583 0.255073 -0.270000
 38   1.335003 -3.215460 -2.894128 0.080239 -0.169178 0.165873
 39   -4.457742 -1.054854 -0.746180 -0.004147 -0.014753 0.025074
 40   0.680588 -3.770091 3.014627 0.084302 -0.253977 0.206866
 41   -4.433840 -1.059130 0.959566 0.068958 -0.085378 -0.011639
 42   -0.614498 1.693396 -2.676895 0.016671 -0.010163 0.013634
 43   -0.644536 1.655608 2.881096 0.016680 -0.010150 0.013634
time 51
  0   -0.455812 0.433607 -1.491862 0.000000 0.000000 -1.571069
  1   -1.093036 0.000002 -0.326057 -1.588049 -1.684565 0.017297
  2   2.262337 0.113614 0.064702 -0.135134 -0.007526 -0.104101
  3   2.380047 0.353302 0.047440 -0.209879 -0.001191 0.080275
  4   2.033756 0.190472 -0.000128 -0.129366 -0.025467 -0.133269
  5   2.451511 0.204909 -0.003447 -0.055082 -0.077046 -0.046423
  6   7.247600 -0.397300 -0.109469 0.000001 0.000021 0.156829
  7   -2.022252 -0.104661 3.136172 2.157577 -1.441973 -5.345547
  8   1.168026 -0.537438 -0.063437 -0.517463 0.323738 1.093520
  9   6.790376 -0.619176 0.015206 0.036514 0.037624 -0.970437
 10   8.637599 0.544015 -0.090417 -1.201032 -0.262405 -0.548924
 11   6.790465 -0.619039 0.017802 0.029789 0.011572 -0.694665
 12   -2.022474 -0.104699 -2.873818 -2.624200 1.399908 -5.790780
 13   1.167898 -0.537463 0.063297 0.426769 -0.673971 -0.049972
 14   7.002743 -0.617765 -0.183752 0.002507 -0.097306 -1.272812
 15   8.209042 0.615527 -0.255885 1.929892 0.196727 -0.266355
 16   7.002735 -0.617911 -0.183641 0.002904 -0.062497 -0.909291
 17   1.574674 0.609930 -0.000899 0.490463 -0.166749 0.490502
 18   -0.602177 0.511412 -0.000006 0.000000 0.000000 0.000000
 19   3.673773 0.177020 1.119313 -0.000002 -0.000014 -0.174510
 20   3.673767 0.176993 -1.117566 0.000007 -0.000003 -0.174546
 21   3.942357 1.334540 1.627658 0.000002 -0.000011 -0.000026
 22   -0.246060 -0.011889 0.516521 -0.000011 0.000031 0.000025
 23   3.942374 1.334565 -1.631083 0.000019 0.000002 -0.000024
 24   -0.246150 -0.011872 -0.516511 -0.000005 -0.000006 0.000048
 25   4.941364 1.997338 1.629330 0.000018 -0.000001 -0.000024
 26   4.941382 1.997366 -1.629410 -0.000001 0.000005 -0.000024
 27   2.914462 1.619264 1.514501 -0.000019 -0.000022 -0.000050
 28   2.916892 1.618870 -1.501142 -0.000002 -0.000009 -0.000024
 29   8.824059 0.150544 0.091743 -0.054537 -0.205565 -0.457742
 30   2.036864 -0.748685 1.780414 -0.056703 0.015302 -0.271253
 31   1.957222 -0.905050 -1.853599 -0.056553 0.016655 -0.277319
 32   -0.814395 -0.093824 3.127092 0.298993 -3.054508 -0.179191
 33   14.298673 -0.408176 0.471578 -0.039745 -0.141477 -0.143422
 34   15.835795 0.581398 0.242756 0.042457 0.007370 -0.174387
 35   -0.815868 -0.091229 -3.114430 0.008726 3.088784 0.044090
 36   14.294526 -0.410349 -0.467541 -0.077472 0.082382 -1.926865
 37   15.834409 0.579420 -0.284600 0.220583 0.255073 -0.269695
 38   1.342816 -3.215460 -2.898034 0.084323 -0.174613 0.180291
 39   -4.457742 -1.054854 -0.746180 -0.003811 -0.014573 0.023531
 40   0.676681 -3.785717 3.006814 0.087038 -0.255845 0.227883
 41   -4.433840 -1.059130 0.959566 0.070217 -0.089141 -0.011752
 42   -0.598872 1.709021 -2.676895 0.016898 -0.010393 0.004851
 43   -0.628911 1.671233 2.881096 0.016892 -0.010401 0.004851
time 52
  0   -0.455812 0.433607 -1.491862 0.000000 0.000000 -1.571069
  1   -1.093036 0.000002 -0.326057 -1.588888 -1.684333 0.017974
  2   2.262337 0.113614 0.064702 -0.135095 -0.007538 -0.104137
  3   2.380047 0.353302 0.047440 -0.209849 -0.001191 0.080214
  4   2.033756 0.190472 -0.000128 -0.129366 -0.025443 -0.133269
  5   2.451511 0.204909 -0.003447 -0.055082 -0.077046 -0.046423
  6   7.247600 -0.397300 -0.109469 0.000001 0.000021 0.156829
  7   -2.022252 -0.104661 3.136172 2.151634 -1.442463 -5.339911
  8   1.168026 -0.537438 -0.063437 -0.523854 0.327260 1.092571
  9   6.790376 -0.619176 0.015206 0.036514 0.037490 -0.969834
 10   8.637599 0.544015 -0.090417 -1.201032 -0.262405 -0.548924
 11   6.790465 -0.619039 0.017802 0.029789 0.011544 -0.694319
 12   -2.022474 -0.104699 -2.873818 -2.622955 1.401011 -5.789823
 13   1.167898 -0.537463 0.063297 0.426769 -0.672496 -0.050456
 14   7.002743 -0.617765 -0.183752 0.002507 -0.097192 -1.272482
 15   8.209042 0.615527 -0.255885 1.929892 0.196727 -0.266355
 16   7.002735 -0.617911 -0.183641 0.002904 -0.062441 -0.909015
 17   1.574674 0.609930 -0.000899 0.490463 -0.166891 0.490576
 18   -0.602177 0.511412 -0.000006 0.000000 0.000000 0.000000
 19   3.673773 0.177020 1.119313 -0.000002 -0.000014 -0.174510
 20   3.673767 0.176993 -1.117566 0.000007 -0.000003 -0.174546
 21   3.942357 1.334540 1.627658 0.000002 -0.000011 -0.000026
 22   -0.246060 -0.011889 0.516521 -0.000011 0.000031 0.000025
 23   3.942374 1.334565 -1.631083 0.000019 0.000002 -0.000024
 24   -0.246150 -0.011872 -0.516511 -0.000005 -0.000006 0.000048
 25   4.941364 1.997338 1.629330 0.000018 -0.000001 -0.000024
 26   4.941382 1.997366 -1.629410 -0.000001 0.000005 -0.000024
 27   2.914462 1.619264 1.514501 -0.000019 -0.000022 -0.000050
 28   2.916892 1.618870 -1.501142 -0.000002 -0.000009 -0.000024
 29   8.824059 0.150544 0.091743 -0.055072 -0.213731 -0.461283
 30   2.040770 -0.744778 1.780414 -0.057395 0.015302 -0.269345
 31   1.961129 -0.905050 -1.853599 -0.057258 0.016655 -0.275463
 32   -0.814395 -0.093824 3.127092 0.298713 -3.054604 -0.179476
 33   14.298673 -0.408176 0.471578 -0.039709 -0.141529 -0.143819
 34   15.835795 0.581398 0.242756 0.043032 0.007468 -0.174166
 35   -0.815868 -0.091229 -3.114430 0.008726 3.088691 0.044254
 36   14.294526 -0.410349 -0.467541 -0.077520 0.082418 -1.927097
 37   15.834409 0.579420 -0.284600 0.220583 0.255022 -0.269391
 38   1.350629 -3.215460 -2.898034 0.088343 -0.179951 0.194709
 39   -4.457742 -1.054854 -0.746180 -0.003488 -0.014358 0.021989
 40   0.672775 -3.801342 2.995095 0.089648 -0.257520 0.248471
 41   -4.433840 -1.059130 0.959566 0.071403 -0.092821 -0.011836
 42   -0.583247 1.728553 -2.676895 0.017114 -0.010623 -0.004099
 43   -0.613285 1.690765 2.881096 0.017117 -0.010621 -0.004099
time 53
  0   -0.455812 0.433607 -1.491862 0.000000 0.000000 -1.571069
  1   -1.093036 0.000002 -0.326057 -1.589622 -1.684102 0.018845
  2   2.262337 0.113614 0.064702 -0.135057 -0.007538 -0.104173
  3   2.380047 0.353302 0.047440 -0.209819 -0.001191 0.080173
  4   2.033756 0.190472 -0.000128 -0.129366 -0.025431 -0.133269
  5   2.451511 0.204909 -0.003447 -0.055082 -0.077046 -0.046497
  6   7.247600 -0.397300 -0.109469 0.000001 0.000021 0.156829
  7   -2.022252 -0.104661 3.136172 2.145883 -1.442953 -5.334371
  8   1.168026 -0.537438 -0.063437 -0.530182 0.330782 1.091748
  9   6.790376 -0.619176 0.015206 0.036514 0.037490 -0.969456
 10   8.637599 0.544015 -0.090417 -1.201032 -0.262405 -0.548924
 11   6.790465 -0.619039 0.017802 0.029789 0.011515 -0.694031
 12   -2.022474 -0.104699 -2.873818 -2.621518 1.402085 -5.788769
 13   1.167898 -0.537463 0.063297 0.426558 -0.671072 -0.050880
 14   7.002743 -0.617765 -0.183752 0.002507 -0.097192 -1.272152
 15   8.209042 0.615527 -0.255885 1.929892 0.196727 -0.266355
 16   7.002735 -0.617911 -0.183641 0.002904 -0.062384 -0.908795
 17   1.574674 0.609930 -0.000899 0.490544 -0.166962 0.490724
 18   -0.602177 0.511412 -0.000006 0.000000 0.000000 0.000000
 19   3.673773 0.177020 1.119313 -0.000002 -0.000014 -0.174510
 20   3.673767 0.176993 -1.117566 0.000007 -0.000003 -0.174546
 21   3.942357 1.334540 1.627658 0.000002 -0.000011 -0.000026
 22   -0.246060 -0.011889 0.516521 -0.000011 0.000031 0.000025
 23   3.942374 1.334565 -1.631083 0.000019 0.000002 -0.000024
 24   -0.246150 -0.011872 -0.516511 -0.000005 -0.000006 0.000048
 25   4.941364 1.997338 1.629330 0.000018 -0.000001 -0.000024
 26   4.941382 1.997366 -1.629410 -0.000001 0.000005 -0.000024
 27   2.914462 1.619264 1.514501 -0.000019 -0.000022 -0.000050
 28   2.916892 1.618870 -1.501142 -0.000002 -0.000009 -0.000024
 29   8.824059 0.150544 0.091743 -0.055518 -0.221707 -0.464448
 30   2.040770 -0.740872 1.780414 -0.058046 0.015273 -0.267437
 31   1.961129 -0.905050 -1.853599 -0.057917 0.016655 -0.273607
 32   -0.814395 -0.093824 3.127092 0.298527 -3.054604 -0.179931
 33   14.298673 -0.408176 0.471578 -0.039685 -0.141555 -0.144375
 34   15.835795 0.581398 0.242756 0.043561 0.007590 -0.174034
 35   -0.815868 -0.091229 -3.114430 0.008726 3.088691 0.044638
 36   14.294526 -0.410349 -0.467541 -0.077544 0.082454 -1.927406
 37   15.834409 0.579420 -0.284600 0.220583 0.255022 -0.269138
 38   1.358442 -3.211554 -2.901940 0.092258 -0.185145 0.208883
 39   -4.457742 -1.054854 -0.746180 -0.003164 -0.014106 0.020474
 40   0.672775 -3.816968 2.987282 0.092174 -0.259027 0.268571
 41   -4.433840 -1.059130 0.959566 0.072530 -0.096416 -0.011920
 42   -0.567622 1.748085 -2.676895 0.017330 -0.010853 -0.013216
 43   -0.597660 1.706391 2.881096 0.017329 -0.010856 -0.013216
time 54
  0   -0.455812 0.433607 -1.491862 0.000000 0.000000 -1.571069
  1   -1.093036 0.000002 -0.326057 -1.590460 -1.683870 0.019571
  2   2.262337 0.113614 0.064702 -0.135006 -0.007550 -0.104227
  3   2.380047 0.353302 0.047440 -0.209789 -0.001203 0.080132
  4   2.033756 0.190472 -0.000128 -0.129329 -0.025407 -0.133305
  5   2.451511 0.204909 -0.003447 -0.055082 -0.077033 -0.046522
  6   7.247600 -0.397300 -0.109469 0.000001 0.000021 0.156829
  7   -2.022252 -0.104661 3.136172 2.140035 -1.443443 -5.328924
  8   1.168026 -0.537438 -0.063437 -0.536384 0.334304 1.090800
  9   6.790376 -0.619176 0.015206 0.036403 0.037423 -0.969004
 10   8.637599 0.544015 -0.090417 -1.201032 -0.262405 -0.548924
 11   6.790465 -0.619039 0.017802 0.029789 0.011515 -0.693684
 12   -2.022474 -0.104699 -2.873818 -2.620081 1.403159 -5.787908
 13   1.167898 -0.537463 0.063297 0.426558 -0.669699 -0.051364
 14   7.002743 -0.617765 -0.183752 0.002507 -0.097192 -1.271822
 15   8.209042 0.615527 -0.255885 1.929892 0.196727 -0.266355
 16   7.002735 -0.617911 -0.183641 0.002904 -0.062384 -0.908629
 17   1.574674 0.609930 -0.000899 0.490544 -0.167033 0.490871
 18   -0.602177 0.511412 -0.000006 0.000000 0.000000 0.000000
 19   3.673773 0.177020 1.119313 -0.000002 -0.000014 -0.174510
 20   3.673767 0.176993 -1.117566 0.000007 -0.000003 -0.174546
 21   3.942357 1.334540 1.627658 0.000002 -0.000011 -0.000026
 22   -0.246060 -0.011889 0.516521 -0.000011 0.000031 0.000025
 23   3.942374 1.334565 -1.631083 0.000019 0.000002 -0.000024
 24   -0.246150 -0.011872 -0.516511 -0.000005 -0.000006 0.000048
 25   4.941364 1.997338 1.629330 0.000018 -0.000001 -0.000024
 26   4.941382 1.997366 -1.629410 -0.000001 0.000005 -0.000024
 27   2.914462 1.619264 1.514501 -0.000019 -0.000022 -0.000050
 28   2.916892 1.618870 -1.501142 -0.000002 -0.000009 -0.000024
 29   8.824059 0.150544 0.091743 -0.055874 -0.229469 -0.467292
 30   2.040770 -0.736966 1.780414 -0.058642 0.015273 -0.265571
 31   1.961129 -0.905050 -1.853599 -0.058530 0.016629 -0.271733
 32   -0.814395 -0.093824 3.127092 0.298154 -3.054604 -0.180443
 33   14.298673 -0.408176 0.471578 -0.039661 -0.141607 -0.144772
 34   15.835795 0.581398 0.242756 0.044113 0.007663 -0.173813
 35   -0.815868 -0.091229 -3.114430 0.008726 3.088597 0.045021
 36   14.294526 -0.410349 -0.467541 -0.077592 0.082490 -1.927715
 37   15.834409 0.579420 -0.284600 0.220563 0.255022 -0.268833
 38   1.370161 -3.211554 -2.901940 0.096047 -0.190206 0.222935
 39   -4.457742 -1.054854 -0.746180 -0.002852 -0.013818 0.018988
 40   0.668869 -3.832593 2.979470 0.094573 -0.260364 0.288122
 41   -4.433840 -1.059130 0.959566 0.073584 -0.099916 -0.012004
 42   -0.548090 1.767617 -2.676895 0.017533 -0.011068 -0.022500
 43   -0.585941 1.725923 2.881096 0.017529 -0.011076 -0.022500
time 55
  0   -0.455812 0.433607 -1.491862 0.000000 0.000000 -1.571069
  1   -1.093036 0.000002 -0.326057 -1.591246 -1.683639 0.020442
  2   2.262337 0.113614 0.064702 -0.134955 -0.007562 -0.104263
  3   2.380047 0.353302 0.047440 -0.209759 -0.001203 0.080112
  4   2.033756 0.190472 -0.000128 -0.129329 -0.025395 -0.133414
  5   2.451511 0.204909 -0.003447 -0.055082 -0.077033 -0.046522
  6   7.247600 -0.397300 -0.109469 0.000001 0.000021 0.156829
  7   -2.022252 -0.104661 3.136172 2.134092 -1.443818 -5.323382
  8   1.168026 -0.537438 -0.063437 -0.542522 0.337675 1.089851
  9   6.790376 -0.619176 0.015206 0.036403 0.037423 -0.968551
 10   8.637599 0.544015 -0.090417 -1.201032 -0.262405 -0.548924
 11   6.790465 -0.619039 0.017802 0.029759 0.011458 -0.693396
 12   -2.022474 -0.104699 -2.873818 -2.618835 1.404204 -5.786855
 13   1.167898 -0.537463 0.063297 0.426558 -0.668275 -0.051788
 14   7.002743 -0.617765 -0.183752 0.002507 -0.097079 -1.271492
 15   8.209042 0.615527 -0.255885 1.929892 0.196727 -0.266355
 16   7.002735 -0.617911 -0.183641 0.002904 -0.062384 -0.908408
 17   1.574674 0.609930 -0.000899 0.490544 -0.167175 0.491056
 18   -0.602177 0.511412 -0.000006 0.000000 0.000000 0.000000
 19   3.677679 0.177020 1.119313 -0.000002 -0.000014 -0.174510
 20   3.673767 0.176993 -1.117566 0.000007 -0.000003 -0.174546
 21   3.942357 1.334540 1.627658 0.000002 -0.000011 -0.000026
 22   -0.246060 -0.011889 0.516521 -0.000011 0.000031 0.000025
 23   3.942374 1.334565 -1.631083 0.000019 0.000002 -0.000024
 24   -0.246150 -0.011872 -0.516511 -0.000005 -0.000006 0.000048
 25   4.941364 1.997338 1.629330 0.000018 -0.000001 -0.000024
 26   4.941382 1.997366 -1.629410 -0.000001 0.000005 -0.000024
 27   2.914462 1.619264 1.514501 -0.000019 -0.000022 -0.000050
 28   2.916892 1.618870 -1.501142 -0.000002 -0.000009 -0.000024
 29   8.824059 0.150544 0.091743 -0.056231 -0.236946 -0.469759
 30   2.044677 -0.733059 1.780414 -0.059212 0.015243 -0.263748
 31   1.961129 -0.905050 -1.853599 -0.059112 0.016629 -0.269859
 32   -0.814395 -0.093824 3.127092 0.298061 -3.054699 -0.180785
 33   14.298673 -0.408176 0.471578 -0.039625 -0.141645 -0.145328
 34   15.835795 0.581398 0.242756 0.044665 0.007785 -0.173681
 35   -0.815868 -0.091229 -3.114430 0.008814 3.088597 0.045240
 36   14.294526 -0.410349 -0.467541 -0.077640 0.082526 -1.927947
 37   15.834409 0.579420 -0.284600 0.220563 0.254971 -0.268631
 38   1.377974 -3.211554 -2.905847 0.099731 -0.195099 0.236803
 39   -4.457742 -1.054854 -0.746180 -0.002541 -0.013483 0.017529
 40   0.664962 -3.848219 2.975563 0.096868 -0.261533 0.307061
 41   -4.433840 -1.059130 0.959566 0.074579 -0.103295 -0.012088
 42   -0.532464 1.787148 -2.676895 0.017737 -0.011283 -0.031910
 43   -0.570315 1.749361 2.881096 0.017729 -0.011280 -0.031910
time 56
  0   -0.463625 0.433607 -1.491862 0.000000 0.000000 -1.571069
  1   -1.093036 0.000002 -0.326057 -1.591980 -1.683407 0.021216
  2   2.262337 0.113614 0.064702 -0.134955 -0.007562 -0.104281
  3   2.380047 0.353302 0.047440 -0.209744 -0.001203 0.080071
  4   2.033756 0.190472 -0.000128 -0.129329 -0.025371 -0.133414
  5   2.451511 0.204909 -0.003447 -0.055065 -0.077033 -0.046522
  6   7.247600 -0.397300 -0.109469 0.000001 0.000021 0.156829
  7   -2.022252 -0.104661 3.136172 2.128149 -1.444308 -5.317842
  8   1.168026 -0.537438 -0.063437 -0.548660 0.341046 1.088839
  9   6.790376 -0.619176 0.015206 0.036403 0.037357 -0.968173
 10   8.637599 0.544015 -0.090417 -1.201032 -0.262405 -0.548924
 11   6.790465 -0.619039 0.017802 0.029759 0.011430 -0.693050
 12   -2.022474 -0.104699 -2.873818 -2.617398 1.405190 -5.785993
 13   1.167898 -0.537463 0.063297 0.426558 -0.666902 -0.052151
 14   7.002743 -0.617765 -0.183752 0.002507 -0.097079 -1.271162
 15   8.209042 0.615527 -0.255885 1.929892 0.196727 -0.266355
 16   7.002735 -0.617911 -0.183641 0.002904 -0.062328 -0.908132
 17   1.574674 0.609930 -0.000899 0.490544 -0.167246 0.491204
 18   -0.602177 0.511412 -0.000006 0.000000 0.000000 0.000000
 19   3.673773 0.177020 1.119313 -0.000002 -0.000014 -0.174510
 20   3.677673 0.176993 -1.117566 0.000007 -0.000003 -0.174546
 21   3.942357 1.334540 1.627658 0.000002 -0.000011 -0.000026
 22   -0.246060 -0.011889 0.516521 -0.000011 0.000031 0.000025
 23   3.942374 1.334565 -1.631083 0.000019 0.000002 -0.000024
 24   -0.246150 -0.011872 -0.516511 -0.000005 -0.000006 0.000048
 25   4.941364 1.997338 1.629330 0.000018 -0.000001 -0.000024
 26   4.941382 1.997366 -1.629410 -0.000001 0.000005 -0.000024
 27   2.914462 1.619264 1.514501 -0.000019 -0.000022 -0.000050
 28   2.916892 1.618870 -1.501142 -0.000002 -0.000009 -0.000024
 29   8.824059 0.150544 0.091743 -0.056587 -0.244186 -0.471959
 30   2.044677 -0.729153 1.780414 -0.059727 0.015243 -0.261926
 31   1.961129 -0.905050 -1.853599 -0.059633 0.016603 -0.267985
 32   -0.814395 -0.093824 3.127092 0.297688 -3.054699 -0.181183
 33   14.298673 -0.408176 0.471578 -0.039601 -0.141710 -0.145725
 34   15.835795 0.581398 0.242756 0.045240 0.007956 -0.173549
 35   -0.815868 -0.091229 -3.114430 0.008814 3.088503 0.045514
 36   14.294526 -0.410349 -0.467541 -0.077687 0.082550 -1.928101
 37   15.834409 0.579420 -0.284600 0.220524 0.254971 -0.268326
 38   1.385786 -3.207648 -2.905847 0.103267 -0.199810 0.250366
 39   -4.457742 -1.054854 -0.746180 -0.002253 -0.013099 0.016099
 40   0.664962 -3.863844 2.967751 0.099036 -0.262569 0.325267
 41   -4.433840 -1.059130 0.959566 0.075502 -0.106555 -0.012144
 42   -0.516839 1.806680 -2.676895 0.017929 -0.011497 -0.041488
 43   -0.554690 1.768893 2.881096 0.017929 -0.011500 -0.041488
time 57
  0   -0.463625 0.433607 -1.491862 0.000000 0.000000 -1.571069
  1   -1.093036 0.000002 -0.326057 -1.592766 -1.683176 0.021894
  2   2.262337 0.113614 0.064702 -0.134904 -0.007574 -0.104318
  3   2.380047 0.353302 0.047440 -0.209714 -0.001203 0.080030
  4   2.033756 0.190472 -0.000128 -0.129329 -0.025359 -0.133414
  5   2.451511 0.204909 -0.003447 -0.055065 -0.077033 -0.046522
  6   7.247600 -0.397300 -0.109469 0.000001 0.000021 0.156829
  7   -2.022252 -0.104661 3.136172 2.122397 -1.444769 -5.312206
  8   1.168026 -0.537438 -0.063437 -0.554482 0.344367 1.087890
  9   6.790376 -0.619176 0.015206 0.036403 0.037357 -0.967721
 10   8.637599 0.544015 -0.090417 -1.201032 -0.262405 -0.548924
 11   6.790465 -0.619039 0.017802 0.029759 0.011430 -0.692762
 12   -2.022474 -0.104699 -2.873818 -2.615961 1.406235 -5.784940
 13   1.167898 -0.537463 0.063297 0.426558 -0.665529 -0.052696
 14   7.002743 -0.617765 -0.183752 0.002507 -0.097079 -1.270832
 15   8.209042 0.615527 -0.255885 1.929892 0.196727 -0.266355
 16   7.002735 -0.617911 -0.183641 0.002904 -0.062328 -0.907912
 17   1.574674 0.609930 -0.000899 0.490544 -0.167317 0.491352
 18   -0.602177 0.511412 -0.000006 0.000000 0.000000 0.000000
 19   3.677679 0.177020 1.119313 -0.000002 -0.000014 -0.174510
 20   3.673767 0.176993 -1.117566 0.000007 -0.000003 -0.174546
 21   3.942357 1.334540 1.627658 0.000002 -0.000011 -0.000026
 22   -0.246060 -0.011889 0.516521 -0.000011 0.000031 0.000025
 23   3.942374 1.334565 -1.631083 0.000019 0.000002 -0.000024
 24   -0.246150 -0.011872 -0.516511 -0.000005 -0.000006 0.000048
 25   4.941364 1.997338 1.629330 0.000018 -0.000001 -0.000024
 26   4.941382 1.997366 -1.629410 -0.000001 0.000005 -0.000024
 27   2.914462 1.619264 1.514501 -0.000019 -0.000022 -0.000050
 28   2.916892 1.618870 -1.501142 -0.000002 -0.000009 -0.000024
 29   8.824059 0.150544 0.091743 -0.056766 -0.251094 -0.473837
 30   2.048583 -0.725246 1.780414 -0.060202 0.015243 -0.260167
 31   1.961129 -0.905050 -1.853599 -0.060123 0.016577 -0.266093
 32   -0.814395 -0.093824 3.127092 0.297502 -3.054699 -0.181639
 33   14.298673 -0.408176 0.471578 -0.039577 -0.141749 -0.146201
 34   15.835795 0.581398 0.242756 0.045769 0.008078 -0.173328
 35   -0.815868 -0.091229 -3.114430 0.008814 3.088503 0.045898
 36   14.294526 -0.410349 -0.467541 -0.077723 0.082586 -1.928410
 37   15.834409 0.579420 -0.284600 0.220504 0.254971 -0.268124
 38   1.389693 -3.207648 -2.909753 0.106656 -0.204317 0.263685
 39   -4.457742 -1.054854 -0.746180 -0.001977 -0.012656 0.014696
 40   0.661056 -3.875563 2.959938 0.101078 -0.263461 0.342679
 41   -4.433840 -1.059130 0.959566 0.076365 -0.109671 -0.012200
 42   -0.497307 1.830119 -2.676895 0.018121 -0.011697 -0.051191
 43   -0.539064 1.788424 2.881096 0.018116 -0.011704 -0.051191
time 58
  0   -0.463625 0.433607 -1.491862 0.000000 0.000000 -1.571069
  1   -1.093036 0.000002 -0.326057 -1.593499 -1.682990 0.022716
  2   2.262337 0.113614 0.064702 -0.134892 -0.007574 -0.104336
  3   2.380047 0.353302 0.047440 -0.209684 -0.001215 0.079969
  4   2.033756 0.190472 -0.000128 -0.129274 -0.025335 -0.133450
  5   2.451511 0.204909 -0.003447 -0.055065 -0.077020 -0.046522
  6   7.247600 -0.397300 -0.109469 0.000001 0.000021 0.156829
  7   -2.022252 -0.104661 3.136172 2.116646 -1.445144 -5.306853
  8   1.168026 -0.537438 -0.063437 -0.560367 0.347587 1.086751
  9   6.790376 -0.619176 0.015206 0.036403 0.037290 -0.967192
 10   8.637599 0.544015 -0.090417 -1.201032 -0.262405 -0.548924
 11   6.790465 -0.619039 0.017802 0.029701 0.011373 -0.692531
 12   -2.022474 -0.104699 -2.873818 -2.614524 1.407251 -5.783886
 13   1.167898 -0.537463 0.063297 0.426558 -0.664105 -0.053059
 14   7.002743 -0.617765 -0.183752 0.002507 -0.097079 -1.270502
 15   8.209042 0.615527 -0.255885 1.929892 0.196727 -0.266355
 16   7.002735 -0.617911 -0.183641 0.002904 -0.062328 -0.907746
 17   1.574674 0.609930 -0.000899 0.490625 -0.167459 0.491463
 18   -0.602177 0.511412 -0.000006 0.000000 0.000000 0.000000
 19   3.673773 0.177020 1.119313 -0.000002 -0.000014 -0.174510
 20   3.673767 0.176993 -1.117566 0.000007 -0.000003 -0.174546
 21   3.942357 1.334540 1.627658 0.000002 -0.000011 -0.000026
 22   -0.246060 -0.011889 0.516521 -0.000011 0.000031 0.000025
 23   3.942374 1.334565 -1.631083 0.000019 0.000002 -0.000024
 24   -0.246150 -0.011872 -0.516511 -0.000005 -0.000006 0.000048
 25   4.941364 1.997338 1.629330 0.000018 -0.000001 -0.000024
 26   4.941382 1.997366 -1.629410 -0.000001 0.000005 -0.000024
 27   2.914462 1.619264 1.514501 -0.000019 -0.000022 -0.000050
 28   2.916892 1.618870 -1.501142 -0.000002 -0.000009 -0.000024
 29   8.824059 0.150544 0.091743 -0.057033 -0.257670 -0.475500
 30   2.048583 -0.721340 1.780414 -0.060636 0.015243 -0.258452
 31   1.965035 -0.905050 -1.853599 -0.060567 0.016551 -0.264218
 32   -0.814395 -0.093824 3.127092 0.297222 -3.054795 -0.182037
 33   14.298673 -0.408176 0.471578 -0.039553 -0.141788 -0.146598
 34   15.835795 0.581398 0.242756 0.046321 0.008273 -0.173240
 35   -0.815868 -0.091229 -3.114430 0.008814 3.088410 0.046171
 36   14.294526 -0.410349 -0.467541 -0.077771 0.082610 -1.928642
 37   15.834409 0.579420 -0.284600 0.220504 0.254945 -0.267819
 38   1.397505 -3.207648 -2.909753 0.109876 -0.208607 0.276698
 39   -4.457742 -1.054854 -0.746180 -0.001714 -0.012152 0.013322
 40   0.661056 -3.891189 2.952125 0.103014 -0.264232 0.359236
 41   -4.433840 -1.059130 0.959566 0.077168 -0.112631 -0.012256
 42   -0.477775 1.849650 -2.676895 0.018300 -0.011896 -0.061019
 43   -0.523439 1.811863 2.881096 0.018304 -0.011892 -0.061019
time 59
  0   -0.463625 0.433607 -1.491862 0.000000 0.000000 -1.571069
  1   -1.093036 0.000002 -0.326057 -1.594233 -1.682805 0.023442
  2   2.262337 0.113614 0.064702 -0.134853 -0.007586 -0.104336
  3   2.380047 0.353302 0.047440 -0.209669 -0.001215 0.079928
  4   2.033756 0.190472 -0.000128 -0.129274 -0.025323 -0.133450
  5   2.451511 0.204909 -0.003447 -0.055065 -0.077020 -0.046596
  6   7.247600 -0.397300 -0.109469 0.000001 0.000021 0.156829
  7   -2.022252 -0.104661 3.136172 2.110703 -1.445605 -5.301500
  8   1.168026 -0.537438 -0.063437 -0.566189 0.350757 1.085929
  9   6.790376 -0.619176 0.015206 0.036403 0.037223 -0.966890
 10   8.637599 0.544015 -0.090417 -1.201032 -0.262405 -0.548924
 11   6.790465 -0.619039 0.017802 0.029701 0.011345 -0.692300
 12   -2.022474 -0.104699 -2.873818 -2.613087 1.408267 -5.782834
 13   1.167898 -0.537463 0.063297 0.426558 -0.662732 -0.053483
 14   7.002743 -0.617765 -0.183752 0.002507 -0.096965 -1.270337
 15   8.209042 0.615527 -0.255885 1.929892 0.196727 -0.266355
 16   7.002735 -0.617911 -0.183641 0.002904 -0.062272 -0.907525
 17   1.574674 0.609930 -0.000899 0.490625 -0.167530 0.491537
 18   -0.602177 0.511412 -0.000006 0.000000 0.000000 0.000000
 19   3.673773 0.177020 1.119313 -0.000002 -0.000014 -0.174510
 20   3.673767 0.176993 -1.117566 0.000007 -0.000003 -0.174546
 21   3.942357 1.334540 1.627658 0.000002 -0.000011 -0.000026
 22   -0.246060 -0.011889 0.516521 -0.000011 0.000031 0.000025
 23   3.942374 1.334565 -1.631083 0.000019 0.000002 -0.000024
 24   -0.246150 -0.011872 -0.516511 -0.000005 -0.000006 0.000048
 25   4.941364 1.997338 1.629330 0.000018 -0.000001 -0.000024
 26   4.941382 1.997366 -1.629410 -0.000001 0.000005 -0.000024
 27   2.914462 1.619264 1.514501 -0.000019 -0.000022 -0.000050
 28   2.916892 1.618870 -1.501142 -0.000002 -0.000009 -0.000024
 29   8.824059 0.150544 0.091743 -0.057211 -0.263865 -0.476841
 30   2.052489 -0.717434 1.780414 -0.061042 0.015243 -0.256758
 31   1.965035 -0.905050 -1.853599 -0.060981 0.016525 -0.262344
 32   -0.814395 -0.093824 3.127092 0.297129 -3.054795 -0.182550
 33   14.298673 -0.408176 0.471578 -0.039517 -0.141813 -0.146995
 34   15.835795 0.581398 0.242756 0.046873 0.008444 -0.173108
 35   -0.815868 -0.091229 -3.114430 0.008814 3.088410 0.046555
 36   14.294526 -0.410349 -0.467541 -0.077807 0.082634 -1.928951
 37   15.834409 0.579420 -0.284600 0.220504 0.254894 -0.267617
 38   1.405318 -3.207648 -2.913660 0.112928 -0.212656 0.289283
 39   -4.457742 -1.054854 -0.746180 -0.001462 -0.011589 0.011976
 40   0.657149 -3.902908 2.948219 0.104803 -0.264883 0.374876
 41   -4.433840 -1.059130 0.959566 0.077899 -0.115436 -0.012284
 42   -0.462150 1.873089 -2.676895 0.018480 -0.012080 -0.070973
 43   -0.507813 1.831395 2.881096 0.018479 -0.012080 -0.070973
time 60
  0   -0.463625 0.433607 -1.491862 0.000000 0.000000 -1.571069
  1   -1.093036 0.000002 -0.326057 -1.594862 -1.682574 0.024023
  2   2.262337 0.113614 0.064702 -0.134841 -0.007597 -0.104354
  3   2.380047 0.353302 0.047440 -0.209639 -0.001215 0.079908
  4   2.033756 0.190472 -0.000128 -0.129274 -0.025299 -0.133559
  5   2.451511 0.204909 -0.003447 -0.055065 -0.077020 -0.046621
  6   7.247600 -0.397300 -0.109469 0.000001 0.000021 0.156829
  7   -2.022252 -0.104661 3.136172 2.105239 -1.446009 -5.296053
  8   1.168026 -0.537438 -0.063437 -0.571631 0.353826 1.084790
  9   6.790376 -0.619176 0.015206 0.036403 0.037156 -0.966438
 10   8.637599 0.544015 -0.090417 -1.201032 -0.262405 -0.548924
 11   6.790465 -0.619039 0.017802 0.029701 0.011345 -0.691954
 12   -2.022474 -0.104699 -2.873818 -2.611841 1.409283 -5.781684
 13   1.167898 -0.537463 0.063297 0.426558 -0.661359 -0.053967
 14   7.002743 -0.617765 -0.183752 0.002507 -0.096965 -1.270007
 15   8.209042 0.615527 -0.255885 1.929892 0.196727 -0.266355
 16   7.002735 -0.617911 -0.183641 0.002904 -0.062272 -0.907304
 17   1.574674 0.609930 -0.000899 0.490625 -0.167601 0.491648
 18   -0.602177 0.511412 -0.000006 0.000000 0.000000 0.000000
 19   3.673773 0.177020 1.119313 -0.000002 -0.000014 -0.174510
 20   3.673767 0.176993 -1.117566 0.000007 -0.000003 -0.174546
 21   3.942357 1.334540 1.627658 0.000002 -0.000011 -0.000026
 22   -0.246060 -0.011889 0.516521 -0.000011 0.000031 0.000025
 23   3.942374 1.334565 -1.631083 0.000019 0.000002 -0.000024
 24   -0.246150 -0.011872 -0.516511 -0.000005 -0.000006 0.000048
 25   4.941364 1.997338 1.629330 0.000018 -0.000001 -0.000024
 26   4.941382 1.997366 -1.629410 -0.000001 0.000005 -0.000024
 27   2.914462 1.619264 1.514501 -0.000019 -0.000022 -0.000050
 28   2.916892 1.618870 -1.501142 -0.000002 -0.000009 -0.000024
 29   8.824059 0.150544 0.091743 -0.057389 -0.269681 -0.478021
 30   2.052489 -0.713527 1.780414 -0.061395 0.015214 -0.255150
 31   1.965035 -0.905050 -1.853599 -0.061349 0.016499 -0.260488
 32   -0.814395 -0.093824 3.127092 0.296942 -3.054890 -0.182891
 33   14.298673 -0.408176 0.471578 -0.039481 -0.141852 -0.147392
 34   15.835795 0.581398 0.242756 0.047402 0.008639 -0.172887
 35   -0.815868 -0.091229 -3.114430 0.008814 3.088316 0.046938
 36   14.294526 -0.410349 -0.467541 -0.077843 0.082658 -1.929260
 37   15.834409 0.579420 -0.284600 0.220504 0.254894 -0.267312
 38   1.409225 -3.207648 -2.913660 0.115770 -0.216452 0.301563
 39   -4.457742 -1.054854 -0.746180 -0.001222 -0.010966 0.010686
 40   0.657149 -3.914627 2.940406 0.106445 -0.265425 0.389539
 41   -4.433840 -1.059130 0.959566 0.078570 -0.118048 -0.012312
 42   -0.442618 1.892620 -2.676895 0.018648 -0.012279 -0.081052
 43   -0.488281 1.854833 2.881096 0.018654 -0.012269 -0.081052
time 61
  0   -0.463625 0.433607 -1.491862 0.000000 0.000000 -1.571069
  1   -1.093036 0.000002 -0.326057 -1.595596 -1.682388 0.024700
  2   2.262337 0.113614 0.064702 -0.134764 -0.007597 -0.104390
  3   2.380047 0.353302 0.047440 -0.209624 -0.001215 0.079867
  4   2.033756 0.190472 -0.000128 -0.129274 -0.025287 -0.133559
  5   2.451511 0.204909 -0.003447 -0.055065 -0.077020 -0.046621
  6   7.247600 -0.397300 -0.109469 0.000001 0.000021 0.156829
  7   -2.022252 -0.104661 3.136172 2.099391 -1.446355 -5.290606
  8   1.168026 -0.537438 -0.063437 -0.577263 0.356744 1.083904
  9   6.790376 -0.619176 0.015206 0.036403 0.037156 -0.966136
 10   8.637599 0.544015 -0.090417 -1.201032 -0.262405 -0.548924
 11   6.790465 -0.619039 0.017802 0.029672 0.011316 -0.691724
 12   -2.022474 -0.104699 -2.873818 -2.610500 1.410269 -5.780919
 13   1.167898 -0.537463 0.063297 0.426558 -0.660138 -0.054391
 14   7.002743 -0.617765 -0.183752 0.002507 -0.096965 -1.269677
 15   8.209042 0.615527 -0.255885 1.929892 0.196727 -0.266355
 16   7.002735 -0.617911 -0.183641 0.002951 -0.062215 -0.907084
 17   1.574674 0.609930 -0.000899 0.490625 -0.167672 0.491759
 18   -0.602177 0.511412 -0.000006 0.000000 0.000000 0.000000
 19   3.673773 0.177020 1.119313 -0.000002 -0.000014 -0.174510
 20   3.673767 0.176993 -1.117566 0.000007 -0.000003 -0.174546
 21   3.942357 1.334540 1.627658 0.000002 -0.000011 -0.000026
 22   -0.246060 -0.011889 0.516521 -0.000011 0.000031 0.000025
 23   3.938468 1.334565 -1.631083 0.000019 0.000002 -0.000024
 24   -0.246150 -0.011872 -0.516511 -0.000005 -0.000006 0.000048
 25   4.941364 1.997338 1.629330 0.000018 -0.000001 -0.000024
 26   4.941382 1.997366 -1.629410 -0.000001 0.000005 -0.000024
 27   2.914462 1.619264 1.514501 -0.000019 -0.000022 -0.000050
 28   2.916892 1.618870 -1.501142 -0.000002 -0.000009 -0.000024
 29   8.824059 0.150544 0.091743 -0.057479 -0.275093 -0.478933
 30   2.056396 -0.709621 1.780414 -0.061720 0.015214 -0.253584
 31   1.965035 -0.905050 -1.853599 -0.061671 0.016473 -0.258632
 32   -0.814395 -0.093824 3.127092 0.296663 -3.054890 -0.183290
 33   14.298673 -0.408176 0.471578 -0.039457 -0.141891 -0.147948
 34   15.835795 0.581398 0.242756 0.047954 0.008884 -0.172799
 35   -0.815868 -0.091229 -3.114430 0.008990 3.088316 0.047322
 36   14.294526 -0.410349 -0.467541 -0.077879 0.082670 -1.929414
 37   15.834409 0.579420 -0.284600 0.220465 0.254894 -0.267160
 38   1.417037 -3.207648 -2.913660 0.118422 -0.219971 0.313355
 39   -4.457742 -1.054854 -0.746180 -0.001007 -0.010259 0.009424
 40   0.657149 -3.922440 2.936500 0.107961 -0.265859 0.403163
 41   -4.433840 -1.059130 0.959566 0.079169 -0.120481 -0.012341
 42   -0.426992 1.916059 -2.676895 0.018828 -0.012448 -0.091215
 43   -0.472656 1.874365 2.881096 0.018816 -0.012457 -0.091215
time 62
  0   -0.463625 0.433607 -1.491862 0.000000 0.000000 -1.571069
  1   -1.093036 0.000002 -0.326057 -1.596120 -1.682203 0.025475
  2   2.262337 0.113614 0.064702 -0.134764 -0.007609 -0.104408
  3   2.380047 0.353302 0.047440 -0.209594 -0.001227 0.079826
  4   2.033756 0.190472 -0.000128 -0.129274 -0.025275 -0.133559
  5   2.451511 0.204909 -0.003447 -0.055065 -0.077007 -0.046621
  6   7.247600 -0.397300 -0.109469 0.000001 0.000021 0.156829
  7   -2.022252 -0.104661 3.136172 2.093928 -1.446787 -5.285347
  8   1.168026 -0.537438 -0.063437 -0.582452 0.359763 1.083019
  9   6.790376 -0.619176 0.015206 0.036403 0.037090 -0.965758
 10   8.637599 0.544015 -0.090417 -1.201032 -0.262405 -0.548924
 11   6.790465 -0.619039 0.017802 0.029672 0.011288 -0.691377
 12   -2.022474 -0.104699 -2.873818 -2.608967 1.411227 -5.779865
 13   1.167898 -0.537463 0.063297 0.426558 -0.658765 -0.054754
 14   7.002743 -0.617765 -0.183752 0.002507 -0.096965 -1.269347
 15   8.209042 0.615527 -0.255885 1.929892 0.196727 -0.266355
 16   7.002735 -0.617911 -0.183641 0.002951 -0.062215 -0.906918
 17   1.574674 0.609930 -0.000899 0.490625 -0.167743 0.491869
 18   -0.602177 0.511412 -0.000006 0.000000 0.000000 0.000000
 19   3.673773 0.177020 1.119313 -0.000002 -0.000014 -0.174510
 20   3.673767 0.176993 -1.117566 0.000007 -0.000003 -0.174546
 21   3.942357 1.334540 1.627658 0.000002 -0.000011 -0.000026
 22   -0.246060 -0.011889 0.516521 -0.000011 0.000031 0.000025
 23   3.942374 1.334565 -1.631083 0.000019 0.000002 -0.000024
 24   -0.246150 -0.011872 -0.516511 -0.000005 -0.000006 0.000048
 25   4.941364 1.997338 1.629330 0.000018 -0.000001 -0.000024
 26   4.941382 1.997366 -1.629410 -0.000001 0.000005 -0.000024
 27   2.914462 1.619264 1.514501 -0.000019 -0.000022 -0.000050
 28   2.916892 1.618870 -1.501142 -0.000002 -0.000009 -0.000024
 29   8.824059 0.150544 0.091743 -0.057568 -0.280031 -0.479684
 30   2.056396 -0.705715 1.780414 -0.061992 0.015214 -0.252062
 31   1.965035 -0.905050 -1.853599 -0.061962 0.016422 -0.256795
 32   -0.814395 -0.093824 3.127092 0.296476 -3.054890 -0.183745
 33   14.298673 -0.408176 0.471578 -0.039433 -0.141943 -0.148345
 34   15.835795 0.581398 0.242756 0.048484 0.009128 -0.172667
 35   -0.815868 -0.091229 -3.114430 0.008990 3.088223 0.047705
 36   14.294526 -0.410349 -0.467541 -0.077915 0.082682 -1.929723
 37   15.834409 0.579420 -0.284600 0.220445 0.254894 -0.266958
 38   1.420944 -3.207648 -2.917566 0.120843 -0.223189 0.324657
 39   -4.457742 -1.054854 -0.746180 -0.000803 -0.009480 0.008190
 40   0.657149 -3.934159 2.932593 0.109329 -0.266221 0.415626
 41   -4.433840 -1.059130 0.959566 0.079709 -0.122710 -0.012369
 42   -0.407460 1.935591 -2.676895 0.018984 -0.012632 -0.101461
 43   -0.457030 1.897803 2.881096 0.018991 -0.012630 -0.101461
time 63
  0   -0.463625 0.433607 -1.491862 0.000000 0.000000 -1.571069
  1   -1.093036 0.000002 -0.326057 -1.596748 -1.682018 0.026104
  2   2.262337 0.113614 0.064702 -0.134713 -0.007609 -0.104426
  3   2.380047 0.353302 0.047440 -0.209579 -0.001227 0.079765
  4   2.033756 0.190472 -0.000128 -0.129274 -0.025263 -0.133559
  5   2.451511 0.204909 -0.003447 -0.055065 -0.077007 -0.046621
  6   7.247600 -0.397300 -0.109469 0.000001 0.000021 0.156829
  7   -2.022252 -0.104661 3.136172 2.088559 -1.447162 -5.280087
  8   1.168026 -0.537438 -0.063437 -0.587641 0.362480 1.081880
  9   6.790376 -0.619176 0.015206 0.036403 0.037090 -0.965306
 10   8.637599 0.544015 -0.090417 -1.201032 -0.262405 -0.548924
 11   6.790465 -0.619039 0.017802 0.029672 0.011288 -0.691147
 12   -2.022474 -0.104699 -2.873818 -2.607530 1.412098 -5.778717
 13   1.167898 -0.537463 0.063297 0.426488 -0.657392 -0.055178
 14   7.002743 -0.617765 -0.183752 0.002507 -0.096851 -1.269017
 15   8.209042 0.615527 -0.255885 1.929892 0.196727 -0.266355
 16   7.002735 -0.617911 -0.183641 0.002951 -0.062215 -0.906697
 17   1.574674 0.609930 -0.000899 0.490706 -0.167814 0.492054
 18   -0.602177 0.511412 -0.000006 0.000000 0.000000 0.000000
 19   3.673773 0.177020 1.119313 -0.000002 -0.000014 -0.174510
 20   3.673767 0.176993 -1.117566 0.000007 -0.000003 -0.174546
 21   3.942357 1.334540 1.627658 0.000002 -0.000011 -0.000026
 22   -0.246060 -0.011889 0.516521 -0.000011 0.000031 0.000025
 23   3.938468 1.334565 -1.631083 0.000019 0.000002 -0.000024
 24   -0.246150 -0.011872 -0.516511 -0.000005 -0.000006 0.000048
 25   4.941364 1.997338 1.629330 0.000018 -0.000001 -0.000024
 26   4.941382 1.997366 -1.629410 -0.000001 0.000005 -0.000024
 27   2.914462 1.619264 1.514501 -0.000019 -0.000022 -0.000050
 28   2.916892 1.618870 -1.501142 -0.000002 -0.000009 -0.000024
 29   8.824059 0.150544 0.091743 -0.057657 -0.284494 -0.480274
 30   2.060302 -0.705715 1.780414 -0.062249 0.015214 -0.250625
 31   1.968942 -0.905050 -1.853599 -0.062207 0.016370 -0.254975
 32   -0.814395 -0.093824 3.127092 0.296197 -3.054986 -0.184143
 33   14.298673 -0.408176 0.471578 -0.039397 -0.141981 -0.148742
 34   15.835795 0.581398 0.242756 0.049036 0.009420 -0.172490
 35   -0.815868 -0.091229 -3.114430 0.008990 3.088223 0.048089
 36   14.294526 -0.410349 -0.467541 -0.077963 0.082706 -1.929955
 37   15.834409 0.579420 -0.284600 0.220445 0.254843 -0.266755
 38   1.424850 -3.207648 -2.917566 0.123032 -0.226105 0.335471
 39   -4.457742 -1.054854 -0.746180 -0.000623 -0.008629 0.007012
 40   0.653243 -3.941972 2.928687 0.110550 -0.266498 0.426867
 41   -4.433840 -1.059130 0.959566 0.080188 -0.124736 -0.012397
 42   -0.387929 1.959029 -2.676895 0.019139 -0.012800 -0.111833
 43   -0.441405 1.921241 2.881096 0.019141 -0.012802 -0.111833
time 64
  0   -0.463625 0.433607 -1.491862 0.000000 0.000000 -1.571069
  1   -1.093036 0.000002 -0.326057 -1.597377 -1.681879 0.026733
  2   2.262337 0.113614 0.064702 -0.134713 -0.007621 -0.104480
  3   2.380047 0.353302 0.047440 -0.209564 -0.001227 0.079765
  4   2.033756 0.190472 -0.000128 -0.129274 -0.025251 -0.133595
  5   2.451511 0.204909 -0.003447 -0.055065 -0.077007 -0.046621
  6   7.247600 -0.397300 -0.109469 0.000001 0.000021 0.156829
  7   -2.022252 -0.104661 3.136172 2.083096 -1.447508 -5.275203
  8   1.168026 -0.537438 -0.063437 -0.592767 0.365197 1.081121
  9   6.790376 -0.619176 0.015206 0.036403 0.037090 -0.965004
 10   8.637599 0.544015 -0.090417 -1.201032 -0.262405 -0.548924
 11   6.790465 -0.619039 0.017802 0.029643 0.011259 -0.690974
 12   -2.022474 -0.104699 -2.873818 -2.606380 1.412998 -5.777568
 13   1.167898 -0.537463 0.063297 0.426488 -0.655968 -0.055541
 14   7.002743 -0.617765 -0.183752 0.002507 -0.096851 -1.268852
 15   8.209042 0.615527 -0.255885 1.929892 0.196727 -0.266355
 16   7.002735 -0.617911 -0.183641 0.002951 -0.062215 -0.906477
 17   1.574674 0.609930 -0.000899 0.490706 -0.167885 0.492165
 18   -0.602177 0.511412 -0.000006 0.000000 0.000000 0.000000
 19   3.677679 0.177020 1.119313 -0.000002 -0.000014 -0.174510
 20   3.673767 0.176993 -1.117566 0.000007 -0.000003 -0.174546
 21   3.942357 1.334540 1.627658 0.000002 -0.000011 -0.000026
 22   -0.246060 -0.011889 0.516521 -0.000011 0.000031 0.000025
 23   3.942374 1.334565 -1.631083 0.000019 0.000002 -0.000024
 24   -0.246150 -0.011872 -0.516511 -0.000005 -0.000006 0.000048
 25   4.941364 1.997338 1.629330 0.000018 -0.000001 -0.000024
 26   4.941382 1.997366 -1.629410 -0.000001 0.000005 -0.000024
 27   2.914462 1.619264 1.514501 -0.000019 -0.000022 -0.000050
 28   2.916892 1.618870 -1.501142 -0.000002 -0.000009 -0.000024
 29   8.824059 0.150544 0.091743 -0.057746 -0.288482 -0.480704
 30   2.060302 -0.701808 1.780414 -0.062453 0.015214 -0.249274
 31   1.968942 -0.905050 -1.853599 -0.062437 0.016318 -0.253174
 32   -0.814395 -0.093824 3.127092 0.296010 -3.054986 -0.184656
 33   14.298673 -0.408176 0.471578 -0.039373 -0.142020 -0.149139
 34   15.835795 0.581398 0.242756 0.049611 0.009713 -0.172358
 35   -0.815868 -0.091229 -3.114430 0.008990 3.088129 0.048472
 36   14.294526 -0.410349 -0.467541 -0.077999 0.082718 -1.930264
 37   15.834409 0.579420 -0.284600 0.220445 0.254843 -0.266501
 38   1.428756 -3.207648 -2.917566 0.124968 -0.228696 0.345735
 39   -4.457742 -1.054854 -0.746180 -0.000467 -0.007682 0.005862
 40   0.653243 -3.949784 2.924780 0.111623 -0.266703 0.436887
 41   -4.433840 -1.059130 0.959566 0.080595 -0.126521 -0.012397
 42   -0.368397 1.982467 -2.676895 0.019295 -0.012969 -0.122247
 43   -0.421873 1.940773 2.881096 0.019303 -0.012959 -0.122247
time 65
  0   -0.463625 0.433607 -1.491862 0.000000 0.000000 -1.571069
  1   -1.093036 0.000002 -0.326057 -1.598059 -1.681694 0.027217
  2   2.262337 0.113614 0.064702 -0.134662 -0.007633 -0.104516
  3   2.380047 0.353302 0.047440 -0.209534 -0.001227 0.079724
  4   2.033756 0.190472 -0.000128 -0.129237 -0.025239 -0.133595
  5   2.451511 0.204909 -0.003447 -0.055065 -0.077007 -0.046621
  6   7.247600 -0.397300 -0.109469 0.000001 0.000021 0.156829
  7   -2.022252 -0.104661 3.136172 2.077823 -1.447854 -5.269944
  8   1.168026 -0.537438 -0.063437 -0.597576 0.367763 1.080172
  9   6.790376 -0.619176 0.015206 0.036348 0.037023 -0.964777
 10   8.637599 0.544015 -0.090417 -1.201032 -0.262405 -0.548924
 11   6.790465 -0.619039 0.017802 0.029643 0.011203 -0.690743
 12   -2.022474 -0.104699 -2.873818 -2.605039 1.413956 -5.776706
 13   1.167898 -0.537463 0.063297 0.426347 -0.654544 -0.055904
 14   7.002743 -0.617765 -0.183752 0.002450 -0.096851 -1.268521
 15   8.209042 0.615527 -0.255885 1.929892 0.196727 -0.266355
 16   7.002735 -0.617911 -0.183641 0.002951 -0.062215 -0.906311
 17   1.574674 0.609930 -0.000899 0.490706 -0.167956 0.492239
 18   -0.602177 0.511412 -0.000006 0.000000 0.000000 0.000000
 19   3.673773 0.177020 1.119313 -0.000002 -0.000014 -0.174510
 20   3.677673 0.176993 -1.117566 0.000007 -0.000003 -0.174546
 21   3.942357 1.334540 1.627658 0.000002 -0.000011 -0.000026
 22   -0.246060 -0.011889 0.516521 -0.000011 0.000031 0.000025
 23   3.942374 1.334565 -1.631083 0.000019 0.000002 -0.000024
 24   -0.246150 -0.011872 -0.516511 -0.000005 -0.000006 0.000048
 25   4.941364 1.997338 1.629330 0.000018 -0.000001 -0.000024
 26   4.941382 1.997366 -1.629410 -0.000001 0.000005 -0.000024
 27   2.914462 1.619264 1.514501 -0.000019 -0.000022 -0.000050
 28   2.916892 1.618870 -1.501142 -0.000002 -0.000009 -0.000024
 29   8.824059 0.150544 0.091743 -0.057835 -0.291900 -0.481026
 30   2.064209 -0.701808 1.780414 -0.062629 0.015214 -0.247988
 31   1.968942 -0.905050 -1.853599 -0.062620 0.016266 -0.251391
 32   -0.814395 -0.093824 3.127092 0.295824 -3.054986 -0.184997
 33   14.298673 -0.408176 0.471578 -0.039349 -0.142033 -0.149536
 34   15.835795 0.581398 0.242756 0.050117 0.010079 -0.172270
 35   -0.815868 -0.091229 -3.114430 0.008990 3.088129 0.048856
 36   14.294526 -0.410349 -0.467541 -0.078035 0.082741 -1.930573
 37   15.834409 0.579420 -0.284600 0.220426 0.254843 -0.266298
 38   1.432663 -3.203741 -2.917566 0.126652 -0.230937 0.355449
 39   -4.457742 -1.054854 -0.746180 -0.000324 -0.006651 0.004768
 40   0.653243 -3.957597 2.920874 0.112549 -0.266847 0.445501
 41   -4.433840 -1.059130 0.959566 0.080955 -0.128067 -0.012397
 42   -0.348865 2.005905 -2.676895 0.019451 -0.013122 -0.132744
 43   -0.406248 1.964211 2.881096 0.019453 -0.013116 -0.132744
time 66
  0   -0.463625 0.433607 -1.491862 0.000000 0.000000 -1.571069
  1   -1.093036 0.000002 -0.326057 -1.598425 -1.681555 0.027797
  2   2.262337 0.113614 0.064702 -0.134662 -0.007633 -0.104534
  3   2.380047 0.353302 0.047440 -0.209519 -0.001227 0.079724
  4   2.033756 0.190472 -0.000128 -0.129237 -0.025227 -0.133704
  5   2.451511 0.204909 -0.003447 -0.055065 -0.077007 -0.046695
  6   7.247600 -0.397300 -0.109469 0.000001 0.000021 0.156829
  7   -2.022252 -0.104661 3.136172 2.072455 -1.448200 -5.265154
  8   1.168026 -0.537438 -0.063437 -0.602259 0.370329 1.079160
  9   6.790376 -0.619176 0.015206 0.036348 0.037023 -0.964476
 10   8.637599 0.544015 -0.090417 -1.201032 -0.262405 -0.548924
 11   6.790465 -0.619039 0.017802 0.029643 0.011203 -0.690455
 12   -2.022474 -0.104699 -2.873818 -2.603506 1.414797 -5.775749
 13   1.167898 -0.537463 0.063297 0.426347 -0.653171 -0.056328
 14   7.002743 -0.617765 -0.183752 0.002450 -0.096851 -1.268191
 15   8.209042 0.615527 -0.255885 1.929892 0.196727 -0.266355
 16   7.002735 -0.617911 -0.183641 0.002951 -0.062159 -0.906090
 17   1.574674 0.609930 -0.000899 0.490706 -0.168027 0.492350
 18   -0.602177 0.511412 -0.000006 0.000000 0.000000 0.000000
 19   3.673773 0.177020 1.119313 -0.000002 -0.000014 -0.174510
 20   3.673767 0.176993 -1.117566 0.000007 -0.000003 -0.174546
 21   3.942357 1.334540 1.627658 0.000002 -0.000011 -0.000026
 22   -0.246060 -0.011889 0.516521 -0.000011 0.000031 0.000025
 23   3.942374 1.334565 -1.631083 0.000019 0.000002 -0.000024
 24   -0.246150 -0.011872 -0.516511 -0.000005 -0.000006 0.000048
 25   4.941364 1.997338 1.629330 0.000018 -0.000001 -0.000024
 26   4.941382 1.997366 -1.629410 -0.000001 0.000005 -0.000024
 27   2.914462 1.619264 1.514501 -0.000019 -0.000022 -0.000050
 28   2.916892 1.618870 -1.501142 -0.000002 -0.000009 -0.000024
 29   8.824059 0.150544 0.091743 -0.057835 -0.294772 -0.481240
 30   2.068115 -0.697902 1.780414 -0.062778 0.015214 -0.246765
 31   1.968942 -0.905050 -1.853599 -0.062758 0.016214 -0.249626
 32   -0.814395 -0.093824 3.127092 0.295544 -3.055081 -0.185509
 33   14.298673 -0.408176 0.471578 -0.039325 -0.142072 -0.149933
 34   15.835795 0.581398 0.242756 0.050669 0.010445 -0.172093
 35   -0.815868 -0.091229 -3.114430 0.009078 3.088035 0.049239
 36   14.294526 -0.410349 -0.467541 -0.078059 0.082753 -1.930805
 37   15.834409 0.579420 -0.284600 0.220426 0.254843 -0.266146
 38   1.436569 -3.203741 -2.921472 0.128063 -0.232805 0.364552
 39   -4.457742 -1.054854 -0.746180 -0.000204 -0.005525 0.003702
 40   0.653243 -3.965410 2.916968 0.113307 -0.266956 0.452771
 41   -4.433840 -1.059130 0.959566 0.081231 -0.129362 -0.012425
 42   -0.329333 2.025437 -2.676895 0.019595 -0.013276 -0.143325
 43   -0.390622 1.987649 2.881096 0.019591 -0.013273 -0.143325
time 67
  0   -0.463625 0.433607 -1.491862 0.000000 0.000000 -1.571069
  1   -1.093036 0.000002 -0.326057 -1.598949 -1.681370 0.028329
  2   2.262337 0.113614 0.064702 -0.134650 -0.007633 -0.104534
  3   2.380047 0.353302 0.047440 -0.209504 -0.001227 0.079663
  4   2.033756 0.190472 -0.000128 -0.129237 -0.025215 -0.133704
  5   2.451511 0.204909 -0.003447 -0.055065 -0.076994 -0.046695
  6   7.247600 -0.397300 -0.109469 0.000001 0.000021 0.156829
  7   -2.022252 -0.104661 3.136172 2.067662 -1.448517 -5.260365
  8   1.168026 -0.537438 -0.063437 -0.606562 0.372593 1.078401
  9   6.790376 -0.619176 0.015206 0.036348 0.037023 -0.964174
 10   8.637599 0.544015 -0.090417 -1.201032 -0.262405 -0.548924
 11   6.790465 -0.619039 0.017802 0.029643 0.011203 -0.690339
 12   -2.022474 -0.104699 -2.873818 -2.602356 1.415581 -5.774600
 13   1.167898 -0.537463 0.063297 0.426347 -0.651798 -0.056691
 14   7.002743 -0.617765 -0.183752 0.002450 -0.096738 -1.268026
 15   8.209042 0.615527 -0.255885 1.929892 0.196727 -0.266355
 16   7.002735 -0.617911 -0.183641 0.002951 -0.062159 -0.905869
 17   1.574674 0.609930 -0.000899 0.490706 -0.168098 0.492424
 18   -0.602177 0.511412 -0.000006 0.000000 0.000000 0.000000
 19   3.673773 0.177020 1.119313 -0.000002 -0.000014 -0.174510
 20   3.673767 0.176993 -1.117566 0.000007 -0.000003 -0.174546
 21   3.942357 1.334540 1.627658 0.000002 -0.000011 -0.000026
 22   -0.246060 -0.011889 0.516521 -0.000011 0.000031 0.000025
 23   3.942374 1.334565 -1.631083 0.000019 0.000002 -0.000024
 24   -0.246150 -0.011872 -0.516511 -0.000005 -0.000006 0.000048
 25   4.941364 1.997338 1.629330 0.000018 -0.000001 -0.000024
 26   4.941382 1.997366 -1.629410 -0.000001 0.000005 -0.000024
 27   2.914462 1.619264 1.514501 -0.000019 -0.000022 -0.000050
 28   2.916892 1.618870 -1.501142 -0.000002 -0.000009 -0.000024
 29   8.824059 0.150544 0.091743 -0.057835 -0.297051 -0.481347
 30   2.068115 -0.697902 1.780414 -0.062887 0.015214 -0.245650
 31   1.972848 -0.905050 -1.853599 -0.062881 0.016137 -0.247915
 32   -0.814395 -0.093824 3.127092 0.295358 -3.055081 -0.185908
 33   14.298673 -0.408176 0.471578 -0.039301 -0.142098 -0.150171
 34   15.835795 0.581398 0.242756 0.051175 0.010860 -0.172005
 35   -0.815868 -0.091229 -3.114430 0.009078 3.088035 0.049622
 36   14.294526 -0.410349 -0.467541 -0.078095 0.082753 -1.931114
 37   15.834409 0.579420 -0.284600 0.220386 0.254817 -0.265943
 38   1.440475 -3.203741 -2.921472 0.129178 -0.234299 0.372983
 39   -4.457742 -1.054854 -0.746180 -0.000120 -0.004302 0.002692
 40   0.653243 -3.969316 2.916968 0.113918 -0.267016 0.458514
 41   -4.433840 -1.059130 0.959566 0.081458 -0.130392 -0.012425
 42   -0.313708 2.048875 -2.672988 0.019739 -0.013429 -0.153990
 43   -0.371090 2.011087 2.881096 0.019728 -0.013430 -0.153990
time 68
  0   -0.463625 0.433607 -1.491862 0.000000 0.000000 -1.571069
  1   -1.093036 0.000002 -0.326057 -1.599578 -1.681277 0.028765
  2   2.262337 0.113614 0.064702 -0.134611 -0.007633 -0.104552
  3   2.380047 0.353302 0.047440 -0.209489 -0.001227 0.079663
  4   2.033756 0.190472 -0.000128 -0.129237 -0.025204 -0.133704
  5   2.451511 0.204909 -0.003447 -0.055065 -0.076994 -0.046720
  6   7.247600 -0.397300 -0.109469 0.000001 0.000021 0.156829
  7   -2.022252 -0.104661 3.136172 2.062486 -1.448863 -5.255763
  8   1.168026 -0.537438 -0.063437 -0.610865 0.374958 1.077452
  9   6.790376 -0.619176 0.015206 0.036348 0.036956 -0.963872
 10   8.637599 0.544015 -0.090417 -1.201032 -0.262405 -0.548924
 11   6.790465 -0.619039 0.017802 0.029643 0.011174 -0.690109
 12   -2.022474 -0.104699 -2.873818 -2.601015 1.416394 -5.773547
 13   1.167898 -0.537463 0.063297 0.426347 -0.650527 -0.056994
 14   7.002743 -0.617765 -0.183752 0.002450 -0.096738 -1.267696
 15   8.209042 0.615527 -0.255885 1.929892 0.196727 -0.266355
 16   7.002735 -0.617911 -0.183641 0.002951 -0.062159 -0.905759
 17   1.574674 0.609930 -0.000899 0.490869 -0.168169 0.492461
 18   -0.602177 0.511412 -0.000006 0.000000 0.000000 0.000000
 19   3.673773 0.177020 1.119313 -0.000002 -0.000014 -0.174510
 20   3.677673 0.176993 -1.117566 0.000007 -0.000003 -0.174546
 21   3.942357 1.334540 1.627658 0.000002 -0.000011 -0.000026
 22   -0.246060 -0.011889 0.516521 -0.000011 0.000031 0.000025
 23   3.942374 1.334565 -1.631083 0.000019 0.000002 -0.000024
 24   -0.246150 -0.011872 -0.516511 -0.000005 -0.000006 0.000048
 25   4.941364 1.997338 1.629330 0.000018 -0.000001 -0.000024
 26   4.941382 1.997366 -1.629410 -0.000001 0.000005 -0.000024
 27   2.914462 1.619264 1.514501 -0.000019 -0.000022 -0.000050
 28   2.916892 1.618870 -1.501142 -0.000002 -0.000009 -0.000024
 29   8.824059 0.150544 0.091743 -0.057835 -0.298713 -0.481455
 30   2.072021 -0.697902 1.780414 -0.062968 0.015214 -0.244621
 31   1.972848 -0.905050 -1.853599 -0.062958 0.016059 -0.246205
 32   -0.814395 -0.093824 3.127092 0.295171 -3.055177 -0.186477
 33   14.298673 -0.408176 0.471578 -0.039277 -0.142124 -0.150568
 34   15.835795 0.581398 0.242756 0.051681 0.011299 -0.171961
 35   -0.815868 -0.091229 -3.114430 0.009078 3.088035 0.050006
 36   14.294526 -0.410349 -0.467541 -0.078119 0.082765 -1.931268
 37   15.834409 0.579420 -0.284600 0.220366 0.254817 -0.265791
 38   1.440475 -3.203741 -2.921472 0.129999 -0.235384 0.380742
 39   -4.457742 -1.054854 -0.746180 -0.000048 -0.002972 0.001739
 40   0.653243 -3.973222 2.913061 0.114339 -0.267040 0.462730
 41   -4.433840 -1.059130 0.959566 0.081614 -0.131135 -0.012425
 42   -0.294176 2.072313 -2.672988 0.019870 -0.013567 -0.164655
 43   -0.355465 2.034526 2.881096 0.019866 -0.013571 -0.164655
time 69
  0   -0.463625 0.433607 -1.491862 0.000000 0.000000 -1.571069
  1   -1.093036 0.000002 -0.326057 -1.599840 -1.681138 0.029104
  2   2.262337 0.113614 0.064702 -0.134611 -0.007633 -0.104571
  3   2.380047 0.353302 0.047440 -0.209474 -0.001227 0.079622
  4   2.033756 0.190472 -0.000128 -0.129237 -0.025204 -0.133704
  5   2.451511 0.204909 -0.003447 -0.055065 -0.076994 -0.046720
  6   7.247600 -0.397300 -0.109469 0.000001 0.000021 0.156829
  7   -2.022252 -0.104661 3.136172 2.057885 -1.449151 -5.251161
  8   1.168026 -0.537438 -0.063437 -0.614915 0.377021 1.076693
  9   6.790376 -0.619176 0.015206 0.036348 0.036889 -0.963645
 10   8.637599 0.544015 -0.090417 -1.201032 -0.262405 -0.548924
 11   6.790465 -0.619039 0.017802 0.029643 0.011174 -0.689993
 12   -2.022474 -0.104699 -2.873818 -2.599578 1.417206 -5.772685
 13   1.167898 -0.537463 0.063297 0.426277 -0.649001 -0.057357
 14   7.002743 -0.617765 -0.183752 0.002450 -0.096738 -1.267366
 15   8.209042 0.615527 -0.255885 1.929892 0.196727 -0.266355
 16   7.002735 -0.617911 -0.183641 0.002951 -0.062102 -0.905538
 17   1.574674 0.609930 -0.000899 0.490869 -0.168169 0.492498
 18   -0.602177 0.511412 -0.000006 0.000000 0.000000 0.000000
 19   3.673773 0.177020 1.119313 -0.000002 -0.000014 -0.174510
 20   3.677673 0.176993 -1.117566 0.000007 -0.000003 -0.174546
 21   3.942357 1.334540 1.627658 0.000002 -0.000011 -0.000026
 22   -0.246060 -0.011889 0.516521 -0.000011 0.000031 0.000025
 23   3.942374 1.334565 -1.631083 0.000019 0.000002 -0.000024
 24   -0.246150 -0.011872 -0.516511 -0.000005 -0.000006 0.000048
 25   4.941364 1.997338 1.629330 0.000018 -0.000001 -0.000024
 26   4.941382 1.997366 -1.629410 -0.000001 0.000005 -0.000024
 27   2.914462 1.619264 1.514501 -0.000019 -0.000022 -0.000050
 28   2.916892 1.618870 -1.501142 -0.000002 -0.000009 -0.000024
 29   8.824059 0.150544 0.091743 -0.057835 -0.299733 -0.481455
 30   2.075928 -0.693996 1.780414 -0.063009 0.015214 -0.243699
 31   1.972848 -0.905050 -1.853599 -0.063004 0.015981 -0.244549
 32   -0.814395 -0.093824 3.127092 0.294892 -3.055177 -0.186762
 33   14.298673 -0.408176 0.471578 -0.039253 -0.142149 -0.150965
 34   15.835795 0.581398 0.242756 0.052233 0.011836 -0.171873
 35   -0.815868 -0.091229 -3.114430 0.009078 3.087941 0.050389
 36   14.294526 -0.410349 -0.467541 -0.078143 0.082765 -1.931577
 37   15.834409 0.579420 -0.284600 0.220366 0.254766 -0.265741
 38   1.444382 -3.203741 -2.921472 0.130504 -0.236047 0.387707
 39   -4.457742 -1.054854 -0.746180 -0.000012 -0.001534 0.000841
 40   0.653243 -3.973222 2.913061 0.114612 -0.267052 0.465296
 41   -4.433840 -1.059130 0.959566 0.081710 -0.131603 -0.012425
 42   -0.274644 2.095752 -2.672988 0.020002 -0.013720 -0.175403
 43   -0.339839 2.054058 2.881096 0.020003 -0.013712 -0.175403
time 70
  0   -0.463625 0.433607 -1.491862 0.000000 0.000000 -1.571069
  1   -1.093036 0.000002 -0.326057 -1.600364 -1.681046 0.029491
  2   2.262337 0.113614 0.064702 -0.134599 -0.007633 -0.104589
  3   2.380047 0.353302 0.047440 -0.209474 -0.001227 0.079622
  4   2.033756 0.190472 -0.000128 -0.129237 -0.025204 -0.133704
  5   2.451511 0.204909 -0.003447 -0.055065 -0.076994 -0.046720
  6   7.247600 -0.397300 -0.109469 0.000001 0.000021 0.156829
  7   -2.022252 -0.104661 3.136172 2.053284 -1.449382 -5.246840
  8   1.168026 -0.537438 -0.063437 -0.618775 0.379134 1.075807
  9   6.790376 -0.619176 0.015206 0.036348 0.036889 -0.963494
 10   8.637599 0.544015 -0.090417 -1.201032 -0.262405 -0.548924
 11   6.790465 -0.619039 0.017802 0.029643 0.011117 -0.689820
 12   -2.022474 -0.104699 -2.873818 -2.598524 1.417903 -5.771632
 13   1.167898 -0.537463 0.063297 0.426277 -0.647577 -0.057720
 14   7.002743 -0.617765 -0.183752 0.002450 -0.096738 -1.267036
 15   8.209042 0.615527 -0.255885 1.929892 0.196727 -0.266355
 16   7.002735 -0.617911 -0.183641 0.002951 -0.062102 -0.905317
 17   1.574674 0.609930 -0.000899 0.490869 -0.168240 0.492572
 18   -0.602177 0.511412 -0.000006 0.000000 0.000000 0.000000
 19   3.673773 0.177020 1.119313 -0.000002 -0.000014 -0.174510
 20   3.677673 0.176993 -1.117566 0.000007 -0.000003 -0.174546
 21   3.942357 1.334540 1.627658 0.000002 -0.000011 -0.000026
 22   -0.246060 -0.011889 0.516521 -0.000011 0.000031 0.000025
 23   3.942374 1.334565 -1.631083 0.000019 0.000002 -0.000024
 24   -0.246150 -0.011872 -0.516511 -0.000005 -0.000006 0.000048
 25   4.941364 1.997338 1.629330 0.000018 -0.000001 -0.000024
 26   4.941382 1.997366 -1.629410 -0.000001 0.000005 -0.000024
 27   2.914462 1.619264 1.514501 -0.000019 -0.000022 -0.000050
 28   2.916892 1.618870 -1.501142 -0.000002 -0.000009 -0.000024
 29   8.824059 0.150544 0.091743 -0.057835 -0.300090 -0.481455
 30   2.075928 -0.693996 1.780414 -0.063022 0.015214 -0.242863
 31   1.976754 -0.905050 -1.853599 -0.063019 0.015903 -0.242930
 32   -0.814395 -0.093824 3.127092 0.294799 -3.055177 -0.187217
 33   14.298673 -0.408176 0.471578 -0.039241 -0.142188 -0.151204
 34   15.835795 0.581398 0.242756 0.052762 0.012398 -0.171785
 35   -0.815868 -0.091229 -3.114430 0.009078 3.087941 0.050773
 36   14.294526 -0.410349 -0.467541 -0.078167 0.082765 -1.931809
 37   15.834409 0.579420 -0.284600 0.220366 0.254766 -0.265589
 38   1.444382 -3.203741 -2.921472 0.130673 -0.236275 0.393999
 39   -4.457742 -1.054854 -0.746180 0.000000 0.000000 0.000000
 40   0.653243 -3.973222 2.913061 0.114696 -0.267052 0.466151
 41   -4.433840 -1.059130 0.959566 0.081734 -0.131759 -0.012425
 42   -0.255112 2.119190 -2.672988 0.020122 -0.013843 -0.186151
 43   -0.320307 2.077496 2.881096 0.020128 -0.013854 -0.186151
time 71
  0   -0.463625 0.433607 -1.491862 0.000000 0.000000 -1.571069
  1   -1.093036 0.000002 -0.326057 -1.600574 -1.680953 0.029926
  2   2.262337 0.113614 0.064702 -0.134573 -0.007645 -0.104589
  3   2.380047 0.353302 0.047440 -0.209459 -0.001227 0.079561
  4   2.033756 0.190472 -0.000128 -0.129237 -0.025204 -0.133704
  5   2.451511 0.204909 -0.003447 -0.055065 -0.076994 -0.046720
  6   7.247600 -0.397300 -0.109469 0.000001 0.000021 0.156829
  7   -2.022252 -0.104661 3.136172 2.049066 -1.449699 -5.242614
  8   1.168026 -0.537438 -0.063437 -0.622129 0.380895 1.075048
  9   6.790376 -0.619176 0.015206 0.036348 0.036889 -0.963193
 10   8.637599 0.544015 -0.090417 -1.201032 -0.262405 -0.548924
 11   6.790465 -0.619039 0.017802 0.029643 0.011117 -0.689763
 12   -2.022474 -0.104699 -2.873818 -2.597087 1.418657 -5.770674
 13   1.167898 -0.537463 0.063297 0.426066 -0.646154 -0.058023
 14   7.002743 -0.617765 -0.183752 0.002450 -0.096624 -1.266871
 15   8.209042 0.615527 -0.255885 1.929892 0.196727 -0.266355
 16   7.002735 -0.617911 -0.183641 0.002951 -0.062046 -0.905207
 17   1.574674 0.609930 -0.000899 0.490950 -0.168240 0.492609
 18   -0.602177 0.511412 -0.000006 0.000000 0.000000 0.000000
 19   3.673773 0.177020 1.119313 -0.000002 -0.000014 -0.174510
 20   3.673767 0.176993 -1.117566 0.000007 -0.000003 -0.174546
 21   3.942357 1.334540 1.627658 0.000002 -0.000011 -0.000026
 22   -0.246060 -0.011889 0.516521 -0.000011 0.000031 0.000025
 23   3.942374 1.334565 -1.631083 0.000019 0.000002 -0.000024
 24   -0.246150 -0.011872 -0.516511 -0.000005 -0.000006 0.000048
 25   4.941364 1.997338 1.629330 0.000018 -0.000001 -0.000024
 26   4.941382 1.997366 -1.629410 -0.000001 0.000005 -0.000024
 27   2.914462 1.619264 1.514501 -0.000019 -0.000022 -0.000050
 28   2.916892 1.618870 -1.501142 -0.000002 -0.000009 -0.000024
 29   8.824059 0.150544 0.091743 -0.057746 -0.299520 -0.481401
 30   2.079834 -0.693996 1.780414 -0.062887 0.015360 -0.242091
 31   1.976754 -0.905050 -1.849693 -0.062958 0.015748 -0.241347
 32   -0.814395 -0.093824 3.127092 0.294519 -3.055272 -0.187616
 33   14.298673 -0.408176 0.471578 -0.039217 -0.142201 -0.151521
 34   15.835795 0.581398 0.242756 0.053268 0.012983 -0.171696
 35   -0.815868 -0.091229 -3.114430 0.009166 3.087941 0.051156
 36   14.294526 -0.410349 -0.467541 -0.078179 0.082765 -1.932118
 37   15.834409 0.579420 -0.284600 0.220327 0.254766 -0.265436
 38   1.440475 -3.207648 -2.921472 0.130441 -0.235902 0.399742
 39   -4.457742 -1.054854 -0.746180 -0.000096 0.001726 -0.000785
 40   0.653243 -3.973222 2.913061 0.114381 -0.266631 0.466029
 41   -4.433840 -1.059130 0.959566 0.081602 -0.131531 -0.012425
 42   -0.235580 2.142628 -2.672988 0.020254 -0.013981 -0.196942
 43   -0.304682 2.100934 2.881096 0.020253 -0.013979 -0.196942
time 72
  0   -0.463625 0.433607 -1.491862 0.000000 0.000000 -1.571069
  1   -1.093036 0.000002 -0.326057 -1.600993 -1.680860 0.030120
  2   2.262337 0.113614 0.064702 -0.134560 -0.007657 -0.104589
  3   2.380047 0.353302 0.047440 -0.209444 -0.001227 0.079561
  4   2.033756 0.190472 -0.000128 -0.129237 -0.025192 -0.133740
  5   2.451511 0.204909 -0.003447 -0.055065 -0.076968 -0.046720
  6   7.247600 -0.397300 -0.109469 0.000001 0.000021 0.156829
  7   -2.022252 -0.104661 3.136172 2.044944 -1.449987 -5.238764
  8   1.168026 -0.537438 -0.063437 -0.625546 0.382606 1.074352
  9   6.790376 -0.619176 0.015206 0.036348 0.036889 -0.963042
 10   8.637599 0.544015 -0.090417 -1.201032 -0.262405 -0.548924
 11   6.790465 -0.619039 0.017802 0.029643 0.011089 -0.689532
 12   -2.022474 -0.104699 -2.873818 -2.596129 1.419325 -5.769813
 13   1.167898 -0.537463 0.063297 0.426066 -0.644679 -0.058386
 14   7.002743 -0.617765 -0.183752 0.002450 -0.096624 -1.266624
 15   8.209042 0.615527 -0.255885 1.929892 0.196727 -0.266355
 16   7.002735 -0.617911 -0.183641 0.002951 -0.062046 -0.904986
 17   1.574674 0.609930 -0.000899 0.490950 -0.168311 0.492683
 18   -0.602177 0.511412 -0.000006 0.000000 0.000000 0.000000
 19   3.673773 0.177020 1.119313 -0.000002 -0.000014 -0.174510
 20   3.677673 0.176993 -1.117566 0.000007 -0.000003 -0.174546
 21   3.942357 1.334540 1.627658 0.000002 -0.000011 -0.000026
 22   -0.246060 -0.011889 0.516521 -0.000011 0.000031 0.000025
 23   3.942374 1.334565 -1.631083 0.000019 0.000002 -0.000024
 24   -0.246150 -0.011872 -0.516511 -0.000005 -0.000006 0.000048
 25   4.941364 1.997338 1.629330 0.000018 -0.000001 -0.000024
 26   4.941382 1.997366 -1.629410 -0.000001 0.000005 -0.000024
 27   2.914462 1.619264 1.514501 -0.000019 -0.000022 -0.000050
 28   2.916892 1.618870 -1.501142 -0.000002 -0.000009 -0.000024
 29   8.824059 0.150544 0.091743 -0.057300 -0.297858 -0.481186
 30   2.079834 -0.693996 1.780414 -0.062453 0.015825 -0.241362
 31   1.976754 -0.905050 -1.849693 -0.062758 0.015489 -0.239800
 32   -0.814395 -0.093824 3.127092 0.294333 -3.055272 -0.188014
 33   14.298673 -0.408176 0.471578 -0.039206 -0.142227 -0.151759
 34   15.835795 0.581398 0.242756 0.053705 0.013642 -0.171652
 35   -0.815868 -0.091229 -3.114430 0.009166 3.087848 0.051540
 36   14.294526 -0.410349 -0.467541 -0.078203 0.082765 -1.932427
 37   15.834409 0.579420 -0.284600 0.220307 0.254766 -0.265386
 38   1.440475 -3.207648 -2.917566 0.129768 -0.234793 0.405302
 39   -4.457742 -1.054854 -0.746180 -0.000407 0.003703 -0.001571
 40   0.657149 -3.973222 2.913061 0.113476 -0.265365 0.465785
 41   -4.433840 -1.059130 0.959566 0.081207 -0.130860 -0.012397
 42   -0.216048 2.166066 -2.672988 0.020374 -0.014104 -0.207774
 43   -0.285150 2.124372 2.881096 0.020365 -0.014105 -0.207774
time 73
  0   -0.463625 0.433607 -1.491862 0.000000 0.000000 -1.571069
  1   -1.093036 0.000002 -0.326057 -1.601098 -1.680768 0.030458
  2   2.262337 0.113614 0.064702 -0.134560 -0.007657 -0.104589
  3   2.380047 0.353302 0.047440 -0.209444 -0.001227 0.079561
  4   2.033756 0.190472 -0.000128 -0.129200 -0.025192 -0.133740
  5   2.451511 0.204909 -0.003447 -0.055065 -0.076968 -0.046720
  6   7.247600 -0.397300 -0.109469 0.000001 0.000021 0.156829
  7   -2.022252 -0.104661 3.136172 2.041014 -1.450189 -5.235007
  8   1.168026 -0.537438 -0.063437 -0.628457 0.384115 1.073846
  9   6.790376 -0.619176 0.015206 0.036348 0.036823 -0.962891
 10   8.637599 0.544015 -0.090417 -1.201032 -0.262405 -0.548924
 11   6.790465 -0.619039 0.017802 0.029643 0.011089 -0.689474
 12   -2.022474 -0.104699 -2.873818 -2.595075 1.419935 -5.768760
 13   1.167898 -0.537463 0.063297 0.426066 -0.643255 -0.058689
 14   7.002743 -0.617765 -0.183752 0.002450 -0.096624 -1.266211
 15   8.209042 0.615527 -0.255885 1.929892 0.196727 -0.266355
 16   7.002735 -0.617911 -0.183641 0.002951 -0.062046 -0.904766
 17   1.574674 0.609930 -0.000899 0.490950 -0.168311 0.492720
 18   -0.602177 0.511412 -0.000006 0.000000 0.000000 0.000000
 19   3.673773 0.177020 1.119313 -0.000002 -0.000014 -0.174510
 20   3.673767 0.176993 -1.117566 0.000007 -0.000003 -0.174546
 21   3.942357 1.334540 1.627658 0.000002 -0.000011 -0.000026
 22   -0.246060 -0.011889 0.516521 -0.000011 0.000031 0.000025
 23   3.942374 1.334565 -1.631083 0.000019 0.000002 -0.000024
 24   -0.246150 -0.011872 -0.516511 -0.000005 -0.000006 0.000048
 25   4.941364 1.997338 1.629330 0.000018 -0.000001 -0.000024
 26   4.941382 1.997366 -1.629410 -0.000001 0.000005 -0.000024
 27   2.914462 1.619264 1.514501 -0.000019 -0.000022 -0.000050
 28   2.916892 1.618870 -1.501142 -0.000002 -0.000009 -0.000024
 29   8.824059 0.150544 0.091743 -0.056587 -0.295152 -0.480811
 30   2.083740 -0.697902 1.780414 -0.061761 0.016580 -0.240654
 31   1.980661 -0.905050 -1.849693 -0.062452 0.015126 -0.238308
 32   -0.814395 -0.093824 3.127092 0.294146 -3.055368 -0.188583
 33   14.298673 -0.408176 0.471578 -0.039194 -0.142240 -0.151918
 34   15.835795 0.581398 0.242756 0.054234 0.014374 -0.171652
 35   -0.815868 -0.091229 -3.114430 0.009166 3.087848 0.051923
 36   14.294526 -0.410349 -0.467541 -0.078215 0.082753 -1.932581
 37   15.834409 0.579420 -0.284600 0.220307 0.254766 -0.265284
 38   1.440475 -3.211554 -2.917566 0.128652 -0.232986 0.410678
 39   -4.457742 -1.054854 -0.746180 -0.000911 0.005932 -0.002328
 40   0.657149 -3.969316 2.913061 0.111981 -0.263317 0.465357
 41   -4.433840 -1.059130 0.959566 0.080571 -0.129769 -0.012369
 42   -0.196516 2.189505 -2.672988 0.020482 -0.014226 -0.218606
 43   -0.269525 2.147810 2.881096 0.020478 -0.014230 -0.218606
time 74
  0   -0.463625 0.433607 -1.491862 0.000000 0.000000 -1.571069
  1   -1.093036 0.000002 -0.326057 -1.601255 -1.680768 0.030604
  2   2.262337 0.113614 0.064702 -0.134522 -0.007657 -0.104589
  3   2.380047 0.353302 0.047440 -0.209429 -0.001227 0.079561
  4   2.033756 0.190472 -0.000128 -0.129200 -0.025180 -0.133740
  5   2.451511 0.204909 -0.003447 -0.055065 -0.076968 -0.046720
  6   7.247600 -0.397300 -0.109469 0.000001 0.000021 0.156829
  7   -2.022252 -0.104661 3.136172 2.037180 -1.450391 -5.231438
  8   1.168026 -0.537438 -0.063437 -0.630925 0.385524 1.073087
  9   6.790376 -0.619176 0.015206 0.036348 0.036823 -0.962891
 10   8.637599 0.544015 -0.090417 -1.201032 -0.262405 -0.548924
 11   6.790465 -0.619039 0.017802 0.029613 0.011089 -0.689417
 12   -2.022474 -0.104699 -2.873818 -2.594021 1.420457 -5.767898
 13   1.167898 -0.537463 0.063297 0.425855 -0.641831 -0.058931
 14   7.002743 -0.617765 -0.183752 0.002450 -0.096624 -1.266046
 15   8.209042 0.615527 -0.255885 1.929892 0.196727 -0.266355
 16   7.002735 -0.617911 -0.183641 0.002998 -0.062046 -0.904655
 17   1.574674 0.609930 -0.000899 0.491031 -0.168382 0.492720
 18   -0.602177 0.511412 -0.000006 0.000000 0.000000 0.000000
 19   3.673773 0.177020 1.119313 -0.000002 -0.000014 -0.174510
 20   3.673767 0.176993 -1.117566 0.000007 -0.000003 -0.174546
 21   3.942357 1.338447 1.627658 0.000002 -0.000011 -0.000026
 22   -0.246060 -0.011889 0.516521 -0.000011 0.000031 0.000025
 23   3.942374 1.334565 -1.631083 0.000019 0.000002 -0.000024
 24   -0.246150 -0.011872 -0.516511 -0.000005 -0.000006 0.000048
 25   4.941364 1.997338 1.629330 0.000018 -0.000001 -0.000024
 26   4.941382 1.997366 -1.629410 -0.000001 0.000005 -0.000024
 27   2.914462 1.619264 1.514501 -0.000019 -0.000022 -0.000050
 28   2.916892 1.622777 -1.501142 -0.000002 -0.000009 -0.000024
 29   8.824059 0.150544 0.091743 -0.055696 -0.291425 -0.480328
 30   2.087647 -0.697902 1.780414 -0.060798 0.017626 -0.239946
 31   1.980661 -0.905050 -1.849693 -0.062023 0.014660 -0.236834
 32   -0.814395 -0.093824 3.127092 0.294053 -3.055368 -0.188868
 33   14.298673 -0.408176 0.471578 -0.039182 -0.142253 -0.151997
 34   15.835795 0.581398 0.242756 0.054740 0.015155 -0.171696
 35   -0.815868 -0.091229 -3.114430 0.009166 3.087848 0.052416
 36   14.294526 -0.410349 -0.467541 -0.078227 0.082741 -1.932813
 37   15.834409 0.579420 -0.284600 0.220307 0.254766 -0.265284
 38   1.436569 -3.211554 -2.913660 0.127136 -0.230503 0.415871
 39   -4.457742 -1.054854 -0.742274 -0.001606 0.008377 -0.003057
 40   0.661056 -3.965410 2.916968 0.109939 -0.260473 0.464746
 41   -4.433840 -1.059130 0.959566 0.079685 -0.128271 -0.012341
 42   -0.176985 2.212943 -2.672988 0.020590 -0.014349 -0.229479
 43   -0.249993 2.171249 2.881096 0.020590 -0.014340 -0.229479
time 75
  0   -0.463625 0.433607 -1.491862 0.000000 0.000000 -1.571069
  1   -1.093036 0.000002 -0.326057 -1.601360 -1.680721 0.030652
  2   2.262337 0.113614 0.064702 -0.134522 -0.007669 -0.104589
  3   2.380047 0.353302 0.047440 -0.209429 -0.001227 0.079561
  4   2.033756 0.190472 -0.000128 -0.129200 -0.025180 -0.133740
  5   2.451511 0.204909 -0.003447 -0.055065 -0.076968 -0.046720
  6   7.247600 -0.397300 -0.109469 0.000001 0.000021 0.156829
  7   -2.022252 -0.104661 3.136172 2.033825 -1.450650 -5.228339
  8   1.168026 -0.537438 -0.063437 -0.633203 0.386631 1.072644
  9   6.790376 -0.619176 0.015206 0.036348 0.036823 -0.962740
 10   8.637599 0.544015 -0.090417 -1.201032 -0.262405 -0.548924
 11   6.790465 -0.619039 0.017802 0.029613 0.011089 -0.689417
 12   -2.022474 -0.104699 -2.873818 -2.593063 1.421037 -5.767132
 13   1.167898 -0.537463 0.063297 0.425855 -0.640305 -0.059173
 14   7.002743 -0.617765 -0.183752 0.002450 -0.096568 -1.265799
 15   8.209042 0.615527 -0.255885 1.929892 0.196727 -0.266355
 16   7.002735 -0.617911 -0.183641 0.002998 -0.061990 -0.904379
 17   1.574674 0.609930 -0.000899 0.491031 -0.168382 0.492757
 18   -0.602177 0.511412 -0.000006 0.000000 0.000000 0.000000
 19   3.673773 0.177020 1.119313 -0.000002 -0.000014 -0.174510
 20   3.673767 0.176993 -1.117566 0.000007 -0.000003 -0.174546
 21   3.942357 1.334540 1.627658 0.000002 -0.000011 -0.000026
 22   -0.246060 -0.011889 0.516521 -0.000011 0.000031 0.000025
 23   3.942374 1.334565 -1.631083 0.000019 0.000002 -0.000024
 24   -0.246150 -0.011872 -0.516511 -0.000005 -0.000006 0.000048
 25   4.941364 1.997338 1.629330 0.000018 -0.000001 -0.000024
 26   4.941382 1.997366 -1.629410 -0.000001 0.000005 -0.000024
 27   2.914462 1.619264 1.514501 -0.000019 -0.000022 -0.000050
 28   2.916892 1.618870 -1.501142 -0.000002 -0.000009 -0.000024
 29   8.824059 0.150544 0.091743 -0.054448 -0.286725 -0.479738
 30   2.091553 -0.697902 1.776507 -0.059592 0.018963 -0.239303
 31   1.984567 -0.905050 -1.849693 -0.061471 0.014090 -0.235415
 32   -0.814395 -0.093824 3.127092 0.293960 -3.055464 -0.189209
 33   14.298673 -0.408176 0.471578 -0.039194 -0.142253 -0.151918
 34   15.835795 0.581398 0.242756 0.055154 0.016009 -0.171873
 35   -0.815868 -0.091229 -3.114430 0.009166 3.087848 0.052800
 36   14.294526 -0.410349 -0.467541 -0.078227 0.082718 -1.933122
 37   15.834409 0.579420 -0.284600 0.220307 0.254766 -0.265234
 38   1.432663 -3.215460 -2.909753 0.125221 -0.227370 0.420820
 39   -4.461648 -1.054854 -0.738367 -0.002481 0.011062 -0.003786
 40   0.664962 -3.961504 2.920874 0.107371 -0.256906 0.463952
 41   -4.433840 -1.059130 0.959566 0.078558 -0.126378 -0.012284
 42   -0.157453 2.236381 -2.672988 0.020697 -0.014456 -0.240311
 43   -0.234367 2.194687 2.885002 0.020703 -0.014465 -0.240311
time 76
  0   -0.463625 0.433607 -1.491862 0.000000 0.000000 -1.571069
  1   -1.093036 0.000002 -0.326057 -1.601517 -1.680721 0.030700
  2   2.262337 0.113614 0.064702 -0.134522 -0.007669 -0.104589
  3   2.380047 0.353302 0.047440 -0.209429 -0.001227 0.079561
  4   2.033756 0.190472 -0.000128 -0.129200 -0.025180 -0.133740
  5   2.451511 0.204909 -0.003447 -0.055065 -0.076968 -0.046720
  6   7.247600 -0.397300 -0.109469 0.000001 0.000021 0.156829
  7   -2.022252 -0.104661 3.136172 2.030949 -1.450852 -5.225240
  8   1.168026 -0.537438 -0.063437 -0.634975 0.387587 1.072138
  9   6.790376 -0.619176 0.015206 0.036348 0.036823 -0.962740
 10   8.637599 0.544015 -0.090417 -1.201032 -0.262405 -0.548924
 11   6.790465 -0.619039 0.017802 0.029613 0.011089 -0.689359
 12   -2.022474 -0.104699 -2.873818 -2.592105 1.421444 -5.766270
 13   1.167898 -0.537463 0.063297 0.425855 -0.638678 -0.059415
 14   7.002743 -0.617765 -0.183752 0.002393 -0.096568 -1.265634
 15   8.209042 0.615527 -0.255885 1.929892 0.196727 -0.266355
 16   7.002735 -0.617911 -0.183641 0.002998 -0.061990 -0.904214
 17   1.574674 0.609930 -0.000899 0.491031 -0.168382 0.492757
 18   -0.602177 0.511412 -0.000006 0.000000 0.000000 0.000000
 19   3.677679 0.177020 1.119313 -0.000002 -0.000014 -0.174510
 20   3.673767 0.176993 -1.117566 0.000007 -0.000003 -0.174546
 21   3.942357 1.334540 1.627658 0.000002 -0.000011 -0.000026
 22   -0.246060 -0.011889 0.516521 -0.000011 0.000031 0.000025
 23   3.942374 1.334565 -1.631083 0.000019 0.000002 -0.000024
 24   -0.246150 -0.011872 -0.516511 -0.000005 -0.000006 0.000048
 25   4.941364 1.997338 1.629330 0.000018 -0.000001 -0.000024
 26   4.941382 1.997366 -1.629410 -0.000001 0.000005 -0.000024
 27   2.914462 1.619264 1.514501 -0.000019 -0.000022 -0.000050
 28   2.916892 1.618870 -1.501142 -0.000002 -0.000009 -0.000024
 29   8.824059 0.150544 0.091743 -0.053022 -0.281075 -0.478987
 30   2.091553 -0.701808 1.776507 -0.058141 0.020533 -0.238660
 31   1.984567 -0.901143 -1.845786 -0.060828 0.013443 -0.234014
 32   -0.814395 -0.093824 3.127092 0.294239 -3.055559 -0.189722
 33   14.298673 -0.408176 0.471578 -0.039265 -0.142227 -0.151124
 34   15.835795 0.581398 0.242756 0.055614 0.016912 -0.172534
 35   -0.815868 -0.091229 -3.114430 0.009254 3.087941 0.053293
 36   14.294526 -0.410349 -0.467541 -0.078239 0.082694 -1.933431
 37   15.834409 0.579420 -0.284600 0.220366 0.254766 -0.265234
 38   1.428756 -3.223273 -2.905847 0.122927 -0.223598 0.425646
 39   -4.465555 -1.058760 -0.734461 -0.003523 0.013950 -0.004459
 40   0.664962 -3.957597 2.920874 0.104277 -0.252616 0.463035
 41   -4.433840 -1.059130 0.959566 0.077216 -0.124100 -0.012256
 42   -0.137921 2.259819 -2.672988 0.020805 -0.014564 -0.251143
 43   -0.214836 2.218125 2.885002 0.020803 -0.014575 -0.251143
time 77
  0   -0.463625 0.433607 -1.491862 0.000000 0.000000 -1.571069
  1   -1.093036 0.000002 -0.326057 -1.601308 -1.680768 0.030604
  2   2.262337 0.113614 0.064702 -0.134522 -0.007657 -0.104589
  3   2.380047 0.353302 0.047440 -0.209429 -0.001227 0.079561
  4   2.033756 0.190472 -0.000128 -0.129200 -0.025180 -0.133740
  5   2.451511 0.204909 -0.003447 -0.055065 -0.076994 -0.046720
  6   7.247600 -0.397300 -0.109469 0.000001 0.000021 0.156829
  7   -2.022252 -0.104661 3.136172 2.028073 -1.451025 -5.222610
  8   1.168026 -0.537438 -0.063437 -0.636620 0.388392 1.071885
  9   6.790376 -0.619176 0.015206 0.036348 0.036823 -0.962740
 10   8.637599 0.544015 -0.090417 -1.201032 -0.262405 -0.548924
 11   6.790465 -0.619039 0.017802 0.029613 0.011089 -0.689359
 12   -2.022474 -0.104699 -2.873818 -2.591147 1.421937 -5.765600
 13   1.167898 -0.537463 0.063297 0.425785 -0.637152 -0.059597
 14   7.002743 -0.617765 -0.183752 0.002393 -0.096568 -1.265304
 15   8.209042 0.615527 -0.255885 1.929892 0.196727 -0.266355
 16   7.002735 -0.617911 -0.183641 0.002998 -0.061933 -0.904103
 17   1.574674 0.609930 -0.000899 0.491031 -0.168382 0.492757
 18   -0.602177 0.511412 -0.000006 0.000000 0.000000 0.000000
 19   3.673773 0.177020 1.119313 -0.000002 -0.000014 -0.174510
 20   3.673767 0.176993 -1.117566 0.000007 -0.000003 -0.174546
 21   3.942357 1.334540 1.627658 0.000002 -0.000011 -0.000026
 22   -0.246060 -0.011889 0.516521 -0.000011 0.000031 0.000025
 23   3.938468 1.334565 -1.631083 0.000019 0.000002 -0.000024
 24   -0.246150 -0.011872 -0.516511 -0.000005 -0.000006 0.000048
 25   4.941364 1.997338 1.629330 0.000018 -0.000001 -0.000024
 26   4.941382 1.997366 -1.629410 -0.000001 0.000005 -0.000024
 27   2.914462 1.619264 1.514501 -0.000019 -0.000022 -0.000050
 28   2.916892 1.618870 -1.501142 -0.000002 -0.000009 -0.000024
 29   8.824059 0.150544 0.091743 -0.051418 -0.274524 -0.478129
 30   2.095459 -0.705715 1.772601 -0.056459 0.022363 -0.238038
 31   1.988473 -0.901143 -1.845786 -0.060062 0.012718 -0.232667
 32   -0.814395 -0.093824 3.127092 0.295171 -3.055559 -0.189209
 33   14.298673 -0.408176 0.471578 -0.039421 -0.142188 -0.149139
 34   15.835795 0.581398 0.242756 0.052624 0.016571 -0.173681
 35   -0.815868 -0.091229 -3.114430 0.009254 3.088129 0.054991
 36   14.294526 -0.410349 -0.467541 -0.078227 0.082694 -1.933431
 37   15.834409 0.579420 -0.284600 0.220504 0.254766 -0.265234
 38   1.424850 -3.227180 -2.898034 0.120253 -0.219236 0.430289
 39   -4.465555 -1.058760 -0.730555 -0.004746 0.017030 -0.005104
 40   0.672775 -3.949784 2.924780 0.100678 -0.247639 0.461936
 41   -4.433840 -1.059130 0.959566 0.075658 -0.121476 -0.012172
 42   -0.118389 2.283257 -2.672988 0.020901 -0.014671 -0.261975
 43   -0.199210 2.241563 2.885002 0.020903 -0.014669 -0.261975
time 78
  0   -0.463625 0.433607 -1.491862 0.000000 0.000000 -1.571069
  1   -1.093036 0.000002 -0.326057 -1.601098 -1.680768 0.030410
  2   2.262337 0.113614 0.064702 -0.134560 -0.007645 -0.104589
  3   2.380047 0.353302 0.047440 -0.209444 -0.001227 0.079561
  4   2.033756 0.190472 -0.000128 -0.129200 -0.025192 -0.133740
  5   2.451511 0.204909 -0.003447 -0.055065 -0.077007 -0.046720
  6   7.247600 -0.397300 -0.109469 0.000001 0.000021 0.156829
  7   -2.022252 -0.104661 3.136172 2.025198 -1.451198 -5.219981
  8   1.168026 -0.537438 -0.063437 -0.638139 0.389197 1.071379
  9   6.790376 -0.619176 0.015206 0.036348 0.036823 -0.962740
 10   8.637599 0.544015 -0.090417 -1.201032 -0.262405 -0.548924
 11   6.790465 -0.619039 0.017802 0.029613 0.011089 -0.689359
 12   -2.022474 -0.104699 -2.873818 -2.590093 1.422285 -5.764643
 13   1.167898 -0.537463 0.063297 0.425644 -0.635474 -0.059839
 14   7.002743 -0.617765 -0.183752 0.002393 -0.096568 -1.265139
 15   8.209042 0.615527 -0.255885 1.929892 0.196727 -0.266355
 16   7.002735 -0.617911 -0.183641 0.002998 -0.061933 -0.903883
 17   1.574674 0.609930 -0.000899 0.490950 -0.168311 0.492720
 18   -0.602177 0.511412 -0.000006 0.000000 0.000000 0.000000
 19   3.677679 0.177020 1.119313 -0.000002 -0.000014 -0.174510
 20   3.673767 0.176993 -1.117566 0.000007 -0.000003 -0.174546
 21   3.942357 1.334540 1.627658 0.000002 -0.000011 -0.000026
 22   -0.246060 -0.011889 0.516521 -0.000011 0.000031 0.000025
 23   3.942374 1.334565 -1.631083 0.000019 0.000002 -0.000024
 24   -0.246150 -0.011872 -0.516511 -0.000005 -0.000006 0.000048
 25   4.941364 1.997338 1.629330 0.000018 -0.000001 -0.000024
 26   4.941382 1.997366 -1.629410 -0.000001 0.000005 -0.000024
 27   2.914462 1.619264 1.514501 -0.000019 -0.000022 -0.000050
 28   2.916892 1.618870 -1.501142 -0.000002 -0.000009 -0.000024
 29   8.824059 0.150544 0.091743 -0.049547 -0.267117 -0.477163
 30   2.099366 -0.705715 1.772601 -0.054561 0.024427 -0.237459
 31   1.988473 -0.901143 -1.845786 -0.059204 0.011889 -0.231357
 32   -0.814395 -0.093824 3.127092 0.295638 -3.055559 -0.188754
 33   14.298673 -0.408176 0.471578 -0.039505 -0.142136 -0.148186
 34   15.835795 0.581398 0.242756 0.051129 0.016424 -0.174078
 35   -0.815868 -0.091229 -3.114430 0.009430 3.088223 0.055977
 36   14.294526 -0.410349 -0.467541 -0.078215 0.082682 -1.933354
 37   15.834409 0.579420 -0.284600 0.220563 0.254766 -0.265284
 38   1.420944 -3.234992 -2.894128 0.117243 -0.214307 0.434749
 39   -4.469461 -1.058760 -0.722742 -0.006124 0.020314 -0.005722
 40   0.676681 -3.945878 2.928687 0.096615 -0.242011 0.460714
 41   -4.433840 -1.059130 0.959566 0.073896 -0.118492 -0.012116
 42   -0.098857 2.306695 -2.672988 0.020997 -0.014778 -0.272766
 43   -0.179678 2.265002 2.885002 0.020990 -0.014779 -0.272766
time 79
  0   -0.463625 0.433607 -1.491862 0.000000 0.000000 -1.571069
  1   -1.093036 0.000002 -0.326057 -1.600784 -1.680907 0.030023
  2   2.262337 0.113614 0.064702 -0.134573 -0.007633 -0.104589
  3   2.380047 0.353302 0.047440 -0.209459 -0.001227 0.079561
  4   2.033756 0.190472 -0.000128 -0.129237 -0.025204 -0.133740
  5   2.451511 0.204909 -0.003447 -0.055065 -0.077007 -0.046720
  6   7.247600 -0.397300 -0.109469 0.000001 0.000021 0.156829
  7   -2.022252 -0.104661 3.136172 2.022418 -1.451371 -5.217257
  8   1.168026 -0.537438 -0.063437 -0.639721 0.390002 1.071126
  9   6.790376 -0.619176 0.015206 0.036348 0.036823 -0.962740
 10   8.637599 0.544015 -0.090417 -1.201032 -0.262405 -0.548924
 11   6.790465 -0.619039 0.017802 0.029613 0.011089 -0.689417
 12   -2.022474 -0.104699 -2.873818 -2.589327 1.422692 -5.764068
 13   1.167898 -0.537463 0.063297 0.425574 -0.633694 -0.059960
 14   7.002743 -0.617765 -0.183752 0.002393 -0.096454 -1.264809
 15   8.209042 0.615527 -0.255885 1.929892 0.196727 -0.266355
 16   7.002735 -0.617911 -0.183641 0.002998 -0.061933 -0.903717
 17   1.574674 0.609930 -0.000899 0.490950 -0.168311 0.492646
 18   -0.602177 0.511412 -0.000006 0.000000 0.000000 0.000000
 19   3.673773 0.177020 1.119313 -0.000002 -0.000014 -0.174510
 20   3.673767 0.176993 -1.117566 0.000007 -0.000003 -0.174546
 21   3.942357 1.334540 1.627658 0.000002 -0.000011 -0.000026
 22   -0.246060 -0.011889 0.516521 -0.000011 0.000031 0.000025
 23   3.942374 1.334565 -1.631083 0.000019 0.000002 -0.000024
 24   -0.246150 -0.011872 -0.516511 -0.000005 -0.000006 0.000048
 25   4.941364 1.997338 1.629330 0.000018 -0.000001 -0.000024
 26   4.941382 1.997366 -1.629410 -0.000001 0.000005 -0.000024
 27   2.914462 1.619264 1.514501 -0.000019 -0.000022 -0.000050
 28   2.920798 1.618870 -1.501142 -0.000002 -0.000009 -0.000024
 29   8.824059 0.150544 0.091743 -0.047408 -0.258880 -0.476090
 30   2.103272 -0.709621 1.768695 -0.052445 0.026752 -0.236880
 31   1.992380 -0.897237 -1.845786 -0.058254 0.010982 -0.230084
 32   -0.814395 -0.093824 3.127092 0.296104 -3.055464 -0.188299
 33   14.298673 -0.408176 0.471578 -0.039553 -0.142098 -0.147392
 34   15.835795 0.581398 0.242756 0.049979 0.016253 -0.174387
 35   -0.815868 -0.091229 -3.114430 0.009430 3.088316 0.056744
 36   14.294526 -0.410349 -0.467541 -0.078191 0.082658 -1.933199
 37   15.834409 0.579420 -0.284600 0.220623 0.254817 -0.265436
 38   1.413131 -3.242805 -2.886315 0.113897 -0.208824 0.438965
 39   -4.473368 -1.062667 -0.718835 -0.007646 0.023777 -0.006339
 40   0.680588 -3.938065 2.932593 0.092111 -0.235757 0.459370
 41   -4.433840 -1.059130 0.959566 0.071943 -0.115184 -0.012032
 42   -0.079325 2.330134 -2.672988 0.021081 -0.014870 -0.283514
 43   -0.164053 2.288440 2.885002 0.021090 -0.014873 -0.283514
time 80
  0   -0.463625 0.433607 -1.491862 0.000000 0.000000 -1.571069
  1   -1.093036 0.000002 -0.326057 -1.600207 -1.681092 0.029442
  2   2.262337 0.113614 0.064702 -0.134599 -0.007633 -0.104589
  3   2.380047 0.353302 0.047440 -0.209474 -0.001227 0.079561
  4   2.033756 0.190472 -0.000128 -0.129237 -0.025204 -0.133740
  5   2.451511 0.204909 -0.003447 -0.055065 -0.077007 -0.046720
  6   7.247600 -0.397300 -0.109469 0.000001 0.000021 0.156829
  7   -2.022252 -0.104661 3.136172 2.019733 -1.451515 -5.214721
  8   1.168026 -0.537438 -0.063437 -0.641303 0.390807 1.070683
  9   6.790376 -0.619176 0.015206 0.036348 0.036823 -0.962740
 10   8.637599 0.544015 -0.090417 -1.201032 -0.262405 -0.548924
 11   6.790465 -0.619039 0.017802 0.029613 0.011089 -0.689417
 12   -2.022474 -0.104699 -2.873818 -2.588560 1.423156 -5.763398
 13   1.167898 -0.537463 0.063297 0.425363 -0.631965 -0.060202
 14   7.002743 -0.617765 -0.183752 0.002393 -0.096454 -1.264644
 15   8.209042 0.615527 -0.255885 1.929892 0.196727 -0.266355
 16   7.002735 -0.617911 -0.183641 0.002998 -0.061933 -0.903551
 17   1.574674 0.609930 -0.000899 0.490869 -0.168240 0.492535
 18   -0.602177 0.511412 -0.000006 0.000000 0.000000 0.000000
 19   3.673773 0.177020 1.119313 -0.000002 -0.000014 -0.174510
 20   3.673767 0.176993 -1.117566 0.000007 -0.000003 -0.174546
 21   3.942357 1.334540 1.627658 0.000002 -0.000011 -0.000026
 22   -0.246060 -0.011889 0.516521 -0.000011 0.000031 0.000025
 23   3.942374 1.334565 -1.631083 0.000019 0.000002 -0.000024
 24   -0.246150 -0.011872 -0.516511 -0.000005 -0.000006 0.000048
 25   4.941364 1.997338 1.629330 0.000018 -0.000001 -0.000024
 26   4.941382 1.997366 -1.629410 -0.000001 0.000005 -0.000024
 27   2.914462 1.619264 1.514501 -0.000019 -0.000022 -0.000050
 28   2.916892 1.618870 -1.501142 -0.000002 -0.000009 -0.000024
 29   8.824059 0.150544 0.091743 -0.045180 -0.249884 -0.474963
 30   2.103272 -0.713527 1.764788 -0.050126 0.029251 -0.236344
 31   1.992380 -0.897237 -1.841880 -0.057212 0.009998 -0.228846
 32   -0.814395 -0.093824 3.127092 0.296476 -3.055464 -0.187673
 33   14.298673 -0.408176 0.471578 -0.039601 -0.142059 -0.146757
 34   15.835795 0.581398 0.242756 0.048921 0.016131 -0.174563
 35   -0.815868 -0.091229 -3.114430 0.009430 3.088410 0.057401
 36   14.294526 -0.410349 -0.467541 -0.078155 0.082646 -1.933122
 37   15.834409 0.579420 -0.284600 0.220642 0.254843 -0.265589
 38   1.409225 -3.250618 -2.878502 0.110213 -0.202811 0.443119
 39   -4.477274 -1.062667 -0.711023 -0.009324 0.027409 -0.006899
 40   0.688400 -3.930253 2.936500 0.087185 -0.228912 0.457903
 41   -4.433840 -1.059130 0.959566 0.069797 -0.111553 -0.011948
 42   -0.059794 2.353572 -2.672988 0.021177 -0.014962 -0.294262
 43   -0.148427 2.311878 2.885002 0.021177 -0.014968 -0.294262
time 81
  0   -0.463625 0.433607 -1.491862 0.000000 0.000000 -1.571069
  1   -1.093036 0.000002 -0.326057 -1.599473 -1.681323 0.028571
  2   2.262337 0.113614 0.064702 -0.134611 -0.007633 -0.104589
  3   2.380047 0.353302 0.047440 -0.209489 -0.001227 0.079561
  4   2.033756 0.190472 -0.000128 -0.129237 -0.025204 -0.133740
  5   2.451511 0.204909 -0.003447 -0.055065 -0.077020 -0.046720
  6   7.247600 -0.397300 -0.109469 0.000001 0.000021 0.156829
  7   -2.022252 -0.104661 3.136172 2.017241 -1.451688 -5.212185
  8   1.168026 -0.537438 -0.063437 -0.642695 0.391612 1.070430
  9   6.790376 -0.619176 0.015206 0.036348 0.036823 -0.962891
 10   8.637599 0.544015 -0.090417 -1.201032 -0.262405 -0.548924
 11   6.790465 -0.619039 0.017802 0.029613 0.011089 -0.689417
 12   -2.022474 -0.104699 -2.873818 -2.587602 1.423475 -5.762441
 13   1.167898 -0.537463 0.063297 0.425363 -0.630185 -0.060384
 14   7.002743 -0.617765 -0.183752 0.002393 -0.096454 -1.264314
 15   8.209042 0.615527 -0.255885 1.929892 0.196727 -0.266355
 16   7.002735 -0.617911 -0.183641 0.002998 -0.061933 -0.903331
 17   1.574674 0.609930 -0.000899 0.490869 -0.168098 0.492461
 18   -0.602177 0.511412 -0.000006 0.000000 0.000000 0.000000
 19   3.673773 0.177020 1.119313 -0.000002 -0.000014 -0.174510
 20   3.673767 0.176993 -1.117566 0.000007 -0.000003 -0.174546
 21   3.942357 1.334540 1.627658 0.000002 -0.000011 -0.000026
 22   -0.246060 -0.011889 0.516521 -0.000011 0.000031 0.000025
 23   3.942374 1.334565 -1.631083 0.000019 0.000002 -0.000024
 24   -0.246150 -0.011872 -0.516511 -0.000005 -0.000006 0.000048
 25   4.941364 1.997338 1.629330 0.000018 -0.000001 -0.000024
 26   4.941382 1.997366 -1.629410 -0.000001 0.000005 -0.000024
 27   2.914462 1.619264 1.514501 -0.000019 -0.000022 -0.000050
 28   2.916892 1.618870 -1.501142 -0.000002 -0.000009 -0.000024
 29   8.824059 0.150544 0.091743 -0.042684 -0.240127 -0.473676
 30   2.107179 -0.717434 1.760882 -0.047618 0.031983 -0.235808
 31   1.996286 -0.893330 -1.841880 -0.056093 0.008936 -0.227627
 32   -0.814395 -0.093824 3.127092 0.296756 -3.055464 -0.187103
 33   14.298673 -0.408176 0.471578 -0.039649 -0.142033 -0.146201
 34   15.835795 0.581398 0.242756 0.047978 0.016058 -0.174828
 35   -0.815868 -0.091229 -3.114430 0.009430 3.088410 0.058058
 36   14.294526 -0.410349 -0.467541 -0.078119 0.082610 -1.932890
 37   15.834409 0.579420 -0.284600 0.220662 0.254843 -0.265791
 38   1.401412 -3.258430 -2.870689 0.106256 -0.196316 0.447029
 39   -4.481180 -1.066573 -0.703210 -0.011134 0.031196 -0.007460
 40   0.696213 -3.918533 2.944312 0.081839 -0.221501 0.456254
 41   -4.433840 -1.059130 0.959566 0.067472 -0.107634 -0.011864
 42   -0.040262 2.377010 -2.672988 0.021261 -0.015054 -0.304927
 43   -0.128895 2.335316 2.885002 0.021252 -0.015062 -0.304927
time 82
  0   -0.463625 0.433607 -1.491862 0.000000 0.000000 -1.571069
  1   -1.093036 0.000002 -0.326057 -1.598425 -1.681555 0.027749
  2   2.262337 0.113614 0.064702 -0.134662 -0.007633 -0.104589
  3   2.380047 0.353302 0.047440 -0.209519 -0.001227 0.079561
  4   2.033756 0.190472 -0.000128 -0.129237 -0.025227 -0.133740
  5   2.451511 0.204909 -0.003447 -0.055065 -0.077020 -0.046720
  6   7.247600 -0.397300 -0.109469 0.000001 0.000021 0.156829
  7   -2.022252 -0.104661 3.136172 2.014749 -1.451774 -5.209743
  8   1.168026 -0.537438 -0.063437 -0.644024 0.392216 1.069987
  9   6.790376 -0.619176 0.015206 0.036348 0.036823 -0.962891
 10   8.637599 0.544015 -0.090417 -1.201032 -0.262405 -0.548924
 11   6.790465 -0.619039 0.017802 0.029613 0.011089 -0.689417
 12   -2.022474 -0.104699 -2.873818 -2.586931 1.423882 -5.761962
 13   1.167898 -0.537463 0.063297 0.425152 -0.628354 -0.060626
 14   7.002743 -0.617765 -0.183752 0.002393 -0.096454 -1.263984
 15   8.209042 0.615527 -0.255885 1.929892 0.196727 -0.266355
 16   7.002735 -0.617911 -0.183641 0.002998 -0.061877 -0.903165
 17   1.574674 0.609930 -0.000899 0.490869 -0.168027 0.492350
 18   -0.602177 0.511412 -0.000006 0.000000 0.000000 0.000000
 19   3.677679 0.177020 1.119313 -0.000002 -0.000014 -0.174510
 20   3.677673 0.176993 -1.117566 0.000007 -0.000003 -0.174546
 21   3.942357 1.334540 1.627658 0.000002 -0.000011 -0.000026
 22   -0.246060 -0.011889 0.516521 -0.000011 0.000031 0.000025
 23   3.942374 1.334565 -1.631083 0.000019 0.000002 -0.000024
 24   -0.246150 -0.011872 -0.516511 -0.000005 -0.000006 0.000048
 25   4.941364 1.997338 1.629330 0.000018 -0.000001 -0.000024
 26   4.941382 1.997366 -1.629410 -0.000001 0.000005 -0.000024
 27   2.914462 1.619264 1.514501 -0.000019 -0.000022 -0.000050
 28   2.916892 1.618870 -1.501142 -0.000002 -0.000009 -0.000024
 29   8.824059 0.150544 0.091743 -0.040010 -0.229659 -0.472335
 30   2.111085 -0.721340 1.756975 -0.044933 0.034918 -0.235315
 31   2.000193 -0.893330 -1.841880 -0.054883 0.007796 -0.226463
 32   -0.814395 -0.093824 3.127092 0.297129 -3.055368 -0.186762
 33   14.298673 -0.408176 0.471578 -0.039685 -0.141981 -0.145566
 34   15.835795 0.581398 0.242756 0.047126 0.015936 -0.174960
 35   -0.815868 -0.091229 -3.114430 0.009430 3.088503 0.058825
 36   14.294526 -0.410349 -0.467541 -0.078071 0.082562 -1.932813
 37   15.834409 0.579420 -0.284600 0.220701 0.254843 -0.266096
 38   1.393599 -3.266243 -2.862877 0.101983 -0.189351 0.450817
 39   -4.485087 -1.066573 -0.695397 -0.013075 0.035151 -0.007993
 40   0.700119 -3.910721 2.948219 0.076092 -0.213560 0.454543
 41   -4.433840 -1.059130 0.959566 0.064991 -0.103427 -0.011752
 42   -0.020730 2.400448 -2.672988 0.021333 -0.015146 -0.315592
 43   -0.113270 2.358754 2.885002 0.021340 -0.015140 -0.315592
time 83
  0   -0.463625 0.433607 -1.491862 0.000000 0.000000 -1.571069
  1   -1.093036 0.000002 -0.326057 -1.597377 -1.681833 0.026781
  2   2.262337 0.113614 0.064702 -0.134713 -0.007621 -0.104589
  3   2.380047 0.353302 0.047440 -0.209564 -0.001227 0.079561
  4   2.033756 0.190472 -0.000128 -0.129274 -0.025251 -0.133704
  5   2.451511 0.204909 -0.003447 -0.055065 -0.077020 -0.046720
  6   7.247600 -0.397300 -0.109469 0.000001 0.000021 0.156829
  7   -2.022252 -0.104661 3.136172 2.012257 -1.452005 -5.207396
  8   1.168026 -0.537438 -0.063437 -0.645543 0.392920 1.069734
  9   6.790376 -0.619176 0.015206 0.036348 0.036823 -0.962891
 10   8.637599 0.544015 -0.090417 -1.201032 -0.262405 -0.548924
 11   6.790465 -0.619039 0.017802 0.029613 0.011089 -0.689474
 12   -2.022474 -0.104699 -2.873818 -2.586069 1.424288 -5.761196
 13   1.167898 -0.537463 0.063297 0.425152 -0.626320 -0.060747
 14   7.002743 -0.617765 -0.183752 0.002393 -0.096454 -1.263819
 15   8.209042 0.615527 -0.255885 1.929892 0.196727 -0.266355
 16   7.002735 -0.617911 -0.183641 0.002998 -0.061877 -0.902944
 17   1.574674 0.609930 -0.000899 0.490706 -0.167885 0.492165
 18   -0.602177 0.511412 -0.000006 0.000000 0.000000 0.000000
 19   3.673773 0.177020 1.119313 -0.000002 -0.000014 -0.174510
 20   3.673767 0.176993 -1.117566 0.000007 -0.000003 -0.174546
 21   3.942357 1.334540 1.627658 0.000002 -0.000011 -0.000026
 22   -0.246060 -0.011889 0.516521 -0.000011 0.000031 0.000025
 23   3.942374 1.334565 -1.631083 0.000019 0.000002 -0.000024
 24   -0.246150 -0.011872 -0.516511 -0.000005 -0.000006 0.000048
 25   4.941364 1.997338 1.629330 0.000018 -0.000001 -0.000024
 26   4.941382 1.997366 -1.629410 -0.000001 0.000005 -0.000024
 27   2.914462 1.619264 1.514501 -0.000019 -0.000022 -0.000050
 28   2.916892 1.618870 -1.501142 -0.000002 -0.000009 -0.000024
 29   8.824059 0.150544 0.091743 -0.037248 -0.218549 -0.470886
 30   2.111085 -0.725246 1.753069 -0.042072 0.038027 -0.234843
 31   2.000193 -0.889424 -1.841880 -0.053596 0.006605 -0.225335
 32   -0.814395 -0.093824 3.127092 0.297315 -3.055368 -0.186193
 33   14.298673 -0.408176 0.471578 -0.039709 -0.141904 -0.145010
 34   15.835795 0.581398 0.242756 0.046321 0.015814 -0.175092
 35   -0.815868 -0.091229 -3.114430 0.009430 3.088503 0.059318
 36   14.294526 -0.410349 -0.467541 -0.078011 0.082514 -1.932504
 37   15.834409 0.579420 -0.284600 0.220701 0.254894 -0.266450
 38   1.385786 -3.274056 -2.851158 0.097457 -0.181939 0.454422
 39   -4.488993 -1.070480 -0.687584 -0.015149 0.039238 -0.008498
 40   0.707932 -3.899002 2.952125 0.070009 -0.205100 0.452710
 41   -4.433840 -1.059130 0.959566 0.062343 -0.098945 -0.011667
 42   -0.001198 2.419980 -2.672988 0.021416 -0.015223 -0.326173
 43   -0.093738 2.378286 2.885002 0.021415 -0.015219 -0.326173
time 84
  0   -0.463625 0.433607 -1.491862 0.000000 0.000000 -1.571069
  1   -1.093036 0.000002 -0.326057 -1.596172 -1.682203 0.025571
  2   2.262337 0.113614 0.064702 -0.134764 -0.007609 -0.104589
  3   2.380047 0.353302 0.047440 -0.209594 -0.001227 0.079561
  4   2.033756 0.190472 -0.000128 -0.129274 -0.025287 -0.133704
  5   2.451511 0.204909 -0.003447 -0.055065 -0.077033 -0.046720
  6   7.247600 -0.397300 -0.109469 0.000001 0.000021 0.156829
  7   -2.022252 -0.104661 3.136172 2.009668 -1.452091 -5.205048
  8   1.168026 -0.537438 -0.063437 -0.646745 0.393675 1.069228
  9   6.790376 -0.619176 0.015206 0.036348 0.036823 -0.962891
 10   8.637599 0.544015 -0.090417 -1.201032 -0.262405 -0.548924
 11   6.790465 -0.619039 0.017802 0.029613 0.011089 -0.689474
 12   -2.022474 -0.104699 -2.873818 -2.585111 1.424607 -5.760526
 13   1.167898 -0.537463 0.063297 0.424871 -0.624489 -0.060989
 14   7.002743 -0.617765 -0.183752 0.002393 -0.096340 -1.263489
 15   8.209042 0.615527 -0.255885 1.929892 0.196727 -0.266355
 16   7.002735 -0.617911 -0.183641 0.002998 -0.061821 -0.902779
 17   1.574674 0.609930 -0.000899 0.490706 -0.167743 0.491869
 18   -0.602177 0.511412 -0.000006 0.000000 0.000000 0.000000
 19   3.673773 0.177020 1.119313 -0.000002 -0.000014 -0.174510
 20   3.677673 0.176993 -1.117566 0.000007 -0.000003 -0.174546
 21   3.942357 1.334540 1.627658 0.000002 -0.000011 -0.000026
 22   -0.246060 -0.011889 0.516521 -0.000011 0.000031 0.000025
 23   3.942374 1.334565 -1.631083 0.000019 0.000002 -0.000024
 24   -0.246150 -0.011872 -0.516511 -0.000005 -0.000006 0.000048
 25   4.941364 1.997338 1.629330 0.000018 -0.000001 -0.000024
 26   4.941382 1.997366 -1.629410 -0.000001 0.000005 -0.000024
 27   2.914462 1.619264 1.514501 -0.000019 -0.000022 -0.000050
 28   2.920798 1.618870 -1.501142 -0.000002 -0.000009 -0.000024
 29   8.824059 0.150544 0.091743 -0.034217 -0.206799 -0.469330
 30   2.111085 -0.729153 1.749163 -0.039048 0.041311 -0.234371
 31   2.004099 -0.885518 -1.837973 -0.052232 0.005362 -0.224225
 32   -0.814395 -0.093824 3.127092 0.297595 -3.055272 -0.185566
 33   14.298673 -0.408176 0.471578 -0.039733 -0.141852 -0.144613
 34   15.835795 0.581398 0.242756 0.045562 0.015668 -0.175269
 35   -0.815868 -0.091229 -3.114430 0.009430 3.088597 0.059975
 36   14.294526 -0.410349 -0.467541 -0.077951 0.082454 -1.932350
 37   15.834409 0.579420 -0.284600 0.220701 0.254894 -0.266805
 38   1.377974 -3.285775 -2.843345 0.092679 -0.174107 0.457843
 39   -4.496806 -1.074386 -0.679772 -0.017330 0.043456 -0.009003
 40   0.715745 -3.891189 2.959938 0.063568 -0.196171 0.450816
 41   -4.433840 -1.059130 0.959566 0.059550 -0.094223 -0.011555
 42   0.018334 2.443419 -2.672988 0.021488 -0.015300 -0.336670
 43   -0.078113 2.401724 2.885002 0.021490 -0.015297 -0.336670
time 85
  0   -0.463625 0.433607 -1.491862 0.000000 0.000000 -1.571069
  1   -1.093036 0.000002 -0.326057 -1.594967 -1.682527 0.024120
  2   2.262337 0.113614 0.064702 -0.134815 -0.007609 -0.104589
  3   2.380047 0.353302 0.047440 -0.209639 -0.001227 0.079622
  4   2.033756 0.190472 -0.000128 -0.129274 -0.025311 -0.133704
  5   2.451511 0.204909 -0.003447 -0.055065 -0.077033 -0.046720
  6   7.247600 -0.397300 -0.109469 0.000001 0.000021 0.156829
  7   -2.022252 -0.104661 3.136172 2.007560 -1.452236 -5.202794
  8   1.168026 -0.537438 -0.063437 -0.648074 0.394329 1.068975
  9   6.790376 -0.619176 0.015206 0.036348 0.036823 -0.962891
 10   8.637599 0.544015 -0.090417 -1.201032 -0.262405 -0.548924
 11   6.790465 -0.619039 0.017802 0.029613 0.011089 -0.689474
 12   -2.022474 -0.104699 -2.873818 -2.584536 1.424956 -5.759856
 13   1.167898 -0.537463 0.063297 0.424871 -0.622404 -0.061110
 14   7.002743 -0.617765 -0.183752 0.002393 -0.096340 -1.263159
 15   8.209042 0.615527 -0.255885 1.929892 0.196727 -0.266355
 16   7.002735 -0.617911 -0.183641 0.002998 -0.061821 -0.902613
 17   1.574674 0.609930 -0.000899 0.490706 -0.167601 0.491648
 18   -0.602177 0.511412 -0.000006 0.000000 0.000000 0.000000
 19   3.673773 0.177020 1.119313 -0.000002 -0.000014 -0.174510
 20   3.673767 0.176993 -1.117566 0.000007 -0.000003 -0.174546
 21   3.942357 1.334540 1.627658 0.000002 -0.000011 -0.000026
 22   -0.246060 -0.011889 0.516521 -0.000011 0.000031 0.000025
 23   3.942374 1.334565 -1.631083 0.000019 0.000002 -0.000024
 24   -0.246150 -0.011872 -0.516511 -0.000005 -0.000006 0.000048
 25   4.941364 1.997338 1.629330 0.000018 -0.000001 -0.000024
 26   4.941382 1.997366 -1.629410 -0.000001 0.000005 -0.000024
 27   2.914462 1.619264 1.514501 -0.000019 -0.000022 -0.000050
 28   2.916892 1.618870 -1.501142 -0.000002 -0.000009 -0.000024
 29   8.824059 0.150544 0.091743 -0.031098 -0.194455 -0.467721
 30   2.114991 -0.733059 1.745256 -0.035888 0.044770 -0.233942
 31   2.008005 -0.885518 -1.837973 -0.050807 0.004041 -0.223169
 32   -0.814395 -0.093824 3.127092 0.297781 -3.055272 -0.184997
 33   14.298673 -0.408176 0.471578 -0.039757 -0.141788 -0.144137
 34   15.835795 0.581398 0.242756 0.044849 0.015521 -0.175401
 35   -0.815868 -0.091229 -3.114430 0.009518 3.088597 0.060468
 36   14.294526 -0.410349 -0.467541 -0.077867 0.082382 -1.932118
 37   15.834409 0.579420 -0.284600 0.220701 0.254945 -0.267312
 38   1.370161 -3.297494 -2.831626 0.087648 -0.165888 0.461142
 39   -4.500712 -1.074386 -0.668053 -0.019619 0.047795 -0.009452
 40   0.727464 -3.879470 2.967751 0.056790 -0.186807 0.448739
 41   -4.433840 -1.059130 0.959566 0.056614 -0.089249 -0.011443
 42   0.037866 2.466857 -2.672988 0.021560 -0.015376 -0.347084
 43   -0.062487 2.425163 2.885002 0.021552 -0.015376 -0.347084
time 86
  0   -0.463625 0.433607 -1.491862 0.000000 0.000000 -1.571069
  1   -1.093036 0.000002 -0.326057 -1.593604 -1.682944 0.022862
  2   2.262337 0.113614 0.064702 -0.134853 -0.007597 -0.104589
  3   2.380047 0.353302 0.047440 -0.209684 -0.001227 0.079622
  4   2.033756 0.190472 -0.000128 -0.129274 -0.025347 -0.133704
  5   2.451511 0.204909 -0.003447 -0.055065 -0.077033 -0.046720
  6   7.247600 -0.397300 -0.109469 0.000001 0.000021 0.156829
  7   -2.022252 -0.104661 3.136172 2.005163 -1.452409 -5.200540
  8   1.168026 -0.537438 -0.063437 -0.649466 0.394983 1.068722
  9   6.790376 -0.619176 0.015206 0.036348 0.036823 -0.963042
 10   8.637599 0.544015 -0.090417 -1.201032 -0.262405 -0.548924
 11   6.790465 -0.619039 0.017802 0.029643 0.011089 -0.689474
 12   -2.022474 -0.104699 -2.873818 -2.583578 1.425362 -5.759281
 13   1.167898 -0.537463 0.063297 0.424660 -0.620319 -0.061292
 14   7.002743 -0.617765 -0.183752 0.002393 -0.096340 -1.262994
 15   8.209042 0.615527 -0.255885 1.929892 0.196727 -0.266355
 16   7.002735 -0.617911 -0.183641 0.002998 -0.061821 -0.902392
 17   1.574674 0.609930 -0.000899 0.490706 -0.167459 0.491463
 18   -0.602177 0.511412 -0.000006 0.000000 0.000000 0.000000
 19   3.673773 0.177020 1.119313 -0.000002 -0.000014 -0.174510
 20   3.673767 0.176993 -1.117566 0.000007 -0.000003 -0.174546
 21   3.942357 1.334540 1.627658 0.000002 -0.000011 -0.000026
 22   -0.246060 -0.011889 0.516521 -0.000011 0.000031 0.000025
 23   3.938468 1.334565 -1.631083 0.000019 0.000002 -0.000024
 24   -0.246150 -0.011872 -0.516511 -0.000005 -0.000006 0.000048
 25   4.941364 1.997338 1.629330 0.000018 -0.000001 -0.000024
 26   4.941382 1.997366 -1.629410 -0.000001 0.000005 -0.000024
 27   2.914462 1.619264 1.514501 -0.000019 -0.000022 -0.000050
 28   2.916892 1.618870 -1.501142 -0.000002 -0.000009 -0.000024
 29   8.824059 0.150544 0.091743 -0.027890 -0.181566 -0.466058
 30   2.118898 -0.736966 1.741350 -0.032566 0.048373 -0.233513
 31   2.011912 -0.881611 -1.837973 -0.049321 0.002668 -0.222132
 32   -0.814395 -0.093824 3.127092 0.298154 -3.055177 -0.184371
 33   14.298673 -0.408176 0.471578 -0.039781 -0.141723 -0.143581
 34   15.835795 0.581398 0.242756 0.044159 0.015399 -0.175445
 35   -0.815868 -0.091229 -3.114430 0.009518 3.088597 0.061126
 36   14.294526 -0.410349 -0.467541 -0.077795 0.082322 -1.931809
 37   15.834409 0.579420 -0.284600 0.220701 0.254971 -0.267769
 38   1.362348 -3.309213 -2.823813 0.082407 -0.157296 0.464319
 39   -4.504619 -1.078292 -0.660240 -0.022016 0.052253 -0.009900
 40   0.735277 -3.867751 2.971657 0.049739 -0.177010 0.446662
 41   -4.433840 -1.059130 0.959566 0.053546 -0.084072 -0.011303
 42   0.057398 2.490295 -2.672988 0.021620 -0.015453 -0.357456
 43   -0.046862 2.448601 2.885002 0.021627 -0.015454 -0.357456
time 87
  0   -0.463625 0.433607 -1.491862 0.000000 0.000000 -1.571069
  1   -1.093036 0.000002 -0.326057 -1.592137 -1.683361 0.021410
  2   2.262337 0.113614 0.064702 -0.134942 -0.007586 -0.104571
  3   2.380047 0.353302 0.047440 -0.209729 -0.001227 0.079663
  4   2.033756 0.190472 -0.000128 -0.129329 -0.025383 -0.133704
  5   2.451511 0.204909 -0.003447 -0.055065 -0.077046 -0.046720
  6   7.247600 -0.397300 -0.109469 0.000001 0.000021 0.156829
  7   -2.022252 -0.104661 3.136172 2.002862 -1.452553 -5.198473
  8   1.168026 -0.537438 -0.063437 -0.650542 0.395587 1.068279
  9   6.790376 -0.619176 0.015206 0.036348 0.036823 -0.963042
 10   8.637599 0.544015 -0.090417 -1.201032 -0.262405 -0.548924
 11   6.790465 -0.619039 0.017802 0.029643 0.011089 -0.689532
 12   -2.022474 -0.104699 -2.873818 -2.583099 1.425681 -5.758707
 13   1.167898 -0.537463 0.063297 0.424660 -0.618234 -0.061413
 14   7.002743 -0.617765 -0.183752 0.002393 -0.096340 -1.262664
 15   8.209042 0.615527 -0.255885 1.929892 0.196727 -0.266355
 16   7.002735 -0.617911 -0.183641 0.002998 -0.061764 -0.902171
 17   1.574674 0.609930 -0.000899 0.490706 -0.167317 0.491241
 18   -0.602177 0.511412 -0.000006 0.000000 0.000000 0.000000
 19   3.673773 0.177020 1.119313 -0.000002 -0.000014 -0.174510
 20   3.673767 0.176993 -1.117566 0.000007 -0.000003 -0.174546
 21   3.942357 1.334540 1.627658 0.000002 -0.000011 -0.000026
 22   -0.246060 -0.011889 0.516521 -0.000011 0.000031 0.000025
 23   3.942374 1.334565 -1.631083 0.000019 0.000002 -0.000024
 24   -0.246150 -0.011872 -0.516511 -0.000005 -0.000006 0.000048
 25   4.941364 1.997338 1.629330 0.000018 -0.000001 -0.000024
 26   4.941382 1.997366 -1.629410 -0.000001 0.000005 -0.000024
 27   2.914462 1.623171 1.514501 -0.000019 -0.000022 -0.000050
 28   2.916892 1.618870 -1.501142 -0.000002 -0.000009 -0.000024
 29   8.824059 0.150544 0.091743 -0.024503 -0.168177 -0.464341
 30   2.122804 -0.740872 1.737444 -0.029135 0.052122 -0.233127
 31   2.011912 -0.877705 -1.837973 -0.047774 0.001269 -0.221132
 32   -0.814395 -0.093824 3.127092 0.298434 -3.055177 -0.183745
 33   14.298673 -0.408176 0.471578 -0.039805 -0.141645 -0.143184
 34   15.835795 0.581398 0.242756 0.043469 0.015228 -0.175533
 35   -0.815868 -0.091229 -3.114430 0.009518 3.088691 0.061509
 36   14.294526 -0.410349 -0.467541 -0.077711 0.082226 -1.931500
 37   15.834409 0.579420 -0.284600 0.220662 0.254971 -0.268276
 38   1.350629 -3.320932 -2.816000 0.076955 -0.148379 0.467313
 39   -4.512431 -1.082199 -0.652427 -0.024497 0.056807 -0.010321
 40   0.743090 -3.856031 2.979470 0.042393 -0.166840 0.444463
 41   -4.433840 -1.059130 0.959566 0.050358 -0.078679 -0.011191
 42   0.073023 2.509827 -2.672988 0.021692 -0.015514 -0.367702
 43   -0.027330 2.468133 2.885002 0.021690 -0.015517 -0.367702
time 88
  0   -0.455812 0.433607 -1.491862 0.000000 0.000000 -1.571069
  1   -1.093036 0.000002 -0.326057 -1.590617 -1.683777 0.020007
  2   2.262337 0.113614 0.064702 -0.135006 -0.007586 -0.104552
  3   2.380047 0.353302 0.047440 -0.209789 -0.001227 0.079663
  4   2.033756 0.190472 -0.000128 -0.129329 -0.025419 -0.133704
  5   2.451511 0.204909 -0.003447 -0.055065 -0.077046 -0.046695
  6   7.247600 -0.397300 -0.109469 0.000001 0.000021 0.156829
  7   -2.022252 -0.104661 3.136172 2.000849 -1.452697 -5.196313
  8   1.168026 -0.537438 -0.063437 -0.651681 0.396241 1.068026
  9   6.790376 -0.619176 0.015206 0.036348 0.036889 -0.963042
 10   8.637599 0.544015 -0.090417 -1.201032 -0.262405 -0.548924
 11   6.790465 -0.619039 0.017802 0.029643 0.011089 -0.689590
 12   -2.022474 -0.104699 -2.873818 -2.582237 1.425942 -5.757941
 13   1.167898 -0.537463 0.063297 0.424449 -0.616098 -0.061534
 14   7.002743 -0.617765 -0.183752 0.002393 -0.096227 -1.262334
 15   8.209042 0.615527 -0.255885 1.929892 0.196727 -0.266355
 16   7.002735 -0.617911 -0.183641 0.002998 -0.061764 -0.902061
 17   1.574674 0.609930 -0.000899 0.490706 -0.167104 0.490908
 18   -0.602177 0.511412 -0.000006 0.000000 0.000000 0.000000
 19   3.677679 0.177020 1.119313 -0.000002 -0.000014 -0.174510
 20   3.673767 0.176993 -1.117566 0.000007 -0.000003 -0.174546
 21   3.942357 1.334540 1.627658 0.000002 -0.000011 -0.000026
 22   -0.246060 -0.011889 0.516521 -0.000011 0.000031 0.000025
 23   3.942374 1.334565 -1.631083 0.000019 0.000002 -0.000024
 24   -0.246150 -0.011872 -0.516511 -0.000005 -0.000006 0.000048
 25   4.941364 1.997338 1.629330 0.000018 -0.000001 -0.000024
 26   4.941382 1.997366 -1.629410 -0.000001 0.000005 -0.000024
 27   2.914462 1.619264 1.514501 -0.000019 -0.000022 -0.000050
 28   2.916892 1.618870 -1.501142 -0.000002 -0.000009 -0.000024
 29   8.824059 0.150544 0.091743 -0.020938 -0.154314 -0.462517
 30   2.122804 -0.744778 1.729631 -0.025569 0.055987 -0.232741
 31   2.015818 -0.873799 -1.834067 -0.046165 -0.000181 -0.220167
 32   -0.814395 -0.093824 3.127092 0.298620 -3.055081 -0.183176
 33   14.298673 -0.408176 0.471578 -0.039829 -0.141568 -0.142787
 34   15.835795 0.581398 0.242756 0.042848 0.015033 -0.175710
 35   -0.815868 -0.091229 -3.114430 0.009518 3.088691 0.062112
 36   14.294526 -0.410349 -0.467541 -0.077628 0.082154 -1.931191
 37   15.834409 0.579420 -0.284600 0.220662 0.255022 -0.268783
 38   1.342816 -3.332652 -2.804281 0.071293 -0.139136 0.470184
 39   -4.516338 -1.086105 -0.640708 -0.027073 0.061445 -0.010714
 40   0.754809 -3.840406 2.987282 0.034794 -0.156307 0.442141
 41   -4.433840 -1.059130 0.959566 0.047062 -0.073106 -0.011050
 42   0.092555 2.533265 -2.672988 0.021752 -0.015576 -0.377865
 43   -0.011704 2.491571 2.885002 0.021752 -0.015580 -0.377865
time 89
  0   -0.455812 0.433607 -1.491862 0.000000 0.000000 -1.571069
  1   -1.093036 0.000002 -0.326057 -1.589202 -1.684241 0.018458
  2   2.262337 0.113614 0.064702 -0.135057 -0.007574 -0.104516
  3   2.380047 0.353302 0.047440 -0.209834 -0.001227 0.079724
  4   2.033756 0.190472 -0.000128 -0.129366 -0.025455 -0.133595
  5   2.451511 0.204909 -0.003447 -0.055065 -0.077046 -0.046695
  6   7.247600 -0.397300 -0.109469 0.000001 0.000021 0.156829
  7   -2.022252 -0.104661 3.136172 1.998837 -1.452754 -5.194341
  8   1.168026 -0.537438 -0.063437 -0.652820 0.396744 1.067773
  9   6.790376 -0.619176 0.015206 0.036348 0.036889 -0.963193
 10   8.637599 0.544015 -0.090417 -1.201032 -0.262405 -0.548924
 11   6.790465 -0.619039 0.017802 0.029643 0.011089 -0.689590
 12   -2.022474 -0.104699 -2.873818 -2.581566 1.426233 -5.757366
 13   1.167898 -0.537463 0.063297 0.424379 -0.613963 -0.061655
 14   7.002743 -0.617765 -0.183752 0.002393 -0.096227 -1.262169
 15   8.209042 0.615527 -0.255885 1.929892 0.196727 -0.266355
 16   7.002735 -0.617911 -0.183641 0.002998 -0.061764 -0.901840
 17   1.574674 0.609930 -0.000899 0.490706 -0.166962 0.490613
 18   -0.602177 0.511412 -0.000006 0.000000 0.000000 0.000000
 19   3.673773 0.177020 1.119313 -0.000002 -0.000014 -0.174510
 20   3.673767 0.176993 -1.117566 0.000007 -0.000003 -0.174546
 21   3.942357 1.334540 1.627658 0.000002 -0.000011 -0.000026
 22   -0.246060 -0.011889 0.516521 -0.000011 0.000031 0.000025
 23   3.942374 1.334565 -1.631083 0.000019 0.000002 -0.000024
 24   -0.246150 -0.011872 -0.516511 -0.000005 -0.000006 0.000048
 25   4.941364 1.997338 1.629330 0.000018 -0.000001 -0.000024
 26   4.941382 1.997366 -1.629410 -0.000001 0.000005 -0.000024
 27   2.914462 1.619264 1.514501 -0.000019 -0.000022 -0.000050
 28   2.916892 1.618870 -1.501142 -0.000002 -0.000009 -0.000024
 29   8.824059 0.150544 0.091743 -0.017373 -0.140024 -0.460639
 30   2.126710 -0.752591 1.725724 -0.021894 0.059998 -0.232377
 31   2.019724 -0.873799 -1.834067 -0.044525 -0.001684 -0.219239
 32   -0.814395 -0.093824 3.127092 0.298807 -3.055081 -0.182606
 33   14.298673 -0.408176 0.471578 -0.039841 -0.141503 -0.142390
 34   15.835795 0.581398 0.242756 0.042250 0.014789 -0.175754
 35   -0.815868 -0.091229 -3.114430 0.009606 3.088784 0.062660
 36   14.294526 -0.410349 -0.467541 -0.077544 0.082082 -1.930882
 37   15.834409 0.579420 -0.284600 0.220642 0.255022 -0.269239
 38   1.331097 -3.344371 -2.792562 0.065484 -0.129616 0.472872
 39   -4.524150 -1.090011 -0.628989 -0.029734 0.066179 -0.011106
 40   0.762621 -3.828687 2.995095 0.026964 -0.145450 0.439819
 41   -4.433840 -1.059130 0.959566 0.043671 -0.067353 -0.010910
 42   0.112087 2.552797 -2.672988 0.021800 -0.015637 -0.387944
 43   0.003921 2.511103 2.885002 0.021802 -0.015642 -0.387944
time 90
  0   -0.455812 0.433607 -1.491862 0.000000 0.000000 -1.571069
  1   -1.093036 0.000002 -0.326057 -1.587787 -1.684657 0.017007
  2   2.262337 0.113614 0.064702 -0.135134 -0.007562 -0.104480
  3   2.380047 0.353302 0.047440 -0.209879 -0.001227 0.079765
  4   2.033756 0.190472 -0.000128 -0.129366 -0.025491 -0.133559
  5   2.451511 0.204909 -0.003447 -0.055082 -0.077046 -0.046621
  6   7.247600 -0.397300 -0.109469 0.000001 0.000021 0.156829
  7   -2.022252 -0.104661 3.136172 1.996823 -1.452899 -5.192463
  8   1.168026 -0.537438 -0.063437 -0.653959 0.397348 1.067520
  9   6.790376 -0.619176 0.015206 0.036348 0.036889 -0.963193
 10   8.637599 0.544015 -0.090417 -1.201032 -0.262405 -0.548924
 11   6.790465 -0.619039 0.017802 0.029643 0.011117 -0.689705
 12   -2.022474 -0.104699 -2.873818 -2.580992 1.426581 -5.756792
 13   1.167898 -0.537463 0.063297 0.424168 -0.611776 -0.061776
 14   7.002743 -0.617765 -0.183752 0.002393 -0.096227 -1.261839
 15   8.209042 0.615527 -0.255885 1.929892 0.196727 -0.266355
 16   7.002735 -0.617911 -0.183641 0.002998 -0.061764 -0.901620
 17   1.574674 0.609930 -0.000899 0.490625 -0.166749 0.490428
 18   -0.602177 0.511412 -0.000006 0.000000 0.000000 0.000000
 19   3.673773 0.177020 1.119313 -0.000002 -0.000014 -0.174510
 20   3.677673 0.176993 -1.117566 0.000007 -0.000003 -0.174546
 21   3.942357 1.334540 1.627658 0.000002 -0.000011 -0.000026
 22   -0.246060 -0.011889 0.516521 -0.000011 0.000031 0.000025
 23   3.942374 1.334565 -1.631083 0.000019 0.000002 -0.000024
 24   -0.246150 -0.011872 -0.516511 -0.000005 -0.000006 0.000048
 25   4.941364 1.997338 1.629330 0.000018 -0.000001 -0.000024
 26   4.941382 1.997366 -1.629410 -0.000001 0.000005 -0.000024
 27   2.914462 1.619264 1.514501 -0.000019 -0.000022 -0.000050
 28   2.916892 1.618870 -1.501142 -0.000002 -0.000009 -0.000024
 29   8.824059 0.150544 0.091743 -0.013630 -0.125354 -0.458762
 30   2.130617 -0.756497 1.721818 -0.018124 0.064095 -0.232034
 31   2.023631 -0.869892 -1.834067 -0.042825 -0.003212 -0.218329
 32   -0.814395 -0.093824 3.127092 0.299086 -3.054986 -0.181923
 33   14.298673 -0.408176 0.471578 -0.039853 -0.141439 -0.141993
 34   15.835795 0.581398 0.242756 0.041652 0.014496 -0.175842
 35   -0.815868 -0.091229 -3.114430 0.009606 3.088784 0.063043
 36   14.294526 -0.410349 -0.467541 -0.077484 0.081998 -1.930573
 37   15.834409 0.579420 -0.284600 0.220642 0.255073 -0.269746
 38   1.323284 -3.356090 -2.776937 0.059506 -0.119831 0.475438
 39   -4.528057 -1.090011 -0.617270 -0.032454 0.070973 -0.011471
 40   0.774341 -3.816968 3.002908 0.018923 -0.134291 0.437376
 41   -4.433840 -1.059130 0.959566 0.040171 -0.061445 -0.010770
 42   0.127712 2.576235 -2.672988 0.021860 -0.015698 -0.397898
 43   0.019547 2.534541 2.885002 0.021865 -0.015705 -0.397898
time 91
  0   -0.455812 0.433607 -1.491862 0.000000 0.000000 -1.571069
  1   -1.093036 0.000002 -0.326057 -1.586372 -1.685120 0.015700
  2   2.262337 0.113614 0.064702 -0.135197 -0.007562 -0.104408
  3   2.380047 0.353302 0.047440 -0.209924 -0.001227 0.079826
  4   2.033756 0.190472 -0.000128 -0.129403 -0.025527 -0.133559
  5   2.451511 0.204909 -0.003447 -0.055082 -0.077059 -0.046621
  6   7.247600 -0.397300 -0.109469 0.000001 0.000021 0.156829
  7   -2.022252 -0.104661 3.136172 1.994906 -1.453043 -5.190679
  8   1.168026 -0.537438 -0.063437 -0.655098 0.397851 1.067267
  9   6.790376 -0.619176 0.015206 0.036348 0.036889 -0.963344
 10   8.637599 0.544015 -0.090417 -1.201032 -0.262405 -0.548924
 11   6.790465 -0.619039 0.017802 0.029643 0.011117 -0.689763
 12   -2.022474 -0.104699 -2.873818 -2.580321 1.426871 -5.756409
 13   1.167898 -0.537463 0.063297 0.423957 -0.609640 -0.061897
 14   7.002743 -0.617765 -0.183752 0.002393 -0.096227 -1.261508
 15   8.209042 0.615527 -0.255885 1.929892 0.196727 -0.266355
 16   7.002735 -0.617911 -0.183641 0.003045 -0.061764 -0.901454
 17   1.574674 0.609930 -0.000899 0.490625 -0.166607 0.490169
 18   -0.602177 0.511412 -0.000006 0.000000 0.000000 0.000000
 19   3.673773 0.177020 1.119313 -0.000002 -0.000014 -0.174510
 20   3.673767 0.176993 -1.117566 0.000007 -0.000003 -0.174546
 21   3.942357 1.334540 1.627658 0.000002 -0.000011 -0.000026
 22   -0.246060 -0.011889 0.516521 -0.000011 0.000031 0.000025
 23   3.942374 1.334565 -1.631083 0.000019 0.000002 -0.000024
 24   -0.246150 -0.011872 -0.516511 -0.000005 -0.000006 0.000048
 25   4.941364 1.997338 1.629330 0.000018 -0.000001 -0.000024
 26   4.941382 1.997366 -1.629410 -0.000001 0.000005 -0.000024
 27   2.914462 1.619264 1.514501 -0.000019 -0.000022 -0.000050
 28   2.916892 1.618870 -1.501142 -0.000002 -0.000009 -0.000024
 29   8.824059 0.150544 0.091743 -0.009798 -0.110304 -0.456830
 30   2.134523 -0.760404 1.714005 -0.014260 0.068309 -0.231712
 31   2.023631 -0.865986 -1.830161 -0.041078 -0.004792 -0.217456
 32   -0.814395 -0.093824 3.127092 0.299273 -3.054986 -0.181354
 33   14.298673 -0.408176 0.471578 -0.039877 -0.141348 -0.141596
 34   15.835795 0.581398 0.242756 0.041077 0.014204 -0.175886
 35   -0.815868 -0.091229 -3.114430 0.009606 3.088784 0.063536
 36   14.294526 -0.410349 -0.467541 -0.077400 0.081927 -1.930264
 37   15.834409 0.579420 -0.284600 0.220642 0.255099 -0.270202
 38   1.311565 -3.367809 -2.765217 0.053380 -0.109805 0.477882
 39   -4.535870 -1.093918 -0.609457 -0.035259 0.075838 -0.011808
 40   0.782153 -3.801342 3.010720 0.010672 -0.122867 0.434932
 41   -4.433840 -1.059130 0.959566 0.036600 -0.055393 -0.010630
 42   0.147244 2.595767 -2.672988 0.021908 -0.015760 -0.407726
 43   0.035172 2.554073 2.885002 0.021915 -0.015752 -0.407726
time 92
  0   -0.455812 0.433607 -1.491862 0.000000 0.000000 -1.571069
  1   -1.093036 0.000002 -0.326057 -1.585220 -1.685491 0.014394
  2   2.262337 0.113614 0.064702 -0.135248 -0.007550 -0.104372
  3   2.380047 0.353302 0.047440 -0.209969 -0.001227 0.079908
  4   2.033756 0.190472 -0.000128 -0.129403 -0.025563 -0.133559
  5   2.451511 0.204909 -0.003447 -0.055082 -0.077059 -0.046621
  6   7.247600 -0.397300 -0.109469 0.000001 0.000021 0.156829
  7   -2.022252 -0.104661 3.136172 1.992989 -1.453100 -5.189082
  8   1.168026 -0.537438 -0.063437 -0.655984 0.398304 1.067014
  9   6.790376 -0.619176 0.015206 0.036348 0.036889 -0.963344
 10   8.637599 0.544015 -0.090417 -1.201032 -0.262405 -0.548924
 11   6.790465 -0.619039 0.017802 0.029643 0.011117 -0.689820
 12   -2.022474 -0.104699 -2.873818 -2.579650 1.427074 -5.755739
 13   1.167898 -0.537463 0.063297 0.423957 -0.607301 -0.062018
 14   7.002743 -0.617765 -0.183752 0.002393 -0.096113 -1.261343
 15   8.209042 0.615527 -0.255885 1.929892 0.196727 -0.266355
 16   7.002735 -0.617911 -0.183641 0.003045 -0.061708 -0.901233
 17   1.574674 0.609930 -0.000899 0.490625 -0.166465 0.489874
 18   -0.602177 0.511412 -0.000006 0.000000 0.000000 0.000000
 19   3.673773 0.177020 1.119313 -0.000002 -0.000014 -0.174510
 20   3.673767 0.176993 -1.117566 0.000007 -0.000003 -0.174546
 21   3.942357 1.334540 1.627658 0.000002 -0.000011 -0.000026
 22   -0.246060 -0.011889 0.516521 -0.000011 0.000031 0.000025
 23   3.942374 1.334565 -1.631083 0.000019 0.000002 -0.000024
 24   -0.246150 -0.011872 -0.516511 -0.000005 -0.000006 0.000048
 25   4.941364 1.997338 1.629330 0.000018 -0.000001 -0.000024
 26   4.941382 1.997366 -1.629410 -0.000001 0.000005 -0.000024
 27   2.914462 1.619264 1.514501 -0.000019 -0.000022 -0.000050
 28   2.916892 1.618870 -1.501142 -0.000002 -0.000009 -0.000024
 29   8.824059 0.150544 0.091743 -0.005965 -0.094969 -0.454792
 30   2.134523 -0.768217 1.710099 -0.010314 0.072610 -0.231391
 31   2.027537 -0.862079 -1.830161 -0.039316 -0.006398 -0.216619
 32   -0.814395 -0.093824 3.127092 0.299459 -3.054890 -0.180785
 33   14.298673 -0.408176 0.471578 -0.039889 -0.141296 -0.141199
 34   15.835795 0.581398 0.242756 0.040548 0.013789 -0.175930
 35   -0.815868 -0.091229 -3.114430 0.009606 3.088784 0.064029
 36   14.294526 -0.410349 -0.467541 -0.077328 0.081867 -1.930032
 37   15.834409 0.579420 -0.284600 0.220623 0.255099 -0.270709
 38   1.299846 -3.383434 -2.753498 0.047129 -0.099586 0.480204
 39   -4.543682 -1.097824 -0.597738 -0.038111 0.080752 -0.012144
 40   0.793872 -3.789623 3.018533 0.002252 -0.111202 0.432366
 41   -4.433840 -1.059130 0.959566 0.032945 -0.049221 -0.010489
 42   0.162870 2.619205 -2.669082 0.021968 -0.015806 -0.417429
 43   0.050798 2.577511 2.885002 0.021965 -0.015815 -0.417429
time 93
  0   -0.455812 0.433607 -1.491862 0.000000 0.000000 -1.571069
  1   -1.093036 0.000002 -0.326057 -1.583910 -1.685861 0.013136
  2   2.262337 0.113614 0.064702 -0.135299 -0.007538 -0.104336
  3   2.380047 0.353302 0.047440 -0.210014 -0.001227 0.079969
  4   2.033756 0.190472 -0.000128 -0.129440 -0.025611 -0.133414
  5   2.451511 0.204909 -0.003447 -0.055082 -0.077059 -0.046596
  6   7.247600 -0.397300 -0.109469 0.000001 0.000021 0.156829
  7   -2.022252 -0.104661 3.136172 1.991455 -1.453245 -5.187204
  8   1.168026 -0.537438 -0.063437 -0.657060 0.398807 1.066824
  9   6.790376 -0.619176 0.015206 0.036348 0.036889 -0.963344
 10   8.637599 0.544015 -0.090417 -1.201032 -0.262405 -0.548924
 11   6.790465 -0.619039 0.017802 0.029643 0.011117 -0.689820
 12   -2.022474 -0.104699 -2.873818 -2.579075 1.427336 -5.755356
 13   1.167898 -0.537463 0.063297 0.423746 -0.605063 -0.062200
 14   7.002743 -0.617765 -0.183752 0.002393 -0.096113 -1.261014
 15   8.209042 0.615527 -0.255885 1.929892 0.196727 -0.266355
 16   7.002735 -0.617911 -0.183641 0.003045 -0.061651 -0.901012
 17   1.574674 0.609930 -0.000899 0.490625 -0.166323 0.489652
 18   -0.602177 0.511412 -0.000006 0.000000 0.000000 0.000000
 19   3.673773 0.177020 1.119313 -0.000002 -0.000014 -0.174510
 20   3.673767 0.176993 -1.117566 0.000007 -0.000003 -0.174546
 21   3.942357 1.338447 1.627658 0.000002 -0.000011 -0.000026
 22   -0.246060 -0.011889 0.516521 -0.000011 0.000031 0.000025
 23   3.942374 1.334565 -1.631083 0.000019 0.000002 -0.000024
 24   -0.246150 -0.011872 -0.516511 -0.000005 -0.000006 0.000048
 25   4.941364 1.997338 1.629330 0.000018 -0.000001 -0.000024
 26   4.941382 1.997366 -1.629410 -0.000001 0.000005 -0.000024
 27   2.914462 1.623171 1.514501 -0.000019 -0.000022 -0.000050
 28   2.916892 1.618870 -1.501142 -0.000002 -0.000009 -0.000024
 29   8.824059 0.150544 0.091743 -0.001955 -0.079350 -0.452807
 30   2.138430 -0.772123 1.706193 -0.006300 0.076969 -0.231112
 31   2.031444 -0.858173 -1.830161 -0.037508 -0.008029 -0.215800
 32   -0.814395 -0.093824 3.127092 0.299739 -3.054890 -0.180102
 33   14.298673 -0.408176 0.471578 -0.039889 -0.141232 -0.140802
 34   15.835795 0.581398 0.242756 0.039996 0.013349 -0.176018
 35   -0.815868 -0.091229 -3.114430 0.009606 3.088784 0.064577
 36   14.294526 -0.410349 -0.467541 -0.077256 0.081795 -1.929878
 37   15.834409 0.579420 -0.284600 0.220623 0.255150 -0.271166
 38   1.292033 -3.395154 -2.741779 0.040772 -0.089174 0.482403
 39   -4.547589 -1.101730 -0.586019 -0.041011 0.085714 -0.012453
 40   0.805591 -3.773998 3.026346 -0.006273 -0.099332 0.429800
 41   -4.433840 -1.059130 0.959566 0.029229 -0.042929 -0.010349
 42   0.182401 2.638737 -2.669082 0.022004 -0.015867 -0.427007
 43   0.066423 2.597043 2.885002 0.022002 -0.015862 -0.427007
time 94
  0   -0.455812 0.433607 -1.491862 0.000000 0.000000 -1.571069
  1   -1.093036 0.000002 -0.326057 -1.582914 -1.686232 0.012023
  2   2.262337 0.113614 0.064702 -0.135337 -0.007526 -0.104299
  3   2.380047 0.353302 0.047440 -0.210059 -0.001215 0.080030
  4   2.033756 0.190472 -0.000128 -0.129440 -0.025635 -0.133414
  5   2.451511 0.204909 -0.003447 -0.055082 -0.077059 -0.046522
  6   7.247600 -0.397300 -0.109469 0.000001 0.000021 0.156829
  7   -2.022252 -0.104661 3.136172 1.989538 -1.453389 -5.185607
  8   1.168026 -0.537438 -0.063437 -0.657946 0.399260 1.066571
  9   6.790376 -0.619176 0.015206 0.036348 0.036889 -0.963494
 10   8.637599 0.544015 -0.090417 -1.201032 -0.262405 -0.548924
 11   6.790465 -0.619039 0.017802 0.029643 0.011117 -0.689820
 12   -2.022474 -0.104699 -2.873818 -2.578596 1.427655 -5.754877
 13   1.167898 -0.537463 0.063297 0.423676 -0.602876 -0.062321
 14   7.002743 -0.617765 -0.183752 0.002393 -0.096113 -1.260683
 15   8.209042 0.615527 -0.255885 1.929892 0.196727 -0.266355
 16   7.002735 -0.617911 -0.183641 0.003045 -0.061651 -0.900902
 17   1.574674 0.609930 -0.000899 0.490544 -0.166181 0.489504
 18   -0.602177 0.511412 -0.000006 0.000000 0.000000 0.000000
 19   3.677679 0.177020 1.119313 -0.000002 -0.000014 -0.174510
 20   3.677673 0.176993 -1.117566 0.000007 -0.000003 -0.174546
 21   3.942357 1.334540 1.627658 0.000002 -0.000011 -0.000026
 22   -0.246060 -0.011889 0.516521 -0.000011 0.000031 0.000025
 23   3.942374 1.334565 -1.631083 0.000019 0.000002 -0.000024
 24   -0.246150 -0.011872 -0.516511 -0.000005 -0.000006 0.000048
 25   4.941364 1.997338 1.629330 0.000018 -0.000001 -0.000024
 26   4.941382 1.997366 -1.629410 -0.000001 0.000005 -0.000024
 27   2.914462 1.619264 1.514501 -0.000019 -0.000022 -0.000050
 28   2.916892 1.618870 -1.501142 -0.000002 -0.000009 -0.000024
 29   8.824059 0.150544 0.091743 0.001967 -0.063493 -0.450714
 30   2.142336 -0.776029 1.698380 -0.002218 0.081416 -0.230833
 31   2.035350 -0.858173 -1.826254 -0.035669 -0.009687 -0.215036
 32   -0.814395 -0.093824 3.127092 0.299925 -3.054795 -0.179476
 33   14.298673 -0.408176 0.471578 -0.039913 -0.141180 -0.140405
 34   15.835795 0.581398 0.242756 0.039490 0.012861 -0.176107
 35   -0.815868 -0.091229 -3.114430 0.009694 3.088784 0.064960
 36   14.294526 -0.410349 -0.467541 -0.077196 0.081735 -1.929646
 37   15.834409 0.579420 -0.284600 0.220583 0.255150 -0.271571
 38   1.280314 -3.410779 -2.726154 0.034310 -0.078606 0.484480
 39   -4.555401 -1.105637 -0.574300 -0.043959 0.090699 -0.012761
 40   0.813404 -3.758372 3.034159 -0.014966 -0.087294 0.427234
 41   -4.433840 -1.059130 0.959566 0.025454 -0.036553 -0.010209
 42   0.198027 2.658269 -2.669082 0.022052 -0.015913 -0.436417
 43   0.082049 2.616575 2.885002 0.022052 -0.015909 -0.436417
time 95
  0   -0.455812 0.433607 -1.491862 0.000000 0.000000 -1.571069
  1   -1.093036 0.000002 -0.326057 -1.581813 -1.686509 0.011152
  2   2.262337 0.113614 0.064702 -0.135388 -0.007514 -0.104245
  3   2.380047 0.353302 0.047440 -0.210089 -0.001215 0.080132
  4   2.033756 0.190472 -0.000128 -0.129440 -0.025659 -0.133305
  5   2.451511 0.204909 -0.003447 -0.055168 -0.077072 -0.046522
  6   7.247600 -0.397300 -0.109469 0.000001 0.000021 0.156829
  7   -2.022252 -0.104661 3.136172 1.988196 -1.453418 -5.184104
  8   1.168026 -0.537438 -0.063437 -0.658705 0.399763 1.066318
  9   6.790376 -0.619176 0.015206 0.036348 0.036889 -0.963494
 10   8.637599 0.544015 -0.090417 -1.201032 -0.262405 -0.548924
 11   6.790465 -0.619039 0.017802 0.029643 0.011117 -0.689878
 12   -2.022474 -0.104699 -2.873818 -2.578117 1.427887 -5.754303
 13   1.167898 -0.537463 0.063297 0.423465 -0.600486 -0.062321
 14   7.002743 -0.617765 -0.183752 0.002393 -0.096113 -1.260518
 15   8.209042 0.615527 -0.255885 1.929892 0.196727 -0.266355
 16   7.002735 -0.617911 -0.183641 0.003045 -0.061651 -0.900681
 17   1.574674 0.609930 -0.000899 0.490544 -0.166039 0.489319
 18   -0.602177 0.511412 -0.000006 0.000000 0.000000 0.000000
 19   3.673773 0.177020 1.119313 -0.000002 -0.000014 -0.174510
 20   3.677673 0.176993 -1.117566 0.000007 -0.000003 -0.174546
 21   3.942357 1.334540 1.627658 0.000002 -0.000011 -0.000026
 22   -0.246060 -0.011889 0.516521 -0.000011 0.000031 0.000025
 23   3.942374 1.334565 -1.631083 0.000019 0.000002 -0.000024
 24   -0.246150 -0.011872 -0.516511 -0.000005 -0.000006 0.000048
 25   4.941364 1.997338 1.629330 0.000018 -0.000001 -0.000024
 26   4.941382 1.997366 -1.629410 -0.000001 0.000005 -0.000024
 27   2.914462 1.619264 1.514501 -0.000019 -0.000022 -0.000050
 28   2.916892 1.618870 -1.501142 -0.000002 -0.000009 -0.000024
 29   8.824059 0.150544 0.091743 0.005977 -0.047422 -0.448622
 30   2.146242 -0.783842 1.694474 0.001890 0.085920 -0.230576
 31   2.039256 -0.854267 -1.826254 -0.033815 -0.011345 -0.214272
 32   -0.814395 -0.093824 3.127092 0.300205 -3.054699 -0.178907
 33   14.298673 -0.408176 0.471578 -0.039925 -0.141115 -0.140008
 34   15.835795 0.581398 0.242756 0.039052 0.012251 -0.176151
 35   -0.815868 -0.091229 -3.114430 0.009694 3.088878 0.065453
 36   14.294526 -0.410349 -0.467541 -0.077124 0.081675 -1.929569
 37   15.834409 0.579420 -0.284600 0.220583 0.255201 -0.271876
 38   1.268595 -3.422498 -2.714435 0.027764 -0.067905 0.486435
 39   -4.563214 -1.109543 -0.562581 -0.046932 0.095709 -0.013014
 40   0.825123 -3.746653 3.041971 -0.023764 -0.075098 0.424546
 41   -4.433840 -1.059130 0.959566 0.021643 -0.030093 -0.010041
 42   0.213652 2.677801 -2.669082 0.022100 -0.015959 -0.445701
 43   0.097674 2.636106 2.885002 0.022090 -0.015956 -0.445701
time 96
  0   -0.455812 0.433607 -1.491862 0.000000 0.000000 -1.571069
  1   -1.093036 0.000002 -0.326057 -1.581027 -1.686741 0.010232
  2   2.262337 0.113614 0.064702 -0.135439 -0.007502 -0.104155
  3   2.380047 0.353302 0.047440 -0.210119 -0.001203 0.080214
  4   2.033756 0.190472 -0.000128 -0.129440 -0.025683 -0.133269
  5   2.451511 0.204909 -0.003447 -0.055168 -0.077072 -0.046423
  6   7.247600 -0.397300 -0.109469 0.000001 0.000021 0.156829
  7   -2.022252 -0.104661 3.136172 1.986758 -1.453562 -5.182696
  8   1.168026 -0.537438 -0.063437 -0.659591 0.400115 1.066065
  9   6.790376 -0.619176 0.015206 0.036348 0.036889 -0.963645
 10   8.637599 0.544015 -0.090417 -1.201032 -0.262405 -0.548924
 11   6.790465 -0.619039 0.017802 0.029643 0.011174 -0.689993
 12   -2.022474 -0.104699 -2.873818 -2.577638 1.428090 -5.753920
 13   1.167898 -0.537463 0.063297 0.423254 -0.598299 -0.062442
 14   7.002743 -0.617765 -0.183752 0.002393 -0.096056 -1.260188
 15   8.209042 0.615527 -0.255885 1.929892 0.196727 -0.266355
 16   7.002735 -0.617911 -0.183641 0.003045 -0.061651 -0.900461
 17   1.574674 0.609930 -0.000899 0.490544 -0.165968 0.489171
 18   -0.602177 0.511412 -0.000006 0.000000 0.000000 0.000000
 19   3.673773 0.177020 1.119313 -0.000002 -0.000014 -0.174510
 20   3.673767 0.176993 -1.117566 0.000007 -0.000003 -0.174546
 21   3.942357 1.334540 1.627658 0.000002 -0.000011 -0.000026
 22   -0.246060 -0.011889 0.516521 -0.000011 0.000031 0.000025
 23   3.942374 1.334565 -1.631083 0.000019 0.000002 -0.000024
 24   -0.246150 -0.011872 -0.516511 -0.000005 -0.000006 0.000048
 25   4.941364 1.997338 1.629330 0.000018 -0.000001 -0.000024
 26   4.941382 1.997366 -1.629410 -0.000001 0.000005 -0.000024
 27   2.914462 1.619264 1.514501 -0.000019 -0.000022 -0.000050
 28   2.916892 1.618870 -1.501142 -0.000002 -0.000009 -0.000024
 29   8.824059 0.150544 0.091743 0.010077 -0.031233 -0.446530
 30   2.146242 -0.787748 1.686661 0.006053 0.090454 -0.230318
 31   2.039256 -0.850360 -1.826254 -0.031946 -0.013028 -0.213562
 32   -0.814395 -0.093824 3.127092 0.300391 -3.054699 -0.178110
 33   14.298673 -0.408176 0.471578 -0.039949 -0.141064 -0.139770
 34   15.835795 0.581398 0.242756 0.038592 0.011641 -0.176195
 35   -0.815868 -0.091229 -3.114430 0.009694 3.088878 0.065946
 36   14.294526 -0.410349 -0.467541 -0.077076 0.081627 -1.929337
 37   15.834409 0.579420 -0.284600 0.220623 0.255201 -0.272129
 38   1.256876 -3.438123 -2.698809 0.021175 -0.057108 0.488329
 39   -4.567121 -1.113450 -0.550862 -0.049952 0.100730 -0.013294
 40   0.836842 -3.731028 3.049784 -0.032647 -0.062783 0.421919
 41   -4.433840 -1.059130 0.959566 0.017784 -0.023574 -0.009900
 42   0.233184 2.697332 -2.669082 0.022136 -0.015990 -0.454818
 43   0.113299 2.655638 2.885002 0.022127 -0.015988 -0.454818
time 97
  0   -0.455812 0.433607 -1.491862 0.000000 0.000000 -1.571069
  1   -1.093036 0.000002 -0.326057 -1.580294 -1.686972 0.009652
  2   2.262337 0.113614 0.064702 -0.135477 -0.007490 -0.104083
  3   2.380047 0.353302 0.047440 -0.210149 -0.001191 0.080316
  4   2.033756 0.190472 -0.000128 -0.129440 -0.025695 -0.133160
  5   2.451511 0.204909 -0.003447 -0.055168 -0.077072 -0.046423
  6   7.247600 -0.397300 -0.109469 0.000001 0.000021 0.156829
  7   -2.022252 -0.104661 3.136172 1.985320 -1.453591 -5.181381
  8   1.168026 -0.537438 -0.063437 -0.660414 0.400568 1.065812
  9   6.790376 -0.619176 0.015206 0.036348 0.036889 -0.963721
 10   8.637599 0.544015 -0.090417 -1.201032 -0.262405 -0.548924
 11   6.790465 -0.619039 0.017802 0.029643 0.011174 -0.690051
 12   -2.022474 -0.104699 -2.873818 -2.577063 1.428235 -5.753537
 13   1.167898 -0.537463 0.063297 0.423184 -0.595960 -0.062563
 14   7.002743 -0.617765 -0.183752 0.002393 -0.096056 -1.260023
 15   8.209042 0.615527 -0.255885 1.929892 0.196727 -0.266355
 16   7.002735 -0.617911 -0.183641 0.003045 -0.061595 -0.900350
 17   1.574674 0.609930 -0.000899 0.490463 -0.165826 0.489060
 18   -0.602177 0.511412 -0.000006 0.000000 0.000000 0.000000
 19   3.673773 0.177020 1.119313 -0.000002 -0.000014 -0.174510
 20   3.673767 0.176993 -1.117566 0.000007 -0.000003 -0.174546
 21   3.942357 1.334540 1.627658 0.000002 -0.000011 -0.000026
 22   -0.246060 -0.011889 0.516521 -0.000011 0.000031 0.000025
 23   3.942374 1.334565 -1.631083 0.000019 0.000002 -0.000024
 24   -0.246150 -0.011872 -0.516511 -0.000005 -0.000006 0.000048
 25   4.941364 1.997338 1.629330 0.000018 -0.000001 -0.000024
 26   4.941382 1.997366 -1.629410 -0.000001 0.000005 -0.000024
 27   2.914462 1.619264 1.514501 -0.000019 -0.000022 -0.000050
 28   2.916892 1.618870 -1.501142 -0.000002 -0.000009 -0.000024
 29   8.824059 0.150544 0.091743 0.014266 -0.014901 -0.444384
 30   2.150149 -0.795561 1.682754 0.010257 0.095016 -0.230104
 31   2.043163 -0.846454 -1.826254 -0.030062 -0.014738 -0.212871
 32   -0.814395 -0.093824 3.127092 0.300578 -3.054604 -0.177427
 33   14.298673 -0.408176 0.471578 -0.039961 -0.141038 -0.139373
 34   15.835795 0.581398 0.242756 0.038178 0.010860 -0.176239
 35   -0.815868 -0.091229 -3.114430 0.009694 3.088878 0.066330
 36   14.294526 -0.410349 -0.467541 -0.077040 0.081579 -1.929337
 37   15.834409 0.579420 -0.284600 0.220623 0.255201 -0.272433
 38   1.245157 -3.449842 -2.687090 0.014524 -0.046226 0.490040
 39   -4.574933 -1.117356 -0.535236 -0.052984 0.105752 -0.013518
 40   0.848562 -3.715402 3.057597 -0.041593 -0.050370 0.419231
 41   -4.433840 -1.059130 0.959566 0.013901 -0.017006 -0.009732
 42   0.248810 2.716864 -2.669082 0.022171 -0.016036 -0.463810
 43   0.125019 2.675170 2.885002 0.022164 -0.016035 -0.463810
time 98
  0   -0.455812 0.433607 -1.491862 0.000000 0.000000 -1.571069
  1   -1.093036 0.000002 -0.326057 -1.579874 -1.687111 0.009071
  2   2.262337 0.113614 0.064702 -0.135490 -0.007478 -0.104046
  3   2.380047 0.353302 0.047440 -0.210164 -0.001179 0.080418
  4   2.033756 0.190472 -0.000128 -0.129495 -0.025707 -0.133124
  5   2.451511 0.204909 -0.003447 -0.055168 -0.077072 -0.046398
  6   7.247600 -0.397300 -0.109469 0.000001 0.000021 0.156829
  7   -2.022252 -0.104661 3.136172 1.984074 -1.453735 -5.180160
  8   1.168026 -0.537438 -0.063437 -0.661110 0.400870 1.065748
  9   6.790376 -0.619176 0.015206 0.036348 0.036956 -0.963872
 10   8.637599 0.544015 -0.090417 -1.201032 -0.262405 -0.548924
 11   6.790465 -0.619039 0.017802 0.029643 0.011174 -0.690109
 12   -2.022474 -0.104699 -2.873818 -2.576584 1.428438 -5.753154
 13   1.167898 -0.537463 0.063297 0.423044 -0.593773 -0.062563
 14   7.002743 -0.617765 -0.183752 0.002393 -0.096056 -1.259693
 15   8.209042 0.615527 -0.255885 1.929892 0.196727 -0.266355
 16   7.002735 -0.617911 -0.183641 0.003045 -0.061595 -0.900129
 17   1.574674 0.609930 -0.000899 0.490463 -0.165755 0.488876
 18   -0.602177 0.511412 -0.000006 0.000000 0.000000 0.000000
 19   3.673773 0.177020 1.119313 -0.000002 -0.000014 -0.174510
 20   3.673767 0.176993 -1.117566 0.000007 -0.000003 -0.174546
 21   3.942357 1.334540 1.627658 0.000002 -0.000011 -0.000026
 22   -0.246060 -0.011889 0.516521 -0.000011 0.000031 0.000025
 23   3.942374 1.334565 -1.631083 0.000019 0.000002 -0.000024
 24   -0.246150 -0.011872 -0.516511 -0.000005 -0.000006 0.000048
 25   4.941364 1.997338 1.629330 0.000018 -0.000001 -0.000024
 26   4.941382 1.997366 -1.629410 -0.000001 0.000005 -0.000024
 27   2.914462 1.619264 1.514501 -0.000019 -0.000022 -0.000050
 28   2.916892 1.618870 -1.501142 -0.000002 -0.000009 -0.000024
 29   8.824059 0.150544 0.091743 0.018365 0.001478 -0.442292
 30   2.154055 -0.799468 1.674942 0.014474 0.099608 -0.229868
 31   2.047069 -0.842548 -1.822348 -0.028162 -0.016422 -0.212216
 32   -0.814395 -0.093824 3.127092 0.300764 -3.054508 -0.176800
 33   14.298673 -0.408176 0.471578 -0.039985 -0.141012 -0.138976
 34   15.835795 0.581398 0.242756 0.037787 0.009957 -0.176283
 35   -0.815868 -0.091229 -3.114430 0.009694 3.088972 0.066877
 36   14.294526 -0.410349 -0.467541 -0.077004 0.081543 -1.929337
 37   15.834409 0.579420 -0.284600 0.220642 0.255227 -0.272585
 38   1.237344 -3.461562 -2.671464 0.007830 -0.035296 0.491628
 39   -4.582746 -1.117356 -0.523517 -0.056028 0.110774 -0.013743
 40   0.860281 -3.699777 3.065410 -0.050602 -0.037910 0.416542
 41   -4.433840 -1.059130 0.959566 0.010006 -0.010403 -0.009592
 42   0.264435 2.736396 -2.669082 0.022207 -0.016066 -0.472593
 43   0.140644 2.694702 2.885002 0.022202 -0.016066 -0.472593
time 99
  0   -0.455812 0.433607 -1.491862 0.000000 0.000000 -1.571069
  1   -1.093036 0.000002 -0.326057 -1.579403 -1.687250 0.008636
  2   2.262337 0.113614 0.064702 -0.135490 -0.007466 -0.103974
  3   2.380047 0.353302 0.047440 -0.210179 -0.001167 0.080520
  4   2.033756 0.190472 -0.000128 -0.129495 -0.025707 -0.133015
  5   2.451511 0.204909 -0.003447 -0.055168 -0.077072 -0.046299
  6   7.247600 -0.397300 -0.109469 0.000001 0.000021 0.156829
  7   -2.022252 -0.104661 3.136172 1.982828 -1.453763 -5.179033
  8   1.168026 -0.537438 -0.063437 -0.661616 0.401222 1.065622
  9   6.790376 -0.619176 0.015206 0.036348 0.036956 -0.963872
 10   8.637599 0.544015 -0.090417 -1.201032 -0.262405 -0.548924
 11   6.790465 -0.619039 0.017802 0.029643 0.011174 -0.690109
 12   -2.022474 -0.104699 -2.873818 -2.576105 1.428613 -5.752771
 13   1.167898 -0.537463 0.063297 0.422762 -0.591536 -0.062684
 14   7.002743 -0.617765 -0.183752 0.002393 -0.096000 -1.259528
 15   8.209042 0.615527 -0.255885 1.929892 0.196727 -0.266355
 16   7.002735 -0.617911 -0.183641 0.003045 -0.061595 -0.900019
 17   1.574674 0.609930 -0.000899 0.490422 -0.165755 0.488802
 18   -0.602177 0.511412 -0.000006 0.000000 0.000000 0.000000
 19   3.673773 0.177020 1.119313 -0.000002 -0.000014 -0.174510
 20   3.673767 0.176993 -1.117566 0.000007 -0.000003 -0.174546
 21   3.942357 1.334540 1.627658 0.000002 -0.000011 -0.000026
 22   -0.246060 -0.011889 0.516521 -0.000011 0.000031 0.000025
 23   3.942374 1.334565 -1.631083 0.000019 0.000002 -0.000024
 24   -0.246150 -0.011872 -0.516511 -0.000005 -0.000006 0.000048
 25   4.941364 1.997338 1.629330 0.000018 -0.000001 -0.000024
 26   4.941382 1.997366 -1.629410 -0.000001 0.000005 -0.000024
 27   2.914462 1.619264 1.514501 -0.000019 -0.000022 -0.000050
 28   2.916892 1.618870 -1.501142 -0.000002 -0.000009 -0.000024
 29   8.824059 0.150544 0.091743 0.022554 0.017929 -0.440146
 30   2.157961 -0.807280 1.671035 0.018692 0.104199 -0.229675
 31   2.050975 -0.838641 -1.822348 -0.026262 -0.018131 -0.211579
 32   -0.814395 -0.093824 3.127092 0.300950 -3.054413 -0.176003
 33   14.298673 -0.408176 0.471578 -0.040008 -0.140986 -0.138659
 34   15.835795 0.581398 0.242756 0.037419 0.008981 -0.176283
 35   -0.815868 -0.091229 -3.114430 0.009694 3.088972 0.067261
 36   14.294526 -0.410349 -0.467541 -0.076980 0.081507 -1.929337
 37   15.834409 0.579420 -0.284600 0.220642 0.255227 -0.272738
 38   1.225625 -3.477187 -2.659745 0.001137 -0.024342 0.493156
 39   -4.590559 -1.121262 -0.511798 -0.059084 0.115771 -0.013967
 40   0.872000 -3.684151 3.077129 -0.059611 -0.025414 0.413793
 41   -4.433840 -1.059130 0.959566 0.006087 -0.003787 -0.009452
 42   0.280061 2.755928 -2.669082 0.022231 -0.016112 -0.481208
 43   0.156270 2.714234 2.885002 0.022239 -0.016113 -0.481208
time 100
  0   -0.455812 0.433607 -1.491862 0.000000 0.000000 -1.571069
  1   -1.093036 0.000002 -0.326057 -1.579245 -1.687343 0.008539
  2   2.262337 0.113614 0.064702 -0.135528 -0.007454 -0.103848
  3   2.380047 0.353302 0.047440 -0.210179 -0.001155 0.080663
  4   2.033756 0.190472 -0.000128 -0.129495 -0.025707 -0.132979
  5   2.451511 0.204909 -0.003447 -0.055168 -0.077072 -0.046299
  6   7.247600 -0.397300 -0.109469 0.000001 0.000021 0.156829
  7   -2.022252 -0.104661 3.136172 1.981678 -1.453879 -5.177906
  8   1.168026 -0.537438 -0.063437 -0.662312 0.401524 1.065306
  9   6.790376 -0.619176 0.015206 0.036348 0.036956 -0.964023
 10   8.637599 0.544015 -0.090417 -1.201032 -0.262405 -0.548924
 11   6.790465 -0.619039 0.017802 0.029643 0.011174 -0.690166
 12   -2.022474 -0.104699 -2.873818 -2.575818 1.428845 -5.752388
 13   1.167898 -0.537463 0.063297 0.422762 -0.589196 -0.062684
 14   7.002743 -0.617765 -0.183752 0.002393 -0.095943 -1.259198
 15   8.209042 0.615527 -0.255885 1.929892 0.196727 -0.266355
 16   7.002735 -0.617911 -0.183641 0.003045 -0.061539 -0.899798
 17   1.574674 0.609930 -0.000899 0.490341 -0.165684 0.488765
 18   -0.602177 0.511412 -0.000006 0.000000 0.000000 0.000000
 19   3.673773 0.177020 1.119313 -0.000002 -0.000014 -0.174510
 20   3.673767 0.176993 -1.117566 0.000007 -0.000003 -0.174546
 21   3.942357 1.334540 1.627658 0.000002 -0.000011 -0.000026
 22   -0.246060 -0.011889 0.516521 -0.000011 0.000031 0.000025
 23   3.942374 1.334565 -1.631083 0.000019 0.000002 -0.000024
 24   -0.246150 -0.011872 -0.516511 -0.000005 -0.000006 0.000048
 25   4.941364 1.997338 1.629330 0.000018 -0.000001 -0.000024
 26   4.941382 1.997366 -1.629410 -0.000001 0.000005 -0.000024
 27   2.914462 1.619264 1.514501 -0.000019 -0.000022 -0.000050
 28   2.916892 1.618870 -1.501142 -0.000002 -0.000009 -0.000024
 29   8.824059 0.150544 0.091743 0.026743 0.034379 -0.438000
 30   2.157961 -0.811187 1.667129 0.022922 0.108791 -0.229482
 31   2.054882 -0.834735 -1.822348 -0.024362 -0.019840 -0.210960
 32   -0.814395 -0.093824 3.127092 0.301230 -3.054317 -0.175264
 33   14.298673 -0.408176 0.471578 -0.040032 -0.140973 -0.138420
 34   15.835795 0.581398 0.242756 0.037074 0.007907 -0.176283
 35   -0.815868 -0.091229 -3.114430 0.009782 3.088972 0.067644
 36   14.294526 -0.410349 -0.467541 -0.076968 0.081471 -1.929337
 37   15.834409 0.579420 -0.284600 0.220662 0.255227 -0.272788
 38   1.213906 -3.488906 -2.644120 -0.005536 -0.013376 0.494561
 39   -4.594465 -1.125169 -0.500079 -0.062140 0.120745 -0.014164
 40   0.879812 -3.672432 3.084941 -0.068620 -0.012917 0.411105
 41   -4.433840 -1.059130 0.959566 0.002180 0.002816 -0.009283
 42   0.295686 2.775460 -2.669082 0.022267 -0.016143 -0.489615
 43   0.167989 2.729859 2.885002 0.022264 -0.016144 -0.489615
time 101
  0   -0.455812 0.433607 -1.491862 0.000000 0.000000 -1.571069
  1   -1.093036 0.000002 -0.326057 -1.579193 -1.687343 0.008442
  2   2.262337 0.113614 0.064702 -0.135541 -0.007442 -0.103793
  3   2.380047 0.353302 0.047440 -0.210179 -0.001143 0.080785
  4   2.033756 0.190472 -0.000128 -0.129495 -0.025707 -0.132870
  5   2.451511 0.204909 -0.003447 -0.055168 -0.077085 -0.046200
  6   7.247600 -0.397300 -0.109469 0.000001 0.000021 0.156829
  7   -2.022252 -0.104661 3.136172 1.980719 -1.453908 -5.176873
  8   1.168026 -0.537438 -0.063437 -0.662945 0.401826 1.065306
  9   6.790376 -0.619176 0.015206 0.036348 0.036956 -0.964023
 10   8.637599 0.544015 -0.090417 -1.201032 -0.262405 -0.548924
 11   6.790465 -0.619039 0.017802 0.029643 0.011203 -0.690339
 12   -2.022474 -0.104699 -2.873818 -2.575531 1.428990 -5.752005
 13   1.167898 -0.537463 0.063297 0.422551 -0.587061 -0.062805
 14   7.002743 -0.617765 -0.183752 0.002336 -0.095943 -1.259033
 15   8.209042 0.615527 -0.255885 1.929892 0.196727 -0.266355
 16   7.002735 -0.617911 -0.183641 0.003045 -0.061539 -0.899577
 17   1.574674 0.609930 -0.000899 0.490341 -0.165684 0.488765
 18   -0.602177 0.511412 -0.000006 0.000000 0.000000 0.000000
 19   3.677679 0.177020 1.119313 -0.000002 -0.000014 -0.174510
 20   3.673767 0.176993 -1.117566 0.000007 -0.000003 -0.174546
 21   3.942357 1.334540 1.627658 0.000002 -0.000011 -0.000026
 22   -0.246060 -0.011889 0.516521 -0.000011 0.000031 0.000025
 23   3.942374 1.334565 -1.631083 0.000019 0.000002 -0.000024
 24   -0.246150 -0.011872 -0.516511 -0.000005 -0.000006 0.000048
 25   4.941364 1.997338 1.629330 0.000018 -0.000001 -0.000024
 26   4.941382 1.997366 -1.629410 -0.000001 0.000005 -0.000024
 27   2.914462 1.619264 1.514501 -0.000019 -0.000022 -0.000050
 28   2.916892 1.618870 -1.501142 -0.000002 -0.000009 -0.000024
 29   8.824059 0.150544 0.091743 0.030843 0.050782 -0.435854
 30   2.161868 -0.818999 1.659316 0.027140 0.113383 -0.229311
 31   2.054882 -0.830828 -1.818442 -0.022462 -0.021524 -0.210396
 32   -0.814395 -0.093824 3.127092 0.301510 -3.054222 -0.174353
 33   14.298673 -0.408176 0.471578 -0.040056 -0.140960 -0.138182
 34   15.835795 0.581398 0.242756 0.036890 0.006638 -0.176327
 35   -0.815868 -0.091229 -3.114430 0.009782 3.088972 0.068028
 36   14.294526 -0.410349 -0.467541 -0.076968 0.081459 -1.929414
 37   15.834409 0.579420 -0.284600 0.220701 0.255278 -0.272890
 38   1.202187 -3.504532 -2.632401 -0.012230 -0.002446 0.495905
 39   -4.602278 -1.129075 -0.488360 -0.065184 0.125682 -0.014360
 40   0.891532 -3.656806 3.092754 -0.077608 -0.000457 0.408417
 41   -4.433840 -1.059130 0.959566 -0.001715 0.009420 -0.009143
 42   0.307405 2.791085 -2.669082 0.022291 -0.016174 -0.497854
 43   0.179708 2.749391 2.885002 0.022289 -0.016176 -0.497854
time 102
  0   -0.455812 0.433607 -1.491862 0.000000 0.000000 -1.571069
  1   -1.093036 0.000002 -0.326057 -1.579350 -1.687297 0.008539
  2   2.262337 0.113614 0.064702 -0.135528 -0.007454 -0.103703
  3   2.380047 0.353302 0.047440 -0.210179 -0.001131 0.080928
  4   2.033756 0.190472 -0.000128 -0.129495 -0.025695 -0.132834
  5   2.451511 0.204909 -0.003447 -0.055185 -0.077072 -0.046200
  6   7.247600 -0.397300 -0.109469 0.000001 0.000021 0.156829
  7   -2.022252 -0.104661 3.136172 1.979665 -1.454023 -5.175934
  8   1.168026 -0.537438 -0.063437 -0.663388 0.402178 1.065116
  9   6.790376 -0.619176 0.015206 0.036348 0.037023 -0.964174
 10   8.637599 0.544015 -0.090417 -1.201032 -0.262405 -0.548924
 11   6.790465 -0.619039 0.017802 0.029643 0.011203 -0.690397
 12   -2.022474 -0.104699 -2.873818 -2.575147 1.429135 -5.751909
 13   1.167898 -0.537463 0.063297 0.422481 -0.584925 -0.062805
 14   7.002743 -0.617765 -0.183752 0.002336 -0.095943 -1.258786
 15   8.209042 0.615527 -0.255885 1.929892 0.196727 -0.266355
 16   7.002735 -0.617911 -0.183641 0.003045 -0.061539 -0.899467
 17   1.574674 0.609930 -0.000899 0.490463 -0.165684 0.488765
 18   -0.602177 0.511412 -0.000006 0.000000 0.000000 0.000000
 19   3.673773 0.177020 1.119313 -0.000002 -0.000014 -0.174510
 20   3.673767 0.176993 -1.117566 0.000007 -0.000003 -0.174546
 21   3.942357 1.334540 1.627658 0.000002 -0.000011 -0.000026
 22   -0.246060 -0.011889 0.516521 -0.000011 0.000031 0.000025
 23   3.942374 1.334565 -1.631083 0.000019 0.000002 -0.000024
 24   -0.246150 -0.011872 -0.516511 -0.000005 -0.000006 0.000048
 25   4.941364 1.997338 1.629330 0.000018 -0.000001 -0.000024
 26   4.941382 1.997366 -1.629410 -0.000001 0.000005 -0.000024
 27   2.914462 1.619264 1.514501 -0.000019 -0.000022 -0.000050
 28   2.916892 1.618870 -1.501142 -0.000002 -0.000009 -0.000024
 29   8.824059 0.150544 0.091743 0.035031 0.067114 -0.433762
 30   2.165774 -0.822906 1.655410 0.031330 0.117974 -0.229139
 31   2.058788 -0.830828 -1.818442 -0.020577 -0.023208 -0.209832
 32   -0.814395 -0.093824 3.127092 0.300857 -3.054317 -0.175719
 33   14.298673 -0.408176 0.471578 -0.039901 -0.141012 -0.140167
 34   15.835795 0.581398 0.242756 0.037327 0.006687 -0.176151
 35   -0.815868 -0.091229 -3.114430 0.009782 3.088972 0.067370
 36   14.294526 -0.410349 -0.467541 -0.076980 0.081471 -1.929569
 37   15.834409 0.579420 -0.284600 0.220583 0.255227 -0.272738
 38   1.190468 -3.520157 -2.616776 -0.018860 0.008423 0.497127
 39   -4.610091 -1.132981 -0.476641 -0.068216 0.130560 -0.014528
 40   0.903251 -3.641181 3.100567 -0.086554 0.011931 0.405729
 41   -4.433840 -1.059130 0.959566 -0.005598 0.015987 -0.008975
 42   0.323031 2.810617 -2.669082 0.022315 -0.016189 -0.505884
 43   0.195333 2.765017 2.885002 0.022327 -0.016192 -0.505884
time 103
  0   -0.455812 0.433607 -1.491862 0.000000 0.000000 -1.571069
  1   -1.093036 0.000002 -0.326057 -1.579769 -1.687158 0.008974
  2   2.262337 0.113614 0.064702 -0.135490 -0.007466 -0.103559
  3   2.380047 0.353302 0.047440 -0.210164 -0.001107 0.081071
  4   2.033756 0.190472 -0.000128 -0.129495 -0.025671 -0.132689
  5   2.451511 0.204909 -0.003447 -0.055185 -0.077059 -0.046101
  6   7.247600 -0.397300 -0.109469 0.000001 0.000021 0.156829
  7   -2.022252 -0.104661 3.136172 1.978802 -1.454081 -5.175088
  8   1.168026 -0.537438 -0.063437 -0.664021 0.402329 1.065053
  9   6.790376 -0.619176 0.015206 0.036348 0.037023 -0.964174
 10   8.637599 0.544015 -0.090417 -1.201032 -0.262405 -0.548924
 11   6.790465 -0.619039 0.017802 0.029643 0.011203 -0.690455
 12   -2.022474 -0.104699 -2.873818 -2.574860 1.429280 -5.751622
 13   1.167898 -0.537463 0.063297 0.422341 -0.582840 -0.062805
 14   7.002743 -0.617765 -0.183752 0.002336 -0.095943 -1.258373
 15   8.209042 0.615527 -0.255885 1.929892 0.196727 -0.266355
 16   7.002735 -0.617911 -0.183641 0.003045 -0.061539 -0.899301
 17   1.574674 0.609930 -0.000899 0.490544 -0.165755 0.488839
 18   -0.602177 0.511412 -0.000006 0.000000 0.000000 0.000000
 19   3.673773 0.177020 1.119313 -0.000002 -0.000014 -0.174510
 20   3.673767 0.176993 -1.117566 0.000007 -0.000003 -0.174546
 21   3.942357 1.334540 1.627658 0.000002 -0.000011 -0.000026
 22   -0.246060 -0.011889 0.516521 -0.000011 0.000031 0.000025
 23   3.942374 1.334565 -1.631083 0.000019 0.000002 -0.000024
 24   -0.246150 -0.011872 -0.516511 -0.000005 -0.000006 0.000048
 25   4.941364 1.997338 1.629330 0.000018 -0.000001 -0.000024
 26   4.941382 1.997366 -1.629410 -0.000001 0.000005 -0.000024
 27   2.914462 1.619264 1.514501 -0.000019 -0.000022 -0.000050
 28   2.916892 1.618870 -1.501142 -0.000002 -0.000009 -0.000024
 29   8.824059 0.150544 0.091743 0.039131 0.083327 -0.431669
 30   2.165774 -0.830718 1.647597 0.035506 0.122508 -0.228989
 31   2.062695 -0.826922 -1.818442 -0.018708 -0.024891 -0.209304
 32   -0.814395 -0.093824 3.127092 0.300205 -3.054508 -0.177370
 33   14.298673 -0.408176 0.471578 -0.039745 -0.141090 -0.142152
 34   15.835795 0.581398 0.242756 0.037925 0.006760 -0.175842
 35   -0.815868 -0.091229 -3.114430 0.009694 3.088878 0.066768
 36   14.294526 -0.410349 -0.467541 -0.077016 0.081519 -1.929646
 37   15.834409 0.579420 -0.284600 0.220445 0.255201 -0.272535
 38   1.178749 -3.531876 -2.605056 -0.025469 0.019221 0.498288
 39   -4.617903 -1.136888 -0.464921 -0.071236 0.135402 -0.014696
 40   0.914970 -3.625556 3.108380 -0.095437 0.024247 0.403040
 41   -4.433840 -1.059130 0.959566 -0.009457 0.022507 -0.008835
 42   0.338656 2.826243 -2.669082 0.022339 -0.016220 -0.513704
 43   0.207052 2.780642 2.885002 0.022339 -0.016223 -0.513704
time 104
  0   -0.455812 0.433607 -1.491862 0.000000 0.000000 -1.571069
  1   -1.093036 0.000002 -0.326057 -1.580346 -1.686926 0.009652
  2   2.262337 0.113614 0.064702 -0.135477 -0.007466 -0.103378
  3   2.380047 0.353302 0.047440 -0.210149 -0.001083 0.081275
  4   2.033756 0.190472 -0.000128 -0.129495 -0.025647 -0.132544
  5   2.451511 0.204909 -0.003447 -0.055185 -0.077046 -0.046002
  6   7.247600 -0.397300 -0.109469 0.000001 0.000021 0.156829
  7   -2.022252 -0.104661 3.136172 1.978035 -1.454081 -5.174431
  8   1.168026 -0.537438 -0.063437 -0.664337 0.402530 1.064863
  9   6.790376 -0.619176 0.015206 0.036348 0.037023 -0.964325
 10   8.637599 0.544015 -0.090417 -1.201032 -0.262405 -0.548924
 11   6.790465 -0.619039 0.017802 0.029643 0.011203 -0.690455
 12   -2.022474 -0.104699 -2.873818 -2.574572 1.429338 -5.751335
 13   1.167898 -0.537463 0.063297 0.422059 -0.580704 -0.062926
 14   7.002743 -0.617765 -0.183752 0.002336 -0.095943 -1.258208
 15   8.209042 0.615527 -0.255885 1.929892 0.196727 -0.266355
 16   7.002735 -0.617911 -0.183641 0.003045 -0.061482 -0.899191
 17   1.574674 0.609930 -0.000899 0.490625 -0.165897 0.488913
 18   -0.602177 0.511412 -0.000006 0.000000 0.000000 0.000000
 19   3.673773 0.177020 1.119313 -0.000002 -0.000014 -0.174510
 20   3.673767 0.176993 -1.117566 0.000007 -0.000003 -0.174546
 21   3.942357 1.334540 1.627658 0.000002 -0.000011 -0.000026
 22   -0.246060 -0.011889 0.516521 -0.000011 0.000031 0.000025
 23   3.942374 1.334565 -1.631083 0.000019 0.000002 -0.000024
 24   -0.246150 -0.011872 -0.516511 -0.000005 -0.000006 0.000048
 25   4.941364 1.997338 1.629330 0.000018 -0.000001 -0.000024
 26   4.941382 1.997366 -1.629410 -0.000001 0.000005 -0.000024
 27   2.914462 1.619264 1.514501 -0.000019 -0.000022 -0.000050
 28   2.916892 1.618870 -1.501142 -0.000002 -0.000009 -0.000024
 29   8.824059 0.150544 0.091743 0.043231 0.099374 -0.429577
 30   2.169681 -0.834625 1.643691 0.039628 0.126983 -0.228860
 31   2.066601 -0.823016 -1.818442 -0.016854 -0.026549 -0.208813
 32   -0.814395 -0.093824 3.127092 0.299552 -3.054699 -0.178907
 33   14.298673 -0.408176 0.471578 -0.039589 -0.141206 -0.144375
 34   15.835795 0.581398 0.242756 0.038592 0.006858 -0.175666
 35   -0.815868 -0.091229 -3.114430 0.009694 3.088784 0.066111
 36   14.294526 -0.410349 -0.467541 -0.077088 0.081579 -1.929955
 37   15.834409 0.579420 -0.284600 0.220366 0.255150 -0.272078
 38   1.167030 -3.547502 -2.589431 -0.032016 0.029922 0.499326
 39   -4.621810 -1.140794 -0.453202 -0.074221 0.140160 -0.014837
 40   0.926689 -3.613837 3.116192 -0.104235 0.036442 0.400413
 41   -4.433840 -1.059130 0.959566 -0.013268 0.028967 -0.008666
 42   0.350375 2.841868 -2.669082 0.022363 -0.016250 -0.521316
 43   0.218771 2.800174 2.885002 0.022364 -0.016239 -0.521316
time 105
  0   -0.455812 0.433607 -1.491862 0.000000 0.000000 -1.571069
  1   -1.093036 0.000002 -0.326057 -1.581446 -1.686648 0.010668
  2   2.262337 0.113614 0.064702 -0.135439 -0.007478 -0.103233
  3   2.380047 0.353302 0.047440 -0.210104 -0.001059 0.081540
  4   2.033756 0.190472 -0.000128 -0.129440 -0.025611 -0.132399
  5   2.451511 0.204909 -0.003447 -0.055185 -0.077033 -0.045878
  6   7.247600 -0.397300 -0.109469 0.000001 0.000021 0.156829
  7   -2.022252 -0.104661 3.136172 1.977364 -1.454196 -5.173680
  8   1.168026 -0.537438 -0.063437 -0.664780 0.402782 1.064800
  9   6.790376 -0.619176 0.015206 0.036348 0.037023 -0.964476
 10   8.637599 0.544015 -0.090417 -1.201032 -0.262405 -0.548924
 11   6.790465 -0.619039 0.017802 0.029643 0.011203 -0.690455
 12   -2.022474 -0.104699 -2.873818 -2.574189 1.429425 -5.750952
 13   1.167898 -0.537463 0.063297 0.422059 -0.578669 -0.062926
 14   7.002743 -0.617765 -0.183752 0.002336 -0.095829 -1.258126
 15   8.209042 0.615527 -0.255885 1.929892 0.196727 -0.266355
 16   7.002735 -0.617911 -0.183641 0.003092 -0.061482 -0.898970
 17   1.574674 0.609930 -0.000899 0.490706 -0.166039 0.489134
 18   -0.602177 0.511412 -0.000006 0.000000 0.000000 0.000000
 19   3.673773 0.177020 1.119313 -0.000002 -0.000014 -0.174510
 20   3.673767 0.176993 -1.117566 0.000007 -0.000003 -0.174546
 21   3.942357 1.334540 1.627658 0.000002 -0.000011 -0.000026
 22   -0.246060 -0.011889 0.516521 -0.000011 0.000031 0.000025
 23   3.942374 1.334565 -1.631083 0.000019 0.000002 -0.000024
 24   -0.246150 -0.011872 -0.516511 -0.000005 -0.000006 0.000048
 25   4.941364 1.997338 1.629330 0.000018 -0.000001 -0.000024
 26   4.941382 1.997366 -1.629410 -0.000001 0.000005 -0.000024
 27   2.914462 1.619264 1.514501 -0.000019 -0.000022 -0.000050
 28   2.916892 1.618870 -1.501142 -0.000002 -0.000009 -0.000024
 29   8.824059 0.150544 0.091743 0.047241 0.115231 -0.427485
 30   2.169681 -0.838531 1.635878 0.043697 0.131430 -0.228732
 31   2.066601 -0.819109 -1.814535 -0.015015 -0.028181 -0.208340
 32   -0.814395 -0.093824 3.127092 0.298993 -3.054890 -0.180443
 33   14.298673 -0.408176 0.471578 -0.039433 -0.141322 -0.146519
 34   15.835795 0.581398 0.242756 0.039283 0.006931 -0.175401
 35   -0.815868 -0.091229 -3.114430 0.009694 3.088784 0.065344
 36   14.294526 -0.410349 -0.467541 -0.077196 0.081675 -1.930264
 37   15.834409 0.579420 -0.284600 0.220248 0.255073 -0.271521
 38   1.159217 -3.559221 -2.577712 -0.038457 0.040478 0.500243
 39   -4.629622 -1.144701 -0.441483 -0.077157 0.144846 -0.014977
 40   0.938408 -3.598211 3.124005 -0.112928 0.048493 0.397786
 41   -4.433840 -1.059130 0.959566 -0.017043 0.035355 -0.008526
 42   0.366001 2.857494 -2.669082 0.022387 -0.016266 -0.528719
 43   0.230491 2.815800 2.885002 0.022389 -0.016270 -0.528719
time 106
  0   -0.455812 0.433607 -1.491862 0.000000 0.000000 -1.571069
  1   -1.093036 0.000002 -0.326057 -1.582652 -1.686278 0.011878
  2   2.262337 0.113614 0.064702 -0.135388 -0.007478 -0.103035
  3   2.380047 0.353302 0.047440 -0.210074 -0.001023 0.081785
  4   2.033756 0.190472 -0.000128 -0.129440 -0.025539 -0.132145
  5   2.451511 0.204909 -0.003447 -0.055185 -0.077020 -0.045779
  6   7.247600 -0.397300 -0.109469 0.000001 0.000021 0.156829
  7   -2.022252 -0.104661 3.136172 1.976693 -1.454254 -5.173210
  8   1.168026 -0.537438 -0.063437 -0.665223 0.402983 1.064610
  9   6.790376 -0.619176 0.015206 0.036348 0.037023 -0.964476
 10   8.637599 0.544015 -0.090417 -1.201032 -0.262405 -0.548924
 11   6.790465 -0.619039 0.017802 0.029643 0.011203 -0.690512
 12   -2.022474 -0.104699 -2.873818 -2.574093 1.429541 -5.750952
 13   1.167898 -0.537463 0.063297 0.421848 -0.576788 -0.062987
 14   7.002743 -0.617765 -0.183752 0.002336 -0.095829 -1.257796
 15   8.209042 0.615527 -0.255885 1.929892 0.196727 -0.266355
 16   7.002735 -0.617911 -0.183641 0.003092 -0.061482 -0.898860
 17   1.574674 0.609930 -0.000899 0.490869 -0.166181 0.489319
 18   -0.602177 0.511412 -0.000006 0.000000 0.000000 0.000000
 19   3.673773 0.177020 1.119313 -0.000002 -0.000014 -0.174510
 20   3.673767 0.176993 -1.117566 0.000007 -0.000003 -0.174546
 21   3.942357 1.334540 1.627658 0.000002 -0.000011 -0.000026
 22   -0.246060 -0.011889 0.516521 -0.000011 0.000031 0.000025
 23   3.942374 1.334565 -1.631083 0.000019 0.000002 -0.000024
 24   -0.246150 -0.011872 -0.516511 -0.000005 -0.000006 0.000048
 25   4.941364 1.997338 1.629330 0.000018 -0.000001 -0.000024
 26   4.941382 1.997366 -1.629410 -0.000001 0.000005 -0.000024
 27   2.914462 1.619264 1.514501 -0.000019 -0.000022 -0.000050
 28   2.916892 1.618870 -1.501142 -0.000002 -0.000009 -0.000024
 29   8.824059 0.150544 0.091743 0.051163 0.130850 -0.425446
 30   2.173587 -0.846344 1.631972 0.047724 0.135789 -0.228603
 31   2.070507 -0.815203 -1.814535 -0.013207 -0.029787 -0.207885
 32   -0.814395 -0.093824 3.127092 0.298247 -3.055081 -0.182037
 33   14.298673 -0.408176 0.471578 -0.039289 -0.141490 -0.148583
 34   15.835795 0.581398 0.242756 0.039950 0.007004 -0.175136
 35   -0.815868 -0.091229 -3.114430 0.009606 3.088784 0.064577
 36   14.294526 -0.410349 -0.467541 -0.077316 0.081783 -1.930805
 37   15.834409 0.579420 -0.284600 0.220189 0.254971 -0.270709
 38   1.147498 -3.574846 -2.562086 -0.044835 0.050890 0.501159
 39   -4.637435 -1.148607 -0.429764 -0.080069 0.149436 -0.015089
 40   0.946221 -3.582586 3.131818 -0.121495 0.060362 0.395220
 41   -4.433840 -1.059130 0.959566 -0.020758 0.041634 -0.008386
 42   0.377720 2.873119 -2.669082 0.022411 -0.016281 -0.535870
 43   0.242210 2.831425 2.885002 0.022402 -0.016286 -0.535870
time 107
  0   -0.455812 0.433607 -1.491862 0.000000 0.000000 -1.571069
  1   -1.093036 0.000002 -0.326057 -1.584119 -1.685769 0.013474
  2   2.262337 0.113614 0.064702 -0.135299 -0.007478 -0.102800
  3   2.380047 0.353302 0.047440 -0.210014 -0.000987 0.082091
  4   2.033756 0.190472 -0.000128 -0.129440 -0.025491 -0.131964
  5   2.451511 0.204909 -0.003447 -0.055202 -0.077007 -0.045680
  6   7.247600 -0.397300 -0.109469 0.000001 0.000021 0.156829
  7   -2.022252 -0.104661 3.136172 1.976118 -1.454254 -5.172459
  8   1.168026 -0.537438 -0.063437 -0.665476 0.403134 1.064610
  9   6.790376 -0.619176 0.015206 0.036348 0.037023 -0.964626
 10   8.637599 0.544015 -0.090417 -1.201032 -0.262405 -0.548924
 11   6.790465 -0.619039 0.017802 0.029643 0.011203 -0.690685
 12   -2.022474 -0.104699 -2.873818 -2.573806 1.429628 -5.750664
 13   1.167898 -0.537463 0.063297 0.421848 -0.574906 -0.062987
 14   7.002743 -0.617765 -0.183752 0.002336 -0.095829 -1.257631
 15   8.209042 0.615527 -0.255885 1.929892 0.196727 -0.266355
 16   7.002735 -0.617911 -0.183641 0.003092 -0.061482 -0.898694
 17   1.574674 0.609930 -0.000899 0.490950 -0.166394 0.489504
 18   -0.602177 0.511412 -0.000006 0.000000 0.000000 0.000000
 19   3.677679 0.177020 1.119313 -0.000002 -0.000014 -0.174510
 20   3.673767 0.176993 -1.117566 0.000007 -0.000003 -0.174546
 21   3.942357 1.334540 1.627658 0.000002 -0.000011 -0.000026
 22   -0.246060 -0.011889 0.516521 -0.000011 0.000031 0.000025
 23   3.942374 1.334565 -1.631083 0.000019 0.000002 -0.000024
 24   -0.246150 -0.011872 -0.516511 -0.000005 -0.000006 0.000048
 25   4.941364 1.997338 1.629330 0.000018 -0.000001 -0.000024
 26   4.941382 1.997366 -1.629410 -0.000001 0.000005 -0.000024
 27   2.914462 1.623171 1.514501 -0.000019 -0.000022 -0.000050
 28   2.916892 1.618870 -1.501142 -0.000002 -0.000009 -0.000024
 29   8.824059 0.150544 0.091743 0.055084 0.146185 -0.423461
 30   2.177493 -0.850250 1.628065 0.051670 0.140090 -0.228496
 31   2.074414 -0.811297 -1.814535 -0.011445 -0.031367 -0.207467
 32   -0.814395 -0.093824 3.127092 0.297595 -3.055177 -0.183574
 33   14.298673 -0.408176 0.471578 -0.039146 -0.141658 -0.150727
 34   15.835795 0.581398 0.242756 0.040686 0.007126 -0.174916
 35   -0.815868 -0.091229 -3.114430 0.009606 3.088691 0.063919
 36   14.294526 -0.410349 -0.467541 -0.077472 0.081903 -1.931268
 37   15.834409 0.579420 -0.284600 0.220169 0.254894 -0.269695
 38   1.139685 -3.586565 -2.550367 -0.051086 0.061120 0.501953
 39   -4.641342 -1.152513 -0.418045 -0.082909 0.153942 -0.015201
 40   0.957940 -3.570867 3.139631 -0.129915 0.072027 0.392716
 41   -4.433840 -1.059130 0.959566 -0.024414 0.047819 -0.008246
 42   0.389439 2.888745 -2.669082 0.022423 -0.016312 -0.542771
 43   0.253929 2.843144 2.885002 0.022427 -0.016301 -0.542771
time 108
  0   -0.455812 0.433607 -1.491862 0.000000 0.000000 -1.571069
  1   -1.093036 0.000002 -0.326057 -1.586058 -1.685167 0.015216
  2   2.262337 0.113614 0.064702 -0.135248 -0.007478 -0.102529
  3   2.380047 0.353302 0.047440 -0.209954 -0.000951 0.082397
  4   2.033756 0.190472 -0.000128 -0.129440 -0.025431 -0.131819
  5   2.451511 0.204909 -0.003447 -0.055202 -0.077007 -0.045531
  6   7.247600 -0.397300 -0.109469 0.000001 0.000021 0.156829
  7   -2.022252 -0.104661 3.136172 1.975447 -1.454254 -5.171989
  8   1.168026 -0.537438 -0.063437 -0.665856 0.403285 1.064547
  9   6.790376 -0.619176 0.015206 0.036348 0.037023 -0.964626
 10   8.637599 0.544015 -0.090417 -1.201032 -0.262405 -0.548924
 11   6.790465 -0.619039 0.017802 0.029643 0.011203 -0.690743
 12   -2.022474 -0.104699 -2.873818 -2.573614 1.429716 -5.750569
 13   1.167898 -0.537463 0.063297 0.421638 -0.572974 -0.062987
 14   7.002743 -0.617765 -0.183752 0.002336 -0.095829 -1.257466
 15   8.209042 0.615527 -0.255885 1.929892 0.196727 -0.266355
 16   7.002735 -0.617911 -0.183641 0.003092 -0.061482 -0.898639
 17   1.574674 0.609930 -0.000899 0.491031 -0.166678 0.489726
 18   -0.602177 0.511412 -0.000006 0.000000 0.000000 0.000000
 19   3.673773 0.177020 1.119313 -0.000002 -0.000014 -0.174510
 20   3.673767 0.176993 -1.117566 0.000007 -0.000003 -0.174546
 21   3.942357 1.334540 1.627658 0.000002 -0.000011 -0.000026
 22   -0.246060 -0.011889 0.516521 -0.000011 0.000031 0.000025
 23   3.942374 1.334565 -1.631083 0.000019 0.000002 -0.000024
 24   -0.246150 -0.011872 -0.516511 -0.000005 -0.000006 0.000048
 25   4.941364 1.997338 1.629330 0.000018 -0.000001 -0.000024
 26   4.941382 1.997366 -1.629410 -0.000001 0.000005 -0.000024
 27   2.914462 1.619264 1.514501 -0.000019 -0.000022 -0.000050
 28   2.916892 1.618870 -1.501142 -0.000002 -0.000009 -0.000024
 29   8.824059 0.150544 0.091743 0.058827 0.161235 -0.421530
 30   2.177493 -0.854157 1.620252 0.055521 0.144304 -0.228410
 31   2.074414 -0.811297 -1.814535 -0.009699 -0.032921 -0.207066
 32   -0.814395 -0.093824 3.127092 0.297129 -3.055368 -0.185282
 33   14.298673 -0.408176 0.471578 -0.039026 -0.141852 -0.152950
 34   15.835795 0.581398 0.242756 0.041399 0.007224 -0.174651
 35   -0.815868 -0.091229 -3.114430 0.009606 3.088691 0.063262
 36   14.294526 -0.410349 -0.467541 -0.077628 0.082058 -1.932041
 37   15.834409 0.579420 -0.284600 0.220130 0.254766 -0.268631
 38   1.127966 -3.598285 -2.538648 -0.057211 0.071147 0.502686
 39   -4.649154 -1.152513 -0.406326 -0.085714 0.158328 -0.015313
 40   0.969659 -3.555241 3.147443 -0.138145 0.083451 0.390211
 41   -4.433840 -1.059130 0.959566 -0.027985 0.053859 -0.008105
 42   0.401158 2.904370 -2.669082 0.022435 -0.016327 -0.549421
 43   0.265648 2.858770 2.885002 0.022439 -0.016317 -0.549421
time 109
  0   -0.455812 0.433607 -1.491862 0.000000 0.000000 -1.571069
  1   -1.093036 0.000002 -0.326057 -1.588102 -1.684518 0.017297
  2   2.262337 0.113614 0.064702 -0.135146 -0.007466 -0.102257
  3   2.380047 0.353302 0.047440 -0.209894 -0.000903 0.082785
  4   2.033756 0.190472 -0.000128 -0.129440 -0.025359 -0.131529
  5   2.451511 0.204909 -0.003447 -0.055202 -0.076994 -0.045358
  6   7.247600 -0.397300 -0.109469 0.000001 0.000021 0.156829
  7   -2.022252 -0.104661 3.136172 1.974872 -1.454369 -5.171614
  8   1.168026 -0.537438 -0.063437 -0.666109 0.403436 1.064357
  9   6.790376 -0.619176 0.015206 0.036348 0.037023 -0.964777
 10   8.637599 0.544015 -0.090417 -1.201032 -0.262405 -0.548924
 11   6.790465 -0.619039 0.017802 0.029643 0.011203 -0.690743
 12   -2.022474 -0.104699 -2.873818 -2.573519 1.429774 -5.750473
 13   1.167898 -0.537463 0.063297 0.421567 -0.571245 -0.062987
 14   7.002743 -0.617765 -0.183752 0.002336 -0.095829 -1.257301
 15   8.209042 0.615527 -0.255885 1.929892 0.196727 -0.266355
 16   7.002735 -0.617911 -0.183641 0.003092 -0.061482 -0.898418
 17   1.574674 0.609930 -0.000899 0.491153 -0.166962 0.490095
 18   -0.602177 0.511412 -0.000006 0.000000 0.000000 0.000000
 19   3.677679 0.177020 1.119313 -0.000002 -0.000014 -0.174510
 20   3.673767 0.176993 -1.117566 0.000007 -0.000003 -0.174546
 21   3.942357 1.334540 1.627658 0.000002 -0.000011 -0.000026
 22   -0.246060 -0.011889 0.516521 -0.000011 0.000031 0.000025
 23   3.942374 1.334565 -1.631083 0.000019 0.000002 -0.000024
 24   -0.246150 -0.011872 -0.516511 -0.000005 -0.000006 0.000048
 25   4.941364 1.997338 1.629330 0.000018 -0.000001 -0.000024
 26   4.941382 1.997366 -1.629410 -0.000001 0.000005 -0.000024
 27   2.914462 1.619264 1.514501 -0.000019 -0.000022 -0.000050
 28   2.916892 1.618870 -1.501142 -0.000002 -0.000009 -0.000024
 29   8.824059 0.150544 0.091743 0.062571 0.175905 -0.419598
 30   2.181400 -0.861969 1.616346 0.059304 0.148401 -0.228324
 31   2.078320 -0.807390 -1.810629 -0.007998 -0.034423 -0.206684
 32   -0.814395 -0.093824 3.127092 0.296570 -3.055559 -0.186819
 33   14.298673 -0.408176 0.471578 -0.038894 -0.142072 -0.155094
 34   15.835795 0.581398 0.242756 0.042135 0.007346 -0.174475
 35   -0.815868 -0.091229 -3.114430 0.009518 3.088597 0.062660
 36   14.294526 -0.410349 -0.467541 -0.077819 0.082238 -1.932813
 37   15.834409 0.579420 -0.284600 0.220130 0.254638 -0.267312
 38   1.120153 -3.613910 -2.526929 -0.063189 0.080920 0.503358
 39   -4.656967 -1.156420 -0.394607 -0.088434 0.162607 -0.015398
 40   0.977472 -3.543522 3.155256 -0.146207 0.094598 0.387828
 41   -4.433840 -1.059130 0.959566 -0.031473 0.059767 -0.007965
 42   0.412877 2.916089 -2.669082 0.022447 -0.016342 -0.555861
 43   0.273461 2.874395 2.885002 0.022452 -0.016333 -0.555861
time 110
  0   -0.455812 0.433607 -1.491862 0.000000 0.000000 -1.571069
  1   -1.093036 0.000002 -0.326057 -1.590460 -1.683824 0.019571
  2   2.262337 0.113614 0.064702 -0.135057 -0.007466 -0.101968
  3   2.380047 0.353302 0.047440 -0.209819 -0.000855 0.083152
  4   2.033756 0.190472 -0.000128 -0.129403 -0.025287 -0.131348
  5   2.451511 0.204909 -0.003447 -0.055219 -0.076968 -0.045234
  6   7.247600 -0.397300 -0.109469 0.000001 0.000021 0.156829
  7   -2.022252 -0.104661 3.136172 1.974680 -1.454398 -5.171050
  8   1.168026 -0.537438 -0.063437 -0.666362 0.403486 1.064357
  9   6.790376 -0.619176 0.015206 0.036348 0.037090 -0.964853
 10   8.637599 0.544015 -0.090417 -1.201032 -0.262405 -0.548924
 11   6.790465 -0.619039 0.017802 0.029643 0.011259 -0.690801
 12   -2.022474 -0.104699 -2.873818 -2.573327 1.429832 -5.750377
 13   1.167898 -0.537463 0.063297 0.421356 -0.569668 -0.062987
 14   7.002743 -0.617765 -0.183752 0.002336 -0.095829 -1.257136
 15   8.209042 0.615527 -0.255885 1.929892 0.196727 -0.266355
 16   7.002735 -0.617911 -0.183641 0.003092 -0.061426 -0.898363
 17   1.574674 0.609930 -0.000899 0.491234 -0.167246 0.490465
 18   -0.602177 0.511412 -0.000006 0.000000 0.000000 0.000000
 19   3.673773 0.177020 1.119313 -0.000002 -0.000014 -0.174510
 20   3.673767 0.176993 -1.117566 0.000007 -0.000003 -0.174546
 21   3.942357 1.334540 1.627658 0.000002 -0.000011 -0.000026
 22   -0.246060 -0.011889 0.516521 -0.000011 0.000031 0.000025
 23   3.942374 1.334565 -1.631083 0.000019 0.000002 -0.000024
 24   -0.246150 -0.011872 -0.516511 -0.000005 -0.000006 0.000048
 25   4.941364 1.997338 1.629330 0.000018 -0.000001 -0.000024
 26   4.941382 1.997366 -1.629410 -0.000001 0.000005 -0.000024
 27   2.914462 1.619264 1.514501 -0.000019 -0.000022 -0.000050
 28   2.916892 1.618870 -1.501142 -0.000002 -0.000009 -0.000024
 29   8.824059 0.150544 0.091743 0.066225 0.190195 -0.417774
 30   2.181400 -0.865876 1.612440 0.062979 0.152412 -0.228238
 31   2.082226 -0.803484 -1.810629 -0.006359 -0.035899 -0.206320
 32   -0.814395 -0.093824 3.127092 0.296010 -3.055655 -0.188583
 33   14.298673 -0.408176 0.471578 -0.038774 -0.142305 -0.157158
 34   15.835795 0.581398 0.242756 0.042848 0.007468 -0.174210
 35   -0.815868 -0.091229 -3.114430 0.009518 3.088597 0.061893
 36   14.294526 -0.410349 -0.467541 -0.078047 0.082454 -1.933663
 37   15.834409 0.579420 -0.284600 0.220130 0.254510 -0.265943
 38   1.108434 -3.625629 -2.515210 -0.068999 0.090452 0.503969
 39   -4.660873 -1.160326 -0.386794 -0.091095 0.166754 -0.015482
 40   0.989191 -3.527896 3.163069 -0.154037 0.105468 0.385445
 41   -4.433840 -1.059130 0.959566 -0.034876 0.065520 -0.007825
 42   0.424596 2.927808 -2.669082 0.022471 -0.016358 -0.562009
 43   0.285180 2.886114 2.888909 0.022464 -0.016348 -0.562009
time 111
  0   -0.463625 0.433607 -1.491862 0.000000 0.000000 -1.571069
  1   -1.093036 0.000002 -0.326057 -1.592923 -1.683083 0.022233
  2   2.262337 0.113614 0.064702 -0.134955 -0.007454 -0.101661
  3   2.380047 0.353302 0.047440 -0.209744 -0.000771 0.083540
  4   2.033756 0.190472 -0.000128 -0.129403 -0.025215 -0.131058
  5   2.451511 0.204909 -0.003447 -0.055219 -0.076941 -0.045036
  6   7.247600 -0.397300 -0.109469 0.000001 0.000021 0.156829
  7   -2.022252 -0.104661 3.136172 1.974105 -1.454427 -5.170956
  8   1.168026 -0.537438 -0.063437 -0.666552 0.403587 1.064357
  9   6.790376 -0.619176 0.015206 0.036348 0.037090 -0.964853
 10   8.637599 0.544015 -0.090417 -1.201032 -0.262405 -0.548924
 11   6.790465 -0.619039 0.017802 0.029643 0.011259 -0.690858
 12   -2.022474 -0.104699 -2.873818 -2.573231 1.429948 -5.750185
 13   1.167898 -0.537463 0.063297 0.421356 -0.567990 -0.062987
 14   7.002743 -0.617765 -0.183752 0.002336 -0.095716 -1.256971
 15   8.209042 0.615527 -0.255885 1.929892 0.196727 -0.266355
 16   7.002735 -0.617911 -0.183641 0.003092 -0.061426 -0.898198
 17   1.574674 0.609930 -0.000899 0.491316 -0.167601 0.490761
 18   -0.602177 0.511412 -0.000006 0.000000 0.000000 0.000000
 19   3.673773 0.177020 1.119313 -0.000002 -0.000014 -0.174510
 20   3.673767 0.176993 -1.117566 0.000007 -0.000003 -0.174546
 21   3.942357 1.334540 1.627658 0.000002 -0.000011 -0.000026
 22   -0.246060 -0.011889 0.516521 -0.000011 0.000031 0.000025
 23   3.942374 1.334565 -1.631083 0.000019 0.000002 -0.000024
 24   -0.246150 -0.011872 -0.516511 -0.000005 -0.000006 0.000048
 25   4.941364 1.997338 1.629330 0.000018 -0.000001 -0.000024
 26   4.941382 1.997366 -1.629410 -0.000001 0.000005 -0.000024
 27   2.914462 1.619264 1.514501 -0.000019 -0.000022 -0.000050
 28   2.916892 1.618870 -1.501142 -0.000002 -0.000009 -0.000024
 29   8.824059 0.150544 0.091743 0.069700 0.204058 -0.415950
 30   2.185306 -0.869782 1.604627 0.066532 0.156277 -0.228174
 31   2.082226 -0.799578 -1.810629 -0.004750 -0.037324 -0.205993
 32   -0.814395 -0.093824 3.127092 0.295451 -3.055941 -0.190120
 33   14.298673 -0.408176 0.471578 -0.038630 -0.142537 -0.159302
 34   15.835795 0.581398 0.242756 0.043607 0.007590 -0.174034
 35   -0.815868 -0.091229 -3.114430 0.009518 3.088503 0.061235
 36   14.294526 -0.410349 -0.467541 -0.078287 0.082658 -1.934435
 37   15.834409 0.579420 -0.284600 0.220169 0.254382 -0.264372
 38   1.100621 -3.637348 -2.503491 -0.074640 0.099682 0.504458
 39   -4.668686 -1.164232 -0.375075 -0.093672 0.170768 -0.015566
 40   0.997004 -3.516177 3.170882 -0.161636 0.116000 0.383185
 41   -4.433840 -1.059130 0.959566 -0.038172 0.071105 -0.007685
 42   0.436315 2.943434 -2.669082 0.022471 -0.016358 -0.567906
 43   0.292992 2.897833 2.888909 0.022477 -0.016364 -0.567906
time 112
  0   -0.463625 0.433607 -1.491862 0.000000 0.000000 -1.571069
  1   -1.093036 0.000002 -0.326057 -1.595805 -1.682249 0.024991
  2   2.262337 0.113614 0.064702 -0.134853 -0.007454 -0.101300
  3   2.380047 0.353302 0.047440 -0.209654 -0.000723 0.083948
  4   2.033756 0.190472 -0.000128 -0.129366 -0.025156 -0.130768
  5   2.451511 0.204909 -0.003447 -0.055219 -0.076928 -0.044838
  6   7.247600 -0.397300 -0.109469 0.000001 0.000021 0.156829
  7   -2.022252 -0.104661 3.136172 1.974009 -1.454427 -5.170486
  8   1.168026 -0.537438 -0.063437 -0.666742 0.403788 1.064294
  9   6.790376 -0.619176 0.015206 0.036348 0.037090 -0.965004
 10   8.637599 0.544015 -0.090417 -1.201032 -0.262405 -0.548924
 11   6.790465 -0.619039 0.017802 0.029643 0.011259 -0.690974
 12   -2.022474 -0.104699 -2.873818 -2.573135 1.430006 -5.750090
 13   1.167898 -0.537463 0.063297 0.421146 -0.566566 -0.062987
 14   7.002743 -0.617765 -0.183752 0.002336 -0.095716 -1.256806
 15   8.209042 0.615527 -0.255885 1.929892 0.196727 -0.266355
 16   7.002735 -0.617911 -0.183641 0.003092 -0.061426 -0.898087
 17   1.574674 0.609930 -0.000899 0.491397 -0.167885 0.491204
 18   -0.602177 0.511412 -0.000006 0.000000 0.000000 0.000000
 19   3.673773 0.177020 1.119313 -0.000002 -0.000014 -0.174510
 20   3.673767 0.176993 -1.117566 0.000007 -0.000003 -0.174546
 21   3.942357 1.334540 1.627658 0.000002 -0.000011 -0.000026
 22   -0.246060 -0.011889 0.516521 -0.000011 0.000031 0.000025
 23   3.942374 1.334565 -1.631083 0.000019 0.000002 -0.000024
 24   -0.246150 -0.011872 -0.516511 -0.000005 -0.000006 0.000048
 25   4.941364 1.997338 1.629330 0.000018 -0.000001 -0.000024
 26   4.941382 1.997366 -1.629410 -0.000001 0.000005 -0.000024
 27   2.914462 1.619264 1.514501 -0.000019 -0.000022 -0.000050
 28   2.916892 1.618870 -1.501142 -0.000002 -0.000009 -0.000024
 29   8.824059 0.150544 0.091743 0.073087 0.217470 -0.414234
 30   2.185306 -0.877595 1.600721 0.069976 0.160026 -0.228110
 31   2.086133 -0.799578 -1.810629 -0.003202 -0.038697 -0.205684
 32   -0.814395 -0.093824 3.127092 0.294799 -3.056132 -0.191714
 33   14.298673 -0.408176 0.471578 -0.038522 -0.142809 -0.161366
 34   15.835795 0.581398 0.242756 0.044343 0.007737 -0.173769
 35   -0.815868 -0.091229 -3.114430 0.009518 3.088410 0.060578
 36   14.294526 -0.410349 -0.467541 -0.078526 0.082885 -1.935517
 37   15.834409 0.579420 -0.284600 0.220189 0.254203 -0.262699
 38   1.092809 -3.649067 -2.491772 -0.080113 0.108612 0.504947
 39   -4.672593 -1.168139 -0.363356 -0.096152 0.174627 -0.015622
 40   1.004816 -3.504458 3.178694 -0.168982 0.126171 0.380985
 41   -4.433840 -1.059130 0.959566 -0.041360 0.076486 -0.007573
 42   0.444128 2.955153 -2.669082 0.022483 -0.016373 -0.573510
 43   0.304712 2.909553 2.888909 0.022489 -0.016380 -0.573510
time 113
  0   -0.463625 0.433607 -1.491862 0.000000 0.000000 -1.571069
  1   -1.093036 0.000002 -0.326057 -1.598687 -1.681370 0.027846
  2   2.262337 0.113614 0.064702 -0.134713 -0.007442 -0.100993
  3   2.380047 0.353302 0.047440 -0.209564 -0.000663 0.084356
  4   2.033756 0.190472 -0.000128 -0.129366 -0.025072 -0.130478
  5   2.451511 0.204909 -0.003447 -0.055219 -0.076915 -0.044689
  6   7.247600 -0.397300 -0.109469 0.000001 0.000021 0.156829
  7   -2.022252 -0.104661 3.136172 1.973818 -1.454427 -5.170205
  8   1.168026 -0.537438 -0.063437 -0.666805 0.403788 1.064294
  9   6.790376 -0.619176 0.015206 0.036348 0.037090 -0.965004
 10   8.637599 0.544015 -0.090417 -1.201032 -0.262405 -0.548924
 11   6.790465 -0.619039 0.017802 0.029643 0.011259 -0.691031
 12   -2.022474 -0.104699 -2.873818 -2.573040 1.430035 -5.750090
 13   1.167898 -0.537463 0.063297 0.421146 -0.565142 -0.062987
 14   7.002743 -0.617765 -0.183752 0.002336 -0.095716 -1.256641
 15   8.209042 0.615527 -0.255885 1.929892 0.196727 -0.266355
 16   7.002735 -0.617911 -0.183641 0.003092 -0.061369 -0.898032
 17   1.574674 0.609930 -0.000899 0.491438 -0.168311 0.491537
 18   -0.602177 0.511412 -0.000006 0.000000 0.000000 0.000000
 19   3.677679 0.177020 1.119313 -0.000002 -0.000014 -0.174510
 20   3.673767 0.176993 -1.117566 0.000007 -0.000003 -0.174546
 21   3.942357 1.334540 1.627658 0.000002 -0.000011 -0.000026
 22   -0.246060 -0.011889 0.516521 -0.000011 0.000031 0.000025
 23   3.942374 1.334565 -1.631083 0.000019 0.000002 -0.000024
 24   -0.246150 -0.011872 -0.516511 -0.000005 -0.000006 0.000048
 25   4.941364 1.997338 1.629330 0.000018 -0.000001 -0.000024
 26   4.941382 1.997366 -1.629410 -0.000001 0.000005 -0.000024
 27   2.914462 1.619264 1.514501 -0.000019 -0.000022 -0.000050
 28   2.916892 1.618870 -1.501142 -0.000002 -0.000009 -0.000024
 29   8.824059 0.150544 0.091743 0.076385 0.230336 -0.412571
 30   2.189212 -0.881501 1.596814 0.073285 0.163629 -0.228045
 31   2.086133 -0.795671 -1.806723 -0.001716 -0.040018 -0.205392
 32   -0.814395 -0.093824 3.127092 0.294333 -3.056227 -0.193479
 33   14.298673 -0.408176 0.471578 -0.038403 -0.143080 -0.163510
 34   15.835795 0.581398 0.242756 0.045056 0.007907 -0.173593
 35   -0.815868 -0.091229 -3.114430 0.009430 3.088410 0.059975
 36   14.294526 -0.410349 -0.467541 -0.078802 0.083137 -1.936521
 37   15.834409 0.579420 -0.284600 0.220248 0.254075 -0.261025
 38   1.081089 -3.660787 -2.480052 -0.085354 0.117192 0.505375
 39   -4.676499 -1.168139 -0.355543 -0.098549 0.178343 -0.015678
 40   1.016535 -3.492739 3.182601 -0.176033 0.135956 0.378847
 41   -4.433840 -1.059130 0.959566 -0.044428 0.081675 -0.007432
 42   0.455847 2.966872 -2.669082 0.022495 -0.016388 -0.578864
 43   0.312524 2.921272 2.888909 0.022502 -0.016380 -0.578864
time 114
  0   -0.463625 0.433607 -1.491862 0.000000 0.000000 -1.571069
  1   -1.093036 0.000002 -0.326057 -1.601779 -1.680536 0.030991
  2   2.262337 0.113614 0.064702 -0.134611 -0.007430 -0.100685
  3   2.380047 0.353302 0.047440 -0.209474 -0.000615 0.084744
  4   2.033756 0.190472 -0.000128 -0.129329 -0.024976 -0.130188
  5   2.451511 0.204909 -0.003447 -0.055219 -0.076902 -0.044516
  6   7.247600 -0.397300 -0.109469 0.000001 0.000021 0.156829
  7   -2.022252 -0.104661 3.136172 1.973434 -1.454427 -5.170017
  8   1.168026 -0.537438 -0.063437 -0.666995 0.403939 1.064104
  9   6.790376 -0.619176 0.015206 0.036348 0.037090 -0.965155
 10   8.637599 0.544015 -0.090417 -1.201032 -0.262405 -0.548924
 11   6.790465 -0.619039 0.017802 0.029643 0.011259 -0.691031
 12   -2.022474 -0.104699 -2.873818 -2.572944 1.430093 -5.749994
 13   1.167898 -0.537463 0.063297 0.421075 -0.563769 -0.062987
 14   7.002743 -0.617765 -0.183752 0.002336 -0.095716 -1.256476
 15   8.209042 0.615527 -0.255885 1.929892 0.196727 -0.266355
 16   7.002735 -0.617911 -0.183641 0.003092 -0.061369 -0.897922
 17   1.574674 0.609930 -0.000899 0.491519 -0.168666 0.492054
 18   -0.602177 0.511412 -0.000006 0.000000 0.000000 0.000000
 19   3.673773 0.177020 1.119313 -0.000002 -0.000014 -0.174510
 20   3.673767 0.176993 -1.117566 0.000007 -0.000003 -0.174546
 21   3.461874 1.412668 1.627658 -0.073691 -0.386442 0.847736
 22   -0.457004 -0.035327 0.235262 -0.000011 0.000031 0.000025
 23   3.457984 1.408786 -1.631083 0.073712 0.386493 0.847730
 24   -0.453188 -0.039217 -0.235252 -0.000005 -0.000006 0.000048
 25   4.941364 1.997338 1.629330 0.000018 -0.000001 -0.000024
 26   4.941382 1.997366 -1.629410 -0.000001 0.000005 -0.000024
 27   3.160563 1.771613 1.553565 -0.163477 0.220818 -1.289323
 28   3.162993 1.779032 -1.540206 0.163480 -0.220897 -1.289299
 29   8.824059 0.150544 0.091743 0.079504 0.242680 -0.410961
 30   2.189212 -0.885408 1.592908 0.076458 0.167088 -0.228003
 31   2.090039 -0.791765 -1.806723 -0.000291 -0.041287 -0.205138
 32   -0.814395 -0.093824 3.127092 0.293773 -3.056418 -0.194959
 33   14.298673 -0.408176 0.471578 -0.038295 -0.143351 -0.165654
 34   15.835795 0.581398 0.242756 0.045815 0.008151 -0.173328
 35   -0.815868 -0.091229 -3.114430 0.009430 3.088316 0.059209
 36   14.294526 -0.410349 -0.467541 -0.079078 0.083389 -1.937525
 37   15.834409 0.579420 -0.284600 0.220307 0.253896 -0.259302
 38   1.073277 -3.668599 -2.468333 -0.090385 0.125422 0.505741
 39   -4.684312 -1.172045 -0.347730 -0.100838 0.181878 -0.015734
 40   1.024348 -3.481020 3.190413 -0.182790 0.145331 0.376831
 41   -4.433840 -1.059130 0.959566 -0.047352 0.086637 -0.007320
 42   0.463660 2.978591 -2.669082 0.022507 -0.016388 -0.583882
 43   0.320337 2.932991 2.888909 0.022502 -0.016396 -0.583882
time 115
  0   -0.463625 0.433607 -1.491862 0.000000 0.000000 -1.571069
  1   -1.093036 0.000002 -0.326057 -1.604923 -1.679656 0.034039
  2   2.262337 0.113614 0.064702 -0.134471 -0.007418 -0.100306
  3   2.380047 0.353302 0.047440 -0.209384 -0.000555 0.085152
  4   2.033756 0.190472 -0.000128 -0.129274 -0.024892 -0.129934
  5   2.451511 0.204909 -0.003447 -0.055219 -0.076889 -0.044293
  6   7.247600 -0.397300 -0.109469 0.000001 0.000021 0.156829
  7   -2.022252 -0.104661 3.136172 1.973338 -1.454455 -5.169829
  8   1.168026 -0.537438 -0.063437 -0.667058 0.403939 1.064104
  9   6.790376 -0.619176 0.015206 0.036403 0.037090 -0.965155
 10   8.637599 0.544015 -0.090417 -1.201032 -0.262405 -0.548924
 11   6.790465 -0.619039 0.017802 0.029643 0.011259 -0.691089
 12   -2.022474 -0.104699 -2.873818 -2.572944 1.430122 -5.749803
 13   1.167898 -0.537463 0.063297 0.420864 -0.562599 -0.062987
 14   7.002743 -0.617765 -0.183752 0.002336 -0.095716 -1.256476
 15   8.209042 0.615527 -0.255885 1.929892 0.196727 -0.266355
 16   7.002735 -0.617911 -0.183641 0.003092 -0.061369 -0.897811
 17   1.574674 0.609930 -0.000899 0.491600 -0.169021 0.492461
 18   -0.602177 0.511412 -0.000006 0.000000 0.000000 0.000000
 19   3.677679 0.177020 1.119313 -0.000002 -0.000014 -0.174510
 20   3.673767 0.176993 -1.117566 0.000007 -0.000003 -0.174546
 21   3.704068 1.369698 1.627658 0.006354 -0.200741 0.411863
 22   -0.351532 -0.015795 0.371985 -0.000011 0.000031 0.000025
 23   3.707992 1.369723 -1.631083 -0.006333 0.200780 0.411810
 24   -0.347716 -0.015778 -0.379788 -0.000005 -0.000006 0.000048
 25   4.941364 1.997338 1.629330 0.000018 -0.000001 -0.000024
 26   4.941382 1.997366 -1.629410 -0.000001 0.000005 -0.000024
 27   3.031653 1.693485 1.522314 -0.043955 0.137321 -0.635381
 28   3.034083 1.693092 -1.520674 0.043934 -0.137352 -0.635435
 29   8.824059 0.150544 0.091743 0.082445 0.254430 -0.409405
 30   2.193119 -0.889314 1.589002 0.079482 0.170371 -0.227960
 31   2.093946 -0.791765 -1.806723 0.001057 -0.042478 -0.204901
 32   -0.814395 -0.093824 3.127092 0.293307 -3.056514 -0.196609
 33   14.298673 -0.408176 0.471578 -0.038187 -0.143636 -0.167718
 34   15.835795 0.581398 0.242756 0.046551 0.008371 -0.173152
 35   -0.815868 -0.091229 -3.114430 0.009430 3.088316 0.058661
 36   14.294526 -0.410349 -0.467541 -0.079341 0.083628 -1.938529
 37   15.834409 0.579420 -0.284600 0.220327 0.253691 -0.257476
 38   1.065464 -3.680318 -2.460521 -0.095163 0.133243 0.506047
 39   -4.688218 -1.175951 -0.336011 -0.103020 0.185246 -0.015790
 40   1.032161 -3.473207 3.198226 -0.189231 0.154261 0.374876
 41   -4.433840 -1.059130 0.959566 -0.050157 0.091371 -0.007208
 42   0.471473 2.986404 -2.669082 0.022507 -0.016404 -0.588650
 43   0.328150 2.944710 2.888909 0.022514 -0.016396 -0.588650
time 116
  0   -0.463625 0.433607 -1.491862 0.000000 0.000000 -1.571069
  1   -1.093036 0.000002 -0.326057 -1.607911 -1.678777 0.037233
  2   2.262337 0.113614 0.064702 -0.134369 -0.007406 -0.099999
  3   2.380047 0.353302 0.047440 -0.209294 -0.000507 0.085560
  4   2.033756 0.190472 -0.000128 -0.129274 -0.024772 -0.129644
  5   2.451511 0.204909 -0.003447 -0.055219 -0.076876 -0.044169
  6   7.247600 -0.397300 -0.109469 0.000001 0.000021 0.156829
  7   -2.022252 -0.104661 3.136172 1.973242 -1.454542 -5.169735
  8   1.168026 -0.537438 -0.063437 -0.667248 0.403939 1.064104
  9   6.790376 -0.619176 0.015206 0.036403 0.037090 -0.965155
 10   8.637599 0.544015 -0.090417 -1.201032 -0.262405 -0.548924
 11   6.790465 -0.619039 0.017802 0.029643 0.011288 -0.691089
 12   -2.022474 -0.104699 -2.873818 -2.572848 1.430151 -5.749803
 13   1.167898 -0.537463 0.063297 0.420864 -0.561481 -0.062987
 14   7.002743 -0.617765 -0.183752 0.002336 -0.095716 -1.256311
 15   8.209042 0.615527 -0.255885 1.929892 0.196727 -0.266355
 16   7.002735 -0.617911 -0.183641 0.003092 -0.061369 -0.897811
 17   1.574674 0.609930 -0.000899 0.491722 -0.169376 0.492830
 18   -0.602177 0.511412 -0.000006 0.000000 0.000000 0.000000
 19   3.677679 0.177020 1.119313 -0.000002 -0.000014 -0.174510
 20   3.673767 0.176993 -1.117566 0.000007 -0.000003 -0.174546
 21   3.942357 1.334540 1.627658 0.000002 -0.000011 -0.000026
 22   -0.246060 -0.011889 0.516521 -0.000011 0.000031 0.000025
 23   3.942374 1.334565 -1.631083 0.000019 0.000002 -0.000024
 24   -0.246150 -0.011872 -0.516511 -0.000005 -0.000006 0.000048
 25   4.941364 1.997338 1.629330 0.000018 -0.000001 -0.000024
 26   4.941382 1.997366 -1.629410 -0.000001 0.000005 -0.000024
 27   2.914462 1.619264 1.514501 -0.000019 -0.000022 -0.000050
 28   2.916892 1.618870 -1.501142 -0.000002 -0.000009 -0.000024
 29   8.824059 0.150544 0.091743 0.085297 0.265563 -0.407957
 30   2.193119 -0.893220 1.585095 0.082343 0.173481 -0.227917
 31   2.093946 -0.787858 -1.806723 0.002344 -0.043618 -0.204665
 32   -0.814395 -0.093824 3.127092 0.292841 -3.056705 -0.198260
 33   14.298673 -0.408176 0.471578 -0.038079 -0.143920 -0.169703
 34   15.835795 0.581398 0.242756 0.047264 0.008639 -0.172931
 35   -0.815868 -0.091229 -3.114430 0.009430 3.088223 0.058058
 36   14.294526 -0.410349 -0.467541 -0.079617 0.083892 -1.939456
 37   15.834409 0.579420 -0.284600 0.220386 0.253563 -0.255752
 38   1.057651 -3.688131 -2.448802 -0.099688 0.140654 0.506352
 39   -4.692124 -1.175951 -0.328198 -0.105093 0.188422 -0.015818
 40   1.039974 -3.461488 3.202133 -0.195335 0.162708 0.373043
 41   -4.433840 -1.059130 0.959566 -0.052793 0.095841 -0.007124
 42   0.479285 2.998123 -2.669082 0.022519 -0.016404 -0.593083
 43   0.335963 2.952523 2.888909 0.022514 -0.016411 -0.593083
time 117
  0   -0.463625 0.433607 -1.491862 0.000000 0.000000 -1.571069
  1   -1.093036 0.000002 -0.326057 -1.611107 -1.677943 0.040378
  2   2.262337 0.113614 0.064702 -0.134267 -0.007406 -0.099709
  3   2.380047 0.353302 0.047440 -0.209204 -0.000448 0.085968
  4   2.033756 0.190472 -0.000128 -0.129274 -0.024688 -0.129463
  5   2.451511 0.204909 -0.003447 -0.055219 -0.076863 -0.043996
  6   7.247600 -0.397300 -0.109469 0.000001 0.000021 0.156829
  7   -2.022252 -0.104661 3.136172 1.972859 -1.454542 -5.169641
  8   1.168026 -0.537438 -0.063437 -0.667248 0.404090 1.064104
  9   6.790376 -0.619176 0.015206 0.036403 0.037090 -0.965306
 10   8.637599 0.544015 -0.090417 -1.201032 -0.262405 -0.548924
 11   6.790465 -0.619039 0.017802 0.029643 0.011288 -0.691089
 12   -2.022474 -0.104699 -2.873818 -2.572848 1.430151 -5.749803
 13   1.167898 -0.537463 0.063297 0.420864 -0.560413 -0.062987
 14   7.002743 -0.617765 -0.183752 0.002336 -0.095716 -1.256146
 15   8.209042 0.615527 -0.255885 1.929892 0.196727 -0.266355
 16   7.002735 -0.617911 -0.183641 0.003092 -0.061369 -0.897756
 17   1.574674 0.609930 -0.000899 0.491763 -0.169731 0.493311
 18   -0.602177 0.511412 -0.000006 0.000000 0.000000 0.000000
 19   3.673773 0.177020 1.119313 -0.000002 -0.000014 -0.174510
 20   3.677673 0.176993 -1.117566 0.000007 -0.000003 -0.174546
 21   3.942357 1.334540 1.627658 0.000002 -0.000011 -0.000026
 22   -0.246060 -0.011889 0.516521 -0.000011 0.000031 0.000025
 23   3.942374 1.334565 -1.631083 0.000019 0.000002 -0.000024
 24   -0.246150 -0.011872 -0.516511 -0.000005 -0.000006 0.000048
 25   4.941364 1.997338 1.629330 0.000018 -0.000001 -0.000024
 26   4.941382 1.997366 -1.629410 -0.000001 0.000005 -0.000024
 27   2.914462 1.619264 1.514501 -0.000019 -0.000022 -0.000050
 28   2.916892 1.618870 -1.501142 -0.000002 -0.000009 -0.000024
 29   8.824059 0.150544 0.091743 0.087882 0.276008 -0.406616
 30   2.193119 -0.897127 1.581189 0.085028 0.176416 -0.227895
 31   2.097852 -0.783952 -1.806723 0.003555 -0.044706 -0.204465
 32   -0.814395 -0.093824 3.127092 0.292282 -3.056801 -0.199854
 33   14.298673 -0.408176 0.471578 -0.037959 -0.144179 -0.171847
 34   15.835795 0.581398 0.242756 0.048024 0.008932 -0.172755
 35   -0.815868 -0.091229 -3.114430 0.009430 3.088223 0.057401
 36   14.294526 -0.410349 -0.467541 -0.079869 0.084132 -1.940383
 37   15.834409 0.579420 -0.284600 0.220445 0.253435 -0.254029
 38   1.049839 -3.699850 -2.440989 -0.103961 0.147631 0.506535
 39   -4.696031 -1.179858 -0.320386 -0.107034 0.191394 -0.015846
 40   1.047786 -3.453675 3.206039 -0.201061 0.170662 0.371332
 41   -4.433840 -1.059130 0.959566 -0.055286 0.100047 -0.007012
 42   0.487098 3.005936 -2.669082 0.022519 -0.016404 -0.597182
 43   0.339869 2.960335 2.888909 0.022527 -0.016411 -0.597182
time 118
  0   -0.463625 0.433607 -1.491862 0.000000 0.000000 -1.571069
  1   -1.093036 0.000002 -0.326057 -1.614094 -1.677156 0.043330
  2   2.262337 0.113614 0.064702 -0.134165 -0.007394 -0.099420
  3   2.380047 0.353302 0.047440 -0.209129 -0.000424 0.086315
  4   2.033756 0.190472 -0.000128 -0.129237 -0.024604 -0.129173
  5   2.451511 0.204909 -0.003447 -0.055219 -0.076850 -0.043773
  6   7.247600 -0.397300 -0.109469 0.000001 0.000021 0.156829
  7   -2.022252 -0.104661 3.136172 1.972763 -1.454571 -5.169641
  8   1.168026 -0.537438 -0.063437 -0.667248 0.404090 1.064104
  9   6.790376 -0.619176 0.015206 0.036403 0.037090 -0.965306
 10   8.637599 0.544015 -0.090417 -1.201032 -0.262405 -0.548924
 11   6.790465 -0.619039 0.017802 0.029643 0.011288 -0.691089
 12   -2.022474 -0.104699 -2.873818 -2.572656 1.430180 -5.749803
 13   1.167898 -0.537463 0.063297 0.420653 -0.559497 -0.062987
 14   7.002743 -0.617765 -0.183752 0.002336 -0.095716 -1.256146
 15   8.209042 0.615527 -0.255885 1.929892 0.196727 -0.266355
 16   7.002735 -0.617911 -0.183641 0.003092 -0.061369 -0.897591
 17   1.574674 0.609930 -0.000899 0.491844 -0.170086 0.493607
 18   -0.602177 0.511412 -0.000006 0.000000 0.000000 0.000000
 19   3.673773 0.177020 1.119313 -0.000002 -0.000014 -0.174510
 20   3.673767 0.176993 -1.117566 0.000007 -0.000003 -0.174546
 21   3.942357 1.338447 1.627658 0.000002 -0.000011 -0.000026
 22   -0.246060 -0.011889 0.516521 -0.000011 0.000031 0.000025
 23   3.938468 1.334565 -1.631083 0.000019 0.000002 -0.000024
 24   -0.246150 -0.011872 -0.516511 -0.000005 -0.000006 0.000048
 25   4.941364 1.997338 1.629330 0.000018 -0.000001 -0.000024
 26   4.941382 1.997366 -1.629410 -0.000001 0.000005 -0.000024
 27   2.914462 1.623171 1.514501 -0.000019 -0.000022 -0.000050
 28   2.916892 1.622777 -1.501142 -0.000002 -0.000009 -0.000024
 29   8.824059 0.150544 0.091743 0.090377 0.285764 -0.405328
 30   2.197025 -0.901033 1.577282 0.087537 0.179148 -0.227852
 31   2.097852 -0.783952 -1.802816 0.004673 -0.045690 -0.204283
 32   -0.814395 -0.093824 3.127092 0.291816 -3.056992 -0.201618
 33   14.298673 -0.408176 0.471578 -0.037839 -0.144437 -0.173832
 34   15.835795 0.581398 0.242756 0.048737 0.009298 -0.172534
 35   -0.815868 -0.091229 -3.114430 0.009430 3.088129 0.056908
 36   14.294526 -0.410349 -0.467541 -0.080132 0.084359 -1.941310
 37   15.834409 0.579420 -0.284600 0.220465 0.253256 -0.252355
 38   1.042026 -3.707663 -2.433176 -0.107919 0.154127 0.506780
 39   -4.699937 -1.183764 -0.316479 -0.108844 0.194174 -0.015874
 40   1.051693 -3.445863 3.213852 -0.206407 0.178073 0.369744
 41   -4.433840 -1.059130 0.959566 -0.057611 0.103978 -0.006928
 42   0.494911 3.013748 -2.669082 0.022519 -0.016419 -0.600988
 43   0.347682 2.968148 2.888909 0.022527 -0.016411 -0.600988
time 119
  0   -0.463625 0.433607 -1.491862 0.000000 0.000000 -1.571069
  1   -1.093036 0.000002 -0.326057 -1.617029 -1.676415 0.046233
  2   2.262337 0.113614 0.064702 -0.134038 -0.007394 -0.099149
  3   2.380047 0.353302 0.047440 -0.209039 -0.000388 0.086662
  4   2.033756 0.190472 -0.000128 -0.129237 -0.024532 -0.128919
  5   2.451511 0.204909 -0.003447 -0.055219 -0.076837 -0.043674
  6   7.247600 -0.397300 -0.109469 0.000001 0.000021 0.156829
  7   -2.022252 -0.104661 3.136172 1.972763 -1.454571 -5.169454
  8   1.168026 -0.537438 -0.063437 -0.667438 0.404090 1.064104
  9   6.790376 -0.619176 0.015206 0.036403 0.037090 -0.965306
 10   8.637599 0.544015 -0.090417 -1.201032 -0.262405 -0.548924
 11   6.790465 -0.619039 0.017802 0.029672 0.011288 -0.691147
 12   -2.022474 -0.104699 -2.873818 -2.572656 1.430180 -5.749803
 13   1.167898 -0.537463 0.063297 0.420653 -0.558582 -0.062987
 14   7.002743 -0.617765 -0.183752 0.002336 -0.095716 -1.255981
 15   8.209042 0.615527 -0.255885 1.929892 0.196727 -0.266355
 16   7.002735 -0.617911 -0.183641 0.003092 -0.061369 -0.897535
 17   1.574674 0.609930 -0.000899 0.491925 -0.170441 0.494050
 18   -0.602177 0.511412 -0.000006 0.000000 0.000000 0.000000
 19   3.673773 0.177020 1.119313 -0.000002 -0.000014 -0.174510
 20   3.673767 0.176993 -1.117566 0.000007 -0.000003 -0.174546
 21   3.942357 1.334540 1.627658 0.000002 -0.000011 -0.000026
 22   -0.246060 -0.011889 0.516521 -0.000011 0.000031 0.000025
 23   3.942374 1.334565 -1.631083 0.000019 0.000002 -0.000024
 24   -0.246150 -0.011872 -0.516511 -0.000005 -0.000006 0.000048
 25   4.941364 1.997338 1.629330 0.000018 -0.000001 -0.000024
 26   4.941382 1.997366 -1.629410 -0.000001 0.000005 -0.000024
 27   2.914462 1.619264 1.514501 -0.000019 -0.000022 -0.000050
 28   2.916892 1.618870 -1.501142 -0.000002 -0.000009 -0.000024
 29   8.824059 0.150544 0.091743 0.092694 0.294785 -0.404201
 30   2.197025 -0.901033 1.573376 0.089855 0.181676 -0.227831
 31   2.097852 -0.780046 -1.802816 0.005715 -0.046623 -0.204119
 32   -0.814395 -0.093824 3.127092 0.291257 -3.057087 -0.203041
 33   14.298673 -0.408176 0.471578 -0.037719 -0.144683 -0.175896
 34   15.835795 0.581398 0.242756 0.049473 0.009713 -0.172358
 35   -0.815868 -0.091229 -3.114430 0.009430 3.088129 0.056141
 36   14.294526 -0.410349 -0.467541 -0.080384 0.084587 -1.942005
 37   15.834409 0.579420 -0.284600 0.220504 0.253128 -0.250784
 38   1.038119 -3.715476 -2.425363 -0.111602 0.160128 0.506902
 39   -4.703844 -1.183764 -0.308667 -0.110522 0.196727 -0.015902
 40   1.059505 -3.438050 3.217758 -0.211354 0.184917 0.368278
 41   -4.433840 -1.059130 0.959566 -0.059744 0.107598 -0.006843
 42   0.502724 3.021561 -2.669082 0.022531 -0.016419 -0.604501
 43   0.351588 2.975961 2.888909 0.022527 -0.016411 -0.604501
time 120
  0   -0.475344 0.433607 -1.491862 0.000000 0.000000 -1.571069
  1   -1.093036 0.000002 -0.326057 -1.619806 -1.675721 0.048991
  2   2.262337 0.113614 0.064702 -0.133974 -0.007394 -0.098896
  3   2.380047 0.353302 0.047440 -0.208964 -0.000340 0.086968
  4   2.033756 0.190472 -0.000128 -0.129200 -0.024460 -0.128738
  5   2.451511 0.204909 -0.003447 -0.055219 -0.076837 -0.043550
  6   7.247600 -0.397300 -0.109469 0.000001 0.000021 0.156829
  7   -2.022252 -0.104661 3.136172 1.972763 -1.454571 -5.169454
  8   1.168026 -0.537438 -0.063437 -0.667438 0.404090 1.064104
  9   6.790376 -0.619176 0.015206 0.036403 0.037090 -0.965457
 10   8.637599 0.544015 -0.090417 -1.201032 -0.262405 -0.548924
 11   6.790465 -0.619039 0.017802 0.029672 0.011288 -0.691147
 12   -2.022474 -0.104699 -2.873818 -2.572656 1.430209 -5.749803
 13   1.167898 -0.537463 0.063297 0.420653 -0.557768 -0.062987
 14   7.002743 -0.617765 -0.183752 0.002336 -0.095716 -1.255981
 15   8.209042 0.615527 -0.255885 1.929892 0.196727 -0.266355
 16   7.002735 -0.617911 -0.183641 0.003092 -0.061369 -0.897535
 17   1.574674 0.609930 -0.000899 0.492006 -0.170725 0.494383
 18   -0.602177 0.511412 -0.000006 0.000000 0.000000 0.000000
 19   3.673773 0.177020 1.119313 -0.000002 -0.000014 -0.174510
 20   3.677673 0.176993 -1.117566 0.000007 -0.000003 -0.174546
 21   3.942357 1.334540 1.627658 0.000002 -0.000011 -0.000026
 22   -0.246060 -0.011889 0.516521 -0.000011 0.000031 0.000025
 23   3.942374 1.334565 -1.631083 0.000019 0.000002 -0.000024
 24   -0.246150 -0.011872 -0.516511 -0.000005 -0.000006 0.000048
 25   4.941364 1.997338 1.629330 0.000018 -0.000001 -0.000024
 26   4.941382 1.997366 -1.629410 -0.000001 0.000005 -0.000024
 27   2.914462 1.619264 1.514501 -0.000019 -0.000022 -0.000050
 28   2.916892 1.622777 -1.501142 -0.000002 -0.000009 -0.000024
 29   8.824059 0.150544 0.091743 0.094744 0.302998 -0.403129
 30   2.197025 -0.904939 1.569470 0.091971 0.183972 -0.227831
 31   2.101758 -0.780046 -1.802816 0.006665 -0.047451 -0.203973
 32   -0.814395 -0.093824 3.127092 0.290604 -3.057278 -0.204578
 33   14.298673 -0.408176 0.471578 -0.037600 -0.144915 -0.177722
 34   15.835795 0.581398 0.242756 0.050186 0.010153 -0.172226
 35   -0.815868 -0.091229 -3.114430 0.009430 3.088035 0.055593
 36   14.294526 -0.410349 -0.467541 -0.080600 0.084815 -1.942700
 37   15.834409 0.579420 -0.284600 0.220504 0.253000 -0.249415
 38   1.030307 -3.723289 -2.417551 -0.114949 0.165611 0.507024
 39   -4.707750 -1.183764 -0.300854 -0.112056 0.199052 -0.015930
 40   1.063412 -3.430237 3.221664 -0.215858 0.191160 0.366873
 41   -4.433840 -1.059130 0.959566 -0.061710 0.110905 -0.006759
 42   0.506630 3.029374 -2.669082 0.022531 -0.016419 -0.607637
 43   0.359401 2.983773 2.888909 0.022527 -0.016427 -0.607637
time 121
  0   -0.475344 0.433607 -1.491862 0.000000 0.000000 -1.571069
  1   -1.093036 0.000002 -0.326057 -1.622217 -1.675072 0.051507
  2   2.262337 0.113614 0.064702 -0.133873 -0.007382 -0.098661
  3   2.380047 0.353302 0.047440 -0.208904 -0.000304 0.087274
  4   2.033756 0.190472 -0.000128 -0.129200 -0.024425 -0.128557
  5   2.451511 0.204909 -0.003447 -0.055219 -0.076824 -0.043426
  6   7.247600 -0.397300 -0.109469 0.000001 0.000021 0.156829
  7   -2.022252 -0.104661 3.136172 1.972763 -1.454571 -5.169360
  8   1.168026 -0.537438 -0.063437 -0.667501 0.404090 1.064104
  9   6.790376 -0.619176 0.015206 0.036403 0.037090 -0.965457
 10   8.637599 0.544015 -0.090417 -1.201032 -0.262405 -0.548924
 11   6.790465 -0.619039 0.017802 0.029672 0.011288 -0.691262
 12   -2.022474 -0.104699 -2.873818 -2.572560 1.430209 -5.749707
 13   1.167898 -0.537463 0.063297 0.420653 -0.557107 -0.062987
 14   7.002743 -0.617765 -0.183752 0.002336 -0.095602 -1.255816
 15   8.209042 0.615527 -0.255885 1.929892 0.196727 -0.266355
 16   7.002735 -0.617911 -0.183641 0.003092 -0.061369 -0.897535
 17   1.574674 0.609930 -0.000899 0.492006 -0.171009 0.494642
 18   -0.602177 0.511412 -0.000006 0.000000 0.000000 0.000000
 19   3.673773 0.177020 1.119313 -0.000002 -0.000014 -0.174510
 20   3.673767 0.176993 -1.117566 0.000007 -0.000003 -0.174546
 21   3.942357 1.334540 1.627658 0.000002 -0.000011 -0.000026
 22   -0.246060 -0.011889 0.516521 -0.000011 0.000031 0.000025
 23   3.942374 1.334565 -1.631083 0.000019 0.000002 -0.000024
 24   -0.246150 -0.011872 -0.516511 -0.000005 -0.000006 0.000048
 25   4.941364 1.997338 1.629330 0.000018 -0.000001 -0.000024
 26   4.941382 1.997366 -1.629410 -0.000001 0.000005 -0.000024
 27   2.914462 1.619264 1.514501 -0.000019 -0.000022 -0.000050
 28   2.916892 1.618870 -1.501142 -0.000002 -0.000009 -0.000024
 29   8.824059 0.150544 0.091743 0.096616 0.310405 -0.402163
 30   2.200932 -0.908846 1.569470 0.093869 0.186035 -0.227810
 31   2.101758 -0.780046 -1.802816 0.007523 -0.048203 -0.203846
 32   -0.814395 -0.093824 3.127092 0.290138 -3.057374 -0.206115
 33   14.298673 -0.408176 0.471578 -0.037504 -0.145135 -0.179707
 34   15.835795 0.581398 0.242756 0.050922 0.010689 -0.172049
 35   -0.815868 -0.091229 -3.114430 0.009254 3.088035 0.054991
 36   14.294526 -0.410349 -0.467541 -0.080791 0.084995 -1.943241
 37   15.834409 0.579420 -0.284600 0.220524 0.252872 -0.248096
 38   1.026400 -3.727195 -2.413644 -0.117959 0.170552 0.507146
 39   -4.711656 -1.187671 -0.296948 -0.113422 0.201149 -0.015930
 40   1.071225 -3.426331 3.225571 -0.219921 0.196787 0.365651
 41   -4.433840 -1.059130 0.959566 -0.063471 0.113890 -0.006703
 42   0.510536 3.033280 -2.669082 0.022531 -0.016419 -0.610439
 43   0.363307 2.991586 2.888909 0.022539 -0.016427 -0.610439
time 122
  0   -0.475344 0.433607 -1.491862 0.000000 0.000000 -1.571069
  1   -1.093036 0.000002 -0.326057 -1.624418 -1.674517 0.053733
  2   2.262337 0.113614 0.064702 -0.133796 -0.007382 -0.098445
  3   2.380047 0.353302 0.047440 -0.208844 -0.000268 0.087519
  4   2.033756 0.190472 -0.000128 -0.129163 -0.024365 -0.128412
  5   2.451511 0.204909 -0.003447 -0.055219 -0.076811 -0.043327
  6   7.247600 -0.397300 -0.109469 0.000001 0.000021 0.156829
  7   -2.022252 -0.104661 3.136172 1.972763 -1.454599 -5.169360
  8   1.168026 -0.537438 -0.063437 -0.667501 0.404090 1.064104
  9   6.790376 -0.619176 0.015206 0.036403 0.037090 -0.965457
 10   8.637599 0.544015 -0.090417 -1.201032 -0.262405 -0.548924
 11   6.790465 -0.619039 0.017802 0.029672 0.011288 -0.691262
 12   -2.022474 -0.104699 -2.873818 -2.572560 1.430209 -5.749707
 13   1.167898 -0.537463 0.063297 0.420583 -0.556599 -0.062987
 14   7.002743 -0.617765 -0.183752 0.002336 -0.095602 -1.255816
 15   8.209042 0.615527 -0.255885 1.929892 0.196727 -0.266355
 16   7.002735 -0.617911 -0.183641 0.003092 -0.061369 -0.897480
 17   1.574674 0.609930 -0.000899 0.492128 -0.171222 0.494974
 18   -0.602177 0.511412 -0.000006 0.000000 0.000000 0.000000
 19   3.677679 0.177020 1.119313 -0.000002 -0.000014 -0.174510
 20   3.673767 0.176993 -1.117566 0.000007 -0.000003 -0.174546
 21   3.942357 1.334540 1.627658 0.000002 -0.000011 -0.000026
 22   -0.246060 -0.011889 0.516521 -0.000011 0.000031 0.000025
 23   3.942374 1.334565 -1.631083 0.000019 0.000002 -0.000024
 24   -0.246150 -0.011872 -0.516511 -0.000005 -0.000006 0.000048
 25   4.941364 1.997338 1.629330 0.000018 -0.000001 -0.000024
 26   4.941382 1.997366 -1.629410 -0.000001 0.000005 -0.000024
 27   2.914462 1.619264 1.514501 -0.000019 -0.000022 -0.000050
 28   2.916892 1.618870 -1.501142 -0.000002 -0.000009 -0.000024
 29   8.824059 0.150544 0.091743 0.098309 0.316956 -0.401304
 30   2.200932 -0.908846 1.565563 0.095551 0.187866 -0.227810
 31   2.101758 -0.776139 -1.802816 0.008274 -0.048876 -0.203737
 32   -0.814395 -0.093824 3.127092 0.289579 -3.057565 -0.207652
 33   14.298673 -0.408176 0.471578 -0.037384 -0.145303 -0.181613
 34   15.835795 0.581398 0.242756 0.051635 0.011299 -0.171961
 35   -0.815868 -0.091229 -3.114430 0.009254 3.087941 0.054607
 36   14.294526 -0.410349 -0.467541 -0.080971 0.085174 -1.943859
 37   15.834409 0.579420 -0.284600 0.220504 0.252744 -0.247032
 38   1.022494 -3.735008 -2.405831 -0.120632 0.174914 0.507207
 39   -4.715563 -1.187671 -0.293041 -0.114645 0.202995 -0.015959
 40   1.075131 -3.418518 3.229477 -0.223499 0.201764 0.364612
 41   -4.433840 -1.059130 0.959566 -0.065029 0.116526 -0.006619
 42   0.518349 3.041093 -2.669082 0.022531 -0.016419 -0.612907
 43   0.367213 2.995492 2.888909 0.022539 -0.016427 -0.612907
time 123
  0   -0.475344 0.433607 -1.491862 0.000000 0.000000 -1.571069
  1   -1.093036 0.000002 -0.326057 -1.626409 -1.674054 0.055572
  2   2.262337 0.113614 0.064702 -0.133732 -0.007394 -0.098264
  3   2.380047 0.353302 0.047440 -0.208814 -0.000244 0.087723
  4   2.033756 0.190472 -0.000128 -0.129163 -0.024317 -0.128267
  5   2.451511 0.204909 -0.003447 -0.055219 -0.076811 -0.043228
  6   7.247600 -0.397300 -0.109469 0.000001 0.000021 0.156829
  7   -2.022252 -0.104661 3.136172 1.972763 -1.454599 -5.169360
  8   1.168026 -0.537438 -0.063437 -0.667501 0.404090 1.064104
  9   6.790376 -0.619176 0.015206 0.036403 0.037090 -0.965457
 10   8.637599 0.544015 -0.090417 -1.201032 -0.262405 -0.548924
 11   6.790465 -0.619039 0.017802 0.029672 0.011288 -0.691320
 12   -2.022474 -0.104699 -2.873818 -2.572560 1.430209 -5.749707
 13   1.167898 -0.537463 0.063297 0.420583 -0.556039 -0.062987
 14   7.002743 -0.617765 -0.183752 0.002336 -0.095602 -1.255816
 15   8.209042 0.615527 -0.255885 1.929892 0.196727 -0.266355
 16   7.002735 -0.617911 -0.183641 0.003092 -0.061369 -0.897425
 17   1.574674 0.609930 -0.000899 0.492209 -0.171435 0.495196
 18   -0.602177 0.511412 -0.000006 0.000000 0.000000 0.000000
 19   3.677679 0.177020 1.119313 -0.000002 -0.000014 -0.174510
 20   3.673767 0.176993 -1.117566 0.000007 -0.000003 -0.174546
 21   3.942357 1.334540 1.627658 0.000002 -0.000011 -0.000026
 22   -0.246060 -0.011889 0.516521 -0.000011 0.000031 0.000025
 23   3.942374 1.334565 -1.631083 0.000019 0.000002 -0.000024
 24   -0.246150 -0.011872 -0.516511 -0.000005 -0.000006 0.000048
 25   4.941364 1.997338 1.629330 0.000018 -0.000001 -0.000024
 26   4.941382 1.997366 -1.629410 -0.000001 0.000005 -0.000024
 27   2.914462 1.619264 1.514501 -0.000019 -0.000022 -0.000050
 28   2.916892 1.618870 -1.501142 -0.000002 -0.000009 -0.000024
 29   8.824059 0.150544 0.091743 0.099735 0.322606 -0.400553
 30   2.200932 -0.912752 1.565563 0.097002 0.189465 -0.227788
 31   2.105664 -0.776139 -1.802816 0.008933 -0.049472 -0.203646
 32   -0.814395 -0.093824 3.127092 0.289020 -3.057660 -0.209189
 33   14.298673 -0.408176 0.471578 -0.037264 -0.145471 -0.183439
 34   15.835795 0.581398 0.242756 0.052325 0.012007 -0.171829
 35   -0.815868 -0.091229 -3.114430 0.009254 3.087941 0.054059
 36   14.294526 -0.410349 -0.467541 -0.081127 0.085342 -1.944168
 37   15.834409 0.579420 -0.284600 0.220504 0.252616 -0.246018
 38   1.018588 -3.738914 -2.401925 -0.122927 0.178674 0.507268
 39   -4.715563 -1.191577 -0.289135 -0.115687 0.204577 -0.015959
 40   1.079037 -3.414612 3.233384 -0.226614 0.206054 0.363696
 41   -4.433840 -1.059130 0.959566 -0.066372 0.118791 -0.006591
 42   0.522255 3.044999 -2.669082 0.022531 -0.016419 -0.614998
 43   0.371120 2.999399 2.888909 0.022539 -0.016427 -0.614998
time 124
  0   -0.475344 0.433607 -1.491862 0.000000 0.000000 -1.571069
  1   -1.093036 0.000002 -0.326057 -1.628034 -1.673683 0.057169
  2   2.262337 0.113614 0.064702 -0.133681 -0.007394 -0.098155
  3   2.380047 0.353302 0.047440 -0.208769 -0.000220 0.087866
  4   2.033756 0.190472 -0.000128 -0.129163 -0.024281 -0.128122
  5   2.451511 0.204909 -0.003447 -0.055219 -0.076798 -0.043129
  6   7.247600 -0.397300 -0.109469 0.000001 0.000021 0.156829
  7   -2.022252 -0.104661 3.136172 1.972763 -1.454599 -5.169360
  8   1.168026 -0.537438 -0.063437 -0.667501 0.404090 1.064104
  9   6.790376 -0.619176 0.015206 0.036403 0.037090 -0.965457
 10   8.637599 0.544015 -0.090417 -1.201032 -0.262405 -0.548924
 11   6.790465 -0.619039 0.017802 0.029672 0.011288 -0.691320
 12   -2.022474 -0.104699 -2.873818 -2.572560 1.430209 -5.749707
 13   1.167898 -0.537463 0.063297 0.420583 -0.555632 -0.062987
 14   7.002743 -0.617765 -0.183752 0.002279 -0.095602 -1.255816
 15   8.209042 0.615527 -0.255885 1.929892 0.196727 -0.266355
 16   7.002735 -0.617911 -0.183641 0.003092 -0.061369 -0.897425
 17   1.574674 0.609930 -0.000899 0.492331 -0.171648 0.495381
 18   -0.602177 0.511412 -0.000006 0.000000 0.000000 0.000000
 19   3.673773 0.177020 1.119313 -0.000002 -0.000014 -0.174510
 20   3.673767 0.176993 -1.117566 0.000007 -0.000003 -0.174546
 21   3.942357 1.334540 1.627658 0.000002 -0.000011 -0.000026
 22   -0.246060 -0.011889 0.516521 -0.000011 0.000031 0.000025
 23   3.942374 1.334565 -1.631083 0.000019 0.000002 -0.000024
 24   -0.246150 -0.011872 -0.516511 -0.000005 -0.000006 0.000048
 25   4.941364 1.997338 1.629330 0.000018 -0.000001 -0.000024
 26   4.941382 1.997366 -1.629410 -0.000001 0.000005 -0.000024
 27   2.914462 1.619264 1.514501 -0.000019 -0.000022 -0.000050
 28   2.916892 1.618870 -1.501142 -0.000002 -0.000009 -0.000024
 29   8.824059 0.150544 0.091743 0.100894 0.327306 -0.399963
 30   2.200932 -0.912752 1.561657 0.098209 0.190772 -0.227788
 31   2.105664 -0.776139 -1.802816 0.009469 -0.049938 -0.203573
 32   -0.814395 -0.093824 3.127092 0.288460 -3.057756 -0.210384
 33   14.298673 -0.408176 0.471578 -0.037132 -0.145600 -0.185186
 34   15.835795 0.581398 0.242756 0.053038 0.012788 -0.171696
 35   -0.815868 -0.091229 -3.114430 0.009254 3.087848 0.053457
 36   14.294526 -0.410349 -0.467541 -0.081259 0.085486 -1.944400
 37   15.834409 0.579420 -0.284600 0.220445 0.252565 -0.245206
 38   1.014681 -3.742820 -2.398019 -0.124842 0.181819 0.507330
 39   -4.719469 -1.191577 -0.285228 -0.116562 0.205907 -0.015959
 40   1.079037 -3.410705 3.233384 -0.229182 0.209633 0.362901
 41   -4.433840 -1.059130 0.959566 -0.067486 0.120697 -0.006535
 42   0.522255 3.048906 -2.669082 0.022531 -0.016434 -0.616713
 43   0.371120 3.003305 2.888909 0.022539 -0.016427 -0.616713
time 125
  0   -0.475344 0.433607 -1.491862 0.000000 0.000000 -1.571069
  1   -1.093036 0.000002 -0.326057 -1.629134 -1.673359 0.058378
  2   2.262337 0.113614 0.064702 -0.133631 -0.007394 -0.098011
  3   2.380047 0.353302 0.047440 -0.208724 -0.000196 0.088029
  4   2.033756 0.190472 -0.000128 -0.129163 -0.024245 -0.128122
  5   2.451511 0.204909 -0.003447 -0.055219 -0.076785 -0.043030
  6   7.247600 -0.397300 -0.109469 0.000001 0.000021 0.156829
  7   -2.022252 -0.104661 3.136172 1.972763 -1.454599 -5.169360
  8   1.168026 -0.537438 -0.063437 -0.667501 0.404090 1.064104
  9   6.790376 -0.619176 0.015206 0.036403 0.037090 -0.965608
 10   8.637599 0.544015 -0.090417 -1.201032 -0.262405 -0.548924
 11   6.790465 -0.619039 0.017802 0.029672 0.011288 -0.691320
 12   -2.022474 -0.104699 -2.873818 -2.572560 1.430209 -5.749707
 13   1.167898 -0.537463 0.063297 0.420443 -0.555327 -0.062987
 14   7.002743 -0.617765 -0.183752 0.002279 -0.095602 -1.255651
 15   8.209042 0.615527 -0.255885 1.929892 0.196727 -0.266355
 16   7.002735 -0.617911 -0.183641 0.003092 -0.061369 -0.897315
 17   1.574674 0.609930 -0.000899 0.492412 -0.171790 0.495455
 18   -0.602177 0.511412 -0.000006 0.000000 0.000000 0.000000
 19   3.673773 0.177020 1.119313 -0.000002 -0.000014 -0.174510
 20   3.673767 0.176993 -1.117566 0.000007 -0.000003 -0.174546
 21   3.942357 1.334540 1.627658 0.000002 -0.000011 -0.000026
 22   -0.246060 -0.011889 0.516521 -0.000011 0.000031 0.000025
 23   3.942374 1.334565 -1.631083 0.000019 0.000002 -0.000024
 24   -0.246150 -0.011872 -0.516511 -0.000005 -0.000006 0.000048
 25   4.941364 1.997338 1.629330 0.000018 -0.000001 -0.000024
 26   4.941382 1.997366 -1.629410 -0.000001 0.000005 -0.000024
 27   2.914462 1.623171 1.514501 -0.000019 -0.000022 -0.000050
 28   2.916892 1.618870 -1.501142 -0.000002 -0.000009 -0.000024
 29   8.824059 0.150544 0.091743 0.101874 0.331033 -0.399480
 30   2.200932 -0.916659 1.561657 0.099171 0.191819 -0.227788
 31   2.105664 -0.772233 -1.802816 0.009913 -0.050326 -0.203518
 32   -0.814395 -0.093824 3.127092 0.287901 -3.057947 -0.211751
 33   14.298673 -0.408176 0.471578 -0.037012 -0.145743 -0.186853
 34   15.835795 0.581398 0.242756 0.053705 0.013642 -0.171652
 35   -0.815868 -0.091229 -3.114430 0.009254 3.087848 0.053073
 36   14.294526 -0.410349 -0.467541 -0.081355 0.085606 -1.944477
 37   15.834409 0.579420 -0.284600 0.220426 0.252488 -0.244649
 38   1.014681 -3.746727 -2.394112 -0.126358 0.184301 0.507330
 39   -4.719469 -1.191577 -0.281322 -0.117257 0.206950 -0.015959
 40   1.082944 -3.406799 3.237290 -0.231224 0.212465 0.362290
 41   -4.433840 -1.059130 0.959566 -0.068373 0.122195 -0.006507
 42   0.526162 3.048906 -2.669082 0.022531 -0.016434 -0.618093
 43   0.375026 3.007212 2.888909 0.022539 -0.016427 -0.618093
time 126
  0   -0.475344 0.433607 -1.491862 0.000000 0.000000 -1.571069
  1   -1.093036 0.000002 -0.326057 -1.630025 -1.673174 0.059346
  2   2.262337 0.113614 0.064702 -0.133592 -0.007406 -0.097939
  3   2.380047 0.353302 0.047440 -0.208724 -0.000184 0.088111
  4   2.033756 0.190472 -0.000128 -0.129145 -0.024221 -0.127977
  5   2.451511 0.204909 -0.003447 -0.055219 -0.076772 -0.043030
  6   7.247600 -0.397300 -0.109469 0.000001 0.000021 0.156829
  7   -2.022252 -0.104661 3.136172 1.972763 -1.454599 -5.169360
  8   1.168026 -0.537438 -0.063437 -0.667501 0.404090 1.064104
  9   6.790376 -0.619176 0.015206 0.036403 0.037090 -0.965608
 10   8.637599 0.544015 -0.090417 -1.201032 -0.262405 -0.548924
 11   6.790465 -0.619039 0.017802 0.029672 0.011288 -0.691320
 12   -2.022474 -0.104699 -2.873818 -2.572560 1.430209 -5.749707
 13   1.167898 -0.537463 0.063297 0.420443 -0.555226 -0.062987
 14   7.002743 -0.617765 -0.183752 0.002279 -0.095602 -1.255651
 15   8.209042 0.615527 -0.255885 1.929892 0.196727 -0.266355
 16   7.002735 -0.617911 -0.183641 0.003092 -0.061369 -0.897315
 17   1.574674 0.609930 -0.000899 0.492616 -0.171861 0.495529
 18   -0.602177 0.511412 -0.000006 0.000000 0.000000 0.000000
 19   3.673773 0.177020 1.119313 -0.000002 -0.000014 -0.174510
 20   3.673767 0.176993 -1.117566 0.000007 -0.000003 -0.174546
 21   3.942357 1.334540 1.627658 0.000002 -0.000011 -0.000026
 22   -0.246060 -0.011889 0.516521 -0.000011 0.000031 0.000025
 23   3.942374 1.334565 -1.631083 0.000019 0.000002 -0.000024
 24   -0.246150 -0.011872 -0.516511 -0.000005 -0.000006 0.000048
 25   4.941364 1.997338 1.629330 0.000018 -0.000001 -0.000024
 26   4.941382 1.997366 -1.629410 -0.000001 0.000005 -0.000024
 27   2.914462 1.619264 1.514501 -0.000019 -0.000022 -0.000050
 28   2.916892 1.618870 -1.501142 -0.000002 -0.000009 -0.000024
 29   8.824059 0.150544 0.091743 0.102498 0.333763 -0.399105
 30   2.200932 -0.916659 1.561657 0.099876 0.192574 -0.227788
 31   2.105664 -0.772233 -1.802816 0.010220 -0.050611 -0.203482
 32   -0.814395 -0.093824 3.127092 0.287249 -3.058042 -0.212889
 33   14.298673 -0.408176 0.471578 -0.036904 -0.145807 -0.188282
 34   15.835795 0.581398 0.242756 0.054349 0.014618 -0.171652
 35   -0.815868 -0.091229 -3.114430 0.009166 3.087848 0.052690
 36   14.294526 -0.410349 -0.467541 -0.081415 0.085702 -1.944400
 37   15.834409 0.579420 -0.284600 0.220366 0.252437 -0.244142
 38   1.010775 -3.746727 -2.394112 -0.127473 0.186109 0.507330
 39   -4.723375 -1.191577 -0.277416 -0.117761 0.207705 -0.015959
 40   1.086850 -3.402893 3.237290 -0.232719 0.214526 0.361863
 41   -4.433840 -1.059130 0.959566 -0.069020 0.123285 -0.006479
 42   0.526162 3.052812 -2.669082 0.022543 -0.016434 -0.619055
 43   0.375026 3.007212 2.888909 0.022539 -0.016427 -0.619055
time 127
  0   -0.475344 0.433607 -1.491862 0.000000 0.000000 -1.571069
  1   -1.093036 0.000002 -0.326057 -1.630602 -1.673035 0.059878
  2   2.262337 0.113614 0.064702 -0.133592 -0.007418 -0.097920
  3   2.380047 0.353302 0.047440 -0.208724 -0.000184 0.088172
  4   2.033756 0.190472 -0.000128 -0.129145 -0.024209 -0.127977
  5   2.451511 0.204909 -0.003447 -0.055219 -0.076772 -0.043030
  6   7.247600 -0.397300 -0.109469 0.000001 0.000021 0.156829
  7   -2.022252 -0.104661 3.136172 1.972763 -1.454599 -5.169360
  8   1.168026 -0.537438 -0.063437 -0.667501 0.404090 1.064104
  9   6.790376 -0.619176 0.015206 0.036403 0.037090 -0.965608
 10   8.637599 0.544015 -0.090417 -1.201032 -0.262405 -0.548924
 11   6.790465 -0.619039 0.017802 0.029672 0.011288 -0.691320
 12   -2.022474 -0.104699 -2.873818 -2.572560 1.430209 -5.749707
 13   1.167898 -0.537463 0.063297 0.420443 -0.554971 -0.062987
 14   7.002743 -0.617765 -0.183752 0.002279 -0.095602 -1.255651
 15   8.209042 0.615527 -0.255885 1.929892 0.196727 -0.266355
 16   7.002735 -0.617911 -0.183641 0.003092 -0.061369 -0.897315
 17   1.574674 0.609930 -0.000899 0.492737 -0.171932 0.495603
 18   -0.602177 0.511412 -0.000006 0.000000 0.000000 0.000000
 19   3.677679 0.177020 1.119313 -0.000002 -0.000014 -0.174510
 20   3.677673 0.176993 -1.117566 0.000007 -0.000003 -0.174546
 21   3.942357 1.334540 1.627658 0.000002 -0.000011 -0.000026
 22   -0.246060 -0.011889 0.516521 -0.000011 0.000031 0.000025
 23   3.942374 1.334565 -1.631083 0.000019 0.000002 -0.000024
 24   -0.246150 -0.011872 -0.516511 -0.000005 -0.000006 0.000048
 25   4.941364 1.997338 1.629330 0.000018 -0.000001 -0.000024
 26   4.941382 1.997366 -1.629410 -0.000001 0.000005 -0.000024
 27   2.914462 1.619264 1.514501 -0.000019 -0.000022 -0.000050
 28   2.916892 1.618870 -1.501142 -0.000002 -0.000009 -0.000024
 29   8.824059 0.150544 0.091743 0.102943 0.335401 -0.398890
 30   2.200932 -0.916659 1.561657 0.100297 0.193039 -0.227788
 31   2.105664 -0.772233 -1.802816 0.010419 -0.050767 -0.203464
 32   -0.814395 -0.093824 3.127092 0.286876 -3.058138 -0.213971
 33   14.298673 -0.408176 0.471578 -0.036809 -0.145898 -0.189473
 34   15.835795 0.581398 0.242756 0.055039 0.015717 -0.171829
 35   -0.815868 -0.091229 -3.114430 0.009166 3.087848 0.052690
 36   14.294526 -0.410349 -0.467541 -0.081451 0.085774 -1.944168
 37   15.834409 0.579420 -0.284600 0.220307 0.252411 -0.243939
 38   1.010775 -3.750633 -2.394112 -0.128147 0.187206 0.507330
 39   -4.723375 -1.191577 -0.277416 -0.118072 0.208172 -0.015959
 40   1.086850 -3.402893 3.237290 -0.233624 0.215791 0.361557
 41   -4.433840 -1.059130 0.959566 -0.069416 0.123945 -0.006451
 42   0.530068 3.052812 -2.669082 0.022543 -0.016434 -0.619640
 43   0.378933 3.011118 2.888909 0.022539 -0.016427 -0.619640
time 128
  0   -0.475344 0.433607 -1.491862 0.000000 0.000000 -1.571069
  1   -1.093036 0.000002 -0.326057 -1.630864 -1.672989 0.060024
  2   2.262337 0.113614 0.064702 -0.133592 -0.007418 -0.097920
  3   2.380047 0.353302 0.047440 -0.208724 -0.000184 0.088172
  4   2.033756 0.190472 -0.000128 -0.129145 -0.024209 -0.127977
  5   2.451511 0.204909 -0.003447 -0.055219 -0.076772 -0.043030
  6   7.247600 -0.397300 -0.109469 0.000001 0.000021 0.156829
  7   -2.022252 -0.104661 3.136172 1.972763 -1.454599 -5.169360
  8   1.168026 -0.537438 -0.063437 -0.667501 0.404090 1.064104
  9   6.790376 -0.619176 0.015206 0.036403 0.037090 -0.965608
 10   8.637599 0.544015 -0.090417 -1.201032 -0.262405 -0.548924
 11   6.790465 -0.619039 0.017802 0.029672 0.011288 -0.691320
 12   -2.022474 -0.104699 -2.873818 -2.572560 1.430209 -5.749707
 13   1.167898 -0.537463 0.063297 0.420443 -0.554920 -0.062987
 14   7.002743 -0.617765 -0.183752 0.002279 -0.095602 -1.255651
 15   8.209042 0.615527 -0.255885 1.929892 0.196727 -0.266355
 16   7.002735 -0.617911 -0.183641 0.003092 -0.061369 -0.897315
 17   1.574674 0.609930 -0.000899 0.492819 -0.172003 0.495603
 18   -0.602177 0.511412 -0.000006 0.000000 0.000000 0.000000
 19   3.673773 0.177020 1.119313 -0.000002 -0.000014 -0.174510
 20   3.673767 0.176993 -1.117566 0.000007 -0.000003 -0.174546
 21   3.942357 1.334540 1.627658 0.000002 -0.000011 -0.000026
 22   -0.246060 -0.011889 0.516521 -0.000011 0.000031 0.000025
 23   3.942374 1.334565 -1.631083 0.000019 0.000002 -0.000024
 24   -0.246150 -0.011872 -0.516511 -0.000005 -0.000006 0.000048
 25   4.941364 1.997338 1.629330 0.000018 -0.000001 -0.000024
 26   4.941382 1.997366 -1.629410 -0.000001 0.000005 -0.000024
 27   2.914462 1.619264 1.514501 -0.000019 -0.000022 -0.000050
 28   2.916892 1.618870 -1.501142 -0.000002 -0.000009 -0.000024
 29   8.824059 0.150544 0.091743 0.103122 0.335970 -0.398837
 30   2.200932 -0.916659 1.561657 0.100446 0.193184 -0.227788
 31   2.105664 -0.772233 -1.802816 0.010480 -0.050819 -0.203464
 32   -0.814395 -0.093824 3.127092 0.286596 -3.058138 -0.214027
 33   14.298673 -0.408176 0.471578 -0.036857 -0.145898 -0.188997
 34   15.835795 0.581398 0.242756 0.055614 0.016912 -0.172534
 35   -0.815868 -0.091229 -3.114430 0.009254 3.087941 0.053293
 36   14.294526 -0.410349 -0.467541 -0.081463 0.085810 -1.943859
 37   15.834409 0.579420 -0.284600 0.220327 0.252411 -0.243837
 38   1.010775 -3.750633 -2.390206 -0.128378 0.187579 0.507330
 39   -4.723375 -1.191577 -0.277416 -0.118180 0.208328 -0.015959
 40   1.086850 -3.402893 3.237290 -0.233939 0.216213 0.361496
 41   -4.433840 -1.059130 0.959566 -0.069548 0.124172 -0.006451
 42   0.530068 3.052812 -2.669082 0.022543 -0.016434 -0.619850
 43   0.378933 3.011118 2.888909 0.022539 -0.016427 -0.619850
end
