version 1
nodes
  0 "Bip01" -1
  1 "Bip01 Pelvis" 0
  2 "Bip01 Spine" 1
  3 "Bip01 Spine1" 2
  4 "Bip01 Spine2" 3
  5 "Bip01 Spine3" 4
  6 "Bip01 Neck" 5
  7 "Bip01 L Arm" 6
  8 "Bip01 L Arm1" 7
  9 "Bip01 L Arm2" 8
 10 "Bip01 L Hand" 9
 11 "Bip06 L elbow2-smooth" 8
 12 "Bip01 R Arm" 6
 13 "Bip01 R Arm1" 12
 14 "Bip01 R Arm2" 13
 15 "Bip01 R Hand" 14
 16 "Bip06 R elbow2-smooth" 13
 17 "Bip01 Head" 6
 18 "Bip06 Head_helper" 17
 19 "Bip06 Head_eyes_l" 18
 20 "Bip06 Head_eyes_r" 18
 21 "Bip06 Head_blink_l" 18
 22 "Bip06 Head_blink_smooth_l1" 21
 23 "Bip06 Head_blink_r" 18
 24 "Bip06 Head_blink_smooth_r1" 23
 25 "Bip06 Head_L_eyebrow" 18
 26 "Bip06 Head_R_eyebrow" 18
 27 "Bip06 Head_blink_l_lid" 18
 28 "Bip06 Head_blink_r_lid" 18
 29 "Bip06 bunny" 18
 30 "Bip06 bunnyL" 29
 31 "Bip06 bunnyR" 29
 32 "Bip01 L Leg" 1
 33 "Bip01 L Leg1" 32
 34 "Bip01 L Foot" 33
 35 "Bip01 R Leg" 1
 36 "Bip01 R Leg1" 35
 37 "Bip01 R Foot" 36
 38 "Bip03 HairR1" 17
 39 "Bip03 HairR2" 38
 40 "Bip03 HairL1" 17
 41 "Bip03 HairL2" 40
 42 "Bip03 swingR" 17
 43 "Bip03 swingL" 17
end
skeleton
time 0
  0 0.000000 -0.557378 35.841309 0.000000 0.000000 -1.570795
  1 -1.093036 0.000002 -0.326057 -1.586320 -1.567184 0.015555
  2 2.262337 0.113614 0.056889 -0.000065 0.003680 -0.016710
  3 2.380047 0.353302 0.047440 0.000000 -0.000076 0.026221
  4 2.033756 0.190472 -0.000128 -0.000010 0.000072 -0.139576
  5 2.451511 0.204909 -0.003447 0.000000 -0.000005 -0.017472
  6 7.247600 -0.397300 -0.109469 0.000001 -0.000003 0.156829
  7 -2.022252 -0.104661 3.136172 -0.299358 -1.362237 -2.901279
  8 1.168026 -0.537438 -0.063437 0.032634 0.453851 0.022521
  9 6.790376 -0.619176 0.015206 -0.010477 -0.035190 -0.050489
 10 8.637599 0.544015 -0.090417 -1.640476 0.041470 -0.021824
 11 6.790465 -0.619039 0.017802 -0.010473 -0.035301 -0.050494
 12 -2.022474 -0.104699 -2.873818 0.299448 1.362322 -2.901218
 13 1.167898 -0.537463 0.063297 -0.033812 -0.454025 0.020612
 14 7.002743 -0.617765 -0.183752 0.048622 0.002181 -0.062045
 15 8.209042 0.615527 -0.255885 1.605179 -0.024955 -0.020634
 16 7.002735 -0.617911 -0.183641 0.048662 0.002180 -0.062027
 17 1.574674 0.609930 -0.000899 0.000000 0.000008 0.165097
 18 -0.602177 0.511412 -0.000006 0.000000 0.000000 0.000000
 19 3.646428 0.364526 1.119313 -0.000002 -0.000913 -0.174510
 20 3.646422 0.364499 -1.117566 0.000007 -0.000231 -0.174534
 21 3.805634 1.330634 1.627658 0.000026 -0.000011 -0.000026
 22 -0.246060 -0.011889 0.516521 -0.000027 0.000031 0.000025
 23 3.805651 1.330659 -1.631083 0.000031 0.000002 -0.000024
 24 -0.246150 -0.011872 -0.516511 -0.000029 -0.000006 0.000048
 25 4.941364 1.997338 1.629330 0.000018 -0.000001 -0.000024
 26 4.941382 1.997366 -1.629410 0.000011 0.000005 -0.000024
 27 2.930087 1.603639 1.514501 -0.000019 -0.000022 -0.000050
 28 2.932517 1.603245 -1.501142 -0.000002 -0.000009 -0.000024
 29 8.824059 0.150544 0.091743 0.000006 -0.000231 -0.174534
 30 2.111085 -0.561179 1.784320 -0.000008 -0.000682 0.000024
 31 2.121290 -0.561289 -1.853599 0.000000 0.000000 -0.000002
 32 -0.802676 -0.093824 3.127092 0.029339 -3.107706 -0.005351
 33 14.298673 -0.408176 0.518454 -0.008489 -0.020139 -0.122779
 34 15.835795 0.581398 0.242756 -0.000811 0.023965 0.068310
 35 -0.831494 -0.091229 -3.114430 -0.029296 3.119983 -0.005210
 36 14.294526 -0.410349 -0.455822 0.009069 0.015448 -0.122598
 37 15.834409 0.579420 -0.284600 0.000804 -0.024172 0.068081
 38 1.139685 -3.453749 -2.823813 0.000000 0.000000 0.000001
 39 -4.457742 -1.054854 -0.746180 0.000000 0.000000 0.000000
 40 1.118101 -3.449769 3.237290 0.000000 0.000001 0.000000
 41 -4.433840 -1.059130 0.959566 -0.000001 0.000000 0.000000
 42 -0.657468 1.697302 -2.688614 0.000000 0.000002 0.000000
 43 -0.664068 1.698578 2.869377 0.000000 0.000002 0.000000
end
triangles
hair1.bmp
 39 -2.734256 6.877226 50.163910 -0.758394 -0.615241 -0.215215 0.023438 0.527344
 38 -2.309268 5.350015 53.261719 -0.376800 -0.870402 -0.316895 0.023438 0.687500
 39 -2.704160 6.953204 50.137047 -0.586820 0.739600 0.329598 0.023438 0.527344
hair1.bmp
 39 -2.704160 6.953204 50.137047 -0.586820 0.739600 0.329598 0.023438 0.527344
 38 -2.309268 5.350015 53.261719 -0.376800 -0.870402 -0.316895 0.023438 0.687500
 38 -2.183137 5.025530 54.331627 -0.662496 -0.130588 -0.737595 0.023438 0.757813
hair1.bmp
 38 -2.309268 5.350015 53.261719 -0.376800 -0.870402 -0.316895 0.023438 0.687500
 38 -1.994206 4.972414 54.627571 0.571016 -0.802690 -0.172131 0.023438 0.781250
 38 -2.183137 5.025530 54.331627 -0.662496 -0.130588 -0.737595 0.023438 0.757813
hair1.bmp
 38 -2.183137 5.025530 54.331627 -0.662496 -0.130588 -0.737595 0.023438 0.757813
 38 -1.994206 4.972414 54.627571 0.571016 -0.802690 -0.172131 0.023438 0.781250
 38 -1.741326 4.832056 56.594715 -0.026336 -0.067480 0.997373 0.023438 0.933594
hair1.bmp
 38 -1.994206 4.972414 54.627571 0.571016 -0.802690 -0.172131 0.023438 0.781250
 38 -2.032837 5.070994 54.248905 -0.864093 -0.169305 0.474004 0.023438 0.753906
 38 -1.741326 4.832056 56.594715 -0.026336 -0.067480 0.997373 0.023438 0.933594
hair1.bmp
 38 -1.741326 4.832056 56.594715 -0.026336 -0.067480 0.997373 0.023438 0.933594
 38 -2.032837 5.070994 54.248905 -0.864093 -0.169305 0.474004 0.023438 0.753906
 38 -2.183137 5.025530 54.331627 -0.662496 -0.130588 -0.737595 0.023438 0.757813
hair1.bmp
 38 -2.032837 5.070994 54.248905 -0.864093 -0.169305 0.474004 0.023438 0.753906
 39 -2.593601 7.052200 49.982525 0.856550 0.504809 0.107190 0.023438 0.515625
 38 -2.183137 5.025530 54.331627 -0.662496 -0.130588 -0.737595 0.023438 0.757813
hair1.bmp
 38 -2.183137 5.025530 54.331627 -0.662496 -0.130588 -0.737595 0.023438 0.757813
 39 -2.593601 7.052200 49.982525 0.856550 0.504809 0.107190 0.023438 0.515625
 39 -2.704160 6.953204 50.137047 -0.586820 0.739600 0.329598 0.023438 0.527344
hair1.bmp
 39 -2.593601 7.052200 49.982525 0.856550 0.504809 0.107190 0.023438 0.515625
 39 -2.698797 7.352057 48.654247 -0.965295 0.243199 -0.095183 0.023438 0.460938
 39 -2.704160 6.953204 50.137047 -0.586820 0.739600 0.329598 0.023438 0.527344
hair1.bmp
 39 -2.704160 6.953204 50.137047 -0.586820 0.739600 0.329598 0.023438 0.527344
 39 -2.698797 7.352057 48.654247 -0.965295 0.243199 -0.095183 0.023438 0.460938
 39 -2.734256 6.877226 50.163910 -0.758394 -0.615241 -0.215215 0.023438 0.527344
hair1.bmp
 39 -2.698797 7.352057 48.654247 -0.965295 0.243199 -0.095183 0.023438 0.460938
 39 -2.648528 7.334926 48.580223 0.002815 -0.972855 -0.231399 0.023438 0.457031
 39 -2.734256 6.877226 50.163910 -0.758394 -0.615241 -0.215215 0.023438 0.527344
hair1.bmp
 39 -2.734256 6.877226 50.163910 -0.758394 -0.615241 -0.215215 0.023438 0.527344
 39 -2.648528 7.334926 48.580223 0.002815 -0.972855 -0.231399 0.023438 0.457031
 39 -2.593601 7.052200 49.982525 0.856550 0.504809 0.107190 0.023438 0.515625
hair1.bmp
 39 -2.648528 7.334926 48.580223 0.002815 -0.972855 -0.231399 0.023438 0.457031
 39 -2.508018 7.451836 48.439198 0.768594 0.625800 0.132804 0.023438 0.449219
 39 -2.593601 7.052200 49.982525 0.856550 0.504809 0.107190 0.023438 0.515625
hair1.bmp
 39 -2.593601 7.052200 49.982525 0.856550 0.504809 0.107190 0.023438 0.515625
 39 -2.508018 7.451836 48.439198 0.768594 0.625800 0.132804 0.023438 0.449219
 39 -2.698797 7.352057 48.654247 -0.965295 0.243199 -0.095183 0.023438 0.460938
hair1.bmp
 39 -2.508018 7.451836 48.439198 0.768594 0.625800 0.132804 0.023438 0.449219
 39 -2.323132 7.460968 47.090149 -0.946252 -0.193404 -0.259233 0.023438 0.390625
 39 -2.698797 7.352057 48.654247 -0.965295 0.243199 -0.095183 0.023438 0.460938
hair1.bmp
 39 -2.698797 7.352057 48.654247 -0.965295 0.243199 -0.095183 0.023438 0.460938
 39 -2.323132 7.460968 47.090149 -0.946252 -0.193404 -0.259233 0.023438 0.390625
 39 -2.648528 7.334926 48.580223 0.002815 -0.972855 -0.231399 0.023438 0.457031
hair1.bmp
 39 -2.323132 7.460968 47.090149 -0.946252 -0.193404 -0.259233 0.023438 0.390625
 39 -2.202799 7.457221 46.998463 0.905902 -0.234220 0.352820 0.023438 0.386719
 39 -2.648528 7.334926 48.580223 0.002815 -0.972855 -0.231399 0.023438 0.457031
hair1.bmp
 39 -2.648528 7.334926 48.580223 0.002815 -0.972855 -0.231399 0.023438 0.457031
 39 -2.202799 7.457221 46.998463 0.905902 -0.234220 0.352820 0.023438 0.386719
 39 -2.508018 7.451836 48.439198 0.768594 0.625800 0.132804 0.023438 0.449219
hair1.bmp
 39 -2.202799 7.457221 46.998463 0.905902 -0.234220 0.352820 0.023438 0.386719
 39 -2.242938 7.501118 47.036697 0.096002 0.974853 -0.201110 0.023438 0.386719
 39 -2.508018 7.451836 48.439198 0.768594 0.625800 0.132804 0.023438 0.449219
hair1.bmp
 39 -2.508018 7.451836 48.439198 0.768594 0.625800 0.132804 0.023438 0.449219
 39 -2.242938 7.501118 47.036697 0.096002 0.974853 -0.201110 0.023438 0.386719
 39 -2.323132 7.460968 47.090149 -0.946252 -0.193404 -0.259233 0.023438 0.390625
hair1.bmp
 39 -2.242938 7.501118 47.036697 0.096002 0.974853 -0.201110 0.023438 0.386719
 39 -1.678644 7.125061 45.853416 0.398870 -0.222560 -0.889590 0.023438 0.343750
 39 -2.323132 7.460968 47.090149 -0.946252 -0.193404 -0.259233 0.023438 0.390625
hair1.bmp
 39 -2.323132 7.460968 47.090149 -0.946252 -0.193404 -0.259233 0.023438 0.390625
 39 -1.678644 7.125061 45.853416 0.398870 -0.222560 -0.889590 0.023438 0.343750
 39 -2.202799 7.457221 46.998463 0.905902 -0.234220 0.352820 0.023438 0.386719
hair1.bmp
 39 -1.678644 7.125061 45.853416 0.398870 -0.222560 -0.889590 0.023438 0.343750
 39 -2.242938 7.501118 47.036697 0.096002 0.974853 -0.201110 0.023438 0.386719
 39 -2.202799 7.457221 46.998463 0.905902 -0.234220 0.352820 0.023438 0.386719
hair1.bmp
 38 -3.893413 3.689385 54.410194 -0.773619 -0.591828 0.226392 0.023438 0.777344
 38 -3.970193 4.103644 53.519188 0.763635 0.614209 0.199020 0.023438 0.730469
 38 -4.298536 4.104582 53.060940 -0.678792 -0.730595 -0.073981 0.023438 0.710938
hair1.bmp
 38 -4.298536 4.104582 53.060940 -0.678792 -0.730595 -0.073981 0.023438 0.710938
 38 -3.970193 4.103644 53.519188 0.763635 0.614209 0.199020 0.023438 0.730469
 39 -5.623226 5.910690 49.877964 -0.986318 -0.075199 -0.146703 0.023438 0.550781
hair1.bmp
 38 -3.970193 4.103644 53.519188 0.763635 0.614209 0.199020 0.023438 0.730469
 39 -5.434023 5.891423 50.098717 0.402197 0.838109 0.368526 0.023438 0.562500
 39 -5.623226 5.910690 49.877964 -0.986318 -0.075199 -0.146703 0.023438 0.550781
hair1.bmp
 39 -5.623226 5.910690 49.877964 -0.986318 -0.075199 -0.146703 0.023438 0.550781
 39 -5.434023 5.891423 50.098717 0.402197 0.838109 0.368526 0.023438 0.562500
 39 -5.857813 6.403430 48.380707 -0.503652 0.823477 0.261190 0.023438 0.476563
hair1.bmp
 39 -5.434023 5.891423 50.098717 0.402197 0.838109 0.368526 0.023438 0.562500
 39 -5.876395 6.484097 47.988728 0.274409 -0.945941 -0.172901 0.023438 0.460938
 39 -5.857813 6.403430 48.380707 -0.503652 0.823477 0.261190 0.023438 0.476563
hair1.bmp
 39 -5.857813 6.403430 48.380707 -0.503652 0.823477 0.261190 0.023438 0.476563
 39 -5.876395 6.484097 47.988728 0.274409 -0.945941 -0.172901 0.023438 0.460938
 39 -5.711943 6.481822 46.759480 -0.662867 0.709882 -0.238066 0.023438 0.402344
hair1.bmp
 39 -5.876395 6.484097 47.988728 0.274409 -0.945941 -0.172901 0.023438 0.460938
 39 -5.470797 6.416841 46.443844 0.058884 -0.898504 -0.434997 0.023438 0.386719
 39 -5.711943 6.481822 46.759480 -0.662867 0.709882 -0.238066 0.023438 0.402344
hair1.bmp
 39 -5.711943 6.481822 46.759480 -0.662867 0.709882 -0.238066 0.023438 0.402344
 39 -5.470797 6.416841 46.443844 0.058884 -0.898504 -0.434997 0.023438 0.386719
 39 -5.008523 6.092797 45.818226 0.602821 0.351611 -0.716223 0.023438 0.355469
hair1.bmp
 39 -5.470797 6.416841 46.443844 0.058884 -0.898504 -0.434997 0.023438 0.386719
 39 -5.038526 5.930013 45.819313 0.274408 -0.778618 -0.564317 0.023438 0.355469
 39 -5.008523 6.092797 45.818226 0.602821 0.351611 -0.716223 0.023438 0.355469
hair1.bmp
 39 -5.008523 6.092797 45.818226 0.602821 0.351611 -0.716223 0.023438 0.355469
 39 -5.038526 5.930013 45.819313 0.274408 -0.778618 -0.564317 0.023438 0.355469
 39 -5.591109 6.279258 46.530426 -0.023501 -0.675699 -0.736803 0.023438 0.390625
hair1.bmp
 39 -5.038526 5.930013 45.819313 0.274408 -0.778618 -0.564317 0.023438 0.355469
 39 -5.470797 6.416841 46.443844 0.058884 -0.898504 -0.434997 0.023438 0.386719
 39 -5.591109 6.279258 46.530426 -0.023501 -0.675699 -0.736803 0.023438 0.390625
hair1.bmp
 39 -5.591109 6.279258 46.530426 -0.023501 -0.675699 -0.736803 0.023438 0.390625
 39 -5.470797 6.416841 46.443844 0.058884 -0.898504 -0.434997 0.023438 0.386719
 39 -5.926005 6.340789 47.881481 0.598979 0.764795 0.237303 0.023438 0.453125
hair1.bmp
 39 -5.470797 6.416841 46.443844 0.058884 -0.898504 -0.434997 0.023438 0.386719
 39 -5.876395 6.484097 47.988728 0.274409 -0.945941 -0.172901 0.023438 0.460938
 39 -5.926005 6.340789 47.881481 0.598979 0.764795 0.237303 0.023438 0.453125
hair1.bmp
 39 -5.926005 6.340789 47.881481 0.598979 0.764795 0.237303 0.023438 0.453125
 39 -5.876395 6.484097 47.988728 0.274409 -0.945941 -0.172901 0.023438 0.460938
 39 -5.623226 5.910690 49.877964 -0.986318 -0.075199 -0.146703 0.023438 0.550781
hair1.bmp
 39 -5.876395 6.484097 47.988728 0.274409 -0.945941 -0.172901 0.023438 0.460938
 39 -5.532961 5.954382 49.804867 0.348395 -0.884077 -0.311494 0.023438 0.550781
 39 -5.623226 5.910690 49.877964 -0.986318 -0.075199 -0.146703 0.023438 0.550781
hair1.bmp
 39 -5.623226 5.910690 49.877964 -0.986318 -0.075199 -0.146703 0.023438 0.550781
 39 -5.532961 5.954382 49.804867 0.348395 -0.884077 -0.311494 0.023438 0.550781
 38 -4.298536 4.104582 53.060940 -0.678792 -0.730595 -0.073981 0.023438 0.710938
hair1.bmp
 39 -5.532961 5.954382 49.804867 0.348395 -0.884077 -0.311494 0.023438 0.550781
 39 -5.434023 5.891423 50.098717 0.402197 0.838109 0.368526 0.023438 0.562500
 38 -4.298536 4.104582 53.060940 -0.678792 -0.730595 -0.073981 0.023438 0.710938
hair1.bmp
 38 -4.298536 4.104582 53.060940 -0.678792 -0.730595 -0.073981 0.023438 0.710938
 39 -5.434023 5.891423 50.098717 0.402197 0.838109 0.368526 0.023438 0.562500
 38 -4.108832 4.161084 53.142918 0.751827 -0.462015 -0.470423 0.023438 0.714844
hair1.bmp
 39 -5.434023 5.891423 50.098717 0.402197 0.838109 0.368526 0.023438 0.562500
 38 -3.970193 4.103644 53.519188 0.763635 0.614209 0.199020 0.023438 0.730469
 38 -4.108832 4.161084 53.142918 0.751827 -0.462015 -0.470423 0.023438 0.714844
hair1.bmp
 38 -4.108832 4.161084 53.142918 0.751827 -0.462015 -0.470423 0.023438 0.714844
 38 -3.970193 4.103644 53.519188 0.763635 0.614209 0.199020 0.023438 0.730469
 38 -3.685289 3.575861 54.929035 0.247997 -0.292612 0.923513 0.023438 0.804688
hair1.bmp
 38 -3.970193 4.103644 53.519188 0.763635 0.614209 0.199020 0.023438 0.730469
 38 -3.893413 3.689385 54.410194 -0.773619 -0.591828 0.226392 0.023438 0.777344
 38 -3.685289 3.575861 54.929035 0.247997 -0.292612 0.923513 0.023438 0.804688
hair1.bmp
 38 -3.685289 3.575861 54.929035 0.247997 -0.292612 0.923513 0.023438 0.804688
 38 -3.893413 3.689385 54.410194 -0.773619 -0.591828 0.226392 0.023438 0.777344
 38 -4.108832 4.161084 53.142918 0.751827 -0.462015 -0.470423 0.023438 0.714844
hair1.bmp
 38 -3.893413 3.689385 54.410194 -0.773619 -0.591828 0.226392 0.023438 0.777344
 38 -4.298536 4.104582 53.060940 -0.678792 -0.730595 -0.073981 0.023438 0.710938
 38 -4.108832 4.161084 53.142918 0.751827 -0.462015 -0.470423 0.023438 0.714844
hair1.bmp
 17 2.574572 1.272862 56.041454 0.611408 -0.667113 -0.425606 0.820313 0.589844
 17 3.428365 0.751022 57.759251 0.656712 -0.714755 -0.240530 0.812500 0.699219
 17 2.992989 0.441864 56.482784 0.958502 0.010301 -0.284901 0.886719 0.617188
hair1.bmp
 17 2.992989 0.441864 56.482784 0.958502 0.010301 -0.284901 0.886719 0.617188
 17 3.428365 0.751022 57.759251 0.656712 -0.714755 -0.240530 0.812500 0.699219
 17 3.078075 -0.687065 57.844723 0.939095 -0.343423 0.012687 0.890625 0.734375
hair1.bmp
 17 3.428365 0.751022 57.759251 0.656712 -0.714755 -0.240530 0.812500 0.699219
 17 3.693016 0.769861 59.236885 0.919941 -0.242092 0.308384 0.785156 0.761719
 17 3.078075 -0.687065 57.844723 0.939095 -0.343423 0.012687 0.890625 0.734375
hair1.bmp
 17 3.078075 -0.687065 57.844723 0.939095 -0.343423 0.012687 0.890625 0.734375
 17 3.693016 0.769861 59.236885 0.919941 -0.242092 0.308384 0.785156 0.761719
 17 2.428158 -0.265198 60.580345 0.731637 -0.387813 0.560632 0.828125 0.855469
hair1.bmp
 17 3.693016 0.769861 59.236885 0.919941 -0.242092 0.308384 0.785156 0.761719
 17 2.385804 1.722517 61.222294 0.621564 0.046228 0.781998 0.722656 0.863281
 17 2.428158 -0.265198 60.580345 0.731637 -0.387813 0.560632 0.828125 0.855469
hair1.bmp
 17 2.428158 -0.265198 60.580345 0.731637 -0.387813 0.560632 0.828125 0.855469
 17 2.385804 1.722517 61.222294 0.621564 0.046228 0.781998 0.722656 0.863281
 17 1.594661 0.353733 61.542171 0.414199 -0.202408 0.887395 0.785156 0.906250
hair1.bmp
 17 2.385804 1.722517 61.222294 0.621564 0.046228 0.781998 0.722656 0.863281
 17 1.004038 2.895097 61.702583 0.226798 0.333684 0.914996 0.636719 0.902344
 17 1.594661 0.353733 61.542171 0.414199 -0.202408 0.887395 0.785156 0.906250
hair1.bmp
 17 1.594661 0.353733 61.542171 0.414199 -0.202408 0.887395 0.785156 0.906250
 17 1.004038 2.895097 61.702583 0.226798 0.333684 0.914996 0.636719 0.902344
 17 -0.016791 0.891110 61.937836 -0.026275 -0.067520 0.997372 0.722656 0.964844
hair1.bmp
 17 1.004038 2.895097 61.702583 0.226798 0.333684 0.914996 0.636719 0.902344
 17 -1.315307 3.038738 61.516823 -0.350518 0.385846 0.853382 0.636719 0.890625
 17 -0.016791 0.891110 61.937836 -0.026275 -0.067520 0.997372 0.722656 0.964844
hair1.bmp
 17 -0.016791 0.891110 61.937836 -0.026275 -0.067520 0.997372 0.722656 0.964844
 17 -1.315307 3.038738 61.516823 -0.350518 0.385846 0.853382 0.636719 0.890625
 17 -2.045085 1.829357 61.459175 -0.528393 0.115698 0.841079 0.714844 0.871094
hair1.bmp
 17 -1.315307 3.038738 61.516823 -0.350518 0.385846 0.853382 0.636719 0.890625
 17 -3.326334 3.341805 59.034077 -0.809599 0.472703 0.347996 0.667969 0.750000
 17 -2.045085 1.829357 61.459175 -0.528393 0.115698 0.841079 0.714844 0.871094
hair1.bmp
 17 -2.045085 1.829357 61.459175 -0.528393 0.115698 0.841079 0.714844 0.871094
 17 -3.326334 3.341805 59.034077 -0.809599 0.472703 0.347996 0.667969 0.750000
 17 -3.210872 1.702864 60.294212 -0.811424 0.082296 0.578635 0.734375 0.812500
hair1.bmp
 17 -3.326334 3.341805 59.034077 -0.809599 0.472703 0.347996 0.667969 0.750000
 17 -3.924943 1.204312 58.657524 -0.956450 -0.130100 0.261301 0.757813 0.722656
 17 -3.210872 1.702864 60.294212 -0.811424 0.082296 0.578635 0.734375 0.812500
hair1.bmp
 17 -3.210872 1.702864 60.294212 -0.811424 0.082296 0.578635 0.734375 0.812500
 17 -3.924943 1.204312 58.657524 -0.956450 -0.130100 0.261301 0.757813 0.722656
 17 -3.168545 0.252710 59.657532 -0.853299 -0.374808 0.362491 0.804688 0.785156
hair1.bmp
 17 -3.924943 1.204312 58.657524 -0.956450 -0.130100 0.261301 0.757813 0.722656
 17 -4.098779 0.900631 56.956242 -0.361112 -0.923626 -0.128504 0.761719 0.660156
 17 -3.168545 0.252710 59.657532 -0.853299 -0.374808 0.362491 0.804688 0.785156
hair1.bmp
 17 -3.168545 0.252710 59.657532 -0.853299 -0.374808 0.362491 0.804688 0.785156
 17 -4.098779 0.900631 56.956242 -0.361112 -0.923626 -0.128504 0.761719 0.660156
 17 -3.411426 0.779457 57.688816 -0.518817 -0.790615 -0.325202 0.812500 0.695313
hair1.bmp
 17 -4.098779 0.900631 56.956242 -0.361112 -0.923626 -0.128504 0.761719 0.660156
 17 -3.234390 1.759724 55.742245 -0.059710 -0.944899 -0.321870 0.792969 0.613281
 17 -3.411426 0.779457 57.688816 -0.518817 -0.790615 -0.325202 0.812500 0.695313
hair1.bmp
 17 -3.411426 0.779457 57.688816 -0.518817 -0.790615 -0.325202 0.812500 0.695313
 17 -3.234390 1.759724 55.742245 -0.059710 -0.944899 -0.321870 0.792969 0.613281
 17 -2.696840 1.068701 56.422558 -0.701881 -0.527712 -0.478418 0.839844 0.597656
hair1.bmp
 17 -3.234390 1.759724 55.742245 -0.059710 -0.944899 -0.321870 0.792969 0.613281
 17 -2.423501 1.356789 55.499958 -0.373870 -0.896696 -0.236975 0.789063 0.558594
 17 -2.696840 1.068701 56.422558 -0.701881 -0.527712 -0.478418 0.839844 0.597656
hair1.bmp
 40 4.858109 5.100868 51.544399 0.338577 0.815778 0.468906 0.023438 0.636719
 40 5.291145 5.455299 50.705437 0.501288 0.652599 0.568177 0.023438 0.593750
 41 5.523865 5.987489 49.832867 -0.645088 0.762275 0.052905 0.023438 0.550781
hair1.bmp
 41 5.523865 5.987489 49.832867 -0.645088 0.762275 0.052905 0.023438 0.550781
 40 5.291145 5.455299 50.705437 0.501288 0.652599 0.568177 0.023438 0.593750
 41 5.684842 6.066594 49.563183 0.548076 0.770670 0.325085 0.023438 0.539063
hair1.bmp
 40 5.291145 5.455299 50.705437 0.501288 0.652599 0.568177 0.023438 0.593750
 41 5.694746 5.990618 49.590191 0.659887 -0.751358 0.003302 0.023438 0.539063
 41 5.684842 6.066594 49.563183 0.548076 0.770670 0.325085 0.023438 0.539063
hair1.bmp
 41 5.684842 6.066594 49.563183 0.548076 0.770670 0.325085 0.023438 0.539063
 41 5.694746 5.990618 49.590191 0.659887 -0.751358 0.003302 0.023438 0.539063
 41 5.930952 6.339849 47.875771 0.840147 -0.542332 0.005399 0.023438 0.453125
hair1.bmp
 41 5.694746 5.990618 49.590191 0.659887 -0.751358 0.003302 0.023438 0.539063
 41 5.819008 6.385562 48.411942 -0.575397 0.802031 0.160202 0.023438 0.476563
 41 5.930952 6.339849 47.875771 0.840147 -0.542332 0.005399 0.023438 0.453125
hair1.bmp
 41 5.930952 6.339849 47.875771 0.840147 -0.542332 0.005399 0.023438 0.453125
 41 5.819008 6.385562 48.411942 -0.575397 0.802031 0.160202 0.023438 0.476563
 41 5.744484 6.342512 46.900154 -0.492683 0.843768 0.212883 0.023438 0.406250
hair1.bmp
 41 5.819008 6.385562 48.411942 -0.575397 0.802031 0.160202 0.023438 0.476563
 41 5.674800 6.531073 46.811901 -0.050906 -0.958476 0.280592 0.023438 0.406250
 41 5.744484 6.342512 46.900154 -0.492683 0.843768 0.212883 0.023438 0.406250
hair1.bmp
 41 5.744484 6.342512 46.900154 -0.492683 0.843768 0.212883 0.023438 0.406250
 41 5.674800 6.531073 46.811901 -0.050906 -0.958476 0.280592 0.023438 0.406250
 41 5.098284 6.002470 45.851063 -0.162208 -0.781305 -0.602703 0.023438 0.359375
hair1.bmp
 41 5.674800 6.531073 46.811901 -0.050906 -0.958476 0.280592 0.023438 0.406250
 41 4.998378 6.139267 45.824509 -0.743329 0.120305 -0.658019 0.023438 0.359375
 41 5.098284 6.002470 45.851063 -0.162208 -0.781305 -0.602703 0.023438 0.359375
hair1.bmp
 41 5.098284 6.002470 45.851063 -0.162208 -0.781305 -0.602703 0.023438 0.359375
 41 4.998378 6.139267 45.824509 -0.743329 0.120305 -0.658019 0.023438 0.359375
 41 5.565813 6.449162 46.532593 0.505782 0.698997 -0.505558 0.023438 0.390625
hair1.bmp
 41 4.998378 6.139267 45.824509 -0.743329 0.120305 -0.658019 0.023438 0.359375
 41 5.674800 6.531073 46.811901 -0.050906 -0.958476 0.280592 0.023438 0.406250
 41 5.565813 6.449162 46.532593 0.505782 0.698997 -0.505558 0.023438 0.390625
hair1.bmp
 41 5.565813 6.449162 46.532593 0.505782 0.698997 -0.505558 0.023438 0.390625
 41 5.674800 6.531073 46.811901 -0.050906 -0.958476 0.280592 0.023438 0.406250
 41 5.930952 6.339849 47.875771 0.840147 -0.542332 0.005399 0.023438 0.453125
hair1.bmp
 41 5.674800 6.531073 46.811901 -0.050906 -0.958476 0.280592 0.023438 0.406250
 41 5.879756 6.422747 48.205479 0.587989 0.785204 0.194227 0.023438 0.468750
 41 5.930952 6.339849 47.875771 0.840147 -0.542332 0.005399 0.023438 0.453125
hair1.bmp
 41 5.930952 6.339849 47.875771 0.840147 -0.542332 0.005399 0.023438 0.453125
 41 5.879756 6.422747 48.205479 0.587989 0.785204 0.194227 0.023438 0.468750
 41 5.684842 6.066594 49.563183 0.548076 0.770670 0.325085 0.023438 0.539063
hair1.bmp
 41 5.879756 6.422747 48.205479 0.587989 0.785204 0.194227 0.023438 0.468750
 41 5.819008 6.385562 48.411942 -0.575397 0.802031 0.160202 0.023438 0.476563
 41 5.684842 6.066594 49.563183 0.548076 0.770670 0.325085 0.023438 0.539063
hair1.bmp
 41 5.684842 6.066594 49.563183 0.548076 0.770670 0.325085 0.023438 0.539063
 41 5.819008 6.385562 48.411942 -0.575397 0.802031 0.160202 0.023438 0.476563
 41 5.523865 5.987489 49.832867 -0.645088 0.762275 0.052905 0.023438 0.550781
hair1.bmp
 41 5.819008 6.385562 48.411942 -0.575397 0.802031 0.160202 0.023438 0.476563
 41 5.694746 5.990618 49.590191 0.659887 -0.751358 0.003302 0.023438 0.539063
 41 5.523865 5.987489 49.832867 -0.645088 0.762275 0.052905 0.023438 0.550781
hair1.bmp
 41 5.523865 5.987489 49.832867 -0.645088 0.762275 0.052905 0.023438 0.550781
 41 5.694746 5.990618 49.590191 0.659887 -0.751358 0.003302 0.023438 0.539063
 40 5.231728 5.575748 50.544003 -0.924360 -0.030791 -0.380277 0.023438 0.593750
hair1.bmp
 41 5.694746 5.990618 49.590191 0.659887 -0.751358 0.003302 0.023438 0.539063
 40 5.261149 5.394476 50.704548 -0.599634 -0.576331 -0.555231 0.023438 0.593750
 40 5.231728 5.575748 50.544003 -0.924360 -0.030791 -0.380277 0.023438 0.593750
hair1.bmp
 41 1.249781 7.978086 48.184036 0.880524 0.409512 -0.238702 0.023438 0.417969
 41 1.014200 7.811250 46.964378 0.727636 0.509409 -0.459400 0.023438 0.359375
 41 1.022786 7.944347 47.354137 -0.373914 0.925321 -0.063004 0.023438 0.378906
hair1.bmp
 41 1.022786 7.944347 47.354137 -0.373914 0.925321 -0.063004 0.023438 0.378906
 41 1.014200 7.811250 46.964378 0.727636 0.509409 -0.459400 0.023438 0.359375
 41 0.756990 7.492301 46.194824 -0.219121 -0.306305 -0.926371 0.023438 0.324219
hair1.bmp
 41 1.014200 7.811250 46.964378 0.727636 0.509409 -0.459400 0.023438 0.359375
 41 1.199724 7.954860 48.200001 0.300499 -0.945806 -0.123091 0.023438 0.417969
 41 0.756990 7.492301 46.194824 -0.219121 -0.306305 -0.926371 0.023438 0.324219
hair1.bmp
 41 0.756990 7.492301 46.194824 -0.219121 -0.306305 -0.926371 0.023438 0.324219
 41 1.199724 7.954860 48.200001 0.300499 -0.945806 -0.123091 0.023438 0.417969
 41 1.022786 7.944347 47.354137 -0.373914 0.925321 -0.063004 0.023438 0.378906
hair1.bmp
 41 1.199724 7.954860 48.200001 0.300499 -0.945806 -0.123091 0.023438 0.417969
 41 1.136964 7.899028 48.961933 -0.575397 0.802031 0.160202 0.023438 0.449219
 41 1.022786 7.944347 47.354137 -0.373914 0.925321 -0.063004 0.023438 0.378906
hair1.bmp
 41 1.022786 7.944347 47.354137 -0.373914 0.925321 -0.063004 0.023438 0.378906
 41 1.136964 7.899028 48.961933 -0.575397 0.802031 0.160202 0.023438 0.449219
 41 1.249781 7.978086 48.184036 0.880524 0.409512 -0.238702 0.023438 0.417969
hair1.bmp
 41 1.136964 7.899028 48.961933 -0.575397 0.802031 0.160202 0.023438 0.449219
 41 1.294821 7.579028 49.555214 0.989599 0.043511 0.137119 0.023438 0.484375
 41 1.249781 7.978086 48.184036 0.880524 0.409512 -0.238702 0.023438 0.417969
hair1.bmp
 41 1.249781 7.978086 48.184036 0.880524 0.409512 -0.238702 0.023438 0.417969
 41 1.294821 7.579028 49.555214 0.989599 0.043511 0.137119 0.023438 0.484375
 41 1.199724 7.954860 48.200001 0.300499 -0.945806 -0.123091 0.023438 0.417969
hair1.bmp
 41 1.294821 7.579028 49.555214 0.989599 0.043511 0.137119 0.023438 0.484375
 41 1.204806 7.547730 49.559418 -0.056136 -0.896926 -0.438604 0.023438 0.484375
 41 1.199724 7.954860 48.200001 0.300499 -0.945806 -0.123091 0.023438 0.417969
hair1.bmp
 41 1.199724 7.954860 48.200001 0.300499 -0.945806 -0.123091 0.023438 0.417969
 41 1.204806 7.547730 49.559418 -0.056136 -0.896926 -0.438604 0.023438 0.484375
 41 1.136964 7.899028 48.961933 -0.575397 0.802031 0.160202 0.023438 0.449219
hair1.bmp
 41 1.204806 7.547730 49.559418 -0.056136 -0.896926 -0.438604 0.023438 0.484375
 40 0.903184 5.902060 52.893497 -0.947950 0.251275 -0.195581 0.023438 0.656250
 41 1.136964 7.899028 48.961933 -0.575397 0.802031 0.160202 0.023438 0.449219
hair1.bmp
 41 1.136964 7.899028 48.961933 -0.575397 0.802031 0.160202 0.023438 0.449219
 40 0.903184 5.902060 52.893497 -0.947950 0.251275 -0.195581 0.023438 0.656250
 41 1.294821 7.579028 49.555214 0.989599 0.043511 0.137119 0.023438 0.484375
hair1.bmp
 40 0.903184 5.902060 52.893497 -0.947950 0.251275 -0.195581 0.023438 0.656250
 40 1.207377 6.344447 51.734592 -0.722486 0.332697 0.606074 0.023438 0.597656
 41 1.294821 7.579028 49.555214 0.989599 0.043511 0.137119 0.023438 0.484375
hair1.bmp
 41 1.294821 7.579028 49.555214 0.989599 0.043511 0.137119 0.023438 0.484375
 40 1.207377 6.344447 51.734592 -0.722486 0.332697 0.606074 0.023438 0.597656
 41 1.204806 7.547730 49.559418 -0.056136 -0.896926 -0.438604 0.023438 0.484375
hair1.bmp
 40 1.207377 6.344447 51.734592 -0.722486 0.332697 0.606074 0.023438 0.597656
 40 1.092404 5.690483 53.110134 0.348418 -0.884067 -0.311496 0.023438 0.664063
 41 1.204806 7.547730 49.559418 -0.056136 -0.896926 -0.438604 0.023438 0.484375
hair1.bmp
 41 1.204806 7.547730 49.559418 -0.056136 -0.896926 -0.438604 0.023438 0.484375
 40 1.092404 5.690483 53.110134 0.348418 -0.884067 -0.311496 0.023438 0.664063
 40 0.903184 5.902060 52.893497 -0.947950 0.251275 -0.195581 0.023438 0.656250
hair1.bmp
 40 1.092404 5.690483 53.110134 0.348418 -0.884067 -0.311496 0.023438 0.664063
 40 0.966723 5.103068 54.680500 0.903593 -0.427403 -0.029099 0.023438 0.753906
 40 0.903184 5.902060 52.893497 -0.947950 0.251275 -0.195581 0.023438 0.656250
hair1.bmp
 17 1.884978 2.339048 53.162270 -0.004504 -0.778045 -0.628193 0.207031 0.441406
 41 2.583013 5.029073 50.066380 0.944518 -0.306524 -0.118022 0.207031 0.242188
 40 2.350146 3.433236 53.744976 0.325172 -0.520077 0.789799 0.222656 0.429688
hair1.bmp
 40 2.350146 3.433236 53.744976 0.325172 -0.520077 0.789799 0.222656 0.429688
 41 2.583013 5.029073 50.066380 0.944518 -0.306524 -0.118022 0.207031 0.242188
 41 3.015753 6.659997 49.304657 0.944420 0.320305 0.073997 0.226563 0.199219
hair1.bmp
 41 2.583013 5.029073 50.066380 0.944518 -0.306524 -0.118022 0.207031 0.242188
 41 1.917776 6.576022 45.983379 0.629702 -0.232629 -0.741188 0.230469 0.078125
 41 3.015753 6.659997 49.304657 0.944420 0.320305 0.073997 0.226563 0.199219
hair1.bmp
 41 3.015753 6.659997 49.304657 0.944420 0.320305 0.073997 0.226563 0.199219
 41 1.917776 6.576022 45.983379 0.629702 -0.232629 -0.741188 0.230469 0.078125
 41 2.601120 7.170647 47.820133 0.786741 0.558961 -0.261919 0.238281 0.136719
hair1.bmp
 41 1.917776 6.576022 45.983379 0.629702 -0.232629 -0.741188 0.230469 0.078125
 41 0.976221 7.372843 46.407822 -0.516707 0.831563 -0.203758 0.273438 0.074219
 41 2.601120 7.170647 47.820133 0.786741 0.558961 -0.261919 0.238281 0.136719
hair1.bmp
 41 2.601120 7.170647 47.820133 0.786741 0.558961 -0.261919 0.238281 0.136719
 41 0.976221 7.372843 46.407822 -0.516707 0.831563 -0.203758 0.273438 0.074219
 41 1.897030 7.516189 48.946613 -0.108472 0.966527 0.232506 0.285156 0.164063
hair1.bmp
 41 0.976221 7.372843 46.407822 -0.516707 0.831563 -0.203758 0.273438 0.074219
 41 1.324313 6.516714 49.699505 -0.959090 0.278531 0.050673 0.316406 0.214844
 41 1.897030 7.516189 48.946613 -0.108472 0.966527 0.232506 0.285156 0.164063
hair1.bmp
 41 1.897030 7.516189 48.946613 -0.108472 0.966527 0.232506 0.285156 0.164063
 41 1.324313 6.516714 49.699505 -0.959090 0.278531 0.050673 0.316406 0.214844
 40 1.310020 5.399229 53.769768 -0.277482 0.934878 0.221377 0.289063 0.398438
hair1.bmp
 41 1.324313 6.516714 49.699505 -0.959090 0.278531 0.050673 0.316406 0.214844
 40 0.772504 4.271874 53.087456 -0.997727 0.019483 0.064507 0.312500 0.386719
 40 1.310020 5.399229 53.769768 -0.277482 0.934878 0.221377 0.289063 0.398438
hair1.bmp
 40 1.310020 5.399229 53.769768 -0.277482 0.934878 0.221377 0.289063 0.398438
 40 0.772504 4.271874 53.087456 -0.997727 0.019483 0.064507 0.312500 0.386719
 40 0.807035 5.189666 54.593895 0.150493 0.965875 0.210801 0.289063 0.433594
hair1.bmp
 40 0.772504 4.271874 53.087456 -0.997727 0.019483 0.064507 0.312500 0.386719
 40 1.420439 3.884759 53.660275 0.660284 -0.297916 0.689399 0.308594 0.437500
 40 0.807035 5.189666 54.593895 0.150493 0.965875 0.210801 0.289063 0.433594
hair1.bmp
 17 -4.098779 0.900631 56.956242 -0.361112 -0.923626 -0.128504 0.761719 0.660156
 17 -3.924943 1.204312 58.657524 -0.956450 -0.130100 0.261301 0.757813 0.722656
 17 -4.819699 1.250168 54.445885 -0.515328 -0.855116 -0.056691 0.765625 0.535156
hair1.bmp
 17 -4.819699 1.250168 54.445885 -0.515328 -0.855116 -0.056691 0.765625 0.535156
 17 -3.924943 1.204312 58.657524 -0.956450 -0.130100 0.261301 0.757813 0.722656
 38 -4.434611 2.511143 54.744934 -0.848521 0.412611 0.331307 0.691406 0.535156
hair1.bmp
 17 -3.924943 1.204312 58.657524 -0.956450 -0.130100 0.261301 0.757813 0.722656
 17 -4.107968 2.333975 56.726368 -0.930947 0.329726 0.156902 0.691406 0.628906
 38 -4.434611 2.511143 54.744934 -0.848521 0.412611 0.331307 0.691406 0.535156
hair1.bmp
 38 -4.434611 2.511143 54.744934 -0.848521 0.412611 0.331307 0.691406 0.535156
 17 -4.107968 2.333975 56.726368 -0.930947 0.329726 0.156902 0.691406 0.628906
 38 -3.084721 4.153374 54.770931 -0.586816 0.739601 0.329603 0.566406 0.554688
hair1.bmp
 17 -4.107968 2.333975 56.726368 -0.930947 0.329726 0.156902 0.691406 0.628906
 17 -3.326334 3.341805 59.034077 -0.809599 0.472703 0.347996 0.667969 0.750000
 38 -3.084721 4.153374 54.770931 -0.586816 0.739601 0.329603 0.566406 0.554688
hair1.bmp
 38 -3.084721 4.153374 54.770931 -0.586816 0.739601 0.329603 0.566406 0.554688
 17 -3.326334 3.341805 59.034077 -0.809599 0.472703 0.347996 0.667969 0.750000
 17 -2.722295 4.396953 57.915371 -0.635988 0.762084 0.121442 0.605469 0.707031
hair1.bmp
 17 -3.326334 3.341805 59.034077 -0.809599 0.472703 0.347996 0.667969 0.750000
 17 -1.231730 4.406269 60.523560 -0.319686 0.739460 0.592452 0.582031 0.832031
 17 -2.722295 4.396953 57.915371 -0.635988 0.762084 0.121442 0.605469 0.707031
hair1.bmp
 17 -2.722295 4.396953 57.915371 -0.635988 0.762084 0.121442 0.605469 0.707031
 17 -1.231730 4.406269 60.523560 -0.319686 0.739460 0.592452 0.582031 0.832031
 17 -1.186366 5.079708 59.039501 -0.212195 0.946394 0.243540 0.546875 0.761719
hair1.bmp
 17 -1.231730 4.406269 60.523560 -0.319686 0.739460 0.592452 0.582031 0.832031
 17 -0.004433 5.094833 58.507988 -0.013508 0.992645 0.120305 0.496094 0.746094
 17 -1.186366 5.079708 59.039501 -0.212195 0.946394 0.243540 0.546875 0.761719
hair1.bmp
 17 -1.186366 5.079708 59.039501 -0.212195 0.946394 0.243540 0.546875 0.761719
 17 -0.004433 5.094833 58.507988 -0.013508 0.992645 0.120305 0.496094 0.746094
 38 -1.024058 5.071630 54.587971 -0.219779 0.959615 0.175602 0.480469 0.570313
hair1.bmp
 17 -0.004433 5.094833 58.507988 -0.013508 0.992645 0.120305 0.496094 0.746094
 40 0.807035 5.189666 54.593895 0.150493 0.965875 0.210801 0.472656 0.574219
 38 -1.024058 5.071630 54.587971 -0.219779 0.959615 0.175602 0.480469 0.570313
hair1.bmp
 38 -3.084721 4.153374 54.770931 -0.586816 0.739601 0.329603 0.617188 0.437500
 39 -5.028392 6.435935 48.541965 0.106114 0.989094 0.102137 0.621094 0.148438
 38 -3.794774 3.357357 54.787724 -0.699399 0.577390 0.421262 0.578125 0.437500
hair1.bmp
 38 -3.794774 3.357357 54.787724 -0.699399 0.577390 0.421262 0.578125 0.437500
 39 -5.028392 6.435935 48.541965 0.106114 0.989094 0.102137 0.621094 0.148438
 39 -5.806929 5.572954 48.140038 -0.979114 -0.199007 -0.041629 0.558594 0.132813
hair1.bmp
 39 -5.028392 6.435935 48.541965 0.106114 0.989094 0.102137 0.621094 0.148438
 39 -5.051613 6.091693 46.671364 -0.129897 0.767472 -0.627785 0.601563 0.078125
 39 -5.806929 5.572954 48.140038 -0.979114 -0.199007 -0.041629 0.558594 0.132813
hair1.bmp
 39 -5.806929 5.572954 48.140038 -0.979114 -0.199007 -0.041629 0.558594 0.132813
 39 -5.051613 6.091693 46.671364 -0.129897 0.767472 -0.627785 0.601563 0.078125
 39 -4.377820 4.755284 45.630684 0.338327 -0.444608 -0.829372 0.597656 0.035156
hair1.bmp
 39 -5.051613 6.091693 46.671364 -0.129897 0.767472 -0.627785 0.601563 0.078125
 39 -5.028392 6.435935 48.541965 0.106114 0.989094 0.102137 0.621094 0.148438
 39 -4.377820 4.755284 45.630684 0.338327 -0.444608 -0.829372 0.597656 0.035156
hair1.bmp
 39 -4.377820 4.755284 45.630684 0.338327 -0.444608 -0.829372 0.597656 0.035156
 39 -5.028392 6.435935 48.541965 0.106114 0.989094 0.102137 0.621094 0.148438
 39 -4.887534 5.533025 48.308910 0.793403 -0.561210 -0.235703 0.648438 0.144531
hair1.bmp
 39 -5.028392 6.435935 48.541965 0.106114 0.989094 0.102137 0.621094 0.148438
 38 -2.739277 3.600525 53.270557 0.952614 0.285852 -0.104001 0.632813 0.386719
 39 -4.887534 5.533025 48.308910 0.793403 -0.561210 -0.235703 0.648438 0.144531
hair1.bmp
 39 -4.887534 5.533025 48.308910 0.793403 -0.561210 -0.235703 0.648438 0.144531
 38 -2.739277 3.600525 53.270557 0.952614 0.285852 -0.104001 0.632813 0.386719
 17 -2.526361 1.904993 53.525448 0.058852 -0.898508 -0.434994 0.648438 0.425781
hair1.bmp
 38 -2.739277 3.600525 53.270557 0.952614 0.285852 -0.104001 0.632813 0.386719
 38 -3.084721 4.153374 54.770931 -0.586816 0.739601 0.329603 0.617188 0.437500
 17 -2.526361 1.904993 53.525448 0.058852 -0.898508 -0.434994 0.648438 0.425781
hair1.bmp
 17 -2.526361 1.904993 53.525448 0.058852 -0.898508 -0.434994 0.648438 0.425781
 38 -3.084721 4.153374 54.770931 -0.586816 0.739601 0.329603 0.617188 0.437500
 38 -3.252624 2.884903 54.196659 -0.599196 -0.529737 0.600286 0.632813 0.445313
hair1.bmp
 41 1.452626 6.411394 47.405045 -0.704266 -0.701549 -0.108806 0.257813 0.675781
 41 2.583013 5.029073 50.066380 -0.016107 -0.859787 -0.510398 0.214844 0.761719
 40 1.428886 4.243574 51.326954 -0.689757 -0.485153 -0.537458 0.257813 0.800781
hair1.bmp
 40 1.428886 4.243574 51.326954 -0.689757 -0.485153 -0.537458 0.257813 0.800781
 41 2.583013 5.029073 50.066380 -0.016107 -0.859787 -0.510398 0.214844 0.761719
 17 0.631522 1.353360 54.118393 0.084566 -0.737976 -0.669507 0.273438 0.914063
hair1.bmp
 41 2.583013 5.029073 50.066380 -0.016107 -0.859787 -0.510398 0.214844 0.761719
 17 1.884978 2.339048 53.162270 -0.004504 -0.778045 -0.628193 0.234375 0.867188
 17 0.631522 1.353360 54.118393 0.084566 -0.737976 -0.669507 0.273438 0.914063
hair1.bmp
 17 0.631522 1.353360 54.118393 0.084566 -0.737976 -0.669507 0.273438 0.914063
 17 1.884978 2.339048 53.162270 -0.004504 -0.778045 -0.628193 0.234375 0.867188
 17 2.633861 2.019425 53.473259 -0.014042 -0.891638 -0.452532 0.214844 0.871094
hair1.bmp
 17 1.884978 2.339048 53.162270 -0.004504 -0.778045 -0.628193 0.234375 0.867188
 41 3.058048 5.808228 48.674023 0.058932 -0.898500 -0.435000 0.203125 0.718750
 17 2.633861 2.019425 53.473259 -0.014042 -0.891638 -0.452532 0.214844 0.871094
hair1.bmp
 17 2.633861 2.019425 53.473259 -0.014042 -0.891638 -0.452532 0.214844 0.871094
 41 3.058048 5.808228 48.674023 0.058932 -0.898500 -0.435000 0.203125 0.718750
 41 4.415565 5.878383 49.362160 0.988425 -0.136068 -0.067087 0.160156 0.703125
hair1.bmp
 41 3.058048 5.808228 48.674023 0.058932 -0.898500 -0.435000 0.203125 0.718750
 41 3.343401 5.891357 47.196404 -0.505429 -0.846175 0.168903 0.175781 0.664063
 41 4.415565 5.878383 49.362160 0.988425 -0.136068 -0.067087 0.160156 0.703125
hair1.bmp
 41 4.415565 5.878383 49.362160 0.988425 -0.136068 -0.067087 0.160156 0.703125
 41 3.343401 5.891357 47.196404 -0.505429 -0.846175 0.168903 0.175781 0.664063
 41 4.184690 5.660841 46.842999 0.855478 -0.515079 -0.053398 0.171875 0.644531
hair1.bmp
 41 3.343401 5.891357 47.196404 -0.505429 -0.846175 0.168903 0.175781 0.664063
 41 2.471476 4.604616 44.970276 -0.460081 -0.581258 -0.671167 0.199219 0.621094
 41 4.184690 5.660841 46.842999 0.855478 -0.515079 -0.053398 0.171875 0.644531
hair1.bmp
 39 -7.150437 3.353241 46.353992 0.101192 -0.068802 -0.992485 0.085938 0.632813
 39 -7.287970 3.283749 48.434078 0.776876 -0.597223 -0.199471 0.093750 0.695313
 39 -7.639281 3.157407 48.796181 -0.916678 -0.398975 0.022810 0.082031 0.718750
hair1.bmp
 39 -7.639281 3.157407 48.796181 -0.916678 -0.398975 0.022810 0.082031 0.718750
 39 -7.287970 3.283749 48.434078 0.776876 -0.597223 -0.199471 0.093750 0.695313
 17 -4.819699 1.250168 54.445885 -0.515328 -0.855116 -0.056691 0.167969 0.886719
hair1.bmp
 39 -7.287970 3.283749 48.434078 0.776876 -0.597223 -0.199471 0.093750 0.695313
 17 -4.476016 2.124822 53.425854 0.161620 -0.895848 -0.413926 0.175781 0.867188
 17 -4.819699 1.250168 54.445885 -0.515328 -0.855116 -0.056691 0.167969 0.886719
hair1.bmp
 17 -4.819699 1.250168 54.445885 -0.515328 -0.855116 -0.056691 0.167969 0.886719
 17 -4.476016 2.124822 53.425854 0.161620 -0.895848 -0.413926 0.175781 0.867188
 17 -3.234390 1.759724 55.742245 -0.059710 -0.944899 -0.321870 0.175781 0.925781
hair1.bmp
 17 -4.476016 2.124822 53.425854 0.161620 -0.895848 -0.413926 0.175781 0.867188
 17 -3.505982 1.953981 53.418949 -0.059710 -0.944899 -0.321870 0.191406 0.867188
 17 -3.234390 1.759724 55.742245 -0.059710 -0.944899 -0.321870 0.175781 0.925781
hair1.bmp
 17 -3.234390 1.759724 55.742245 -0.059710 -0.944899 -0.321870 0.175781 0.925781
 17 -3.505982 1.953981 53.418949 -0.059710 -0.944899 -0.321870 0.191406 0.867188
 17 -2.423501 1.356789 55.499958 -0.373870 -0.896696 -0.236975 0.207031 0.914063
hair1.bmp
 17 -3.505982 1.953981 53.418949 -0.059710 -0.944899 -0.321870 0.191406 0.867188
 17 -2.526361 1.904993 53.525448 0.058852 -0.898508 -0.434994 0.214844 0.875000
 17 -2.423501 1.356789 55.499958 -0.373870 -0.896696 -0.236975 0.207031 0.914063
hair1.bmp
 17 -2.423501 1.356789 55.499958 -0.373870 -0.896696 -0.236975 0.207031 0.914063
 17 -2.526361 1.904993 53.525448 0.058852 -0.898508 -0.434994 0.214844 0.875000
 17 -1.597544 1.683792 53.854794 -0.116706 -0.858817 -0.498812 0.242188 0.890625
hair1.bmp
 17 -2.526361 1.904993 53.525448 0.058852 -0.898508 -0.434994 0.214844 0.875000
 39 -3.060623 5.624068 49.165070 -0.166309 -0.908821 -0.382603 0.203125 0.730469
 17 -1.597544 1.683792 53.854794 -0.116706 -0.858817 -0.498812 0.242188 0.890625
hair1.bmp
 17 -0.678415 1.325585 54.098495 -0.271180 -0.551997 -0.788518 0.074219 0.460938
 38 -1.430513 4.007240 53.612640 -0.574794 0.079926 0.814386 0.093750 0.441406
 38 -1.025992 3.347533 52.367588 -0.569310 -0.655109 -0.496707 0.074219 0.375000
hair1.bmp
 38 -1.025992 3.347533 52.367588 -0.569310 -0.655109 -0.496707 0.074219 0.375000
 38 -1.430513 4.007240 53.612640 -0.574794 0.079926 0.814386 0.093750 0.441406
 39 -1.426233 6.585135 47.951885 -0.863865 -0.401506 -0.304188 0.082031 0.171875
hair1.bmp
 38 -1.430513 4.007240 53.612640 -0.574794 0.079926 0.814386 0.093750 0.441406
 38 -1.024058 5.071630 54.587971 -0.219779 0.959615 0.175602 0.117188 0.457031
 39 -1.426233 6.585135 47.951885 -0.863865 -0.401506 -0.304188 0.082031 0.171875
hair1.bmp
 39 -1.426233 6.585135 47.951885 -0.863865 -0.401506 -0.304188 0.082031 0.171875
 38 -1.024058 5.071630 54.587971 -0.219779 0.959615 0.175602 0.117188 0.457031
 39 -0.969379 7.933749 48.815960 -0.532227 0.840111 0.104634 0.136719 0.199219
hair1.bmp
 38 -1.024058 5.071630 54.587971 -0.219779 0.959615 0.175602 0.117188 0.457031
 41 1.188023 7.911008 48.669617 0.600391 0.796866 0.067350 0.132813 0.195313
 39 -0.969379 7.933749 48.815960 -0.532227 0.840111 0.104634 0.136719 0.199219
hair1.bmp
 39 -0.969379 7.933749 48.815960 -0.532227 0.840111 0.104634 0.136719 0.199219
 41 1.188023 7.911008 48.669617 0.600391 0.796866 0.067350 0.132813 0.195313
 39 -0.780469 7.370182 46.357994 -0.560968 0.621891 -0.546412 0.136719 0.109375
hair1.bmp
 41 1.188023 7.911008 48.669617 0.600391 0.796866 0.067350 0.132813 0.195313
 41 0.746456 7.353938 46.342625 0.564890 0.603108 -0.563170 0.132813 0.113281
 39 -0.780469 7.370182 46.357994 -0.560968 0.621891 -0.546412 0.136719 0.109375
hair1.bmp
 39 -0.780469 7.370182 46.357994 -0.560968 0.621891 -0.546412 0.136719 0.109375
 41 0.746456 7.353938 46.342625 0.564890 0.603108 -0.563170 0.132813 0.113281
 39 -0.016379 6.028255 45.235363 0.036008 -0.641091 -0.766620 0.152344 0.050781
hair1.bmp
 41 0.746456 7.353938 46.342625 0.564890 0.603108 -0.563170 0.132813 0.113281
 41 0.686509 6.777007 46.330059 0.705698 -0.661307 -0.254291 0.105469 0.113281
 39 -0.016379 6.028255 45.235363 0.036008 -0.641091 -0.766620 0.152344 0.050781
hair1.bmp
 17 1.004038 2.895097 61.702583 0.226798 0.333684 0.914996 0.636719 0.902344
 17 1.248591 4.453538 60.439430 0.308763 0.765896 0.563976 0.589844 0.835938
 17 -1.231730 4.406269 60.523560 -0.319686 0.739460 0.592452 0.582031 0.832031
hair1.bmp
 17 -1.231730 4.406269 60.523560 -0.319686 0.739460 0.592452 0.582031 0.832031
 17 1.248591 4.453538 60.439430 0.308763 0.765896 0.563976 0.589844 0.835938
 17 0.984184 5.117913 58.891659 0.150521 0.965875 0.210782 0.539063 0.753906
hair1.bmp
 17 1.248591 4.453538 60.439430 0.308763 0.765896 0.563976 0.589844 0.835938
 17 2.267029 4.700565 58.109974 0.520769 0.844640 0.124023 0.582031 0.710938
 17 0.984184 5.117913 58.891659 0.150521 0.965875 0.210782 0.539063 0.753906
hair1.bmp
 17 0.984184 5.117913 58.891659 0.150521 0.965875 0.210782 0.539063 0.753906
 17 2.267029 4.700565 58.109974 0.520769 0.844640 0.124023 0.582031 0.710938
 40 3.096383 4.212422 54.781990 0.548116 0.770650 0.325065 0.570313 0.550781
hair1.bmp
 17 2.267029 4.700565 58.109974 0.520769 0.844640 0.124023 0.582031 0.710938
 17 3.396623 3.531776 58.228928 0.822368 0.525040 0.219190 0.648438 0.707031
 40 3.096383 4.212422 54.781990 0.548116 0.770650 0.325065 0.570313 0.550781
hair1.bmp
 40 3.096383 4.212422 54.781990 0.548116 0.770650 0.325065 0.570313 0.550781
 17 3.396623 3.531776 58.228928 0.822368 0.525040 0.219190 0.648438 0.707031
 40 3.836438 3.239271 54.772163 0.747814 0.592006 0.300504 0.644531 0.542969
hair1.bmp
 17 3.396623 3.531776 58.228928 0.822368 0.525040 0.219190 0.648438 0.707031
 17 4.088824 1.933221 57.628864 0.959032 0.183530 0.215811 0.710938 0.679688
 40 3.836438 3.239271 54.772163 0.747814 0.592006 0.300504 0.644531 0.542969
hair1.bmp
 40 3.836438 3.239271 54.772163 0.747814 0.592006 0.300504 0.644531 0.542969
 17 4.088824 1.933221 57.628864 0.959032 0.183530 0.215811 0.710938 0.679688
 40 4.416511 2.572002 54.755821 0.835266 0.450616 0.315081 0.699219 0.539063
hair1.bmp
 17 4.088824 1.933221 57.628864 0.959032 0.183530 0.215811 0.710938 0.679688
 17 4.800310 1.253853 54.461033 0.520181 -0.848913 -0.093588 0.765625 0.535156
 40 4.416511 2.572002 54.755821 0.835266 0.450616 0.315081 0.699219 0.539063
hair1.bmp
 17 3.078075 -0.687065 57.844723 0.939095 -0.343423 0.012687 0.890625 0.734375
 17 2.428158 -0.265198 60.580345 0.731637 -0.387813 0.560632 0.828125 0.855469
 17 2.463592 -1.408366 59.084415 0.833963 -0.421383 0.356289 0.898438 0.808594
hair1.bmp
 17 2.463592 -1.408366 59.084415 0.833963 -0.421383 0.356289 0.898438 0.808594
 17 2.428158 -0.265198 60.580345 0.731637 -0.387813 0.560632 0.828125 0.855469
 17 1.631576 -2.129143 59.642654 0.577872 -0.667840 0.469099 0.921875 0.871094
hair1.bmp
 17 2.428158 -0.265198 60.580345 0.731637 -0.387813 0.560632 0.828125 0.855469
 17 1.257753 -1.688925 60.695915 0.415584 -0.640897 0.645400 0.878906 0.910156
 17 1.631576 -2.129143 59.642654 0.577872 -0.667840 0.469099 0.921875 0.871094
hair1.bmp
 17 1.631576 -2.129143 59.642654 0.577872 -0.667840 0.469099 0.921875 0.871094
 17 1.257753 -1.688925 60.695915 0.415584 -0.640897 0.645400 0.878906 0.910156
 17 0.041107 -2.569872 59.770981 -0.006200 -0.832701 0.553688 0.964844 0.949219
hair1.bmp
 17 1.257753 -1.688925 60.695915 0.415584 -0.640897 0.645400 0.878906 0.910156
 17 -0.004436 -1.482996 61.297390 -0.026100 -0.571015 0.820525 0.867188 0.972656
 17 0.041107 -2.569872 59.770981 -0.006200 -0.832701 0.553688 0.964844 0.949219
hair1.bmp
 17 0.041107 -2.569872 59.770981 -0.006200 -0.832701 0.553688 0.964844 0.949219
 17 -0.004436 -1.482996 61.297390 -0.026100 -0.571015 0.820525 0.867188 0.972656
 17 -1.651507 -1.612417 60.485783 -0.527707 -0.613276 0.587723 0.875000 0.894531
hair1.bmp
 17 -0.004436 -1.482996 61.297390 -0.026100 -0.571015 0.820525 0.867188 0.972656
 17 -1.814673 -0.061660 61.353497 -0.516627 -0.275842 0.810560 0.800781 0.898438
 17 -1.651507 -1.612417 60.485783 -0.527707 -0.613276 0.587723 0.875000 0.894531
hair1.bmp
 17 -1.651507 -1.612417 60.485783 -0.527707 -0.613276 0.587723 0.875000 0.894531
 17 -1.814673 -0.061660 61.353497 -0.516627 -0.275842 0.810560 0.800781 0.898438
 17 -3.168545 0.252710 59.657532 -0.853299 -0.374808 0.362491 0.804688 0.785156
hair1.bmp
 17 -1.814673 -0.061660 61.353497 -0.516627 -0.275842 0.810560 0.800781 0.898438
 17 -3.210872 1.702864 60.294212 -0.811424 0.082296 0.578635 0.734375 0.812500
 17 -3.168545 0.252710 59.657532 -0.853299 -0.374808 0.362491 0.804688 0.785156
hair1.bmp
 17 3.743919 2.032825 53.459366 -0.021807 -0.952232 -0.304597 0.824219 0.414063
 40 3.836438 3.239271 54.772163 0.747814 0.592006 0.300504 0.792969 0.437500
 40 3.905424 2.842025 52.292881 -0.886895 -0.103069 -0.450327 0.812500 0.355469
hair1.bmp
 40 3.905424 2.842025 52.292881 -0.886895 -0.103069 -0.450327 0.812500 0.355469
 40 3.836438 3.239271 54.772163 0.747814 0.592006 0.300504 0.792969 0.437500
 41 6.307745 5.072307 48.766762 -0.124029 0.988801 0.082998 0.781250 0.164063
hair1.bmp
 40 3.836438 3.239271 54.772163 0.747814 0.592006 0.300504 0.792969 0.437500
 41 6.857636 4.345203 48.800510 0.970447 -0.182405 0.157990 0.738281 0.164063
 41 6.307745 5.072307 48.766762 -0.124029 0.988801 0.082998 0.781250 0.164063
hair1.bmp
 41 6.307745 5.072307 48.766762 -0.124029 0.988801 0.082998 0.781250 0.164063
 41 6.857636 4.345203 48.800510 0.970447 -0.182405 0.157990 0.738281 0.164063
 41 6.693633 4.460198 47.144104 0.851804 0.211402 -0.479311 0.761719 0.097656
hair1.bmp
 41 6.857636 4.345203 48.800510 0.970447 -0.182405 0.157990 0.738281 0.164063
 41 5.828501 4.010488 45.800152 -0.268123 -0.196813 -0.943067 0.773438 0.042969
 41 6.693633 4.460198 47.144104 0.851804 0.211402 -0.479311 0.761719 0.097656
hair1.bmp
 41 6.693633 4.460198 47.144104 0.851804 0.211402 -0.479311 0.761719 0.097656
 41 5.828501 4.010488 45.800152 -0.268123 -0.196813 -0.943067 0.773438 0.042969
 41 6.307745 5.072307 48.766762 -0.124029 0.988801 0.082998 0.781250 0.164063
hair1.bmp
 41 5.828501 4.010488 45.800152 -0.268123 -0.196813 -0.943067 0.773438 0.042969
 41 6.236663 4.042484 49.068943 -0.312876 -0.875481 -0.368297 0.812500 0.160156
 41 6.307745 5.072307 48.766762 -0.124029 0.988801 0.082998 0.781250 0.164063
hair1.bmp
 41 6.307745 5.072307 48.766762 -0.124029 0.988801 0.082998 0.781250 0.164063
 41 6.236663 4.042484 49.068943 -0.312876 -0.875481 -0.368297 0.812500 0.160156
 40 3.905424 2.842025 52.292881 -0.886895 -0.103069 -0.450327 0.812500 0.355469
hair1.bmp
 41 3.707933 6.971938 48.702843 0.152323 0.982734 0.105035 0.449219 0.175781
 40 2.146690 4.644260 54.693676 0.312493 0.918208 0.243396 0.472656 0.468750
 40 3.096383 4.212422 54.781990 0.548116 0.770650 0.325065 0.425781 0.472656
hair1.bmp
 41 3.707933 6.971938 48.702843 0.152323 0.982734 0.105035 0.449219 0.175781
 40 1.852644 4.106347 53.051422 -0.957161 0.192327 0.216455 0.484375 0.410156
 40 2.146690 4.644260 54.693676 0.312493 0.918208 0.243396 0.472656 0.468750
hair1.bmp
 41 3.707933 6.971938 48.702843 0.152323 0.982734 0.105035 0.449219 0.175781
 41 2.951618 6.473640 47.685844 -0.936194 0.351364 0.009211 0.476563 0.144531
 40 1.852644 4.106347 53.051422 -0.957161 0.192327 0.216455 0.484375 0.410156
hair1.bmp
 41 3.707933 6.971938 48.702843 0.152323 0.982734 0.105035 0.449219 0.175781
 41 3.494638 6.796776 46.851810 0.083599 0.934801 -0.345194 0.425781 0.105469
 41 2.951618 6.473640 47.685844 -0.936194 0.351364 0.009211 0.476563 0.144531
hair1.bmp
 41 3.707933 6.971938 48.702843 0.152323 0.982734 0.105035 0.449219 0.175781
 41 3.796861 6.327859 46.240192 0.491034 0.552615 -0.673426 0.394531 0.101563
 41 3.494638 6.796776 46.851810 0.083599 0.934801 -0.345194 0.425781 0.105469
hair1.bmp
 41 3.707933 6.971938 48.702843 0.152323 0.982734 0.105035 0.449219 0.175781
 41 4.415565 5.878383 49.362160 0.988425 -0.136068 -0.067087 0.398438 0.203125
 41 3.796861 6.327859 46.240192 0.491034 0.552615 -0.673426 0.394531 0.101563
hair1.bmp
 41 3.707933 6.971938 48.702843 0.152323 0.982734 0.105035 0.449219 0.175781
 40 3.096383 4.212422 54.781990 0.548116 0.770650 0.325065 0.425781 0.472656
 41 4.415565 5.878383 49.362160 0.988425 -0.136068 -0.067087 0.398438 0.203125
hair1.bmp
 39 -3.551865 6.730457 46.740906 -0.220790 0.879927 -0.420690 0.417969 0.109375
 39 -2.435308 4.555460 44.941322 0.425022 -0.594180 -0.682866 0.378906 0.039063
 39 -4.150570 5.787961 46.386284 -0.821883 -0.332812 -0.462326 0.390625 0.105469
hair1.bmp
 39 -3.551865 6.730457 46.740906 -0.220790 0.879927 -0.420690 0.417969 0.109375
 39 -3.263250 5.990587 47.127033 0.281623 -0.958291 -0.048660 0.425781 0.074219
 39 -2.435308 4.555460 44.941322 0.425022 -0.594180 -0.682866 0.378906 0.039063
hair1.bmp
 39 -3.551865 6.730457 46.740906 -0.220790 0.879927 -0.420690 0.417969 0.109375
 39 -2.067045 5.943602 45.415924 0.554972 -0.285069 -0.781499 0.457031 0.054688
 39 -3.263250 5.990587 47.127033 0.281623 -0.958291 -0.048660 0.425781 0.074219
hair1.bmp
 39 -3.551865 6.730457 46.740906 -0.220790 0.879927 -0.420690 0.417969 0.109375
 39 -2.460353 6.439904 46.326797 0.846383 0.531443 0.034709 0.468750 0.093750
 39 -2.067045 5.943602 45.415924 0.554972 -0.285069 -0.781499 0.457031 0.054688
hair1.bmp
 39 -3.551865 6.730457 46.740906 -0.220790 0.879927 -0.420690 0.417969 0.109375
 39 -3.211385 6.602954 49.371117 0.511977 0.832398 0.212116 0.460938 0.199219
 39 -2.460353 6.439904 46.326797 0.846383 0.531443 0.034709 0.468750 0.093750
hair1.bmp
 39 -3.551865 6.730457 46.740906 -0.220790 0.879927 -0.420690 0.417969 0.109375
 39 -4.289422 6.649342 48.826889 -0.693218 0.715911 0.083187 0.417969 0.179688
 39 -3.211385 6.602954 49.371117 0.511977 0.832398 0.212116 0.460938 0.199219
hair1.bmp
 39 -3.551865 6.730457 46.740906 -0.220790 0.879927 -0.420690 0.417969 0.109375
 39 -4.150570 5.787961 46.386284 -0.821883 -0.332812 -0.462326 0.390625 0.105469
 39 -4.289422 6.649342 48.826889 -0.693218 0.715911 0.083187 0.417969 0.179688
hair1.bmp
 39 -6.200212 4.097937 49.051880 0.109689 -0.912985 -0.392972 0.718750 0.175781
 39 -6.829637 4.400845 48.890724 -0.996928 -0.069912 0.035309 0.738281 0.167969
 39 -5.888578 3.974823 45.840427 0.248668 -0.235780 -0.939453 0.769531 0.042969
hair1.bmp
 39 -5.888578 3.974823 45.840427 0.248668 -0.235780 -0.939453 0.769531 0.042969
 39 -6.829637 4.400845 48.890724 -0.996928 -0.069912 0.035309 0.738281 0.167969
 39 -6.612510 4.470546 46.922729 -0.814894 0.297587 -0.497383 0.765625 0.089844
hair1.bmp
 39 -6.829637 4.400845 48.890724 -0.996928 -0.069912 0.035309 0.738281 0.167969
 39 -6.231465 4.930390 49.394581 -0.155395 0.968475 0.194700 0.785156 0.187500
 39 -6.612510 4.470546 46.922729 -0.814894 0.297587 -0.497383 0.765625 0.089844
hair1.bmp
 39 -6.612510 4.470546 46.922729 -0.814894 0.297587 -0.497383 0.765625 0.089844
 39 -6.231465 4.930390 49.394581 -0.155395 0.968475 0.194700 0.785156 0.187500
 39 -6.326956 4.900357 48.149239 0.058009 0.995758 -0.071426 0.800781 0.140625
hair1.bmp
 39 -6.231465 4.930390 49.394581 -0.155395 0.968475 0.194700 0.785156 0.187500
 38 -3.817676 3.140855 52.828335 0.879166 0.459666 -0.125595 0.808594 0.375000
 39 -6.326956 4.900357 48.149239 0.058009 0.995758 -0.071426 0.800781 0.140625
hair1.bmp
 39 -6.326956 4.900357 48.149239 0.058009 0.995758 -0.071426 0.800781 0.140625
 38 -3.817676 3.140855 52.828335 0.879166 0.459666 -0.125595 0.808594 0.375000
 17 -3.505982 1.953981 53.418949 -0.059710 -0.944899 -0.321870 0.824219 0.421875
hair1.bmp
 38 -3.817676 3.140855 52.828335 0.879166 0.459666 -0.125595 0.808594 0.375000
 38 -4.180888 3.326744 53.713955 -0.141866 0.945467 0.293201 0.800781 0.402344
 17 -3.505982 1.953981 53.418949 -0.059710 -0.944899 -0.321870 0.824219 0.421875
hair1.bmp
 39 -2.672312 7.106100 49.626156 -0.660491 0.729774 0.176584 0.250000 0.199219
 38 -2.361128 3.447635 53.782932 -0.460962 -0.282412 0.841283 0.222656 0.433594
 38 -2.194556 4.670276 54.724899 -0.387976 0.884186 0.260173 0.242188 0.437500
hair1.bmp
 39 -2.672312 7.106100 49.626156 -0.660491 0.729774 0.176584 0.250000 0.199219
 39 -2.868117 6.002919 48.471882 -0.838713 -0.410291 -0.358081 0.214844 0.179688
 38 -2.361128 3.447635 53.782932 -0.460962 -0.282412 0.841283 0.222656 0.433594
hair1.bmp
 39 -2.672312 7.106100 49.626156 -0.660491 0.729774 0.176584 0.250000 0.199219
 39 -2.089876 6.768811 46.194260 -0.770885 0.036791 -0.635911 0.230469 0.082031
 39 -2.868117 6.002919 48.471882 -0.838713 -0.410291 -0.358081 0.214844 0.179688
hair1.bmp
 39 -2.672312 7.106100 49.626156 -0.660491 0.729774 0.176584 0.250000 0.199219
 39 -0.849794 7.241039 46.171940 0.505361 0.844155 -0.178920 0.296875 0.070313
 39 -2.089876 6.768811 46.194260 -0.770885 0.036791 -0.635911 0.230469 0.082031
hair1.bmp
 39 -2.672312 7.106100 49.626156 -0.660491 0.729774 0.176584 0.250000 0.199219
 39 -1.508403 7.412690 48.547539 0.529613 0.848218 0.006098 0.296875 0.160156
 39 -0.849794 7.241039 46.171940 0.505361 0.844155 -0.178920 0.296875 0.070313
hair1.bmp
 39 -2.672312 7.106100 49.626156 -0.660491 0.729774 0.176584 0.250000 0.199219
 38 -1.300820 5.405380 53.691914 0.529094 0.764179 0.368903 0.289063 0.394531
 39 -1.508403 7.412690 48.547539 0.529613 0.848218 0.006098 0.296875 0.160156
hair1.bmp
 39 -2.672312 7.106100 49.626156 -0.660491 0.729774 0.176584 0.250000 0.199219
 38 -2.194556 4.670276 54.724899 -0.387976 0.884186 0.260173 0.242188 0.437500
 38 -1.300820 5.405380 53.691914 0.529094 0.764179 0.368903 0.289063 0.394531
hair1.bmp
 41 4.658210 5.012378 45.874557 -0.225526 -0.550654 -0.803690 0.609375 0.011719
 41 4.527161 5.427925 46.162216 -0.737286 0.447384 -0.506218 0.609375 0.054688
 41 5.197073 5.332273 46.188076 0.757438 -0.073073 -0.648805 0.570313 0.054688
hair1.bmp
 41 5.197073 5.332273 46.188076 0.757438 -0.073073 -0.648805 0.570313 0.054688
 41 4.527161 5.427925 46.162216 -0.737286 0.447384 -0.506218 0.609375 0.054688
 41 5.042993 6.268136 47.310982 -0.055190 0.955224 -0.290691 0.609375 0.097656
hair1.bmp
 41 4.527161 5.427925 46.162216 -0.737286 0.447384 -0.506218 0.609375 0.054688
 41 4.667103 5.222881 48.940323 -0.446529 -0.740208 -0.502697 0.648438 0.167969
 41 5.042993 6.268136 47.310982 -0.055190 0.955224 -0.290691 0.609375 0.097656
hair1.bmp
 41 5.042993 6.268136 47.310982 -0.055190 0.955224 -0.290691 0.609375 0.097656
 41 4.667103 5.222881 48.940323 -0.446529 -0.740208 -0.502697 0.648438 0.167969
 40 2.761683 3.662321 53.320290 -0.955022 0.273203 -0.115294 0.632813 0.386719
hair1.bmp
 41 4.667103 5.222881 48.940323 -0.446529 -0.740208 -0.502697 0.648438 0.167969
 17 2.633861 2.019425 53.473259 -0.014042 -0.891638 -0.452532 0.648438 0.429688
 40 2.761683 3.662321 53.320290 -0.955022 0.273203 -0.115294 0.632813 0.386719
hair1.bmp
 40 2.761683 3.662321 53.320290 -0.955022 0.273203 -0.115294 0.632813 0.386719
 17 2.633861 2.019425 53.473259 -0.014042 -0.891638 -0.452532 0.648438 0.429688
 40 3.096383 4.212422 54.781990 0.548116 0.770650 0.325065 0.617188 0.437500
hair1.bmp
 17 2.633861 2.019425 53.473259 -0.014042 -0.891638 -0.452532 0.648438 0.429688
 40 3.259357 2.896102 53.966614 0.697094 -0.508072 0.505887 0.632813 0.445313
 40 3.096383 4.212422 54.781990 0.548116 0.770650 0.325065 0.617188 0.437500
hair1.bmp
 17 -1.597544 1.683792 53.854794 -0.116706 -0.858817 -0.498812 0.511719 0.468750
 38 -1.888293 4.158151 52.998016 0.984775 0.173393 0.012395 0.484375 0.406250
 38 -2.361128 3.447635 53.782932 -0.460962 -0.282412 0.841283 0.488281 0.464844
hair1.bmp
 38 -2.361128 3.447635 53.782932 -0.460962 -0.282412 0.841283 0.488281 0.464844
 38 -1.888293 4.158151 52.998016 0.984775 0.173393 0.012395 0.484375 0.406250
 38 -2.194556 4.670276 54.724899 -0.387976 0.884186 0.260173 0.472656 0.468750
hair1.bmp
 38 -1.888293 4.158151 52.998016 0.984775 0.173393 0.012395 0.484375 0.406250
 39 -3.211385 6.602954 49.371117 0.511977 0.832398 0.212116 0.460938 0.199219
 38 -2.194556 4.670276 54.724899 -0.387976 0.884186 0.260173 0.472656 0.468750
hair1.bmp
 38 -2.194556 4.670276 54.724899 -0.387976 0.884186 0.260173 0.472656 0.468750
 39 -3.211385 6.602954 49.371117 0.511977 0.832398 0.212116 0.460938 0.199219
 38 -3.084721 4.153374 54.770931 -0.586816 0.739601 0.329603 0.425781 0.472656
hair1.bmp
 39 -3.211385 6.602954 49.371117 0.511977 0.832398 0.212116 0.460938 0.199219
 39 -4.289422 6.649342 48.826889 -0.693218 0.715911 0.083187 0.417969 0.179688
 38 -3.084721 4.153374 54.770931 -0.586816 0.739601 0.329603 0.425781 0.472656
hair1.bmp
 38 -3.084721 4.153374 54.770931 -0.586816 0.739601 0.329603 0.425781 0.472656
 39 -4.289422 6.649342 48.826889 -0.693218 0.715911 0.083187 0.417969 0.179688
 39 -4.341691 5.804379 49.457050 -0.918249 -0.394978 -0.028493 0.394531 0.226563
hair1.bmp
 39 -4.289422 6.649342 48.826889 -0.693218 0.715911 0.083187 0.417969 0.179688
 39 -4.150570 5.787961 46.386284 -0.821883 -0.332812 -0.462326 0.390625 0.105469
 39 -4.341691 5.804379 49.457050 -0.918249 -0.394978 -0.028493 0.394531 0.226563
hair1.bmp
 17 0.041107 -2.569872 59.770981 -0.006200 -0.832701 0.553688 0.964844 0.949219
 17 -1.651507 -1.612417 60.485783 -0.527707 -0.613276 0.587723 0.875000 0.894531
 17 -1.598503 -2.144345 59.658714 -0.475134 -0.748125 0.463203 0.921875 0.871094
hair1.bmp
 17 -1.598503 -2.144345 59.658714 -0.475134 -0.748125 0.463203 0.921875 0.871094
 17 -1.651507 -1.612417 60.485783 -0.527707 -0.613276 0.587723 0.875000 0.894531
 17 -2.476483 -1.413752 59.096054 -0.834005 -0.461703 0.302103 0.898438 0.808594
hair1.bmp
 17 -1.651507 -1.612417 60.485783 -0.527707 -0.613276 0.587723 0.875000 0.894531
 17 -3.168545 0.252710 59.657532 -0.853299 -0.374808 0.362491 0.804688 0.785156
 17 -2.476483 -1.413752 59.096054 -0.834005 -0.461703 0.302103 0.898438 0.808594
hair1.bmp
 17 -2.476483 -1.413752 59.096054 -0.834005 -0.461703 0.302103 0.898438 0.808594
 17 -3.168545 0.252710 59.657532 -0.853299 -0.374808 0.362491 0.804688 0.785156
 17 -3.051705 -0.627322 57.772327 -0.955521 -0.294209 -0.020498 0.894531 0.726563
hair1.bmp
 17 -3.168545 0.252710 59.657532 -0.853299 -0.374808 0.362491 0.804688 0.785156
 17 -3.411426 0.779457 57.688816 -0.518817 -0.790615 -0.325202 0.812500 0.695313
 17 -3.051705 -0.627322 57.772327 -0.955521 -0.294209 -0.020498 0.894531 0.726563
hair1.bmp
 17 -3.051705 -0.627322 57.772327 -0.955521 -0.294209 -0.020498 0.894531 0.726563
 17 -3.411426 0.779457 57.688816 -0.518817 -0.790615 -0.325202 0.812500 0.695313
 17 -3.036920 0.363038 56.446785 -0.931308 -0.125599 -0.341891 0.890625 0.617188
hair1.bmp
 17 -3.411426 0.779457 57.688816 -0.518817 -0.790615 -0.325202 0.812500 0.695313
 17 -2.696840 1.068701 56.422558 -0.701881 -0.527712 -0.478418 0.839844 0.597656
 17 -3.036920 0.363038 56.446785 -0.931308 -0.125599 -0.341891 0.890625 0.617188
hair1.bmp
 17 -2.423501 1.356789 55.499958 -0.373870 -0.896696 -0.236975 0.207031 0.914063
 17 -1.597544 1.683792 53.854794 -0.116706 -0.858817 -0.498812 0.242188 0.890625
 17 -0.678415 1.325585 54.098495 0.104626 -0.856330 -0.505719 0.269531 0.914063
hair1.bmp
 17 -0.678415 1.325585 54.098495 0.104626 -0.856330 -0.505719 0.269531 0.914063
 17 -1.597544 1.683792 53.854794 -0.116706 -0.858817 -0.498812 0.242188 0.890625
 38 -1.471890 4.263107 51.230137 0.685535 -0.497346 -0.531684 0.253906 0.804688
hair1.bmp
 17 -1.597544 1.683792 53.854794 -0.116706 -0.858817 -0.498812 0.242188 0.890625
 39 -2.868117 6.002919 48.471882 -0.838713 -0.410291 -0.358081 0.210938 0.714844
 38 -1.471890 4.263107 51.230137 0.685535 -0.497346 -0.531684 0.253906 0.804688
hair1.bmp
 38 -1.471890 4.263107 51.230137 0.685535 -0.497346 -0.531684 0.253906 0.804688
 39 -2.868117 6.002919 48.471882 -0.838713 -0.410291 -0.358081 0.210938 0.714844
 39 -1.576514 6.123755 48.030907 0.626736 -0.756706 -0.186007 0.250000 0.699219
hair1.bmp
 39 -2.868117 6.002919 48.471882 -0.838713 -0.410291 -0.358081 0.210938 0.714844
 39 -2.089876 6.768811 46.194260 -0.770885 0.036791 -0.635911 0.234375 0.644531
 39 -1.576514 6.123755 48.030907 0.626736 -0.756706 -0.186007 0.250000 0.699219
hair1.bmp
 39 -1.576514 6.123755 48.030907 0.626736 -0.756706 -0.186007 0.250000 0.699219
 39 -2.089876 6.768811 46.194260 -0.770885 0.036791 -0.635911 0.234375 0.644531
 39 -0.386694 6.449684 45.320000 0.610133 -0.261522 -0.747893 0.277344 0.625000
hair1.bmp
 41 0.390249 6.413744 45.298378 -0.638698 -0.270284 -0.720425 0.316406 0.027344
 41 1.452626 6.411394 47.405045 -0.704266 -0.701549 -0.108806 0.328125 0.105469
 41 0.976221 7.372843 46.407822 -0.516707 0.831563 -0.203758 0.273438 0.074219
hair1.bmp
 41 0.976221 7.372843 46.407822 -0.516707 0.831563 -0.203758 0.273438 0.074219
 41 1.452626 6.411394 47.405045 -0.704266 -0.701549 -0.108806 0.328125 0.105469
 41 1.324313 6.516714 49.699505 -0.959090 0.278531 0.050673 0.316406 0.214844
hair1.bmp
 41 1.452626 6.411394 47.405045 -0.704266 -0.701549 -0.108806 0.328125 0.105469
 40 1.428886 4.243574 51.326954 -0.689757 -0.485153 -0.537458 0.335938 0.308594
 41 1.324313 6.516714 49.699505 -0.959090 0.278531 0.050673 0.316406 0.214844
hair1.bmp
 41 1.324313 6.516714 49.699505 -0.959090 0.278531 0.050673 0.316406 0.214844
 40 1.428886 4.243574 51.326954 -0.689757 -0.485153 -0.537458 0.335938 0.308594
 40 0.772504 4.271874 53.087456 -0.997727 0.019483 0.064507 0.312500 0.386719
hair1.bmp
 40 1.428886 4.243574 51.326954 -0.689757 -0.485153 -0.537458 0.335938 0.308594
 17 0.631522 1.353360 54.118393 0.084566 -0.737976 -0.669507 0.324219 0.421875
 40 0.772504 4.271874 53.087456 -0.997727 0.019483 0.064507 0.312500 0.386719
hair1.bmp
 40 0.772504 4.271874 53.087456 -0.997727 0.019483 0.064507 0.312500 0.386719
 17 0.631522 1.353360 54.118393 0.084566 -0.737976 -0.669507 0.324219 0.421875
 40 1.420439 3.884759 53.660275 0.660284 -0.297916 0.689399 0.308594 0.437500
hair1.bmp
 39 -0.047936 6.531462 48.424763 -0.009313 -0.909781 -0.414985 0.300781 0.710938
 41 0.686509 6.777007 46.330059 0.705698 -0.661307 -0.254291 0.289063 0.652344
 41 1.440875 6.609062 47.887630 0.830486 -0.442783 -0.337989 0.257813 0.703125
hair1.bmp
 39 -0.047936 6.531462 48.424763 -0.009313 -0.909781 -0.414985 0.300781 0.710938
 39 -0.800761 6.704881 46.441441 -0.700889 -0.652317 -0.288508 0.285156 0.648438
 41 0.686509 6.777007 46.330059 0.705698 -0.661307 -0.254291 0.289063 0.652344
hair1.bmp
 39 -0.047936 6.531462 48.424763 -0.009313 -0.909781 -0.414985 0.300781 0.710938
 39 -1.426233 6.585135 47.951885 -0.863865 -0.401506 -0.304188 0.257813 0.703125
 39 -0.800761 6.704881 46.441441 -0.700889 -0.652317 -0.288508 0.285156 0.648438
hair1.bmp
 39 -0.047936 6.531462 48.424763 -0.009313 -0.909781 -0.414985 0.300781 0.710938
 38 -1.025992 3.347533 52.367588 -0.569310 -0.655109 -0.496707 0.269531 0.839844
 39 -1.426233 6.585135 47.951885 -0.863865 -0.401506 -0.304188 0.257813 0.703125
hair1.bmp
 39 -0.047936 6.531462 48.424763 -0.009313 -0.909781 -0.414985 0.300781 0.710938
 17 0.625289 2.821862 53.071842 0.508480 -0.600726 -0.616908 0.292969 0.851563
 38 -1.025992 3.347533 52.367588 -0.569310 -0.655109 -0.496707 0.269531 0.839844
hair1.bmp
 39 -0.047936 6.531462 48.424763 -0.009313 -0.909781 -0.414985 0.300781 0.710938
 41 1.440875 6.609062 47.887630 0.830486 -0.442783 -0.337989 0.257813 0.703125
 17 0.625289 2.821862 53.071842 0.508480 -0.600726 -0.616908 0.292969 0.851563
hair1.bmp
 17 2.938843 2.788909 60.379765 0.758620 0.352121 0.548185 0.683594 0.812500
 17 3.396623 3.531776 58.228928 0.822368 0.525040 0.219190 0.648438 0.707031
 17 1.248591 4.453538 60.439430 0.308763 0.765896 0.563976 0.589844 0.835938
hair1.bmp
 17 2.938843 2.788909 60.379765 0.758620 0.352121 0.548185 0.683594 0.812500
 17 4.088824 1.933221 57.628864 0.959032 0.183530 0.215811 0.710938 0.679688
 17 3.396623 3.531776 58.228928 0.822368 0.525040 0.219190 0.648438 0.707031
hair1.bmp
 17 2.938843 2.788909 60.379765 0.758620 0.352121 0.548185 0.683594 0.812500
 17 3.693016 0.769861 59.236885 0.919941 -0.242092 0.308384 0.785156 0.761719
 17 4.088824 1.933221 57.628864 0.959032 0.183530 0.215811 0.710938 0.679688
hair1.bmp
 17 2.938843 2.788909 60.379765 0.758620 0.352121 0.548185 0.683594 0.812500
 17 2.385804 1.722517 61.222294 0.621564 0.046228 0.781998 0.722656 0.863281
 17 3.693016 0.769861 59.236885 0.919941 -0.242092 0.308384 0.785156 0.761719
hair1.bmp
 17 2.938843 2.788909 60.379765 0.758620 0.352121 0.548185 0.683594 0.812500
 17 1.004038 2.895097 61.702583 0.226798 0.333684 0.914996 0.636719 0.902344
 17 2.385804 1.722517 61.222294 0.621564 0.046228 0.781998 0.722656 0.863281
hair1.bmp
 17 2.938843 2.788909 60.379765 0.758620 0.352121 0.548185 0.683594 0.812500
 17 1.248591 4.453538 60.439430 0.308763 0.765896 0.563976 0.589844 0.835938
 17 1.004038 2.895097 61.702583 0.226798 0.333684 0.914996 0.636719 0.902344
hair1.bmp
 17 2.428158 -0.265198 60.580345 0.731637 -0.387813 0.560632 0.828125 0.855469
 17 1.594661 0.353733 61.542171 0.414199 -0.202408 0.887395 0.785156 0.906250
 17 1.257753 -1.688925 60.695915 0.415584 -0.640897 0.645400 0.878906 0.910156
hair1.bmp
 17 1.257753 -1.688925 60.695915 0.415584 -0.640897 0.645400 0.878906 0.910156
 17 1.594661 0.353733 61.542171 0.414199 -0.202408 0.887395 0.785156 0.906250
 17 -0.004436 -1.482996 61.297390 -0.026100 -0.571015 0.820525 0.867188 0.972656
hair1.bmp
 17 1.594661 0.353733 61.542171 0.414199 -0.202408 0.887395 0.785156 0.906250
 17 -0.016791 0.891110 61.937836 -0.026275 -0.067520 0.997372 0.722656 0.964844
 17 -0.004436 -1.482996 61.297390 -0.026100 -0.571015 0.820525 0.867188 0.972656
hair1.bmp
 17 -0.004436 -1.482996 61.297390 -0.026100 -0.571015 0.820525 0.867188 0.972656
 17 -0.016791 0.891110 61.937836 -0.026275 -0.067520 0.997372 0.722656 0.964844
 17 -1.814673 -0.061660 61.353497 -0.516627 -0.275842 0.810560 0.800781 0.898438
hair1.bmp
 17 -0.016791 0.891110 61.937836 -0.026275 -0.067520 0.997372 0.722656 0.964844
 17 -2.045085 1.829357 61.459175 -0.528393 0.115698 0.841079 0.714844 0.871094
 17 -1.814673 -0.061660 61.353497 -0.516627 -0.275842 0.810560 0.800781 0.898438
hair1.bmp
 17 -1.814673 -0.061660 61.353497 -0.516627 -0.275842 0.810560 0.800781 0.898438
 17 -2.045085 1.829357 61.459175 -0.528393 0.115698 0.841079 0.714844 0.871094
 17 -3.210872 1.702864 60.294212 -0.811424 0.082296 0.578635 0.734375 0.812500
hair1.bmp
 17 4.088824 1.933221 57.628864 0.959032 0.183530 0.215811 0.710938 0.679688
 17 3.693016 0.769861 59.236885 0.919941 -0.242092 0.308384 0.785156 0.761719
 17 4.800310 1.253853 54.461033 0.520181 -0.848913 -0.093588 0.765625 0.535156
hair1.bmp
 17 4.800310 1.253853 54.461033 0.520181 -0.848913 -0.093588 0.765625 0.535156
 17 3.693016 0.769861 59.236885 0.919941 -0.242092 0.308384 0.785156 0.761719
 17 4.061502 0.897004 56.893673 0.109237 -0.974869 -0.194161 0.757813 0.660156
hair1.bmp
 17 3.693016 0.769861 59.236885 0.919941 -0.242092 0.308384 0.785156 0.761719
 17 3.428365 0.751022 57.759251 0.656712 -0.714755 -0.240530 0.812500 0.699219
 17 4.061502 0.897004 56.893673 0.109237 -0.974869 -0.194161 0.757813 0.660156
hair1.bmp
 17 4.061502 0.897004 56.893673 0.109237 -0.974869 -0.194161 0.757813 0.660156
 17 3.428365 0.751022 57.759251 0.656712 -0.714755 -0.240530 0.812500 0.699219
 17 3.185675 1.765131 55.735966 0.078969 -0.960150 -0.268096 0.792969 0.617188
hair1.bmp
 17 3.428365 0.751022 57.759251 0.656712 -0.714755 -0.240530 0.812500 0.699219
 17 2.574572 1.272862 56.041454 0.611408 -0.667113 -0.425606 0.820313 0.589844
 17 3.185675 1.765131 55.735966 0.078969 -0.960150 -0.268096 0.792969 0.617188
hair1.bmp
 17 3.185675 1.765131 55.735966 0.078969 -0.960150 -0.268096 0.792969 0.617188
 17 2.574572 1.272862 56.041454 0.611408 -0.667113 -0.425606 0.820313 0.589844
 17 2.406509 1.348789 55.505833 0.367616 -0.907727 -0.202215 0.789063 0.558594
hair1.bmp
 17 2.633861 2.019425 53.473259 -0.014042 -0.891638 -0.452532 0.214844 0.871094
 17 3.743919 2.032825 53.459366 -0.021807 -0.952232 -0.304597 0.183594 0.863281
 17 2.406509 1.348789 55.505833 0.367616 -0.907727 -0.202215 0.207031 0.914063
hair1.bmp
 17 2.406509 1.348789 55.505833 0.367616 -0.907727 -0.202215 0.207031 0.914063
 17 3.743919 2.032825 53.459366 -0.021807 -0.952232 -0.304597 0.183594 0.863281
 17 3.185675 1.765131 55.735966 0.078969 -0.960150 -0.268096 0.175781 0.921875
hair1.bmp
 17 3.743919 2.032825 53.459366 -0.021807 -0.952232 -0.304597 0.183594 0.863281
 17 4.463814 2.017682 53.489727 -0.232997 -0.871452 -0.431605 0.171875 0.867188
 17 3.185675 1.765131 55.735966 0.078969 -0.960150 -0.268096 0.175781 0.921875
hair1.bmp
 17 3.185675 1.765131 55.735966 0.078969 -0.960150 -0.268096 0.175781 0.921875
 17 4.463814 2.017682 53.489727 -0.232997 -0.871452 -0.431605 0.171875 0.867188
 17 4.800310 1.253853 54.461033 0.520181 -0.848913 -0.093588 0.167969 0.886719
hair1.bmp
 17 4.463814 2.017682 53.489727 -0.232997 -0.871452 -0.431605 0.171875 0.867188
 41 7.244806 2.842235 49.588223 0.650699 -0.754404 0.086405 0.089844 0.738281
 17 4.800310 1.253853 54.461033 0.520181 -0.848913 -0.093588 0.167969 0.886719
hair1.bmp
 41 5.177072 6.370447 48.945412 0.150492 0.965876 0.210796 0.613281 0.164063
 41 5.789131 5.537587 48.381203 0.977990 -0.199291 -0.061799 0.558594 0.140625
 41 5.042993 6.268136 47.310982 -0.055190 0.955224 -0.290691 0.609375 0.097656
hair1.bmp
 41 5.177072 6.370447 48.945412 0.150492 0.965876 0.210796 0.613281 0.164063
 40 3.836438 3.239271 54.772163 0.747814 0.592006 0.300504 0.578125 0.441406
 41 5.789131 5.537587 48.381203 0.977990 -0.199291 -0.061799 0.558594 0.140625
hair1.bmp
 41 5.177072 6.370447 48.945412 0.150492 0.965876 0.210796 0.613281 0.164063
 40 3.096383 4.212422 54.781990 0.548116 0.770650 0.325065 0.617188 0.437500
 40 3.836438 3.239271 54.772163 0.747814 0.592006 0.300504 0.578125 0.441406
hair1.bmp
 41 5.177072 6.370447 48.945412 0.150492 0.965876 0.210796 0.613281 0.164063
 40 2.761683 3.662321 53.320290 -0.955022 0.273203 -0.115294 0.632813 0.386719
 40 3.096383 4.212422 54.781990 0.548116 0.770650 0.325065 0.617188 0.437500
hair1.bmp
 41 5.177072 6.370447 48.945412 0.150492 0.965876 0.210796 0.613281 0.164063
 41 5.042993 6.268136 47.310982 -0.055190 0.955224 -0.290691 0.609375 0.097656
 40 2.761683 3.662321 53.320290 -0.955022 0.273203 -0.115294 0.632813 0.386719
hair1.bmp
 38 -0.758524 4.218208 53.063709 0.976838 0.057740 0.206045 0.312500 0.386719
 39 -1.508403 7.412690 48.547539 0.529613 0.848218 0.006098 0.296875 0.160156
 38 -1.300820 5.405380 53.691914 0.529094 0.764179 0.368903 0.289063 0.394531
hair1.bmp
 38 -0.758524 4.218208 53.063709 0.976838 0.057740 0.206045 0.312500 0.386719
 38 -1.471890 4.263107 51.230137 0.685535 -0.497346 -0.531684 0.335938 0.312500
 39 -1.508403 7.412690 48.547539 0.529613 0.848218 0.006098 0.296875 0.160156
hair1.bmp
 38 -0.758524 4.218208 53.063709 0.976838 0.057740 0.206045 0.312500 0.386719
 17 -0.678415 1.325585 54.098495 0.104626 -0.856330 -0.505719 0.324219 0.441406
 38 -1.471890 4.263107 51.230137 0.685535 -0.497346 -0.531684 0.335938 0.312500
hair1.bmp
 38 -0.758524 4.218208 53.063709 0.976838 0.057740 0.206045 0.312500 0.386719
 38 -1.430513 4.007240 53.612640 -0.574794 0.079926 0.814386 0.308594 0.437500
 17 -0.678415 1.325585 54.098495 0.104626 -0.856330 -0.505719 0.324219 0.441406
hair1.bmp
 38 -0.758524 4.218208 53.063709 0.976838 0.057740 0.206045 0.312500 0.386719
 38 -1.300820 5.405380 53.691914 0.529094 0.764179 0.368903 0.289063 0.394531
 38 -1.430513 4.007240 53.612640 -0.574794 0.079926 0.814386 0.308594 0.437500
hair1.bmp
 41 7.286436 3.655327 49.135178 0.511984 0.832396 0.212107 0.902344 0.183594
 41 7.590691 3.175532 47.962776 0.881680 -0.463574 -0.087972 0.929688 0.136719
 41 7.481886 3.702628 47.630463 0.242686 0.935224 -0.257798 0.894531 0.128906
hair1.bmp
 41 7.286436 3.655327 49.135178 0.511984 0.832396 0.212107 0.902344 0.183594
 41 7.244806 2.842235 49.588223 0.650699 -0.754404 0.086405 0.941406 0.207031
 41 7.590691 3.175532 47.962776 0.881680 -0.463574 -0.087972 0.929688 0.136719
hair1.bmp
 41 7.286436 3.655327 49.135178 0.511984 0.832396 0.212107 0.902344 0.183594
 17 4.800310 1.253853 54.461033 0.520181 -0.848913 -0.093588 0.941406 0.441406
 41 7.244806 2.842235 49.588223 0.650699 -0.754404 0.086405 0.941406 0.207031
hair1.bmp
 41 7.286436 3.655327 49.135178 0.511984 0.832396 0.212107 0.902344 0.183594
 40 4.416511 2.572002 54.755821 0.835266 0.450616 0.315081 0.878906 0.437500
 17 4.800310 1.253853 54.461033 0.520181 -0.848913 -0.093588 0.941406 0.441406
hair1.bmp
 41 7.286436 3.655327 49.135178 0.511984 0.832396 0.212107 0.902344 0.183594
 41 7.481886 3.702628 47.630463 0.242686 0.935224 -0.257798 0.894531 0.128906
 40 4.416511 2.572002 54.755821 0.835266 0.450616 0.315081 0.878906 0.437500
hair1.bmp
 39 -7.308372 3.721326 48.543209 0.017093 0.981710 -0.189613 0.906250 0.164063
 17 -4.476016 2.124822 53.425854 0.161620 -0.895848 -0.413926 0.855469 0.417969
 39 -7.287970 3.283749 48.434078 0.776876 -0.597223 -0.199471 0.867188 0.156250
hair1.bmp
 39 -7.308372 3.721326 48.543209 0.017093 0.981710 -0.189613 0.906250 0.164063
 38 -4.434611 2.511143 54.744934 -0.848521 0.412611 0.331307 0.878906 0.437500
 17 -4.476016 2.124822 53.425854 0.161620 -0.895848 -0.413926 0.855469 0.417969
hair1.bmp
 39 -7.308372 3.721326 48.543209 0.017093 0.981710 -0.189613 0.906250 0.164063
 39 -7.639281 3.157407 48.796181 -0.916678 -0.398975 0.022810 0.921875 0.179688
 38 -4.434611 2.511143 54.744934 -0.848521 0.412611 0.331307 0.878906 0.437500
hair1.bmp
 39 -7.308372 3.721326 48.543209 0.017093 0.981710 -0.189613 0.906250 0.164063
 39 -7.150437 3.353241 46.353992 0.101192 -0.068802 -0.992485 0.906250 0.082031
 39 -7.639281 3.157407 48.796181 -0.916678 -0.398975 0.022810 0.921875 0.179688
hair1.bmp
 39 -7.308372 3.721326 48.543209 0.017093 0.981710 -0.189613 0.906250 0.164063
 39 -7.287970 3.283749 48.434078 0.776876 -0.597223 -0.199471 0.867188 0.156250
 39 -7.150437 3.353241 46.353992 0.101192 -0.068802 -0.992485 0.906250 0.082031
hair1.bmp
 38 -4.180888 3.326744 53.713955 -0.141866 0.945467 0.293201 0.800781 0.402344
 39 -6.231465 4.930390 49.394581 -0.155395 0.968475 0.194700 0.785156 0.187500
 38 -3.794774 3.357357 54.787724 -0.699399 0.577390 0.421262 0.781250 0.445313
hair1.bmp
 38 -3.794774 3.357357 54.787724 -0.699399 0.577390 0.421262 0.781250 0.445313
 39 -6.231465 4.930390 49.394581 -0.155395 0.968475 0.194700 0.785156 0.187500
 38 -4.434611 2.511143 54.744934 -0.848521 0.412611 0.331307 0.746094 0.449219
hair1.bmp
 39 -6.231465 4.930390 49.394581 -0.155395 0.968475 0.194700 0.785156 0.187500
 39 -6.829637 4.400845 48.890724 -0.996928 -0.069912 0.035309 0.738281 0.167969
 38 -4.434611 2.511143 54.744934 -0.848521 0.412611 0.331307 0.746094 0.449219
hair1.bmp
 38 -4.434611 2.511143 54.744934 -0.848521 0.412611 0.331307 0.746094 0.449219
 39 -6.829637 4.400845 48.890724 -0.996928 -0.069912 0.035309 0.738281 0.167969
 17 -4.476016 2.124822 53.425854 0.161620 -0.895848 -0.413926 0.722656 0.414063
hair1.bmp
 39 -6.829637 4.400845 48.890724 -0.996928 -0.069912 0.035309 0.738281 0.167969
 39 -6.200212 4.097937 49.051880 0.109689 -0.912985 -0.392972 0.718750 0.175781
 17 -4.476016 2.124822 53.425854 0.161620 -0.895848 -0.413926 0.722656 0.414063
hair1.bmp
 41 2.109236 6.038623 45.582573 -0.544050 -0.151972 -0.825175 0.449219 0.058594
 41 3.494638 6.796776 46.851810 0.083599 0.934801 -0.345194 0.425781 0.105469
 41 3.343401 5.891357 47.196404 -0.505429 -0.846175 0.168903 0.417969 0.078125
hair1.bmp
 41 3.343401 5.891357 47.196404 -0.505429 -0.846175 0.168903 0.417969 0.078125
 41 3.494638 6.796776 46.851810 0.083599 0.934801 -0.345194 0.425781 0.105469
 41 2.471476 4.604616 44.970276 -0.460081 -0.581258 -0.671167 0.382813 0.042969
hair1.bmp
 41 3.494638 6.796776 46.851810 0.083599 0.934801 -0.345194 0.425781 0.105469
 41 3.796861 6.327859 46.240192 0.491034 0.552615 -0.673426 0.394531 0.101563
 41 2.471476 4.604616 44.970276 -0.460081 -0.581258 -0.671167 0.382813 0.042969
hair1.bmp
 41 2.471476 4.604616 44.970276 -0.460081 -0.581258 -0.671167 0.382813 0.042969
 41 3.796861 6.327859 46.240192 0.491034 0.552615 -0.673426 0.394531 0.101563
 41 4.184690 5.660841 46.842999 0.855478 -0.515079 -0.053398 0.382813 0.113281
hair1.bmp
 41 3.796861 6.327859 46.240192 0.491034 0.552615 -0.673426 0.394531 0.101563
 41 4.415565 5.878383 49.362160 0.988425 -0.136068 -0.067087 0.398438 0.203125
 41 4.184690 5.660841 46.842999 0.855478 -0.515079 -0.053398 0.382813 0.113281
hair1.bmp
 39 -3.263250 5.990587 47.127033 0.281623 -0.958291 -0.048660 0.187500 0.652344
 39 -4.150570 5.787961 46.386284 -0.821883 -0.332812 -0.462326 0.167969 0.652344
 39 -2.435308 4.555460 44.941322 0.425022 -0.594180 -0.682866 0.199219 0.621094
hair1.bmp
 39 -3.263250 5.990587 47.127033 0.281623 -0.958291 -0.048660 0.187500 0.652344
 39 -4.341691 5.804379 49.457050 -0.918249 -0.394978 -0.028493 0.167969 0.726563
 39 -4.150570 5.787961 46.386284 -0.821883 -0.332812 -0.462326 0.167969 0.652344
hair1.bmp
 39 -3.263250 5.990587 47.127033 0.281623 -0.958291 -0.048660 0.187500 0.652344
 39 -3.060623 5.624068 49.165070 -0.166309 -0.908821 -0.382603 0.203125 0.730469
 39 -4.341691 5.804379 49.457050 -0.918249 -0.394978 -0.028493 0.167969 0.726563
hair1.bmp
 39 -3.263250 5.990587 47.127033 0.281623 -0.958291 -0.048660 0.187500 0.652344
 39 -2.460353 6.439904 46.326797 0.846383 0.531443 0.034709 0.207031 0.644531
 39 -3.060623 5.624068 49.165070 -0.166309 -0.908821 -0.382603 0.203125 0.730469
hair1.bmp
 39 -3.263250 5.990587 47.127033 0.281623 -0.958291 -0.048660 0.187500 0.652344
 39 -2.067045 5.943602 45.415924 0.554972 -0.285069 -0.781499 0.207031 0.625000
 39 -2.460353 6.439904 46.326797 0.846383 0.531443 0.034709 0.207031 0.644531
hair1.bmp
 40 1.026433 5.261530 54.760029 0.939112 -0.343377 0.012704 0.023438 0.718750
 40 1.207377 6.344447 51.734592 -0.722486 0.332697 0.606074 0.023438 0.597656
 40 0.903184 5.902060 52.893497 -0.947950 0.251275 -0.195581 0.023438 0.656250
hair1.bmp
 40 1.026433 5.261530 54.760029 0.939112 -0.343377 0.012704 0.023438 0.718750
 40 1.092404 5.690483 53.110134 0.348418 -0.884067 -0.311496 0.023438 0.664063
 40 1.207377 6.344447 51.734592 -0.722486 0.332697 0.606074 0.023438 0.597656
hair1.bmp
 40 1.026433 5.261530 54.760029 0.939112 -0.343377 0.012704 0.023438 0.718750
 40 0.966723 5.103068 54.680500 0.903593 -0.427403 -0.029099 0.023438 0.753906
 40 1.092404 5.690483 53.110134 0.348418 -0.884067 -0.311496 0.023438 0.664063
hair1.bmp
 40 1.026433 5.261530 54.760029 0.939112 -0.343377 0.012704 0.023438 0.718750
 17 0.764224 5.058857 58.880238 -0.097470 -0.058488 0.993518 0.023438 0.933594
 40 0.966723 5.103068 54.680500 0.903593 -0.427403 -0.029099 0.023438 0.753906
hair1.bmp
 40 1.026433 5.261530 54.760029 0.939112 -0.343377 0.012704 0.023438 0.718750
 40 0.832680 5.207099 55.796078 -0.898291 0.436184 0.053080 0.023438 0.777344
 17 0.764224 5.058857 58.880238 -0.097470 -0.058488 0.993518 0.023438 0.933594
hair1.bmp
 41 4.667103 5.222881 48.940323 -0.446529 -0.740208 -0.502697 0.160156 0.714844
 41 5.789131 5.537587 48.381203 0.977990 -0.199291 -0.061799 0.128906 0.707031
 17 2.633861 2.019425 53.473259 -0.014042 -0.891638 -0.452532 0.214844 0.871094
hair1.bmp
 41 4.667103 5.222881 48.940323 -0.446529 -0.740208 -0.502697 0.160156 0.714844
 41 5.197073 5.332273 46.188076 0.757438 -0.073073 -0.648805 0.128906 0.660156
 41 5.789131 5.537587 48.381203 0.977990 -0.199291 -0.061799 0.128906 0.707031
hair1.bmp
 41 4.667103 5.222881 48.940323 -0.446529 -0.740208 -0.502697 0.160156 0.714844
 41 4.658210 5.012378 45.874557 -0.225526 -0.550654 -0.803690 0.152344 0.632813
 41 5.197073 5.332273 46.188076 0.757438 -0.073073 -0.648805 0.128906 0.660156
hair1.bmp
 41 4.667103 5.222881 48.940323 -0.446529 -0.740208 -0.502697 0.160156 0.714844
 41 4.527161 5.427925 46.162216 -0.737286 0.447384 -0.506218 0.160156 0.640625
 41 4.658210 5.012378 45.874557 -0.225526 -0.550654 -0.803690 0.152344 0.632813
hair1.bmp
 41 1.188023 7.911008 48.669617 0.600391 0.796866 0.067350 0.132813 0.195313
 41 1.440875 6.609062 47.887630 0.830486 -0.442783 -0.337989 0.085938 0.175781
 41 0.746456 7.353938 46.342625 0.564890 0.603108 -0.563170 0.132813 0.113281
hair1.bmp
 41 1.188023 7.911008 48.669617 0.600391 0.796866 0.067350 0.132813 0.195313
 40 1.420439 3.884759 53.660275 0.660284 -0.297916 0.689399 0.097656 0.449219
 41 1.440875 6.609062 47.887630 0.830486 -0.442783 -0.337989 0.085938 0.175781
hair1.bmp
 41 1.188023 7.911008 48.669617 0.600391 0.796866 0.067350 0.132813 0.195313
 40 0.807035 5.189666 54.593895 0.150493 0.965875 0.210801 0.128906 0.453125
 40 1.420439 3.884759 53.660275 0.660284 -0.297916 0.689399 0.097656 0.449219
hair1.bmp
 41 1.188023 7.911008 48.669617 0.600391 0.796866 0.067350 0.132813 0.195313
 38 -1.024058 5.071630 54.587971 -0.219779 0.959615 0.175602 0.117188 0.457031
 40 0.807035 5.189666 54.593895 0.150493 0.965875 0.210801 0.128906 0.453125
hair1.bmp
 17 3.743919 2.032825 53.459366 -0.021807 -0.952232 -0.304597 0.714844 0.394531
 41 6.236663 4.042484 49.068943 -0.312876 -0.875481 -0.368297 0.710938 0.214844
 17 4.463814 2.017682 53.489727 -0.232997 -0.871452 -0.431605 0.718750 0.441406
hair1.bmp
 17 4.463814 2.017682 53.489727 -0.232997 -0.871452 -0.431605 0.718750 0.441406
 41 6.236663 4.042484 49.068943 -0.312876 -0.875481 -0.368297 0.710938 0.214844
 40 4.416511 2.572002 54.755821 0.835266 0.450616 0.315081 0.746094 0.449219
hair1.bmp
 41 6.236663 4.042484 49.068943 -0.312876 -0.875481 -0.368297 0.710938 0.214844
 41 6.857636 4.345203 48.800510 0.970447 -0.182405 0.157990 0.738281 0.164063
 40 4.416511 2.572002 54.755821 0.835266 0.450616 0.315081 0.746094 0.449219
hair1.bmp
 40 4.416511 2.572002 54.755821 0.835266 0.450616 0.315081 0.746094 0.449219
 41 6.857636 4.345203 48.800510 0.970447 -0.182405 0.157990 0.738281 0.164063
 40 3.836438 3.239271 54.772163 0.747814 0.592006 0.300504 0.792969 0.437500
hair1.bmp
 41 3.015753 6.659997 49.304657 0.944420 0.320305 0.073997 0.226563 0.199219
 40 2.146690 4.644260 54.693676 0.312493 0.918208 0.243396 0.242188 0.437500
 40 2.350146 3.433236 53.744976 0.325172 -0.520077 0.789799 0.222656 0.429688
hair1.bmp
 41 3.015753 6.659997 49.304657 0.944420 0.320305 0.073997 0.226563 0.199219
 40 1.310020 5.399229 53.769768 -0.277482 0.934878 0.221377 0.289063 0.398438
 40 2.146690 4.644260 54.693676 0.312493 0.918208 0.243396 0.242188 0.437500
hair1.bmp
 41 3.015753 6.659997 49.304657 0.944420 0.320305 0.073997 0.226563 0.199219
 41 1.897030 7.516189 48.946613 -0.108472 0.966527 0.232506 0.285156 0.164063
 40 1.310020 5.399229 53.769768 -0.277482 0.934878 0.221377 0.289063 0.398438
hair1.bmp
 41 3.015753 6.659997 49.304657 0.944420 0.320305 0.073997 0.226563 0.199219
 41 2.601120 7.170647 47.820133 0.786741 0.558961 -0.261919 0.238281 0.136719
 41 1.897030 7.516189 48.946613 -0.108472 0.966527 0.232506 0.285156 0.164063
hair1.bmp
 41 3.058048 5.808228 48.674023 0.058932 -0.898500 -0.435000 0.484375 0.195313
 17 1.884978 2.339048 53.162270 -0.004504 -0.778045 -0.628193 0.507813 0.429688
 41 2.951618 6.473640 47.685844 -0.936194 0.351364 0.009211 0.476563 0.144531
hair1.bmp
 41 2.951618 6.473640 47.685844 -0.936194 0.351364 0.009211 0.476563 0.144531
 17 1.884978 2.339048 53.162270 -0.004504 -0.778045 -0.628193 0.507813 0.429688
 40 1.852644 4.106347 53.051422 -0.957161 0.192327 0.216455 0.484375 0.410156
hair1.bmp
 17 1.884978 2.339048 53.162270 -0.004504 -0.778045 -0.628193 0.507813 0.429688
 40 2.350146 3.433236 53.744976 0.325172 -0.520077 0.789799 0.488281 0.468750
 40 1.852644 4.106347 53.051422 -0.957161 0.192327 0.216455 0.484375 0.410156
hair1.bmp
 40 1.852644 4.106347 53.051422 -0.957161 0.192327 0.216455 0.484375 0.410156
 40 2.350146 3.433236 53.744976 0.325172 -0.520077 0.789799 0.488281 0.468750
 40 2.146690 4.644260 54.693676 0.312493 0.918208 0.243396 0.472656 0.468750
hair1.bmp
 17 0.984184 5.117913 58.891659 0.150521 0.965875 0.210782 0.539063 0.753906
 17 -0.004433 5.094833 58.507988 -0.013508 0.992645 0.120305 0.496094 0.746094
 17 -1.231730 4.406269 60.523560 -0.319686 0.739460 0.592452 0.582031 0.832031
hair1.bmp
 17 0.984184 5.117913 58.891659 0.150521 0.965875 0.210782 0.539063 0.753906
 40 0.807035 5.189666 54.593895 0.150493 0.965875 0.210801 0.472656 0.574219
 17 -0.004433 5.094833 58.507988 -0.013508 0.992645 0.120305 0.496094 0.746094
hair1.bmp
 17 0.984184 5.117913 58.891659 0.150521 0.965875 0.210782 0.539063 0.753906
 40 2.146690 4.644260 54.693676 0.312493 0.918208 0.243396 0.523438 0.562500
 40 0.807035 5.189666 54.593895 0.150493 0.965875 0.210801 0.472656 0.574219
hair1.bmp
 17 0.984184 5.117913 58.891659 0.150521 0.965875 0.210782 0.539063 0.753906
 40 3.096383 4.212422 54.781990 0.548116 0.770650 0.325065 0.570313 0.550781
 40 2.146690 4.644260 54.693676 0.312493 0.918208 0.243396 0.523438 0.562500
hair1.bmp
 40 4.232311 4.141427 53.147633 0.916696 0.034302 0.398110 0.023438 0.710938
 40 4.242529 4.091228 53.087837 0.905922 -0.234189 0.352791 0.023438 0.710938
 40 4.595057 4.491535 52.388924 0.890206 -0.305883 0.337594 0.023438 0.675781
hair1.bmp
 40 4.232311 4.141427 53.147633 0.916696 0.034302 0.398110 0.023438 0.710938
 40 3.808028 3.725023 54.331100 0.605504 0.669811 0.429788 0.023438 0.773438
 40 4.242529 4.091228 53.087837 0.905922 -0.234189 0.352791 0.023438 0.710938
hair1.bmp
 40 4.232311 4.141427 53.147633 0.916696 0.034302 0.398110 0.023438 0.710938
 40 3.889924 3.971809 53.806801 0.446106 0.783055 0.433375 0.023438 0.742188
 40 3.808028 3.725023 54.331100 0.605504 0.669811 0.429788 0.023438 0.773438
hair1.bmp
 40 4.232311 4.141427 53.147633 0.916696 0.034302 0.398110 0.023438 0.710938
 40 4.424562 4.517725 52.525105 -0.193592 0.899675 0.391290 0.023438 0.675781
 40 3.889924 3.971809 53.806801 0.446106 0.783055 0.433375 0.023438 0.742188
hair1.bmp
 17 -1.597544 1.683792 53.854794 -0.116706 -0.858817 -0.498812 0.511719 0.468750
 39 -3.060623 5.624068 49.165070 0.987246 0.155763 -0.032906 0.488281 0.210938
 38 -1.888293 4.158151 52.998016 0.984775 0.173393 0.012395 0.484375 0.406250
hair1.bmp
 38 -1.888293 4.158151 52.998016 0.984775 0.173393 0.012395 0.484375 0.406250
 39 -3.060623 5.624068 49.165070 0.987246 0.155763 -0.032906 0.488281 0.210938
 39 -3.211385 6.602954 49.371117 0.511977 0.832398 0.212116 0.460938 0.199219
hair1.bmp
 39 -3.060623 5.624068 49.165070 0.987246 0.155763 -0.032906 0.488281 0.210938
 39 -2.460353 6.439904 46.326797 0.846383 0.531443 0.034709 0.468750 0.093750
 39 -3.211385 6.602954 49.371117 0.511977 0.832398 0.212116 0.460938 0.199219
hair1.bmp
 39 -4.377820 4.755284 45.630684 0.338327 -0.444608 -0.829372 0.160156 0.628906
 39 -4.887534 5.533025 48.308910 0.793403 -0.561210 -0.235703 0.156250 0.695313
 39 -5.806929 5.572954 48.140038 -0.979114 -0.199007 -0.041629 0.136719 0.726563
hair1.bmp
 39 -5.806929 5.572954 48.140038 -0.979114 -0.199007 -0.041629 0.136719 0.726563
 39 -4.887534 5.533025 48.308910 0.793403 -0.561210 -0.235703 0.156250 0.695313
 17 -3.505982 1.953981 53.418949 -0.059710 -0.944899 -0.321870 0.191406 0.867188
hair1.bmp
 39 -4.887534 5.533025 48.308910 0.793403 -0.561210 -0.235703 0.156250 0.695313
 17 -2.526361 1.904993 53.525448 0.058852 -0.898508 -0.434994 0.214844 0.875000
 17 -3.505982 1.953981 53.418949 -0.059710 -0.944899 -0.321870 0.191406 0.867188
hair1.bmp
 39 -0.969379 7.933749 48.815960 -0.532227 0.840111 0.104634 0.136719 0.199219
 39 -0.780469 7.370182 46.357994 -0.560968 0.621891 -0.546412 0.136719 0.109375
 39 -1.426233 6.585135 47.951885 -0.863865 -0.401506 -0.304188 0.082031 0.171875
hair1.bmp
 39 -1.426233 6.585135 47.951885 -0.863865 -0.401506 -0.304188 0.082031 0.171875
 39 -0.780469 7.370182 46.357994 -0.560968 0.621891 -0.546412 0.136719 0.109375
 39 -0.800761 6.704881 46.441441 -0.700889 -0.652317 -0.288508 0.109375 0.109375
hair1.bmp
 39 -0.780469 7.370182 46.357994 -0.560968 0.621891 -0.546412 0.136719 0.109375
 39 -0.016379 6.028255 45.235363 0.036008 -0.641091 -0.766620 0.152344 0.050781
 39 -0.800761 6.704881 46.441441 -0.700889 -0.652317 -0.288508 0.109375 0.109375
hair1.bmp
 38 -1.025992 3.347533 52.367588 -0.569310 -0.655109 -0.496707 0.269531 0.839844
 17 0.625289 2.821862 53.071842 0.508480 -0.600726 -0.616908 0.292969 0.851563
 17 -0.678415 1.325585 54.098495 -0.271180 -0.551997 -0.788518 0.269531 0.914063
hair1.bmp
 17 -0.678415 1.325585 54.098495 -0.271180 -0.551997 -0.788518 0.269531 0.914063
 17 0.625289 2.821862 53.071842 0.508480 -0.600726 -0.616908 0.292969 0.851563
 17 -0.028224 1.253941 54.047314 -0.000004 -0.503005 -0.864284 0.300781 0.914063
hair1.bmp
 17 0.625289 2.821862 53.071842 0.508480 -0.600726 -0.616908 0.292969 0.851563
 17 0.631522 1.353360 54.118393 0.084566 -0.737976 -0.669507 0.273438 0.914063
 17 -0.028224 1.253941 54.047314 -0.000004 -0.503005 -0.864284 0.300781 0.914063
hair1.bmp
 38 -3.084721 4.153374 54.770931 -0.586816 0.739601 0.329603 0.566406 0.554688
 17 -2.722295 4.396953 57.915371 -0.635988 0.762084 0.121442 0.605469 0.707031
 38 -2.194556 4.670276 54.724899 -0.387976 0.884186 0.260173 0.527344 0.562500
hair1.bmp
 38 -2.194556 4.670276 54.724899 -0.387976 0.884186 0.260173 0.527344 0.562500
 17 -2.722295 4.396953 57.915371 -0.635988 0.762084 0.121442 0.605469 0.707031
 38 -1.024058 5.071630 54.587971 -0.219779 0.959615 0.175602 0.480469 0.570313
hair1.bmp
 17 -2.722295 4.396953 57.915371 -0.635988 0.762084 0.121442 0.605469 0.707031
 17 -1.186366 5.079708 59.039501 -0.212195 0.946394 0.243540 0.546875 0.761719
 38 -1.024058 5.071630 54.587971 -0.219779 0.959615 0.175602 0.480469 0.570313
hair1.bmp
 39 -5.591109 6.279258 46.530426 -0.023501 -0.675699 -0.736803 0.023438 0.390625
 39 -5.926005 6.340789 47.881481 0.598979 0.764795 0.237303 0.023438 0.453125
 39 -5.711943 6.481822 46.759480 -0.662867 0.709882 -0.238066 0.023438 0.402344
hair1.bmp
 39 -5.711943 6.481822 46.759480 -0.662867 0.709882 -0.238066 0.023438 0.402344
 39 -5.926005 6.340789 47.881481 0.598979 0.764795 0.237303 0.023438 0.453125
 39 -5.857813 6.403430 48.380707 -0.503652 0.823477 0.261190 0.023438 0.476563
hair1.bmp
 39 -5.926005 6.340789 47.881481 0.598979 0.764795 0.237303 0.023438 0.453125
 39 -5.623226 5.910690 49.877964 -0.986318 -0.075199 -0.146703 0.023438 0.550781
 39 -5.857813 6.403430 48.380707 -0.503652 0.823477 0.261190 0.023438 0.476563
hair1.bmp
 38 -1.994206 4.972414 54.627571 0.571016 -0.802690 -0.172131 0.023438 0.781250
 38 -2.309268 5.350015 53.261719 -0.376800 -0.870402 -0.316895 0.023438 0.687500
 38 -2.032837 5.070994 54.248905 -0.864093 -0.169305 0.474004 0.023438 0.753906
hair1.bmp
 38 -2.032837 5.070994 54.248905 -0.864093 -0.169305 0.474004 0.023438 0.753906
 38 -2.309268 5.350015 53.261719 -0.376800 -0.870402 -0.316895 0.023438 0.687500
 39 -2.593601 7.052200 49.982525 0.856550 0.504809 0.107190 0.023438 0.515625
hair1.bmp
 38 -2.309268 5.350015 53.261719 -0.376800 -0.870402 -0.316895 0.023438 0.687500
 39 -2.734256 6.877226 50.163910 -0.758394 -0.615241 -0.215215 0.023438 0.527344
 39 -2.593601 7.052200 49.982525 0.856550 0.504809 0.107190 0.023438 0.515625
hair1.bmp
 41 7.590691 3.175532 47.962776 0.881680 -0.463574 -0.087972 0.074219 0.656250
 41 7.244806 2.842235 49.588223 0.650699 -0.754404 0.086405 0.089844 0.738281
 41 7.126275 3.249591 46.419846 -0.214200 -0.084318 -0.973144 0.085938 0.640625
hair1.bmp
 41 7.126275 3.249591 46.419846 -0.214200 -0.084318 -0.973144 0.085938 0.640625
 41 7.244806 2.842235 49.588223 0.650699 -0.754404 0.086405 0.089844 0.738281
 41 7.481886 3.702628 47.630463 0.242686 0.935224 -0.257798 0.097656 0.714844
hair1.bmp
 41 7.244806 2.842235 49.588223 0.650699 -0.754404 0.086405 0.089844 0.738281
 17 4.463814 2.017682 53.489727 -0.232997 -0.871452 -0.431605 0.171875 0.867188
 41 7.481886 3.702628 47.630463 0.242686 0.935224 -0.257798 0.097656 0.714844
hair1.bmp
 41 1.440875 6.609062 47.887630 0.830486 -0.442783 -0.337989 0.085938 0.175781
 40 1.420439 3.884759 53.660275 0.660284 -0.297916 0.689399 0.097656 0.449219
 17 0.625289 2.821862 53.071842 0.508480 -0.600726 -0.616908 0.074219 0.343750
hair1.bmp
 17 0.625289 2.821862 53.071842 0.508480 -0.600726 -0.616908 0.074219 0.343750
 40 1.420439 3.884759 53.660275 0.660284 -0.297916 0.689399 0.097656 0.449219
 17 0.631522 1.353360 54.118393 0.084566 -0.737976 -0.669507 0.074219 0.457031
hair1.bmp
 40 3.096383 4.212422 54.781990 0.548116 0.770650 0.325065 0.425781 0.472656
 40 3.259357 2.896102 53.966614 0.697094 -0.508072 0.505887 0.398438 0.464844
 41 4.415565 5.878383 49.362160 0.988425 -0.136068 -0.067087 0.398438 0.203125
hair1.bmp
 41 4.415565 5.878383 49.362160 0.988425 -0.136068 -0.067087 0.398438 0.203125
 40 3.259357 2.896102 53.966614 0.697094 -0.508072 0.505887 0.398438 0.464844
 17 2.633861 2.019425 53.473259 -0.014042 -0.891638 -0.452532 0.378906 0.449219
hair1.bmp
 38 -3.794774 3.357357 54.787724 -0.699399 0.577390 0.421262 0.578125 0.437500
 39 -5.806929 5.572954 48.140038 -0.979114 -0.199007 -0.041629 0.558594 0.132813
 38 -4.180888 3.326744 53.713955 -0.141866 0.945467 0.293201 0.554688 0.425781
hair1.bmp
 38 -4.180888 3.326744 53.713955 -0.141866 0.945467 0.293201 0.554688 0.425781
 39 -5.806929 5.572954 48.140038 -0.979114 -0.199007 -0.041629 0.558594 0.132813
 17 -3.505982 1.953981 53.418949 -0.059710 -0.944899 -0.321870 0.535156 0.425781
hair1.bmp
 38 -2.194556 4.670276 54.724899 -0.387976 0.884186 0.260173 0.242188 0.437500
 38 -1.024058 5.071630 54.587971 -0.219779 0.959615 0.175602 0.289063 0.433594
 38 -1.300820 5.405380 53.691914 0.529094 0.764179 0.368903 0.289063 0.394531
hair1.bmp
 38 -1.300820 5.405380 53.691914 0.529094 0.764179 0.368903 0.289063 0.394531
 38 -1.024058 5.071630 54.587971 -0.219779 0.959615 0.175602 0.289063 0.433594
 38 -1.430513 4.007240 53.612640 -0.574794 0.079926 0.814386 0.308594 0.437500
hair1.bmp
 39 -6.200212 4.097937 49.051880 0.109689 -0.912985 -0.392972 0.812500 0.156250
 39 -5.888578 3.974823 45.840427 0.248668 -0.235780 -0.939453 0.800781 0.066406
 39 -6.326956 4.900357 48.149239 0.058009 0.995758 -0.071426 0.800781 0.140625
hair1.bmp
 39 -6.326956 4.900357 48.149239 0.058009 0.995758 -0.071426 0.800781 0.140625
 39 -5.888578 3.974823 45.840427 0.248668 -0.235780 -0.939453 0.800781 0.066406
 39 -6.612510 4.470546 46.922729 -0.814894 0.297587 -0.497383 0.765625 0.089844
hair1.bmp
 17 -2.526361 1.904993 53.525448 0.058852 -0.898508 -0.434994 0.378906 0.468750
 38 -3.252624 2.884903 54.196659 -0.599196 -0.529737 0.600286 0.398438 0.472656
 39 -4.341691 5.804379 49.457050 -0.918249 -0.394978 -0.028493 0.394531 0.226563
hair1.bmp
 39 -4.341691 5.804379 49.457050 -0.918249 -0.394978 -0.028493 0.394531 0.226563
 38 -3.252624 2.884903 54.196659 -0.599196 -0.529737 0.600286 0.398438 0.472656
 38 -3.084721 4.153374 54.770931 -0.586816 0.739601 0.329603 0.425781 0.472656
hair1.bmp
 41 0.390249 6.413744 45.298378 -0.638698 -0.270284 -0.720425 0.273438 0.628906
 41 1.917776 6.576022 45.983379 0.629702 -0.232629 -0.741188 0.230469 0.648438
 41 1.452626 6.411394 47.405045 -0.704266 -0.701549 -0.108806 0.257813 0.675781
hair1.bmp
 41 1.452626 6.411394 47.405045 -0.704266 -0.701549 -0.108806 0.257813 0.675781
 41 1.917776 6.576022 45.983379 0.629702 -0.232629 -0.741188 0.230469 0.648438
 41 2.583013 5.029073 50.066380 -0.016107 -0.859787 -0.510398 0.214844 0.761719
hair1.bmp
 38 -1.471890 4.263107 51.230137 0.685535 -0.497346 -0.531684 0.335938 0.312500
 39 -1.576514 6.123755 48.030907 0.626736 -0.756706 -0.186007 0.332031 0.156250
 39 -1.508403 7.412690 48.547539 0.529613 0.848218 0.006098 0.296875 0.160156
hair1.bmp
 39 -1.508403 7.412690 48.547539 0.529613 0.848218 0.006098 0.296875 0.160156
 39 -1.576514 6.123755 48.030907 0.626736 -0.756706 -0.186007 0.332031 0.156250
 39 -0.849794 7.241039 46.171940 0.505361 0.844155 -0.178920 0.296875 0.070313
hair1.bmp
 17 -4.476016 2.124822 53.425854 0.161620 -0.895848 -0.413926 0.175781 0.867188
 39 -6.200212 4.097937 49.051880 0.109689 -0.912985 -0.392972 0.113281 0.714844
 17 -3.505982 1.953981 53.418949 -0.059710 -0.944899 -0.321870 0.191406 0.867188
hair1.bmp
 17 -3.505982 1.953981 53.418949 -0.059710 -0.944899 -0.321870 0.191406 0.867188
 39 -6.200212 4.097937 49.051880 0.109689 -0.912985 -0.392972 0.113281 0.714844
 39 -6.326956 4.900357 48.149239 0.058009 0.995758 -0.071426 0.136719 0.738281
hair1.bmp
 41 3.058048 5.808228 48.674023 0.058932 -0.898500 -0.435000 0.203125 0.718750
 41 2.951618 6.473640 47.685844 -0.936194 0.351364 0.009211 0.203125 0.660156
 41 3.343401 5.891357 47.196404 -0.505429 -0.846175 0.168903 0.175781 0.664063
hair1.bmp
 41 3.343401 5.891357 47.196404 -0.505429 -0.846175 0.168903 0.175781 0.664063
 41 2.951618 6.473640 47.685844 -0.936194 0.351364 0.009211 0.203125 0.660156
 41 2.109236 6.038623 45.582573 -0.544050 -0.151972 -0.825175 0.207031 0.628906
hair1.bmp
 17 1.004038 2.895097 61.702583 0.226798 0.333684 0.914996 0.636719 0.902344
 17 -1.231730 4.406269 60.523560 -0.319686 0.739460 0.592452 0.582031 0.832031
 17 -1.315307 3.038738 61.516823 -0.350518 0.385846 0.853382 0.636719 0.890625
hair1.bmp
 17 -1.315307 3.038738 61.516823 -0.350518 0.385846 0.853382 0.636719 0.890625
 17 -1.231730 4.406269 60.523560 -0.319686 0.739460 0.592452 0.582031 0.832031
 17 -3.326334 3.341805 59.034077 -0.809599 0.472703 0.347996 0.667969 0.750000
hair1.bmp
 17 2.794551 0.143220 56.052395 0.915404 -0.105803 -0.388383 0.914063 0.625000
 17 2.992989 0.441864 56.482784 0.958502 0.010301 -0.284901 0.886719 0.617188
 17 2.933231 0.189513 56.416847 0.941911 -0.152401 -0.299295 0.910156 0.644531
hair1.bmp
 17 2.933231 0.189513 56.416847 0.941911 -0.152401 -0.299295 0.910156 0.644531
 17 2.992989 0.441864 56.482784 0.958502 0.010301 -0.284901 0.886719 0.617188
 17 3.078075 -0.687065 57.844723 0.939095 -0.343423 0.012687 0.890625 0.734375
hair1.bmp
 41 5.930952 6.339849 47.875771 0.840147 -0.542332 0.005399 0.023438 0.453125
 41 5.744484 6.342512 46.900154 -0.492683 0.843768 0.212883 0.023438 0.406250
 41 5.565813 6.449162 46.532593 0.505782 0.698997 -0.505558 0.023438 0.390625
hair1.bmp
 41 5.565813 6.449162 46.532593 0.505782 0.698997 -0.505558 0.023438 0.390625
 41 5.744484 6.342512 46.900154 -0.492683 0.843768 0.212883 0.023438 0.406250
 41 5.098284 6.002470 45.851063 -0.162208 -0.781305 -0.602703 0.023438 0.359375
hair1.bmp
 41 5.789131 5.537587 48.381203 0.977990 -0.199291 -0.061799 0.128906 0.707031
 17 3.743919 2.032825 53.459366 -0.021807 -0.952232 -0.304597 0.183594 0.863281
 17 2.633861 2.019425 53.473259 -0.014042 -0.891638 -0.452532 0.214844 0.871094
hair1.bmp
 17 3.185675 1.765131 55.735966 0.078969 -0.960150 -0.268096 0.175781 0.921875
 17 4.800310 1.253853 54.461033 0.520181 -0.848913 -0.093588 0.167969 0.886719
 17 4.061502 0.897004 56.893673 0.109237 -0.974869 -0.194161 0.183594 0.968750
hair1.bmp
 41 1.440875 6.609062 47.887630 0.830486 -0.442783 -0.337989 0.085938 0.175781
 41 0.686509 6.777007 46.330059 0.705698 -0.661307 -0.254291 0.105469 0.113281
 41 0.746456 7.353938 46.342625 0.564890 0.603108 -0.563170 0.132813 0.113281
hair1.bmp
 17 2.633861 2.019425 53.473259 -0.014042 -0.891638 -0.452532 0.214844 0.871094
 17 2.406509 1.348789 55.505833 0.367616 -0.907727 -0.202215 0.207031 0.914063
 17 0.631522 1.353360 54.118393 0.084566 -0.737976 -0.669507 0.273438 0.914063
hair1.bmp
 39 -4.341691 5.804379 49.457050 -0.918249 -0.394978 -0.028493 0.167969 0.726563
 39 -3.060623 5.624068 49.165070 -0.166309 -0.908821 -0.382603 0.203125 0.730469
 17 -2.526361 1.904993 53.525448 0.058852 -0.898508 -0.434994 0.214844 0.875000
hair1.bmp
 41 5.042993 6.268136 47.310982 -0.055190 0.955224 -0.290691 0.609375 0.097656
 41 5.789131 5.537587 48.381203 0.977990 -0.199291 -0.061799 0.558594 0.140625
 41 5.197073 5.332273 46.188076 0.757438 -0.073073 -0.648805 0.570313 0.054688
hair1.bmp
 41 7.481886 3.702628 47.630463 0.242686 0.935224 -0.257798 0.894531 0.128906
 41 7.590691 3.175532 47.962776 0.881680 -0.463574 -0.087972 0.929688 0.136719
 41 7.126275 3.249591 46.419846 -0.214200 -0.084318 -0.973144 0.906250 0.070313
hair1.bmp
 38 -4.180888 3.326744 53.713955 -0.141866 0.945467 0.293201 0.800781 0.402344
 38 -3.817676 3.140855 52.828335 0.879166 0.459666 -0.125595 0.808594 0.375000
 39 -6.231465 4.930390 49.394581 -0.155395 0.968475 0.194700 0.785156 0.187500
hair1.bmp
 41 1.917776 6.576022 45.983379 0.629702 -0.232629 -0.741188 0.230469 0.078125
 41 0.390249 6.413744 45.298378 -0.638698 -0.270284 -0.720425 0.238281 0.035156
 41 0.976221 7.372843 46.407822 -0.516707 0.831563 -0.203758 0.273438 0.074219
hair1.bmp
 39 -2.868117 6.002919 48.471882 -0.838713 -0.410291 -0.358081 0.214844 0.179688
 17 -1.597544 1.683792 53.854794 -0.116706 -0.858817 -0.498812 0.207031 0.445313
 38 -2.361128 3.447635 53.782932 -0.460962 -0.282412 0.841283 0.222656 0.433594
hair1.bmp
 41 3.494638 6.796776 46.851810 0.083599 0.934801 -0.345194 0.425781 0.105469
 41 2.109236 6.038623 45.582573 -0.544050 -0.151972 -0.825175 0.464844 0.062500
 41 2.951618 6.473640 47.685844 -0.936194 0.351364 0.009211 0.476563 0.144531
hair1.bmp
 17 3.743919 2.032825 53.459366 -0.021807 -0.952232 -0.304597 0.535156 0.429688
 41 5.789131 5.537587 48.381203 0.977990 -0.199291 -0.061799 0.558594 0.140625
 40 3.836438 3.239271 54.772163 0.747814 0.592006 0.300504 0.578125 0.441406
hair1.bmp
 39 -5.028392 6.435935 48.541965 0.106114 0.989094 0.102137 0.621094 0.148438
 38 -3.084721 4.153374 54.770931 -0.586816 0.739601 0.329603 0.617188 0.437500
 38 -2.739277 3.600525 53.270557 0.952614 0.285852 -0.104001 0.632813 0.386719
hair1.bmp
 41 7.481886 3.702628 47.630463 0.242686 0.935224 -0.257798 0.894531 0.128906
 17 4.463814 2.017682 53.489727 -0.232997 -0.871452 -0.431605 0.843750 0.417969
 40 4.416511 2.572002 54.755821 0.835266 0.450616 0.315081 0.878906 0.437500
hair1.bmp
 17 -4.819699 1.250168 54.445885 -0.515328 -0.855116 -0.056691 0.945313 0.445313
 38 -4.434611 2.511143 54.744934 -0.848521 0.412611 0.331307 0.878906 0.437500
 39 -7.639281 3.157407 48.796181 -0.916678 -0.398975 0.022810 0.921875 0.179688
hair1.bmp
 40 0.807035 5.189666 54.593895 0.150493 0.965875 0.210801 0.289063 0.433594
 40 2.146690 4.644260 54.693676 0.312493 0.918208 0.243396 0.242188 0.437500
 40 1.310020 5.399229 53.769768 -0.277482 0.934878 0.221377 0.289063 0.398438
hair1.bmp
 40 3.905424 2.842025 52.292881 -0.886895 -0.103069 -0.450327 0.164063 0.800781
 41 6.236663 4.042484 49.068943 -0.312876 -0.875481 -0.368297 0.117188 0.718750
 17 3.743919 2.032825 53.459366 -0.021807 -0.952232 -0.304597 0.183594 0.863281
hair1.bmp
 39 -0.016379 6.028255 45.235363 0.036008 -0.641091 -0.766620 0.304688 0.625000
 41 0.686509 6.777007 46.330059 0.705698 -0.661307 -0.254291 0.289063 0.652344
 39 -0.800761 6.704881 46.441441 -0.700889 -0.652317 -0.288508 0.285156 0.648438
hair1.bmp
 41 5.828501 4.010488 45.800152 -0.268123 -0.196813 -0.943067 0.117188 0.636719
 41 6.857636 4.345203 48.800510 0.970447 -0.182405 0.157990 0.097656 0.656250
 41 6.236663 4.042484 49.068943 -0.312876 -0.875481 -0.368297 0.117188 0.718750
hair1.bmp
 39 -0.386694 6.449684 45.320000 0.610133 -0.261522 -0.747893 0.277344 0.625000
 39 -0.849794 7.241039 46.171940 0.505361 0.844155 -0.178920 0.265625 0.660156
 39 -1.576514 6.123755 48.030907 0.626736 -0.756706 -0.186007 0.250000 0.699219
hair1.bmp
 39 -2.089876 6.768811 46.194260 -0.770885 0.036791 -0.635911 0.230469 0.082031
 39 -0.849794 7.241039 46.171940 0.505361 0.844155 -0.178920 0.250000 0.066406
 39 -0.386694 6.449684 45.320000 0.610133 -0.261522 -0.747893 0.238281 0.035156
hair1.bmp
 17 -4.098779 0.900631 56.956242 -0.361112 -0.923626 -0.128504 0.183594 0.968750
 17 -4.819699 1.250168 54.445885 -0.515328 -0.855116 -0.056691 0.167969 0.886719
 17 -3.234390 1.759724 55.742245 -0.059710 -0.944899 -0.321870 0.175781 0.925781
hair1.bmp
 17 1.248591 4.453538 60.439430 0.308763 0.765896 0.563976 0.589844 0.835938
 17 3.396623 3.531776 58.228928 0.822368 0.525040 0.219190 0.648438 0.707031
 17 2.267029 4.700565 58.109974 0.520769 0.844640 0.124023 0.582031 0.710938
hair1.bmp
 17 -4.107968 2.333975 56.726368 -0.930947 0.329726 0.156902 0.691406 0.628906
 17 -3.924943 1.204312 58.657524 -0.956450 -0.130100 0.261301 0.757813 0.722656
 17 -3.326334 3.341805 59.034077 -0.809599 0.472703 0.347996 0.667969 0.750000
hair1.bmp
 17 -2.896437 0.244729 56.314240 -0.832812 -0.442499 -0.332595 0.910156 0.640625
 17 -3.051705 -0.627322 57.772327 -0.955521 -0.294209 -0.020498 0.894531 0.726563
 17 -3.036920 0.363038 56.446785 -0.931308 -0.125599 -0.341891 0.890625 0.617188
hair1.bmp
 17 0.764224 5.058857 58.880238 -0.097470 -0.058488 0.993518 0.023438 0.933594
 40 0.832680 5.207099 55.796078 -0.898291 0.436184 0.053080 0.023438 0.777344
 40 0.966723 5.103068 54.680500 0.903593 -0.427403 -0.029099 0.023438 0.753906
hair1.bmp
 40 4.858109 5.100868 51.544399 0.338577 0.815778 0.468906 0.023438 0.636719
 41 5.523865 5.987489 49.832867 -0.645088 0.762275 0.052905 0.023438 0.550781
 40 5.231728 5.575748 50.544003 -0.924360 -0.030791 -0.380277 0.023438 0.593750
hair1.bmp
 39 -5.434023 5.891423 50.098717 0.402197 0.838109 0.368526 0.023438 0.562500
 39 -5.532961 5.954382 49.804867 0.348395 -0.884077 -0.311494 0.023438 0.550781
 39 -5.876395 6.484097 47.988728 0.274409 -0.945941 -0.172901 0.023438 0.460938
hair1.bmp
 41 5.879756 6.422747 48.205479 0.587989 0.785204 0.194227 0.023438 0.468750
 41 5.674800 6.531073 46.811901 -0.050906 -0.958476 0.280592 0.023438 0.406250
 41 5.819008 6.385562 48.411942 -0.575397 0.802031 0.160202 0.023438 0.476563
hair1.bmp
 39 -5.711943 6.481822 46.759480 -0.662867 0.709882 -0.238066 0.023438 0.402344
 39 -5.008523 6.092797 45.818226 0.602821 0.351611 -0.716223 0.023438 0.355469
 39 -5.591109 6.279258 46.530426 -0.023501 -0.675699 -0.736803 0.023438 0.390625
hair1.bmp
 41 1.249781 7.978086 48.184036 0.880524 0.409512 -0.238702 0.023438 0.417969
 41 1.199724 7.954860 48.200001 0.300499 -0.945806 -0.123091 0.023438 0.417969
 41 1.014200 7.811250 46.964378 0.727636 0.509409 -0.459400 0.023438 0.359375
hair1.bmp
 40 3.889924 3.971809 53.806801 0.446106 0.783055 0.433375 0.023438 0.742188
 40 4.424562 4.517725 52.525105 -0.193592 0.899675 0.391290 0.023438 0.675781
 40 4.162425 4.136896 53.116081 -0.931786 0.052516 -0.359190 0.023438 0.710938
hair2.bmp
 17 2.060649 -1.127805 59.895477 -0.571987 0.820199 -0.010211 0.820313 0.847656
 17 1.879371 -1.252373 60.248352 0.570910 0.316117 0.757715 0.843750 0.875000
 17 2.885951 -0.589383 58.430595 -0.273563 0.933080 0.233508 0.792969 0.730469
hair2.bmp
 17 2.885951 -0.589383 58.430595 -0.273563 0.933080 0.233508 0.792969 0.730469
 17 1.879371 -1.252373 60.248352 0.570910 0.316117 0.757715 0.843750 0.875000
 17 3.065661 -0.542722 58.510765 0.451886 0.789775 0.414794 0.808594 0.734375
hair2.bmp
 17 1.879371 -1.252373 60.248352 0.570910 0.316117 0.757715 0.843750 0.875000
 17 2.450853 -1.493724 59.841217 0.776487 -0.061719 0.627104 0.855469 0.828125
 17 3.065661 -0.542722 58.510765 0.451886 0.789775 0.414794 0.808594 0.734375
hair2.bmp
 17 3.065661 -0.542722 58.510765 0.451886 0.789775 0.414794 0.808594 0.734375
 17 2.450853 -1.493724 59.841217 0.776487 -0.061719 0.627104 0.855469 0.828125
 17 3.145401 -0.870841 58.584110 0.915111 0.098018 0.391106 0.828125 0.738281
hair2.bmp
 17 2.450853 -1.493724 59.841217 0.776487 -0.061719 0.627104 0.855469 0.828125
 17 3.277825 -1.584040 57.917767 0.952560 -0.251066 0.172035 0.863281 0.699219
 17 3.145401 -0.870841 58.584110 0.915111 0.098018 0.391106 0.828125 0.738281
hair2.bmp
 17 3.145401 -0.870841 58.584110 0.915111 0.098018 0.391106 0.828125 0.738281
 17 3.277825 -1.584040 57.917767 0.952560 -0.251066 0.172035 0.863281 0.699219
 17 3.310867 -0.131265 57.071743 0.548044 0.820390 0.163118 0.808594 0.636719
hair2.bmp
 17 3.277825 -1.584040 57.917767 0.952560 -0.251066 0.172035 0.863281 0.699219
 17 3.488008 -0.579444 55.101883 0.993063 0.092008 -0.073221 0.832031 0.546875
 17 3.310867 -0.131265 57.071743 0.548044 0.820390 0.163118 0.808594 0.636719
hair2.bmp
 17 3.310867 -0.131265 57.071743 0.548044 0.820390 0.163118 0.808594 0.636719
 17 3.488008 -0.579444 55.101883 0.993063 0.092008 -0.073221 0.832031 0.546875
 17 3.171267 -0.000635 54.198967 0.203386 0.882395 -0.424279 0.804688 0.496094
hair2.bmp
 17 3.488008 -0.579444 55.101883 0.993063 0.092008 -0.073221 0.832031 0.546875
 43 3.164508 -0.589911 53.133698 0.939802 0.230795 -0.252002 0.832031 0.449219
 17 3.171267 -0.000635 54.198967 0.203386 0.882395 -0.424279 0.804688 0.496094
hair2.bmp
 17 3.171267 -0.000635 54.198967 0.203386 0.882395 -0.424279 0.804688 0.496094
 43 3.164508 -0.589911 53.133698 0.939802 0.230795 -0.252002 0.832031 0.449219
 43 2.856473 -0.441550 52.590279 0.297411 0.891004 -0.343014 0.824219 0.417969
hair2.bmp
 43 3.164508 -0.589911 53.133698 0.939802 0.230795 -0.252002 0.832031 0.449219
 43 2.957683 -1.042325 52.259029 0.939082 -0.072798 -0.335896 0.851563 0.402344
 43 2.856473 -0.441550 52.590279 0.297411 0.891004 -0.343014 0.824219 0.417969
hair2.bmp
 43 2.856473 -0.441550 52.590279 0.297411 0.891004 -0.343014 0.824219 0.417969
 43 2.957683 -1.042325 52.259029 0.939082 -0.072798 -0.335896 0.851563 0.402344
 43 2.559799 -0.733941 51.672951 0.799433 0.293880 -0.523968 0.828125 0.371094
hair2.bmp
 43 2.957683 -1.042325 52.259029 0.939082 -0.072798 -0.335896 0.851563 0.402344
 43 2.620383 -1.335291 51.514179 0.857462 -0.230996 -0.459783 0.859375 0.363281
 43 2.559799 -0.733941 51.672951 0.799433 0.293880 -0.523968 0.828125 0.371094
hair2.bmp
 43 2.559799 -0.733941 51.672951 0.799433 0.293880 -0.523968 0.828125 0.371094
 43 2.620383 -1.335291 51.514179 0.857462 -0.230996 -0.459783 0.859375 0.363281
 43 2.132125 -1.126893 51.031715 0.698833 0.147568 -0.699897 0.843750 0.335938
hair2.bmp
 43 2.620383 -1.335291 51.514179 0.857462 -0.230996 -0.459783 0.859375 0.363281
 43 2.142441 -1.711112 50.946968 0.689583 -0.583067 -0.429543 0.863281 0.332031
 43 2.132125 -1.126893 51.031715 0.698833 0.147568 -0.699897 0.843750 0.335938
hair2.bmp
 43 2.132125 -1.126893 51.031715 0.698833 0.147568 -0.699897 0.843750 0.335938
 43 2.142441 -1.711112 50.946968 0.689583 -0.583067 -0.429543 0.863281 0.332031
 43 1.524250 -1.712938 50.446529 -0.430242 0.738645 -0.518937 0.863281 0.269531
hair2.bmp
 43 2.142441 -1.711112 50.946968 0.689583 -0.583067 -0.429543 0.863281 0.332031
 43 1.773656 -1.874522 50.611416 0.587676 -0.704396 -0.398075 0.875000 0.285156
 43 1.524250 -1.712938 50.446529 -0.430242 0.738645 -0.518937 0.863281 0.269531
hair2.bmp
 43 1.524250 -1.712938 50.446529 -0.430242 0.738645 -0.518937 0.863281 0.269531
 43 1.773656 -1.874522 50.611416 0.587676 -0.704396 -0.398075 0.875000 0.285156
 43 1.275200 -2.031841 50.185043 -0.635883 -0.413767 -0.651498 0.878906 0.222656
hair2.bmp
 43 1.773656 -1.874522 50.611416 0.587676 -0.704396 -0.398075 0.875000 0.285156
 43 2.250712 -1.603790 51.423893 -0.811143 -0.363773 0.457947 0.902344 0.347656
 43 1.275200 -2.031841 50.185043 -0.635883 -0.413767 -0.651498 0.878906 0.222656
hair2.bmp
 43 1.275200 -2.031841 50.185043 -0.635883 -0.413767 -0.651498 0.878906 0.222656
 43 2.250712 -1.603790 51.423893 -0.811143 -0.363773 0.457947 0.902344 0.347656
 43 1.524250 -1.712938 50.446529 -0.430242 0.738645 -0.518937 0.910156 0.269531
hair2.bmp
 43 2.250712 -1.603790 51.423893 -0.811143 -0.363773 0.457947 0.902344 0.347656
 43 2.559799 -0.733941 51.672951 -0.933360 0.157198 0.322689 0.960938 0.363281
 43 1.524250 -1.712938 50.446529 -0.430242 0.738645 -0.518937 0.910156 0.269531
hair2.bmp
 17 -1.719286 -2.569691 59.876411 -0.642198 0.717719 0.269187 0.289063 0.417969
 17 -2.098074 -2.784082 59.541813 -0.861064 0.268892 0.431585 0.300781 0.367188
 17 -1.350793 -2.410603 60.292469 -0.048398 0.892303 -0.448836 0.359375 0.476563
hair2.bmp
 17 -1.350793 -2.410603 60.292469 -0.048398 0.892303 -0.448836 0.359375 0.476563
 17 -2.098074 -2.784082 59.541813 -0.861064 0.268892 0.431585 0.300781 0.367188
 17 -1.042458 -2.178092 60.751999 -0.651020 0.063295 0.756417 0.445313 0.519531
hair2.bmp
 17 -2.098074 -2.784082 59.541813 -0.861064 0.268892 0.431585 0.300781 0.367188
 17 -1.079783 -3.377093 60.017963 -0.308005 -0.685408 0.659809 0.464844 0.417969
 17 -1.042458 -2.178092 60.751999 -0.651020 0.063295 0.756417 0.445313 0.519531
hair2.bmp
 17 -1.042458 -2.178092 60.751999 -0.651020 0.063295 0.756417 0.445313 0.519531
 17 -1.079783 -3.377093 60.017963 -0.308005 -0.685408 0.659809 0.464844 0.417969
 17 -0.582604 -2.571558 60.794643 -0.167477 -0.466698 0.868415 0.507813 0.507813
hair2.bmp
 17 -1.079783 -3.377093 60.017963 -0.308005 -0.685408 0.659809 0.464844 0.417969
 17 -0.098977 -3.601099 59.798325 0.109724 -0.839061 0.532857 0.554688 0.394531
 17 -0.582604 -2.571558 60.794643 -0.167477 -0.466698 0.868415 0.507813 0.507813
hair2.bmp
 17 -0.582604 -2.571558 60.794643 -0.167477 -0.466698 0.868415 0.507813 0.507813
 17 -0.098977 -3.601099 59.798325 0.109724 -0.839061 0.532857 0.554688 0.394531
 17 0.718990 -2.878251 60.358074 0.637286 -0.395491 0.661402 0.632813 0.453125
hair2.bmp
 17 -0.098977 -3.601099 59.798325 0.109724 -0.839061 0.532857 0.554688 0.394531
 17 0.682886 -3.589521 59.285046 0.394198 -0.861999 0.318694 0.625000 0.343750
 17 0.718990 -2.878251 60.358074 0.637286 -0.395491 0.661402 0.632813 0.453125
hair2.bmp
 17 0.718990 -2.878251 60.358074 0.637286 -0.395491 0.661402 0.632813 0.453125
 17 0.682886 -3.589521 59.285046 0.394198 -0.861999 0.318694 0.625000 0.343750
 17 1.063342 -3.393871 59.159050 0.904864 -0.399099 0.148126 0.671875 0.328125
hair2.bmp
 17 0.682886 -3.589521 59.285046 0.394198 -0.861999 0.318694 0.625000 0.343750
 17 0.765769 -3.720686 58.489540 0.111097 -0.992116 0.058001 0.644531 0.261719
 17 1.063342 -3.393871 59.159050 0.904864 -0.399099 0.148126 0.671875 0.328125
hair2.bmp
 17 1.063342 -3.393871 59.159050 0.904864 -0.399099 0.148126 0.671875 0.328125
 17 0.765769 -3.720686 58.489540 0.111097 -0.992116 0.058001 0.644531 0.261719
 17 0.946017 -3.596486 58.421093 0.842215 -0.506591 -0.184498 0.656250 0.261719
hair2.bmp
 17 0.765769 -3.720686 58.489540 0.111097 -0.992116 0.058001 0.644531 0.261719
 17 0.686913 -3.724850 58.173527 0.090812 -0.988874 -0.117822 0.632813 0.230469
 17 0.946017 -3.596486 58.421093 0.842215 -0.506591 -0.184498 0.656250 0.261719
hair2.bmp
 17 0.946017 -3.596486 58.421093 0.842215 -0.506591 -0.184498 0.656250 0.261719
 17 0.686913 -3.724850 58.173527 0.090812 -0.988874 -0.117822 0.632813 0.230469
 17 0.618321 -3.573519 57.783920 0.734597 -0.429215 -0.525492 0.628906 0.191406
hair2.bmp
 17 0.686913 -3.724850 58.173527 0.090812 -0.988874 -0.117822 0.632813 0.230469
 17 0.389275 -3.566855 57.520115 0.381187 -0.679775 -0.626580 0.601563 0.167969
 17 0.618321 -3.573519 57.783920 0.734597 -0.429215 -0.525492 0.628906 0.191406
hair2.bmp
 17 0.618321 -3.573519 57.783920 0.734597 -0.429215 -0.525492 0.628906 0.191406
 17 0.389275 -3.566855 57.520115 0.381187 -0.679775 -0.626580 0.601563 0.167969
 17 0.518845 -3.364494 57.638271 0.733504 0.306817 -0.606494 0.625000 0.167969
hair2.bmp
 17 0.389275 -3.566855 57.520115 0.381187 -0.679775 -0.626580 0.601563 0.167969
 17 -0.118975 -3.317318 57.034817 0.453087 -0.189600 -0.871071 0.550781 0.113281
 17 0.518845 -3.364494 57.638271 0.733504 0.306817 -0.606494 0.625000 0.167969
hair2.bmp
 17 0.518845 -3.364494 57.638271 0.733504 0.306817 -0.606494 0.625000 0.167969
 17 -0.118975 -3.317318 57.034817 0.453087 -0.189600 -0.871071 0.550781 0.113281
 17 -0.268755 -3.204735 56.973244 0.397002 0.099588 -0.912399 0.539063 0.097656
hair2.bmp
 17 -0.118975 -3.317318 57.034817 0.453087 -0.189600 -0.871071 0.550781 0.113281
 17 -0.528426 -3.198645 56.881954 -0.813689 -0.387923 -0.432926 0.511719 0.093750
 17 -0.268755 -3.204735 56.973244 0.397002 0.099588 -0.912399 0.539063 0.097656
hair2.bmp
 17 -0.268755 -3.204735 56.973244 0.397002 0.099588 -0.912399 0.539063 0.097656
 17 -0.528426 -3.198645 56.881954 -0.813689 -0.387923 -0.432926 0.511719 0.093750
 17 -0.368780 -3.165369 56.979965 -0.242793 0.966817 0.079482 0.523438 0.089844
hair2.bmp
 17 -0.528426 -3.198645 56.881954 -0.813689 -0.387923 -0.432926 0.511719 0.093750
 17 -0.398783 -3.216350 56.980846 -0.464308 0.283019 0.839237 0.511719 0.097656
 17 -0.368780 -3.165369 56.979965 -0.242793 0.966817 0.079482 0.523438 0.089844
hair2.bmp
 17 -3.202809 0.048780 55.312622 0.056031 0.997446 0.044285 0.789063 0.554688
 17 -3.280858 -0.239579 57.536438 -0.576214 0.779191 0.246656 0.804688 0.675781
 17 -3.080305 -0.242543 57.384220 0.167893 0.969803 0.176900 0.781250 0.664063
hair2.bmp
 17 -3.080305 -0.242543 57.384220 0.167893 0.969803 0.176900 0.781250 0.664063
 17 -3.280858 -0.239579 57.536438 -0.576214 0.779191 0.246656 0.804688 0.675781
 17 -2.806246 -0.771681 59.027481 -0.768810 0.329582 0.548002 0.816406 0.777344
hair2.bmp
 17 -3.280858 -0.239579 57.536438 -0.576214 0.779191 0.246656 0.804688 0.675781
 17 -3.144698 -0.938840 58.599918 -0.904429 0.150508 0.399193 0.828125 0.742188
 17 -2.806246 -0.771681 59.027481 -0.768810 0.329582 0.548002 0.816406 0.777344
hair2.bmp
 17 -2.806246 -0.771681 59.027481 -0.768810 0.329582 0.548002 0.816406 0.777344
 17 -3.144698 -0.938840 58.599918 -0.904429 0.150508 0.399193 0.828125 0.742188
 17 -2.419265 -1.491037 59.864723 -0.764858 -0.112604 0.634282 0.855469 0.828125
hair2.bmp
 17 -3.144698 -0.938840 58.599918 -0.904429 0.150508 0.399193 0.828125 0.742188
 17 -3.381810 -1.405420 57.803879 -0.965679 -0.203601 0.161279 0.851563 0.691406
 17 -2.419265 -1.491037 59.864723 -0.764858 -0.112604 0.634282 0.855469 0.828125
hair2.bmp
 17 -2.419265 -1.491037 59.864723 -0.764858 -0.112604 0.634282 0.855469 0.828125
 17 -3.381810 -1.405420 57.803879 -0.965679 -0.203601 0.161279 0.851563 0.691406
 17 -2.983401 -2.002970 58.246490 -0.467989 -0.872989 0.137391 0.882813 0.722656
hair2.bmp
 17 -3.381810 -1.405420 57.803879 -0.965679 -0.203601 0.161279 0.851563 0.691406
 17 -3.336363 -1.683687 56.301014 -0.603481 -0.788569 -0.118194 0.875000 0.613281
 17 -2.983401 -2.002970 58.246490 -0.467989 -0.872989 0.137391 0.882813 0.722656
hair2.bmp
 17 -2.983401 -2.002970 58.246490 -0.467989 -0.872989 0.137391 0.882813 0.722656
 17 -3.336363 -1.683687 56.301014 -0.603481 -0.788569 -0.118194 0.875000 0.613281
 17 -2.892702 -1.947872 58.053520 0.256802 -0.952448 -0.163996 0.902344 0.714844
hair2.bmp
 17 -3.336363 -1.683687 56.301014 -0.603481 -0.788569 -0.118194 0.875000 0.613281
 17 -3.054410 -1.525476 55.761505 0.815469 -0.578502 -0.018595 0.902344 0.585938
 17 -2.892702 -1.947872 58.053520 0.256802 -0.952448 -0.163996 0.902344 0.714844
hair2.bmp
 17 -2.892702 -1.947872 58.053520 0.256802 -0.952448 -0.163996 0.902344 0.714844
 17 -3.054410 -1.525476 55.761505 0.815469 -0.578502 -0.018595 0.902344 0.585938
 17 -3.066437 -0.802641 56.318249 0.996337 0.084296 -0.014400 0.945313 0.609375
hair2.bmp
 17 -3.054410 -1.525476 55.761505 0.815469 -0.578502 -0.018595 0.902344 0.585938
 42 -2.876556 -1.424619 53.974277 0.978107 -0.177882 0.108003 0.898438 0.492188
 17 -3.066437 -0.802641 56.318249 0.996337 0.084296 -0.014400 0.945313 0.609375
hair2.bmp
 17 -3.066437 -0.802641 56.318249 0.996337 0.084296 -0.014400 0.945313 0.609375
 42 -2.876556 -1.424619 53.974277 0.978107 -0.177882 0.108003 0.898438 0.492188
 42 -2.590124 -1.135429 52.198433 0.971035 0.023199 0.237809 0.929688 0.390625
hair2.bmp
 42 -2.876556 -1.424619 53.974277 0.978107 -0.177882 0.108003 0.898438 0.492188
 42 -2.408012 -1.599817 51.617676 0.212109 -0.960021 0.182671 0.882813 0.363281
 42 -2.590124 -1.135429 52.198433 0.971035 0.023199 0.237809 0.929688 0.390625
hair2.bmp
 42 -2.590124 -1.135429 52.198433 0.971035 0.023199 0.237809 0.929688 0.390625
 42 -2.408012 -1.599817 51.617676 0.212109 -0.960021 0.182671 0.882813 0.363281
 42 -2.276686 -0.994970 51.249416 0.882597 0.082701 0.462799 0.957031 0.351563
hair2.bmp
 42 -2.408012 -1.599817 51.617676 0.212109 -0.960021 0.182671 0.882813 0.363281
 42 -1.282841 -2.023722 50.194126 0.669882 -0.398182 -0.626665 0.878906 0.226563
 42 -2.276686 -0.994970 51.249416 0.882597 0.082701 0.462799 0.957031 0.351563
hair2.bmp
 17 -2.048040 -2.824097 56.771111 0.279702 -0.744590 -0.606096 0.335938 0.089844
 17 -1.890832 -3.328910 57.544510 0.046517 -0.901200 -0.430900 0.351563 0.167969
 17 -2.227670 -2.826078 56.668495 -0.663470 -0.442286 -0.603482 0.316406 0.085938
hair2.bmp
 17 -2.227670 -2.826078 56.668495 -0.663470 -0.442286 -0.603482 0.316406 0.085938
 17 -1.890832 -3.328910 57.544510 0.046517 -0.901200 -0.430900 0.351563 0.167969
 17 -2.231325 -3.414526 57.680286 -0.719902 -0.657989 -0.220890 0.328125 0.187500
hair2.bmp
 17 -1.890832 -3.328910 57.544510 0.046517 -0.901200 -0.430900 0.351563 0.167969
 17 -1.743652 -3.570749 58.324543 0.621214 -0.710265 0.331084 0.367188 0.246094
 17 -2.231325 -3.414526 57.680286 -0.719902 -0.657989 -0.220890 0.328125 0.187500
hair2.bmp
 17 -2.231325 -3.414526 57.680286 -0.719902 -0.657989 -0.220890 0.328125 0.187500
 17 -1.743652 -3.570749 58.324543 0.621214 -0.710265 0.331084 0.367188 0.246094
 17 -1.954888 -3.591585 58.665493 -0.364306 -0.926014 0.098891 0.363281 0.277344
hair2.bmp
 17 -1.743652 -3.570749 58.324543 0.621214 -0.710265 0.331084 0.367188 0.246094
 17 -1.703365 -3.505602 58.244965 -0.837233 0.296916 0.459218 0.378906 0.242188
 17 -1.954888 -3.591585 58.665493 -0.364306 -0.926014 0.098891 0.363281 0.277344
hair2.bmp
 17 -1.954888 -3.591585 58.665493 -0.364306 -0.926014 0.098891 0.363281 0.277344
 17 -1.703365 -3.505602 58.244965 -0.837233 0.296916 0.459218 0.378906 0.242188
 17 -1.577310 -3.549198 59.334923 -0.399335 -0.824546 0.400819 0.410156 0.339844
hair2.bmp
 17 -1.703365 -3.505602 58.244965 -0.837233 0.296916 0.459218 0.378906 0.242188
 17 -1.724435 -3.721505 58.541348 -0.797125 -0.594005 0.108398 0.402344 0.265625
 17 -1.577310 -3.549198 59.334923 -0.399335 -0.824546 0.400819 0.410156 0.339844
hair2.bmp
 17 -1.577310 -3.549198 59.334923 -0.399335 -0.824546 0.400819 0.410156 0.339844
 17 -1.724435 -3.721505 58.541348 -0.797125 -0.594005 0.108398 0.402344 0.265625
 17 -0.756856 -3.851735 59.212337 -0.119535 -0.956916 0.264619 0.503906 0.328125
hair2.bmp
 17 -1.724435 -3.721505 58.541348 -0.797125 -0.594005 0.108398 0.402344 0.265625
 17 -0.982434 -3.804807 57.990532 -0.245784 -0.959177 -0.139889 0.453125 0.207031
 17 -0.756856 -3.851735 59.212337 -0.119535 -0.956916 0.264619 0.503906 0.328125
hair2.bmp
 17 -0.756856 -3.851735 59.212337 -0.119535 -0.956916 0.264619 0.503906 0.328125
 17 -0.982434 -3.804807 57.990532 -0.245784 -0.959177 -0.139889 0.453125 0.207031
 17 -0.373172 -3.973468 58.196087 0.067212 -0.976029 -0.207004 0.519531 0.230469
hair2.bmp
 17 -0.982434 -3.804807 57.990532 -0.245784 -0.959177 -0.139889 0.453125 0.207031
 17 -0.910741 -3.751112 57.522903 -0.153128 -0.908291 -0.389306 0.468750 0.167969
 17 -0.373172 -3.973468 58.196087 0.067212 -0.976029 -0.207004 0.519531 0.230469
hair2.bmp
 17 -0.373172 -3.973468 58.196087 0.067212 -0.976029 -0.207004 0.519531 0.230469
 17 -0.910741 -3.751112 57.522903 -0.153128 -0.908291 -0.389306 0.468750 0.167969
 17 -0.609618 -3.451158 57.212173 0.185097 -0.776678 -0.602088 0.492188 0.140625
hair2.bmp
 17 -0.910741 -3.751112 57.522903 -0.153128 -0.908291 -0.389306 0.468750 0.167969
 17 -1.139252 -3.443301 57.110065 -0.185589 -0.750585 -0.634176 0.441406 0.121094
 17 -0.609618 -3.451158 57.212173 0.185097 -0.776678 -0.602088 0.492188 0.140625
hair2.bmp
 17 -0.609618 -3.451158 57.212173 0.185097 -0.776678 -0.602088 0.492188 0.140625
 17 -1.139252 -3.443301 57.110065 -0.185589 -0.750585 -0.634176 0.441406 0.121094
 17 -1.278418 -3.147676 56.878250 -0.075801 -0.641427 -0.763430 0.425781 0.097656
hair2.bmp
 17 -1.139252 -3.443301 57.110065 -0.185589 -0.750585 -0.634176 0.441406 0.121094
 17 -1.618064 -2.957349 56.779175 -0.233198 -0.720014 -0.653605 0.398438 0.089844
 17 -1.278418 -3.147676 56.878250 -0.075801 -0.641427 -0.763430 0.425781 0.097656
hair2.bmp
 17 -0.931527 -3.841047 57.740341 0.726702 -0.193993 -0.658992 0.070313 0.750000
 17 -0.673150 -4.002999 58.189690 0.974634 -0.090900 -0.204513 0.070313 0.777344
 17 -0.802567 -3.994354 58.028206 -0.091818 -0.932533 -0.349215 0.070313 0.769531
hair2.bmp
 17 -0.802567 -3.994354 58.028206 -0.091818 -0.932533 -0.349215 0.070313 0.769531
 17 -0.673150 -4.002999 58.189690 0.974634 -0.090900 -0.204513 0.070313 0.777344
 17 -0.495606 -4.074189 58.868446 -0.061919 -0.982727 0.174395 0.070313 0.816406
hair2.bmp
 17 -0.673150 -4.002999 58.189690 0.974634 -0.090900 -0.204513 0.070313 0.777344
 17 -0.395915 -3.998003 58.953636 0.999427 -0.030515 -0.014614 0.070313 0.820313
 17 -0.495606 -4.074189 58.868446 -0.061919 -0.982727 0.174395 0.070313 0.816406
hair2.bmp
 17 -0.495606 -4.074189 58.868446 -0.061919 -0.982727 0.174395 0.070313 0.816406
 17 -0.395915 -3.998003 58.953636 0.999427 -0.030515 -0.014614 0.070313 0.820313
 17 -0.238684 -3.708581 59.717518 0.323015 0.415016 0.850543 0.070313 0.867188
hair2.bmp
 17 -0.395915 -3.998003 58.953636 0.999427 -0.030515 -0.014614 0.070313 0.820313
 17 -0.387513 -3.863917 59.394375 -0.796012 -0.121193 0.593023 0.070313 0.843750
 17 -0.238684 -3.708581 59.717518 0.323015 0.415016 0.850543 0.070313 0.867188
hair2.bmp
 17 -0.238684 -3.708581 59.717518 0.323015 0.415016 0.850543 0.070313 0.867188
 17 -0.387513 -3.863917 59.394375 -0.796012 -0.121193 0.593023 0.070313 0.843750
 17 -0.495606 -4.074189 58.868446 -0.061919 -0.982727 0.174395 0.070313 0.816406
hair2.bmp
 17 -0.387513 -3.863917 59.394375 -0.796012 -0.121193 0.593023 0.070313 0.843750
 17 -0.753214 -4.016383 58.207314 0.973047 0.215797 -0.081311 0.070313 0.777344
 17 -0.495606 -4.074189 58.868446 -0.061919 -0.982727 0.174395 0.070313 0.816406
hair2.bmp
 17 -0.495606 -4.074189 58.868446 -0.061919 -0.982727 0.174395 0.070313 0.816406
 17 -0.753214 -4.016383 58.207314 0.973047 0.215797 -0.081311 0.070313 0.777344
 17 -0.802567 -3.994354 58.028206 -0.091818 -0.932533 -0.349215 0.070313 0.769531
hair2.bmp
 17 -0.753214 -4.016383 58.207314 0.973047 0.215797 -0.081311 0.070313 0.777344
 17 -1.369616 -3.502150 57.210411 -0.651904 0.322166 -0.686463 0.070313 0.714844
 17 -0.802567 -3.994354 58.028206 -0.091818 -0.932533 -0.349215 0.070313 0.769531
hair2.bmp
 17 -0.802567 -3.994354 58.028206 -0.091818 -0.932533 -0.349215 0.070313 0.769531
 17 -1.369616 -3.502150 57.210411 -0.651904 0.322166 -0.686463 0.070313 0.714844
 17 -0.931527 -3.841047 57.740341 0.726702 -0.193993 -0.658992 0.070313 0.750000
hair2.bmp
 17 -1.369616 -3.502150 57.210411 -0.651904 0.322166 -0.686463 0.070313 0.714844
 17 -0.753214 -4.016383 58.207314 0.973047 0.215797 -0.081311 0.070313 0.777344
 17 -0.931527 -3.841047 57.740341 0.726702 -0.193993 -0.658992 0.070313 0.750000
hair2.bmp
 17 -0.931527 -3.841047 57.740341 0.726702 -0.193993 -0.658992 0.070313 0.750000
 17 -0.753214 -4.016383 58.207314 0.973047 0.215797 -0.081311 0.070313 0.777344
 17 -0.802314 -3.930979 57.958324 0.147606 0.958550 0.243708 0.070313 0.761719
hair2.bmp
 17 -0.753214 -4.016383 58.207314 0.973047 0.215797 -0.081311 0.070313 0.777344
 17 -0.673150 -4.002999 58.189690 0.974634 -0.090900 -0.204513 0.070313 0.777344
 17 -0.802314 -3.930979 57.958324 0.147606 0.958550 0.243708 0.070313 0.761719
hair2.bmp
 17 3.175422 -1.510363 58.580933 0.563801 -0.825550 0.024415 0.046875 0.925781
 17 3.265883 -1.375541 58.453106 0.807307 0.516700 0.285090 0.039063 0.921875
 17 2.863176 -1.561095 59.200634 -0.972550 -0.031190 -0.230593 0.050781 0.968750
hair2.bmp
 17 2.863176 -1.561095 59.200634 -0.972550 -0.031190 -0.230593 0.050781 0.968750
 17 3.265883 -1.375541 58.453106 0.807307 0.516700 0.285090 0.039063 0.921875
 17 3.469971 -1.162074 57.323776 0.068702 0.953022 0.295008 0.031250 0.855469
hair2.bmp
 17 3.265883 -1.375541 58.453106 0.807307 0.516700 0.285090 0.039063 0.921875
 17 3.642560 -1.073954 56.608692 0.888096 0.437467 0.141097 0.031250 0.812500
 17 3.469971 -1.162074 57.323776 0.068702 0.953022 0.295008 0.031250 0.855469
hair2.bmp
 17 3.469971 -1.162074 57.323776 0.068702 0.953022 0.295008 0.031250 0.855469
 17 3.642560 -1.073954 56.608692 0.888096 0.437467 0.141097 0.031250 0.812500
 17 3.475699 -0.978964 55.741203 -0.467486 0.882368 -0.053698 0.027344 0.765625
hair2.bmp
 17 3.642560 -1.073954 56.608692 0.888096 0.437467 0.141097 0.031250 0.812500
 43 3.402595 -0.979792 53.663895 0.654294 0.752813 0.071923 0.031250 0.644531
 17 3.475699 -0.978964 55.741203 -0.467486 0.882368 -0.053698 0.027344 0.765625
hair2.bmp
 17 3.475699 -0.978964 55.741203 -0.467486 0.882368 -0.053698 0.027344 0.765625
 43 3.402595 -0.979792 53.663895 0.654294 0.752813 0.071923 0.031250 0.644531
 17 3.508255 -1.116224 55.035866 -0.958616 -0.282784 0.033000 0.035156 0.722656
hair2.bmp
 43 3.402595 -0.979792 53.663895 0.654294 0.752813 0.071923 0.031250 0.644531
 43 3.056775 -1.117886 52.509972 0.555172 0.830102 -0.052097 0.035156 0.578125
 17 3.508255 -1.116224 55.035866 -0.958616 -0.282784 0.033000 0.035156 0.722656
hair2.bmp
 17 3.508255 -1.116224 55.035866 -0.958616 -0.282784 0.033000 0.035156 0.722656
 43 3.056775 -1.117886 52.509972 0.555172 0.830102 -0.052097 0.035156 0.578125
 43 3.274036 -1.152260 53.266617 -0.461904 -0.884172 0.069894 0.042969 0.621094
hair2.bmp
 43 3.056775 -1.117886 52.509972 0.555172 0.830102 -0.052097 0.035156 0.578125
 43 2.808447 -1.248435 52.048679 -0.296505 0.855733 -0.424036 0.039063 0.554688
 43 3.274036 -1.152260 53.266617 -0.461904 -0.884172 0.069894 0.042969 0.621094
hair2.bmp
 43 3.274036 -1.152260 53.266617 -0.461904 -0.884172 0.069894 0.042969 0.621094
 43 2.808447 -1.248435 52.048679 -0.296505 0.855733 -0.424036 0.039063 0.554688
 43 2.927662 -1.287387 52.265636 -0.826908 -0.428716 0.363902 0.046875 0.566406
hair2.bmp
 43 2.808447 -1.248435 52.048679 -0.296505 0.855733 -0.424036 0.039063 0.554688
 43 2.341697 -1.646331 51.152393 -0.704666 0.694357 0.145991 0.058594 0.503906
 43 2.927662 -1.287387 52.265636 -0.826908 -0.428716 0.363902 0.046875 0.566406
hair2.bmp
 42 -1.904189 -1.928231 50.564674 -0.119219 0.549469 -0.826964 0.062500 0.460938
 42 -2.617656 -1.470311 51.518288 -0.314612 0.832080 -0.456797 0.054688 0.527344
 42 -2.004623 -1.827834 50.683979 0.007293 0.903470 -0.428589 0.058594 0.476563
hair2.bmp
 42 -2.004623 -1.827834 50.683979 0.007293 0.903470 -0.428589 0.058594 0.476563
 42 -2.617656 -1.470311 51.518288 -0.314612 0.832080 -0.456797 0.054688 0.527344
 42 -2.386707 -1.514620 51.257137 0.308475 0.913685 -0.264619 0.046875 0.511719
hair2.bmp
 42 -2.617656 -1.470311 51.518288 -0.314612 0.832080 -0.456797 0.054688 0.527344
 42 -3.041279 -1.111589 52.516068 -0.642230 -0.763934 -0.062813 0.035156 0.582031
 42 -2.386707 -1.514620 51.257137 0.308475 0.913685 -0.264619 0.046875 0.511719
hair2.bmp
 42 -2.386707 -1.514620 51.257137 0.308475 0.913685 -0.264619 0.046875 0.511719
 42 -3.041279 -1.111589 52.516068 -0.642230 -0.763934 -0.062813 0.035156 0.582031
 42 -3.121314 -1.113360 52.525620 0.848729 -0.414277 0.328685 0.039063 0.582031
hair2.bmp
 42 -3.041279 -1.111589 52.516068 -0.642230 -0.763934 -0.062813 0.035156 0.582031
 42 -3.427749 -0.955338 54.300564 -0.067113 -0.991233 0.113808 0.027344 0.679688
 42 -3.121314 -1.113360 52.525620 0.848729 -0.414277 0.328685 0.039063 0.582031
hair2.bmp
 42 -3.121314 -1.113360 52.525620 0.848729 -0.414277 0.328685 0.039063 0.582031
 42 -3.427749 -0.955338 54.300564 -0.067113 -0.991233 0.113808 0.027344 0.679688
 42 -3.478149 -1.127758 54.411610 0.978107 -0.177882 0.108003 0.035156 0.687500
hair2.bmp
 42 -3.427749 -0.955338 54.300564 -0.067113 -0.991233 0.113808 0.027344 0.679688
 17 -3.605081 -1.009952 55.943703 0.760031 -0.647247 -0.058510 0.027344 0.773438
 42 -3.478149 -1.127758 54.411610 0.978107 -0.177882 0.108003 0.035156 0.687500
hair2.bmp
 42 -3.478149 -1.127758 54.411610 0.978107 -0.177882 0.108003 0.035156 0.687500
 17 -3.605081 -1.009952 55.943703 0.760031 -0.647247 -0.058510 0.027344 0.773438
 17 -3.544060 -1.162526 55.662460 0.938516 0.342258 0.045252 0.039063 0.757813
hair2.bmp
 17 -3.605081 -1.009952 55.943703 0.760031 -0.647247 -0.058510 0.027344 0.773438
 17 -3.501182 -1.242063 57.629623 0.897755 -0.373388 -0.233703 0.039063 0.871094
 17 -3.544060 -1.162526 55.662460 0.938516 0.342258 0.045252 0.039063 0.757813
hair2.bmp
 17 -3.544060 -1.162526 55.662460 0.938516 0.342258 0.045252 0.039063 0.757813
 17 -3.501182 -1.242063 57.629623 0.897755 -0.373388 -0.233703 0.039063 0.871094
 17 -3.480916 -1.310175 57.556480 0.899579 0.420203 -0.119109 0.042969 0.867188
hair2.bmp
 17 -3.501182 -1.242063 57.629623 0.897755 -0.373388 -0.233703 0.039063 0.871094
 17 -2.986054 -1.555295 58.977299 -0.318094 0.914449 0.250199 0.050781 0.953125
 17 -3.480916 -1.310175 57.556480 0.899579 0.420203 -0.119109 0.042969 0.867188
hair2.bmp
 17 -0.458570 -3.093924 56.921368 -0.103898 0.602788 0.791108 0.085938 0.703125
 17 -0.058999 -3.226968 57.041126 0.575084 0.288816 -0.765418 0.085938 0.726563
 17 -0.588333 -3.061847 56.855545 0.609843 0.214991 -0.762805 0.085938 0.691406
hair2.bmp
 17 -0.588333 -3.061847 56.855545 0.609843 0.214991 -0.762805 0.085938 0.691406
 17 -0.058999 -3.226968 57.041126 0.575084 0.288816 -0.765418 0.085938 0.726563
 17 -0.158914 -3.243113 57.017540 -0.160591 -0.883968 -0.439102 0.085938 0.722656
hair2.bmp
 17 -0.058999 -3.226968 57.041126 0.575084 0.288816 -0.765418 0.085938 0.726563
 17 0.389744 -3.441875 57.390190 0.225013 -0.814527 -0.534710 0.085938 0.761719
 17 -0.158914 -3.243113 57.017540 -0.160591 -0.883968 -0.439102 0.085938 0.722656
hair2.bmp
 17 -0.158914 -3.243113 57.017540 -0.160591 -0.883968 -0.439102 0.085938 0.722656
 17 0.389744 -3.441875 57.390190 0.225013 -0.814527 -0.534710 0.085938 0.761719
 17 0.538894 -3.494210 57.625168 -0.189090 -0.976987 -0.098701 0.085938 0.773438
hair2.bmp
 17 0.389744 -3.441875 57.390190 0.225013 -0.814527 -0.534710 0.085938 0.761719
 17 0.698401 -3.528839 57.761765 0.355701 -0.852478 -0.383090 0.085938 0.785156
 17 0.538894 -3.494210 57.625168 -0.189090 -0.976987 -0.098701 0.085938 0.773438
hair2.bmp
 17 0.538894 -3.494210 57.625168 -0.189090 -0.976987 -0.098701 0.085938 0.773438
 17 0.698401 -3.528839 57.761765 0.355701 -0.852478 -0.383090 0.085938 0.785156
 17 0.866049 -3.533894 58.411743 -0.260387 -0.953623 0.151002 0.085938 0.820313
hair2.bmp
 17 0.698401 -3.528839 57.761765 0.355701 -0.852478 -0.383090 0.085938 0.785156
 17 0.946181 -3.567949 58.375423 0.492809 -0.866830 -0.075799 0.085938 0.820313
 17 0.866049 -3.533894 58.411743 -0.260387 -0.953623 0.151002 0.085938 0.820313
hair2.bmp
 17 0.866049 -3.533894 58.411743 -0.260387 -0.953623 0.151002 0.085938 0.820313
 17 0.946181 -3.567949 58.375423 0.492809 -0.866830 -0.075799 0.085938 0.820313
 17 1.013553 -3.434229 59.100807 0.831021 -0.547429 0.098620 0.085938 0.855469
hair2.bmp
 17 0.946181 -3.567949 58.375423 0.492809 -0.866830 -0.075799 0.085938 0.820313
 17 1.075052 -3.420685 58.686882 0.953997 0.230608 -0.191598 0.085938 0.839844
 17 1.013553 -3.434229 59.100807 0.831021 -0.547429 0.098620 0.085938 0.855469
hair2.bmp
 17 1.013553 -3.434229 59.100807 0.831021 -0.547429 0.098620 0.085938 0.855469
 17 1.075052 -3.420685 58.686882 0.953997 0.230608 -0.191598 0.085938 0.839844
 17 1.081996 -3.196410 59.529942 0.412515 -0.817697 0.401501 0.085938 0.886719
hair2.bmp
 17 1.075052 -3.420685 58.686882 0.953997 0.230608 -0.191598 0.085938 0.839844
 17 0.965782 -3.465780 58.485321 -0.449192 0.890399 0.073600 0.085938 0.828125
 17 1.081996 -3.196410 59.529942 0.412515 -0.817697 0.401501 0.085938 0.886719
hair2.bmp
 17 2.450853 -1.493724 59.841217 0.776487 -0.061719 0.627104 0.855469 0.828125
 17 3.006781 -2.002098 58.207359 0.467091 -0.875520 0.123659 0.882813 0.722656
 17 3.277825 -1.584040 57.917767 0.952560 -0.251066 0.172035 0.863281 0.699219
hair2.bmp
 17 3.277825 -1.584040 57.917767 0.952560 -0.251066 0.172035 0.863281 0.699219
 17 3.006781 -2.002098 58.207359 0.467091 -0.875520 0.123659 0.882813 0.722656
 17 3.344057 -1.660570 56.197258 0.622491 -0.775910 -0.102317 0.878906 0.605469
hair2.bmp
 17 3.006781 -2.002098 58.207359 0.467091 -0.875520 0.123659 0.882813 0.722656
 17 2.887153 -1.953097 58.103973 -0.560288 -0.807034 -0.186475 0.902344 0.718750
 17 3.344057 -1.660570 56.197258 0.622491 -0.775910 -0.102317 0.878906 0.605469
hair2.bmp
 17 3.344057 -1.660570 56.197258 0.622491 -0.775910 -0.102317 0.878906 0.605469
 17 2.887153 -1.953097 58.103973 -0.560288 -0.807034 -0.186475 0.902344 0.718750
 17 3.064317 -1.607041 56.124592 -0.765299 -0.642413 0.040291 0.902344 0.601563
hair2.bmp
 17 2.887153 -1.953097 58.103973 -0.560288 -0.807034 -0.186475 0.902344 0.718750
 17 3.043715 -0.813381 56.287621 -0.999920 0.012604 -0.001227 0.945313 0.609375
 17 3.064317 -1.607041 56.124592 -0.765299 -0.642413 0.040291 0.902344 0.601563
hair2.bmp
 17 3.064317 -1.607041 56.124592 -0.765299 -0.642413 0.040291 0.902344 0.601563
 17 3.043715 -0.813381 56.287621 -0.999920 0.012604 -0.001227 0.945313 0.609375
 17 2.940095 -1.441847 54.528164 -0.517312 -0.849417 0.104304 0.898438 0.523438
hair2.bmp
 17 3.043715 -0.813381 56.287621 -0.999920 0.012604 -0.001227 0.945313 0.609375
 43 2.686028 -1.429661 52.716713 -0.868879 -0.427785 0.249098 0.898438 0.421875
 17 2.940095 -1.441847 54.528164 -0.517312 -0.849417 0.104304 0.898438 0.523438
hair2.bmp
 17 2.940095 -1.441847 54.528164 -0.517312 -0.849417 0.104304 0.898438 0.523438
 43 2.686028 -1.429661 52.716713 -0.868879 -0.427785 0.249098 0.898438 0.421875
 43 3.003725 -1.401648 53.352859 0.622482 -0.775920 -0.102296 0.878906 0.457031
hair2.bmp
 43 2.686028 -1.429661 52.716713 -0.868879 -0.427785 0.249098 0.898438 0.421875
 43 2.142441 -1.711112 50.946968 0.689583 -0.583067 -0.429543 0.863281 0.332031
 43 3.003725 -1.401648 53.352859 0.622482 -0.775920 -0.102296 0.878906 0.457031
hair2.bmp
 43 3.003725 -1.401648 53.352859 0.622482 -0.775920 -0.102296 0.878906 0.457031
 43 2.142441 -1.711112 50.946968 0.689583 -0.583067 -0.429543 0.863281 0.332031
 43 2.620383 -1.335291 51.514179 0.857462 -0.230996 -0.459783 0.859375 0.363281
hair2.bmp
 17 2.724226 -1.743845 56.149551 0.939089 -0.072793 -0.335878 0.648438 0.621094
 17 2.882594 -1.835134 56.601089 0.861397 -0.430164 -0.270101 0.640625 0.648438
 17 2.762569 -1.907570 56.607944 0.505301 -0.816942 -0.277988 0.632813 0.644531
hair2.bmp
 17 2.762569 -1.907570 56.607944 0.505301 -0.816942 -0.277988 0.632813 0.644531
 17 2.882594 -1.835134 56.601089 0.861397 -0.430164 -0.270101 0.640625 0.648438
 17 2.780232 -2.044116 57.254044 0.760031 -0.647247 -0.058510 0.621094 0.687500
hair2.bmp
 17 2.882594 -1.835134 56.601089 0.861397 -0.430164 -0.270101 0.640625 0.648438
 17 2.908070 -1.948199 57.850914 0.942619 -0.311901 0.119110 0.628906 0.730469
 17 2.780232 -2.044116 57.254044 0.760031 -0.647247 -0.058510 0.621094 0.687500
hair2.bmp
 17 2.780232 -2.044116 57.254044 0.760031 -0.647247 -0.058510 0.621094 0.687500
 17 2.908070 -1.948199 57.850914 0.942619 -0.311901 0.119110 0.628906 0.730469
 17 2.666901 -2.179259 58.174255 0.865245 -0.459173 0.201273 0.605469 0.746094
hair2.bmp
 17 2.908070 -1.948199 57.850914 0.942619 -0.311901 0.119110 0.628906 0.730469
 17 2.644795 -1.724710 58.753822 0.877866 -0.339295 0.337980 0.632813 0.785156
 17 2.666901 -2.179259 58.174255 0.865245 -0.459173 0.201273 0.605469 0.746094
hair2.bmp
 17 2.666901 -2.179259 58.174255 0.865245 -0.459173 0.201273 0.605469 0.746094
 17 2.644795 -1.724710 58.753822 0.877866 -0.339295 0.337980 0.632813 0.785156
 17 2.365238 -2.607735 58.634590 0.744678 -0.594879 0.302612 0.578125 0.777344
hair2.bmp
 17 2.644795 -1.724710 58.753822 0.877866 -0.339295 0.337980 0.632813 0.785156
 17 2.542688 -1.321143 59.334087 0.816287 -0.364253 0.448326 0.644531 0.824219
 17 2.365238 -2.607735 58.634590 0.744678 -0.594879 0.302612 0.578125 0.777344
hair2.bmp
 17 2.365238 -2.607735 58.634590 0.744678 -0.594879 0.302612 0.578125 0.777344
 17 2.542688 -1.321143 59.334087 0.816287 -0.364253 0.448326 0.644531 0.824219
 17 1.670182 -2.411961 60.028820 0.576886 -0.562284 0.592486 0.554688 0.875000
hair2.bmp
 17 2.542688 -1.321143 59.334087 0.816287 -0.364253 0.448326 0.644531 0.824219
 17 2.250860 -1.391766 59.838516 0.770824 -0.369289 0.519092 0.628906 0.859375
 17 1.670182 -2.411961 60.028820 0.576886 -0.562284 0.592486 0.554688 0.875000
hair2.bmp
 17 1.670182 -2.411961 60.028820 0.576886 -0.562284 0.592486 0.554688 0.875000
 17 2.250860 -1.391766 59.838516 0.770824 -0.369289 0.519092 0.628906 0.859375
 17 1.729193 -1.535815 60.298424 0.658172 -0.291912 0.693972 0.597656 0.894531
hair2.bmp
 17 -0.582604 -2.571558 60.794643 -0.167477 -0.466698 0.868415 0.507813 0.507813
 17 0.236941 -2.227858 60.920406 0.450068 -0.197458 0.870890 0.578125 0.523438
 17 -0.043560 -1.693635 61.056145 0.028304 -0.182898 0.982724 0.554688 0.554688
hair2.bmp
 17 -0.043560 -1.693635 61.056145 0.028304 -0.182898 0.982724 0.554688 0.554688
 17 0.236941 -2.227858 60.920406 0.450068 -0.197458 0.870890 0.578125 0.523438
 17 0.407685 -2.241653 60.715328 0.769792 0.057822 0.635670 0.613281 0.519531
hair2.bmp
 17 0.236941 -2.227858 60.920406 0.450068 -0.197458 0.870890 0.578125 0.523438
 17 0.718990 -2.878251 60.358074 0.637286 -0.395491 0.661402 0.632813 0.453125
 17 0.407685 -2.241653 60.715328 0.769792 0.057822 0.635670 0.613281 0.519531
hair2.bmp
 17 0.407685 -2.241653 60.715328 0.769792 0.057822 0.635670 0.613281 0.519531
 17 0.718990 -2.878251 60.358074 0.637286 -0.395491 0.661402 0.632813 0.453125
 17 0.900307 -2.812735 59.994572 0.926259 -0.088285 0.366402 0.671875 0.433594
hair2.bmp
 17 0.718990 -2.878251 60.358074 0.637286 -0.395491 0.661402 0.632813 0.453125
 17 1.063342 -3.393871 59.159050 0.904864 -0.399099 0.148126 0.671875 0.328125
 17 0.900307 -2.812735 59.994572 0.926259 -0.088285 0.366402 0.671875 0.433594
hair2.bmp
 17 0.900307 -2.812735 59.994572 0.926259 -0.088285 0.366402 0.671875 0.433594
 17 1.063342 -3.393871 59.159050 0.904864 -0.399099 0.148126 0.671875 0.328125
 17 1.003181 -2.985039 59.201900 0.986839 0.156133 0.042080 0.726563 0.332031
hair2.bmp
 17 1.063342 -3.393871 59.159050 0.904864 -0.399099 0.148126 0.671875 0.328125
 17 0.976037 -3.351425 58.414486 0.918629 0.207529 -0.336233 0.675781 0.265625
 17 1.003181 -2.985039 59.201900 0.986839 0.156133 0.042080 0.726563 0.332031
hair2.bmp
 17 1.003181 -2.985039 59.201900 0.986839 0.156133 0.042080 0.726563 0.332031
 17 0.976037 -3.351425 58.414486 0.918629 0.207529 -0.336233 0.675781 0.265625
 17 0.895917 -3.225250 58.447056 0.757274 0.554786 -0.344599 0.691406 0.265625
hair2.bmp
 17 0.976037 -3.351425 58.414486 0.918629 0.207529 -0.336233 0.675781 0.265625
 17 0.697250 -3.291228 58.078846 0.637309 0.649124 -0.415302 0.679688 0.238281
 17 0.895917 -3.225250 58.447056 0.757274 0.554786 -0.344599 0.691406 0.265625
hair2.bmp
 17 -2.276600 -2.731173 59.134102 -0.674897 -0.588711 0.444897 0.320313 0.785156
 17 -1.691087 -1.744112 60.370499 -0.663209 -0.242115 0.708191 0.273438 0.875000
 17 -2.308897 -1.381210 59.762955 -0.764469 -0.288569 0.576468 0.238281 0.843750
hair2.bmp
 17 -2.276600 -2.731173 59.134102 -0.674897 -0.588711 0.444897 0.320313 0.785156
 17 -1.220926 -2.488348 60.329754 -0.569670 -0.442558 0.692545 0.328125 0.878906
 17 -1.691087 -1.744112 60.370499 -0.663209 -0.242115 0.708191 0.273438 0.875000
hair2.bmp
 17 -2.276600 -2.731173 59.134102 -0.674897 -0.588711 0.444897 0.320313 0.785156
 17 -2.066622 -2.864428 59.141369 -0.488287 -0.744273 0.455668 0.335938 0.789063
 17 -1.220926 -2.488348 60.329754 -0.569670 -0.442558 0.692545 0.328125 0.878906
hair2.bmp
 17 -2.276600 -2.731173 59.134102 -0.674897 -0.588711 0.444897 0.320313 0.785156
 17 -2.492444 -3.002523 57.987156 -0.911915 -0.400013 0.091655 0.347656 0.699219
 17 -2.066622 -2.864428 59.141369 -0.488287 -0.744273 0.455668 0.335938 0.789063
hair2.bmp
 17 -2.276600 -2.731173 59.134102 -0.674897 -0.588711 0.444897 0.320313 0.785156
 17 -2.532782 -2.826149 58.079704 -0.717521 -0.683407 0.134605 0.328125 0.703125
 17 -2.492444 -3.002523 57.987156 -0.911915 -0.400013 0.091655 0.347656 0.699219
hair2.bmp
 17 -2.276600 -2.731173 59.134102 -0.674897 -0.588711 0.444897 0.320313 0.785156
 17 -2.712493 -2.761006 57.999329 -0.827212 -0.550717 0.111496 0.316406 0.691406
 17 -2.532782 -2.826149 58.079704 -0.717521 -0.683407 0.134605 0.328125 0.703125
hair2.bmp
 17 -2.276600 -2.731173 59.134102 -0.674897 -0.588711 0.444897 0.320313 0.785156
 17 -2.653431 -2.512771 58.257572 -0.931378 -0.278809 0.234094 0.300781 0.714844
 17 -2.712493 -2.761006 57.999329 -0.827212 -0.550717 0.111496 0.316406 0.691406
hair2.bmp
 17 -2.276600 -2.731173 59.134102 -0.674897 -0.588711 0.444897 0.320313 0.785156
 17 -2.616026 -2.153674 58.972591 -0.861712 -0.325782 0.388996 0.277344 0.773438
 17 -2.653431 -2.512771 58.257572 -0.931378 -0.278809 0.234094 0.300781 0.714844
hair2.bmp
 17 -2.276600 -2.731173 59.134102 -0.674897 -0.588711 0.444897 0.320313 0.785156
 17 -2.308897 -1.381210 59.762955 -0.764469 -0.288569 0.576468 0.238281 0.843750
 17 -2.616026 -2.153674 58.972591 -0.861712 -0.325782 0.388996 0.277344 0.773438
hair2.bmp
 17 -2.066817 -3.290968 59.196716 -0.697937 -0.544134 0.465619 0.343750 0.332031
 17 -2.182278 -3.309391 57.943230 -0.963360 0.243982 0.111400 0.316406 0.199219
 17 -2.231325 -3.414526 57.680286 -0.719902 -0.657989 -0.220890 0.328125 0.187500
hair2.bmp
 17 -2.066817 -3.290968 59.196716 -0.697937 -0.544134 0.465619 0.343750 0.332031
 17 -2.112972 -3.262525 58.134804 0.299520 0.954046 -0.009212 0.304688 0.230469
 17 -2.182278 -3.309391 57.943230 -0.963360 0.243982 0.111400 0.316406 0.199219
hair2.bmp
 17 -2.066817 -3.290968 59.196716 -0.697937 -0.544134 0.465619 0.343750 0.332031
 17 -2.132524 -3.382607 58.011524 -0.328829 -0.939881 -0.092173 0.296875 0.199219
 17 -2.112972 -3.262525 58.134804 0.299520 0.954046 -0.009212 0.304688 0.230469
hair2.bmp
 17 -2.066817 -3.290968 59.196716 -0.697937 -0.544134 0.465619 0.343750 0.332031
 17 -2.492890 -3.106048 58.110779 -0.911915 -0.400013 0.091655 0.261719 0.222656
 17 -2.132524 -3.382607 58.011524 -0.328829 -0.939881 -0.092173 0.296875 0.199219
hair2.bmp
 17 -2.066817 -3.290968 59.196716 -0.697937 -0.544134 0.465619 0.343750 0.332031
 17 -2.098074 -2.784082 59.541813 -0.861064 0.268892 0.431585 0.300781 0.367188
 17 -2.492890 -3.106048 58.110779 -0.911915 -0.400013 0.091655 0.261719 0.222656
hair2.bmp
 17 -2.066817 -3.290968 59.196716 -0.697937 -0.544134 0.465619 0.343750 0.332031
 17 -1.079783 -3.377093 60.017963 -0.308005 -0.685408 0.659809 0.464844 0.417969
 17 -2.098074 -2.784082 59.541813 -0.861064 0.268892 0.431585 0.300781 0.367188
hair2.bmp
 17 -2.066817 -3.290968 59.196716 -0.697937 -0.544134 0.465619 0.343750 0.332031
 17 -1.577310 -3.549198 59.334923 -0.399335 -0.824546 0.400819 0.410156 0.339844
 17 -1.079783 -3.377093 60.017963 -0.308005 -0.685408 0.659809 0.464844 0.417969
hair2.bmp
 17 -2.066817 -3.290968 59.196716 -0.697937 -0.544134 0.465619 0.343750 0.332031
 17 -1.954888 -3.591585 58.665493 -0.364306 -0.926014 0.098891 0.363281 0.277344
 17 -1.577310 -3.549198 59.334923 -0.399335 -0.824546 0.400819 0.410156 0.339844
hair2.bmp
 17 -2.066817 -3.290968 59.196716 -0.697937 -0.544134 0.465619 0.343750 0.332031
 17 -2.231325 -3.414526 57.680286 -0.719902 -0.657989 -0.220890 0.328125 0.187500
 17 -1.954888 -3.591585 58.665493 -0.364306 -0.926014 0.098891 0.363281 0.277344
hair2.bmp
 17 -2.892702 -1.947872 58.053520 0.256802 -0.952448 -0.163996 0.902344 0.714844
 17 -2.297817 -2.008752 59.467205 -0.697937 -0.544134 0.465619 0.902344 0.812500
 17 -2.983401 -2.002970 58.246490 -0.467989 -0.872989 0.137391 0.882813 0.722656
hair2.bmp
 17 -2.983401 -2.002970 58.246490 -0.467989 -0.872989 0.137391 0.882813 0.722656
 17 -2.297817 -2.008752 59.467205 -0.697937 -0.544134 0.465619 0.902344 0.812500
 17 -2.419265 -1.491037 59.864723 -0.764858 -0.112604 0.634282 0.855469 0.828125
hair2.bmp
 17 -2.297817 -2.008752 59.467205 -0.697937 -0.544134 0.465619 0.902344 0.812500
 17 -1.531457 -1.853935 60.473248 -0.525076 -0.496398 0.691292 0.906250 0.890625
 17 -2.419265 -1.491037 59.864723 -0.764858 -0.112604 0.634282 0.855469 0.828125
hair2.bmp
 17 -2.419265 -1.491037 59.864723 -0.764858 -0.112604 0.634282 0.855469 0.828125
 17 -1.531457 -1.853935 60.473248 -0.525076 -0.496398 0.691292 0.906250 0.890625
 17 -1.711613 -1.617730 60.515091 -0.555794 -0.102381 0.824992 0.867188 0.886719
hair2.bmp
 17 -1.531457 -1.853935 60.473248 -0.525076 -0.496398 0.691292 0.906250 0.890625
 17 -0.842906 -1.783420 60.874527 -0.345297 -0.004418 0.938483 0.902344 0.937500
 17 -1.711613 -1.617730 60.515091 -0.555794 -0.102381 0.824992 0.867188 0.886719
hair2.bmp
 17 -1.711613 -1.617730 60.515091 -0.555794 -0.102381 0.824992 0.867188 0.886719
 17 -0.842906 -1.783420 60.874527 -0.345297 -0.004418 0.938483 0.902344 0.937500
 17 -0.583273 -1.567674 60.975246 0.077625 0.570227 0.817811 0.882813 0.960938
hair2.bmp
 17 -0.842906 -1.783420 60.874527 -0.345297 -0.004418 0.938483 0.902344 0.937500
 17 -0.333360 -1.714312 61.000572 -0.055002 0.392989 0.917897 0.906250 0.972656
 17 -0.583273 -1.567674 60.975246 0.077625 0.570227 0.817811 0.882813 0.960938
hair2.bmp
 17 -0.583273 -1.567674 60.975246 0.077625 0.570227 0.817811 0.882813 0.960938
 17 -0.333360 -1.714312 61.000572 -0.055002 0.392989 0.917897 0.906250 0.972656
 17 -0.563023 -1.555280 60.906425 0.284102 0.908108 0.307612 0.882813 0.968750
hair2.bmp
 17 -0.333360 -1.714312 61.000572 -0.055002 0.392989 0.917897 0.906250 0.972656
 17 -0.003389 -1.674939 61.008850 -0.063396 0.174293 0.982651 0.906250 0.984375
 17 -0.563023 -1.555280 60.906425 0.284102 0.908108 0.307612 0.882813 0.968750
hair2.bmp
 42 -2.276686 -0.994970 51.249416 0.882597 0.082701 0.462799 0.843750 0.328125
 42 -1.282841 -2.023722 50.194126 0.669882 -0.398182 -0.626665 0.878906 0.226563
 42 -1.653914 -1.680614 50.488201 -0.155812 0.583569 -0.796975 0.863281 0.269531
hair2.bmp
 42 -1.653914 -1.680614 50.488201 -0.155812 0.583569 -0.796975 0.863281 0.269531
 42 -1.282841 -2.023722 50.194126 0.669882 -0.398182 -0.626665 0.878906 0.226563
 42 -1.744259 -1.880789 50.583950 -0.617526 -0.679754 -0.395721 0.875000 0.281250
hair2.bmp
 42 -1.282841 -2.023722 50.194126 0.669882 -0.398182 -0.626665 0.878906 0.226563
 42 -2.408012 -1.599817 51.617676 0.212109 -0.960021 0.182671 0.882813 0.363281
 42 -1.744259 -1.880789 50.583950 -0.617526 -0.679754 -0.395721 0.875000 0.281250
hair2.bmp
 42 -1.744259 -1.880789 50.583950 -0.617526 -0.679754 -0.395721 0.875000 0.281250
 42 -2.408012 -1.599817 51.617676 0.212109 -0.960021 0.182671 0.882813 0.363281
 42 -2.637566 -1.272689 51.492805 -0.870333 -0.079985 -0.485925 0.859375 0.363281
hair2.bmp
 42 -2.408012 -1.599817 51.617676 0.212109 -0.960021 0.182671 0.882813 0.363281
 42 -3.054264 -1.381966 53.341190 -0.735594 -0.666472 -0.121314 0.878906 0.460938
 42 -2.637566 -1.272689 51.492805 -0.870333 -0.079985 -0.485925 0.859375 0.363281
hair2.bmp
 42 -2.637566 -1.272689 51.492805 -0.870333 -0.079985 -0.485925 0.859375 0.363281
 42 -3.054264 -1.381966 53.341190 -0.735594 -0.666472 -0.121314 0.878906 0.460938
 42 -3.203864 -0.599553 53.227394 -0.957417 0.150738 -0.246232 0.835938 0.453125
hair2.bmp
 42 -3.054264 -1.381966 53.341190 -0.735594 -0.666472 -0.121314 0.878906 0.460938
 17 -3.512517 -0.607879 55.234005 -0.990864 0.102791 -0.087311 0.832031 0.554688
 42 -3.203864 -0.599553 53.227394 -0.957417 0.150738 -0.246232 0.835938 0.453125
hair2.bmp
 42 -3.203864 -0.599553 53.227394 -0.957417 0.150738 -0.246232 0.835938 0.453125
 17 -3.512517 -0.607879 55.234005 -0.990864 0.102791 -0.087311 0.832031 0.554688
 17 -3.202809 0.048780 55.312622 0.056031 0.997446 0.044285 0.789063 0.554688
hair2.bmp
 17 -3.512517 -0.607879 55.234005 -0.990864 0.102791 -0.087311 0.832031 0.554688
 17 -3.280858 -0.239579 57.536438 -0.576214 0.779191 0.246656 0.804688 0.675781
 17 -3.202809 0.048780 55.312622 0.056031 0.997446 0.044285 0.789063 0.554688
hair2.bmp
 17 -0.069421 -3.420842 57.158619 -0.157489 -0.934884 -0.318103 0.554688 0.125000
 17 0.686913 -3.724850 58.173527 0.090812 -0.988874 -0.117822 0.632813 0.230469
 17 0.765769 -3.720686 58.489540 0.111097 -0.992116 0.058001 0.644531 0.261719
hair2.bmp
 17 -0.069421 -3.420842 57.158619 -0.157489 -0.934884 -0.318103 0.554688 0.125000
 17 0.389275 -3.566855 57.520115 0.381187 -0.679775 -0.626580 0.601563 0.167969
 17 0.686913 -3.724850 58.173527 0.090812 -0.988874 -0.117822 0.632813 0.230469
hair2.bmp
 17 -0.069421 -3.420842 57.158619 -0.157489 -0.934884 -0.318103 0.554688 0.125000
 17 -0.118975 -3.317318 57.034817 0.453087 -0.189600 -0.871071 0.550781 0.113281
 17 0.389275 -3.566855 57.520115 0.381187 -0.679775 -0.626580 0.601563 0.167969
hair2.bmp
 17 -0.069421 -3.420842 57.158619 -0.157489 -0.934884 -0.318103 0.554688 0.125000
 17 -0.528426 -3.198645 56.881954 -0.813689 -0.387923 -0.432926 0.511719 0.093750
 17 -0.118975 -3.317318 57.034817 0.453087 -0.189600 -0.871071 0.550781 0.113281
hair2.bmp
 17 -0.069421 -3.420842 57.158619 -0.157489 -0.934884 -0.318103 0.554688 0.125000
 17 -0.189421 -3.309040 57.157978 -0.657071 -0.338087 0.673762 0.542969 0.125000
 17 -0.528426 -3.198645 56.881954 -0.813689 -0.387923 -0.432926 0.511719 0.093750
hair2.bmp
 17 -0.069421 -3.420842 57.158619 -0.157489 -0.934884 -0.318103 0.554688 0.125000
 17 0.079448 -3.436361 57.471344 -0.610694 -0.779305 0.140487 0.574219 0.160156
 17 -0.189421 -3.309040 57.157978 -0.657071 -0.338087 0.673762 0.542969 0.125000
hair2.bmp
 17 -0.069421 -3.420842 57.158619 -0.157489 -0.934884 -0.318103 0.554688 0.125000
 17 0.308284 -3.514472 57.793419 -0.861712 -0.325782 0.388996 0.597656 0.195313
 17 0.079448 -3.436361 57.471344 -0.610694 -0.779305 0.140487 0.574219 0.160156
hair2.bmp
 17 -0.069421 -3.420842 57.158619 -0.157489 -0.934884 -0.318103 0.554688 0.125000
 17 0.765769 -3.720686 58.489540 0.111097 -0.992116 0.058001 0.644531 0.261719
 17 0.308284 -3.514472 57.793419 -0.861712 -0.325782 0.388996 0.597656 0.195313
hair2.bmp
 17 -0.013654 -1.718630 61.082237 0.061693 -0.509916 0.858009 0.511719 0.980469
 17 0.407660 -2.314088 60.722618 0.243804 -0.513416 0.822778 0.507813 0.933594
 17 1.157573 -1.748760 60.745754 0.439997 -0.423545 0.791841 0.562500 0.925781
hair2.bmp
 17 1.157573 -1.748760 60.745754 0.439997 -0.423545 0.791841 0.562500 0.925781
 17 0.407660 -2.314088 60.722618 0.243804 -0.513416 0.822778 0.507813 0.933594
 17 1.670182 -2.411961 60.028820 0.576886 -0.562284 0.592486 0.554688 0.875000
hair2.bmp
 17 0.407660 -2.314088 60.722618 0.243804 -0.513416 0.822778 0.507813 0.933594
 17 0.820236 -2.816278 60.013969 0.063235 -0.898363 0.434678 0.496094 0.875000
 17 1.670182 -2.411961 60.028820 0.576886 -0.562284 0.592486 0.554688 0.875000
hair2.bmp
 17 1.670182 -2.411961 60.028820 0.576886 -0.562284 0.592486 0.554688 0.875000
 17 0.820236 -2.816278 60.013969 0.063235 -0.898363 0.434678 0.496094 0.875000
 17 1.733106 -2.825785 59.223034 0.478814 -0.779421 0.404030 0.535156 0.820313
hair2.bmp
 17 0.820236 -2.816278 60.013969 0.063235 -0.898363 0.434678 0.496094 0.875000
 17 1.716047 -3.208314 58.412426 0.046812 -0.994949 0.088804 0.507813 0.773438
 17 1.733106 -2.825785 59.223034 0.478814 -0.779421 0.404030 0.535156 0.820313
hair2.bmp
 17 1.733106 -2.825785 59.223034 0.478814 -0.779421 0.404030 0.535156 0.820313
 17 1.716047 -3.208314 58.412426 0.046812 -0.994949 0.088804 0.507813 0.773438
 17 1.896531 -3.052035 58.278625 0.926975 -0.369794 0.062999 0.515625 0.761719
hair2.bmp
 17 1.716047 -3.208314 58.412426 0.046812 -0.994949 0.088804 0.507813 0.773438
 17 1.779728 -3.045622 57.395386 0.798537 -0.537735 -0.270517 0.503906 0.714844
 17 1.896531 -3.052035 58.278625 0.926975 -0.369794 0.062999 0.515625 0.761719
hair2.bmp
 17 1.896531 -3.052035 58.278625 0.926975 -0.369794 0.062999 0.515625 0.761719
 17 1.779728 -3.045622 57.395386 0.798537 -0.537735 -0.270517 0.503906 0.714844
 17 1.917948 -2.859564 57.886585 0.968025 -0.231922 -0.095601 0.519531 0.734375
hair2.bmp
 17 -2.603055 -1.630812 55.388565 0.876473 0.479784 0.040018 0.121094 0.121094
 17 -2.261900 -2.152847 55.072350 0.855871 0.251385 0.451985 0.101563 0.097656
 17 -2.060954 -2.359940 54.812286 0.802537 0.458821 0.381336 0.097656 0.082031
hair2.bmp
 17 -2.603055 -1.630812 55.388565 0.876473 0.479784 0.040018 0.121094 0.121094
 17 -2.352321 -2.072134 55.188148 0.373408 -0.663432 0.648401 0.105469 0.105469
 17 -2.261900 -2.152847 55.072350 0.855871 0.251385 0.451985 0.101563 0.097656
hair2.bmp
 17 -2.603055 -1.630812 55.388565 0.876473 0.479784 0.040018 0.121094 0.121094
 17 -2.704987 -1.767565 55.922428 0.293777 -0.942300 0.160517 0.113281 0.148438
 17 -2.352321 -2.072134 55.188148 0.373408 -0.663432 0.648401 0.105469 0.105469
hair2.bmp
 17 -2.603055 -1.630812 55.388565 0.876473 0.479784 0.040018 0.121094 0.121094
 17 -2.818822 -1.256679 56.979183 0.956802 0.284914 0.057915 0.128906 0.187500
 17 -2.704987 -1.767565 55.922428 0.293777 -0.942300 0.160517 0.113281 0.148438
hair2.bmp
 17 -2.603055 -1.630812 55.388565 0.876473 0.479784 0.040018 0.121094 0.121094
 17 -3.074712 -1.072745 55.842880 0.652789 0.733687 -0.188599 0.140625 0.132813
 17 -2.818822 -1.256679 56.979183 0.956802 0.284914 0.057915 0.128906 0.187500
hair2.bmp
 17 -2.603055 -1.630812 55.388565 0.876473 0.479784 0.040018 0.121094 0.121094
 17 -2.401406 -1.843631 54.934422 0.086654 0.447489 -0.890081 0.121094 0.097656
 17 -3.074712 -1.072745 55.842880 0.652789 0.733687 -0.188599 0.140625 0.132813
hair2.bmp
 17 -2.603055 -1.630812 55.388565 0.876473 0.479784 0.040018 0.121094 0.121094
 17 -2.180948 -2.146177 54.809666 0.847021 0.502510 0.173319 0.105469 0.082031
 17 -2.401406 -1.843631 54.934422 0.086654 0.447489 -0.890081 0.121094 0.097656
hair2.bmp
 17 -2.603055 -1.630812 55.388565 0.876473 0.479784 0.040018 0.121094 0.121094
 17 -2.060954 -2.359940 54.812286 0.755103 0.408099 0.513102 0.097656 0.082031
 17 -2.180948 -2.146177 54.809666 0.847021 0.502510 0.173319 0.105469 0.082031
hair2.bmp
 17 2.764316 -1.658026 56.124493 -0.908215 0.283109 0.308212 0.191406 0.289063
 17 2.546811 -1.645889 55.434967 -0.897336 0.402481 0.181100 0.195313 0.265625
 17 2.347798 -2.074824 55.164028 -0.355596 -0.663182 0.658590 0.183594 0.246094
hair2.bmp
 17 2.347798 -2.074824 55.164028 -0.355596 -0.663182 0.658590 0.183594 0.246094
 17 2.546811 -1.645889 55.434967 -0.897336 0.402481 0.181100 0.195313 0.265625
 17 2.089042 -2.338423 54.821011 -0.719902 -0.657989 -0.220890 0.179688 0.218750
hair2.bmp
 17 2.546811 -1.645889 55.434967 -0.897336 0.402481 0.181100 0.195313 0.265625
 17 2.328700 -1.938439 54.914158 -0.214316 0.539222 -0.814437 0.195313 0.238281
 17 2.089042 -2.338423 54.821011 -0.719902 -0.657989 -0.220890 0.179688 0.218750
hair2.bmp
 17 2.089042 -2.338423 54.821011 -0.719902 -0.657989 -0.220890 0.179688 0.218750
 17 2.328700 -1.938439 54.914158 -0.214316 0.539222 -0.814437 0.195313 0.238281
 17 2.238836 -2.196103 54.877640 0.672580 -0.500198 -0.545378 0.191406 0.222656
hair2.bmp
 17 2.328700 -1.938439 54.914158 -0.214316 0.539222 -0.814437 0.195313 0.238281
 17 2.488293 -1.826427 55.026333 0.370892 0.363708 -0.854492 0.199219 0.246094
 17 2.238836 -2.196103 54.877640 0.672580 -0.500198 -0.545378 0.191406 0.222656
hair2.bmp
 17 2.238836 -2.196103 54.877640 0.672580 -0.500198 -0.545378 0.191406 0.222656
 17 2.488293 -1.826427 55.026333 0.370892 0.363708 -0.854492 0.199219 0.246094
 17 2.468243 -1.971297 55.040840 0.744700 -0.531905 -0.403112 0.203125 0.238281
hair2.bmp
 17 2.488293 -1.826427 55.026333 0.370892 0.363708 -0.854492 0.199219 0.246094
 17 2.727711 -1.672285 55.187019 0.641536 0.092110 -0.761543 0.210938 0.265625
 17 2.468243 -1.971297 55.040840 0.744700 -0.531905 -0.403112 0.203125 0.238281
hair2.bmp
 17 -0.098977 -3.601099 59.798325 0.109724 -0.839061 0.532857 0.554688 0.394531
 17 0.225279 -3.918109 58.624798 0.247188 -0.968288 0.036297 0.582031 0.277344
 17 0.682886 -3.589521 59.285046 0.394198 -0.861999 0.318694 0.625000 0.343750
hair2.bmp
 17 0.682886 -3.589521 59.285046 0.394198 -0.861999 0.318694 0.625000 0.343750
 17 0.225279 -3.918109 58.624798 0.247188 -0.968288 0.036297 0.582031 0.277344
 17 0.606149 -3.681528 58.384239 0.560951 -0.819221 -0.119207 0.621094 0.250000
hair2.bmp
 17 0.225279 -3.918109 58.624798 0.247188 -0.968288 0.036297 0.582031 0.277344
 17 0.048509 -3.849104 57.732277 0.091998 -0.953079 -0.288403 0.562500 0.199219
 17 0.606149 -3.681528 58.384239 0.560951 -0.819221 -0.119207 0.621094 0.250000
hair2.bmp
 17 0.606149 -3.681528 58.384239 0.560951 -0.819221 -0.119207 0.621094 0.250000
 17 0.048509 -3.849104 57.732277 0.091998 -0.953079 -0.288403 0.562500 0.199219
 17 0.059320 -3.686734 57.507515 0.602157 -0.279200 -0.747966 0.558594 0.175781
hair2.bmp
 17 0.048509 -3.849104 57.732277 0.091998 -0.953079 -0.288403 0.562500 0.199219
 17 -0.718508 -3.294309 56.904697 -0.109097 -0.512778 -0.851561 0.480469 0.109375
 17 0.059320 -3.686734 57.507515 0.602157 -0.279200 -0.747966 0.558594 0.175781
hair2.bmp
 17 0.059320 -3.686734 57.507515 0.602157 -0.279200 -0.747966 0.558594 0.175781
 17 -0.718508 -3.294309 56.904697 -0.109097 -0.512778 -0.851561 0.480469 0.109375
 17 -0.778418 -3.208491 56.879280 -0.514364 0.699867 -0.495597 0.472656 0.101563
hair2.bmp
 17 -0.718508 -3.294309 56.904697 -0.109097 -0.512778 -0.851561 0.480469 0.109375
 17 -0.728964 -3.327169 57.030838 -0.861712 -0.325782 0.388996 0.476563 0.109375
 17 -0.778418 -3.208491 56.879280 -0.514364 0.699867 -0.495597 0.472656 0.101563
hair2.bmp
 17 1.640280 -3.099572 57.242928 0.011611 -0.924831 -0.380202 0.488281 0.707031
 17 1.779728 -3.045622 57.395386 0.798537 -0.537735 -0.270517 0.503906 0.714844
 17 1.716047 -3.208314 58.412426 0.046812 -0.994949 0.088804 0.507813 0.773438
hair2.bmp
 17 1.640280 -3.099572 57.242928 0.011611 -0.924831 -0.380202 0.488281 0.707031
 17 1.640887 -2.906687 57.074417 0.553099 0.705194 -0.443603 0.488281 0.687500
 17 1.779728 -3.045622 57.395386 0.798537 -0.537735 -0.270517 0.503906 0.714844
hair2.bmp
 17 1.640280 -3.099572 57.242928 0.011611 -0.924831 -0.380202 0.488281 0.707031
 17 1.491462 -2.939182 56.915619 0.520966 -0.652958 -0.549764 0.480469 0.683594
 17 1.640887 -2.906687 57.074417 0.553099 0.705194 -0.443603 0.488281 0.687500
hair2.bmp
 17 1.640280 -3.099572 57.242928 0.011611 -0.924831 -0.380202 0.488281 0.707031
 17 1.560562 -3.024585 57.164680 -0.642228 -0.763937 -0.062801 0.480469 0.699219
 17 1.491462 -2.939182 56.915619 0.520966 -0.652958 -0.549764 0.480469 0.683594
hair2.bmp
 17 1.640280 -3.099572 57.242928 0.011611 -0.924831 -0.380202 0.488281 0.707031
 17 1.580205 -3.042291 57.263172 -0.709870 -0.704316 0.004891 0.480469 0.714844
 17 1.560562 -3.024585 57.164680 -0.642228 -0.763937 -0.062801 0.480469 0.699219
hair2.bmp
 17 1.640280 -3.099572 57.242928 0.011611 -0.924831 -0.380202 0.488281 0.707031
 17 1.587129 -3.063078 58.112949 -0.703486 -0.707685 -0.065494 0.484375 0.757813
 17 1.580205 -3.042291 57.263172 -0.709870 -0.704316 0.004891 0.480469 0.714844
hair2.bmp
 17 1.640280 -3.099572 57.242928 0.011611 -0.924831 -0.380202 0.488281 0.707031
 17 1.716047 -3.208314 58.412426 0.046812 -0.994949 0.088804 0.507813 0.773438
 17 1.587129 -3.063078 58.112949 -0.703486 -0.707685 -0.065494 0.484375 0.757813
hair2.bmp
 17 2.931726 -1.471554 56.839409 0.655906 -0.745828 0.116308 0.667969 0.660156
 17 2.724226 -1.743845 56.149551 0.939089 -0.072793 -0.335878 0.648438 0.621094
 17 2.743567 -1.583406 56.330894 0.918629 0.207529 -0.336233 0.656250 0.628906
hair2.bmp
 17 2.931726 -1.471554 56.839409 0.655906 -0.745828 0.116308 0.667969 0.660156
 17 2.882594 -1.835134 56.601089 0.861397 -0.430164 -0.270101 0.640625 0.648438
 17 2.724226 -1.743845 56.149551 0.939089 -0.072793 -0.335878 0.648438 0.621094
hair2.bmp
 17 2.931726 -1.471554 56.839409 0.655906 -0.745828 0.116308 0.667969 0.660156
 17 2.908070 -1.948199 57.850914 0.942619 -0.311901 0.119110 0.628906 0.730469
 17 2.882594 -1.835134 56.601089 0.861397 -0.430164 -0.270101 0.640625 0.648438
hair2.bmp
 17 2.931726 -1.471554 56.839409 0.655906 -0.745828 0.116308 0.667969 0.660156
 17 2.816628 -1.714913 58.248177 0.966788 -0.177610 0.183784 0.636719 0.753906
 17 2.908070 -1.948199 57.850914 0.942619 -0.311901 0.119110 0.628906 0.730469
hair2.bmp
 17 2.931726 -1.471554 56.839409 0.655906 -0.745828 0.116308 0.667969 0.660156
 17 2.886298 -1.497399 58.338364 0.877647 -0.479112 0.013707 0.652344 0.761719
 17 2.816628 -1.714913 58.248177 0.966788 -0.177610 0.183784 0.636719 0.753906
hair2.bmp
 17 2.931726 -1.471554 56.839409 0.655906 -0.745828 0.116308 0.667969 0.660156
 17 3.209381 -1.323665 57.486816 0.466407 -0.884480 0.012602 0.679688 0.710938
 17 2.886298 -1.497399 58.338364 0.877647 -0.479112 0.013707 0.652344 0.761719
hair2.bmp
 17 2.931726 -1.471554 56.839409 0.655906 -0.745828 0.116308 0.667969 0.660156
 17 2.764316 -1.658026 56.124493 0.620008 -0.784589 0.003251 0.679688 0.593750
 17 3.209381 -1.323665 57.486816 0.466407 -0.884480 0.012602 0.679688 0.710938
hair2.bmp
 17 -3.381452 -1.224930 57.704262 -0.703486 -0.707685 -0.065494 0.035156 0.875000
 17 -3.164651 -1.505928 58.589272 -0.574894 0.709083 0.408286 0.050781 0.925781
 17 -2.986054 -1.555295 58.977299 -0.318094 0.914449 0.250199 0.050781 0.953125
hair2.bmp
 17 -3.381452 -1.224930 57.704262 -0.703486 -0.707685 -0.065494 0.035156 0.875000
 17 -3.480916 -1.310175 57.556480 -0.727834 0.658822 0.190293 0.042969 0.867188
 17 -3.164651 -1.505928 58.589272 -0.574894 0.709083 0.408286 0.050781 0.925781
hair2.bmp
 17 -3.381452 -1.224930 57.704262 -0.703486 -0.707685 -0.065494 0.035156 0.875000
 17 -3.542645 -1.132839 55.271542 -0.673387 0.734754 0.081770 0.035156 0.734375
 17 -3.480916 -1.310175 57.556480 -0.727834 0.658822 0.190293 0.042969 0.867188
hair2.bmp
 17 -3.381452 -1.224930 57.704262 -0.703486 -0.707685 -0.065494 0.035156 0.875000
 42 -3.427749 -0.955338 54.300564 -0.067113 -0.991233 0.113808 0.027344 0.679688
 17 -3.542645 -1.132839 55.271542 -0.673387 0.734754 0.081770 0.035156 0.734375
hair2.bmp
 17 -3.381452 -1.224930 57.704262 -0.703486 -0.707685 -0.065494 0.035156 0.875000
 17 -3.605081 -1.009952 55.943703 0.760031 -0.647247 -0.058510 0.027344 0.773438
 42 -3.427749 -0.955338 54.300564 -0.067113 -0.991233 0.113808 0.027344 0.679688
hair2.bmp
 17 -3.381452 -1.224930 57.704262 -0.703486 -0.707685 -0.065494 0.035156 0.875000
 17 -3.501182 -1.242063 57.629623 0.897755 -0.373388 -0.233703 0.039063 0.871094
 17 -3.605081 -1.009952 55.943703 0.760031 -0.647247 -0.058510 0.027344 0.773438
hair2.bmp
 17 -3.381452 -1.224930 57.704262 -0.703486 -0.707685 -0.065494 0.035156 0.875000
 17 -2.986054 -1.555295 58.977299 -0.318094 0.914449 0.250199 0.050781 0.953125
 17 -3.501182 -1.242063 57.629623 0.897755 -0.373388 -0.233703 0.039063 0.871094
hair2.bmp
 17 -0.458570 -3.093924 56.921368 -0.103898 0.602788 0.791108 0.085938 0.703125
 17 0.399804 -3.367669 57.373096 0.602157 -0.279200 -0.747966 0.085938 0.757813
 17 -0.058999 -3.226968 57.041126 0.575084 0.288816 -0.765418 0.085938 0.726563
hair2.bmp
 17 -0.058999 -3.226968 57.041126 0.575084 0.288816 -0.765418 0.085938 0.726563
 17 0.399804 -3.367669 57.373096 0.602157 -0.279200 -0.747966 0.085938 0.757813
 17 0.389744 -3.441875 57.390190 0.225013 -0.814527 -0.534710 0.085938 0.761719
hair2.bmp
 17 0.399804 -3.367669 57.373096 0.602157 -0.279200 -0.747966 0.085938 0.757813
 17 0.758271 -3.443801 57.797604 0.804298 -0.211780 -0.555206 0.085938 0.789063
 17 0.389744 -3.441875 57.390190 0.225013 -0.814527 -0.534710 0.085938 0.761719
hair2.bmp
 17 0.389744 -3.441875 57.390190 0.225013 -0.814527 -0.534710 0.085938 0.761719
 17 0.758271 -3.443801 57.797604 0.804298 -0.211780 -0.555206 0.085938 0.789063
 17 0.698401 -3.528839 57.761765 0.355701 -0.852478 -0.383090 0.085938 0.785156
hair2.bmp
 17 0.758271 -3.443801 57.797604 0.804298 -0.211780 -0.555206 0.085938 0.789063
 17 0.817872 -3.453435 57.907852 0.755212 -0.544515 -0.364908 0.085938 0.796875
 17 0.698401 -3.528839 57.761765 0.355701 -0.852478 -0.383090 0.085938 0.785156
hair2.bmp
 17 0.698401 -3.528839 57.761765 0.355701 -0.852478 -0.383090 0.085938 0.785156
 17 0.817872 -3.453435 57.907852 0.755212 -0.544515 -0.364908 0.085938 0.796875
 17 0.946181 -3.567949 58.375423 0.492809 -0.866830 -0.075799 0.085938 0.820313
hair2.bmp
 17 0.817872 -3.453435 57.907852 0.755212 -0.544515 -0.364908 0.085938 0.796875
 17 0.877396 -3.456768 58.039555 0.755212 -0.544515 -0.364908 0.085938 0.804688
 17 0.946181 -3.567949 58.375423 0.492809 -0.866830 -0.075799 0.085938 0.820313
hair2.bmp
 17 -2.777598 -2.487135 56.646198 -0.677788 -0.617500 -0.399122 0.316406 0.593750
 17 -2.589049 -2.630393 57.047855 -0.066725 -0.946859 -0.314653 0.328125 0.621094
 17 -2.579570 -2.676636 57.191978 -0.280997 -0.939257 -0.197071 0.328125 0.667969
hair2.bmp
 17 -2.777598 -2.487135 56.646198 -0.677788 -0.617500 -0.399122 0.316406 0.593750
 17 -2.596991 -2.406051 56.478550 0.640236 -0.606210 -0.471812 0.324219 0.585938
 17 -2.589049 -2.630393 57.047855 -0.066725 -0.946859 -0.314653 0.328125 0.621094
hair2.bmp
 17 -2.777598 -2.487135 56.646198 -0.677788 -0.617500 -0.399122 0.316406 0.593750
 17 -2.606134 -2.200773 56.241112 0.669867 -0.398186 -0.626678 0.324219 0.558594
 17 -2.596991 -2.406051 56.478550 0.640236 -0.606210 -0.471812 0.324219 0.585938
hair2.bmp
 17 -2.777598 -2.487135 56.646198 -0.677788 -0.617500 -0.399122 0.316406 0.593750
 17 -2.645772 -2.081105 56.140568 0.030503 0.631972 -0.774391 0.316406 0.550781
 17 -2.606134 -2.200773 56.241112 0.669867 -0.398186 -0.626678 0.324219 0.558594
hair2.bmp
 17 -2.777598 -2.487135 56.646198 -0.677788 -0.617500 -0.399122 0.316406 0.593750
 17 -2.818806 -2.384553 56.979485 -0.983487 -0.172509 -0.054714 0.304688 0.617188
 17 -2.645772 -2.081105 56.140568 0.030503 0.631972 -0.774391 0.316406 0.550781
hair2.bmp
 17 -2.777598 -2.487135 56.646198 -0.677788 -0.617500 -0.399122 0.316406 0.593750
 17 -2.712493 -2.761006 57.999329 -0.827212 -0.550717 0.111496 0.316406 0.691406
 17 -2.818806 -2.384553 56.979485 -0.983487 -0.172509 -0.054714 0.304688 0.617188
hair2.bmp
 17 -2.777598 -2.487135 56.646198 -0.677788 -0.617500 -0.399122 0.316406 0.593750
 17 -2.579570 -2.676636 57.191978 -0.423927 -0.891052 -0.162210 0.328125 0.667969
 17 -2.712493 -2.761006 57.999329 -0.827212 -0.550717 0.111496 0.316406 0.691406
hair2.bmp
 17 -1.897961 -2.779415 56.749210 0.065891 -0.735694 -0.674102 0.359375 0.078125
 17 -1.729318 -3.284067 57.126415 -0.143613 -0.763225 -0.629970 0.386719 0.132813
 17 -2.028593 -2.932934 56.924328 -0.987876 -0.074688 -0.136096 0.355469 0.097656
hair2.bmp
 17 -2.028593 -2.932934 56.924328 -0.987876 -0.074688 -0.136096 0.355469 0.097656
 17 -1.729318 -3.284067 57.126415 -0.143613 -0.763225 -0.629970 0.386719 0.132813
 17 -1.861203 -3.489716 57.647778 -0.748767 -0.643443 -0.159149 0.386719 0.179688
hair2.bmp
 17 -1.729318 -3.284067 57.126415 -0.143613 -0.763225 -0.629970 0.386719 0.132813
 17 -1.030998 -3.530060 57.592720 -0.923967 0.081490 0.373690 0.449219 0.171875
 17 -1.861203 -3.489716 57.647778 -0.748767 -0.643443 -0.159149 0.386719 0.179688
hair2.bmp
 17 -1.861203 -3.489716 57.647778 -0.748767 -0.643443 -0.159149 0.386719 0.179688
 17 -1.030998 -3.530060 57.592720 -0.923967 0.081490 0.373690 0.449219 0.171875
 17 -0.982434 -3.804807 57.990532 -0.245784 -0.959177 -0.139889 0.453125 0.207031
hair2.bmp
 17 -1.030998 -3.530060 57.592720 -0.923967 0.081490 0.373690 0.449219 0.171875
 17 -1.378958 -3.164395 57.027287 -0.730705 0.072704 0.678811 0.417969 0.113281
 17 -0.982434 -3.804807 57.990532 -0.245784 -0.959177 -0.139889 0.453125 0.207031
hair2.bmp
 17 -0.982434 -3.804807 57.990532 -0.245784 -0.959177 -0.139889 0.453125 0.207031
 17 -1.378958 -3.164395 57.027287 -0.730705 0.072704 0.678811 0.417969 0.113281
 17 -1.309246 -3.341343 57.107471 -0.789356 -0.610851 -0.061471 0.429688 0.125000
hair2.bmp
 17 -1.378958 -3.164395 57.027287 -0.730705 0.072704 0.678811 0.417969 0.113281
 17 -1.618064 -2.957349 56.779175 -0.681590 0.103314 0.724404 0.398438 0.089844
 17 -1.309246 -3.341343 57.107471 -0.789356 -0.610851 -0.061471 0.429688 0.125000
hair2.bmp
 43 2.856473 -0.441550 52.590279 0.297411 0.891004 -0.343014 0.824219 0.417969
 43 2.844418 -0.340324 53.157120 -0.436901 0.887583 -0.145991 0.800781 0.441406
 43 2.974562 -0.282259 53.117233 -0.436901 0.887583 -0.145991 0.816406 0.441406
hair2.bmp
 43 2.974562 -0.282259 53.117233 -0.436901 0.887583 -0.145991 0.816406 0.441406
 43 2.844418 -0.340324 53.157120 -0.436901 0.887583 -0.145991 0.800781 0.441406
 17 3.171267 -0.000635 54.198967 0.203386 0.882395 -0.424279 0.804688 0.496094
hair2.bmp
 43 2.844418 -0.340324 53.157120 -0.436901 0.887583 -0.145991 0.800781 0.441406
 17 3.049949 0.045653 54.562477 0.299520 0.954046 -0.009212 0.785156 0.519531
 17 3.171267 -0.000635 54.198967 0.203386 0.882395 -0.424279 0.804688 0.496094
hair2.bmp
 17 3.171267 -0.000635 54.198967 0.203386 0.882395 -0.424279 0.804688 0.496094
 17 3.049949 0.045653 54.562477 0.299520 0.954046 -0.009212 0.785156 0.519531
 17 3.310867 -0.131265 57.071743 0.548044 0.820390 0.163118 0.808594 0.636719
hair2.bmp
 17 3.049949 0.045653 54.562477 0.299520 0.954046 -0.009212 0.785156 0.519531
 17 3.049163 -0.277082 57.542435 -0.131591 0.957709 0.255887 0.785156 0.671875
 17 3.310867 -0.131265 57.071743 0.548044 0.820390 0.163118 0.808594 0.636719
hair2.bmp
 17 3.310867 -0.131265 57.071743 0.548044 0.820390 0.163118 0.808594 0.636719
 17 3.049163 -0.277082 57.542435 -0.131591 0.957709 0.255887 0.785156 0.671875
 17 3.065661 -0.542722 58.510765 0.451886 0.789775 0.414794 0.808594 0.734375
hair2.bmp
 17 3.049163 -0.277082 57.542435 -0.131591 0.957709 0.255887 0.785156 0.671875
 17 2.885951 -0.589383 58.430595 -0.273563 0.933080 0.233508 0.792969 0.730469
 17 3.065661 -0.542722 58.510765 0.451886 0.789775 0.414794 0.808594 0.734375
hair2.bmp
 17 1.457749 -1.739902 60.697632 0.411599 -0.298790 0.860994 0.878906 0.906250
 17 0.576921 -1.537349 60.923935 0.228894 0.245509 0.941983 0.886719 0.968750
 17 0.516683 -1.732212 60.990265 0.279596 0.278804 0.918746 0.910156 0.960938
hair2.bmp
 17 1.457749 -1.739902 60.697632 0.411599 -0.298790 0.860994 0.878906 0.906250
 17 1.879371 -1.252373 60.248352 0.570910 0.316117 0.757715 0.843750 0.875000
 17 0.576921 -1.537349 60.923935 0.228894 0.245509 0.941983 0.886719 0.968750
hair2.bmp
 17 1.457749 -1.739902 60.697632 0.411599 -0.298790 0.860994 0.878906 0.906250
 17 2.450853 -1.493724 59.841217 0.776487 -0.061719 0.627104 0.855469 0.828125
 17 1.879371 -1.252373 60.248352 0.570910 0.316117 0.757715 0.843750 0.875000
hair2.bmp
 17 1.457749 -1.739902 60.697632 0.411599 -0.298790 0.860994 0.878906 0.906250
 17 2.282089 -2.022067 59.501701 0.699020 -0.549012 0.458211 0.902344 0.812500
 17 2.450853 -1.493724 59.841217 0.776487 -0.061719 0.627104 0.855469 0.828125
hair2.bmp
 17 1.457749 -1.739902 60.697632 0.411599 -0.298790 0.860994 0.878906 0.906250
 17 1.498446 -1.847589 60.505672 0.414293 -0.764682 0.493581 0.906250 0.894531
 17 2.282089 -2.022067 59.501701 0.699020 -0.549012 0.458211 0.902344 0.812500
hair2.bmp
 17 1.457749 -1.739902 60.697632 0.411599 -0.298790 0.860994 0.878906 0.906250
 17 0.516683 -1.732212 60.990265 0.279596 0.278804 0.918746 0.910156 0.960938
 17 1.498446 -1.847589 60.505672 0.414293 -0.764682 0.493581 0.906250 0.894531
hair2.bmp
 17 2.411016 -2.666145 57.039192 0.266196 -0.906363 -0.328093 0.558594 0.679688
 17 2.353264 -2.229028 56.416542 -0.011799 -0.777177 -0.629172 0.570313 0.640625
 17 2.482163 -2.344739 56.721333 0.652976 -0.626566 -0.425484 0.570313 0.656250
hair2.bmp
 17 2.411016 -2.666145 57.039192 0.266196 -0.906363 -0.328093 0.558594 0.679688
 17 2.331971 -2.496694 56.774734 -0.706913 -0.489631 -0.510427 0.554688 0.660156
 17 2.353264 -2.229028 56.416542 -0.011799 -0.777177 -0.629172 0.570313 0.640625
hair2.bmp
 17 2.411016 -2.666145 57.039192 0.266196 -0.906363 -0.328093 0.558594 0.679688
 17 2.138913 -2.709793 57.619671 -0.905487 -0.326081 -0.271596 0.546875 0.687500
 17 2.331971 -2.496694 56.774734 -0.706913 -0.489631 -0.510427 0.554688 0.660156
hair2.bmp
 17 2.411016 -2.666145 57.039192 0.266196 -0.906363 -0.328093 0.558594 0.679688
 17 2.287903 -2.851488 57.899536 0.294965 -0.953170 -0.066807 0.554688 0.734375
 17 2.138913 -2.709793 57.619671 -0.905487 -0.326081 -0.271596 0.546875 0.687500
hair2.bmp
 17 2.411016 -2.666145 57.039192 0.266196 -0.906363 -0.328093 0.558594 0.679688
 17 2.540288 -2.458265 57.239632 0.868504 -0.493103 -0.050500 0.574219 0.691406
 17 2.287903 -2.851488 57.899536 0.294965 -0.953170 -0.066807 0.554688 0.734375
hair2.bmp
 17 2.411016 -2.666145 57.039192 0.266196 -0.906363 -0.328093 0.558594 0.679688
 17 2.482163 -2.344739 56.721333 0.652976 -0.626566 -0.425484 0.570313 0.656250
 17 2.540288 -2.458265 57.239632 0.868504 -0.493103 -0.050500 0.574219 0.691406
hair2.bmp
 42 -2.095737 -1.151083 50.988293 -0.689148 0.151371 -0.708634 0.843750 0.335938
 42 -2.637566 -1.272689 51.492805 -0.870333 -0.079985 -0.485925 0.859375 0.363281
 42 -2.276686 -0.994970 51.249416 -0.648606 0.444285 -0.617997 0.843750 0.355469
hair2.bmp
 42 -2.276686 -0.994970 51.249416 -0.648606 0.444285 -0.617997 0.843750 0.355469
 42 -2.637566 -1.272689 51.492805 -0.870333 -0.079985 -0.485925 0.859375 0.363281
 42 -2.851476 -0.429936 52.568264 -0.247413 0.869345 -0.427816 0.824219 0.414063
hair2.bmp
 42 -2.637566 -1.272689 51.492805 -0.870333 -0.079985 -0.485925 0.859375 0.363281
 42 -3.203864 -0.599553 53.227394 -0.957417 0.150738 -0.246232 0.835938 0.453125
 42 -2.851476 -0.429936 52.568264 -0.247413 0.869345 -0.427816 0.824219 0.414063
hair2.bmp
 42 -2.851476 -0.429936 52.568264 -0.247413 0.869345 -0.427816 0.824219 0.414063
 42 -3.203864 -0.599553 53.227394 -0.957417 0.150738 -0.246232 0.835938 0.453125
 42 -3.095729 -0.122766 53.740307 -0.502806 0.594523 -0.627478 0.808594 0.476563
hair2.bmp
 42 -3.203864 -0.599553 53.227394 -0.957417 0.150738 -0.246232 0.835938 0.453125
 17 -3.202809 0.048780 55.312622 0.056031 0.997446 0.044285 0.789063 0.554688
 42 -3.095729 -0.122766 53.740307 -0.502806 0.594523 -0.627478 0.808594 0.476563
hair2.bmp
 42 -3.095729 -0.122766 53.740307 -0.502806 0.594523 -0.627478 0.808594 0.476563
 17 -3.202809 0.048780 55.312622 0.056031 0.997446 0.044285 0.789063 0.554688
 42 -2.946109 -0.161925 53.845570 0.809363 0.587270 0.006820 0.785156 0.492188
hair2.bmp
 17 -2.735840 -2.033668 56.158939 0.449493 -0.478232 -0.754487 0.265625 0.550781
 17 -2.897327 -2.229681 56.570156 -0.457482 -0.847561 -0.268982 0.269531 0.585938
 17 -2.755330 -1.804957 56.017124 -0.831897 0.229710 -0.505154 0.253906 0.539063
hair2.bmp
 17 -2.755330 -1.804957 56.017124 -0.831897 0.229710 -0.505154 0.253906 0.539063
 17 -2.897327 -2.229681 56.570156 -0.457482 -0.847561 -0.268982 0.269531 0.585938
 17 -2.849974 -1.791849 57.299377 -0.740662 0.666226 -0.086962 0.242188 0.632813
hair2.bmp
 17 -2.897327 -2.229681 56.570156 -0.457482 -0.847561 -0.268982 0.269531 0.585938
 17 -3.009421 -1.957602 57.147053 -0.931168 0.304111 -0.201102 0.257813 0.628906
 17 -2.849974 -1.791849 57.299377 -0.740662 0.666226 -0.086962 0.242188 0.632813
hair2.bmp
 17 -2.849974 -1.791849 57.299377 -0.740662 0.666226 -0.086962 0.242188 0.632813
 17 -3.009421 -1.957602 57.147053 -0.931168 0.304111 -0.201102 0.257813 0.628906
 17 -2.863478 -1.833883 58.267181 -0.953695 -0.253415 0.162008 0.246094 0.710938
hair2.bmp
 17 -3.009421 -1.957602 57.147053 -0.931168 0.304111 -0.201102 0.257813 0.628906
 17 -2.653431 -2.512771 58.257572 -0.931378 -0.278809 0.234094 0.300781 0.714844
 17 -2.863478 -1.833883 58.267181 -0.953695 -0.253415 0.162008 0.246094 0.710938
hair2.bmp
 17 -2.863478 -1.833883 58.267181 -0.953695 -0.253415 0.162008 0.246094 0.710938
 17 -2.653431 -2.512771 58.257572 -0.931378 -0.278809 0.234094 0.300781 0.714844
 17 -2.616026 -2.153674 58.972591 -0.861712 -0.325782 0.388996 0.277344 0.773438
hair2.bmp
 17 -3.133793 -1.291454 55.589947 -0.753203 -0.010804 -0.657700 0.171875 0.511719
 17 -3.357494 -1.201016 56.611305 -0.809685 -0.560485 -0.173974 0.187500 0.585938
 17 -3.366754 -1.042187 56.406155 -0.933797 -0.307105 -0.183600 0.167969 0.574219
hair2.bmp
 17 -3.133793 -1.291454 55.589947 -0.753203 -0.010804 -0.657700 0.171875 0.511719
 17 -2.704987 -1.767565 55.922428 0.293777 -0.942300 0.160517 0.226563 0.519531
 17 -3.357494 -1.201016 56.611305 -0.809685 -0.560485 -0.173974 0.187500 0.585938
hair2.bmp
 17 -3.133793 -1.291454 55.589947 -0.753203 -0.010804 -0.657700 0.171875 0.511719
 17 -2.452091 -2.030216 55.124203 -0.735114 -0.627789 -0.255908 0.230469 0.429688
 17 -2.704987 -1.767565 55.922428 0.293777 -0.942300 0.160517 0.226563 0.519531
hair2.bmp
 17 -3.133793 -1.291454 55.589947 -0.753203 -0.010804 -0.657700 0.171875 0.511719
 17 -2.060954 -2.359940 54.812286 -0.723904 -0.338404 -0.601203 0.257813 0.371094
 17 -2.452091 -2.030216 55.124203 -0.735114 -0.627789 -0.255908 0.230469 0.429688
hair2.bmp
 17 -3.133793 -1.291454 55.589947 -0.753203 -0.010804 -0.657700 0.171875 0.511719
 17 -2.401406 -1.843631 54.934422 0.086654 0.447489 -0.890081 0.203125 0.417969
 17 -2.060954 -2.359940 54.812286 -0.723904 -0.338404 -0.601203 0.257813 0.371094
hair2.bmp
 17 -3.133793 -1.291454 55.589947 -0.753203 -0.010804 -0.657700 0.171875 0.511719
 17 -3.074712 -1.072745 55.842880 0.652789 0.733687 -0.188599 0.160156 0.531250
 17 -2.401406 -1.843631 54.934422 0.086654 0.447489 -0.890081 0.203125 0.417969
hair2.bmp
 17 3.534003 -1.195441 56.210499 0.271694 -0.954823 -0.120395 0.039063 0.789063
 17 3.420311 -1.175665 57.229706 0.154221 -0.988008 0.007493 0.031250 0.847656
 17 3.508255 -1.116224 55.035866 -0.958616 -0.282784 0.033000 0.035156 0.722656
hair2.bmp
 17 3.534003 -1.195441 56.210499 0.271694 -0.954823 -0.120395 0.039063 0.789063
 17 3.469971 -1.162074 57.323776 0.068702 0.953022 0.295008 0.031250 0.855469
 17 3.420311 -1.175665 57.229706 0.154221 -0.988008 0.007493 0.031250 0.847656
hair2.bmp
 17 3.534003 -1.195441 56.210499 0.271694 -0.954823 -0.120395 0.039063 0.789063
 17 3.175422 -1.510363 58.580933 0.563801 -0.825550 0.024415 0.046875 0.925781
 17 3.469971 -1.162074 57.323776 0.068702 0.953022 0.295008 0.031250 0.855469
hair2.bmp
 17 3.534003 -1.195441 56.210499 0.271694 -0.954823 -0.120395 0.039063 0.789063
 17 3.642560 -1.073954 56.608692 0.888096 0.437467 0.141097 0.031250 0.812500
 17 3.175422 -1.510363 58.580933 0.563801 -0.825550 0.024415 0.046875 0.925781
hair2.bmp
 17 3.534003 -1.195441 56.210499 0.271694 -0.954823 -0.120395 0.039063 0.789063
 43 3.402595 -0.979792 53.663895 0.654294 0.752813 0.071923 0.031250 0.644531
 17 3.642560 -1.073954 56.608692 0.888096 0.437467 0.141097 0.031250 0.812500
hair2.bmp
 17 3.534003 -1.195441 56.210499 0.271694 -0.954823 -0.120395 0.039063 0.789063
 43 3.429660 -1.105299 54.474583 0.939630 -0.335487 -0.067407 0.035156 0.687500
 43 3.402595 -0.979792 53.663895 0.654294 0.752813 0.071923 0.031250 0.644531
hair2.bmp
 17 1.146548 -3.346317 58.273773 0.781405 -0.622805 0.038996 0.042969 0.222656
 17 1.193384 -3.127354 59.146503 0.508113 -0.797496 0.325301 0.042969 0.269531
 17 1.133615 -3.197238 59.082912 0.607031 -0.740927 0.287300 0.042969 0.265625
hair2.bmp
 17 1.146548 -3.346317 58.273773 0.781405 -0.622805 0.038996 0.042969 0.222656
 17 1.205905 -3.266384 58.450935 0.521596 -0.836370 0.168593 0.042969 0.234375
 17 1.193384 -3.127354 59.146503 0.508113 -0.797496 0.325301 0.042969 0.269531
hair2.bmp
 17 1.146548 -3.346317 58.273773 0.781405 -0.622805 0.038996 0.042969 0.222656
 17 1.147785 -3.325484 57.932064 0.694296 -0.718768 -0.036404 0.042969 0.203125
 17 1.205905 -3.266384 58.450935 0.521596 -0.836370 0.168593 0.042969 0.234375
hair2.bmp
 17 1.146548 -3.346317 58.273773 0.781405 -0.622805 0.038996 0.042969 0.222656
 17 1.108109 -3.370372 57.842560 0.435707 -0.878020 -0.198091 0.042969 0.199219
 17 1.147785 -3.325484 57.932064 0.694296 -0.718768 -0.036404 0.042969 0.203125
hair2.bmp
 17 1.146548 -3.346317 58.273773 0.781405 -0.622805 0.038996 0.042969 0.222656
 17 0.959746 -3.339906 57.390278 -0.428313 -0.896231 0.115405 0.042969 0.167969
 17 1.108109 -3.370372 57.842560 0.435707 -0.878020 -0.198091 0.042969 0.199219
hair2.bmp
 17 1.146548 -3.346317 58.273773 0.781405 -0.622805 0.038996 0.042969 0.222656
 17 0.909542 -3.309391 57.446388 -0.580112 -0.800399 0.151099 0.042969 0.171875
 17 0.959746 -3.339906 57.390278 -0.428313 -0.896231 0.115405 0.042969 0.167969
hair2.bmp
 17 -3.280858 -0.239579 57.536438 -0.576214 0.779191 0.246656 0.804688 0.675781
 17 -3.512517 -0.607879 55.234005 -0.990864 0.102791 -0.087311 0.832031 0.554688
 17 -3.381810 -1.405420 57.803879 -0.965679 -0.203601 0.161279 0.851563 0.691406
hair2.bmp
 17 -3.381810 -1.405420 57.803879 -0.965679 -0.203601 0.161279 0.851563 0.691406
 17 -3.512517 -0.607879 55.234005 -0.990864 0.102791 -0.087311 0.832031 0.554688
 17 -3.336363 -1.683687 56.301014 -0.603481 -0.788569 -0.118194 0.875000 0.613281
hair2.bmp
 17 -3.512517 -0.607879 55.234005 -0.990864 0.102791 -0.087311 0.832031 0.554688
 42 -3.054264 -1.381966 53.341190 -0.735594 -0.666472 -0.121314 0.878906 0.460938
 17 -3.336363 -1.683687 56.301014 -0.603481 -0.788569 -0.118194 0.875000 0.613281
hair2.bmp
 17 -3.336363 -1.683687 56.301014 -0.603481 -0.788569 -0.118194 0.875000 0.613281
 42 -3.054264 -1.381966 53.341190 -0.735594 -0.666472 -0.121314 0.878906 0.460938
 17 -3.054410 -1.525476 55.761505 0.815469 -0.578502 -0.018595 0.902344 0.585938
hair2.bmp
 42 -3.054264 -1.381966 53.341190 -0.735594 -0.666472 -0.121314 0.878906 0.460938
 42 -2.907259 -1.418894 54.168247 0.017919 -0.998528 -0.051202 0.898438 0.503906
 17 -3.054410 -1.525476 55.761505 0.815469 -0.578502 -0.018595 0.902344 0.585938
hair2.bmp
 17 2.780753 -2.384263 57.111565 0.743825 -0.656638 -0.124704 0.597656 0.683594
 17 2.819982 -2.056509 57.323082 0.978108 -0.177887 0.107990 0.613281 0.695313
 17 2.365238 -2.607735 58.634590 0.744678 -0.594879 0.302612 0.578125 0.777344
hair2.bmp
 17 2.780753 -2.384263 57.111565 0.743825 -0.656638 -0.124704 0.597656 0.683594
 17 2.644167 -1.929856 56.166599 0.744700 -0.531905 -0.403112 0.621094 0.628906
 17 2.819982 -2.056509 57.323082 0.978108 -0.177887 0.107990 0.613281 0.695313
hair2.bmp
 17 2.780753 -2.384263 57.111565 0.743825 -0.656638 -0.124704 0.597656 0.683594
 17 2.622457 -2.289433 56.640343 -0.277818 -0.789274 -0.547599 0.597656 0.656250
 17 2.644167 -1.929856 56.166599 0.744700 -0.531905 -0.403112 0.621094 0.628906
hair2.bmp
 17 2.780753 -2.384263 57.111565 0.743825 -0.656638 -0.124704 0.597656 0.683594
 17 2.550431 -2.451182 57.200298 -0.687094 -0.707659 -0.164680 0.585938 0.687500
 17 2.622457 -2.289433 56.640343 -0.277818 -0.789274 -0.547599 0.597656 0.656250
hair2.bmp
 17 2.780753 -2.384263 57.111565 0.743825 -0.656638 -0.124704 0.597656 0.683594
 17 2.365238 -2.607735 58.634590 0.744678 -0.594879 0.302612 0.578125 0.777344
 17 2.550431 -2.451182 57.200298 -0.687094 -0.707659 -0.164680 0.585938 0.687500
hair2.bmp
 17 -2.589342 -2.797499 57.129559 -0.440913 -0.874826 -0.200689 0.363281 0.640625
 17 -2.456606 -2.376730 56.372566 0.238920 0.266507 -0.933751 0.390625 0.589844
 17 -2.379004 -2.699283 57.036221 0.249599 -0.893502 -0.373301 0.378906 0.636719
hair2.bmp
 17 -2.589342 -2.797499 57.129559 -0.440913 -0.874826 -0.200689 0.363281 0.640625
 17 -2.708317 -2.512704 56.845062 -0.590079 -0.702997 -0.396991 0.363281 0.617188
 17 -2.456606 -2.376730 56.372566 0.238920 0.266507 -0.933751 0.390625 0.589844
hair2.bmp
 17 -2.589342 -2.797499 57.129559 -0.440913 -0.874826 -0.200689 0.363281 0.640625
 17 -2.532782 -2.826149 58.079704 -0.717521 -0.683407 0.134605 0.328125 0.703125
 17 -2.708317 -2.512704 56.845062 -0.590079 -0.702997 -0.396991 0.363281 0.617188
hair2.bmp
 17 -2.589342 -2.797499 57.129559 -0.440913 -0.874826 -0.200689 0.363281 0.640625
 17 -2.492444 -3.002523 57.987156 -0.911915 -0.400013 0.091655 0.347656 0.699219
 17 -2.532782 -2.826149 58.079704 -0.717521 -0.683407 0.134605 0.328125 0.703125
hair2.bmp
 17 -2.589342 -2.797499 57.129559 -0.440913 -0.874826 -0.200689 0.363281 0.640625
 17 -2.379004 -2.699283 57.036221 0.249599 -0.893502 -0.373301 0.378906 0.636719
 17 -2.492444 -3.002523 57.987156 -0.911915 -0.400013 0.091655 0.347656 0.699219
hair2.bmp
 17 3.344057 -1.660570 56.197258 0.622491 -0.775910 -0.102317 0.878906 0.605469
 17 3.488008 -0.579444 55.101883 0.993063 0.092008 -0.073221 0.832031 0.546875
 17 3.277825 -1.584040 57.917767 0.952560 -0.251066 0.172035 0.863281 0.699219
hair2.bmp
 17 3.344057 -1.660570 56.197258 0.622491 -0.775910 -0.102317 0.878906 0.605469
 43 2.957683 -1.042325 52.259029 0.939082 -0.072798 -0.335896 0.851563 0.402344
 17 3.488008 -0.579444 55.101883 0.993063 0.092008 -0.073221 0.832031 0.546875
hair2.bmp
 17 3.344057 -1.660570 56.197258 0.622491 -0.775910 -0.102317 0.878906 0.605469
 43 3.003725 -1.401648 53.352859 0.622482 -0.775920 -0.102296 0.878906 0.457031
 43 2.957683 -1.042325 52.259029 0.939082 -0.072798 -0.335896 0.851563 0.402344
hair2.bmp
 17 3.344057 -1.660570 56.197258 0.622491 -0.775910 -0.102317 0.878906 0.605469
 17 2.949690 -1.441640 54.640003 -0.254619 -0.965621 -0.052401 0.898438 0.527344
 43 3.003725 -1.401648 53.352859 0.622482 -0.775920 -0.102296 0.878906 0.457031
hair2.bmp
 17 3.344057 -1.660570 56.197258 0.622491 -0.775910 -0.102317 0.878906 0.605469
 17 3.064317 -1.607041 56.124592 -0.765299 -0.642413 0.040291 0.902344 0.601563
 17 2.949690 -1.441640 54.640003 -0.254619 -0.965621 -0.052401 0.898438 0.527344
hair2.bmp
 43 3.056775 -1.117886 52.509972 0.555172 0.830102 -0.052097 0.035156 0.578125
 43 2.341697 -1.646331 51.152393 -0.704666 0.694357 0.145991 0.058594 0.503906
 43 2.808447 -1.248435 52.048679 -0.296505 0.855733 -0.424036 0.039063 0.554688
hair2.bmp
 43 3.056775 -1.117886 52.509972 0.555172 0.830102 -0.052097 0.035156 0.578125
 43 2.749122 -1.377577 51.862659 0.377203 0.776983 -0.503998 0.050781 0.542969
 43 2.341697 -1.646331 51.152393 -0.704666 0.694357 0.145991 0.058594 0.503906
hair2.bmp
 43 3.056775 -1.117886 52.509972 0.555172 0.830102 -0.052097 0.035156 0.578125
 43 2.927662 -1.287387 52.265636 0.893193 -0.307281 -0.328307 0.046875 0.574219
 43 2.749122 -1.377577 51.862659 0.377203 0.776983 -0.503998 0.050781 0.542969
hair2.bmp
 43 3.056775 -1.117886 52.509972 0.555172 0.830102 -0.052097 0.035156 0.578125
 43 3.194548 -1.147156 53.125000 0.873400 -0.443316 -0.201600 0.042969 0.613281
 43 2.927662 -1.287387 52.265636 0.893193 -0.307281 -0.328307 0.046875 0.574219
hair2.bmp
 43 3.056775 -1.117886 52.509972 0.555172 0.830102 -0.052097 0.035156 0.578125
 43 3.402595 -0.979792 53.663895 0.654294 0.752813 0.071923 0.031250 0.644531
 43 3.194548 -1.147156 53.125000 0.873400 -0.443316 -0.201600 0.042969 0.613281
hair2.bmp
 42 -3.121314 -1.113360 52.525620 0.848729 -0.414277 0.328685 0.039063 0.582031
 42 -2.326470 -1.594344 51.192211 0.854280 0.357880 0.376998 0.054688 0.507813
 42 -2.386707 -1.514620 51.257137 0.308475 0.913685 -0.264619 0.046875 0.511719
hair2.bmp
 42 -3.121314 -1.113360 52.525620 0.848729 -0.414277 0.328685 0.039063 0.582031
 42 -2.748929 -1.381113 51.869160 0.613287 -0.561816 0.555195 0.050781 0.542969
 42 -2.326470 -1.594344 51.192211 0.854280 0.357880 0.376998 0.054688 0.507813
hair2.bmp
 42 -3.121314 -1.113360 52.525620 0.848729 -0.414277 0.328685 0.039063 0.582031
 42 -2.990775 -1.259425 52.377888 0.895416 0.302796 0.326412 0.046875 0.574219
 42 -2.748929 -1.381113 51.869160 0.613287 -0.561816 0.555195 0.050781 0.542969
hair2.bmp
 42 -3.121314 -1.113360 52.525620 0.848729 -0.414277 0.328685 0.039063 0.582031
 42 -3.244135 -1.131596 53.304260 0.330499 0.941948 0.059191 0.039063 0.625000
 42 -2.990775 -1.259425 52.377888 0.895416 0.302796 0.326412 0.046875 0.574219
hair2.bmp
 42 -3.121314 -1.113360 52.525620 0.848729 -0.414277 0.328685 0.039063 0.582031
 42 -3.478149 -1.127758 54.411610 0.978107 -0.177882 0.108003 0.035156 0.687500
 42 -3.244135 -1.131596 53.304260 0.330499 0.941948 0.059191 0.039063 0.625000
hair2.bmp
 17 3.145826 -1.165967 55.706367 0.148718 0.615335 -0.774110 0.730469 0.585938
 17 3.026130 -1.455917 55.623291 0.798537 -0.537735 -0.270517 0.714844 0.574219
 17 2.727711 -1.672285 55.187019 0.641536 0.092110 -0.761543 0.722656 0.523438
hair2.bmp
 17 2.727711 -1.672285 55.187019 0.641536 0.092110 -0.761543 0.722656 0.523438
 17 3.026130 -1.455917 55.623291 0.798537 -0.537735 -0.270517 0.714844 0.574219
 17 2.468243 -1.971297 55.040840 0.744700 -0.531905 -0.403112 0.714844 0.484375
hair2.bmp
 17 3.026130 -1.455917 55.623291 0.798537 -0.537735 -0.270517 0.714844 0.574219
 17 2.764316 -1.658026 56.124493 0.620008 -0.784589 0.003251 0.679688 0.593750
 17 2.468243 -1.971297 55.040840 0.744700 -0.531905 -0.403112 0.714844 0.484375
hair2.bmp
 17 2.468243 -1.971297 55.040840 0.744700 -0.531905 -0.403112 0.714844 0.484375
 17 2.764316 -1.658026 56.124493 0.620008 -0.784589 0.003251 0.679688 0.593750
 17 2.238836 -2.196103 54.877640 0.672580 -0.500198 -0.545378 0.707031 0.464844
hair2.bmp
 17 2.764316 -1.658026 56.124493 0.620008 -0.784589 0.003251 0.679688 0.593750
 17 2.347798 -2.074824 55.164028 -0.355596 -0.663182 0.658590 0.687500 0.531250
 17 2.238836 -2.196103 54.877640 0.672580 -0.500198 -0.545378 0.707031 0.464844
hair2.bmp
 17 -1.079783 -3.377093 60.017963 -0.308005 -0.685408 0.659809 0.464844 0.417969
 17 -0.756856 -3.851735 59.212337 -0.119535 -0.956916 0.264619 0.503906 0.328125
 17 -0.098977 -3.601099 59.798325 0.109724 -0.839061 0.532857 0.554688 0.394531
hair2.bmp
 17 -0.098977 -3.601099 59.798325 0.109724 -0.839061 0.532857 0.554688 0.394531
 17 -0.756856 -3.851735 59.212337 -0.119535 -0.956916 0.264619 0.503906 0.328125
 17 0.225279 -3.918109 58.624798 0.247188 -0.968288 0.036297 0.582031 0.277344
hair2.bmp
 17 -0.756856 -3.851735 59.212337 -0.119535 -0.956916 0.264619 0.503906 0.328125
 17 -0.373172 -3.973468 58.196087 0.067212 -0.976029 -0.207004 0.519531 0.230469
 17 0.225279 -3.918109 58.624798 0.247188 -0.968288 0.036297 0.582031 0.277344
hair2.bmp
 17 0.225279 -3.918109 58.624798 0.247188 -0.968288 0.036297 0.582031 0.277344
 17 -0.373172 -3.973468 58.196087 0.067212 -0.976029 -0.207004 0.519531 0.230469
 17 -0.023784 -3.830938 58.365242 0.139996 -0.915314 -0.377626 0.562500 0.246094
hair2.bmp
 17 -0.373172 -3.973468 58.196087 0.067212 -0.976029 -0.207004 0.519531 0.230469
 17 -0.062916 -3.808128 58.125351 0.345497 -0.882972 -0.317793 0.554688 0.226563
 17 -0.023784 -3.830938 58.365242 0.139996 -0.915314 -0.377626 0.562500 0.246094
hair2.bmp
 17 0.681159 -3.249401 56.999126 -0.364306 -0.926014 0.098891 0.042969 0.136719
 17 0.481441 -3.174416 56.920448 -0.297312 -0.953341 -0.052412 0.042969 0.125000
 17 0.491597 -3.187017 56.877575 -0.252594 -0.436313 0.863613 0.042969 0.121094
hair2.bmp
 17 0.681159 -3.249401 56.999126 -0.364306 -0.926014 0.098891 0.042969 0.136719
 17 0.601146 -3.229718 57.002380 -0.297312 -0.953341 -0.052412 0.042969 0.132813
 17 0.481441 -3.174416 56.920448 -0.297312 -0.953341 -0.052412 0.042969 0.125000
hair2.bmp
 17 0.681159 -3.249401 56.999126 -0.364306 -0.926014 0.098891 0.042969 0.136719
 17 0.730647 -3.254505 57.140636 -0.570180 -0.793268 0.213591 0.042969 0.148438
 17 0.601146 -3.229718 57.002380 -0.297312 -0.953341 -0.052412 0.042969 0.132813
hair2.bmp
 17 0.681159 -3.249401 56.999126 -0.364306 -0.926014 0.098891 0.042969 0.136719
 17 0.959746 -3.339906 57.390278 -0.428313 -0.896231 0.115405 0.042969 0.167969
 17 0.730647 -3.254505 57.140636 -0.570180 -0.793268 0.213591 0.042969 0.148438
hair2.bmp
 17 0.681159 -3.249401 56.999126 -0.364306 -0.926014 0.098891 0.042969 0.136719
 17 0.870338 -3.290122 57.226181 0.211484 -0.875157 -0.435172 0.042969 0.160156
 17 0.959746 -3.339906 57.390278 -0.428313 -0.896231 0.115405 0.042969 0.167969
hair2.bmp
 17 -2.132524 -3.382607 58.011524 -0.328829 -0.939881 -0.092173 0.296875 0.199219
 17 -2.349183 -2.982723 57.086941 -0.124980 -0.824034 -0.552583 0.281250 0.128906
 17 -2.169387 -2.789422 57.142689 0.706490 -0.471705 -0.527604 0.296875 0.125000
hair2.bmp
 17 -2.169387 -2.789422 57.142689 0.706490 -0.471705 -0.527604 0.296875 0.125000
 17 -2.349183 -2.982723 57.086941 -0.124980 -0.824034 -0.552583 0.281250 0.128906
 17 -2.477273 -2.481037 56.556938 -0.930152 -0.365708 -0.032787 0.273438 0.093750
hair2.bmp
 17 -2.349183 -2.982723 57.086941 -0.124980 -0.824034 -0.552583 0.281250 0.128906
 17 -2.492890 -3.106048 58.110779 -0.911915 -0.400013 0.091655 0.261719 0.222656
 17 -2.477273 -2.481037 56.556938 -0.930152 -0.365708 -0.032787 0.273438 0.093750
hair2.bmp
 17 -2.477273 -2.481037 56.556938 -0.930152 -0.365708 -0.032787 0.273438 0.093750
 17 -2.492890 -3.106048 58.110779 -0.911915 -0.400013 0.091655 0.261719 0.222656
 17 -2.498949 -2.615237 57.020424 -0.942550 -0.302194 -0.142404 0.253906 0.117188
hair2.bmp
 17 -2.492890 -3.106048 58.110779 -0.911915 -0.400013 0.091655 0.261719 0.222656
 17 -2.492289 -2.903321 57.944038 -0.974423 0.195106 0.111509 0.226563 0.203125
 17 -2.498949 -2.615237 57.020424 -0.942550 -0.302194 -0.142404 0.253906 0.117188
hair2.bmp
 17 -3.080305 -0.242543 57.384220 0.993063 0.092008 -0.073221 0.984375 0.667969
 17 -3.066437 -0.802641 56.318249 0.996337 0.084296 -0.014400 0.945313 0.609375
 17 -3.202809 0.048780 55.312622 0.056031 0.997446 0.044285 0.988281 0.570313
hair2.bmp
 17 -3.202809 0.048780 55.312622 0.056031 0.997446 0.044285 0.988281 0.570313
 17 -3.066437 -0.802641 56.318249 0.996337 0.084296 -0.014400 0.945313 0.609375
 42 -2.946109 -0.161925 53.845570 0.809363 0.587270 0.006820 0.988281 0.484375
hair2.bmp
 17 -3.066437 -0.802641 56.318249 0.996337 0.084296 -0.014400 0.945313 0.609375
 42 -2.590124 -1.135429 52.198433 0.971035 0.023199 0.237809 0.929688 0.390625
 42 -2.946109 -0.161925 53.845570 0.809363 0.587270 0.006820 0.988281 0.484375
hair2.bmp
 42 -2.946109 -0.161925 53.845570 0.809363 0.587270 0.006820 0.988281 0.484375
 42 -2.590124 -1.135429 52.198433 0.971035 0.023199 0.237809 0.929688 0.390625
 42 -2.925373 -0.216860 53.642712 0.956809 0.284889 0.057915 0.980469 0.417969
hair2.bmp
 42 -2.590124 -1.135429 52.198433 0.971035 0.023199 0.237809 0.929688 0.390625
 42 -2.276686 -0.994970 51.249416 0.882597 0.082701 0.462799 0.957031 0.351563
 42 -2.925373 -0.216860 53.642712 0.956809 0.284889 0.057915 0.980469 0.417969
hair2.bmp
 17 -1.897961 -2.779415 56.749210 0.065891 -0.735694 -0.674102 0.359375 0.078125
 17 -2.028593 -2.932934 56.924328 -0.987876 -0.074688 -0.136096 0.355469 0.097656
 17 -2.077400 -2.680423 56.593639 0.027399 -0.791614 -0.610407 0.335938 0.062500
hair2.bmp
 17 -2.077400 -2.680423 56.593639 0.027399 -0.791614 -0.610407 0.335938 0.062500
 17 -2.028593 -2.932934 56.924328 -0.987876 -0.074688 -0.136096 0.355469 0.097656
 17 -1.910043 -3.187995 57.325939 -0.829297 0.345499 0.439200 0.367188 0.140625
hair2.bmp
 17 -2.028593 -2.932934 56.924328 -0.987876 -0.074688 -0.136096 0.355469 0.097656
 17 -1.861203 -3.489716 57.647778 -0.748767 -0.643443 -0.159149 0.386719 0.179688
 17 -1.910043 -3.187995 57.325939 -0.829297 0.345499 0.439200 0.367188 0.140625
hair2.bmp
 17 -1.910043 -3.187995 57.325939 -0.829297 0.345499 0.439200 0.367188 0.140625
 17 -1.861203 -3.489716 57.647778 -0.748767 -0.643443 -0.159149 0.386719 0.179688
 17 -1.724435 -3.721505 58.541348 -0.797125 -0.594005 0.108398 0.402344 0.265625
hair2.bmp
 17 -1.861203 -3.489716 57.647778 -0.748767 -0.643443 -0.159149 0.386719 0.179688
 17 -0.982434 -3.804807 57.990532 -0.245784 -0.959177 -0.139889 0.453125 0.207031
 17 -1.724435 -3.721505 58.541348 -0.797125 -0.594005 0.108398 0.402344 0.265625
hair2.bmp
 17 -2.207991 -2.730210 56.756939 -0.975403 0.206910 0.076013 0.304688 0.082031
 17 -2.182278 -3.309391 57.943230 -0.963360 0.243982 0.111400 0.316406 0.199219
 17 -2.139552 -2.817958 57.188469 -0.882624 0.401129 0.245092 0.296875 0.121094
hair2.bmp
 17 -2.207991 -2.730210 56.756939 -0.975403 0.206910 0.076013 0.304688 0.082031
 17 -2.231325 -3.414526 57.680286 -0.719902 -0.657989 -0.220890 0.328125 0.187500
 17 -2.182278 -3.309391 57.943230 -0.963360 0.243982 0.111400 0.316406 0.199219
hair2.bmp
 17 -2.207991 -2.730210 56.756939 -0.975403 0.206910 0.076013 0.304688 0.082031
 17 -2.227670 -2.826078 56.668495 -0.663470 -0.442286 -0.603482 0.316406 0.085938
 17 -2.231325 -3.414526 57.680286 -0.719902 -0.657989 -0.220890 0.328125 0.187500
hair2.bmp
 17 -2.207991 -2.730210 56.756939 -0.975403 0.206910 0.076013 0.304688 0.082031
 17 -2.197008 -2.549145 56.484737 -0.386315 -0.501811 -0.773916 0.308594 0.050781
 17 -2.227670 -2.826078 56.668495 -0.663470 -0.442286 -0.603482 0.316406 0.085938
hair2.bmp
 17 -1.162639 -1.739734 60.799946 -0.481811 -0.374413 0.792258 0.285156 0.902344
 17 -0.682577 -2.224537 60.785587 -0.332690 -0.395984 0.855870 0.324219 0.914063
 17 -0.583381 -1.735770 61.005966 -0.186216 -0.367007 0.911389 0.308594 0.937500
hair2.bmp
 17 -1.162639 -1.739734 60.799946 -0.481811 -0.374413 0.792258 0.285156 0.902344
 17 -1.220926 -2.488348 60.329754 -0.569670 -0.442558 0.692545 0.328125 0.878906
 17 -0.682577 -2.224537 60.785587 -0.332690 -0.395984 0.855870 0.324219 0.914063
hair2.bmp
 17 -1.162639 -1.739734 60.799946 -0.481811 -0.374413 0.792258 0.285156 0.902344
 17 -1.691087 -1.744112 60.370499 -0.663209 -0.242115 0.708191 0.273438 0.875000
 17 -1.220926 -2.488348 60.329754 -0.569670 -0.442558 0.692545 0.328125 0.878906
hair2.bmp
 17 -1.162639 -1.739734 60.799946 -0.481811 -0.374413 0.792258 0.285156 0.902344
 17 -1.730927 -1.542949 60.325260 -0.622306 0.045310 0.781462 0.261719 0.878906
 17 -1.691087 -1.744112 60.370499 -0.663209 -0.242115 0.708191 0.273438 0.875000
hair2.bmp
 43 2.250712 -1.603790 51.423893 -0.811143 -0.363773 0.457947 0.902344 0.347656
 43 2.686028 -1.429661 52.716713 -0.868879 -0.427785 0.249098 0.898438 0.421875
 43 2.559799 -0.733941 51.672951 -0.933360 0.157198 0.322689 0.960938 0.363281
hair2.bmp
 43 2.559799 -0.733941 51.672951 -0.933360 0.157198 0.322689 0.960938 0.363281
 43 2.686028 -1.429661 52.716713 -0.868879 -0.427785 0.249098 0.898438 0.421875
 17 3.049949 0.045653 54.562477 -0.991938 0.106095 0.069298 0.988281 0.527344
hair2.bmp
 43 2.686028 -1.429661 52.716713 -0.868879 -0.427785 0.249098 0.898438 0.421875
 17 3.043715 -0.813381 56.287621 -0.999920 0.012604 -0.001227 0.945313 0.609375
 17 3.049949 0.045653 54.562477 -0.991938 0.106095 0.069298 0.988281 0.527344
hair2.bmp
 17 3.049949 0.045653 54.562477 -0.991938 0.106095 0.069298 0.988281 0.527344
 17 3.043715 -0.813381 56.287621 -0.999920 0.012604 -0.001227 0.945313 0.609375
 17 3.049163 -0.277082 57.542435 -0.999920 0.012604 -0.001227 0.984375 0.675781
hair2.bmp
 17 -2.098074 -2.784082 59.541813 -0.861064 0.268892 0.431585 0.300781 0.367188
 17 -2.492289 -2.903321 57.944038 -0.974423 0.195106 0.111509 0.226563 0.203125
 17 -2.492890 -3.106048 58.110779 -0.911915 -0.400013 0.091655 0.261719 0.222656
hair2.bmp
 17 -2.098074 -2.784082 59.541813 -0.861064 0.268892 0.431585 0.300781 0.367188
 17 -2.294726 -2.892234 58.617348 0.628125 0.740595 -0.238699 0.230469 0.277344
 17 -2.492289 -2.903321 57.944038 -0.974423 0.195106 0.111509 0.226563 0.203125
hair2.bmp
 17 -2.098074 -2.784082 59.541813 -0.861064 0.268892 0.431585 0.300781 0.367188
 17 -1.927843 -2.691179 59.477856 -0.506979 0.860844 0.043814 0.265625 0.371094
 17 -2.294726 -2.892234 58.617348 0.628125 0.740595 -0.238699 0.230469 0.277344
hair2.bmp
 17 -2.098074 -2.784082 59.541813 -0.861064 0.268892 0.431585 0.300781 0.367188
 17 -1.719286 -2.569691 59.876411 -0.642198 0.717719 0.269187 0.289063 0.417969
 17 -1.927843 -2.691179 59.477856 -0.506979 0.860844 0.043814 0.265625 0.371094
hair2.bmp
 17 -3.058322 -1.618284 56.842140 -0.671982 -0.737177 -0.070781 0.218750 0.597656
 17 -2.849974 -1.791849 57.299377 -0.732896 -0.677913 0.057414 0.242188 0.632813
 17 -3.310156 -1.292673 57.346874 -0.732896 -0.677913 0.057414 0.199219 0.640625
hair2.bmp
 17 -3.058322 -1.618284 56.842140 -0.671982 -0.737177 -0.070781 0.218750 0.597656
 17 -2.848552 -1.772004 56.906689 -0.572134 -0.818239 -0.056107 0.238281 0.597656
 17 -2.849974 -1.791849 57.299377 -0.732896 -0.677913 0.057414 0.242188 0.632813
hair2.bmp
 17 -3.058322 -1.618284 56.842140 -0.671982 -0.737177 -0.070781 0.218750 0.597656
 17 -2.704987 -1.767565 55.922428 0.293777 -0.942300 0.160517 0.226563 0.519531
 17 -2.848552 -1.772004 56.906689 -0.572134 -0.818239 -0.056107 0.238281 0.597656
hair2.bmp
 17 -3.058322 -1.618284 56.842140 -0.671982 -0.737177 -0.070781 0.218750 0.597656
 17 -3.357494 -1.201016 56.611305 -0.809685 -0.560485 -0.173974 0.187500 0.585938
 17 -2.704987 -1.767565 55.922428 0.293777 -0.942300 0.160517 0.226563 0.519531
hair2.bmp
 17 0.518845 -3.364494 57.638271 0.733504 0.306817 -0.606494 0.625000 0.167969
 17 0.976037 -3.351425 58.414486 0.918629 0.207529 -0.336233 0.675781 0.265625
 17 0.618321 -3.573519 57.783920 0.734597 -0.429215 -0.525492 0.628906 0.191406
hair2.bmp
 17 0.518845 -3.364494 57.638271 0.733504 0.306817 -0.606494 0.625000 0.167969
 17 0.697250 -3.291228 58.078846 0.637309 0.649124 -0.415302 0.664063 0.207031
 17 0.976037 -3.351425 58.414486 0.918629 0.207529 -0.336233 0.675781 0.265625
hair2.bmp
 17 0.518845 -3.364494 57.638271 0.733504 0.306817 -0.606494 0.625000 0.167969
 17 0.478615 -3.294612 57.701504 0.622860 0.638353 -0.452273 0.632813 0.164063
 17 0.697250 -3.291228 58.078846 0.637309 0.649124 -0.415302 0.664063 0.207031
hair2.bmp
 17 0.518845 -3.364494 57.638271 0.733504 0.306817 -0.606494 0.625000 0.167969
 17 0.169663 -3.262952 57.411423 0.566603 0.675198 -0.472301 0.609375 0.132813
 17 0.478615 -3.294612 57.701504 0.622860 0.638353 -0.452273 0.632813 0.164063
hair2.bmp
 17 0.048509 -3.849104 57.732277 0.091998 -0.953079 -0.288403 0.562500 0.199219
 17 -0.728964 -3.327169 57.030838 -0.861712 -0.325782 0.388996 0.476563 0.109375
 17 -0.718508 -3.294309 56.904697 -0.109097 -0.512778 -0.851561 0.480469 0.109375
hair2.bmp
 17 0.048509 -3.849104 57.732277 0.091998 -0.953079 -0.288403 0.562500 0.199219
 17 -0.270966 -3.640081 57.585835 -0.537449 -0.842422 -0.038387 0.535156 0.171875
 17 -0.728964 -3.327169 57.030838 -0.861712 -0.325782 0.388996 0.476563 0.109375
hair2.bmp
 17 0.048509 -3.849104 57.732277 0.091998 -0.953079 -0.288403 0.562500 0.199219
 17 -0.023784 -3.830938 58.365242 0.139996 -0.915314 -0.377626 0.562500 0.246094
 17 -0.270966 -3.640081 57.585835 -0.537449 -0.842422 -0.038387 0.535156 0.171875
hair2.bmp
 17 0.048509 -3.849104 57.732277 0.091998 -0.953079 -0.288403 0.562500 0.199219
 17 0.225279 -3.918109 58.624798 0.247188 -0.968288 0.036297 0.582031 0.277344
 17 -0.023784 -3.830938 58.365242 0.139996 -0.915314 -0.377626 0.562500 0.246094
hair2.bmp
 17 -2.730866 -2.110700 57.547260 0.986651 0.135790 -0.089899 0.093750 0.210938
 17 -2.887551 -1.783250 56.630188 0.905509 0.422588 0.038391 0.101563 0.179688
 17 -2.849974 -1.791849 57.299377 0.946269 0.320901 -0.039979 0.101563 0.199219
hair2.bmp
 17 -2.730866 -2.110700 57.547260 0.986651 0.135790 -0.089899 0.093750 0.210938
 17 -2.735840 -2.033668 56.158939 0.449493 -0.478232 -0.754487 0.093750 0.164063
 17 -2.887551 -1.783250 56.630188 0.905509 0.422588 0.038391 0.101563 0.179688
hair2.bmp
 17 -2.730866 -2.110700 57.547260 0.986651 0.135790 -0.089899 0.093750 0.210938
 17 -2.897327 -2.229681 56.570156 -0.457482 -0.847561 -0.268982 0.089844 0.175781
 17 -2.735840 -2.033668 56.158939 0.449493 -0.478232 -0.754487 0.093750 0.164063
hair2.bmp
 17 -2.730866 -2.110700 57.547260 0.986651 0.135790 -0.089899 0.093750 0.210938
 17 -2.769746 -2.410905 57.239098 -0.474397 -0.869380 -0.138298 0.082031 0.199219
 17 -2.897327 -2.229681 56.570156 -0.457482 -0.847561 -0.268982 0.089844 0.175781
hair2.bmp
 17 -0.238684 -3.708581 59.717518 0.911253 -0.399301 -0.100878 0.070313 0.867188
 17 -0.299423 -3.592823 59.921013 0.315688 -0.808599 0.496496 0.070313 0.875000
 17 -0.387513 -3.863917 59.394375 -0.066821 -0.850751 0.521304 0.070313 0.843750
hair2.bmp
 17 -0.238684 -3.708581 59.717518 0.911253 -0.399301 -0.100878 0.070313 0.867188
 17 -0.160878 -3.288868 60.321659 0.778402 -0.234031 0.582512 0.070313 0.898438
 17 -0.299423 -3.592823 59.921013 0.315688 -0.808599 0.496496 0.070313 0.875000
hair2.bmp
 17 -0.238684 -3.708581 59.717518 0.911253 -0.399301 -0.100878 0.070313 0.867188
 17 -0.191030 -3.225287 60.363472 0.643813 0.460470 -0.611124 0.070313 0.898438
 17 -0.160878 -3.288868 60.321659 0.778402 -0.234031 0.582512 0.070313 0.898438
hair2.bmp
 17 -0.238684 -3.708581 59.717518 0.911253 -0.399301 -0.100878 0.070313 0.867188
 17 -0.387513 -3.863917 59.394375 0.484807 0.719841 -0.496780 0.070313 0.843750
 17 -0.191030 -3.225287 60.363472 0.643813 0.460470 -0.611124 0.070313 0.898438
hair2.bmp
 42 -3.427749 -0.955338 54.300564 -0.067113 -0.991233 0.113808 0.027344 0.679688
 42 -3.041279 -1.111589 52.516068 -0.642230 -0.763934 -0.062813 0.035156 0.582031
 42 -3.243681 -1.149717 53.179073 -0.865595 0.484398 -0.126900 0.042969 0.617188
hair2.bmp
 42 -3.243681 -1.149717 53.179073 -0.865595 0.484398 -0.126900 0.042969 0.617188
 42 -3.041279 -1.111589 52.516068 -0.642230 -0.763934 -0.062813 0.035156 0.582031
 42 -2.990775 -1.259425 52.377888 -0.925684 0.002387 -0.378291 0.046875 0.574219
hair2.bmp
 42 -3.041279 -1.111589 52.516068 -0.642230 -0.763934 -0.062813 0.035156 0.582031
 42 -2.617656 -1.470311 51.518288 -0.314612 0.832080 -0.456797 0.054688 0.527344
 42 -2.990775 -1.259425 52.377888 -0.925684 0.002387 -0.378291 0.046875 0.574219
hair2.bmp
 17 0.606149 -3.681528 58.384239 0.560951 -0.819221 -0.119207 0.621094 0.250000
 17 0.059320 -3.686734 57.507515 0.602157 -0.279200 -0.747966 0.558594 0.175781
 17 0.108623 -3.579046 57.699795 0.723716 0.516912 -0.457206 0.578125 0.179688
hair2.bmp
 17 0.108623 -3.579046 57.699795 0.723716 0.516912 -0.457206 0.578125 0.179688
 17 0.059320 -3.686734 57.507515 0.602157 -0.279200 -0.747966 0.558594 0.175781
 17 -0.299938 -3.416108 57.300884 0.637309 0.649124 -0.415302 0.531250 0.140625
hair2.bmp
 17 0.059320 -3.686734 57.507515 0.602157 -0.279200 -0.747966 0.558594 0.175781
 17 -0.778418 -3.208491 56.879280 -0.514364 0.699867 -0.495597 0.472656 0.101563
 17 -0.299938 -3.416108 57.300884 0.637309 0.649124 -0.415302 0.531250 0.140625
hair2.bmp
 17 1.670182 -2.411961 60.028820 0.576886 -0.562284 0.592486 0.554688 0.875000
 17 1.733106 -2.825785 59.223034 0.478814 -0.779421 0.404030 0.535156 0.820313
 17 2.365238 -2.607735 58.634590 0.744678 -0.594879 0.302612 0.578125 0.777344
hair2.bmp
 17 2.365238 -2.607735 58.634590 0.744678 -0.594879 0.302612 0.578125 0.777344
 17 1.733106 -2.825785 59.223034 0.478814 -0.779421 0.404030 0.535156 0.820313
 17 2.287903 -2.851488 57.899536 0.294965 -0.953170 -0.066807 0.554688 0.734375
hair2.bmp
 17 1.733106 -2.825785 59.223034 0.478814 -0.779421 0.404030 0.535156 0.820313
 17 2.138913 -2.709793 57.619671 -0.905487 -0.326081 -0.271596 0.546875 0.687500
 17 2.287903 -2.851488 57.899536 0.294965 -0.953170 -0.066807 0.554688 0.734375
hair2.bmp
 17 2.328700 -1.938439 54.914158 -0.214316 0.539222 -0.814437 0.195313 0.238281
 17 2.975210 -1.013603 55.875412 -0.012988 0.711370 -0.702698 0.214844 0.292969
 17 2.488293 -1.826427 55.026333 0.370892 0.363708 -0.854492 0.199219 0.246094
hair2.bmp
 17 2.488293 -1.826427 55.026333 0.370892 0.363708 -0.854492 0.199219 0.246094
 17 2.975210 -1.013603 55.875412 -0.012988 0.711370 -0.702698 0.214844 0.292969
 17 2.727711 -1.672285 55.187019 0.641536 0.092110 -0.761543 0.210938 0.265625
hair2.bmp
 17 2.975210 -1.013603 55.875412 -0.012988 0.711370 -0.702698 0.214844 0.292969
 17 3.145826 -1.165967 55.706367 0.148718 0.615335 -0.774110 0.218750 0.285156
 17 2.727711 -1.672285 55.187019 0.641536 0.092110 -0.761543 0.210938 0.265625
hair2.bmp
 17 0.982639 -3.276343 59.352631 -0.892373 0.260805 -0.368308 0.085938 0.875000
 17 1.013553 -3.434229 59.100807 0.831021 -0.547429 0.098620 0.085938 0.855469
 17 0.890120 -2.974530 60.046715 -0.121506 -0.833105 0.539604 0.085938 0.929688
hair2.bmp
 17 0.890120 -2.974530 60.046715 -0.121506 -0.833105 0.539604 0.085938 0.929688
 17 1.013553 -3.434229 59.100807 0.831021 -0.547429 0.098620 0.085938 0.855469
 17 1.061517 -3.138922 59.662136 0.180994 -0.889671 0.419199 0.085938 0.898438
hair2.bmp
 17 1.013553 -3.434229 59.100807 0.831021 -0.547429 0.098620 0.085938 0.855469
 17 1.081996 -3.196410 59.529942 0.412515 -0.817697 0.401501 0.085938 0.886719
 17 1.061517 -3.138922 59.662136 0.180994 -0.889671 0.419199 0.085938 0.898438
hair2.bmp
 17 -0.583273 -1.567674 60.975246 0.077625 0.570227 0.817811 0.882813 0.960938
 17 -1.910582 -1.230975 60.228329 -0.601177 0.300698 0.740383 0.843750 0.875000
 17 -1.711613 -1.617730 60.515091 -0.555794 -0.102381 0.824992 0.867188 0.886719
hair2.bmp
 17 -1.711613 -1.617730 60.515091 -0.555794 -0.102381 0.824992 0.867188 0.886719
 17 -1.910582 -1.230975 60.228329 -0.601177 0.300698 0.740383 0.843750 0.875000
 17 -2.419265 -1.491037 59.864723 -0.764858 -0.112604 0.634282 0.855469 0.828125
hair2.bmp
 17 -1.910582 -1.230975 60.228329 -0.601177 0.300698 0.740383 0.843750 0.875000
 17 -2.806246 -0.771681 59.027481 -0.768810 0.329582 0.548002 0.816406 0.777344
 17 -2.419265 -1.491037 59.864723 -0.764858 -0.112604 0.634282 0.855469 0.828125
hair2.bmp
 17 -3.001859 -1.611107 57.819054 -0.928877 -0.319685 0.187051 0.230469 0.675781
 17 -2.616026 -2.153674 58.972591 -0.861712 -0.325782 0.388996 0.277344 0.773438
 17 -2.974663 -1.323457 58.592304 -0.931378 -0.278809 0.234094 0.222656 0.738281
hair2.bmp
 17 -2.974663 -1.323457 58.592304 -0.931378 -0.278809 0.234094 0.222656 0.738281
 17 -2.616026 -2.153674 58.972591 -0.861712 -0.325782 0.388996 0.277344 0.773438
 17 -2.726601 -1.399383 59.128216 -0.857992 -0.238371 0.455004 0.230469 0.785156
hair2.bmp
 17 -2.616026 -2.153674 58.972591 -0.861712 -0.325782 0.388996 0.277344 0.773438
 17 -2.308897 -1.381210 59.762955 -0.764469 -0.288569 0.576468 0.238281 0.843750
 17 -2.726601 -1.399383 59.128216 -0.857992 -0.238371 0.455004 0.230469 0.785156
hair2.bmp
 17 -0.982434 -3.804807 57.990532 -0.245784 -0.959177 -0.139889 0.453125 0.207031
 17 -1.309246 -3.341343 57.107471 -0.789356 -0.610851 -0.061471 0.429688 0.125000
 17 -0.910741 -3.751112 57.522903 -0.153128 -0.908291 -0.389306 0.468750 0.167969
hair2.bmp
 17 -0.910741 -3.751112 57.522903 -0.153128 -0.908291 -0.389306 0.468750 0.167969
 17 -1.309246 -3.341343 57.107471 -0.789356 -0.610851 -0.061471 0.429688 0.125000
 17 -1.139252 -3.443301 57.110065 -0.185589 -0.750585 -0.634176 0.441406 0.121094
hair2.bmp
 17 -1.309246 -3.341343 57.107471 -0.789356 -0.610851 -0.061471 0.429688 0.125000
 17 -1.618064 -2.957349 56.779175 -0.233198 -0.720014 -0.653605 0.398438 0.089844
 17 -1.139252 -3.443301 57.110065 -0.185589 -0.750585 -0.634176 0.441406 0.121094
hair2.bmp
 42 -3.095729 -0.122766 53.740307 0.758221 0.649215 -0.060177 0.808594 0.476563
 42 -2.925373 -0.216860 53.642712 0.439507 0.889526 -0.124806 0.792969 0.464844
 42 -2.973450 -0.284031 53.112263 0.439507 0.889526 -0.124806 0.816406 0.441406
hair2.bmp
 42 -2.973450 -0.284031 53.112263 0.439507 0.889526 -0.124806 0.816406 0.441406
 42 -2.925373 -0.216860 53.642712 0.439507 0.889526 -0.124806 0.792969 0.464844
 42 -2.851476 -0.429936 52.568264 -0.247413 0.869345 -0.427816 0.824219 0.414063
hair2.bmp
 42 -2.925373 -0.216860 53.642712 0.439507 0.889526 -0.124806 0.792969 0.464844
 42 -2.276686 -0.994970 51.249416 -0.648606 0.444285 -0.617997 0.843750 0.355469
 42 -2.851476 -0.429936 52.568264 -0.247413 0.869345 -0.427816 0.824219 0.414063
hair2.bmp
 17 1.075052 -3.420685 58.686882 0.953997 0.230608 -0.191598 0.085938 0.839844
 17 0.877396 -3.456768 58.039555 -0.293396 0.951099 0.096593 0.085938 0.804688
 17 0.965782 -3.465780 58.485321 -0.449192 0.890399 0.073600 0.085938 0.828125
hair2.bmp
 17 0.965782 -3.465780 58.485321 -0.449192 0.890399 0.073600 0.085938 0.828125
 17 0.877396 -3.456768 58.039555 -0.293396 0.951099 0.096593 0.085938 0.804688
 17 0.717572 -3.498898 57.990753 -0.229684 0.905110 0.357801 0.085938 0.796875
hair2.bmp
 17 0.877396 -3.456768 58.039555 -0.293396 0.951099 0.096593 0.085938 0.804688
 17 0.329556 -3.380065 57.441734 -0.265703 0.853796 0.447699 0.085938 0.757813
 17 0.717572 -3.498898 57.990753 -0.229684 0.905110 0.357801 0.085938 0.796875
hair2.bmp
 17 2.540288 -2.458265 57.239632 -0.865593 0.484403 -0.126896 0.164063 0.335938
 17 2.498581 -2.380471 57.710701 -0.969732 0.044901 -0.240009 0.164063 0.347656
 17 2.550431 -2.451182 57.200298 -0.687094 -0.707659 -0.164680 0.164063 0.339844
hair2.bmp
 17 2.550431 -2.451182 57.200298 -0.687094 -0.707659 -0.164680 0.164063 0.339844
 17 2.498581 -2.380471 57.710701 -0.969732 0.044901 -0.240009 0.164063 0.347656
 17 2.622457 -2.289433 56.640343 -0.277818 -0.789274 -0.547599 0.164063 0.332031
hair2.bmp
 17 2.498581 -2.380471 57.710701 -0.969732 0.044901 -0.240009 0.164063 0.347656
 17 2.644167 -1.929856 56.166599 0.744700 -0.531905 -0.403112 0.171875 0.320313
 17 2.622457 -2.289433 56.640343 -0.277818 -0.789274 -0.547599 0.164063 0.332031
hair2.bmp
 17 0.308284 -3.514472 57.793419 -0.861712 -0.325782 0.388996 0.597656 0.195313
 17 0.765769 -3.720686 58.489540 0.111097 -0.992116 0.058001 0.644531 0.261719
 17 0.615767 -3.659866 58.489780 -0.397929 -0.916980 0.028288 0.632813 0.261719
hair2.bmp
 17 0.615767 -3.659866 58.489780 -0.397929 -0.916980 0.028288 0.632813 0.261719
 17 0.765769 -3.720686 58.489540 0.111097 -0.992116 0.058001 0.644531 0.261719
 17 0.634377 -3.617117 58.873478 -0.364306 -0.926014 0.098891 0.628906 0.300781
hair2.bmp
 17 0.765769 -3.720686 58.489540 0.111097 -0.992116 0.058001 0.644531 0.261719
 17 0.682886 -3.589521 59.285046 0.394198 -0.861999 0.318694 0.625000 0.343750
 17 0.634377 -3.617117 58.873478 -0.364306 -0.926014 0.098891 0.628906 0.300781
hair2.bmp
 17 2.819982 -2.056509 57.323082 0.978108 -0.177887 0.107990 0.171875 0.339844
 17 2.506819 -2.000335 58.195705 -0.899501 -0.227291 0.373145 0.171875 0.355469
 17 2.666901 -2.179259 58.174255 0.865245 -0.459173 0.201273 0.171875 0.355469
hair2.bmp
 17 2.666901 -2.179259 58.174255 0.865245 -0.459173 0.201273 0.171875 0.355469
 17 2.506819 -2.000335 58.195705 -0.899501 -0.227291 0.373145 0.171875 0.355469
 17 2.718474 -2.111193 57.739620 -0.719902 -0.657989 -0.220890 0.175781 0.343750
hair2.bmp
 17 2.506819 -2.000335 58.195705 -0.899501 -0.227291 0.373145 0.171875 0.355469
 17 2.780232 -2.044116 57.254044 -0.719902 -0.657989 -0.220890 0.175781 0.332031
 17 2.718474 -2.111193 57.739620 -0.719902 -0.657989 -0.220890 0.175781 0.343750
hair2.bmp
 17 2.157643 -2.569613 57.970097 -0.831102 0.510403 -0.220812 0.156250 0.351563
 17 2.411170 -2.455140 56.995869 -0.748378 0.654504 0.107490 0.164063 0.332031
 17 2.138913 -2.709793 57.619671 -0.905487 -0.326081 -0.271596 0.156250 0.343750
hair2.bmp
 17 2.138913 -2.709793 57.619671 -0.905487 -0.326081 -0.271596 0.156250 0.343750
 17 2.411170 -2.455140 56.995869 -0.748378 0.654504 0.107490 0.164063 0.332031
 17 2.331971 -2.496694 56.774734 -0.706913 -0.489631 -0.510427 0.160156 0.328125
hair2.bmp
 17 2.411170 -2.455140 56.995869 -0.748378 0.654504 0.107490 0.164063 0.332031
 17 2.353264 -2.229028 56.416542 -0.011799 -0.777177 -0.629172 0.167969 0.320313
 17 2.331971 -2.496694 56.774734 -0.706913 -0.489631 -0.510427 0.160156 0.328125
hair2.bmp
 17 1.587129 -3.063078 58.112949 -0.703486 -0.707685 -0.065494 0.484375 0.757813
 17 1.716047 -3.208314 58.412426 0.046812 -0.994949 0.088804 0.507813 0.773438
 17 1.313671 -2.950403 59.067009 -0.810157 0.187314 -0.555482 0.480469 0.808594
hair2.bmp
 17 1.313671 -2.950403 59.067009 -0.810157 0.187314 -0.555482 0.480469 0.808594
 17 1.716047 -3.208314 58.412426 0.046812 -0.994949 0.088804 0.507813 0.773438
 17 0.780660 -2.734208 59.896500 -0.689172 -0.685675 -0.234291 0.484375 0.867188
hair2.bmp
 17 1.716047 -3.208314 58.412426 0.046812 -0.994949 0.088804 0.507813 0.773438
 17 0.820236 -2.816278 60.013969 0.063235 -0.898363 0.434678 0.496094 0.875000
 17 0.780660 -2.734208 59.896500 -0.689172 -0.685675 -0.234291 0.484375 0.867188
hair2.bmp
 17 -0.160878 -3.288868 60.321659 0.244492 0.634996 -0.732806 0.070313 0.898438
 17 -0.191030 -3.225287 60.363472 0.966140 0.091911 0.241095 0.070313 0.898438
 17 -0.152027 -2.888473 60.637581 0.940046 0.340900 0.010001 0.070313 0.917969
hair2.bmp
 17 -0.152027 -2.888473 60.637581 0.940046 0.340900 0.010001 0.070313 0.917969
 17 -0.191030 -3.225287 60.363472 0.966140 0.091911 0.241095 0.070313 0.898438
 17 -0.142284 -2.779222 60.708073 0.465397 -0.519757 0.716420 0.070313 0.921875
hair2.bmp
 17 -0.191030 -3.225287 60.363472 0.966140 0.091911 0.241095 0.070313 0.898438
 17 -0.160878 -3.288868 60.321659 -0.215086 -0.480584 0.850163 0.070313 0.898438
 17 -0.142284 -2.779222 60.708073 0.465397 -0.519757 0.716420 0.070313 0.921875
hair2.bmp
 17 -0.387513 -3.863917 59.394375 -0.796012 -0.121193 0.593023 0.070313 0.843750
 17 -0.395915 -3.998003 58.953636 0.999427 -0.030515 -0.014614 0.070313 0.820313
 17 -0.753214 -4.016383 58.207314 0.973047 0.215797 -0.081311 0.070313 0.777344
hair2.bmp
 17 -0.753214 -4.016383 58.207314 0.973047 0.215797 -0.081311 0.070313 0.777344
 17 -0.395915 -3.998003 58.953636 0.999427 -0.030515 -0.014614 0.070313 0.820313
 17 -0.673150 -4.002999 58.189690 0.974634 -0.090900 -0.204513 0.070313 0.777344
hair2.bmp
 17 2.450853 -1.493724 59.841217 0.776487 -0.061719 0.627104 0.855469 0.828125
 17 2.282089 -2.022067 59.501701 0.699020 -0.549012 0.458211 0.902344 0.812500
 17 3.006781 -2.002098 58.207359 0.467091 -0.875520 0.123659 0.882813 0.722656
hair2.bmp
 17 3.006781 -2.002098 58.207359 0.467091 -0.875520 0.123659 0.882813 0.722656
 17 2.282089 -2.022067 59.501701 0.699020 -0.549012 0.458211 0.902344 0.812500
 17 2.887153 -1.953097 58.103973 -0.560288 -0.807034 -0.186475 0.902344 0.718750
hair2.bmp
 17 -1.897961 -2.779415 56.749210 0.065891 -0.735694 -0.674102 0.359375 0.078125
 17 -1.349399 -3.165958 57.149040 0.247790 -0.626875 -0.738666 0.414063 0.125000
 17 -1.729318 -3.284067 57.126415 -0.143613 -0.763225 -0.629970 0.386719 0.132813
hair2.bmp
 17 -1.729318 -3.284067 57.126415 -0.143613 -0.763225 -0.629970 0.386719 0.132813
 17 -1.349399 -3.165958 57.149040 0.247790 -0.626875 -0.738666 0.414063 0.125000
 17 -1.030998 -3.530060 57.592720 -0.923967 0.081490 0.373690 0.449219 0.171875
hair2.bmp
 42 -1.744259 -1.880789 50.583950 -0.617526 -0.679754 -0.395721 0.875000 0.281250
 42 -2.637566 -1.272689 51.492805 -0.870333 -0.079985 -0.485925 0.859375 0.363281
 42 -1.653914 -1.680614 50.488201 -0.155812 0.583569 -0.796975 0.863281 0.269531
hair2.bmp
 42 -1.653914 -1.680614 50.488201 -0.155812 0.583569 -0.796975 0.863281 0.269531
 42 -2.637566 -1.272689 51.492805 -0.870333 -0.079985 -0.485925 0.859375 0.363281
 42 -2.095737 -1.151083 50.988293 -0.689148 0.151371 -0.708634 0.843750 0.335938
hair2.bmp
 17 0.970608 -2.879076 59.911770 -0.013385 -0.994724 -0.101709 0.042969 0.324219
 17 1.133615 -3.197238 59.082912 0.607031 -0.740927 0.287300 0.042969 0.265625
 17 1.091859 -2.989728 59.567162 0.696392 -0.672222 0.251308 0.042969 0.300781
hair2.bmp
 17 1.091859 -2.989728 59.567162 0.696392 -0.672222 0.251308 0.042969 0.300781
 17 1.133615 -3.197238 59.082912 0.607031 -0.740927 0.287300 0.042969 0.265625
 17 1.193384 -3.127354 59.146503 0.508113 -0.797496 0.325301 0.042969 0.269531
hair2.bmp
 17 0.959746 -3.339906 57.390278 -0.428313 -0.896231 0.115405 0.042969 0.167969
 17 1.108332 -3.318609 57.780750 0.897755 -0.243792 -0.366880 0.042969 0.195313
 17 1.108109 -3.370372 57.842560 0.435707 -0.878020 -0.198091 0.042969 0.199219
hair2.bmp
 17 1.108109 -3.370372 57.842560 0.435707 -0.878020 -0.198091 0.042969 0.199219
 17 1.108332 -3.318609 57.780750 0.897755 -0.243792 -0.366880 0.042969 0.195313
 17 1.147785 -3.325484 57.932064 0.694296 -0.718768 -0.036404 0.042969 0.203125
hair2.bmp
 17 -3.009421 -1.957602 57.147053 -0.931168 0.304111 -0.201102 0.257813 0.628906
 17 -2.897327 -2.229681 56.570156 -0.457482 -0.847561 -0.268982 0.269531 0.585938
 17 -2.653431 -2.512771 58.257572 -0.931378 -0.278809 0.234094 0.300781 0.714844
hair2.bmp
 17 -2.653431 -2.512771 58.257572 -0.931378 -0.278809 0.234094 0.300781 0.714844
 17 -2.897327 -2.229681 56.570156 -0.457482 -0.847561 -0.268982 0.269531 0.585938
 17 -2.769746 -2.410905 57.239098 -0.474397 -0.869380 -0.138298 0.285156 0.605469
hair2.bmp
 17 -2.596991 -2.406051 56.478550 0.640236 -0.606210 -0.471812 0.074219 0.203125
 17 -2.606134 -2.200773 56.241112 0.669867 -0.398186 -0.626678 0.078125 0.195313
 17 -2.579570 -2.676636 57.191978 0.973454 0.210020 0.090991 0.074219 0.214844
hair2.bmp
 17 -2.579570 -2.676636 57.191978 0.973454 0.210020 0.090991 0.074219 0.214844
 17 -2.606134 -2.200773 56.241112 0.669867 -0.398186 -0.626678 0.078125 0.195313
 17 -2.629866 -2.508334 57.272877 0.973454 0.210020 0.090991 0.078125 0.214844
hair2.bmp
 43 1.773656 -1.874522 50.611416 0.587676 -0.704396 -0.398075 0.875000 0.285156
 43 2.142441 -1.711112 50.946968 0.689583 -0.583067 -0.429543 0.863281 0.332031
 43 2.250712 -1.603790 51.423893 -0.811143 -0.363773 0.457947 0.902344 0.347656
hair2.bmp
 43 2.250712 -1.603790 51.423893 -0.811143 -0.363773 0.457947 0.902344 0.347656
 43 2.142441 -1.711112 50.946968 0.689583 -0.583067 -0.429543 0.863281 0.332031
 43 2.686028 -1.429661 52.716713 -0.868879 -0.427785 0.249098 0.898438 0.421875
hair2.bmp
 42 -2.907259 -1.418894 54.168247 0.017919 -0.998528 -0.051202 0.898438 0.503906
 42 -3.054264 -1.381966 53.341190 -0.735594 -0.666472 -0.121314 0.878906 0.460938
 42 -2.876556 -1.424619 53.974277 -0.196213 -0.980407 -0.017396 0.898438 0.492188
hair2.bmp
 42 -2.876556 -1.424619 53.974277 -0.196213 -0.980407 -0.017396 0.898438 0.492188
 42 -3.054264 -1.381966 53.341190 -0.735594 -0.666472 -0.121314 0.878906 0.460938
 42 -2.408012 -1.599817 51.617676 0.212109 -0.960021 0.182671 0.882813 0.363281
hair2.bmp
 42 -1.904189 -1.928231 50.564674 -0.119219 0.549469 -0.826964 0.062500 0.460938
 42 -2.004623 -1.827834 50.683979 0.007293 0.903470 -0.428589 0.058594 0.476563
 42 -2.326470 -1.594344 51.192211 0.854280 0.357880 0.376998 0.054688 0.507813
hair2.bmp
 42 -2.326470 -1.594344 51.192211 0.854280 0.357880 0.376998 0.054688 0.507813
 42 -2.004623 -1.827834 50.683979 0.007293 0.903470 -0.428589 0.058594 0.476563
 42 -2.386707 -1.514620 51.257137 0.308475 0.913685 -0.264619 0.046875 0.511719
hair2.bmp
 17 -3.310156 -1.292673 57.346874 -0.732896 -0.677913 0.057414 0.199219 0.640625
 17 -2.849974 -1.791849 57.299377 -0.732896 -0.677913 0.057414 0.242188 0.632813
 17 -3.001859 -1.611107 57.819054 -0.783293 -0.621012 -0.028224 0.230469 0.675781
hair2.bmp
 17 -3.001859 -1.611107 57.819054 -0.783293 -0.621012 -0.028224 0.230469 0.675781
 17 -2.849974 -1.791849 57.299377 -0.732896 -0.677913 0.057414 0.242188 0.632813
 17 -2.863478 -1.833883 58.267181 -0.823418 -0.565307 -0.049102 0.246094 0.710938
hair2.bmp
 17 2.863176 -1.561095 59.200634 -0.972550 -0.031190 -0.230593 0.050781 0.968750
 17 3.469971 -1.162074 57.323776 0.068702 0.953022 0.295008 0.031250 0.855469
 17 3.044503 -1.566244 58.834579 -0.783835 -0.519216 -0.340614 0.050781 0.945313
hair2.bmp
 17 3.044503 -1.566244 58.834579 -0.783835 -0.519216 -0.340614 0.050781 0.945313
 17 3.469971 -1.162074 57.323776 0.068702 0.953022 0.295008 0.031250 0.855469
 17 3.175422 -1.510363 58.580933 0.563801 -0.825550 0.024415 0.046875 0.925781
hair2.bmp
 17 1.144049 -3.185832 58.963074 0.843090 -0.536990 0.028990 0.042969 0.257813
 17 1.146548 -3.346317 58.273773 0.831021 -0.547429 0.098620 0.042969 0.222656
 17 1.177046 -3.321528 58.136093 0.328705 -0.944430 0.002113 0.042969 0.218750
hair2.bmp
 17 1.177046 -3.321528 58.136093 0.328705 -0.944430 0.002113 0.042969 0.218750
 17 1.146548 -3.346317 58.273773 0.831021 -0.547429 0.098620 0.042969 0.222656
 17 0.929428 -3.304861 57.477757 0.277593 -0.959301 0.051797 0.042969 0.171875
hair2.bmp
 17 1.640887 -2.906687 57.074417 0.553099 0.705194 -0.443603 0.488281 0.687500
 17 1.760054 -2.927726 57.304756 0.927597 -0.110309 -0.356926 0.503906 0.707031
 17 1.779728 -3.045622 57.395386 0.798537 -0.537735 -0.270517 0.503906 0.714844
hair2.bmp
 17 1.779728 -3.045622 57.395386 0.798537 -0.537735 -0.270517 0.503906 0.714844
 17 1.760054 -2.927726 57.304756 0.927597 -0.110309 -0.356926 0.503906 0.707031
 17 1.917948 -2.859564 57.886585 0.974634 -0.090900 -0.204513 0.519531 0.734375
hair2.bmp
 17 0.601146 -3.229718 57.002380 0.148704 0.987017 -0.060699 0.042969 0.132813
 17 0.491597 -3.187017 56.877575 -0.252594 -0.436313 0.863613 0.042969 0.121094
 17 0.361643 -3.144110 56.864506 0.247687 0.912910 0.324417 0.042969 0.117188
hair2.bmp
 17 0.361643 -3.144110 56.864506 0.247687 0.912910 0.324417 0.042969 0.117188
 17 0.491597 -3.187017 56.877575 -0.252594 -0.436313 0.863613 0.042969 0.121094
 17 0.281772 -3.117345 56.828388 -0.510707 -0.649650 0.563146 0.042969 0.105469
hair2.bmp
 17 -0.398783 -3.216350 56.980846 -0.464308 0.283019 0.839237 0.773438 0.070313
 17 -0.189421 -3.309040 57.157978 -0.657071 -0.338087 0.673762 0.761719 0.082031
 17 -0.368780 -3.165369 56.979965 -0.242793 0.966817 0.079482 0.773438 0.070313
hair2.bmp
 17 -0.368780 -3.165369 56.979965 -0.242793 0.966817 0.079482 0.773438 0.070313
 17 -0.189421 -3.309040 57.157978 -0.657071 -0.338087 0.673762 0.761719 0.082031
 17 -0.099290 -3.231292 57.121487 -0.228003 0.601110 0.765951 0.761719 0.078125
hair2.bmp
 17 -2.704987 -1.767565 55.922428 0.293777 -0.942300 0.160517 0.226563 0.519531
 17 -2.452091 -2.030216 55.124203 -0.735114 -0.627789 -0.255908 0.230469 0.429688
 17 -2.352321 -2.072134 55.188148 0.373408 -0.663432 0.648401 0.238281 0.429688
hair2.bmp
 17 -2.352321 -2.072134 55.188148 0.373408 -0.663432 0.648401 0.238281 0.429688
 17 -2.452091 -2.030216 55.124203 -0.735114 -0.627789 -0.255908 0.230469 0.429688
 17 -2.060954 -2.359940 54.812286 -0.723904 -0.338404 -0.601203 0.257813 0.371094
hair2.bmp
 17 0.618321 -3.573519 57.783920 0.734597 -0.429215 -0.525492 0.628906 0.191406
 17 0.976037 -3.351425 58.414486 0.918629 0.207529 -0.336233 0.675781 0.265625
 17 0.946017 -3.596486 58.421093 0.842215 -0.506591 -0.184498 0.656250 0.261719
hair2.bmp
 17 0.946017 -3.596486 58.421093 0.842215 -0.506591 -0.184498 0.656250 0.261719
 17 0.976037 -3.351425 58.414486 0.918629 0.207529 -0.336233 0.675781 0.265625
 17 1.063342 -3.393871 59.159050 0.904864 -0.399099 0.148126 0.671875 0.328125
hair2.bmp
 17 -0.588333 -3.061847 56.855545 0.609843 0.214991 -0.762805 0.085938 0.691406
 17 -0.158914 -3.243113 57.017540 -0.160591 -0.883968 -0.439102 0.085938 0.722656
 17 -0.458570 -3.093924 56.921368 -0.103898 0.602788 0.791108 0.085938 0.710938
hair2.bmp
 17 -0.458570 -3.093924 56.921368 -0.103898 0.602788 0.791108 0.085938 0.710938
 17 -0.158914 -3.243113 57.017540 -0.160591 -0.883968 -0.439102 0.085938 0.722656
 17 0.010360 -3.258838 57.218536 -0.488287 -0.744273 0.455668 0.085938 0.738281
hair2.bmp
 17 -0.160878 -3.288868 60.321659 0.778402 -0.234031 0.582512 0.070313 0.898438
 17 -0.191030 -3.225287 60.363472 -0.488287 -0.744273 0.455668 0.070313 0.898438
 17 -0.299423 -3.592823 59.921013 0.315688 -0.808599 0.496496 0.070313 0.875000
hair2.bmp
 17 -0.582604 -2.571558 60.794643 -0.167477 -0.466698 0.868415 0.507813 0.507813
 17 -0.043560 -1.693635 61.056145 0.028304 -0.182898 0.982724 0.554688 0.554688
 17 -1.042458 -2.178092 60.751999 -0.651020 0.063295 0.756417 0.445313 0.519531
hair2.bmp
 17 0.169663 -3.262952 57.411423 -0.055381 -0.988543 -0.140411 0.609375 0.132813
 17 -0.149260 -3.219680 57.113235 0.022507 -0.991673 -0.126801 0.562500 0.093750
 17 -0.268755 -3.204735 56.973244 -0.013385 -0.994724 -0.101709 0.539063 0.097656
hair2.bmp
 17 3.175422 -1.510363 58.580933 0.563801 -0.825550 0.024415 0.046875 0.925781
 17 3.642560 -1.073954 56.608692 0.888096 0.437467 0.141097 0.031250 0.812500
 17 3.265883 -1.375541 58.453106 0.807307 0.516700 0.285090 0.039063 0.921875
hair2.bmp
 42 -3.427749 -0.955338 54.300564 -0.067113 -0.991233 0.113808 0.027344 0.679688
 42 -3.243681 -1.149717 53.179073 -0.865595 0.484398 -0.126900 0.042969 0.617188
 17 -3.542645 -1.132839 55.271542 -0.673387 0.734754 0.081770 0.035156 0.734375
hair2.bmp
 43 3.003725 -1.401648 53.352859 0.622482 -0.775920 -0.102296 0.878906 0.457031
 43 2.620383 -1.335291 51.514179 0.857462 -0.230996 -0.459783 0.859375 0.363281
 43 2.957683 -1.042325 52.259029 0.939082 -0.072798 -0.335896 0.851563 0.402344
hair2.bmp
 17 -2.712493 -2.761006 57.999329 -0.827212 -0.550717 0.111496 0.316406 0.691406
 17 -2.653431 -2.512771 58.257572 -0.931378 -0.278809 0.234094 0.300781 0.714844
 17 -2.818806 -2.384553 56.979485 -0.983487 -0.172509 -0.054714 0.304688 0.617188
hair2.bmp
 17 1.491462 -2.939182 56.915619 0.520966 -0.652958 -0.549764 0.121094 0.324219
 17 1.760054 -2.927726 57.304756 0.927597 -0.110309 -0.356926 0.128906 0.332031
 17 1.640887 -2.906687 57.074417 0.553099 0.705194 -0.443603 0.128906 0.324219
hair2.bmp
 43 2.957683 -1.042325 52.259029 0.939082 -0.072798 -0.335896 0.851563 0.402344
 43 3.164508 -0.589911 53.133698 0.939802 0.230795 -0.252002 0.832031 0.449219
 17 3.488008 -0.579444 55.101883 0.993063 0.092008 -0.073221 0.832031 0.546875
hair2.bmp
 17 -0.582604 -2.571558 60.794643 -0.167477 -0.466698 0.868415 0.507813 0.507813
 17 0.718990 -2.878251 60.358074 0.637286 -0.395491 0.661402 0.632813 0.453125
 17 0.236941 -2.227858 60.920406 0.450068 -0.197458 0.870890 0.578125 0.523438
hair2.bmp
 17 2.975210 -1.013603 55.875412 -0.169208 -0.942925 0.286812 0.214844 0.292969
 17 3.233050 -0.866704 56.471764 -0.169208 -0.942925 0.286812 0.218750 0.312500
 17 3.122642 -0.805676 56.583950 -0.169208 -0.942925 0.286812 0.214844 0.316406
hair2.bmp
 17 3.420311 -1.175665 57.229706 0.154221 -0.988008 0.007493 0.031250 0.847656
 17 3.475699 -0.978964 55.741203 -0.467486 0.882368 -0.053698 0.027344 0.765625
 17 3.508255 -1.116224 55.035866 -0.958616 -0.282784 0.033000 0.035156 0.722656
hair2.bmp
 17 0.329556 -3.380065 57.441734 0.083590 0.978568 0.188193 0.085938 0.757813
 17 0.758271 -3.443801 57.797604 0.055400 0.992341 0.110412 0.085938 0.789063
 17 0.399804 -3.367669 57.373096 0.036718 0.983723 0.175901 0.085938 0.757813
hair2.bmp
 17 3.209381 -1.323665 57.486816 0.466407 -0.884480 0.012602 0.679688 0.710938
 17 2.764316 -1.658026 56.124493 0.620008 -0.784589 0.003251 0.679688 0.593750
 17 3.026130 -1.455917 55.623291 0.798537 -0.537735 -0.270517 0.714844 0.574219
hair2.bmp
 17 2.975210 -1.013603 55.875412 -0.860049 0.504741 0.074510 0.214844 0.292969
 17 2.328700 -1.938439 54.914158 -0.214316 0.539222 -0.814437 0.195313 0.238281
 17 2.546811 -1.645889 55.434967 -0.897336 0.402481 0.181100 0.195313 0.265625
hair2.bmp
 17 1.733106 -2.825785 59.223034 0.478814 -0.779421 0.404030 0.535156 0.820313
 17 1.896531 -3.052035 58.278625 0.926975 -0.369794 0.062999 0.515625 0.761719
 17 1.917948 -2.859564 57.886585 0.968025 -0.231922 -0.095601 0.519531 0.734375
hair2.bmp
 17 2.644167 -1.929856 56.166599 0.744700 -0.531905 -0.403112 0.621094 0.628906
 17 2.703551 -1.889291 56.336681 0.865411 -0.468495 -0.177698 0.621094 0.632813
 17 2.819982 -2.056509 57.323082 0.978108 -0.177887 0.107990 0.613281 0.695313
hair2.bmp
 17 1.003181 -2.985039 59.201900 0.986839 0.156133 0.042080 0.726563 0.332031
 17 0.881408 -2.808827 59.690392 0.819791 0.572201 -0.022999 0.703125 0.410156
 17 0.900307 -2.812735 59.994572 0.926259 -0.088285 0.366402 0.671875 0.433594
hair2.bmp
 17 1.879371 -1.252373 60.248352 0.570910 0.316117 0.757715 0.843750 0.875000
 17 1.418543 -1.385223 60.476799 -0.516962 0.381163 -0.766463 0.847656 0.910156
 17 0.576921 -1.537349 60.923935 0.228894 0.245509 0.941983 0.886719 0.968750
hair2.bmp
 17 0.982639 -3.276343 59.352631 -0.892373 0.260805 -0.368308 0.085938 0.875000
 17 0.890120 -2.974530 60.046715 -0.121506 -0.833105 0.539604 0.085938 0.929688
 17 1.081996 -3.196410 59.529942 -0.087610 0.910870 -0.403288 0.085938 0.890625
hair2.bmp
 17 0.869931 -2.800916 60.098194 0.482333 0.870743 -0.095717 0.042969 0.343750
 17 0.970608 -2.879076 59.911770 0.556196 0.565024 -0.609421 0.042969 0.324219
 17 1.052092 -3.008631 59.502651 0.235699 0.971332 0.030992 0.042969 0.292969
hair2.bmp
 17 -2.818822 -1.256679 56.979183 0.956802 0.284914 0.057915 0.128906 0.187500
 17 -2.848552 -1.772004 56.906689 0.983384 -0.099407 0.151901 0.113281 0.183594
 17 -2.704987 -1.767565 55.922428 0.293777 -0.942300 0.160517 0.113281 0.148438
hair2.bmp
 17 -1.897961 -2.779415 56.749210 0.077879 0.903481 0.421494 0.832031 0.058594
 17 -2.077400 -2.680423 56.593639 0.111187 0.874888 0.471390 0.839844 0.054688
 17 -1.549667 -3.037026 57.222313 0.077879 0.903481 0.421494 0.820313 0.082031
hair2.bmp
 17 -1.703365 -3.505602 58.244965 -0.837233 0.296916 0.459218 0.378906 0.242188
 17 -1.910043 -3.187995 57.325939 -0.829297 0.345499 0.439200 0.367188 0.140625
 17 -1.724435 -3.721505 58.541348 -0.797125 -0.594005 0.108398 0.402344 0.265625
hair2.bmp
 17 -3.280858 -0.239579 57.536438 -0.576214 0.779191 0.246656 0.804688 0.675781
 17 -3.381810 -1.405420 57.803879 -0.965679 -0.203601 0.161279 0.851563 0.691406
 17 -3.144698 -0.938840 58.599918 -0.904429 0.150508 0.399193 0.828125 0.742188
hair2.bmp
 17 0.959746 -3.339906 57.390278 -0.428313 -0.896231 0.115405 0.042969 0.167969
 17 0.909542 -3.309391 57.446388 -0.580112 -0.800399 0.151099 0.042969 0.171875
 17 0.730647 -3.254505 57.140636 -0.570180 -0.793268 0.213591 0.042969 0.148438
hair2.bmp
 17 -0.013654 -1.718630 61.082237 -0.105728 -0.387520 0.915778 0.332031 0.972656
 17 -0.583381 -1.735770 61.005966 -0.186216 -0.367007 0.911389 0.308594 0.937500
 17 -0.682577 -2.224537 60.785587 -0.332690 -0.395984 0.855870 0.324219 0.914063
hair2.bmp
 17 -2.818822 -1.256679 56.979183 0.956802 0.284914 0.057915 0.128906 0.187500
 17 -3.074712 -1.072745 55.842880 0.652789 0.733687 -0.188599 0.140625 0.132813
 17 -3.137369 -0.838836 56.575657 0.849124 0.516033 -0.112689 0.148438 0.175781
hair2.bmp
 17 2.816628 -1.714913 58.248177 0.966788 -0.177610 0.183784 0.636719 0.753906
 17 2.644795 -1.724710 58.753822 0.877866 -0.339295 0.337980 0.632813 0.785156
 17 2.908070 -1.948199 57.850914 0.942619 -0.311901 0.119110 0.628906 0.730469
hair2.bmp
 17 -0.941951 -2.112163 60.611813 -0.591298 0.804122 -0.061279 0.437500 0.531250
 17 -1.350793 -2.410603 60.292469 -0.048398 0.892303 -0.448836 0.359375 0.476563
 17 -1.042458 -2.178092 60.751999 -0.651020 0.063295 0.756417 0.445313 0.519531
hair2.bmp
 17 -0.062916 -3.808128 58.125351 0.345497 -0.882972 -0.317793 0.554688 0.226563
 17 -0.373172 -3.973468 58.196087 0.067212 -0.976029 -0.207004 0.519531 0.230469
 17 -0.609618 -3.451158 57.212173 0.185097 -0.776678 -0.602088 0.492188 0.140625
hair2.bmp
 17 -1.732649 -3.419209 58.047028 0.861025 -0.365892 -0.353212 0.375000 0.214844
 17 -1.890832 -3.328910 57.544510 0.871189 -0.391385 -0.296392 0.351563 0.167969
 17 -1.801384 -3.274961 57.696789 0.871189 -0.391385 -0.296392 0.363281 0.171875
hair2.bmp
 17 -2.477273 -2.481037 56.556938 -0.930152 -0.365708 -0.032787 0.847656 0.062500
 17 -2.437989 -2.455626 56.754704 0.925880 0.345987 -0.151788 0.851563 0.062500
 17 -2.169387 -2.789422 57.142689 0.706490 -0.471705 -0.527604 0.847656 0.078125
hair2.bmp
 17 2.940095 -1.441847 54.528164 -0.517312 -0.849417 0.104304 0.898438 0.523438
 43 3.003725 -1.401648 53.352859 0.622482 -0.775920 -0.102296 0.878906 0.457031
 17 2.949690 -1.441640 54.640003 -0.254619 -0.965621 -0.052401 0.898438 0.527344
hair2.bmp
 17 0.481441 -3.174416 56.920448 -0.297312 -0.953341 -0.052412 0.042969 0.125000
 17 0.281772 -3.117345 56.828388 -0.510707 -0.649650 0.563146 0.042969 0.109375
 17 0.491597 -3.187017 56.877575 -0.252594 -0.436313 0.863613 0.042969 0.121094
hair2.bmp
 17 0.108623 -3.579046 57.699795 -0.297286 0.711886 0.636270 0.750000 0.101563
 17 -0.778418 -3.208491 56.879280 -0.514364 0.699867 -0.495597 0.789063 0.070313
 17 -0.728964 -3.327169 57.030838 -0.861712 -0.325782 0.388996 0.785156 0.074219
hair2.bmp
 43 3.429660 -1.105299 54.474583 0.939630 -0.335487 -0.067407 0.035156 0.687500
 43 3.194548 -1.147156 53.125000 0.873400 -0.443316 -0.201600 0.042969 0.613281
 43 3.402595 -0.979792 53.663895 0.654294 0.752813 0.071923 0.031250 0.644531
hair2.bmp
 17 0.946181 -3.567949 58.375423 0.492809 -0.866830 -0.075799 0.085938 0.820313
 17 0.877396 -3.456768 58.039555 0.811623 -0.468845 -0.348501 0.085938 0.804688
 17 1.075052 -3.420685 58.686882 0.953997 0.230608 -0.191598 0.085938 0.839844
hair2.bmp
 17 -2.708317 -2.512704 56.845062 -0.590079 -0.702997 -0.396991 0.363281 0.617188
 17 -2.526797 -2.365900 56.425064 -0.449216 -0.676994 -0.582996 0.382813 0.589844
 17 -2.456606 -2.376730 56.372566 0.238920 0.266507 -0.933751 0.390625 0.589844
hair2.bmp
 17 -2.645772 -2.081105 56.140568 0.030503 0.631972 -0.774391 0.078125 0.191406
 17 -2.818806 -2.384553 56.979485 -0.983487 -0.172509 -0.054714 0.078125 0.210938
 17 -2.606134 -2.200773 56.241112 0.669867 -0.398186 -0.626678 0.078125 0.195313
hair2.bmp
 17 -2.532782 -2.826149 58.079704 -0.717521 -0.683407 0.134605 0.328125 0.703125
 17 -2.712493 -2.761006 57.999329 -0.827212 -0.550717 0.111496 0.316406 0.691406
 17 -2.579570 -2.676636 57.191978 -0.423927 -0.891052 -0.162210 0.328125 0.667969
hair2.bmp
 17 2.819982 -2.056509 57.323082 0.978108 -0.177887 0.107990 0.613281 0.695313
 17 2.666901 -2.179259 58.174255 0.865245 -0.459173 0.201273 0.605469 0.746094
 17 2.365238 -2.607735 58.634590 0.744678 -0.594879 0.302612 0.578125 0.777344
hair2.bmp
 17 -0.398783 -3.216350 56.980846 -0.464308 0.283019 0.839237 0.511719 0.097656
 17 -0.528426 -3.198645 56.881954 -0.813689 -0.387923 -0.432926 0.511719 0.093750
 17 -0.189421 -3.309040 57.157978 -0.657071 -0.338087 0.673762 0.542969 0.125000
hair2.bmp
 17 -2.294726 -2.892234 58.617348 0.628125 0.740595 -0.238699 0.230469 0.277344
 17 -2.372744 -2.885199 58.069660 -0.156318 0.987619 -0.013181 0.210938 0.226563
 17 -2.492289 -2.903321 57.944038 -0.974423 0.195106 0.111509 0.226563 0.203125
hair2.bmp
 17 -1.378958 -3.164395 57.027287 -0.730705 0.072704 0.678811 0.417969 0.113281
 17 -1.030998 -3.530060 57.592720 -0.923967 0.081490 0.373690 0.449219 0.171875
 17 -1.189824 -3.248026 57.266941 -0.622701 0.443695 0.644498 0.433594 0.136719
hair2.bmp
 17 -2.227670 -2.826078 56.668495 -0.663470 -0.442286 -0.603482 0.316406 0.085938
 17 -2.197008 -2.549145 56.484737 -0.386315 -0.501811 -0.773916 0.308594 0.050781
 17 -2.048040 -2.824097 56.771111 0.279702 -0.744590 -0.606096 0.335938 0.089844
hair2.bmp
 17 -2.477273 -2.481037 56.556938 -0.930152 -0.365708 -0.032787 0.273438 0.093750
 17 -2.498949 -2.615237 57.020424 -0.942550 -0.302194 -0.142404 0.253906 0.117188
 17 -2.496943 -2.312160 56.465321 -0.753507 0.392874 -0.527140 0.281250 0.066406
hair2.bmp
 17 -2.132524 -3.382607 58.011524 -0.328829 -0.939881 -0.092173 0.296875 0.199219
 17 -2.492890 -3.106048 58.110779 -0.911915 -0.400013 0.091655 0.261719 0.222656
 17 -2.349183 -2.982723 57.086941 -0.124980 -0.824034 -0.552583 0.281250 0.128906
hair2.bmp
 43 2.856473 -0.441550 52.590279 0.297411 0.891004 -0.343014 0.824219 0.417969
 43 2.559799 -0.733941 51.672951 0.799433 0.293880 -0.523968 0.828125 0.371094
 43 2.844418 -0.340324 53.157120 -0.436901 0.887583 -0.145991 0.800781 0.441406
hair2.bmp
 17 1.021668 -2.978898 59.619659 -0.135811 0.919925 -0.367822 0.042969 0.304688
 17 0.869931 -2.800916 60.098194 0.010788 0.938580 -0.344892 0.042969 0.339844
 17 1.091859 -2.989728 59.567162 -0.158008 0.877182 -0.453415 0.042969 0.316406
hair2.bmp
 17 3.065661 -0.542722 58.510765 0.451886 0.789775 0.414794 0.808594 0.734375
 17 3.145401 -0.870841 58.584110 0.915111 0.098018 0.391106 0.828125 0.738281
 17 3.310867 -0.131265 57.071743 0.548044 0.820390 0.163118 0.808594 0.636719
hair2.bmp
 43 2.559799 -0.733941 51.672951 -0.706306 0.707022 0.035375 0.832031 0.359375
 43 2.102258 -1.160949 50.994995 -0.706306 0.707022 0.035375 0.843750 0.335938
 43 1.524250 -1.712938 50.446529 -0.706306 0.707022 0.035375 0.863281 0.269531
hair2.bmp
 17 0.606149 -3.681528 58.384239 0.560951 -0.819221 -0.119207 0.621094 0.250000
 17 0.615767 -3.659866 58.489780 0.925700 0.360293 -0.115188 0.632813 0.265625
 17 0.682886 -3.589521 59.285046 0.394198 -0.861999 0.318694 0.625000 0.343750
hair2.bmp
 17 0.576921 -1.537349 60.923935 0.228894 0.245509 0.941983 0.886719 0.968750
 17 -0.003389 -1.674939 61.008850 0.088515 0.310519 0.946437 0.906250 0.984375
 17 0.516683 -1.732212 60.990265 0.279596 0.278804 0.918746 0.910156 0.960938
hair2.bmp
 17 -0.583273 -1.567674 60.975246 0.077625 0.570227 0.817811 0.882813 0.960938
 17 -0.563023 -1.555280 60.906425 0.284102 0.908108 0.307612 0.882813 0.968750
 17 -0.952475 -1.436607 60.753635 0.210679 0.951072 0.225999 0.867188 0.941406
hair2.bmp
 17 0.281772 -3.117345 56.828388 -0.330369 -0.129999 0.934857 0.042969 0.105469
 17 0.191838 -3.103963 56.810150 -0.330369 -0.129999 0.934857 0.042969 0.101563
 17 0.361643 -3.144110 56.864506 -0.406942 -0.397218 0.822567 0.042969 0.117188
hair2.bmp
 17 2.540288 -2.458265 57.239632 0.868504 -0.493103 -0.050500 0.574219 0.691406
 17 2.365238 -2.607735 58.634590 0.744678 -0.594879 0.302612 0.578125 0.777344
 17 2.287903 -2.851488 57.899536 0.294965 -0.953170 -0.066807 0.554688 0.734375
hair2.bmp
 17 -2.818806 -2.384553 56.979485 -0.983487 -0.172509 -0.054714 0.062500 0.253906
 17 -2.653431 -2.512771 58.257572 -0.931378 -0.278809 0.234094 0.074219 0.230469
 17 -2.759477 -2.428036 57.164928 0.555401 0.829943 -0.052195 0.085938 0.156250
hair2.bmp
 17 2.856717 -1.242703 58.221508 -0.993207 -0.029870 -0.112466 0.945313 0.722656
 17 3.043715 -0.813381 56.287621 -0.999920 0.012604 -0.001227 0.945313 0.609375
 17 2.887153 -1.953097 58.103973 -0.560288 -0.807034 -0.186475 0.902344 0.718750
hair2.bmp
 17 2.089042 -2.338423 54.821011 -0.719902 -0.657989 -0.220890 0.699219 0.457031
 17 2.238836 -2.196103 54.877640 0.672580 -0.500198 -0.545378 0.707031 0.464844
 17 2.347798 -2.074824 55.164028 -0.355596 -0.663182 0.658590 0.687500 0.507813
hair2.bmp
 17 -1.940611 -2.434351 54.718048 0.702806 0.421972 0.572715 0.093750 0.066406
 17 -2.180948 -2.146177 54.809666 0.847021 0.502510 0.173319 0.105469 0.082031
 17 -2.060954 -2.359940 54.812286 0.755103 0.408099 0.513102 0.097656 0.082031
hair2.bmp
 17 -2.060954 -2.359940 54.812286 -0.723904 -0.338404 -0.601203 0.257813 0.371094
 17 -2.401406 -1.843631 54.934422 0.086654 0.447489 -0.890081 0.203125 0.417969
 17 -1.940611 -2.434351 54.718048 -0.693561 -0.576060 -0.432583 0.253906 0.343750
hair2.bmp
 17 -2.887551 -1.783250 56.630188 0.905509 0.422588 0.038391 0.101563 0.179688
 17 -2.735840 -2.033668 56.158939 0.449493 -0.478232 -0.754487 0.093750 0.164063
 17 -2.755330 -1.804957 56.017124 0.962298 0.204798 0.178997 0.101563 0.152344
hair2.bmp
 17 -2.456606 -2.376730 56.372566 0.238920 0.266507 -0.933751 0.066406 0.203125
 17 -2.526797 -2.365900 56.425064 -0.449216 -0.676994 -0.582996 0.070313 0.199219
 17 -2.379004 -2.699283 57.036221 0.249599 -0.893502 -0.373301 0.066406 0.210938
hair2.bmp
 17 -0.013654 -1.718630 61.082237 0.061693 -0.509916 0.858009 0.511719 0.980469
 17 0.157362 -2.084966 60.803577 -0.422917 -0.660687 0.620188 0.503906 0.949219
 17 0.407660 -2.314088 60.722618 0.243804 -0.513416 0.822778 0.507813 0.933594
hair2.bmp
 17 1.670182 -2.411961 60.028820 0.576886 -0.562284 0.592486 0.554688 0.875000
 17 1.729193 -1.535815 60.298424 0.658172 -0.291912 0.693972 0.597656 0.894531
 17 1.157573 -1.748760 60.745754 0.439997 -0.423545 0.791841 0.562500 0.925781
hair2.bmp
 17 -1.079783 -3.377093 60.017963 -0.308005 -0.685408 0.659809 0.464844 0.417969
 17 -1.577310 -3.549198 59.334923 -0.399335 -0.824546 0.400819 0.410156 0.339844
 17 -0.756856 -3.851735 59.212337 -0.119535 -0.956916 0.264619 0.503906 0.328125
hair2.bmp
 17 -2.207991 -2.730210 56.756939 0.406867 0.751522 0.519301 0.843750 0.066406
 17 -2.048040 -2.824097 56.771111 0.389407 0.774304 0.498814 0.839844 0.066406
 17 -2.197008 -2.549145 56.484737 0.406867 0.751522 0.519301 0.847656 0.050781
hair2.bmp
 17 -2.437989 -2.455626 56.754704 0.945007 -0.035596 -0.325108 0.851563 0.062500
 17 -2.477273 -2.481037 56.556938 0.921605 -0.003492 -0.388114 0.847656 0.062500
 17 -2.496943 -2.312160 56.465321 0.962986 -0.081612 -0.256899 0.851563 0.046875
end
