version 1
nodes
  0 "Bip01" -1
  1 "Bip01 Pelvis" 0
  2 "Bip01 Spine" 1
  3 "Bip01 Spine1" 2
  4 "Bip01 Spine2" 3
  5 "Bip01 Spine3" 4
  6 "Bip01 Neck" 5
  7 "Bip01 L Arm" 6
  8 "Bip01 L Arm1" 7
  9 "Bip01 L Arm2" 8
 10 "Bip01 L Hand" 9
 11 "Bip06 L elbow2-smooth" 8
 12 "Bip01 R Arm" 6
 13 "Bip01 R Arm1" 12
 14 "Bip01 R Arm2" 13
 15 "Bip01 R Hand" 14
 16 "Bip06 R elbow2-smooth" 13
 17 "Bip01 Head" 6
 18 "Bip06 Head_helper" 17
 19 "Bip06 Head_eyes_l" 18
 20 "Bip06 Head_eyes_r" 18
 21 "Bip06 Head_blink_l" 18
 22 "Bip06 Head_blink_smooth_l1" 21
 23 "Bip06 Head_blink_r" 18
 24 "Bip06 Head_blink_smooth_r1" 23
 25 "Bip06 Head_L_eyebrow" 18
 26 "Bip06 Head_R_eyebrow" 18
 27 "Bip06 Head_blink_l_lid" 18
 28 "Bip06 Head_blink_r_lid" 18
 29 "Bip06 bunny" 18
 30 "Bip06 bunnyL" 29
 31 "Bip06 bunnyR" 29
 32 "Bip01 L Leg" 1
 33 "Bip01 L Leg1" 32
 34 "Bip01 L Foot" 33
 35 "Bip01 R Leg" 1
 36 "Bip01 R Leg1" 35
 37 "Bip01 R Foot" 36
 38 "Bip03 HairR1" 17
 39 "Bip03 HairR2" 38
 40 "Bip03 HairL1" 17
 41 "Bip03 HairL2" 40
 42 "Bip03 swingR" 17
 43 "Bip03 swingL" 17
end
skeleton
time 0
  0   -0.401123 2.578204 -27.160614 0.000000 0.058410 -1.414606
  1   -1.093036 0.000002 -0.326057 -3.088693 -0.049940 1.521002
  2   2.262337 0.113614 0.064702 0.023079 -0.067269 0.032967
  3   2.380047 0.353302 0.047440 -0.004005 0.246795 0.046055
  4   2.033756 0.190472 -0.000128 -0.007498 0.046884 -0.085423
  5   2.451511 0.204909 -0.003447 -0.037948 0.168582 -0.101353
  6   7.247600 -0.397300 -0.109469 0.000001 0.000033 0.156829
  7   -2.022252 -0.104661 3.136172 -3.159472 -1.117897 -0.137696
  8   1.168026 -0.537438 -0.063437 0.091991 -0.000588 -0.132087
  9   6.790376 -0.619176 0.015206 -0.311843 -2.222133 0.008677
 10   8.637599 0.544015 -0.090417 1.245145 0.798519 0.092697
 11   6.790465 -0.619039 0.017802 -0.229153 -0.625920 -0.060529
 12   -2.022474 -0.104699 -2.873818 0.289580 1.392420 -2.874219
 13   1.167898 -0.537463 0.063297 0.308671 -1.158767 -0.371835
 14   7.002743 -0.617765 -0.183752 -0.000112 -1.128799 -1.907856
 15   8.209042 0.615527 -0.255885 1.605323 -0.085634 0.023627
 16   7.002735 -0.617911 -0.183641 -0.369891 -0.772818 -0.961945
 17   1.574674 0.609930 -0.000899 0.103950 0.302826 -0.116398
 18   -0.602177 0.511412 -0.000006 0.000000 0.000000 0.000000
 19   3.673773 0.177020 1.119313 -0.000002 -0.000014 -0.174510
 20   3.677673 0.176993 -1.117566 0.000007 -0.000003 -0.174546
 21   3.942357 1.334540 1.627658 0.000002 -0.000011 -0.000026
 22   -0.246060 -0.011889 0.516521 -0.000011 0.000031 0.000025
 23   3.942374 1.334565 -1.631083 0.000019 0.000002 -0.000024
 24   -0.246150 -0.011872 -0.516511 -0.000005 -0.000006 0.000048
 25   4.941364 1.997338 1.629330 0.000018 -0.000001 -0.000024
 26   4.941382 1.997366 -1.629410 -0.000001 0.000005 -0.000024
 27   2.914462 1.619264 1.514501 -0.000019 -0.000022 -0.000050
 28   2.920798 1.618870 -1.501142 -0.000002 -0.000009 -0.000024
 29   8.824059 0.150544 0.091743 0.000006 -0.000231 -0.174534
 30   2.111085 -0.561179 1.784320 -0.000008 -0.000682 0.000024
 31   2.121290 -0.561289 -1.853599 0.000000 0.000000 -0.000002
 32   -0.802676 -0.093824 3.127092 0.044159 -3.092711 0.195926
 33   14.298673 -0.408176 0.518454 -0.017394 -0.094870 -0.115951
 34   15.835795 0.581398 0.242756 -0.000811 0.023965 0.068310
 35   -0.831494 -0.091229 -3.114430 0.052734 3.300803 -0.139032
 36   14.294526 -0.410349 -0.455822 -0.024919 -0.122567 -0.965254
 37   15.834409 0.579420 -0.284600 0.108733 -0.048462 0.061439
 38   2.155341 -3.172490 -2.632401 0.047192 -0.352576 0.132882
 39   -4.457742 -1.054854 -0.746180 0.000000 0.000000 0.000000
 40   0.102445 -3.731028 3.045878 0.047192 -0.352575 0.132881
 41   -4.433840 -1.059130 0.959566 -0.000001 0.000000 0.000000
 42   -0.071513 1.630894 -3.040187 -0.073370 -0.113856 0.012463
 43   -0.484375 1.772799 3.189699 0.026750 0.338356 -0.074988
time 1
  0   -0.401123 2.578204 -27.160614 0.000000 0.058410 -1.414606
  1   -1.093036 0.000002 -0.326057 -3.088693 -0.049940 1.521002
  2   2.262337 0.113614 0.064702 0.023079 -0.067269 0.032967
  3   2.380047 0.353302 0.047440 -0.004005 0.246795 0.046035
  4   2.033756 0.190472 -0.000128 -0.007498 0.046884 -0.085459
  5   2.451511 0.204909 -0.003447 -0.037982 0.168582 -0.101278
  6   7.247600 -0.397300 -0.109469 0.000013 0.000033 0.156829
  7   -2.022252 -0.104661 3.136172 -3.159472 -1.117897 -0.137696
  8   1.168026 -0.537438 -0.063437 0.091991 -0.000588 -0.132087
  9   6.790376 -0.619176 0.015206 -0.311843 -2.222133 0.008677
 10   8.637599 0.544015 -0.090417 1.245145 0.798519 0.092697
 11   6.790465 -0.619039 0.017802 -0.229153 -0.625920 -0.060529
 12   -2.022474 -0.104699 -2.873818 0.289580 1.392420 -2.874219
 13   1.167898 -0.537463 0.063297 0.308671 -1.158767 -0.371835
 14   7.002743 -0.617765 -0.183752 -0.000226 -1.128799 -1.907773
 15   8.209042 0.615527 -0.255885 1.605323 -0.085710 0.023868
 16   7.002735 -0.617911 -0.183641 -0.369938 -0.772818 -0.961890
 17   1.574674 0.609930 -0.000899 0.103950 0.302826 -0.116398
 18   -0.602177 0.511412 -0.000006 0.000000 0.000000 0.000000
 19   3.673773 0.177020 1.119313 -0.000002 -0.000014 -0.174510
 20   3.677673 0.176993 -1.117566 0.000007 -0.000003 -0.174546
 21   3.942357 1.334540 1.627658 0.000002 -0.000011 -0.000026
 22   -0.246060 -0.011889 0.516521 -0.000011 0.000031 0.000025
 23   3.942374 1.334565 -1.631083 0.000019 0.000002 -0.000024
 24   -0.246150 -0.011872 -0.516511 -0.000005 -0.000006 0.000048
 25   4.941364 1.997338 1.629330 0.000018 -0.000001 -0.000024
 26   4.941382 1.997366 -1.629410 -0.000001 0.000005 -0.000024
 27   2.914462 1.619264 1.514501 -0.000019 -0.000022 -0.000050
 28   2.920798 1.618870 -1.501142 -0.000002 -0.000009 -0.000024
 29   8.824059 0.150544 0.091743 0.000006 -0.000421 -0.174534
 30   2.111085 -0.561179 1.784320 -0.000008 -0.000682 0.000024
 31   2.121290 -0.561289 -1.853599 0.000000 0.000000 -0.000002
 32   -0.802676 -0.093824 3.127092 0.044159 -3.092711 0.195926
 33   14.298673 -0.408176 0.518454 -0.017394 -0.094870 -0.115951
 34   15.835795 0.581398 0.242756 -0.000811 0.023965 0.068310
 35   -0.831494 -0.091229 -3.114430 0.052734 3.300803 -0.139032
 36   14.294526 -0.410349 -0.455822 -0.024919 -0.122567 -0.965176
 37   15.834409 0.579420 -0.284600 0.108773 -0.048462 0.061287
 38   2.155341 -3.172490 -2.632401 0.047192 -0.352576 0.132882
 39   -4.457742 -1.054854 -0.746180 0.000036 0.000000 -0.000168
 40   0.102445 -3.731028 3.045878 0.047192 -0.352575 0.132881
 41   -4.433840 -1.059130 0.959566 0.000035 0.000000 -0.000168
 42   -0.071513 1.630894 -3.040187 -0.073334 -0.113656 0.012421
 43   -0.484375 1.772799 3.189699 0.026725 0.338168 -0.074988
time 2
  0   -0.401123 2.578204 -27.160614 0.000000 0.058410 -1.414606
  1   -1.093036 0.000002 -0.326057 -3.088693 -0.049940 1.521002
  2   2.262337 0.113614 0.064702 0.023079 -0.067269 0.032967
  3   2.380047 0.353302 0.047440 -0.004005 0.246783 0.045994
  4   2.033756 0.190472 -0.000128 -0.007479 0.046884 -0.085532
  5   2.451511 0.204909 -0.003447 -0.038051 0.168608 -0.101055
  6   7.247600 -0.397300 -0.109469 0.000049 0.000021 0.156734
  7   -2.022252 -0.104661 3.136172 -3.159472 -1.117897 -0.137696
  8   1.168026 -0.537438 -0.063437 0.091991 -0.000588 -0.132087
  9   6.790376 -0.619176 0.015206 -0.311843 -2.222066 0.008677
 10   8.637599 0.544015 -0.090417 1.245145 0.798519 0.092697
 11   6.790465 -0.619039 0.017802 -0.229153 -0.625920 -0.060529
 12   -2.022474 -0.104699 -2.873818 0.289580 1.392420 -2.874219
 13   1.167898 -0.537463 0.063297 0.308671 -1.158767 -0.371835
 14   7.002743 -0.617765 -0.183752 -0.000511 -1.128856 -1.907443
 15   8.209042 0.615527 -0.255885 1.605251 -0.085785 0.024710
 16   7.002735 -0.617911 -0.183641 -0.370127 -0.772706 -0.961780
 17   1.574674 0.609930 -0.000899 0.103950 0.302826 -0.116398
 18   -0.602177 0.511412 -0.000006 0.000000 0.000000 0.000000
 19   3.673773 0.177020 1.119313 -0.000002 -0.000014 -0.174510
 20   3.673767 0.176993 -1.117566 0.000007 -0.000003 -0.174546
 21   3.942357 1.334540 1.627658 0.000002 -0.000011 -0.000026
 22   -0.246060 -0.011889 0.516521 -0.000011 0.000031 0.000025
 23   3.942374 1.334565 -1.631083 0.000019 0.000002 -0.000024
 24   -0.246150 -0.011872 -0.516511 -0.000005 -0.000006 0.000048
 25   4.941364 1.997338 1.629330 0.000018 -0.000001 -0.000024
 26   4.941382 1.997366 -1.629410 -0.000001 0.000005 -0.000024
 27   2.914462 1.619264 1.514501 -0.000019 -0.000022 -0.000050
 28   2.920798 1.618870 -1.501142 -0.000002 -0.000009 -0.000024
 29   8.824059 0.150544 0.091743 -0.000083 -0.000967 -0.174480
 30   2.111085 -0.561179 1.784320 -0.000008 -0.000682 0.000024
 31   2.121290 -0.561289 -1.853599 0.000000 0.000000 -0.000002
 32   -0.802676 -0.093824 3.127092 0.044159 -3.092711 0.195926
 33   14.298673 -0.408176 0.518454 -0.017394 -0.094870 -0.115951
 34   15.835795 0.581398 0.242756 -0.000811 0.023965 0.068310
 35   -0.831494 -0.091229 -3.114430 0.052734 3.300803 -0.139032
 36   14.294526 -0.410349 -0.455822 -0.024919 -0.122555 -0.965022
 37   15.834409 0.579420 -0.284600 0.108871 -0.048462 0.060932
 38   2.155341 -3.172490 -2.632401 0.047192 -0.352576 0.132882
 39   -4.457742 -1.054854 -0.746180 0.000144 -0.000012 -0.000757
 40   0.102445 -3.731028 3.045878 0.047192 -0.352575 0.132881
 41   -4.433840 -1.059130 0.959566 0.000143 -0.000012 -0.000757
 42   -0.071513 1.630894 -3.040187 -0.073238 -0.113074 0.012296
 43   -0.484375 1.772799 3.189699 0.026637 0.337634 -0.074946
time 3
  0   -0.401123 2.578204 -27.160614 0.000000 0.058410 -1.414606
  1   -1.093036 0.000002 -0.326057 -3.088693 -0.049940 1.521002
  2   2.262337 0.113614 0.064702 0.023079 -0.067269 0.032967
  3   2.380047 0.353302 0.047440 -0.004005 0.246771 0.045933
  4   2.033756 0.190472 -0.000128 -0.007442 0.046872 -0.085640
  5   2.451511 0.204909 -0.003447 -0.038153 0.168634 -0.100684
  6   7.247600 -0.397300 -0.109469 0.000109 0.000009 0.156607
  7   -2.022252 -0.104661 3.136172 -3.159472 -1.117897 -0.137696
  8   1.168026 -0.537438 -0.063437 0.091991 -0.000588 -0.132087
  9   6.790376 -0.619176 0.015206 -0.311843 -2.222133 0.008677
 10   8.637599 0.544015 -0.090417 1.245145 0.798519 0.092697
 11   6.790465 -0.619039 0.017802 -0.229153 -0.625920 -0.060529
 12   -2.022474 -0.104699 -2.873818 0.289580 1.392420 -2.874219
 13   1.167898 -0.537463 0.063297 0.308671 -1.158767 -0.371835
 14   7.002743 -0.617765 -0.183752 -0.001023 -1.128970 -1.906948
 15   8.209042 0.615527 -0.255885 1.605251 -0.086012 0.026033
 16   7.002735 -0.617911 -0.183641 -0.370409 -0.772593 -0.961559
 17   1.574674 0.609930 -0.000899 0.103950 0.302826 -0.116398
 18   -0.602177 0.511412 -0.000006 0.000000 0.000000 0.000000
 19   3.677679 0.177020 1.119313 -0.000002 -0.000014 -0.174510
 20   3.677673 0.176993 -1.117566 0.000007 -0.000003 -0.174546
 21   3.942357 1.334540 1.627658 0.000002 -0.000011 -0.000026
 22   -0.246060 -0.011889 0.516521 -0.000011 0.000031 0.000025
 23   3.942374 1.334565 -1.631083 0.000019 0.000002 -0.000024
 24   -0.246150 -0.011872 -0.516511 -0.000005 -0.000006 0.000048
 25   4.941364 1.997338 1.629330 0.000018 -0.000001 -0.000024
 26   4.941382 1.997366 -1.629410 -0.000001 0.000005 -0.000024
 27   2.914462 1.619264 1.514501 -0.000019 -0.000022 -0.000050
 28   2.920798 1.618870 -1.501142 -0.000002 -0.000009 -0.000024
 29   8.824059 0.150544 0.091743 -0.000261 -0.001893 -0.174427
 30   2.111085 -0.561179 1.784320 -0.000008 -0.000682 0.000024
 31   2.121290 -0.561289 -1.853599 0.000000 0.000000 -0.000002
 32   -0.802676 -0.093824 3.127092 0.044159 -3.092711 0.195926
 33   14.298673 -0.408176 0.518454 -0.017394 -0.094870 -0.115951
 34   15.835795 0.581398 0.242756 -0.000811 0.023965 0.068310
 35   -0.831494 -0.091229 -3.114430 0.052734 3.300803 -0.139032
 36   14.294526 -0.410349 -0.455822 -0.024931 -0.122543 -0.964713
 37   15.834409 0.579420 -0.284600 0.109048 -0.048513 0.060324
 38   2.155341 -3.172490 -2.632401 0.047192 -0.352576 0.132882
 39   -4.457742 -1.054854 -0.746180 0.000312 -0.000024 -0.001655
 40   0.102445 -3.731028 3.045878 0.047192 -0.352575 0.132881
 41   -4.433840 -1.059130 0.959566 0.000311 -0.000024 -0.001655
 42   -0.071513 1.630894 -3.036281 -0.073070 -0.112139 0.012087
 43   -0.484375 1.772799 3.189699 0.026500 0.336771 -0.074904
time 4
  0   -0.401123 2.578204 -27.160614 0.000000 0.058410 -1.414606
  1   -1.093036 0.000002 -0.326057 -3.088693 -0.049940 1.521002
  2   2.262337 0.113614 0.064702 0.023079 -0.067269 0.032967
  3   2.380047 0.353302 0.047440 -0.004020 0.246759 0.045831
  4   2.033756 0.190472 -0.000128 -0.007424 0.046848 -0.085785
  5   2.451511 0.204909 -0.003447 -0.038308 0.168686 -0.100189
  6   7.247600 -0.397300 -0.109469 0.000193 -0.000003 0.156449
  7   -2.022252 -0.104661 3.136172 -3.159472 -1.117897 -0.137696
  8   1.168026 -0.537438 -0.063437 0.091991 -0.000588 -0.132087
  9   6.790376 -0.619176 0.015206 -0.311843 -2.222133 0.008677
 10   8.637599 0.544015 -0.090417 1.245145 0.798519 0.092697
 11   6.790465 -0.619039 0.017802 -0.229153 -0.625948 -0.060529
 12   -2.022474 -0.104699 -2.873818 0.289580 1.392420 -2.874219
 13   1.167898 -0.537463 0.063297 0.308671 -1.158767 -0.371835
 14   7.002743 -0.617765 -0.183752 -0.001649 -1.129083 -1.906371
 15   8.209042 0.615527 -0.255885 1.605179 -0.086239 0.027837
 16   7.002735 -0.617911 -0.183641 -0.370786 -0.772480 -0.961228
 17   1.574674 0.609930 -0.000899 0.103950 0.302826 -0.116398
 18   -0.602177 0.511412 -0.000006 0.000000 0.000000 0.000000
 19   3.673773 0.177020 1.119313 -0.000002 -0.000014 -0.174510
 20   3.677673 0.176993 -1.117566 0.000007 -0.000003 -0.174546
 21   3.942357 1.334540 1.627658 0.000002 -0.000011 -0.000026
 22   -0.246060 -0.011889 0.516521 -0.000011 0.000031 0.000025
 23   3.942374 1.334565 -1.631083 0.000019 0.000002 -0.000024
 24   -0.246150 -0.011872 -0.516511 -0.000005 -0.000006 0.000048
 25   4.941364 1.997338 1.629330 0.000018 -0.000001 -0.000024
 26   4.941382 1.997366 -1.629410 -0.000001 0.000005 -0.000024
 27   2.914462 1.619264 1.514501 -0.000019 -0.000022 -0.000050
 28   2.920798 1.618870 -1.501142 -0.000002 -0.000009 -0.000024
 29   8.824059 0.150544 0.091743 -0.000440 -0.003151 -0.174319
 30   2.111085 -0.561179 1.784320 -0.000008 -0.000682 0.000024
 31   2.121290 -0.561289 -1.853599 0.000000 0.000000 -0.000002
 32   -0.802676 -0.093824 3.127092 0.044159 -3.092711 0.195926
 33   14.298673 -0.408176 0.518454 -0.017394 -0.094870 -0.115951
 34   15.835795 0.581398 0.242756 -0.000811 0.023965 0.068310
 35   -0.831494 -0.091229 -3.114430 0.052734 3.300803 -0.139032
 36   14.294526 -0.410349 -0.455822 -0.024943 -0.122519 -0.964327
 37   15.834409 0.579420 -0.284600 0.109285 -0.048539 0.059512
 38   2.155341 -3.172490 -2.632401 0.047192 -0.352576 0.132882
 39   -4.457742 -1.054854 -0.746180 0.000551 -0.000048 -0.002917
 40   0.102445 -3.731028 3.045878 0.047192 -0.352575 0.132881
 41   -4.433840 -1.059130 0.959566 0.000550 -0.000048 -0.002917
 42   -0.071513 1.630894 -3.032374 -0.072830 -0.110851 0.011836
 43   -0.484375 1.772799 3.189699 0.026300 0.335579 -0.074820
time 5
  0   -0.401123 2.578204 -27.160614 0.000000 0.058410 -1.414606
  1   -1.093036 0.000002 -0.326057 -3.088693 -0.049940 1.521002
  2   2.262337 0.113614 0.064702 0.023079 -0.067269 0.032967
  3   2.380047 0.353302 0.047440 -0.004020 0.246747 0.045708
  4   2.033756 0.190472 -0.000128 -0.007369 0.046824 -0.085967
  5   2.451511 0.204909 -0.003447 -0.038513 0.168738 -0.099545
  6   7.247600 -0.397300 -0.109469 0.000289 -0.000027 0.156227
  7   -2.022252 -0.104661 3.136172 -3.159472 -1.117897 -0.137696
  8   1.168026 -0.537438 -0.063437 0.091991 -0.000588 -0.132087
  9   6.790376 -0.619176 0.015206 -0.311843 -2.222133 0.008677
 10   8.637599 0.544015 -0.090417 1.245145 0.798519 0.092697
 11   6.790465 -0.619039 0.017802 -0.229153 -0.625920 -0.060529
 12   -2.022474 -0.104699 -2.873818 0.289580 1.392420 -2.874219
 13   1.167898 -0.537463 0.063297 0.308671 -1.158767 -0.371835
 14   7.002743 -0.617765 -0.183752 -0.002503 -1.129254 -1.905546
 15   8.209042 0.615527 -0.255885 1.605107 -0.086542 0.030122
 16   7.002735 -0.617911 -0.183641 -0.371256 -0.772311 -0.960897
 17   1.574674 0.609930 -0.000899 0.103950 0.302826 -0.116398
 18   -0.602177 0.511412 -0.000006 0.000000 0.000000 0.000000
 19   3.677679 0.177020 1.119313 -0.000002 -0.000014 -0.174510
 20   3.677673 0.176993 -1.117566 0.000007 -0.000003 -0.174546
 21   3.942357 1.334540 1.627658 0.000002 -0.000011 -0.000026
 22   -0.246060 -0.011889 0.516521 -0.000011 0.000031 0.000025
 23   3.942374 1.334565 -1.631083 0.000019 0.000002 -0.000024
 24   -0.246150 -0.011872 -0.516511 -0.000005 -0.000006 0.000048
 25   4.941364 1.997338 1.629330 0.000018 -0.000001 -0.000024
 26   4.941382 1.997366 -1.629410 -0.000001 0.000005 -0.000024
 27   2.914462 1.619264 1.514501 -0.000019 -0.000022 -0.000050
 28   2.920798 1.618870 -1.501142 -0.000002 -0.000009 -0.000024
 29   8.824059 0.150544 0.091743 -0.000796 -0.004717 -0.174212
 30   2.111085 -0.561179 1.784320 -0.000008 -0.000682 0.000024
 31   2.121290 -0.561289 -1.853599 0.000000 0.000000 -0.000002
 32   -0.802676 -0.093824 3.127092 0.044159 -3.092711 0.195926
 33   14.298673 -0.408176 0.518454 -0.017394 -0.094870 -0.115951
 34   15.835795 0.581398 0.242756 -0.000811 0.023965 0.068310
 35   -0.831494 -0.091229 -3.114430 0.052734 3.300803 -0.139032
 36   14.294526 -0.410349 -0.455822 -0.024955 -0.122483 -0.963786
 37   15.834409 0.579420 -0.284600 0.109561 -0.048590 0.058498
 38   2.155341 -3.172490 -2.632401 0.047192 -0.352576 0.132882
 39   -4.457742 -1.054854 -0.746180 0.000851 -0.000084 -0.004516
 40   0.102445 -3.731028 3.045878 0.047192 -0.352575 0.132881
 41   -4.433840 -1.059130 0.959566 0.000850 -0.000084 -0.004516
 42   -0.071513 1.630894 -3.028468 -0.072543 -0.109241 0.011543
 43   -0.484375 1.772799 3.189699 0.026063 0.334104 -0.074778
time 6
  0   -0.401123 2.578204 -27.160614 0.000000 0.058410 -1.414606
  1   -1.093036 0.000002 -0.326057 -3.088693 -0.049940 1.521002
  2   2.262337 0.113614 0.064702 0.023079 -0.067269 0.032967
  3   2.380047 0.353302 0.047440 -0.004020 0.246735 0.045565
  4   2.033756 0.190472 -0.000128 -0.007313 0.046800 -0.086184
  5   2.451511 0.204909 -0.003447 -0.038735 0.168817 -0.098802
  6   7.247600 -0.397300 -0.109469 0.000420 -0.000063 0.155942
  7   -2.022252 -0.104661 3.136172 -3.159472 -1.117897 -0.137696
  8   1.168026 -0.537438 -0.063437 0.091991 -0.000588 -0.132087
  9   6.790376 -0.619176 0.015206 -0.311843 -2.222133 0.008677
 10   8.637599 0.544015 -0.090417 1.245145 0.798519 0.092697
 11   6.790465 -0.619039 0.017802 -0.229153 -0.625920 -0.060529
 12   -2.022474 -0.104699 -2.873818 0.289580 1.392420 -2.874219
 13   1.167898 -0.537463 0.063297 0.308671 -1.158767 -0.371835
 14   7.002743 -0.617765 -0.183752 -0.003528 -1.129481 -1.904556
 15   8.209042 0.615527 -0.255885 1.605035 -0.086996 0.032888
 16   7.002735 -0.617911 -0.183641 -0.371821 -0.772085 -0.960455
 17   1.574674 0.609930 -0.000899 0.103950 0.302826 -0.116398
 18   -0.602177 0.511412 -0.000006 0.000000 0.000000 0.000000
 19   3.673773 0.177020 1.119313 -0.000002 -0.000014 -0.174510
 20   3.677673 0.176993 -1.117566 0.000007 -0.000003 -0.174546
 21   3.942357 1.334540 1.627658 0.000002 -0.000011 -0.000026
 22   -0.246060 -0.011889 0.516521 -0.000011 0.000031 0.000025
 23   3.942374 1.334565 -1.631083 0.000019 0.000002 -0.000024
 24   -0.246150 -0.011872 -0.516511 -0.000005 -0.000006 0.000048
 25   4.941364 1.997338 1.629330 0.000018 -0.000001 -0.000024
 26   4.941382 1.997366 -1.629410 -0.000001 0.000005 -0.000024
 27   2.914462 1.619264 1.514501 -0.000019 -0.000022 -0.000050
 28   2.920798 1.618870 -1.501142 -0.000002 -0.000009 -0.000024
 29   8.824059 0.150544 0.091743 -0.001063 -0.006617 -0.174051
 30   2.111085 -0.561179 1.784320 -0.000008 -0.000682 0.000024
 31   2.121290 -0.561289 -1.853599 0.000000 0.000000 -0.000002
 32   -0.802676 -0.093824 3.127092 0.044159 -3.092711 0.195926
 33   14.298673 -0.408176 0.518454 -0.017394 -0.094870 -0.115951
 34   15.835795 0.581398 0.242756 -0.000811 0.023965 0.068310
 35   -0.831494 -0.091229 -3.114430 0.052734 3.300803 -0.139032
 36   14.294526 -0.410349 -0.455822 -0.024979 -0.122459 -0.963168
 37   15.834409 0.579420 -0.284600 0.109915 -0.048641 0.057281
 38   2.155341 -3.172490 -2.632401 0.047192 -0.352576 0.132882
 39   -4.457742 -1.050948 -0.746180 0.001210 -0.000120 -0.006395
 40   0.102445 -3.731028 3.045878 0.047192 -0.352575 0.132881
 41   -4.433840 -1.063036 0.959566 0.001209 -0.000120 -0.006395
 42   -0.071513 1.630894 -3.024562 -0.072207 -0.107309 0.011167
 43   -0.484375 1.772799 3.189699 0.025763 0.332331 -0.074653
time 7
  0   -0.401123 2.578204 -27.160614 0.000000 0.058410 -1.414606
  1   -1.093036 0.000002 -0.326057 -3.088693 -0.049940 1.521002
  2   2.262337 0.113614 0.064702 0.023079 -0.067269 0.032967
  3   2.380047 0.353302 0.047440 -0.004035 0.246711 0.045402
  4   2.033756 0.190472 -0.000128 -0.007258 0.046776 -0.086438
  5   2.451511 0.204909 -0.003447 -0.039009 0.168895 -0.097935
  6   7.247600 -0.397300 -0.109469 0.000564 -0.000099 0.155625
  7   -2.022252 -0.104661 3.136172 -3.159472 -1.117897 -0.137696
  8   1.168026 -0.537438 -0.063437 0.091991 -0.000588 -0.132087
  9   6.790376 -0.619176 0.015206 -0.311843 -2.222133 0.008677
 10   8.637599 0.544015 -0.090417 1.245145 0.798519 0.092697
 11   6.790465 -0.619039 0.017802 -0.229153 -0.625920 -0.060529
 12   -2.022474 -0.104699 -2.873818 0.289580 1.392420 -2.874219
 13   1.167898 -0.537463 0.063297 0.308671 -1.158767 -0.371835
 14   7.002743 -0.617765 -0.183752 -0.004667 -1.129708 -1.903483
 15   8.209042 0.615527 -0.255885 1.604891 -0.087374 0.036015
 16   7.002735 -0.617911 -0.183641 -0.372527 -0.771803 -0.959903
 17   1.574674 0.609930 -0.000899 0.103950 0.302826 -0.116398
 18   -0.602177 0.511412 -0.000006 0.000000 0.000000 0.000000
 19   3.677679 0.177020 1.119313 -0.000002 -0.000014 -0.174510
 20   3.677673 0.176993 -1.117566 0.000007 -0.000003 -0.174546
 21   3.942357 1.334540 1.627658 0.000002 -0.000011 -0.000026
 22   -0.246060 -0.011889 0.516521 -0.000011 0.000031 0.000025
 23   3.942374 1.334565 -1.631083 0.000019 0.000002 -0.000024
 24   -0.246150 -0.011872 -0.516511 -0.000005 -0.000006 0.000048
 25   4.941364 1.997338 1.629330 0.000018 -0.000001 -0.000024
 26   4.941382 1.997366 -1.629410 -0.000001 0.000005 -0.000024
 27   2.914462 1.619264 1.514501 -0.000019 -0.000022 -0.000050
 28   2.920798 1.618870 -1.501142 -0.000002 -0.000009 -0.000024
 29   8.824059 0.150544 0.091743 -0.001509 -0.008777 -0.173837
 30   2.111085 -0.561179 1.784320 -0.000008 -0.000682 0.000024
 31   2.121290 -0.561289 -1.853599 0.000000 0.000000 -0.000002
 32   -0.802676 -0.093824 3.127092 0.044159 -3.092711 0.195926
 33   14.298673 -0.408176 0.518454 -0.017394 -0.094870 -0.115951
 34   15.835795 0.581398 0.242756 -0.000811 0.023965 0.068310
 35   -0.831494 -0.091229 -3.114430 0.052734 3.300803 -0.139032
 36   14.294526 -0.410349 -0.455822 -0.025003 -0.122411 -0.962473
 37   15.834409 0.579420 -0.284600 0.110309 -0.048718 0.055913
 38   2.155341 -3.172490 -2.632401 0.047192 -0.352576 0.132882
 39   -4.457742 -1.050948 -0.746180 0.001630 -0.000168 -0.008582
 40   0.102445 -3.731028 3.045878 0.047192 -0.352575 0.132881
 41   -4.433840 -1.063036 0.959566 0.001629 -0.000168 -0.008582
 42   -0.071513 1.634800 -3.020655 -0.071800 -0.105101 0.010707
 43   -0.484375 1.772799 3.189699 0.025438 0.330291 -0.074569
time 8
  0   -0.401123 2.578204 -27.160614 0.000000 0.058410 -1.414606
  1   -1.093036 0.000002 -0.326057 -3.088693 -0.049940 1.521002
  2   2.262337 0.113614 0.064702 0.023079 -0.067269 0.032967
  3   2.380047 0.353302 0.047440 -0.004035 0.246687 0.045239
  4   2.033756 0.190472 -0.000128 -0.007184 0.046740 -0.086728
  5   2.451511 0.204909 -0.003447 -0.039300 0.168986 -0.096969
  6   7.247600 -0.397300 -0.109469 0.000720 -0.000135 0.155309
  7   -2.022252 -0.104661 3.136172 -3.159472 -1.117897 -0.137696
  8   1.168026 -0.537438 -0.063437 0.091991 -0.000588 -0.132087
  9   6.790376 -0.619176 0.015206 -0.311843 -2.222133 0.008677
 10   8.637599 0.544015 -0.090417 1.245145 0.798519 0.092697
 11   6.790465 -0.619039 0.017802 -0.229153 -0.625920 -0.060529
 12   -2.022474 -0.104699 -2.873818 0.289580 1.392420 -2.874219
 13   1.167898 -0.537463 0.063297 0.308671 -1.158767 -0.371835
 14   7.002743 -0.617765 -0.183752 -0.005976 -1.129935 -1.902163
 15   8.209042 0.615527 -0.255885 1.604748 -0.087904 0.039503
 16   7.002735 -0.617911 -0.183641 -0.373234 -0.771521 -0.959351
 17   1.574674 0.609930 -0.000899 0.103950 0.302826 -0.116398
 18   -0.602177 0.511412 -0.000006 0.000000 0.000000 0.000000
 19   3.673773 0.177020 1.119313 -0.000002 -0.000014 -0.174510
 20   3.677673 0.176993 -1.117566 0.000007 -0.000003 -0.174546
 21   3.942357 1.334540 1.627658 0.000002 -0.000011 -0.000026
 22   -0.246060 -0.011889 0.516521 -0.000011 0.000031 0.000025
 23   3.942374 1.334565 -1.631083 0.000019 0.000002 -0.000024
 24   -0.246150 -0.011872 -0.516511 -0.000005 -0.000006 0.000048
 25   4.941364 1.997338 1.629330 0.000018 -0.000001 -0.000024
 26   4.941382 1.997366 -1.629410 -0.000001 0.000005 -0.000024
 27   2.914462 1.619264 1.514501 -0.000019 -0.000022 -0.000050
 28   2.920798 1.618870 -1.501142 -0.000002 -0.000009 -0.000024
 29   8.824059 0.150544 0.091743 -0.001866 -0.011198 -0.173676
 30   2.111085 -0.561179 1.784320 -0.000008 -0.000682 0.000024
 31   2.121290 -0.561289 -1.853599 0.000000 0.000000 -0.000002
 32   -0.802676 -0.093824 3.127092 0.044159 -3.092711 0.195926
 33   14.298673 -0.408176 0.518454 -0.017394 -0.094870 -0.115951
 34   15.835795 0.581398 0.242756 -0.000811 0.023965 0.068310
 35   -0.831494 -0.091229 -3.114430 0.052734 3.300803 -0.139032
 36   14.294526 -0.410349 -0.455822 -0.025027 -0.122363 -0.961700
 37   15.834409 0.579420 -0.284600 0.110743 -0.048795 0.054341
 38   2.155341 -3.172490 -2.632401 0.047192 -0.352576 0.132882
 39   -4.457742 -1.047041 -0.746180 0.002085 -0.000204 -0.011022
 40   0.102445 -3.731028 3.045878 0.047192 -0.352575 0.132881
 41   -4.433840 -1.066943 0.959566 0.002084 -0.000204 -0.011022
 42   -0.071513 1.634800 -3.012843 -0.071356 -0.102602 0.010246
 43   -0.484375 1.772799 3.189699 0.025051 0.327984 -0.074444
time 9
  0   -0.401123 2.578204 -27.160614 0.000000 0.058410 -1.414606
  1   -1.093036 0.000002 -0.326057 -3.088693 -0.049940 1.521002
  2   2.262337 0.113614 0.064702 0.023079 -0.067269 0.032967
  3   2.380047 0.353302 0.047440 -0.004035 0.246651 0.045035
  4   2.033756 0.190472 -0.000128 -0.007110 0.046704 -0.087054
  5   2.451511 0.204909 -0.003447 -0.039626 0.169078 -0.095904
  6   7.247600 -0.397300 -0.109469 0.000900 -0.000183 0.154928
  7   -2.022252 -0.104661 3.136172 -3.159472 -1.117897 -0.137696
  8   1.168026 -0.537438 -0.063437 0.091991 -0.000588 -0.132087
  9   6.790376 -0.619176 0.015206 -0.311843 -2.222133 0.008677
 10   8.637599 0.544015 -0.090417 1.245145 0.798519 0.092697
 11   6.790465 -0.619039 0.017802 -0.229153 -0.625948 -0.060529
 12   -2.022474 -0.104699 -2.873818 0.289580 1.392420 -2.874219
 13   1.167898 -0.537463 0.063297 0.308671 -1.158767 -0.371835
 14   7.002743 -0.617765 -0.183752 -0.007457 -1.130276 -1.900843
 15   8.209042 0.615527 -0.255885 1.604604 -0.088433 0.043412
 16   7.002735 -0.617911 -0.183641 -0.374081 -0.771239 -0.958689
 17   1.574674 0.609930 -0.000899 0.103950 0.302826 -0.116398
 18   -0.602177 0.511412 -0.000006 0.000000 0.000000 0.000000
 19   3.677679 0.177020 1.119313 -0.000002 -0.000014 -0.174510
 20   3.677673 0.176993 -1.117566 0.000007 -0.000003 -0.174546
 21   3.942357 1.334540 1.627658 0.000002 -0.000011 -0.000026
 22   -0.246060 -0.011889 0.516521 -0.000011 0.000031 0.000025
 23   3.942374 1.334565 -1.631083 0.000019 0.000002 -0.000024
 24   -0.246150 -0.011872 -0.516511 -0.000005 -0.000006 0.000048
 25   4.941364 1.997338 1.629330 0.000018 -0.000001 -0.000024
 26   4.941382 1.997366 -1.629410 -0.000001 0.000005 -0.000024
 27   2.914462 1.619264 1.514501 -0.000019 -0.000022 -0.000050
 28   2.920798 1.618870 -1.501142 -0.000002 -0.000009 -0.000024
 29   8.824059 0.150544 0.091743 -0.002400 -0.013904 -0.173407
 30   2.111085 -0.561179 1.784320 -0.000008 -0.000682 0.000024
 31   2.121290 -0.561289 -1.853599 0.000000 0.000000 -0.000002
 32   -0.802676 -0.093824 3.127092 0.044159 -3.092711 0.195926
 33   14.298673 -0.408176 0.518454 -0.017394 -0.094870 -0.115951
 34   15.835795 0.581398 0.242756 -0.000811 0.023965 0.068310
 35   -0.831494 -0.091229 -3.114430 0.052734 3.300803 -0.139032
 36   14.294526 -0.410349 -0.455822 -0.025051 -0.122315 -0.960851
 37   15.834409 0.579420 -0.284600 0.111235 -0.048897 0.052566
 38   2.155341 -3.172490 -2.632401 0.047192 -0.352576 0.132882
 39   -4.457742 -1.047041 -0.746180 0.002601 -0.000264 -0.013715
 40   0.102445 -3.731028 3.045878 0.047192 -0.352575 0.132881
 41   -4.433840 -1.066943 0.959566 0.002600 -0.000264 -0.013715
 42   -0.071513 1.634800 -3.008936 -0.070865 -0.099857 0.009703
 43   -0.484375 1.772799 3.189699 0.024638 0.325458 -0.074318
time 10
  0   -0.401123 2.578204 -27.160614 0.000000 0.058410 -1.414606
  1   -1.093036 0.000002 -0.326057 -3.088693 -0.049940 1.521002
  2   2.262337 0.113614 0.064702 0.023079 -0.067269 0.032967
  3   2.380047 0.353302 0.047440 -0.004050 0.246627 0.044810
  4   2.033756 0.190472 -0.000128 -0.007037 0.046668 -0.087380
  5   2.451511 0.204909 -0.003447 -0.039985 0.169182 -0.094740
  6   7.247600 -0.397300 -0.109469 0.001092 -0.000231 0.154517
  7   -2.022252 -0.104661 3.136172 -3.159472 -1.117897 -0.137696
  8   1.168026 -0.537438 -0.063437 0.091991 -0.000588 -0.132087
  9   6.790376 -0.619176 0.015206 -0.311843 -2.222133 0.008677
 10   8.637599 0.544015 -0.090417 1.245145 0.798519 0.092697
 11   6.790465 -0.619039 0.017802 -0.229153 -0.625948 -0.060529
 12   -2.022474 -0.104699 -2.873818 0.289580 1.392420 -2.874219
 13   1.167898 -0.537463 0.063297 0.308671 -1.158767 -0.371835
 14   7.002743 -0.617765 -0.183752 -0.008994 -1.130560 -1.899358
 15   8.209042 0.615527 -0.255885 1.604460 -0.089039 0.047622
 16   7.002735 -0.617911 -0.183641 -0.374975 -0.770901 -0.957971
 17   1.574674 0.609930 -0.000899 0.103950 0.302826 -0.116398
 18   -0.602177 0.511412 -0.000006 0.000000 0.000000 0.000000
 19   3.677679 0.177020 1.119313 -0.000002 -0.000014 -0.174510
 20   3.677673 0.176993 -1.117566 0.000007 -0.000003 -0.174546
 21   3.942357 1.334540 1.627658 0.000002 -0.000011 -0.000026
 22   -0.246060 -0.011889 0.516521 -0.000011 0.000031 0.000025
 23   3.942374 1.334565 -1.631083 0.000019 0.000002 -0.000024
 24   -0.246150 -0.011872 -0.516511 -0.000005 -0.000006 0.000048
 25   4.941364 1.997338 1.629330 0.000018 -0.000001 -0.000024
 26   4.941382 1.997366 -1.629410 -0.000001 0.000005 -0.000024
 27   2.914462 1.623171 1.514501 -0.000019 -0.000022 -0.000050
 28   2.920798 1.618870 -1.501142 -0.000002 -0.000009 -0.000024
 29   8.824059 0.150544 0.091743 -0.002935 -0.016824 -0.173193
 30   2.111085 -0.561179 1.784320 -0.000008 -0.000682 0.000024
 31   2.121290 -0.561289 -1.853599 0.000000 0.000000 -0.000002
 32   -0.802676 -0.093824 3.127092 0.044159 -3.092711 0.195926
 33   14.298673 -0.408176 0.518454 -0.017394 -0.094870 -0.115951
 34   15.835795 0.581398 0.242756 -0.000811 0.023965 0.068310
 35   -0.831494 -0.091229 -3.114430 0.052734 3.300803 -0.139032
 36   14.294526 -0.410349 -0.455822 -0.025075 -0.122267 -0.959924
 37   15.834409 0.579420 -0.284600 0.111767 -0.048974 0.050690
 38   2.155341 -3.172490 -2.632401 0.047192 -0.352576 0.132882
 39   -4.457742 -1.043135 -0.746180 0.003164 -0.000324 -0.016632
 40   0.102445 -3.731028 3.045878 0.047192 -0.352575 0.132881
 41   -4.433840 -1.070849 0.959566 0.003163 -0.000324 -0.016632
 42   -0.071513 1.638706 -3.001123 -0.070338 -0.096883 0.009117
 43   -0.484375 1.772799 3.189699 0.024189 0.322712 -0.074151
time 11
  0   -0.401123 2.578204 -27.160614 0.000000 0.058410 -1.414606
  1   -1.093036 0.000002 -0.326057 -3.088693 -0.049940 1.521002
  2   2.262337 0.113614 0.064702 0.023079 -0.067269 0.032967
  3   2.380047 0.353302 0.047440 -0.004050 0.246591 0.044586
  4   2.033756 0.190472 -0.000128 -0.006944 0.046620 -0.087779
  5   2.451511 0.204909 -0.003447 -0.040379 0.169300 -0.093502
  6   7.247600 -0.397300 -0.109469 0.001307 -0.000279 0.154073
  7   -2.022252 -0.104661 3.136172 -3.159472 -1.117897 -0.137696
  8   1.168026 -0.537438 -0.063437 0.091991 -0.000588 -0.132087
  9   6.790376 -0.619176 0.015206 -0.311843 -2.222133 0.008677
 10   8.637599 0.544015 -0.090417 1.245145 0.798519 0.092697
 11   6.790465 -0.619039 0.017802 -0.229153 -0.625920 -0.060529
 12   -2.022474 -0.104699 -2.873818 0.289580 1.392420 -2.874219
 13   1.167898 -0.537463 0.063297 0.308671 -1.158767 -0.371835
 14   7.002743 -0.617765 -0.183752 -0.010645 -1.130900 -1.897708
 15   8.209042 0.615527 -0.255885 1.604244 -0.089644 0.052192
 16   7.002735 -0.617911 -0.183641 -0.375917 -0.770506 -0.957254
 17   1.574674 0.609930 -0.000899 0.103950 0.302826 -0.116398
 18   -0.602177 0.511412 -0.000006 0.000000 0.000000 0.000000
 19   3.673773 0.177020 1.119313 -0.000002 -0.000014 -0.174510
 20   3.673767 0.176993 -1.117566 0.000007 -0.000003 -0.174546
 21   3.938451 1.334540 1.627658 0.000002 -0.000011 -0.000026
 22   -0.246060 -0.011889 0.516521 -0.000011 0.000031 0.000025
 23   3.942374 1.334565 -1.631083 0.000019 0.000002 -0.000024
 24   -0.246150 -0.011872 -0.516511 -0.000005 -0.000006 0.000048
 25   4.941364 1.997338 1.629330 0.000018 -0.000001 -0.000024
 26   4.941382 1.997366 -1.629410 -0.000001 0.000005 -0.000024
 27   2.914462 1.619264 1.514501 -0.000019 -0.000022 -0.000050
 28   2.920798 1.618870 -1.501142 -0.000002 -0.000009 -0.000024
 29   8.824059 0.150544 0.091743 -0.003470 -0.019957 -0.172925
 30   2.111085 -0.561179 1.784320 -0.000008 -0.000682 0.000024
 31   2.121290 -0.561289 -1.853599 0.000000 0.000000 -0.000002
 32   -0.802676 -0.093824 3.127092 0.044159 -3.092711 0.195926
 33   14.298673 -0.408176 0.518454 -0.017394 -0.094870 -0.115951
 34   15.835795 0.581398 0.242756 -0.000811 0.023965 0.068310
 35   -0.831494 -0.091229 -3.114430 0.052734 3.300803 -0.139032
 36   14.294526 -0.410349 -0.455822 -0.025111 -0.122207 -0.958842
 37   15.834409 0.579420 -0.284600 0.112339 -0.049076 0.048662
 38   2.155341 -3.172490 -2.632401 0.047192 -0.352576 0.132882
 39   -4.457742 -1.043135 -0.746180 0.003751 -0.000384 -0.019773
 40   0.102445 -3.731028 3.045878 0.047192 -0.352575 0.132881
 41   -4.433840 -1.070849 0.959566 0.003750 -0.000384 -0.019773
 42   -0.071513 1.638706 -2.993311 -0.069762 -0.093663 0.008490
 43   -0.484375 1.772799 3.189699 0.023701 0.319746 -0.074026
time 12
  0   -0.401123 2.578204 -27.160614 0.000000 0.058410 -1.414606
  1   -1.093036 0.000002 -0.326057 -3.088693 -0.049940 1.521002
  2   2.262337 0.113614 0.064702 0.023079 -0.067269 0.032967
  3   2.380047 0.353302 0.047440 -0.004065 0.246567 0.044321
  4   2.033756 0.190472 -0.000128 -0.006852 0.046572 -0.088178
  5   2.451511 0.204909 -0.003447 -0.040772 0.169417 -0.092165
  6   7.247600 -0.397300 -0.109469 0.001523 -0.000339 0.153598
  7   -2.022252 -0.104661 3.136172 -3.159472 -1.117897 -0.137696
  8   1.168026 -0.537438 -0.063437 0.091991 -0.000588 -0.132087
  9   6.790376 -0.619176 0.015206 -0.311843 -2.222133 0.008677
 10   8.637599 0.544015 -0.090417 1.245145 0.798519 0.092697
 11   6.790465 -0.619039 0.017802 -0.229153 -0.625948 -0.060529
 12   -2.022474 -0.104699 -2.873818 0.289580 1.392420 -2.874219
 13   1.167898 -0.537463 0.063297 0.308671 -1.158767 -0.371835
 14   7.002743 -0.617765 -0.183752 -0.012467 -1.131241 -1.896058
 15   8.209042 0.615527 -0.255885 1.604028 -0.090325 0.057003
 16   7.002735 -0.617911 -0.183641 -0.376953 -0.770168 -0.956481
 17   1.574674 0.609930 -0.000899 0.103950 0.302826 -0.116398
 18   -0.602177 0.511412 -0.000006 0.000000 0.000000 0.000000
 19   3.673773 0.177020 1.119313 -0.000002 -0.000014 -0.174510
 20   3.673767 0.176993 -1.117566 0.000007 -0.000003 -0.174546
 21   3.938451 1.334540 1.627658 0.000002 -0.000011 -0.000026
 22   -0.246060 -0.011889 0.516521 -0.000011 0.000031 0.000025
 23   3.942374 1.334565 -1.631083 0.000019 0.000002 -0.000024
 24   -0.246150 -0.011872 -0.516511 -0.000005 -0.000006 0.000048
 25   4.941364 1.997338 1.629330 0.000018 -0.000001 -0.000024
 26   4.941382 1.997366 -1.629410 -0.000001 0.000005 -0.000024
 27   2.914462 1.619264 1.514501 -0.000019 -0.000022 -0.000050
 28   2.916892 1.618870 -1.501142 -0.000002 -0.000009 -0.000024
 29   8.824059 0.150544 0.091743 -0.004094 -0.023281 -0.172656
 30   2.111085 -0.561179 1.784320 -0.000008 -0.000682 0.000024
 31   2.121290 -0.561289 -1.853599 0.000000 0.000000 -0.000002
 32   -0.802676 -0.093824 3.127092 0.044159 -3.092711 0.195926
 33   14.298673 -0.408176 0.518454 -0.017394 -0.094870 -0.115951
 34   15.835795 0.581398 0.242756 -0.000811 0.023965 0.068310
 35   -0.831494 -0.091229 -3.114430 0.052734 3.300803 -0.139032
 36   14.294526 -0.410349 -0.455822 -0.025135 -0.122147 -0.957761
 37   15.834409 0.579420 -0.284600 0.112950 -0.049179 0.046533
 38   2.155341 -3.172490 -2.632401 0.047192 -0.352576 0.132882
 39   -4.453836 -1.039229 -0.746180 0.004386 -0.000443 -0.023138
 40   0.102445 -3.731028 3.045878 0.047192 -0.352575 0.132881
 41   -4.437746 -1.074755 0.959566 0.004385 -0.000443 -0.023138
 42   -0.075419 1.638706 -2.985498 -0.069151 -0.090259 0.007821
 43   -0.484375 1.772799 3.189699 0.023189 0.316608 -0.073858
time 13
  0   -0.401123 2.578204 -27.160614 0.000000 0.058410 -1.414606
  1   -1.093036 0.000002 -0.326057 -3.088693 -0.049940 1.521002
  2   2.262337 0.113614 0.064702 0.023079 -0.067269 0.032967
  3   2.380047 0.353302 0.047440 -0.004065 0.246531 0.044055
  4   2.033756 0.190472 -0.000128 -0.006760 0.046524 -0.088576
  5   2.451511 0.204909 -0.003447 -0.041217 0.169548 -0.090753
  6   7.247600 -0.397300 -0.109469 0.001763 -0.000398 0.153091
  7   -2.022252 -0.104661 3.136172 -3.159472 -1.117897 -0.137696
  8   1.168026 -0.537438 -0.063437 0.091991 -0.000588 -0.132087
  9   6.790376 -0.619176 0.015206 -0.311843 -2.222133 0.008677
 10   8.637599 0.544015 -0.090417 1.245145 0.798519 0.092697
 11   6.790465 -0.619039 0.017802 -0.229153 -0.625920 -0.060529
 12   -2.022474 -0.104699 -2.873818 0.289580 1.392420 -2.874219
 13   1.167898 -0.537463 0.063297 0.308671 -1.158767 -0.371835
 14   7.002743 -0.617765 -0.183752 -0.014345 -1.131639 -1.894242
 15   8.209042 0.615527 -0.255885 1.603813 -0.091006 0.062115
 16   7.002735 -0.617911 -0.183641 -0.378035 -0.769717 -0.955598
 17   1.574674 0.609930 -0.000899 0.103950 0.302826 -0.116398
 18   -0.602177 0.511412 -0.000006 0.000000 0.000000 0.000000
 19   3.677679 0.177020 1.119313 -0.000002 -0.000014 -0.174510
 20   3.677673 0.176993 -1.117566 0.000007 -0.000003 -0.174546
 21   3.942357 1.334540 1.627658 0.000002 -0.000011 -0.000026
 22   -0.246060 -0.011889 0.516521 -0.000011 0.000031 0.000025
 23   3.942374 1.334565 -1.631083 0.000019 0.000002 -0.000024
 24   -0.246150 -0.011872 -0.516511 -0.000005 -0.000006 0.000048
 25   4.941364 1.997338 1.629330 0.000018 -0.000001 -0.000024
 26   4.941382 1.997366 -1.629410 -0.000001 0.000005 -0.000024
 27   2.914462 1.619264 1.514501 -0.000019 -0.000022 -0.000050
 28   2.920798 1.618870 -1.501142 -0.000002 -0.000009 -0.000024
 29   8.824059 0.150544 0.091743 -0.004718 -0.026794 -0.172388
 30   2.111085 -0.561179 1.784320 -0.000008 -0.000682 0.000024
 31   2.121290 -0.561289 -1.853599 0.000000 0.000000 -0.000002
 32   -0.802676 -0.093824 3.127092 0.044159 -3.092711 0.195926
 33   14.298673 -0.408176 0.518454 -0.017394 -0.094870 -0.115951
 34   15.835795 0.581398 0.242756 -0.000811 0.023965 0.068310
 35   -0.831494 -0.091229 -3.114430 0.052734 3.300803 -0.139032
 36   14.294526 -0.410349 -0.455822 -0.025171 -0.122075 -0.956680
 37   15.834409 0.579420 -0.284600 0.113600 -0.049307 0.044251
 38   2.155341 -3.172490 -2.632401 0.047192 -0.352576 0.132882
 39   -4.453836 -1.039229 -0.746180 0.005057 -0.000515 -0.026644
 40   0.102445 -3.731028 3.045878 0.047192 -0.352575 0.132881
 41   -4.437746 -1.074755 0.959566 0.005056 -0.000515 -0.026644
 42   -0.075419 1.642613 -2.977685 -0.068504 -0.086656 0.007110
 43   -0.484375 1.772799 3.189699 0.022652 0.313297 -0.073691
time 14
  0   -0.401123 2.578204 -27.160614 0.000000 0.058410 -1.414606
  1   -1.093036 0.000002 -0.326057 -3.088693 -0.049940 1.521002
  2   2.262337 0.113614 0.064702 0.023079 -0.067269 0.032967
  3   2.380047 0.353302 0.047440 -0.004080 0.246495 0.043790
  4   2.033756 0.190472 -0.000128 -0.006668 0.046476 -0.089011
  5   2.451511 0.204909 -0.003447 -0.041662 0.169691 -0.089292
  6   7.247600 -0.397300 -0.109469 0.002002 -0.000458 0.152584
  7   -2.022252 -0.104661 3.136172 -3.159472 -1.117897 -0.137696
  8   1.168026 -0.537438 -0.063437 0.091991 -0.000588 -0.132087
  9   6.790376 -0.619176 0.015206 -0.311843 -2.222133 0.008677
 10   8.637599 0.544015 -0.090417 1.245145 0.798519 0.092697
 11   6.790465 -0.619039 0.017802 -0.229153 -0.625948 -0.060529
 12   -2.022474 -0.104699 -2.873818 0.289580 1.392420 -2.874219
 13   1.167898 -0.537463 0.063297 0.308671 -1.158767 -0.371835
 14   7.002743 -0.617765 -0.183752 -0.016281 -1.132036 -1.892345
 15   8.209042 0.615527 -0.255885 1.603597 -0.091687 0.067467
 16   7.002735 -0.617911 -0.183641 -0.379165 -0.769322 -0.954715
 17   1.574674 0.609930 -0.000899 0.103950 0.302826 -0.116398
 18   -0.602177 0.511412 -0.000006 0.000000 0.000000 0.000000
 19   3.673773 0.177020 1.119313 -0.000002 -0.000014 -0.174510
 20   3.673767 0.176993 -1.117566 0.000007 -0.000003 -0.174546
 21   3.942357 1.334540 1.627658 0.000002 -0.000011 -0.000026
 22   -0.246060 -0.011889 0.516521 -0.000011 0.000031 0.000025
 23   3.942374 1.334565 -1.631083 0.000019 0.000002 -0.000024
 24   -0.246150 -0.011872 -0.516511 -0.000005 -0.000006 0.000048
 25   4.941364 1.997338 1.629330 0.000018 -0.000001 -0.000024
 26   4.941382 1.997366 -1.629410 -0.000001 0.000005 -0.000024
 27   2.914462 1.619264 1.514501 -0.000019 -0.000022 -0.000050
 28   2.920798 1.618870 -1.501142 -0.000002 -0.000009 -0.000024
 29   8.824059 0.150544 0.091743 -0.005341 -0.030473 -0.172066
 30   2.111085 -0.561179 1.784320 -0.000008 -0.000682 0.000024
 31   2.121290 -0.561289 -1.853599 0.000000 0.000000 -0.000002
 32   -0.802676 -0.093824 3.127092 0.044159 -3.092711 0.195926
 33   14.298673 -0.408176 0.518454 -0.017394 -0.094870 -0.115951
 34   15.835795 0.581398 0.242756 -0.000811 0.023965 0.068310
 35   -0.831494 -0.091229 -3.114430 0.052734 3.300803 -0.139032
 36   14.294526 -0.410349 -0.455822 -0.025207 -0.122015 -0.955444
 37   15.834409 0.579420 -0.284600 0.114270 -0.049409 0.041868
 38   2.155341 -3.172490 -2.632401 0.047192 -0.352576 0.132882
 39   -4.453836 -1.035322 -0.746180 0.005765 -0.000587 -0.030346
 40   0.102445 -3.731028 3.045878 0.047192 -0.352575 0.132881
 41   -4.437746 -1.078662 0.959566 0.005764 -0.000587 -0.030346
 42   -0.075419 1.642613 -2.965966 -0.067833 -0.082900 0.006357
 43   -0.484375 1.772799 3.189699 0.022077 0.309829 -0.073482
time 15
  0   -0.401123 2.578204 -27.160614 0.000000 0.058410 -1.414606
  1   -1.093036 0.000002 -0.326057 -3.088693 -0.049940 1.521002
  2   2.262337 0.113614 0.064702 0.023079 -0.067269 0.032967
  3   2.380047 0.353302 0.047440 -0.004080 0.246447 0.043504
  4   2.033756 0.190472 -0.000128 -0.006557 0.046428 -0.089483
  5   2.451511 0.204909 -0.003447 -0.042125 0.169835 -0.087781
  6   7.247600 -0.397300 -0.109469 0.002254 -0.000518 0.152046
  7   -2.022252 -0.104661 3.136172 -3.159472 -1.117897 -0.137696
  8   1.168026 -0.537438 -0.063437 0.091991 -0.000588 -0.132087
  9   6.790376 -0.619176 0.015206 -0.311843 -2.222133 0.008677
 10   8.637599 0.544015 -0.090417 1.245145 0.798519 0.092697
 11   6.790465 -0.619039 0.017802 -0.229153 -0.625920 -0.060529
 12   -2.022474 -0.104699 -2.873818 0.289580 1.392420 -2.874219
 13   1.167898 -0.537463 0.063297 0.308671 -1.158767 -0.371835
 14   7.002743 -0.617765 -0.183752 -0.018331 -1.132433 -1.890365
 15   8.209042 0.615527 -0.255885 1.603310 -0.092443 0.073000
 16   7.002735 -0.617911 -0.183641 -0.380295 -0.768871 -0.953832
 17   1.574674 0.609930 -0.000899 0.103950 0.302826 -0.116398
 18   -0.602177 0.511412 -0.000006 0.000000 0.000000 0.000000
 19   3.673773 0.177020 1.119313 -0.000002 -0.000014 -0.174510
 20   3.677673 0.176993 -1.117566 0.000007 -0.000003 -0.174546
 21   3.942357 1.334540 1.627658 0.000002 -0.000011 -0.000026
 22   -0.246060 -0.011889 0.516521 -0.000011 0.000031 0.000025
 23   3.942374 1.334565 -1.631083 0.000019 0.000002 -0.000024
 24   -0.246150 -0.011872 -0.516511 -0.000005 -0.000006 0.000048
 25   4.941364 1.997338 1.629330 0.000018 -0.000001 -0.000024
 26   4.941382 1.997366 -1.629410 -0.000001 0.000005 -0.000024
 27   2.914462 1.619264 1.514501 -0.000019 -0.000022 -0.000050
 28   2.920798 1.618870 -1.501142 -0.000002 -0.000009 -0.000024
 29   8.824059 0.150544 0.091743 -0.006054 -0.034319 -0.171744
 30   2.111085 -0.561179 1.784320 -0.000008 -0.000682 0.000024
 31   2.121290 -0.561289 -1.853599 0.000000 0.000000 -0.000002
 32   -0.802676 -0.093824 3.127092 0.044159 -3.092711 0.195926
 33   14.298673 -0.408176 0.518454 -0.017394 -0.094870 -0.115951
 34   15.835795 0.581398 0.242756 -0.000811 0.023965 0.068310
 35   -0.831494 -0.091229 -3.114430 0.052734 3.300803 -0.139032
 36   14.294526 -0.410349 -0.455822 -0.025243 -0.121943 -0.954208
 37   15.834409 0.579420 -0.284600 0.114979 -0.049537 0.039384
 38   2.155341 -3.172490 -2.632401 0.047192 -0.352576 0.132882
 39   -4.453836 -1.031416 -0.746180 0.006496 -0.000659 -0.034189
 40   0.102445 -3.731028 3.045878 0.047192 -0.352575 0.132881
 41   -4.437746 -1.082568 0.959566 0.006495 -0.000659 -0.034189
 42   -0.075419 1.646519 -2.958153 -0.067138 -0.078975 0.005562
 43   -0.484375 1.772799 3.189699 0.021490 0.306220 -0.073315
time 16
  0   -0.401123 2.578204 -27.160614 0.000000 0.058410 -1.414606
  1   -1.093036 0.000002 -0.326057 -3.088693 -0.049940 1.521002
  2   2.262337 0.113614 0.064702 0.023079 -0.067269 0.032967
  3   2.380047 0.353302 0.047440 -0.004095 0.246411 0.043198
  4   2.033756 0.190472 -0.000128 -0.006446 0.046368 -0.089918
  5   2.451511 0.204909 -0.003447 -0.042621 0.169979 -0.086196
  6   7.247600 -0.397300 -0.109469 0.002518 -0.000578 0.151476
  7   -2.022252 -0.104661 3.136172 -3.159472 -1.117897 -0.137696
  8   1.168026 -0.537438 -0.063437 0.091991 -0.000588 -0.132087
  9   6.790376 -0.619176 0.015206 -0.311843 -2.222133 0.008677
 10   8.637599 0.544015 -0.090417 1.245145 0.798519 0.092697
 11   6.790465 -0.619039 0.017802 -0.229153 -0.625920 -0.060529
 12   -2.022474 -0.104699 -2.873818 0.289580 1.392420 -2.874219
 13   1.167898 -0.537463 0.063297 0.308671 -1.158767 -0.371835
 14   7.002743 -0.617765 -0.183752 -0.020494 -1.132831 -1.888385
 15   8.209042 0.615527 -0.255885 1.603022 -0.093200 0.078713
 16   7.002735 -0.617911 -0.183641 -0.381519 -0.768420 -0.952894
 17   1.574674 0.609930 -0.000899 0.103950 0.302826 -0.116398
 18   -0.602177 0.511412 -0.000006 0.000000 0.000000 0.000000
 19   3.677679 0.177020 1.119313 -0.000002 -0.000014 -0.174510
 20   3.677673 0.176993 -1.117566 0.000007 -0.000003 -0.174546
 21   3.942357 1.334540 1.627658 0.000002 -0.000011 -0.000026
 22   -0.246060 -0.011889 0.516521 -0.000011 0.000031 0.000025
 23   3.942374 1.334565 -1.631083 0.000019 0.000002 -0.000024
 24   -0.246150 -0.011872 -0.516511 -0.000005 -0.000006 0.000048
 25   4.941364 1.997338 1.629330 0.000018 -0.000001 -0.000024
 26   4.941382 1.997366 -1.629410 -0.000001 0.000005 -0.000024
 27   2.914462 1.619264 1.514501 -0.000019 -0.000022 -0.000050
 28   2.920798 1.618870 -1.501142 -0.000002 -0.000009 -0.000024
 29   8.824059 0.150544 0.091743 -0.006767 -0.038259 -0.171422
 30   2.111085 -0.561179 1.784320 -0.000008 -0.000682 0.000024
 31   2.121290 -0.561289 -1.853599 0.000000 0.000000 -0.000002
 32   -0.802676 -0.093824 3.127092 0.044159 -3.092711 0.195926
 33   14.298673 -0.408176 0.518454 -0.017394 -0.094870 -0.115951
 34   15.835795 0.581398 0.242756 -0.000811 0.023965 0.068310
 35   -0.831494 -0.091229 -3.114430 0.052734 3.300803 -0.139032
 36   14.294526 -0.410349 -0.455822 -0.025291 -0.121871 -0.952895
 37   15.834409 0.579420 -0.284600 0.115688 -0.049665 0.036849
 38   2.155341 -3.172490 -2.632401 0.047192 -0.352576 0.132882
 39   -4.453836 -1.027509 -0.746180 0.007251 -0.000743 -0.038171
 40   0.102445 -3.731028 3.045878 0.047192 -0.352575 0.132881
 41   -4.437746 -1.086475 0.959566 0.007250 -0.000743 -0.038171
 42   -0.075419 1.646519 -2.946434 -0.066407 -0.074927 0.004768
 43   -0.484375 1.772799 3.189699 0.020878 0.302486 -0.073106
time 17
  0   -0.401123 2.578204 -27.160614 0.000000 0.058410 -1.414606
  1   -1.093036 0.000002 -0.326057 -3.088693 -0.049940 1.521002
  2   2.262337 0.113614 0.064702 0.023079 -0.067269 0.032967
  3   2.380047 0.353302 0.047440 -0.004110 0.246375 0.042913
  4   2.033756 0.190472 -0.000128 -0.006336 0.046321 -0.090425
  5   2.451511 0.204909 -0.003447 -0.043117 0.170122 -0.084562
  6   7.247600 -0.397300 -0.109469 0.002793 -0.000650 0.150906
  7   -2.022252 -0.104661 3.136172 -3.159472 -1.117897 -0.137696
  8   1.168026 -0.537438 -0.063437 0.091991 -0.000588 -0.132087
  9   6.790376 -0.619176 0.015206 -0.311843 -2.222133 0.008677
 10   8.637599 0.544015 -0.090417 1.245145 0.798519 0.092697
 11   6.790465 -0.619039 0.017802 -0.229153 -0.625948 -0.060529
 12   -2.022474 -0.104699 -2.873818 0.289580 1.392420 -2.874219
 13   1.167898 -0.537463 0.063297 0.308671 -1.158767 -0.371835
 14   7.002743 -0.617765 -0.183752 -0.022658 -1.133285 -1.886239
 15   8.209042 0.615527 -0.255885 1.602734 -0.094032 0.084606
 16   7.002735 -0.617911 -0.183641 -0.382790 -0.767969 -0.951900
 17   1.574674 0.609930 -0.000899 0.103950 0.302826 -0.116398
 18   -0.602177 0.511412 -0.000006 0.000000 0.000000 0.000000
 19   3.673773 0.177020 1.119313 -0.000002 -0.000014 -0.174510
 20   3.677673 0.176993 -1.117566 0.000007 -0.000003 -0.174546
 21   3.942357 1.334540 1.627658 0.000002 -0.000011 -0.000026
 22   -0.246060 -0.011889 0.516521 -0.000011 0.000031 0.000025
 23   3.942374 1.334565 -1.631083 0.000019 0.000002 -0.000024
 24   -0.246150 -0.011872 -0.516511 -0.000005 -0.000006 0.000048
 25   4.941364 1.997338 1.629330 0.000018 -0.000001 -0.000024
 26   4.941382 1.997366 -1.629410 -0.000001 0.000005 -0.000024
 27   2.914462 1.623171 1.514501 -0.000019 -0.000022 -0.000050
 28   2.920798 1.618870 -1.501142 -0.000002 -0.000009 -0.000024
 29   8.824059 0.150544 0.091743 -0.007480 -0.042342 -0.171101
 30   2.111085 -0.561179 1.784320 -0.000008 -0.000682 0.000024
 31   2.121290 -0.561289 -1.853599 0.000000 0.000000 -0.000002
 32   -0.802676 -0.093824 3.127092 0.044159 -3.092711 0.195926
 33   14.298673 -0.408176 0.518454 -0.017394 -0.094870 -0.115951
 34   15.835795 0.581398 0.242756 -0.000811 0.023965 0.068310
 35   -0.831494 -0.091229 -3.114430 0.052734 3.300803 -0.139032
 36   14.294526 -0.410349 -0.455822 -0.025327 -0.121788 -0.951581
 37   15.834409 0.579420 -0.284600 0.116437 -0.049793 0.034212
 38   2.155341 -3.172490 -2.632401 0.047192 -0.352576 0.132882
 39   -4.453836 -1.027509 -0.746180 0.008030 -0.000815 -0.042238
 40   0.102445 -3.731028 3.045878 0.047192 -0.352575 0.132881
 41   -4.437746 -1.086475 0.959566 0.008029 -0.000815 -0.042238
 42   -0.075419 1.650426 -2.938622 -0.065664 -0.070772 0.003973
 43   -0.484375 1.772799 3.189699 0.020240 0.298641 -0.072938
time 18
  0   -0.401123 2.578204 -27.160614 0.000000 0.058410 -1.414606
  1   -1.093036 0.000002 -0.326057 -3.088693 -0.049940 1.521002
  2   2.262337 0.113614 0.064702 0.023079 -0.067269 0.032967
  3   2.380047 0.353302 0.047440 -0.004110 0.246327 0.042586
  4   2.033756 0.190472 -0.000128 -0.006207 0.046261 -0.090896
  5   2.451511 0.204909 -0.003447 -0.043631 0.170279 -0.082902
  6   7.247600 -0.397300 -0.109469 0.003069 -0.000722 0.150304
  7   -2.022252 -0.104661 3.136172 -3.159472 -1.117897 -0.137696
  8   1.168026 -0.537438 -0.063437 0.091991 -0.000588 -0.132087
  9   6.790376 -0.619176 0.015206 -0.311843 -2.222133 0.008677
 10   8.637599 0.544015 -0.090417 1.245145 0.798519 0.092697
 11   6.790465 -0.619039 0.017802 -0.229153 -0.625920 -0.060529
 12   -2.022474 -0.104699 -2.873818 0.289580 1.392420 -2.874219
 13   1.167898 -0.537463 0.063297 0.308671 -1.158767 -0.371835
 14   7.002743 -0.617765 -0.183752 -0.024878 -1.133739 -1.884177
 15   8.209042 0.615527 -0.255885 1.602447 -0.094864 0.090680
 16   7.002735 -0.617911 -0.183641 -0.384061 -0.767461 -0.950907
 17   1.574674 0.609930 -0.000899 0.103950 0.302826 -0.116398
 18   -0.602177 0.511412 -0.000006 0.000000 0.000000 0.000000
 19   3.677679 0.177020 1.119313 -0.000002 -0.000014 -0.174510
 20   3.677673 0.176993 -1.117566 0.000007 -0.000003 -0.174546
 21   3.942357 1.334540 1.627658 0.000002 -0.000011 -0.000026
 22   -0.246060 -0.011889 0.516521 -0.000011 0.000031 0.000025
 23   3.942374 1.334565 -1.631083 0.000019 0.000002 -0.000024
 24   -0.246150 -0.011872 -0.516511 -0.000005 -0.000006 0.000048
 25   4.941364 1.997338 1.629330 0.000018 -0.000001 -0.000024
 26   4.941382 1.997366 -1.629410 -0.000001 0.000005 -0.000024
 27   2.914462 1.619264 1.514501 -0.000019 -0.000022 -0.000050
 28   2.920798 1.618870 -1.501142 -0.000002 -0.000009 -0.000024
 29   8.824059 0.150544 0.091743 -0.008193 -0.046496 -0.170725
 30   2.111085 -0.561179 1.784320 -0.000008 -0.000682 0.000024
 31   2.121290 -0.561289 -1.853599 0.000000 0.000000 -0.000002
 32   -0.802676 -0.093824 3.127092 0.044159 -3.092711 0.195926
 33   14.298673 -0.408176 0.518454 -0.017394 -0.094870 -0.115951
 34   15.835795 0.581398 0.242756 -0.000811 0.023965 0.068310
 35   -0.831494 -0.091229 -3.114430 0.052734 3.300803 -0.139032
 36   14.294526 -0.410349 -0.455822 -0.025363 -0.121716 -0.950268
 37   15.834409 0.579420 -0.284600 0.117205 -0.049921 0.031525
 38   2.155341 -3.172490 -2.632401 0.047192 -0.352576 0.132882
 39   -4.449929 -1.023603 -0.746180 0.008821 -0.000899 -0.046417
 40   0.102445 -3.731028 3.045878 0.047192 -0.352575 0.132881
 41   -4.441652 -1.090381 0.959566 0.008820 -0.000899 -0.046417
 42   -0.075419 1.650426 -2.926902 -0.064897 -0.066510 0.003137
 43   -0.484375 1.772799 3.189699 0.019603 0.294718 -0.072729
time 19
  0   -0.401123 2.578204 -27.160614 0.000000 0.058410 -1.414606
  1   -1.093036 0.000002 -0.326057 -3.088693 -0.049940 1.521002
  2   2.262337 0.113614 0.064702 0.023079 -0.067269 0.032967
  3   2.380047 0.353302 0.047440 -0.004125 0.246279 0.042280
  4   2.033756 0.190472 -0.000128 -0.006096 0.046201 -0.091404
  5   2.451511 0.204909 -0.003447 -0.044144 0.170436 -0.081218
  6   7.247600 -0.397300 -0.109469 0.003345 -0.000794 0.149734
  7   -2.022252 -0.104661 3.136172 -3.159472 -1.117897 -0.137696
  8   1.168026 -0.537438 -0.063437 0.091991 -0.000588 -0.132087
  9   6.790376 -0.619176 0.015206 -0.311843 -2.222133 0.008677
 10   8.637599 0.544015 -0.090417 1.245145 0.798519 0.092697
 11   6.790465 -0.619039 0.017802 -0.229153 -0.625948 -0.060529
 12   -2.022474 -0.104699 -2.873818 0.289580 1.392420 -2.874219
 13   1.167898 -0.537463 0.063297 0.308671 -1.158767 -0.371835
 14   7.002743 -0.617765 -0.183752 -0.027155 -1.134194 -1.881949
 15   8.209042 0.615527 -0.255885 1.602087 -0.095621 0.096814
 16   7.002735 -0.617911 -0.183641 -0.385332 -0.766954 -0.949913
 17   1.574674 0.609930 -0.000899 0.103950 0.302826 -0.116398
 18   -0.602177 0.511412 -0.000006 0.000000 0.000000 0.000000
 19   3.673773 0.177020 1.119313 -0.000002 -0.000014 -0.174510
 20   3.677673 0.176993 -1.117566 0.000007 -0.000003 -0.174546
 21   3.942357 1.334540 1.627658 0.000002 -0.000011 -0.000026
 22   -0.246060 -0.011889 0.516521 -0.000011 0.000031 0.000025
 23   3.942374 1.334565 -1.631083 0.000019 0.000002 -0.000024
 24   -0.246150 -0.011872 -0.516511 -0.000005 -0.000006 0.000048
 25   4.941364 1.997338 1.629330 0.000018 -0.000001 -0.000024
 26   4.941382 1.997366 -1.629410 -0.000001 0.000005 -0.000024
 27   2.914462 1.619264 1.514501 -0.000019 -0.000022 -0.000050
 28   2.916892 1.618870 -1.501142 -0.000002 -0.000009 -0.000024
 29   8.824059 0.150544 0.091743 -0.008995 -0.050745 -0.170403
 30   2.111085 -0.561179 1.784320 -0.000008 -0.000682 0.000024
 31   2.121290 -0.561289 -1.853599 0.000000 0.000000 -0.000002
 32   -0.802676 -0.093824 3.127092 0.044159 -3.092711 0.195926
 33   14.298673 -0.408176 0.518454 -0.017394 -0.094870 -0.115951
 34   15.835795 0.581398 0.242756 -0.000811 0.023965 0.068310
 35   -0.831494 -0.091229 -3.114430 0.052734 3.300803 -0.139032
 36   14.294526 -0.410349 -0.455822 -0.025411 -0.121632 -0.948878
 37   15.834409 0.579420 -0.284600 0.117974 -0.050049 0.028787
 38   2.155341 -3.172490 -2.632401 0.047192 -0.352576 0.132882
 39   -4.449929 -1.019697 -0.746180 0.009624 -0.000983 -0.050680
 40   0.102445 -3.731028 3.045878 0.047192 -0.352575 0.132881
 41   -4.441652 -1.094287 0.959566 0.009623 -0.000983 -0.050680
 42   -0.075419 1.654332 -2.919090 -0.064118 -0.062171 0.002258
 43   -0.484375 1.772799 3.189699 0.018941 0.290717 -0.072520
time 20
  0   -0.401123 2.578204 -27.160614 0.000000 0.058410 -1.414606
  1   -1.093036 0.000002 -0.326057 -3.088693 -0.049940 1.521002
  2   2.262337 0.113614 0.064702 0.023079 -0.067269 0.032967
  3   2.380047 0.353302 0.047440 -0.004125 0.246243 0.041954
  4   2.033756 0.190472 -0.000128 -0.005985 0.046141 -0.091911
  5   2.451511 0.204909 -0.003447 -0.044675 0.170592 -0.079509
  6   7.247600 -0.397300 -0.109469 0.003632 -0.000866 0.149100
  7   -2.022252 -0.104661 3.136172 -3.159472 -1.117897 -0.137696
  8   1.168026 -0.537438 -0.063437 0.091991 -0.000588 -0.132087
  9   6.790376 -0.619176 0.015206 -0.311843 -2.222133 0.008677
 10   8.637599 0.544015 -0.090417 1.245145 0.798519 0.092697
 11   6.790465 -0.619039 0.017802 -0.229153 -0.625948 -0.060529
 12   -2.022474 -0.104699 -2.873818 0.289580 1.392420 -2.874219
 13   1.167898 -0.537463 0.063297 0.308671 -1.158767 -0.371835
 14   7.002743 -0.617765 -0.183752 -0.029433 -1.134648 -1.879804
 15   8.209042 0.615527 -0.255885 1.601728 -0.096453 0.103068
 16   7.002735 -0.617911 -0.183641 -0.386650 -0.766446 -0.948865
 17   1.574674 0.609930 -0.000899 0.103950 0.302826 -0.116398
 18   -0.602177 0.511412 -0.000006 0.000000 0.000000 0.000000
 19   3.677679 0.177020 1.119313 -0.000002 -0.000014 -0.174510
 20   3.677673 0.176993 -1.117566 0.000007 -0.000003 -0.174546
 21   3.942357 1.334540 1.627658 0.000002 -0.000011 -0.000026
 22   -0.246060 -0.011889 0.516521 -0.000011 0.000031 0.000025
 23   3.942374 1.334565 -1.631083 0.000019 0.000002 -0.000024
 24   -0.246150 -0.011872 -0.516511 -0.000005 -0.000006 0.000048
 25   4.941364 1.997338 1.629330 0.000018 -0.000001 -0.000024
 26   4.941382 1.997366 -1.629410 -0.000001 0.000005 -0.000024
 27   2.914462 1.619264 1.514501 -0.000019 -0.000022 -0.000050
 28   2.920798 1.618870 -1.501142 -0.000002 -0.000009 -0.000024
 29   8.824059 0.150544 0.091743 -0.009708 -0.055042 -0.170028
 30   2.111085 -0.561179 1.784320 -0.000008 -0.000682 0.000024
 31   2.121290 -0.561289 -1.853599 0.000000 0.000000 -0.000002
 32   -0.802676 -0.093824 3.127092 0.044159 -3.092711 0.195926
 33   14.298673 -0.408176 0.518454 -0.017394 -0.094870 -0.115951
 34   15.835795 0.581398 0.242756 -0.000811 0.023965 0.068310
 35   -0.831494 -0.091229 -3.114430 0.052734 3.300803 -0.139032
 36   14.294526 -0.410349 -0.455822 -0.025447 -0.121560 -0.947488
 37   15.834409 0.579420 -0.284600 0.118762 -0.050177 0.025998
 38   2.155341 -3.172490 -2.632401 0.047192 -0.352576 0.132882
 39   -4.449929 -1.015790 -0.746180 0.010451 -0.001067 -0.054999
 40   0.102445 -3.731028 3.045878 0.047192 -0.352575 0.132881
 41   -4.441652 -1.098194 0.959566 0.010450 -0.001067 -0.054999
 42   -0.075419 1.654332 -2.907371 -0.063339 -0.057770 0.001422
 43   -0.484375 1.772799 3.189699 0.018279 0.286669 -0.072311
time 21
  0   -0.401123 2.578204 -27.160614 0.000000 0.058410 -1.414606
  1   -1.093036 0.000002 -0.326057 -3.088693 -0.049940 1.521002
  2   2.262337 0.113614 0.064702 0.023079 -0.067269 0.032967
  3   2.380047 0.353302 0.047440 -0.004140 0.246195 0.041627
  4   2.033756 0.190472 -0.000128 -0.005856 0.046093 -0.092419
  5   2.451511 0.204909 -0.003447 -0.045206 0.170749 -0.077776
  6   7.247600 -0.397300 -0.109469 0.003920 -0.000938 0.148498
  7   -2.022252 -0.104661 3.136172 -3.159472 -1.117897 -0.137696
  8   1.168026 -0.537438 -0.063437 0.091991 -0.000588 -0.132087
  9   6.790376 -0.619176 0.015206 -0.311843 -2.222133 0.008677
 10   8.637599 0.544015 -0.090417 1.245145 0.798519 0.092697
 11   6.790465 -0.619039 0.017802 -0.229153 -0.625948 -0.060529
 12   -2.022474 -0.104699 -2.873818 0.289580 1.392420 -2.874219
 13   1.167898 -0.537463 0.063297 0.308671 -1.158767 -0.371835
 14   7.002743 -0.617765 -0.183752 -0.031767 -1.135102 -1.877576
 15   8.209042 0.615527 -0.255885 1.601368 -0.097285 0.109383
 16   7.002735 -0.617911 -0.183641 -0.388015 -0.765995 -0.947871
 17   1.574674 0.609930 -0.000899 0.103950 0.302826 -0.116398
 18   -0.602177 0.511412 -0.000006 0.000000 0.000000 0.000000
 19   3.673773 0.177020 1.119313 -0.000002 -0.000014 -0.174510
 20   3.677673 0.176993 -1.117566 0.000007 -0.000003 -0.174546
 21   3.942357 1.334540 1.627658 0.000002 -0.000011 -0.000026
 22   -0.246060 -0.011889 0.516521 -0.000011 0.000031 0.000025
 23   3.942374 1.334565 -1.631083 0.000019 0.000002 -0.000024
 24   -0.246150 -0.011872 -0.516511 -0.000005 -0.000006 0.000048
 25   4.941364 1.997338 1.629330 0.000018 -0.000001 -0.000024
 26   4.941382 1.997366 -1.629410 -0.000001 0.000005 -0.000024
 27   2.914462 1.619264 1.514501 -0.000019 -0.000022 -0.000050
 28   2.920798 1.618870 -1.501142 -0.000002 -0.000009 -0.000024
 29   8.824059 0.150544 0.091743 -0.010511 -0.059386 -0.169652
 30   2.111085 -0.561179 1.784320 -0.000008 -0.000682 0.000024
 31   2.121290 -0.561289 -1.853599 0.000000 0.000000 -0.000002
 32   -0.802676 -0.093824 3.127092 0.044159 -3.092711 0.195926
 33   14.298673 -0.408176 0.518454 -0.017394 -0.094870 -0.115951
 34   15.835795 0.581398 0.242756 -0.000811 0.023965 0.068310
 35   -0.831494 -0.091229 -3.114430 0.052734 3.300803 -0.139032
 36   14.294526 -0.410349 -0.455822 -0.025495 -0.121476 -0.946097
 37   15.834409 0.579420 -0.284600 0.119550 -0.050330 0.023159
 38   2.155341 -3.172490 -2.632401 0.047192 -0.352576 0.132882
 39   -4.449929 -1.015790 -0.746180 0.011277 -0.001151 -0.059375
 40   0.102445 -3.731028 3.045878 0.047192 -0.352575 0.132881
 41   -4.441652 -1.098194 0.959566 0.011277 -0.001151 -0.059375
 42   -0.079325 1.658238 -2.895651 -0.062536 -0.053324 0.000544
 43   -0.484375 1.772799 3.189699 0.017604 0.282558 -0.072102
time 22
  0   -0.401123 2.578204 -27.160614 0.000000 0.058410 -1.414606
  1   -1.093036 0.000002 -0.326057 -3.088693 -0.049940 1.521002
  2   2.262337 0.113614 0.064702 0.023079 -0.067269 0.032967
  3   2.380047 0.353302 0.047440 -0.004155 0.246159 0.041301
  4   2.033756 0.190472 -0.000128 -0.005746 0.046033 -0.092962
  5   2.451511 0.204909 -0.003447 -0.045736 0.170906 -0.076042
  6   7.247600 -0.397300 -0.109469 0.004208 -0.001010 0.147896
  7   -2.022252 -0.104661 3.136172 -3.159472 -1.117897 -0.137696
  8   1.168026 -0.537438 -0.063437 0.091991 -0.000588 -0.132087
  9   6.790376 -0.619176 0.015206 -0.311843 -2.222133 0.008677
 10   8.637599 0.544015 -0.090417 1.245145 0.798519 0.092697
 11   6.790465 -0.619039 0.017802 -0.229153 -0.625948 -0.060529
 12   -2.022474 -0.104699 -2.873818 0.289580 1.392420 -2.874219
 13   1.167898 -0.537463 0.063297 0.308671 -1.158767 -0.371835
 14   7.002743 -0.617765 -0.183752 -0.034101 -1.135613 -1.875349
 15   8.209042 0.615527 -0.255885 1.601009 -0.098118 0.115697
 16   7.002735 -0.617911 -0.183641 -0.389334 -0.765488 -0.946822
 17   1.574674 0.609930 -0.000899 0.103950 0.302826 -0.116398
 18   -0.602177 0.511412 -0.000006 0.000000 0.000000 0.000000
 19   3.677679 0.177020 1.119313 -0.000002 -0.000014 -0.174510
 20   3.677673 0.176993 -1.117566 0.000007 -0.000003 -0.174546
 21   3.942357 1.334540 1.627658 0.000002 -0.000011 -0.000026
 22   -0.246060 -0.011889 0.516521 -0.000011 0.000031 0.000025
 23   3.942374 1.334565 -1.631083 0.000019 0.000002 -0.000024
 24   -0.246150 -0.011872 -0.516511 -0.000005 -0.000006 0.000048
 25   4.941364 1.997338 1.629330 0.000018 -0.000001 -0.000024
 26   4.941382 1.997366 -1.629410 -0.000001 0.000005 -0.000024
 27   2.914462 1.619264 1.514501 -0.000019 -0.000022 -0.000050
 28   2.920798 1.618870 -1.501142 -0.000002 -0.000009 -0.000024
 29   8.824059 0.150544 0.091743 -0.011313 -0.063778 -0.169330
 30   2.111085 -0.561179 1.784320 -0.000008 -0.000682 0.000024
 31   2.121290 -0.561289 -1.853599 0.000000 0.000000 -0.000002
 32   -0.802676 -0.093824 3.127092 0.044159 -3.092711 0.195926
 33   14.298673 -0.408176 0.518454 -0.017394 -0.094870 -0.115951
 34   15.835795 0.581398 0.242756 -0.000811 0.023965 0.068310
 35   -0.831494 -0.091229 -3.114430 0.052734 3.300803 -0.139032
 36   14.294526 -0.410349 -0.455822 -0.025531 -0.121392 -0.944630
 37   15.834409 0.579420 -0.284600 0.120358 -0.050458 0.020370
 38   2.155341 -3.172490 -2.632401 0.047192 -0.352576 0.132882
 39   -4.449929 -1.011884 -0.746180 0.012116 -0.001234 -0.063750
 40   0.102445 -3.731028 3.045878 0.047192 -0.352575 0.132881
 41   -4.441652 -1.102100 0.959566 0.012115 -0.001234 -0.063750
 42   -0.079325 1.658238 -2.883932 -0.061745 -0.048847 -0.000293
 43   -0.484375 1.772799 3.189699 0.016929 0.278446 -0.071851
time 23
  0   -0.401123 2.578204 -27.160614 0.000000 0.058410 -1.414606
  1   -1.093036 0.000002 -0.326057 -3.088693 -0.049940 1.521002
  2   2.262337 0.113614 0.064702 0.023079 -0.067269 0.032967
  3   2.380047 0.353302 0.047440 -0.004155 0.246111 0.040974
  4   2.033756 0.190472 -0.000128 -0.005617 0.045973 -0.093470
  5   2.451511 0.204909 -0.003447 -0.046267 0.171075 -0.074284
  6   7.247600 -0.397300 -0.109469 0.004507 -0.001082 0.147263
  7   -2.022252 -0.104661 3.136172 -3.159472 -1.117897 -0.137696
  8   1.168026 -0.537438 -0.063437 0.091991 -0.000588 -0.132087
  9   6.790376 -0.619176 0.015206 -0.311843 -2.222133 0.008677
 10   8.637599 0.544015 -0.090417 1.245145 0.798519 0.092697
 11   6.790465 -0.619039 0.017802 -0.229153 -0.625920 -0.060529
 12   -2.022474 -0.104699 -2.873818 0.289580 1.392420 -2.874219
 13   1.167898 -0.537463 0.063297 0.308671 -1.158767 -0.371835
 14   7.002743 -0.617765 -0.183752 -0.036435 -1.136068 -1.873121
 15   8.209042 0.615527 -0.255885 1.600649 -0.098950 0.122072
 16   7.002735 -0.617911 -0.183641 -0.390699 -0.764980 -0.945774
 17   1.574674 0.609930 -0.000899 0.103950 0.302826 -0.116398
 18   -0.602177 0.511412 -0.000006 0.000000 0.000000 0.000000
 19   3.677679 0.177020 1.119313 -0.000002 -0.000014 -0.174510
 20   3.677673 0.176993 -1.117566 0.000007 -0.000003 -0.174546
 21   3.942357 1.334540 1.627658 0.000002 -0.000011 -0.000026
 22   -0.246060 -0.011889 0.516521 -0.000011 0.000031 0.000025
 23   3.942374 1.334565 -1.631083 0.000019 0.000002 -0.000024
 24   -0.246150 -0.011872 -0.516511 -0.000005 -0.000006 0.000048
 25   4.941364 1.997338 1.629330 0.000018 -0.000001 -0.000024
 26   4.941382 1.997366 -1.629410 -0.000001 0.000005 -0.000024
 27   2.914462 1.619264 1.514501 -0.000019 -0.000022 -0.000050
 28   2.920798 1.618870 -1.501142 -0.000002 -0.000009 -0.000024
 29   8.824059 0.150544 0.091743 -0.012026 -0.068145 -0.168955
 30   2.111085 -0.561179 1.784320 -0.000008 -0.000682 0.000024
 31   2.121290 -0.561289 -1.853599 0.000000 0.000000 -0.000002
 32   -0.802676 -0.093824 3.127092 0.044159 -3.092711 0.195926
 33   14.298673 -0.408176 0.518454 -0.017394 -0.094870 -0.115951
 34   15.835795 0.581398 0.242756 -0.000811 0.023965 0.068310
 35   -0.831494 -0.091229 -3.114430 0.052734 3.300803 -0.139032
 36   14.294526 -0.410349 -0.455822 -0.025578 -0.121308 -0.943239
 37   15.834409 0.579420 -0.284600 0.121165 -0.050586 0.017531
 38   2.155341 -3.172490 -2.632401 0.047192 -0.352576 0.132882
 39   -4.446023 -1.007978 -0.746180 0.012943 -0.001318 -0.068153
 40   0.102445 -3.731028 3.045878 0.047192 -0.352575 0.132881
 41   -4.445559 -1.106006 0.959566 0.012942 -0.001318 -0.068153
 42   -0.079325 1.662145 -2.876120 -0.060942 -0.044370 -0.001171
 43   -0.484375 1.772799 3.189699 0.016255 0.274304 -0.071642
time 24
  0   -0.401123 2.578204 -27.160614 0.000000 0.058410 -1.414606
  1   -1.093036 0.000002 -0.326057 -3.088693 -0.049940 1.521002
  2   2.262337 0.113614 0.064702 0.023079 -0.067269 0.032967
  3   2.380047 0.353302 0.047440 -0.004170 0.246064 0.040648
  4   2.033756 0.190472 -0.000128 -0.005487 0.045913 -0.093977
  5   2.451511 0.204909 -0.003447 -0.046815 0.171232 -0.072550
  6   7.247600 -0.397300 -0.109469 0.004795 -0.001154 0.146661
  7   -2.022252 -0.104661 3.136172 -3.159472 -1.117897 -0.137696
  8   1.168026 -0.537438 -0.063437 0.091991 -0.000588 -0.132087
  9   6.790376 -0.619176 0.015206 -0.311843 -2.222133 0.008677
 10   8.637599 0.544015 -0.090417 1.245145 0.798519 0.092697
 11   6.790465 -0.619039 0.017802 -0.229153 -0.625948 -0.060529
 12   -2.022474 -0.104699 -2.873818 0.289580 1.392420 -2.874219
 13   1.167898 -0.537463 0.063297 0.308671 -1.158767 -0.371835
 14   7.002743 -0.617765 -0.183752 -0.038769 -1.136522 -1.870811
 15   8.209042 0.615527 -0.255885 1.600290 -0.099782 0.128446
 16   7.002735 -0.617911 -0.183641 -0.392017 -0.764473 -0.944725
 17   1.574674 0.609930 -0.000899 0.103950 0.302826 -0.116398
 18   -0.602177 0.511412 -0.000006 0.000000 0.000000 0.000000
 19   3.673773 0.177020 1.119313 -0.000002 -0.000014 -0.174510
 20   3.677673 0.176993 -1.117566 0.000007 -0.000003 -0.174546
 21   3.942357 1.334540 1.627658 0.000002 -0.000011 -0.000026
 22   -0.246060 -0.011889 0.516521 -0.000011 0.000031 0.000025
 23   3.942374 1.334565 -1.631083 0.000019 0.000002 -0.000024
 24   -0.246150 -0.011872 -0.516511 -0.000005 -0.000006 0.000048
 25   4.941364 1.997338 1.629330 0.000018 -0.000001 -0.000024
 26   4.941382 1.997366 -1.629410 -0.000001 0.000005 -0.000024
 27   2.914462 1.619264 1.514501 -0.000019 -0.000022 -0.000050
 28   2.920798 1.618870 -1.501142 -0.000002 -0.000009 -0.000024
 29   8.824059 0.150544 0.091743 -0.012828 -0.072537 -0.168579
 30   2.111085 -0.561179 1.784320 -0.000008 -0.000682 0.000024
 31   2.121290 -0.561289 -1.853599 0.000000 0.000000 -0.000002
 32   -0.802676 -0.093824 3.127092 0.044159 -3.092711 0.195926
 33   14.298673 -0.408176 0.518454 -0.017394 -0.094870 -0.115951
 34   15.835795 0.581398 0.242756 -0.000811 0.023965 0.068310
 35   -0.831494 -0.091229 -3.114430 0.052734 3.300803 -0.139032
 36   14.294526 -0.410349 -0.455822 -0.025614 -0.121236 -0.941772
 37   15.834409 0.579420 -0.284600 0.121953 -0.050740 0.014692
 38   2.155341 -3.172490 -2.632401 0.047192 -0.352576 0.132882
 39   -4.446023 -1.004071 -0.746180 0.013782 -0.001414 -0.072529
 40   0.102445 -3.731028 3.045878 0.047192 -0.352575 0.132881
 41   -4.445559 -1.109913 0.959566 0.013781 -0.001414 -0.072529
 42   -0.079325 1.662145 -2.864400 -0.060139 -0.039893 -0.002091
 43   -0.484375 1.772799 3.189699 0.015580 0.270193 -0.071433
time 25
  0   -0.401123 2.578204 -27.160614 0.000000 0.058410 -1.414606
  1   -1.093036 0.000002 -0.326057 -3.088693 -0.049940 1.521002
  2   2.262337 0.113614 0.064702 0.023079 -0.067269 0.032967
  3   2.380047 0.353302 0.047440 -0.004185 0.246028 0.040321
  4   2.033756 0.190472 -0.000128 -0.005377 0.045853 -0.094485
  5   2.451511 0.204909 -0.003447 -0.047345 0.171389 -0.070817
  6   7.247600 -0.397300 -0.109469 0.005082 -0.001225 0.146027
  7   -2.022252 -0.104661 3.136172 -3.159472 -1.117897 -0.137696
  8   1.168026 -0.537438 -0.063437 0.091991 -0.000588 -0.132087
  9   6.790376 -0.619176 0.015206 -0.311843 -2.222133 0.008677
 10   8.637599 0.544015 -0.090417 1.245145 0.798519 0.092697
 11   6.790465 -0.619039 0.017802 -0.229153 -0.625920 -0.060529
 12   -2.022474 -0.104699 -2.873818 0.289580 1.392420 -2.874219
 13   1.167898 -0.537463 0.063297 0.308671 -1.158767 -0.371835
 14   7.002743 -0.617765 -0.183752 -0.041104 -1.136976 -1.868666
 15   8.209042 0.615527 -0.255885 1.599858 -0.100539 0.134761
 16   7.002735 -0.617911 -0.183641 -0.393335 -0.763965 -0.943676
 17   1.574674 0.609930 -0.000899 0.103950 0.302826 -0.116398
 18   -0.602177 0.511412 -0.000006 0.000000 0.000000 0.000000
 19   3.677679 0.177020 1.119313 -0.000002 -0.000014 -0.174510
 20   3.677673 0.176993 -1.117566 0.000007 -0.000003 -0.174546
 21   3.942357 1.334540 1.627658 0.000002 -0.000011 -0.000026
 22   -0.246060 -0.011889 0.516521 -0.000011 0.000031 0.000025
 23   3.942374 1.334565 -1.631083 0.000019 0.000002 -0.000024
 24   -0.246150 -0.011872 -0.516511 -0.000005 -0.000006 0.000048
 25   4.941364 1.997338 1.629330 0.000018 -0.000001 -0.000024
 26   4.941382 1.997366 -1.629410 -0.000001 0.000005 -0.000024
 27   2.914462 1.619264 1.514501 -0.000019 -0.000022 -0.000050
 28   2.920798 1.618870 -1.501142 -0.000002 -0.000009 -0.000024
 29   8.824059 0.150544 0.091743 -0.013630 -0.076881 -0.168204
 30   2.111085 -0.561179 1.784320 -0.000008 -0.000682 0.000024
 31   2.121290 -0.561289 -1.853599 0.000000 0.000000 -0.000002
 32   -0.802676 -0.093824 3.127092 0.044159 -3.092711 0.195926
 33   14.298673 -0.408176 0.518454 -0.017394 -0.094870 -0.115951
 34   15.835795 0.581398 0.242756 -0.000811 0.023965 0.068310
 35   -0.831494 -0.091229 -3.114430 0.052734 3.300803 -0.139032
 36   14.294526 -0.410349 -0.455822 -0.025662 -0.121152 -0.940381
 37   15.834409 0.579420 -0.284600 0.122742 -0.050868 0.011903
 38   2.155341 -3.172490 -2.632401 0.047192 -0.352576 0.132882
 39   -4.446023 -1.000165 -0.746180 0.014609 -0.001498 -0.076904
 40   0.102445 -3.731028 3.045878 0.047192 -0.352575 0.132881
 41   -4.445559 -1.113819 0.959566 0.014608 -0.001498 -0.076904
 42   -0.079325 1.666051 -2.852681 -0.059336 -0.035446 -0.002928
 43   -0.484375 1.772799 3.189699 0.014905 0.266097 -0.071224
time 26
  0   -0.401123 2.578204 -27.160614 0.000000 0.058410 -1.414606
  1   -1.093036 0.000002 -0.326057 -3.088693 -0.049940 1.521002
  2   2.262337 0.113614 0.064702 0.023079 -0.067269 0.032967
  3   2.380047 0.353302 0.047440 -0.004185 0.245980 0.039995
  4   2.033756 0.190472 -0.000128 -0.005248 0.045793 -0.094992
  5   2.451511 0.204909 -0.003447 -0.047876 0.171545 -0.069108
  6   7.247600 -0.397300 -0.109469 0.005370 -0.001297 0.145426
  7   -2.022252 -0.104661 3.136172 -3.159472 -1.117897 -0.137696
  8   1.168026 -0.537438 -0.063437 0.091991 -0.000588 -0.132087
  9   6.790376 -0.619176 0.015206 -0.311843 -2.222133 0.008677
 10   8.637599 0.544015 -0.090417 1.245145 0.798519 0.092697
 11   6.790465 -0.619039 0.017802 -0.229153 -0.625948 -0.060529
 12   -2.022474 -0.104699 -2.873818 0.289580 1.392420 -2.874219
 13   1.167898 -0.537463 0.063297 0.308671 -1.158767 -0.371835
 14   7.002743 -0.617765 -0.183752 -0.043381 -1.137487 -1.866438
 15   8.209042 0.615527 -0.255885 1.599499 -0.101371 0.140955
 16   7.002735 -0.617911 -0.183641 -0.394653 -0.763458 -0.942628
 17   1.574674 0.609930 -0.000899 0.103950 0.302826 -0.116398
 18   -0.602177 0.511412 -0.000006 0.000000 0.000000 0.000000
 19   3.677679 0.177020 1.119313 -0.000002 -0.000014 -0.174510
 20   3.677673 0.176993 -1.117566 0.000007 -0.000003 -0.174546
 21   3.942357 1.334540 1.627658 0.000002 -0.000011 -0.000026
 22   -0.246060 -0.011889 0.516521 -0.000011 0.000031 0.000025
 23   3.942374 1.334565 -1.631083 0.000019 0.000002 -0.000024
 24   -0.246150 -0.011872 -0.516511 -0.000005 -0.000006 0.000048
 25   4.941364 1.997338 1.629330 0.000018 -0.000001 -0.000024
 26   4.941382 1.997366 -1.629410 -0.000001 0.000005 -0.000024
 27   2.914462 1.619264 1.514501 -0.000019 -0.000022 -0.000050
 28   2.920798 1.618870 -1.501142 -0.000002 -0.000009 -0.000024
 29   8.824059 0.150544 0.091743 -0.014343 -0.081178 -0.167882
 30   2.111085 -0.561179 1.784320 -0.000008 -0.000682 0.000024
 31   2.121290 -0.561289 -1.853599 0.000000 0.000000 -0.000002
 32   -0.802676 -0.093824 3.127092 0.044159 -3.092711 0.195926
 33   14.298673 -0.408176 0.518454 -0.017394 -0.094870 -0.115951
 34   15.835795 0.581398 0.242756 -0.000811 0.023965 0.068310
 35   -0.831494 -0.091229 -3.114430 0.052734 3.300803 -0.139032
 36   14.294526 -0.410349 -0.455822 -0.025698 -0.121068 -0.938991
 37   15.834409 0.579420 -0.284600 0.123530 -0.050996 0.009115
 38   2.155341 -3.172490 -2.632401 0.047192 -0.352576 0.132882
 39   -4.446023 -0.996258 -0.746180 0.015436 -0.001582 -0.081223
 40   0.102445 -3.731028 3.045878 0.047192 -0.352575 0.132881
 41   -4.445559 -1.117725 0.959566 0.015435 -0.001582 -0.081223
 42   -0.079325 1.666051 -2.844869 -0.058557 -0.031046 -0.003806
 43   -0.484375 1.772799 3.189699 0.014231 0.262033 -0.071014
time 27
  0   -0.401123 2.578204 -27.160614 0.000000 0.058410 -1.414606
  1   -1.093036 0.000002 -0.326057 -3.088693 -0.049940 1.521002
  2   2.262337 0.113614 0.064702 0.023079 -0.067269 0.032967
  3   2.380047 0.353302 0.047440 -0.004200 0.245932 0.039689
  4   2.033756 0.190472 -0.000128 -0.005137 0.045733 -0.095500
  5   2.451511 0.204909 -0.003447 -0.048389 0.171702 -0.067399
  6   7.247600 -0.397300 -0.109469 0.005646 -0.001369 0.144824
  7   -2.022252 -0.104661 3.136172 -3.159472 -1.117897 -0.137696
  8   1.168026 -0.537438 -0.063437 0.091991 -0.000588 -0.132087
  9   6.790376 -0.619176 0.015206 -0.311843 -2.222133 0.008677
 10   8.637599 0.544015 -0.090417 1.245145 0.798519 0.092697
 11   6.790465 -0.619039 0.017802 -0.229153 -0.625948 -0.060529
 12   -2.022474 -0.104699 -2.873818 0.289580 1.392420 -2.874219
 13   1.167898 -0.537463 0.063297 0.308671 -1.158767 -0.371835
 14   7.002743 -0.617765 -0.183752 -0.045658 -1.137942 -1.864293
 15   8.209042 0.615527 -0.255885 1.599067 -0.102128 0.147149
 16   7.002735 -0.617911 -0.183641 -0.395971 -0.762950 -0.941634
 17   1.574674 0.609930 -0.000899 0.103950 0.302826 -0.116398
 18   -0.602177 0.511412 -0.000006 0.000000 0.000000 0.000000
 19   3.673773 0.177020 1.119313 -0.000002 -0.000014 -0.174510
 20   3.673767 0.176993 -1.117566 0.000007 -0.000003 -0.174546
 21   3.942357 1.334540 1.627658 0.000002 -0.000011 -0.000026
 22   -0.246060 -0.011889 0.516521 -0.000011 0.000031 0.000025
 23   3.942374 1.334565 -1.631083 0.000019 0.000002 -0.000024
 24   -0.246150 -0.011872 -0.516511 -0.000005 -0.000006 0.000048
 25   4.941364 1.997338 1.629330 0.000018 -0.000001 -0.000024
 26   4.941382 1.997366 -1.629410 -0.000001 0.000005 -0.000024
 27   2.914462 1.619264 1.514501 -0.000019 -0.000022 -0.000050
 28   2.916892 1.618870 -1.501142 -0.000002 -0.000009 -0.000024
 29   8.824059 0.150544 0.091743 -0.015145 -0.085427 -0.167506
 30   2.111085 -0.561179 1.784320 -0.000008 -0.000682 0.000024
 31   2.121290 -0.561289 -1.853599 0.000000 0.000000 -0.000002
 32   -0.802676 -0.093824 3.127092 0.044159 -3.092711 0.195926
 33   14.298673 -0.408176 0.518454 -0.017394 -0.094870 -0.115951
 34   15.835795 0.581398 0.242756 -0.000811 0.023965 0.068310
 35   -0.831494 -0.091229 -3.114430 0.052734 3.300803 -0.139032
 36   14.294526 -0.410349 -0.455822 -0.025746 -0.120997 -0.937600
 37   15.834409 0.579420 -0.284600 0.124318 -0.051124 0.006377
 38   2.155341 -3.172490 -2.632401 0.047192 -0.352576 0.132882
 39   -4.446023 -0.996258 -0.746180 0.016239 -0.001666 -0.085486
 40   0.102445 -3.731028 3.045878 0.047192 -0.352575 0.132881
 41   -4.445559 -1.117725 0.959566 0.016238 -0.001666 -0.085486
 42   -0.079325 1.669957 -2.833149 -0.057778 -0.026707 -0.004684
 43   -0.484375 1.772799 3.189699 0.013581 0.258032 -0.070805
time 28
  0   -0.401123 2.578204 -27.160614 0.000000 0.058410 -1.414606
  1   -1.093036 0.000002 -0.326057 -3.088693 -0.049940 1.521002
  2   2.262337 0.113614 0.064702 0.023079 -0.067269 0.032967
  3   2.380047 0.353302 0.047440 -0.004215 0.245896 0.039362
  4   2.033756 0.190472 -0.000128 -0.005026 0.045673 -0.096007
  5   2.451511 0.204909 -0.003447 -0.048903 0.171859 -0.065740
  6   7.247600 -0.397300 -0.109469 0.005921 -0.001441 0.144254
  7   -2.022252 -0.104661 3.136172 -3.159472 -1.117897 -0.137696
  8   1.168026 -0.537438 -0.063437 0.091991 -0.000588 -0.132087
  9   6.790376 -0.619176 0.015206 -0.311843 -2.222133 0.008677
 10   8.637599 0.544015 -0.090417 1.245145 0.798519 0.092697
 11   6.790465 -0.619039 0.017802 -0.229153 -0.625920 -0.060529
 12   -2.022474 -0.104699 -2.873818 0.289580 1.392420 -2.874219
 13   1.167898 -0.537463 0.063297 0.308671 -1.158767 -0.371835
 14   7.002743 -0.617765 -0.183752 -0.047879 -1.138396 -1.862148
 15   8.209042 0.615527 -0.255885 1.598636 -0.102884 0.153223
 16   7.002735 -0.617911 -0.183641 -0.397242 -0.762499 -0.940641
 17   1.574674 0.609930 -0.000899 0.103950 0.302826 -0.116398
 18   -0.602177 0.511412 -0.000006 0.000000 0.000000 0.000000
 19   3.677679 0.177020 1.119313 -0.000002 -0.000014 -0.174510
 20   3.677673 0.176993 -1.117566 0.000007 -0.000003 -0.174546
 21   3.942357 1.334540 1.627658 0.000002 -0.000011 -0.000026
 22   -0.246060 -0.011889 0.516521 -0.000011 0.000031 0.000025
 23   3.942374 1.334565 -1.631083 0.000019 0.000002 -0.000024
 24   -0.246150 -0.011872 -0.516511 -0.000005 -0.000006 0.000048
 25   4.941364 1.997338 1.629330 0.000018 -0.000001 -0.000024
 26   4.941382 1.997366 -1.629410 -0.000001 0.000005 -0.000024
 27   2.914462 1.619264 1.514501 -0.000019 -0.000022 -0.000050
 28   2.920798 1.618870 -1.501142 -0.000002 -0.000009 -0.000024
 29   8.824059 0.150544 0.091743 -0.015858 -0.089581 -0.167184
 30   2.111085 -0.561179 1.784320 -0.000008 -0.000682 0.000024
 31   2.121290 -0.561289 -1.853599 0.000000 0.000000 -0.000002
 32   -0.802676 -0.093824 3.127092 0.044159 -3.092711 0.195926
 33   14.298673 -0.408176 0.518454 -0.017394 -0.094870 -0.115951
 34   15.835795 0.581398 0.242756 -0.000811 0.023965 0.068310
 35   -0.831494 -0.091229 -3.114430 0.052734 3.300803 -0.139032
 36   14.294526 -0.410349 -0.455822 -0.025782 -0.120913 -0.936287
 37   15.834409 0.579420 -0.284600 0.125066 -0.051252 0.003639
 38   2.155341 -3.172490 -2.632401 0.047192 -0.352576 0.132882
 39   -4.446023 -0.992352 -0.746180 0.017030 -0.001750 -0.089665
 40   0.102445 -3.731028 3.045878 0.047192 -0.352575 0.132881
 41   -4.445559 -1.121632 0.959566 0.017029 -0.001750 -0.089665
 42   -0.079325 1.673864 -2.821430 -0.057011 -0.022445 -0.005521
 43   -0.484375 1.772799 3.189699 0.012931 0.254109 -0.070596
time 29
  0   -0.401123 2.578204 -27.160614 0.000000 0.058410 -1.414606
  1   -1.093036 0.000002 -0.326057 -3.088693 -0.049940 1.521002
  2   2.262337 0.113614 0.064702 0.023079 -0.067269 0.032967
  3   2.380047 0.353302 0.047440 -0.004215 0.245848 0.039056
  4   2.033756 0.190472 -0.000128 -0.004916 0.045625 -0.096478
  5   2.451511 0.204909 -0.003447 -0.049399 0.172002 -0.064130
  6   7.247600 -0.397300 -0.109469 0.006197 -0.001501 0.143652
  7   -2.022252 -0.104661 3.136172 -3.159472 -1.117897 -0.137696
  8   1.168026 -0.537438 -0.063437 0.091991 -0.000588 -0.132087
  9   6.790376 -0.619176 0.015206 -0.311843 -2.222133 0.008677
 10   8.637599 0.544015 -0.090417 1.245145 0.798519 0.092697
 11   6.790465 -0.619039 0.017802 -0.229153 -0.625920 -0.060529
 12   -2.022474 -0.104699 -2.873818 0.289580 1.392420 -2.874219
 13   1.167898 -0.537463 0.063297 0.308671 -1.158767 -0.371835
 14   7.002743 -0.617765 -0.183752 -0.050042 -1.138793 -1.860085
 15   8.209042 0.615527 -0.255885 1.598276 -0.103641 0.159116
 16   7.002735 -0.617911 -0.183641 -0.398466 -0.761992 -0.939703
 17   1.574674 0.609930 -0.000899 0.103950 0.302826 -0.116398
 18   -0.602177 0.511412 -0.000006 0.000000 0.000000 0.000000
 19   3.677679 0.177020 1.119313 -0.000002 -0.000014 -0.174510
 20   3.677673 0.176993 -1.117566 0.000007 -0.000003 -0.174546
 21   3.942357 1.334540 1.627658 0.000002 -0.000011 -0.000026
 22   -0.246060 -0.011889 0.516521 -0.000011 0.000031 0.000025
 23   3.942374 1.334565 -1.631083 0.000019 0.000002 -0.000024
 24   -0.246150 -0.011872 -0.516511 -0.000005 -0.000006 0.000048
 25   4.941364 1.997338 1.629330 0.000018 -0.000001 -0.000024
 26   4.941382 1.997366 -1.629410 -0.000001 0.000005 -0.000024
 27   2.914462 1.619264 1.514501 -0.000019 -0.000022 -0.000050
 28   2.920798 1.618870 -1.501142 -0.000002 -0.000009 -0.000024
 29   8.824059 0.150544 0.091743 -0.016571 -0.093664 -0.166862
 30   2.111085 -0.561179 1.784320 -0.000008 -0.000682 0.000024
 31   2.121290 -0.561289 -1.853599 0.000000 0.000000 -0.000002
 32   -0.802676 -0.093824 3.127092 0.044159 -3.092711 0.195926
 33   14.298673 -0.408176 0.518454 -0.017394 -0.094870 -0.115951
 34   15.835795 0.581398 0.242756 -0.000811 0.023965 0.068310
 35   -0.831494 -0.091229 -3.114430 0.052734 3.300803 -0.139032
 36   14.294526 -0.410349 -0.455822 -0.025830 -0.120841 -0.934974
 37   15.834409 0.579420 -0.284600 0.125815 -0.051380 0.001053
 38   2.155341 -3.172490 -2.632401 0.047192 -0.352576 0.132882
 39   -4.442117 -0.988446 -0.746180 0.017809 -0.001822 -0.093732
 40   0.102445 -3.731028 3.045878 0.047192 -0.352575 0.132881
 41   -4.449465 -1.125538 0.959566 0.017808 -0.001822 -0.093732
 42   -0.083232 1.673864 -2.813618 -0.056268 -0.018274 -0.006315
 43   -0.484375 1.772799 3.189699 0.012307 0.250265 -0.070387
time 30
  0   -0.401123 2.578204 -27.160614 0.000000 0.058410 -1.414606
  1   -1.093036 0.000002 -0.326057 -3.088693 -0.049940 1.521002
  2   2.262337 0.113614 0.064702 0.023079 -0.067269 0.032967
  3   2.380047 0.353302 0.047440 -0.004230 0.245812 0.038770
  4   2.033756 0.190472 -0.000128 -0.004805 0.045566 -0.096950
  5   2.451511 0.204909 -0.003447 -0.049879 0.172159 -0.062545
  6   7.247600 -0.397300 -0.109469 0.006461 -0.001573 0.143113
  7   -2.022252 -0.104661 3.136172 -3.159472 -1.117897 -0.137696
  8   1.168026 -0.537438 -0.063437 0.091991 -0.000588 -0.132087
  9   6.790376 -0.619176 0.015206 -0.311843 -2.222133 0.008677
 10   8.637599 0.544015 -0.090417 1.245145 0.798519 0.092697
 11   6.790465 -0.619039 0.017802 -0.229153 -0.625920 -0.060529
 12   -2.022474 -0.104699 -2.873818 0.289580 1.392420 -2.874219
 13   1.167898 -0.537463 0.063297 0.308671 -1.158767 -0.371835
 14   7.002743 -0.617765 -0.183752 -0.052149 -1.139248 -1.858023
 15   8.209042 0.615527 -0.255885 1.597845 -0.104322 0.164890
 16   7.002735 -0.617911 -0.183641 -0.399690 -0.761541 -0.938709
 17   1.574674 0.609930 -0.000899 0.103950 0.302826 -0.116398
 18   -0.602177 0.511412 -0.000006 0.000000 0.000000 0.000000
 19   3.673773 0.177020 1.119313 -0.000002 -0.000014 -0.174510
 20   3.677673 0.176993 -1.117566 0.000007 -0.000003 -0.174546
 21   3.942357 1.334540 1.627658 0.000002 -0.000011 -0.000026
 22   -0.246060 -0.011889 0.516521 -0.000011 0.000031 0.000025
 23   3.942374 1.334565 -1.631083 0.000019 0.000002 -0.000024
 24   -0.246150 -0.011872 -0.516511 -0.000005 -0.000006 0.000048
 25   4.941364 1.997338 1.629330 0.000018 -0.000001 -0.000024
 26   4.941382 1.997366 -1.629410 -0.000001 0.000005 -0.000024
 27   2.914462 1.619264 1.514501 -0.000019 -0.000022 -0.000050
 28   2.920798 1.618870 -1.501142 -0.000002 -0.000009 -0.000024
 29   8.824059 0.150544 0.091743 -0.017284 -0.097604 -0.166487
 30   2.111085 -0.561179 1.784320 -0.000008 -0.000682 0.000024
 31   2.121290 -0.561289 -1.853599 0.000000 0.000000 -0.000002
 32   -0.802676 -0.093824 3.127092 0.044159 -3.092711 0.195926
 33   14.298673 -0.408176 0.518454 -0.017394 -0.094870 -0.115951
 34   15.835795 0.581398 0.242756 -0.000811 0.023965 0.068310
 35   -0.831494 -0.091229 -3.114430 0.052734 3.300803 -0.139032
 36   14.294526 -0.410349 -0.455822 -0.025866 -0.120769 -0.933661
 37   15.834409 0.579420 -0.284600 0.126544 -0.051508 -0.001533
 38   2.155341 -3.172490 -2.632401 0.047192 -0.352576 0.132882
 39   -4.442117 -0.984539 -0.746180 0.018564 -0.001906 -0.097714
 40   0.102445 -3.731028 3.045878 0.047192 -0.352575 0.132881
 41   -4.449465 -1.129445 0.959566 0.018563 -0.001906 -0.097714
 42   -0.083232 1.677770 -2.801898 -0.055549 -0.014226 -0.007110
 43   -0.484375 1.772799 3.189699 0.011694 0.246546 -0.070220
time 31
  0   -0.401123 2.578204 -27.160614 0.000000 0.058410 -1.414606
  1   -1.093036 0.000002 -0.326057 -3.088693 -0.049940 1.521002
  2   2.262337 0.113614 0.064702 0.023079 -0.067269 0.032967
  3   2.380047 0.353302 0.047440 -0.004230 0.245776 0.038485
  4   2.033756 0.190472 -0.000128 -0.004694 0.045518 -0.097385
  5   2.451511 0.204909 -0.003447 -0.050358 0.172289 -0.061034
  6   7.247600 -0.397300 -0.109469 0.006712 -0.001633 0.142575
  7   -2.022252 -0.104661 3.136172 -3.159472 -1.117897 -0.137696
  8   1.168026 -0.537438 -0.063437 0.091991 -0.000588 -0.132087
  9   6.790376 -0.619176 0.015206 -0.311843 -2.222066 0.008677
 10   8.637599 0.544015 -0.090417 1.245145 0.798519 0.092697
 11   6.790465 -0.619039 0.017802 -0.229153 -0.625948 -0.060529
 12   -2.022474 -0.104699 -2.873818 0.289580 1.392420 -2.874219
 13   1.167898 -0.537463 0.063297 0.308671 -1.158767 -0.371835
 14   7.002743 -0.617765 -0.183752 -0.054198 -1.139645 -1.856125
 15   8.209042 0.615527 -0.255885 1.597485 -0.105003 0.170422
 16   7.002735 -0.617911 -0.183641 -0.400867 -0.761090 -0.937826
 17   1.574674 0.609930 -0.000899 0.103950 0.302826 -0.116398
 18   -0.602177 0.511412 -0.000006 0.000000 0.000000 0.000000
 19   3.677679 0.177020 1.119313 -0.000002 -0.000014 -0.174510
 20   3.677673 0.176993 -1.117566 0.000007 -0.000003 -0.174546
 21   3.942357 1.334540 1.627658 0.000002 -0.000011 -0.000026
 22   -0.246060 -0.011889 0.516521 -0.000011 0.000031 0.000025
 23   3.942374 1.334565 -1.631083 0.000019 0.000002 -0.000024
 24   -0.246150 -0.011872 -0.516511 -0.000005 -0.000006 0.000048
 25   4.941364 1.997338 1.629330 0.000018 -0.000001 -0.000024
 26   4.941382 1.997366 -1.629410 -0.000001 0.000005 -0.000024
 27   2.914462 1.619264 1.514501 -0.000019 -0.000022 -0.000050
 28   2.920798 1.618870 -1.501142 -0.000002 -0.000009 -0.000024
 29   8.824059 0.150544 0.091743 -0.017997 -0.101450 -0.166219
 30   2.111085 -0.561179 1.784320 -0.000008 -0.000682 0.000024
 31   2.121290 -0.561289 -1.853599 0.000000 0.000000 -0.000002
 32   -0.802676 -0.093824 3.127092 0.044159 -3.092711 0.195926
 33   14.298673 -0.408176 0.518454 -0.017394 -0.094870 -0.115951
 34   15.835795 0.581398 0.242756 -0.000811 0.023965 0.068310
 35   -0.831494 -0.091229 -3.114430 0.052734 3.300803 -0.139032
 36   14.294526 -0.410349 -0.455822 -0.025902 -0.120697 -0.932425
 37   15.834409 0.579420 -0.284600 0.127234 -0.051636 -0.004017
 38   2.155341 -3.172490 -2.632401 0.047192 -0.352576 0.132882
 39   -4.442117 -0.984539 -0.746180 0.019295 -0.001977 -0.101557
 40   0.102445 -3.731028 3.045878 0.047192 -0.352575 0.132881
 41   -4.449465 -1.129445 0.959566 0.019294 -0.001977 -0.101557
 42   -0.083232 1.677770 -2.794086 -0.054841 -0.010317 -0.007904
 43   -0.484375 1.772799 3.189699 0.011107 0.242937 -0.070011
time 32
  0   -0.401123 2.578204 -27.160614 0.000000 0.058410 -1.414606
  1   -1.093036 0.000002 -0.326057 -3.088693 -0.049940 1.521002
  2   2.262337 0.113614 0.064702 0.023079 -0.067269 0.032967
  3   2.380047 0.353302 0.047440 -0.004245 0.245740 0.038199
  4   2.033756 0.190472 -0.000128 -0.004584 0.045470 -0.097819
  5   2.451511 0.204909 -0.003447 -0.050803 0.172433 -0.059548
  6   7.247600 -0.397300 -0.109469 0.006952 -0.001693 0.142036
  7   -2.022252 -0.104661 3.136172 -3.159472 -1.117897 -0.137696
  8   1.168026 -0.537438 -0.063437 0.091991 -0.000588 -0.132087
  9   6.790376 -0.619176 0.015206 -0.311843 -2.222133 0.008677
 10   8.637599 0.544015 -0.090417 1.245145 0.798519 0.092697
 11   6.790465 -0.619039 0.017802 -0.229153 -0.625920 -0.060529
 12   -2.022474 -0.104699 -2.873818 0.289580 1.392420 -2.874219
 13   1.167898 -0.537463 0.063297 0.308671 -1.158767 -0.371835
 14   7.002743 -0.617765 -0.183752 -0.056134 -1.140043 -1.854227
 15   8.209042 0.615527 -0.255885 1.597054 -0.105684 0.175774
 16   7.002735 -0.617911 -0.183641 -0.401997 -0.760695 -0.936943
 17   1.574674 0.609930 -0.000899 0.103950 0.302826 -0.116398
 18   -0.602177 0.511412 -0.000006 0.000000 0.000000 0.000000
 19   3.677679 0.177020 1.119313 -0.000002 -0.000014 -0.174510
 20   3.677673 0.176993 -1.117566 0.000007 -0.000003 -0.174546
 21   3.942357 1.334540 1.627658 0.000002 -0.000011 -0.000026
 22   -0.246060 -0.011889 0.516521 -0.000011 0.000031 0.000025
 23   3.942374 1.334565 -1.631083 0.000019 0.000002 -0.000024
 24   -0.246150 -0.011872 -0.516511 -0.000005 -0.000006 0.000048
 25   4.941364 1.997338 1.629330 0.000018 -0.000001 -0.000024
 26   4.941382 1.997366 -1.629410 -0.000001 0.000005 -0.000024
 27   2.914462 1.619264 1.514501 -0.000019 -0.000022 -0.000050
 28   2.920798 1.618870 -1.501142 -0.000002 -0.000009 -0.000024
 29   8.824059 0.150544 0.091743 -0.018621 -0.105129 -0.165897
 30   2.111085 -0.561179 1.784320 -0.000008 -0.000682 0.000024
 31   2.121290 -0.561289 -1.853599 0.000000 0.000000 -0.000002
 32   -0.802676 -0.093824 3.127092 0.044159 -3.092711 0.195926
 33   14.298673 -0.408176 0.518454 -0.017394 -0.094870 -0.115951
 34   15.835795 0.581398 0.242756 -0.000811 0.023965 0.068310
 35   -0.831494 -0.091229 -3.114430 0.052734 3.300803 -0.139032
 36   14.294526 -0.410349 -0.455822 -0.025938 -0.120637 -0.931189
 37   15.834409 0.579420 -0.284600 0.127904 -0.051738 -0.006400
 38   2.155341 -3.172490 -2.632401 0.047192 -0.352576 0.132882
 39   -4.442117 -0.980633 -0.746180 0.020002 -0.002049 -0.105259
 40   0.102445 -3.731028 3.045878 0.047192 -0.352575 0.132881
 41   -4.449465 -1.133351 0.959566 0.020001 -0.002049 -0.105259
 42   -0.083232 1.677770 -2.786273 -0.054170 -0.006545 -0.008615
 43   -0.484375 1.772799 3.189699 0.010533 0.239453 -0.069843
time 33
  0   -0.401123 2.578204 -27.160614 0.000000 0.058410 -1.414606
  1   -1.093036 0.000002 -0.326057 -3.088693 -0.049940 1.521002
  2   2.262337 0.113614 0.064702 0.023079 -0.067269 0.032967
  3   2.380047 0.353302 0.047440 -0.004245 0.245704 0.037954
  4   2.033756 0.190472 -0.000128 -0.004492 0.045422 -0.098254
  5   2.451511 0.204909 -0.003447 -0.051231 0.172564 -0.058162
  6   7.247600 -0.397300 -0.109469 0.007192 -0.001753 0.141561
  7   -2.022252 -0.104661 3.136172 -3.159472 -1.117897 -0.137696
  8   1.168026 -0.537438 -0.063437 0.091991 -0.000588 -0.132087
  9   6.790376 -0.619176 0.015206 -0.311843 -2.222133 0.008677
 10   8.637599 0.544015 -0.090417 1.245145 0.798519 0.092697
 11   6.790465 -0.619039 0.017802 -0.229153 -0.625920 -0.060529
 12   -2.022474 -0.104699 -2.873818 0.289580 1.392420 -2.874219
 13   1.167898 -0.537463 0.063297 0.308671 -1.158767 -0.371835
 14   7.002743 -0.617765 -0.183752 -0.058013 -1.140440 -1.852412
 15   8.209042 0.615527 -0.255885 1.596694 -0.106289 0.180886
 16   7.002735 -0.617911 -0.183641 -0.403080 -0.760300 -0.936115
 17   1.574674 0.609930 -0.000899 0.103950 0.302826 -0.116398
 18   -0.602177 0.511412 -0.000006 0.000000 0.000000 0.000000
 19   3.677679 0.177020 1.119313 -0.000002 -0.000014 -0.174510
 20   3.677673 0.176993 -1.117566 0.000007 -0.000003 -0.174546
 21   3.942357 1.334540 1.627658 0.000002 -0.000011 -0.000026
 22   -0.246060 -0.011889 0.516521 -0.000011 0.000031 0.000025
 23   3.942374 1.334565 -1.631083 0.000019 0.000002 -0.000024
 24   -0.246150 -0.011872 -0.516511 -0.000005 -0.000006 0.000048
 25   4.941364 1.997338 1.629330 0.000018 -0.000001 -0.000024
 26   4.941382 1.997366 -1.629410 -0.000001 0.000005 -0.000024
 27   2.914462 1.619264 1.514501 -0.000019 -0.000022 -0.000050
 28   2.920798 1.618870 -1.501142 -0.000002 -0.000009 -0.000024
 29   8.824059 0.150544 0.091743 -0.019245 -0.108642 -0.165575
 30   2.111085 -0.561179 1.784320 -0.000008 -0.000682 0.000024
 31   2.121290 -0.561289 -1.853599 0.000000 0.000000 -0.000002
 32   -0.802676 -0.093824 3.127092 0.044159 -3.092711 0.195926
 33   14.298673 -0.408176 0.518454 -0.017394 -0.094870 -0.115951
 34   15.835795 0.581398 0.242756 -0.000811 0.023965 0.068310
 35   -0.831494 -0.091229 -3.114430 0.052734 3.300803 -0.139032
 36   14.294526 -0.410349 -0.455822 -0.025974 -0.120565 -0.930108
 37   15.834409 0.579420 -0.284600 0.128554 -0.051841 -0.008631
 38   2.155341 -3.172490 -2.632401 0.047192 -0.352576 0.132882
 39   -4.442117 -0.976727 -0.746180 0.020673 -0.002121 -0.108765
 40   0.102445 -3.731028 3.045878 0.047192 -0.352575 0.132881
 41   -4.449465 -1.137257 0.959566 0.020672 -0.002121 -0.108765
 42   -0.083232 1.681677 -2.774554 -0.053523 -0.002957 -0.009326
 43   -0.484375 1.772799 3.189699 0.009995 0.236142 -0.069676
time 34
  0   -0.401123 2.578204 -27.160614 0.000000 0.058410 -1.414606
  1   -1.093036 0.000002 -0.326057 -3.088693 -0.049940 1.521002
  2   2.262337 0.113614 0.064702 0.023079 -0.067269 0.032967
  3   2.380047 0.353302 0.047440 -0.004260 0.245668 0.037689
  4   2.033756 0.190472 -0.000128 -0.004399 0.045374 -0.098653
  5   2.451511 0.204909 -0.003447 -0.051642 0.172681 -0.056824
  6   7.247600 -0.397300 -0.109469 0.007407 -0.001813 0.141086
  7   -2.022252 -0.104661 3.136172 -3.159472 -1.117897 -0.137696
  8   1.168026 -0.537438 -0.063437 0.091991 -0.000588 -0.132087
  9   6.790376 -0.619176 0.015206 -0.311843 -2.222133 0.008677
 10   8.637599 0.544015 -0.090417 1.245145 0.798519 0.092697
 11   6.790465 -0.619039 0.017802 -0.229153 -0.625920 -0.060529
 12   -2.022474 -0.104699 -2.873818 0.289580 1.392420 -2.874219
 13   1.167898 -0.537463 0.063297 0.308671 -1.158767 -0.371835
 14   7.002743 -0.617765 -0.183752 -0.059778 -1.140781 -1.850762
 15   8.209042 0.615527 -0.255885 1.596335 -0.106894 0.185757
 16   7.002735 -0.617911 -0.183641 -0.404115 -0.759905 -0.935287
 17   1.574674 0.609930 -0.000899 0.103950 0.302826 -0.116398
 18   -0.602177 0.511412 -0.000006 0.000000 0.000000 0.000000
 19   3.673773 0.177020 1.119313 -0.000002 -0.000014 -0.174510
 20   3.673767 0.176993 -1.117566 0.000007 -0.000003 -0.174546
 21   3.942357 1.334540 1.627658 0.000002 -0.000011 -0.000026
 22   -0.246060 -0.011889 0.516521 -0.000011 0.000031 0.000025
 23   3.942374 1.334565 -1.631083 0.000019 0.000002 -0.000024
 24   -0.246150 -0.011872 -0.516511 -0.000005 -0.000006 0.000048
 25   4.941364 1.997338 1.629330 0.000018 -0.000001 -0.000024
 26   4.941382 1.997366 -1.629410 -0.000001 0.000005 -0.000024
 27   2.914462 1.619264 1.514501 -0.000019 -0.000022 -0.000050
 28   2.920798 1.618870 -1.501142 -0.000002 -0.000009 -0.000024
 29   8.824059 0.150544 0.091743 -0.019868 -0.111966 -0.165307
 30   2.111085 -0.561179 1.784320 -0.000008 -0.000682 0.000024
 31   2.121290 -0.561289 -1.853599 0.000000 0.000000 -0.000002
 32   -0.802676 -0.093824 3.127092 0.044159 -3.092711 0.195926
 33   14.298673 -0.408176 0.518454 -0.017394 -0.094870 -0.115951
 34   15.835795 0.581398 0.242756 -0.000811 0.023965 0.068310
 35   -0.831494 -0.091229 -3.114430 0.052734 3.300803 -0.139032
 36   14.294526 -0.410349 -0.455822 -0.025998 -0.120505 -0.929026
 37   15.834409 0.579420 -0.284600 0.129165 -0.051943 -0.010811
 38   2.155341 -3.172490 -2.632401 0.047192 -0.352576 0.132882
 39   -4.442117 -0.976727 -0.746180 0.021309 -0.002181 -0.112130
 40   0.102445 -3.731028 3.045878 0.047192 -0.352575 0.132881
 41   -4.449465 -1.137257 0.959566 0.021308 -0.002181 -0.112130
 42   -0.083232 1.681677 -2.766741 -0.052912 0.000447 -0.009996
 43   -0.484375 1.772799 3.189699 0.009471 0.233004 -0.069509
time 35
  0   -0.401123 2.578204 -27.160614 0.000000 0.058410 -1.414606
  1   -1.093036 0.000002 -0.326057 -3.088693 -0.049940 1.521002
  2   2.262337 0.113614 0.064702 0.023079 -0.067269 0.032967
  3   2.380047 0.353302 0.047440 -0.004260 0.245632 0.037464
  4   2.033756 0.190472 -0.000128 -0.004307 0.045338 -0.099016
  5   2.451511 0.204909 -0.003447 -0.052018 0.172799 -0.055586
  6   7.247600 -0.397300 -0.109469 0.007623 -0.001861 0.140643
  7   -2.022252 -0.104661 3.136172 -3.159472 -1.117897 -0.137696
  8   1.168026 -0.537438 -0.063437 0.091991 -0.000588 -0.132087
  9   6.790376 -0.619176 0.015206 -0.311843 -2.222133 0.008677
 10   8.637599 0.544015 -0.090417 1.245145 0.798519 0.092697
 11   6.790465 -0.619039 0.017802 -0.229153 -0.625920 -0.060529
 12   -2.022474 -0.104699 -2.873818 0.289580 1.392420 -2.874219
 13   1.167898 -0.537463 0.063297 0.308671 -1.158767 -0.371835
 14   7.002743 -0.617765 -0.183752 -0.061429 -1.141122 -1.849195
 15   8.209042 0.615527 -0.255885 1.595975 -0.107424 0.190268
 16   7.002735 -0.617911 -0.183641 -0.405057 -0.759511 -0.934570
 17   1.574674 0.609930 -0.000899 0.103950 0.302826 -0.116398
 18   -0.602177 0.511412 -0.000006 0.000000 0.000000 0.000000
 19   3.677679 0.177020 1.119313 -0.000002 -0.000014 -0.174510
 20   3.677673 0.176993 -1.117566 0.000007 -0.000003 -0.174546
 21   3.942357 1.334540 1.627658 0.000002 -0.000011 -0.000026
 22   -0.246060 -0.011889 0.516521 -0.000011 0.000031 0.000025
 23   3.942374 1.334565 -1.631083 0.000019 0.000002 -0.000024
 24   -0.246150 -0.011872 -0.516511 -0.000005 -0.000006 0.000048
 25   4.941364 1.997338 1.629330 0.000018 -0.000001 -0.000024
 26   4.941382 1.997366 -1.629410 -0.000001 0.000005 -0.000024
 27   2.914462 1.619264 1.514501 -0.000019 -0.000022 -0.000050
 28   2.920798 1.618870 -1.501142 -0.000002 -0.000009 -0.000024
 29   8.824059 0.150544 0.091743 -0.020403 -0.115099 -0.165038
 30   2.111085 -0.561179 1.784320 -0.000008 -0.000682 0.000024
 31   2.121290 -0.561289 -1.853599 0.000000 0.000000 -0.000002
 32   -0.802676 -0.093824 3.127092 0.044159 -3.092711 0.195926
 33   14.298673 -0.408176 0.518454 -0.017394 -0.094870 -0.115951
 34   15.835795 0.581398 0.242756 -0.000811 0.023965 0.068310
 35   -0.831494 -0.091229 -3.114430 0.052734 3.300803 -0.139032
 36   14.294526 -0.410349 -0.455822 -0.026034 -0.120445 -0.927945
 37   15.834409 0.579420 -0.284600 0.129736 -0.052045 -0.012839
 38   2.155341 -3.172490 -2.632401 0.047192 -0.352576 0.132882
 39   -4.438210 -0.972820 -0.746180 0.021896 -0.002241 -0.115272
 40   0.102445 -3.731028 3.045878 0.047192 -0.352575 0.132881
 41   -4.453372 -1.141164 0.959566 0.021895 -0.002241 -0.115272
 42   -0.083232 1.685583 -2.758929 -0.052337 0.003651 -0.010665
 43   -0.484375 1.772799 3.189699 0.008996 0.230054 -0.069342
time 36
  0   -0.401123 2.578204 -27.160614 0.000000 0.058410 -1.414606
  1   -1.093036 0.000002 -0.326057 -3.088693 -0.049940 1.521002
  2   2.262337 0.113614 0.064702 0.023079 -0.067269 0.032967
  3   2.380047 0.353302 0.047440 -0.004275 0.245608 0.037240
  4   2.033756 0.190472 -0.000128 -0.004233 0.045290 -0.099378
  5   2.451511 0.204909 -0.003447 -0.052378 0.172903 -0.054422
  6   7.247600 -0.397300 -0.109469 0.007815 -0.001909 0.140231
  7   -2.022252 -0.104661 3.136172 -3.159472 -1.117897 -0.137696
  8   1.168026 -0.537438 -0.063437 0.091991 -0.000588 -0.132087
  9   6.790376 -0.619176 0.015206 -0.311843 -2.222133 0.008677
 10   8.637599 0.544015 -0.090417 1.245145 0.798519 0.092697
 11   6.790465 -0.619039 0.017802 -0.229153 -0.625948 -0.060529
 12   -2.022474 -0.104699 -2.873818 0.289580 1.392420 -2.874219
 13   1.167898 -0.537463 0.063297 0.308671 -1.158767 -0.371835
 14   7.002743 -0.617765 -0.183752 -0.063023 -1.141462 -1.847709
 15   8.209042 0.615527 -0.255885 1.595688 -0.107878 0.194537
 16   7.002735 -0.617911 -0.183641 -0.405951 -0.759172 -0.933852
 17   1.574674 0.609930 -0.000899 0.103950 0.302826 -0.116398
 18   -0.602177 0.511412 -0.000006 0.000000 0.000000 0.000000
 19   3.673773 0.177020 1.119313 -0.000002 -0.000014 -0.174510
 20   3.677673 0.176993 -1.117566 0.000007 -0.000003 -0.174546
 21   3.942357 1.334540 1.627658 0.000002 -0.000011 -0.000026
 22   -0.246060 -0.011889 0.516521 -0.000011 0.000031 0.000025
 23   3.942374 1.334565 -1.631083 0.000019 0.000002 -0.000024
 24   -0.246150 -0.011872 -0.516511 -0.000005 -0.000006 0.000048
 25   4.941364 1.997338 1.629330 0.000018 -0.000001 -0.000024
 26   4.941382 1.997366 -1.629410 -0.000001 0.000005 -0.000024
 27   2.914462 1.619264 1.514501 -0.000019 -0.000022 -0.000050
 28   2.920798 1.618870 -1.501142 -0.000002 -0.000009 -0.000024
 29   8.824059 0.150544 0.091743 -0.020938 -0.118019 -0.164824
 30   2.111085 -0.561179 1.784320 -0.000008 -0.000682 0.000024
 31   2.121290 -0.561289 -1.853599 0.000000 0.000000 -0.000002
 32   -0.802676 -0.093824 3.127092 0.044159 -3.092711 0.195926
 33   14.298673 -0.408176 0.518454 -0.017394 -0.094870 -0.115951
 34   15.835795 0.581398 0.242756 -0.000811 0.023965 0.068310
 35   -0.831494 -0.091229 -3.114430 0.052734 3.300803 -0.139032
 36   14.294526 -0.410349 -0.455822 -0.026058 -0.120397 -0.927018
 37   15.834409 0.579420 -0.284600 0.130268 -0.052148 -0.014715
 38   2.155341 -3.172490 -2.632401 0.047192 -0.352576 0.132882
 39   -4.438210 -0.972820 -0.746180 0.022459 -0.002301 -0.118188
 40   0.102445 -3.731028 3.045878 0.047192 -0.352575 0.132881
 41   -4.453372 -1.141164 0.959566 0.022458 -0.002301 -0.118188
 42   -0.083232 1.685583 -2.751116 -0.051809 0.006641 -0.011250
 43   -0.484375 1.772799 3.189699 0.008533 0.227292 -0.069216
time 37
  0   -0.401123 2.578204 -27.160614 0.000000 0.058410 -1.414606
  1   -1.093036 0.000002 -0.326057 -3.088693 -0.049940 1.521002
  2   2.262337 0.113614 0.064702 0.023079 -0.067269 0.032967
  3   2.380047 0.353302 0.047440 -0.004275 0.245584 0.037036
  4   2.033756 0.190472 -0.000128 -0.004160 0.045254 -0.099668
  5   2.451511 0.204909 -0.003447 -0.052703 0.173007 -0.053357
  6   7.247600 -0.397300 -0.109469 0.007995 -0.001956 0.139851
  7   -2.022252 -0.104661 3.136172 -3.159472 -1.117897 -0.137696
  8   1.168026 -0.537438 -0.063437 0.091991 -0.000588 -0.132087
  9   6.790376 -0.619176 0.015206 -0.311843 -2.222133 0.008677
 10   8.637599 0.544015 -0.090417 1.245145 0.798519 0.092697
 11   6.790465 -0.619039 0.017802 -0.229153 -0.625948 -0.060529
 12   -2.022474 -0.104699 -2.873818 0.289580 1.392420 -2.874219
 13   1.167898 -0.537463 0.063297 0.308671 -1.158767 -0.371835
 14   7.002743 -0.617765 -0.183752 -0.064446 -1.141746 -1.846307
 15   8.209042 0.615527 -0.255885 1.595400 -0.108407 0.198446
 16   7.002735 -0.617911 -0.183641 -0.406752 -0.758891 -0.933245
 17   1.574674 0.609930 -0.000899 0.103950 0.302826 -0.116398
 18   -0.602177 0.511412 -0.000006 0.000000 0.000000 0.000000
 19   3.673773 0.177020 1.119313 -0.000002 -0.000014 -0.174510
 20   3.677673 0.176993 -1.117566 0.000007 -0.000003 -0.174546
 21   3.942357 1.334540 1.627658 0.000002 -0.000011 -0.000026
 22   -0.246060 -0.011889 0.516521 -0.000011 0.000031 0.000025
 23   3.942374 1.334565 -1.631083 0.000019 0.000002 -0.000024
 24   -0.246150 -0.011872 -0.516511 -0.000005 -0.000006 0.000048
 25   4.941364 1.997338 1.629330 0.000018 -0.000001 -0.000024
 26   4.941382 1.997366 -1.629410 -0.000001 0.000005 -0.000024
 27   2.914462 1.619264 1.514501 -0.000019 -0.000022 -0.000050
 28   2.920798 1.618870 -1.501142 -0.000002 -0.000009 -0.000024
 29   8.824059 0.150544 0.091743 -0.021384 -0.120725 -0.164609
 30   2.111085 -0.561179 1.784320 -0.000008 -0.000682 0.000024
 31   2.121290 -0.561289 -1.853599 0.000000 0.000000 -0.000002
 32   -0.802676 -0.093824 3.127092 0.044159 -3.092711 0.195926
 33   14.298673 -0.408176 0.518454 -0.017394 -0.094870 -0.115951
 34   15.835795 0.581398 0.242756 -0.000811 0.023965 0.068310
 35   -0.831494 -0.091229 -3.114430 0.052734 3.300803 -0.139032
 36   14.294526 -0.410349 -0.455822 -0.026082 -0.120349 -0.926168
 37   15.834409 0.579420 -0.284600 0.130760 -0.052224 -0.016439
 38   2.155341 -3.172490 -2.632401 0.047192 -0.352576 0.132882
 39   -4.438210 -0.968914 -0.746180 0.022974 -0.002349 -0.120881
 40   0.102445 -3.731028 3.045878 0.047192 -0.352575 0.132881
 41   -4.453372 -1.145070 0.959566 0.022973 -0.002349 -0.120881
 42   -0.083232 1.685583 -2.747210 -0.051318 0.009385 -0.011794
 43   -0.484375 1.772799 3.189699 0.008121 0.224766 -0.069091
time 38
  0   -0.401123 2.578204 -27.160614 0.000000 0.058410 -1.414606
  1   -1.093036 0.000002 -0.326057 -3.088693 -0.049940 1.521002
  2   2.262337 0.113614 0.064702 0.023079 -0.067269 0.032967
  3   2.380047 0.353302 0.047440 -0.004290 0.245560 0.036852
  4   2.033756 0.190472 -0.000128 -0.004086 0.045218 -0.099958
  5   2.451511 0.204909 -0.003447 -0.053011 0.173086 -0.052366
  6   7.247600 -0.397300 -0.109469 0.008151 -0.001992 0.139502
  7   -2.022252 -0.104661 3.136172 -3.159472 -1.117897 -0.137696
  8   1.168026 -0.537438 -0.063437 0.091991 -0.000588 -0.132087
  9   6.790376 -0.619176 0.015206 -0.311843 -2.222133 0.008677
 10   8.637599 0.544015 -0.090417 1.245145 0.798519 0.092697
 11   6.790465 -0.619039 0.017802 -0.229153 -0.625920 -0.060529
 12   -2.022474 -0.104699 -2.873818 0.289580 1.392420 -2.874219
 13   1.167898 -0.537463 0.063297 0.308671 -1.158767 -0.371835
 14   7.002743 -0.617765 -0.183752 -0.065699 -1.141973 -1.845069
 15   8.209042 0.615527 -0.255885 1.595113 -0.108786 0.201994
 16   7.002735 -0.617911 -0.183641 -0.407505 -0.758609 -0.932638
 17   1.574674 0.609930 -0.000899 0.103950 0.302826 -0.116398
 18   -0.602177 0.511412 -0.000006 0.000000 0.000000 0.000000
 19   3.673773 0.177020 1.119313 -0.000002 -0.000014 -0.174510
 20   3.677673 0.176993 -1.117566 0.000007 -0.000003 -0.174546
 21   3.942357 1.334540 1.627658 0.000002 -0.000011 -0.000026
 22   -0.246060 -0.011889 0.516521 -0.000011 0.000031 0.000025
 23   3.942374 1.334565 -1.631083 0.000019 0.000002 -0.000024
 24   -0.246150 -0.011872 -0.516511 -0.000005 -0.000006 0.000048
 25   4.941364 1.997338 1.629330 0.000018 -0.000001 -0.000024
 26   4.941382 1.997366 -1.629410 -0.000001 0.000005 -0.000024
 27   2.914462 1.619264 1.514501 -0.000019 -0.000022 -0.000050
 28   2.920798 1.618870 -1.501142 -0.000002 -0.000009 -0.000024
 29   8.824059 0.150544 0.091743 -0.021829 -0.123146 -0.164394
 30   2.111085 -0.561179 1.784320 -0.000008 -0.000682 0.000024
 31   2.121290 -0.561289 -1.853599 0.000000 0.000000 -0.000002
 32   -0.802676 -0.093824 3.127092 0.044159 -3.092711 0.195926
 33   14.298673 -0.408176 0.518454 -0.017394 -0.094870 -0.115951
 34   15.835795 0.581398 0.242756 -0.000811 0.023965 0.068310
 35   -0.831494 -0.091229 -3.114430 0.052734 3.300803 -0.139032
 36   14.294526 -0.410349 -0.455822 -0.026106 -0.120301 -0.925396
 37   15.834409 0.579420 -0.284600 0.131214 -0.052301 -0.018011
 38   2.155341 -3.172490 -2.632401 0.047192 -0.352576 0.132882
 39   -4.438210 -0.968914 -0.746180 0.023430 -0.002397 -0.123321
 40   0.102445 -3.731028 3.045878 0.047192 -0.352575 0.132881
 41   -4.453372 -1.145070 0.959566 0.023429 -0.002397 -0.123321
 42   -0.083232 1.689489 -2.739397 -0.050875 0.011869 -0.012254
 43   -0.484375 1.772799 3.189699 0.007746 0.222475 -0.068965
time 39
  0   -0.401123 2.578204 -27.160614 0.000000 0.058410 -1.414606
  1   -1.093036 0.000002 -0.326057 -3.088693 -0.049940 1.521002
  2   2.262337 0.113614 0.064702 0.023079 -0.067269 0.032967
  3   2.380047 0.353302 0.047440 -0.004290 0.245536 0.036689
  4   2.033756 0.190472 -0.000128 -0.004030 0.045194 -0.100212
  5   2.451511 0.204909 -0.003447 -0.053268 0.173177 -0.051524
  6   7.247600 -0.397300 -0.109469 0.008294 -0.002028 0.139217
  7   -2.022252 -0.104661 3.136172 -3.159472 -1.117897 -0.137696
  8   1.168026 -0.537438 -0.063437 0.091991 -0.000588 -0.132087
  9   6.790376 -0.619176 0.015206 -0.311843 -2.222066 0.008677
 10   8.637599 0.544015 -0.090417 1.245145 0.798519 0.092697
 11   6.790465 -0.619039 0.017802 -0.229153 -0.625920 -0.060529
 12   -2.022474 -0.104699 -2.873818 0.289580 1.392420 -2.874219
 13   1.167898 -0.537463 0.063297 0.308671 -1.158767 -0.371835
 14   7.002743 -0.617765 -0.183752 -0.066894 -1.142257 -1.843997
 15   8.209042 0.615527 -0.255885 1.594825 -0.109164 0.205121
 16   7.002735 -0.617911 -0.183641 -0.408164 -0.758383 -0.932141
 17   1.574674 0.609930 -0.000899 0.103950 0.302826 -0.116398
 18   -0.602177 0.511412 -0.000006 0.000000 0.000000 0.000000
 19   3.673773 0.177020 1.119313 -0.000002 -0.000014 -0.174510
 20   3.677673 0.176993 -1.117566 0.000007 -0.000003 -0.174546
 21   3.942357 1.334540 1.627658 0.000002 -0.000011 -0.000026
 22   -0.246060 -0.011889 0.516521 -0.000011 0.000031 0.000025
 23   3.942374 1.334565 -1.631083 0.000019 0.000002 -0.000024
 24   -0.246150 -0.011872 -0.516511 -0.000005 -0.000006 0.000048
 25   4.941364 1.997338 1.629330 0.000018 -0.000001 -0.000024
 26   4.941382 1.997366 -1.629410 -0.000001 0.000005 -0.000024
 27   2.914462 1.619264 1.514501 -0.000019 -0.000022 -0.000050
 28   2.916892 1.618870 -1.501142 -0.000002 -0.000009 -0.000024
 29   8.824059 0.150544 0.091743 -0.022275 -0.125307 -0.164234
 30   2.111085 -0.561179 1.784320 -0.000008 -0.000682 0.000024
 31   2.121290 -0.561289 -1.853599 0.000000 0.000000 -0.000002
 32   -0.802676 -0.093824 3.127092 0.044159 -3.092711 0.195926
 33   14.298673 -0.408176 0.518454 -0.017394 -0.094870 -0.115951
 34   15.835795 0.581398 0.242756 -0.000811 0.023965 0.068310
 35   -0.831494 -0.091229 -3.114430 0.052734 3.300803 -0.139032
 36   14.294526 -0.410349 -0.455822 -0.026130 -0.120266 -0.924701
 37   15.834409 0.579420 -0.284600 0.131608 -0.052352 -0.019431
 38   2.155341 -3.172490 -2.632401 0.047192 -0.352576 0.132882
 39   -4.438210 -0.965008 -0.746180 0.023849 -0.002445 -0.125509
 40   0.102445 -3.731028 3.045878 0.047192 -0.352575 0.132881
 41   -4.453372 -1.148976 0.959566 0.023848 -0.002445 -0.125509
 42   -0.087138 1.689489 -2.735490 -0.050467 0.014092 -0.012714
 43   -0.484375 1.772799 3.189699 0.007409 0.220419 -0.068840
time 40
  0   -0.401123 2.578204 -27.160614 0.000000 0.058410 -1.414606
  1   -1.093036 0.000002 -0.326057 -3.088693 -0.049940 1.521002
  2   2.262337 0.113614 0.064702 0.023079 -0.067269 0.032967
  3   2.380047 0.353302 0.047440 -0.004290 0.245512 0.036567
  4   2.033756 0.190472 -0.000128 -0.003975 0.045170 -0.100429
  5   2.451511 0.204909 -0.003447 -0.053507 0.173242 -0.050757
  6   7.247600 -0.397300 -0.109469 0.008426 -0.002064 0.138932
  7   -2.022252 -0.104661 3.136172 -3.159472 -1.117897 -0.137696
  8   1.168026 -0.537438 -0.063437 0.091991 -0.000588 -0.132087
  9   6.790376 -0.619176 0.015206 -0.311843 -2.222133 0.008677
 10   8.637599 0.544015 -0.090417 1.245145 0.798519 0.092697
 11   6.790465 -0.619039 0.017802 -0.229153 -0.625920 -0.060529
 12   -2.022474 -0.104699 -2.873818 0.289580 1.392420 -2.874219
 13   1.167898 -0.537463 0.063297 0.308671 -1.158767 -0.371835
 14   7.002743 -0.617765 -0.183752 -0.067862 -1.142428 -1.843007
 15   8.209042 0.615527 -0.255885 1.594609 -0.109467 0.207888
 16   7.002735 -0.617911 -0.183641 -0.408776 -0.758157 -0.931700
 17   1.574674 0.609930 -0.000899 0.103950 0.302826 -0.116398
 18   -0.602177 0.511412 -0.000006 0.000000 0.000000 0.000000
 19   3.677679 0.177020 1.119313 -0.000002 -0.000014 -0.174510
 20   3.677673 0.176993 -1.117566 0.000007 -0.000003 -0.174546
 21   3.942357 1.334540 1.627658 0.000002 -0.000011 -0.000026
 22   -0.246060 -0.011889 0.516521 -0.000011 0.000031 0.000025
 23   3.942374 1.334565 -1.631083 0.000019 0.000002 -0.000024
 24   -0.246150 -0.011872 -0.516511 -0.000005 -0.000006 0.000048
 25   4.941364 1.997338 1.629330 0.000018 -0.000001 -0.000024
 26   4.941382 1.997366 -1.629410 -0.000001 0.000005 -0.000024
 27   2.914462 1.623171 1.514501 -0.000019 -0.000022 -0.000050
 28   2.920798 1.618870 -1.501142 -0.000002 -0.000009 -0.000024
 29   8.824059 0.150544 0.091743 -0.022542 -0.127206 -0.164073
 30   2.111085 -0.561179 1.784320 -0.000008 -0.000682 0.000024
 31   2.121290 -0.561289 -1.853599 0.000000 0.000000 -0.000002
 32   -0.802676 -0.093824 3.127092 0.044159 -3.092711 0.195926
 33   14.298673 -0.408176 0.518454 -0.017394 -0.094870 -0.115951
 34   15.835795 0.581398 0.242756 -0.000811 0.023965 0.068310
 35   -0.831494 -0.091229 -3.114430 0.052734 3.300803 -0.139032
 36   14.294526 -0.410349 -0.455822 -0.026154 -0.120230 -0.924083
 37   15.834409 0.579420 -0.284600 0.131943 -0.052429 -0.020647
 38   2.155341 -3.172490 -2.632401 0.047192 -0.352576 0.132882
 39   -4.438210 -0.965008 -0.746180 0.024209 -0.002481 -0.127388
 40   0.102445 -3.731028 3.045878 0.047192 -0.352575 0.132881
 41   -4.453372 -1.148976 0.959566 0.024208 -0.002481 -0.127388
 42   -0.087138 1.689489 -2.731584 -0.050132 0.016009 -0.013090
 43   -0.484375 1.772799 3.189699 0.007122 0.218662 -0.068756
time 41
  0   -0.401123 2.578204 -27.160614 0.000000 0.058410 -1.414606
  1   -1.093036 0.000002 -0.326057 -3.088693 -0.049940 1.521002
  2   2.262337 0.113614 0.064702 0.023079 -0.067269 0.032967
  3   2.380047 0.353302 0.047440 -0.004305 0.245500 0.036444
  4   2.033756 0.190472 -0.000128 -0.003938 0.045146 -0.100647
  5   2.451511 0.204909 -0.003447 -0.053696 0.173295 -0.050138
  6   7.247600 -0.397300 -0.109469 0.008522 -0.002088 0.138710
  7   -2.022252 -0.104661 3.136172 -3.159472 -1.117897 -0.137696
  8   1.168026 -0.537438 -0.063437 0.091991 -0.000588 -0.132087
  9   6.790376 -0.619176 0.015206 -0.311843 -2.222133 0.008677
 10   8.637599 0.544015 -0.090417 1.245145 0.798519 0.092697
 11   6.790465 -0.619039 0.017802 -0.229153 -0.625920 -0.060529
 12   -2.022474 -0.104699 -2.873818 0.289580 1.392420 -2.874219
 13   1.167898 -0.537463 0.063297 0.308671 -1.158767 -0.371835
 14   7.002743 -0.617765 -0.183752 -0.068716 -1.142598 -1.842182
 15   8.209042 0.615527 -0.255885 1.594465 -0.109769 0.210173
 16   7.002735 -0.617911 -0.183641 -0.409247 -0.757932 -0.931313
 17   1.574674 0.609930 -0.000899 0.103950 0.302826 -0.116398
 18   -0.602177 0.511412 -0.000006 0.000000 0.000000 0.000000
 19   3.673773 0.177020 1.119313 -0.000002 -0.000014 -0.174510
 20   3.677673 0.176993 -1.117566 0.000007 -0.000003 -0.174546
 21   3.942357 1.334540 1.627658 0.000002 -0.000011 -0.000026
 22   -0.246060 -0.011889 0.516521 -0.000011 0.000031 0.000025
 23   3.942374 1.334565 -1.631083 0.000019 0.000002 -0.000024
 24   -0.246150 -0.011872 -0.516511 -0.000005 -0.000006 0.000048
 25   4.941364 1.997338 1.629330 0.000018 -0.000001 -0.000024
 26   4.941382 1.997366 -1.629410 -0.000001 0.000005 -0.000024
 27   2.914462 1.619264 1.514501 -0.000019 -0.000022 -0.000050
 28   2.916892 1.618870 -1.501142 -0.000002 -0.000009 -0.000024
 29   8.824059 0.150544 0.091743 -0.022899 -0.128772 -0.163912
 30   2.130617 -0.565085 1.756975 0.009186 0.053837 -0.001456
 31   2.136915 -0.561289 -1.853599 -0.009316 -0.046053 0.005420
 32   -0.802676 -0.093824 3.127092 0.044159 -3.092711 0.195926
 33   14.298673 -0.408176 0.518454 -0.017394 -0.094870 -0.115951
 34   15.835795 0.581398 0.242756 -0.000811 0.023965 0.068310
 35   -0.831494 -0.091229 -3.114430 0.052734 3.300803 -0.139032
 36   14.294526 -0.410349 -0.455822 -0.026166 -0.120194 -0.923542
 37   15.834409 0.579420 -0.284600 0.132238 -0.052480 -0.021661
 38   2.155341 -3.172490 -2.632401 0.047192 -0.352576 0.132882
 39   -4.438210 -0.965008 -0.746180 0.024508 -0.002517 -0.128986
 40   0.102445 -3.731028 3.045878 0.047192 -0.352575 0.132881
 41   -4.453372 -1.148976 0.959566 0.024507 -0.002517 -0.128986
 42   -0.087138 1.689489 -2.727678 -0.049844 0.017619 -0.013383
 43   -0.484375 1.772799 3.189699 0.006872 0.217171 -0.068672
time 42
  0   -0.401123 2.578204 -27.160614 0.000000 0.058410 -1.414606
  1   -1.093036 0.000002 -0.326057 -3.088693 -0.049940 1.521002
  2   2.262337 0.113614 0.064702 0.023079 -0.067269 0.032967
  3   2.380047 0.353302 0.047440 -0.004305 0.245488 0.036342
  4   2.033756 0.190472 -0.000128 -0.003901 0.045134 -0.100792
  5   2.451511 0.204909 -0.003447 -0.053850 0.173347 -0.049642
  6   7.247600 -0.397300 -0.109469 0.008606 -0.002112 0.138552
  7   -2.022252 -0.104661 3.136172 -3.159472 -1.117897 -0.137696
  8   1.168026 -0.537438 -0.063437 0.091991 -0.000588 -0.132087
  9   6.790376 -0.619176 0.015206 -0.311843 -2.222133 0.008677
 10   8.637599 0.544015 -0.090417 1.245145 0.798519 0.092697
 11   6.790465 -0.619039 0.017802 -0.229153 -0.625920 -0.060529
 12   -2.022474 -0.104699 -2.873818 0.289580 1.392420 -2.874219
 13   1.167898 -0.537463 0.063297 0.308671 -1.158767 -0.371835
 14   7.002743 -0.617765 -0.183752 -0.069399 -1.142768 -1.841604
 15   8.209042 0.615527 -0.255885 1.594322 -0.109921 0.211977
 16   7.002735 -0.617911 -0.183641 -0.409623 -0.757819 -0.930982
 17   1.574674 0.609930 -0.000899 0.103950 0.302826 -0.116398
 18   -0.602177 0.511412 -0.000006 0.000000 0.000000 0.000000
 19   3.677679 0.177020 1.119313 -0.000002 -0.000014 -0.174510
 20   3.677673 0.176993 -1.117566 0.000007 -0.000003 -0.174546
 21   3.942357 1.334540 1.627658 0.000002 -0.000011 -0.000026
 22   -0.246060 -0.011889 0.516521 -0.000011 0.000031 0.000025
 23   3.942374 1.334565 -1.631083 0.000019 0.000002 -0.000024
 24   -0.246150 -0.011872 -0.516511 -0.000005 -0.000006 0.000048
 25   4.941364 1.997338 1.629330 0.000018 -0.000001 -0.000024
 26   4.941382 1.997366 -1.629410 -0.000001 0.000005 -0.000024
 27   2.914462 1.619264 1.514501 -0.000019 -0.000022 -0.000050
 28   2.920798 1.618870 -1.501142 -0.000002 -0.000009 -0.000024
 29   8.824059 0.150544 0.091743 -0.023077 -0.130030 -0.163804
 30   2.177493 -0.576804 1.690567 0.031140 0.183914 -0.004972
 31   2.175979 -0.561289 -1.849693 -0.031578 -0.155901 0.018375
 32   -0.802676 -0.093824 3.127092 0.044159 -3.092711 0.195926
 33   14.298673 -0.408176 0.518454 -0.017394 -0.094870 -0.115951
 34   15.835795 0.581398 0.242756 -0.000811 0.023965 0.068310
 35   -0.831494 -0.091229 -3.114430 0.052734 3.300803 -0.139032
 36   14.294526 -0.410349 -0.455822 -0.026178 -0.120170 -0.923156
 37   15.834409 0.579420 -0.284600 0.132455 -0.052506 -0.022473
 38   2.155341 -3.172490 -2.632401 0.047192 -0.352576 0.132882
 39   -4.438210 -0.961101 -0.746180 0.024748 -0.002541 -0.130220
 40   0.102445 -3.731028 3.045878 0.047192 -0.352575 0.132881
 41   -4.453372 -1.152883 0.959566 0.024747 -0.002541 -0.130220
 42   -0.087138 1.693396 -2.723771 -0.049604 0.018907 -0.013634
 43   -0.484375 1.772799 3.189699 0.006684 0.215979 -0.068631
time 43
  0   -0.401123 2.578204 -27.160614 0.000000 0.058410 -1.414606
  1   -1.093036 0.000002 -0.326057 -3.088693 -0.049940 1.521002
  2   2.262337 0.113614 0.064702 0.023079 -0.067269 0.032967
  3   2.380047 0.353302 0.047440 -0.004305 0.245476 0.036281
  4   2.033756 0.190472 -0.000128 -0.003883 0.045122 -0.100900
  5   2.451511 0.204909 -0.003447 -0.053969 0.173373 -0.049271
  6   7.247600 -0.397300 -0.109469 0.008678 -0.002124 0.138394
  7   -2.022252 -0.104661 3.136172 -3.159472 -1.117897 -0.137696
  8   1.168026 -0.537438 -0.063437 0.091991 -0.000588 -0.132087
  9   6.790376 -0.619176 0.015206 -0.311843 -2.222133 0.008677
 10   8.637599 0.544015 -0.090417 1.245145 0.798519 0.092697
 11   6.790465 -0.619039 0.017802 -0.229153 -0.625920 -0.060529
 12   -2.022474 -0.104699 -2.873818 0.289580 1.392420 -2.874219
 13   1.167898 -0.537463 0.063297 0.308671 -1.158767 -0.371835
 14   7.002743 -0.617765 -0.183752 -0.069855 -1.142825 -1.841109
 15   8.209042 0.615527 -0.255885 1.594178 -0.110072 0.213300
 16   7.002735 -0.617911 -0.183641 -0.409906 -0.757706 -0.930761
 17   1.574674 0.609930 -0.000899 0.103950 0.302826 -0.116398
 18   -0.602177 0.511412 -0.000006 0.000000 0.000000 0.000000
 19   3.673773 0.177020 1.119313 -0.000002 -0.000014 -0.174510
 20   3.677673 0.176993 -1.117566 0.000007 -0.000003 -0.174546
 21   3.942357 1.334540 1.627658 0.000002 -0.000011 -0.000026
 22   -0.246060 -0.011889 0.516521 -0.000011 0.000031 0.000025
 23   3.942374 1.334565 -1.631083 0.000019 0.000002 -0.000024
 24   -0.246150 -0.011872 -0.516511 -0.000005 -0.000006 0.000048
 25   4.941364 1.997338 1.629330 0.000018 -0.000001 -0.000024
 26   4.941382 1.997366 -1.629410 -0.000001 0.000005 -0.000024
 27   2.914462 1.619264 1.514501 -0.000019 -0.000022 -0.000050
 28   2.916892 1.618870 -1.501142 -0.000002 -0.000009 -0.000024
 29   8.824059 0.150544 0.091743 -0.023255 -0.130956 -0.163751
 30   2.236089 -0.592430 1.608533 0.057352 0.339158 -0.009197
 31   2.218949 -0.557383 -1.841880 -0.058131 -0.287014 0.033842
 32   -0.802676 -0.093824 3.127092 0.044159 -3.092711 0.195926
 33   14.298673 -0.408176 0.518454 -0.017394 -0.094870 -0.115951
 34   15.835795 0.581398 0.242756 -0.000811 0.023965 0.068310
 35   -0.831494 -0.091229 -3.114430 0.052734 3.300803 -0.139032
 36   14.294526 -0.410349 -0.455822 -0.026190 -0.120158 -0.922847
 37   15.834409 0.579420 -0.284600 0.132632 -0.052532 -0.023081
 38   2.155341 -3.172490 -2.632401 0.047192 -0.352576 0.132882
 39   -4.438210 -0.961101 -0.746180 0.024916 -0.002553 -0.131146
 40   0.102445 -3.731028 3.045878 0.047192 -0.352575 0.132881
 41   -4.453372 -1.152883 0.959566 0.024915 -0.002553 -0.131146
 42   -0.087138 1.693396 -2.719865 -0.049436 0.019842 -0.013843
 43   -0.484375 1.772799 3.189699 0.006547 0.215116 -0.068589
time 44
  0   -0.401123 2.578204 -27.160614 0.000000 0.058410 -1.414606
  1   -1.093036 0.000002 -0.326057 -3.088693 -0.049940 1.521002
  2   2.262337 0.113614 0.064702 0.023079 -0.067269 0.032967
  3   2.380047 0.353302 0.047440 -0.004305 0.245476 0.036240
  4   2.033756 0.190472 -0.000128 -0.003864 0.045110 -0.100973
  5   2.451511 0.204909 -0.003447 -0.054038 0.173399 -0.049048
  6   7.247600 -0.397300 -0.109469 0.008714 -0.002136 0.138330
  7   -2.022252 -0.104661 3.136172 -3.159472 -1.117897 -0.137696
  8   1.168026 -0.537438 -0.063437 0.091991 -0.000588 -0.132087
  9   6.790376 -0.619176 0.015206 -0.311843 -2.222133 0.008677
 10   8.637599 0.544015 -0.090417 1.245145 0.798519 0.092697
 11   6.790465 -0.619039 0.017802 -0.229153 -0.625920 -0.060529
 12   -2.022474 -0.104699 -2.873818 0.289580 1.392420 -2.874219
 13   1.167898 -0.537463 0.063297 0.308671 -1.158767 -0.371835
 14   7.002743 -0.617765 -0.183752 -0.070196 -1.142882 -1.840779
 15   8.209042 0.615527 -0.255885 1.594106 -0.110223 0.214142
 16   7.002735 -0.617911 -0.183641 -0.410094 -0.757650 -0.930651
 17   1.574674 0.609930 -0.000899 0.103950 0.302826 -0.116398
 18   -0.602177 0.511412 -0.000006 0.000000 0.000000 0.000000
 19   3.677679 0.177020 1.119313 -0.000002 -0.000014 -0.174510
 20   3.673767 0.176993 -1.117566 0.000007 -0.000003 -0.174546
 21   3.422810 1.264226 1.572969 0.000002 -0.000011 -0.000026
 22   -0.238247 -0.382994 0.496989 0.000099 -0.028720 0.445010
 23   3.430640 1.260344 -1.623270 0.000019 0.000002 -0.000024
 24   -0.160210 -0.285318 -0.532136 0.000091 -0.028745 0.445076
 25   4.531195 1.993432 1.637143 -0.032209 0.220350 0.007203
 26   4.531213 1.993460 -1.621597 0.035761 -0.204352 -0.020865
 27   3.109780 1.474729 1.502782 -0.000019 -0.000022 -0.000050
 28   3.112210 1.474335 -1.512861 -0.000002 -0.000009 -0.000024
 29   8.824059 0.150544 0.091743 -0.023344 -0.131502 -0.163697
 30   2.286871 -0.608055 1.542125 0.079306 0.469206 -0.012713
 31   2.258013 -0.553476 -1.837973 -0.080379 -0.396862 0.046797
 32   -0.802676 -0.093824 3.127092 0.044159 -3.092711 0.195926
 33   14.298673 -0.408176 0.518454 -0.017394 -0.094870 -0.115951
 34   15.835795 0.581398 0.242756 -0.000811 0.023965 0.068310
 35   -0.831494 -0.091229 -3.114430 0.052734 3.300803 -0.139032
 36   14.294526 -0.410349 -0.455822 -0.026190 -0.120146 -0.922692
 37   15.834409 0.579420 -0.284600 0.132731 -0.052557 -0.023436
 38   2.155341 -3.172490 -2.632401 0.047192 -0.352576 0.132882
 39   -4.438210 -0.961101 -0.746180 0.025024 -0.002565 -0.131735
 40   0.102445 -3.731028 3.045878 0.047192 -0.352575 0.132881
 41   -4.453372 -1.152883 0.959566 0.025023 -0.002565 -0.131735
 42   -0.087138 1.693396 -2.719865 -0.049341 0.020425 -0.013927
 43   -0.484375 1.772799 3.189699 0.006459 0.214582 -0.068547
time 45
  0   -0.401123 2.578204 -27.160614 0.000000 0.058410 -1.414606
  1   -1.093036 0.000002 -0.326057 -3.088693 -0.049940 1.521002
  2   2.262337 0.113614 0.064702 0.023079 -0.067269 0.032967
  3   2.380047 0.353302 0.047440 -0.004305 0.245476 0.036220
  4   2.033756 0.190472 -0.000128 -0.003846 0.045110 -0.100973
  5   2.451511 0.204909 -0.003447 -0.054055 0.173399 -0.048974
  6   7.247600 -0.397300 -0.109469 0.008726 -0.002136 0.138299
  7   -2.022252 -0.104661 3.136172 -3.159472 -1.117897 -0.137696
  8   1.168026 -0.537438 -0.063437 0.091991 -0.000588 -0.132087
  9   6.790376 -0.619176 0.015206 -0.311843 -2.222133 0.008677
 10   8.637599 0.544015 -0.090417 1.245145 0.798519 0.092697
 11   6.790465 -0.619039 0.017802 -0.229153 -0.625948 -0.060529
 12   -2.022474 -0.104699 -2.873818 0.289580 1.392420 -2.874219
 13   1.167898 -0.537463 0.063297 0.308671 -1.158767 -0.371835
 14   7.002743 -0.617765 -0.183752 -0.070253 -1.142939 -1.840696
 15   8.209042 0.615527 -0.255885 1.594106 -0.110223 0.214443
 16   7.002735 -0.617911 -0.183641 -0.410141 -0.757594 -0.930596
 17   1.574674 0.609930 -0.000899 0.103950 0.302826 -0.116398
 18   -0.602177 0.511412 -0.000006 0.000000 0.000000 0.000000
 19   3.673773 0.177020 1.119313 -0.000002 -0.000014 -0.174510
 20   3.673767 0.176993 -1.117566 0.000007 -0.000003 -0.174546
 21   2.899356 1.190005 1.518280 0.000002 -0.000011 -0.000026
 22   -0.226528 -0.758005 0.473551 0.000194 -0.057471 0.890061
 23   2.914999 1.182217 -1.611551 0.000019 0.000002 -0.000024
 24   -0.074270 -0.562670 -0.551668 0.000187 -0.057496 0.890104
 25   4.117120 1.989525 1.648862 -0.064423 0.440701 0.014429
 26   4.117138 1.989553 -1.609878 0.071535 -0.408734 -0.041706
 27   3.305099 1.322380 1.487156 -0.000019 -0.000022 -0.000050
 28   3.307528 1.321986 -1.528487 -0.000002 -0.000009 -0.000024
 29   8.824059 0.150544 0.091743 -0.023344 -0.131692 -0.163697
 30   2.306403 -0.611962 1.510874 0.088513 0.523754 -0.014193
 31   2.273638 -0.553476 -1.837973 -0.089710 -0.442940 0.052219
 32   -0.802676 -0.093824 3.127092 0.044159 -3.092711 0.195926
 33   14.298673 -0.408176 0.518454 -0.017394 -0.094870 -0.115951
 34   15.835795 0.581398 0.242756 -0.000811 0.023965 0.068310
 35   -0.831494 -0.091229 -3.114430 0.052734 3.300803 -0.139032
 36   14.294526 -0.410349 -0.455822 -0.026190 -0.120146 -0.922615
 37   15.834409 0.579420 -0.284600 0.132770 -0.052557 -0.023537
 38   2.155341 -3.172490 -2.632401 0.047192 -0.352576 0.132882
 39   -4.438210 -0.961101 -0.746180 0.025060 -0.002565 -0.131903
 40   0.102445 -3.731028 3.045878 0.047192 -0.352575 0.132881
 41   -4.453372 -1.152883 0.959566 0.025059 -0.002565 -0.131903
 42   -0.087138 1.693396 -2.719865 -0.049305 0.020624 -0.013969
 43   -0.484375 1.772799 3.189699 0.006422 0.214410 -0.068547
time 46
  0   -0.401123 2.578204 -27.160614 0.000000 0.058410 -1.414606
  1   -1.093036 0.000002 -0.326057 -3.088693 -0.049940 1.521002
  2   2.262337 0.113614 0.064702 0.023079 -0.067269 0.032967
  3   2.380047 0.353302 0.047440 -0.004305 0.245476 0.036240
  4   2.033756 0.190472 -0.000128 -0.003864 0.045110 -0.100937
  5   2.451511 0.204909 -0.003447 -0.054038 0.173399 -0.049048
  6   7.247600 -0.397300 -0.109469 0.008714 -0.002136 0.138330
  7   -2.022252 -0.104661 3.136172 -3.159472 -1.117897 -0.137696
  8   1.168026 -0.537438 -0.063437 0.091991 -0.000588 -0.132087
  9   6.790376 -0.619176 0.015206 -0.311843 -2.222133 0.008677
 10   8.637599 0.544015 -0.090417 1.245145 0.798519 0.092697
 11   6.790465 -0.619039 0.017802 -0.229153 -0.625920 -0.060529
 12   -2.022474 -0.104699 -2.873818 0.289580 1.392420 -2.874219
 13   1.167898 -0.537463 0.063297 0.308671 -1.158767 -0.371835
 14   7.002743 -0.617765 -0.183752 -0.070139 -1.142882 -1.840861
 15   8.209042 0.615527 -0.255885 1.594106 -0.110223 0.214142
 16   7.002735 -0.617911 -0.183641 -0.410094 -0.757650 -0.930651
 17   1.574674 0.609930 -0.000899 0.103950 0.302826 -0.116398
 18   -0.602177 0.511412 -0.000006 0.000000 0.000000 0.000000
 19   3.673773 0.177020 1.119313 -0.000002 -0.000014 -0.174510
 20   3.677673 0.176993 -1.117566 0.000007 -0.000003 -0.174546
 21   3.422810 1.264226 1.572969 0.000002 -0.000011 -0.000026
 22   -0.238247 -0.382994 0.496989 0.000099 -0.028720 0.445010
 23   3.430640 1.260344 -1.623270 0.000019 0.000002 -0.000024
 24   -0.160210 -0.285318 -0.532136 0.000091 -0.028745 0.445076
 25   4.531195 1.993432 1.637143 -0.032197 0.220350 0.007203
 26   4.531213 1.993460 -1.621597 0.035761 -0.204352 -0.020865
 27   3.109780 1.474729 1.502782 -0.000019 -0.000022 -0.000050
 28   3.112210 1.474335 -1.512861 -0.000002 -0.000009 -0.000024
 29   8.824059 0.150544 0.091743 -0.023344 -0.131502 -0.163697
 30   2.286871 -0.608055 1.542125 0.079306 0.469206 -0.012713
 31   2.258013 -0.553476 -1.837973 -0.080379 -0.396862 0.046797
 32   -0.802676 -0.093824 3.127092 0.044159 -3.092711 0.195926
 33   14.298673 -0.408176 0.518454 -0.017394 -0.094870 -0.115951
 34   15.835795 0.581398 0.242756 -0.000811 0.023965 0.068310
 35   -0.831494 -0.091229 -3.114430 0.052734 3.300803 -0.139032
 36   14.294526 -0.410349 -0.455822 -0.026190 -0.120146 -0.922692
 37   15.834409 0.579420 -0.284600 0.132731 -0.052557 -0.023436
 38   2.155341 -3.172490 -2.632401 0.047192 -0.352576 0.132882
 39   -4.438210 -0.961101 -0.746180 0.025024 -0.002565 -0.131707
 40   0.102445 -3.731028 3.045878 0.047192 -0.352575 0.132881
 41   -4.453372 -1.152883 0.959566 0.025023 -0.002565 -0.131707
 42   -0.087138 1.693396 -2.719865 -0.049341 0.020425 -0.013927
 43   -0.484375 1.772799 3.189699 0.006459 0.214598 -0.068547
time 47
  0   -0.401123 2.578204 -27.160614 0.000000 0.058410 -1.414606
  1   -1.093036 0.000002 -0.326057 -3.088693 -0.049940 1.521002
  2   2.262337 0.113614 0.064702 0.023079 -0.067269 0.032967
  3   2.380047 0.353302 0.047440 -0.004305 0.245476 0.036281
  4   2.033756 0.190472 -0.000128 -0.003883 0.045122 -0.100900
  5   2.451511 0.204909 -0.003447 -0.053952 0.173373 -0.049296
  6   7.247600 -0.397300 -0.109469 0.008666 -0.002124 0.138425
  7   -2.022252 -0.104661 3.136172 -3.159472 -1.117897 -0.137696
  8   1.168026 -0.537438 -0.063437 0.091991 -0.000588 -0.132087
  9   6.790376 -0.619176 0.015206 -0.311843 -2.222133 0.008677
 10   8.637599 0.544015 -0.090417 1.245145 0.798519 0.092697
 11   6.790465 -0.619039 0.017802 -0.229153 -0.625920 -0.060529
 12   -2.022474 -0.104699 -2.873818 0.289580 1.392420 -2.874219
 13   1.167898 -0.537463 0.063297 0.308671 -1.158767 -0.371835
 14   7.002743 -0.617765 -0.183752 -0.069855 -1.142825 -1.841109
 15   8.209042 0.615527 -0.255885 1.594178 -0.110072 0.213300
 16   7.002735 -0.617911 -0.183641 -0.409906 -0.757706 -0.930761
 17   1.574674 0.609930 -0.000899 0.103950 0.302826 -0.116398
 18   -0.602177 0.511412 -0.000006 0.000000 0.000000 0.000000
 19   3.677679 0.177020 1.119313 -0.000002 -0.000014 -0.174510
 20   3.677673 0.176993 -1.117566 0.000007 -0.000003 -0.174546
 21   3.942357 1.334540 1.627658 0.000002 -0.000011 -0.000026
 22   -0.246060 -0.011889 0.516521 -0.000011 0.000031 0.000025
 23   3.942374 1.334565 -1.631083 0.000019 0.000002 -0.000024
 24   -0.246150 -0.011872 -0.516511 -0.000005 -0.000006 0.000048
 25   4.941364 1.997338 1.629330 0.000018 -0.000001 -0.000024
 26   4.941382 1.997366 -1.629410 -0.000001 0.000005 -0.000024
 27   2.914462 1.623171 1.514501 -0.000019 -0.000022 -0.000050
 28   2.920798 1.618870 -1.501142 -0.000002 -0.000009 -0.000024
 29   8.824059 0.150544 0.091743 -0.023255 -0.130909 -0.163751
 30   2.236089 -0.592430 1.608533 0.057352 0.339158 -0.009197
 31   2.218949 -0.557383 -1.841880 -0.058131 -0.287014 0.033842
 32   -0.802676 -0.093824 3.127092 0.044159 -3.092711 0.195926
 33   14.298673 -0.408176 0.518454 -0.017394 -0.094870 -0.115951
 34   15.835795 0.581398 0.242756 -0.000811 0.023965 0.068310
 35   -0.831494 -0.091229 -3.114430 0.052734 3.300803 -0.139032
 36   14.294526 -0.410349 -0.455822 -0.026190 -0.120158 -0.922847
 37   15.834409 0.579420 -0.284600 0.132632 -0.052532 -0.023030
 38   2.155341 -3.172490 -2.632401 0.047192 -0.352576 0.132882
 39   -4.438210 -0.961101 -0.746180 0.024916 -0.002553 -0.131118
 40   0.102445 -3.731028 3.045878 0.047192 -0.352575 0.132881
 41   -4.453372 -1.152883 0.959566 0.024915 -0.002553 -0.131118
 42   -0.087138 1.693396 -2.719865 -0.049448 0.019811 -0.013843
 43   -0.484375 1.772799 3.189699 0.006547 0.215147 -0.068589
time 48
  0   -0.401123 2.578204 -27.160614 0.000000 0.058410 -1.414606
  1   -1.093036 0.000002 -0.326057 -3.088693 -0.049940 1.521002
  2   2.262337 0.113614 0.064702 0.023079 -0.067269 0.032967
  3   2.380047 0.353302 0.047440 -0.004305 0.245488 0.036342
  4   2.033756 0.190472 -0.000128 -0.003901 0.045134 -0.100755
  5   2.451511 0.204909 -0.003447 -0.053850 0.173347 -0.049667
  6   7.247600 -0.397300 -0.109469 0.008606 -0.002100 0.138552
  7   -2.022252 -0.104661 3.136172 -3.159472 -1.117897 -0.137696
  8   1.168026 -0.537438 -0.063437 0.091991 -0.000588 -0.132087
  9   6.790376 -0.619176 0.015206 -0.311843 -2.222133 0.008677
 10   8.637599 0.544015 -0.090417 1.245145 0.798519 0.092697
 11   6.790465 -0.619039 0.017802 -0.229153 -0.625920 -0.060529
 12   -2.022474 -0.104699 -2.873818 0.289580 1.392420 -2.874219
 13   1.167898 -0.537463 0.063297 0.308671 -1.158767 -0.371835
 14   7.002743 -0.617765 -0.183752 -0.069342 -1.142712 -1.841604
 15   8.209042 0.615527 -0.255885 1.594322 -0.109921 0.211857
 16   7.002735 -0.617911 -0.183641 -0.409576 -0.757819 -0.931037
 17   1.574674 0.609930 -0.000899 0.103950 0.302826 -0.116398
 18   -0.602177 0.511412 -0.000006 0.000000 0.000000 0.000000
 19   3.673773 0.177020 1.119313 -0.000002 -0.000014 -0.174510
 20   3.677673 0.176993 -1.117566 0.000007 -0.000003 -0.174546
 21   3.942357 1.334540 1.627658 0.000002 -0.000011 -0.000026
 22   -0.246060 -0.011889 0.516521 -0.000011 0.000031 0.000025
 23   3.942374 1.334565 -1.631083 0.000019 0.000002 -0.000024
 24   -0.246150 -0.011872 -0.516511 -0.000005 -0.000006 0.000048
 25   4.941364 1.997338 1.629330 0.000018 -0.000001 -0.000024
 26   4.941382 1.997366 -1.629410 -0.000001 0.000005 -0.000024
 27   2.914462 1.619264 1.514501 -0.000019 -0.000022 -0.000050
 28   2.916892 1.618870 -1.501142 -0.000002 -0.000009 -0.000024
 29   8.824059 0.150544 0.091743 -0.023077 -0.129959 -0.163858
 30   2.177493 -0.576804 1.690567 0.031140 0.183914 -0.004972
 31   2.175979 -0.561289 -1.849693 -0.031578 -0.155901 0.018375
 32   -0.802676 -0.093824 3.127092 0.044159 -3.092711 0.195926
 33   14.298673 -0.408176 0.518454 -0.017394 -0.094870 -0.115951
 34   15.835795 0.581398 0.242756 -0.000811 0.023965 0.068310
 35   -0.831494 -0.091229 -3.114430 0.052734 3.300803 -0.139032
 36   14.294526 -0.410349 -0.455822 -0.026178 -0.120182 -0.923156
 37   15.834409 0.579420 -0.284600 0.132455 -0.052506 -0.022422
 38   2.155341 -3.172490 -2.632401 0.047192 -0.352576 0.132882
 39   -4.438210 -0.961101 -0.746180 0.024736 -0.002529 -0.130164
 40   0.102445 -3.731028 3.045878 0.047192 -0.352575 0.132881
 41   -4.453372 -1.152883 0.959566 0.024735 -0.002529 -0.130164
 42   -0.087138 1.693396 -2.723771 -0.049628 0.018830 -0.013634
 43   -0.484375 1.772799 3.189699 0.006697 0.216057 -0.068631
time 49
  0   -0.401123 2.578204 -27.160614 0.000000 0.058410 -1.414606
  1   -1.093036 0.000002 -0.326057 -3.088693 -0.049940 1.521002
  2   2.262337 0.113614 0.064702 0.023079 -0.067269 0.032967
  3   2.380047 0.353302 0.047440 -0.004290 0.245500 0.036444
  4   2.033756 0.190472 -0.000128 -0.003938 0.045146 -0.100610
  5   2.451511 0.204909 -0.003447 -0.053678 0.173295 -0.050187
  6   7.247600 -0.397300 -0.109469 0.008522 -0.002088 0.138742
  7   -2.022252 -0.104661 3.136172 -3.159472 -1.117897 -0.137696
  8   1.168026 -0.537438 -0.063437 0.091991 -0.000588 -0.132087
  9   6.790376 -0.619176 0.015206 -0.311843 -2.222133 0.008677
 10   8.637599 0.544015 -0.090417 1.245145 0.798519 0.092697
 11   6.790465 -0.619039 0.017802 -0.229153 -0.625948 -0.060529
 12   -2.022474 -0.104699 -2.873818 0.289580 1.392420 -2.874219
 13   1.167898 -0.537463 0.063297 0.308671 -1.158767 -0.371835
 14   7.002743 -0.617765 -0.183752 -0.068659 -1.142598 -1.842264
 15   8.209042 0.615527 -0.255885 1.594465 -0.109694 0.209993
 16   7.002735 -0.617911 -0.183641 -0.409200 -0.757988 -0.931313
 17   1.574674 0.609930 -0.000899 0.103950 0.302826 -0.116398
 18   -0.602177 0.511412 -0.000006 0.000000 0.000000 0.000000
 19   3.673773 0.177020 1.119313 -0.000002 -0.000014 -0.174510
 20   3.677673 0.176993 -1.117566 0.000007 -0.000003 -0.174546
 21   3.942357 1.334540 1.627658 0.000002 -0.000011 -0.000026
 22   -0.246060 -0.011889 0.516521 -0.000011 0.000031 0.000025
 23   3.942374 1.334565 -1.631083 0.000019 0.000002 -0.000024
 24   -0.246150 -0.011872 -0.516511 -0.000005 -0.000006 0.000048
 25   4.941364 1.997338 1.629330 0.000018 -0.000001 -0.000024
 26   4.941382 1.997366 -1.629410 -0.000001 0.000005 -0.000024
 27   2.914462 1.619264 1.514501 -0.000019 -0.000022 -0.000050
 28   2.920798 1.618870 -1.501142 -0.000002 -0.000009 -0.000024
 29   8.824059 0.150544 0.091743 -0.022810 -0.128630 -0.163965
 30   2.130617 -0.565085 1.756975 0.009186 0.053837 -0.001456
 31   2.136915 -0.561289 -1.853599 -0.009316 -0.046053 0.005420
 32   -0.802676 -0.093824 3.127092 0.044159 -3.092711 0.195926
 33   14.298673 -0.408176 0.518454 -0.017394 -0.094870 -0.115951
 34   15.835795 0.581398 0.242756 -0.000811 0.023965 0.068310
 35   -0.831494 -0.091229 -3.114430 0.052734 3.300803 -0.139032
 36   14.294526 -0.410349 -0.455822 -0.026166 -0.120206 -0.923619
 37   15.834409 0.579420 -0.284600 0.132218 -0.052455 -0.021560
 38   2.155341 -3.172490 -2.632401 0.047192 -0.352576 0.132882
 39   -4.438210 -0.965008 -0.746180 0.024485 -0.002505 -0.128846
 40   0.102445 -3.731028 3.045878 0.047192 -0.352575 0.132881
 41   -4.453372 -1.148976 0.959566 0.024484 -0.002505 -0.128846
 42   -0.087138 1.689489 -2.727678 -0.049868 0.017496 -0.013383
 43   -0.484375 1.772799 3.189699 0.006897 0.217297 -0.068672
time 50
  0   -0.401123 2.578204 -27.160614 0.000000 0.058410 -1.414606
  1   -1.093036 0.000002 -0.326057 -3.088693 -0.049940 1.521002
  2   2.262337 0.113614 0.064702 0.023079 -0.067269 0.032967
  3   2.380047 0.353302 0.047440 -0.004290 0.245512 0.036567
  4   2.033756 0.190472 -0.000128 -0.003994 0.045170 -0.100429
  5   2.451511 0.204909 -0.003447 -0.053473 0.173229 -0.050856
  6   7.247600 -0.397300 -0.109469 0.008414 -0.002052 0.138964
  7   -2.022252 -0.104661 3.136172 -3.159472 -1.117897 -0.137696
  8   1.168026 -0.537438 -0.063437 0.091991 -0.000588 -0.132087
  9   6.790376 -0.619176 0.015206 -0.311843 -2.222133 0.008677
 10   8.637599 0.544015 -0.090417 1.245145 0.798519 0.092697
 11   6.790465 -0.619039 0.017802 -0.229153 -0.625920 -0.060529
 12   -2.022474 -0.104699 -2.873818 0.289580 1.392420 -2.874219
 13   1.167898 -0.537463 0.063297 0.308671 -1.158767 -0.371835
 14   7.002743 -0.617765 -0.183752 -0.067748 -1.142428 -1.843089
 15   8.209042 0.615527 -0.255885 1.594681 -0.109467 0.207587
 16   7.002735 -0.617911 -0.183641 -0.408682 -0.758157 -0.931700
 17   1.574674 0.609930 -0.000899 0.103950 0.302826 -0.116398
 18   -0.602177 0.511412 -0.000006 0.000000 0.000000 0.000000
 19   3.673773 0.177020 1.119313 -0.000002 -0.000014 -0.174510
 20   3.677673 0.176993 -1.117566 0.000007 -0.000003 -0.174546
 21   3.942357 1.334540 1.627658 0.000002 -0.000011 -0.000026
 22   -0.246060 -0.011889 0.516521 -0.000011 0.000031 0.000025
 23   3.942374 1.334565 -1.631083 0.000019 0.000002 -0.000024
 24   -0.246150 -0.011872 -0.516511 -0.000005 -0.000006 0.000048
 25   4.941364 1.997338 1.629330 0.000018 -0.000001 -0.000024
 26   4.941382 1.997366 -1.629410 -0.000001 0.000005 -0.000024
 27   2.914462 1.619264 1.514501 -0.000019 -0.000022 -0.000050
 28   2.920798 1.618870 -1.501142 -0.000002 -0.000009 -0.000024
 29   8.824059 0.150544 0.091743 -0.022542 -0.126992 -0.164073
 30   2.111085 -0.561179 1.784320 -0.000008 -0.000682 0.000024
 31   2.121290 -0.561289 -1.853599 0.000000 0.000000 -0.000002
 32   -0.802676 -0.093824 3.127092 0.044159 -3.092711 0.195926
 33   14.298673 -0.408176 0.518454 -0.017394 -0.094870 -0.115951
 34   15.835795 0.581398 0.242756 -0.000811 0.023965 0.068310
 35   -0.831494 -0.091229 -3.114430 0.052734 3.300803 -0.139032
 36   14.294526 -0.410349 -0.455822 -0.026154 -0.120230 -0.924160
 37   15.834409 0.579420 -0.284600 0.131903 -0.052404 -0.020495
 38   2.155341 -3.172490 -2.632401 0.047192 -0.352576 0.132882
 39   -4.438210 -0.965008 -0.746180 0.024173 -0.002481 -0.127191
 40   0.102445 -3.731028 3.045878 0.047192 -0.352575 0.132881
 41   -4.453372 -1.148976 0.959566 0.024172 -0.002481 -0.127191
 42   -0.087138 1.689489 -2.731584 -0.050167 0.015810 -0.013049
 43   -0.484375 1.772799 3.189699 0.007147 0.218835 -0.068756
time 51
  0   -0.401123 2.578204 -27.160614 0.000000 0.058410 -1.414606
  1   -1.093036 0.000002 -0.326057 -3.088693 -0.049940 1.521002
  2   2.262337 0.113614 0.064702 0.023079 -0.067269 0.032967
  3   2.380047 0.353302 0.047440 -0.004290 0.245536 0.036709
  4   2.033756 0.190472 -0.000128 -0.004049 0.045194 -0.100176
  5   2.451511 0.204909 -0.003447 -0.053233 0.173164 -0.051624
  6   7.247600 -0.397300 -0.109469 0.008282 -0.002028 0.139249
  7   -2.022252 -0.104661 3.136172 -3.159472 -1.117897 -0.137696
  8   1.168026 -0.537438 -0.063437 0.091991 -0.000588 -0.132087
  9   6.790376 -0.619176 0.015206 -0.311843 -2.222133 0.008677
 10   8.637599 0.544015 -0.090417 1.245145 0.798519 0.092697
 11   6.790465 -0.619039 0.017802 -0.229153 -0.625948 -0.060529
 12   -2.022474 -0.104699 -2.873818 0.289580 1.392420 -2.874219
 13   1.167898 -0.537463 0.063297 0.308671 -1.158767 -0.371835
 14   7.002743 -0.617765 -0.183752 -0.066723 -1.142200 -1.844079
 15   8.209042 0.615527 -0.255885 1.594897 -0.109088 0.204700
 16   7.002735 -0.617911 -0.183641 -0.408117 -0.758383 -0.932196
 17   1.574674 0.609930 -0.000899 0.103950 0.302826 -0.116398
 18   -0.602177 0.511412 -0.000006 0.000000 0.000000 0.000000
 19   3.677679 0.177020 1.119313 -0.000002 -0.000014 -0.174510
 20   3.677673 0.176993 -1.117566 0.000007 -0.000003 -0.174546
 21   3.942357 1.334540 1.627658 0.000002 -0.000011 -0.000026
 22   -0.246060 -0.011889 0.516521 -0.000011 0.000031 0.000025
 23   3.942374 1.334565 -1.631083 0.000019 0.000002 -0.000024
 24   -0.246150 -0.011872 -0.516511 -0.000005 -0.000006 0.000048
 25   4.941364 1.997338 1.629330 0.000018 -0.000001 -0.000024
 26   4.941382 1.997366 -1.629410 -0.000001 0.000005 -0.000024
 27   2.914462 1.619264 1.514501 -0.000019 -0.000022 -0.000050
 28   2.920798 1.618870 -1.501142 -0.000002 -0.000009 -0.000024
 29   8.824059 0.150544 0.091743 -0.022186 -0.125045 -0.164234
 30   2.111085 -0.561179 1.784320 -0.000008 -0.000682 0.000024
 31   2.121290 -0.561289 -1.853599 0.000000 0.000000 -0.000002
 32   -0.802676 -0.093824 3.127092 0.044159 -3.092711 0.195926
 33   14.298673 -0.408176 0.518454 -0.017394 -0.094870 -0.115951
 34   15.835795 0.581398 0.242756 -0.000811 0.023965 0.068310
 35   -0.831494 -0.091229 -3.114430 0.052734 3.300803 -0.139032
 36   14.294526 -0.410349 -0.455822 -0.026130 -0.120266 -0.924778
 37   15.834409 0.579420 -0.284600 0.131548 -0.052352 -0.019228
 38   2.155341 -3.172490 -2.632401 0.047192 -0.352576 0.132882
 39   -4.438210 -0.965008 -0.746180 0.023789 -0.002433 -0.125228
 40   0.102445 -3.731028 3.045878 0.047192 -0.352575 0.132881
 41   -4.453372 -1.148976 0.959566 0.023788 -0.002433 -0.125228
 42   -0.087138 1.689489 -2.735490 -0.050527 0.013801 -0.012630
 43   -0.484375 1.772799 3.189699 0.007459 0.220686 -0.068840
time 52
  0   -0.401123 2.578204 -27.160614 0.000000 0.058410 -1.414606
  1   -1.093036 0.000002 -0.326057 -3.088693 -0.049940 1.521002
  2   2.262337 0.113614 0.064702 0.023079 -0.067269 0.032967
  3   2.380047 0.353302 0.047440 -0.004290 0.245560 0.036893
  4   2.033756 0.190472 -0.000128 -0.004104 0.045230 -0.099922
  5   2.451511 0.204909 -0.003447 -0.052960 0.173073 -0.052515
  6   7.247600 -0.397300 -0.109469 0.008127 -0.001992 0.139566
  7   -2.022252 -0.104661 3.136172 -3.159472 -1.117897 -0.137696
  8   1.168026 -0.537438 -0.063437 0.091991 -0.000588 -0.132087
  9   6.790376 -0.619176 0.015206 -0.311843 -2.222133 0.008677
 10   8.637599 0.544015 -0.090417 1.245145 0.798519 0.092697
 11   6.790465 -0.619039 0.017802 -0.229153 -0.625920 -0.060529
 12   -2.022474 -0.104699 -2.873818 0.289580 1.392420 -2.874219
 13   1.167898 -0.537463 0.063297 0.308671 -1.158767 -0.371835
 14   7.002743 -0.617765 -0.183752 -0.065528 -1.141973 -1.845234
 15   8.209042 0.615527 -0.255885 1.595113 -0.108710 0.201453
 16   7.002735 -0.617911 -0.183641 -0.407411 -0.758665 -0.932748
 17   1.574674 0.609930 -0.000899 0.103950 0.302826 -0.116398
 18   -0.602177 0.511412 -0.000006 0.000000 0.000000 0.000000
 19   3.677679 0.177020 1.119313 -0.000002 -0.000014 -0.174510
 20   3.677673 0.176993 -1.117566 0.000007 -0.000003 -0.174546
 21   3.942357 1.334540 1.627658 0.000002 -0.000011 -0.000026
 22   -0.246060 -0.011889 0.516521 -0.000011 0.000031 0.000025
 23   3.942374 1.334565 -1.631083 0.000019 0.000002 -0.000024
 24   -0.246150 -0.011872 -0.516511 -0.000005 -0.000006 0.000048
 25   4.941364 1.997338 1.629330 0.000018 -0.000001 -0.000024
 26   4.941382 1.997366 -1.629410 -0.000001 0.000005 -0.000024
 27   2.914462 1.619264 1.514501 -0.000019 -0.000022 -0.000050
 28   2.920798 1.618870 -1.501142 -0.000002 -0.000009 -0.000024
 29   8.824059 0.150544 0.091743 -0.021829 -0.122767 -0.164448
 30   2.111085 -0.561179 1.784320 -0.000008 -0.000682 0.000024
 31   2.121290 -0.561289 -1.853599 0.000000 0.000000 -0.000002
 32   -0.802676 -0.093824 3.127092 0.044159 -3.092711 0.195926
 33   14.298673 -0.408176 0.518454 -0.017394 -0.094870 -0.115951
 34   15.835795 0.581398 0.242756 -0.000811 0.023965 0.068310
 35   -0.831494 -0.091229 -3.114430 0.052734 3.300803 -0.139032
 36   14.294526 -0.410349 -0.455822 -0.026106 -0.120313 -0.925473
 37   15.834409 0.579420 -0.284600 0.131135 -0.052276 -0.017808
 38   2.155341 -3.172490 -2.632401 0.047192 -0.352576 0.132882
 39   -4.438210 -0.968914 -0.746180 0.023370 -0.002397 -0.122956
 40   0.102445 -3.731028 3.045878 0.047192 -0.352575 0.132881
 41   -4.453372 -1.145070 0.959566 0.023369 -0.002397 -0.122956
 42   -0.083232 1.689489 -2.739397 -0.050935 0.011501 -0.012170
 43   -0.484375 1.772799 3.189699 0.007809 0.222820 -0.068965
time 53
  0   -0.401123 2.578204 -27.160614 0.000000 0.058410 -1.414606
  1   -1.093036 0.000002 -0.326057 -3.088693 -0.049940 1.521002
  2   2.262337 0.113614 0.064702 0.023079 -0.067269 0.032967
  3   2.380047 0.353302 0.047440 -0.004275 0.245584 0.037077
  4   2.033756 0.190472 -0.000128 -0.004178 0.045266 -0.099632
  5   2.451511 0.204909 -0.003447 -0.052651 0.172981 -0.053530
  6   7.247600 -0.397300 -0.109469 0.007959 -0.001945 0.139914
  7   -2.022252 -0.104661 3.136172 -3.159472 -1.117897 -0.137696
  8   1.168026 -0.537438 -0.063437 0.091991 -0.000588 -0.132087
  9   6.790376 -0.619176 0.015206 -0.311843 -2.222133 0.008677
 10   8.637599 0.544015 -0.090417 1.245145 0.798519 0.092697
 11   6.790465 -0.619039 0.017802 -0.229153 -0.625948 -0.060529
 12   -2.022474 -0.104699 -2.873818 0.289580 1.392420 -2.874219
 13   1.167898 -0.537463 0.063297 0.308671 -1.158767 -0.371835
 14   7.002743 -0.617765 -0.183752 -0.064161 -1.141689 -1.846554
 15   8.209042 0.615527 -0.255885 1.595400 -0.108256 0.197785
 16   7.002735 -0.617911 -0.183641 -0.406611 -0.758947 -0.933355
 17   1.574674 0.609930 -0.000899 0.103950 0.302826 -0.116398
 18   -0.602177 0.511412 -0.000006 0.000000 0.000000 0.000000
 19   3.673773 0.177020 1.119313 -0.000002 -0.000014 -0.174510
 20   3.677673 0.176993 -1.117566 0.000007 -0.000003 -0.174546
 21   3.942357 1.334540 1.627658 0.000002 -0.000011 -0.000026
 22   -0.246060 -0.011889 0.516521 -0.000011 0.000031 0.000025
 23   3.942374 1.334565 -1.631083 0.000019 0.000002 -0.000024
 24   -0.246150 -0.011872 -0.516511 -0.000005 -0.000006 0.000048
 25   4.941364 1.997338 1.629330 0.000018 -0.000001 -0.000024
 26   4.941382 1.997366 -1.629410 -0.000001 0.000005 -0.000024
 27   2.914462 1.619264 1.514501 -0.000019 -0.000022 -0.000050
 28   2.920798 1.618870 -1.501142 -0.000002 -0.000009 -0.000024
 29   8.824059 0.150544 0.091743 -0.021294 -0.120250 -0.164663
 30   2.111085 -0.561179 1.784320 -0.000008 -0.000682 0.000024
 31   2.121290 -0.561289 -1.853599 0.000000 0.000000 -0.000002
 32   -0.802676 -0.093824 3.127092 0.044159 -3.092711 0.195926
 33   14.298673 -0.408176 0.518454 -0.017394 -0.094870 -0.115951
 34   15.835795 0.581398 0.242756 -0.000811 0.023965 0.068310
 35   -0.831494 -0.091229 -3.114430 0.052734 3.300803 -0.139032
 36   14.294526 -0.410349 -0.455822 -0.026082 -0.120349 -0.926323
 37   15.834409 0.579420 -0.284600 0.130682 -0.052199 -0.016135
 38   2.155341 -3.172490 -2.632401 0.047192 -0.352576 0.132882
 39   -4.438210 -0.968914 -0.746180 0.022879 -0.002349 -0.120404
 40   0.102445 -3.731028 3.045878 0.047192 -0.352575 0.132881
 41   -4.453372 -1.145070 0.959566 0.022878 -0.002349 -0.120404
 42   -0.083232 1.685583 -2.747210 -0.051402 0.008895 -0.011668
 43   -0.484375 1.772799 3.189699 0.008196 0.225205 -0.069091
time 54
  0   -0.401123 2.578204 -27.160614 0.000000 0.058410 -1.414606
  1   -1.093036 0.000002 -0.326057 -3.088693 -0.049940 1.521002
  2   2.262337 0.113614 0.064702 0.023079 -0.067269 0.032967
  3   2.380047 0.353302 0.047440 -0.004275 0.245608 0.037281
  4   2.033756 0.190472 -0.000128 -0.004252 0.045302 -0.099306
  5   2.451511 0.204909 -0.003447 -0.052309 0.172877 -0.054645
  6   7.247600 -0.397300 -0.109469 0.007779 -0.001897 0.140326
  7   -2.022252 -0.104661 3.136172 -3.159472 -1.117897 -0.137696
  8   1.168026 -0.537438 -0.063437 0.091991 -0.000588 -0.132087
  9   6.790376 -0.619176 0.015206 -0.311843 -2.222133 0.008677
 10   8.637599 0.544015 -0.090417 1.245145 0.798519 0.092697
 11   6.790465 -0.619039 0.017802 -0.229153 -0.625948 -0.060529
 12   -2.022474 -0.104699 -2.873818 0.289580 1.392420 -2.874219
 13   1.167898 -0.537463 0.063297 0.308671 -1.158767 -0.371835
 14   7.002743 -0.617765 -0.183752 -0.062681 -1.141405 -1.847957
 15   8.209042 0.615527 -0.255885 1.595760 -0.107802 0.193695
 16   7.002735 -0.617911 -0.183641 -0.405763 -0.759285 -0.934018
 17   1.574674 0.609930 -0.000899 0.103950 0.302826 -0.116398
 18   -0.602177 0.511412 -0.000006 0.000000 0.000000 0.000000
 19   3.673773 0.177020 1.119313 -0.000002 -0.000014 -0.174510
 20   3.677673 0.176993 -1.117566 0.000007 -0.000003 -0.174546
 21   3.942357 1.334540 1.627658 0.000002 -0.000011 -0.000026
 22   -0.246060 -0.011889 0.516521 -0.000011 0.000031 0.000025
 23   3.942374 1.334565 -1.631083 0.000019 0.000002 -0.000024
 24   -0.246150 -0.011872 -0.516511 -0.000005 -0.000006 0.000048
 25   4.941364 1.997338 1.629330 0.000018 -0.000001 -0.000024
 26   4.941382 1.997366 -1.629410 -0.000001 0.000005 -0.000024
 27   2.914462 1.619264 1.514501 -0.000019 -0.000022 -0.000050
 28   2.920798 1.618870 -1.501142 -0.000002 -0.000009 -0.000024
 29   8.824059 0.150544 0.091743 -0.020849 -0.117449 -0.164877
 30   2.111085 -0.561179 1.784320 -0.000008 -0.000682 0.000024
 31   2.121290 -0.561289 -1.853599 0.000000 0.000000 -0.000002
 32   -0.802676 -0.093824 3.127092 0.044159 -3.092711 0.195926
 33   14.298673 -0.408176 0.518454 -0.017394 -0.094870 -0.115951
 34   15.835795 0.581398 0.242756 -0.000811 0.023965 0.068310
 35   -0.831494 -0.091229 -3.114430 0.052734 3.300803 -0.139032
 36   14.294526 -0.410349 -0.455822 -0.026058 -0.120409 -0.927250
 37   15.834409 0.579420 -0.284600 0.130169 -0.052122 -0.014360
 38   2.155341 -3.172490 -2.632401 0.047192 -0.352576 0.132882
 39   -4.438210 -0.972820 -0.746180 0.022351 -0.002289 -0.117599
 40   0.102445 -3.731028 3.045878 0.047192 -0.352575 0.132881
 41   -4.453372 -1.141164 0.959566 0.022350 -0.002289 -0.117599
 42   -0.083232 1.685583 -2.755022 -0.051917 0.006043 -0.011125
 43   -0.484375 1.772799 3.189699 0.008633 0.227842 -0.069216
time 55
  0   -0.401123 2.578204 -27.160614 0.000000 0.058410 -1.414606
  1   -1.093036 0.000002 -0.326057 -3.088693 -0.049940 1.521002
  2   2.262337 0.113614 0.064702 0.023079 -0.067269 0.032967
  3   2.380047 0.353302 0.047440 -0.004260 0.245644 0.037505
  4   2.033756 0.190472 -0.000128 -0.004326 0.045338 -0.098943
  5   2.451511 0.204909 -0.003447 -0.051933 0.172772 -0.055858
  6   7.247600 -0.397300 -0.109469 0.007575 -0.001849 0.140738
  7   -2.022252 -0.104661 3.136172 -3.159472 -1.117897 -0.137696
  8   1.168026 -0.537438 -0.063437 0.091991 -0.000588 -0.132087
  9   6.790376 -0.619176 0.015206 -0.311843 -2.222133 0.008677
 10   8.637599 0.544015 -0.090417 1.245145 0.798519 0.092697
 11   6.790465 -0.619039 0.017802 -0.229153 -0.625920 -0.060529
 12   -2.022474 -0.104699 -2.873818 0.289580 1.392420 -2.874219
 13   1.167898 -0.537463 0.063297 0.308671 -1.158767 -0.371835
 14   7.002743 -0.617765 -0.183752 -0.061087 -1.141065 -1.849524
 15   8.209042 0.615527 -0.255885 1.596047 -0.107273 0.189305
 16   7.002735 -0.617911 -0.183641 -0.404822 -0.759624 -0.934735
 17   1.574674 0.609930 -0.000899 0.103950 0.302826 -0.116398
 18   -0.602177 0.511412 -0.000006 0.000000 0.000000 0.000000
 19   3.673773 0.177020 1.119313 -0.000002 -0.000014 -0.174510
 20   3.677673 0.176993 -1.117566 0.000007 -0.000003 -0.174546
 21   3.942357 1.334540 1.627658 0.000002 -0.000011 -0.000026
 22   -0.246060 -0.011889 0.516521 -0.000011 0.000031 0.000025
 23   3.942374 1.334565 -1.631083 0.000019 0.000002 -0.000024
 24   -0.246150 -0.011872 -0.516511 -0.000005 -0.000006 0.000048
 25   4.941364 1.997338 1.629330 0.000018 -0.000001 -0.000024
 26   4.941382 1.997366 -1.629410 -0.000001 0.000005 -0.000024
 27   2.914462 1.619264 1.514501 -0.000019 -0.000022 -0.000050
 28   2.920798 1.618870 -1.501142 -0.000002 -0.000009 -0.000024
 29   8.824059 0.150544 0.091743 -0.020314 -0.114411 -0.165146
 30   2.111085 -0.561179 1.784320 -0.000008 -0.000682 0.000024
 31   2.121290 -0.561289 -1.853599 0.000000 0.000000 -0.000002
 32   -0.802676 -0.093824 3.127092 0.044159 -3.092711 0.195926
 33   14.298673 -0.408176 0.518454 -0.017394 -0.094870 -0.115951
 34   15.835795 0.581398 0.242756 -0.000811 0.023965 0.068310
 35   -0.831494 -0.091229 -3.114430 0.052734 3.300803 -0.139032
 36   14.294526 -0.410349 -0.455822 -0.026022 -0.120457 -0.928177
 37   15.834409 0.579420 -0.284600 0.129618 -0.052020 -0.012383
 38   2.155341 -3.172490 -2.632401 0.047192 -0.352576 0.132882
 39   -4.438210 -0.972820 -0.746180 0.021764 -0.002229 -0.114570
 40   0.102445 -3.731028 3.045878 0.047192 -0.352575 0.132881
 41   -4.453372 -1.141164 0.959566 0.021763 -0.002229 -0.114570
 42   -0.083232 1.685583 -2.762835 -0.052469 0.002946 -0.010497
 43   -0.484375 1.772799 3.189699 0.009096 0.230697 -0.069383
time 56
  0   -0.401123 2.578204 -27.160614 0.000000 0.058410 -1.414606
  1   -1.093036 0.000002 -0.326057 -3.088693 -0.049940 1.521002
  2   2.262337 0.113614 0.064702 0.023079 -0.067269 0.032967
  3   2.380047 0.353302 0.047440 -0.004260 0.245680 0.037750
  4   2.033756 0.190472 -0.000128 -0.004418 0.045386 -0.098544
  5   2.451511 0.204909 -0.003447 -0.051539 0.172655 -0.057146
  6   7.247600 -0.397300 -0.109469 0.007360 -0.001789 0.141213
  7   -2.022252 -0.104661 3.136172 -3.159472 -1.117897 -0.137696
  8   1.168026 -0.537438 -0.063437 0.091991 -0.000588 -0.132087
  9   6.790376 -0.619176 0.015206 -0.311843 -2.222133 0.008677
 10   8.637599 0.544015 -0.090417 1.245145 0.798519 0.092697
 11   6.790465 -0.619039 0.017802 -0.229153 -0.625920 -0.060529
 12   -2.022474 -0.104699 -2.873818 0.289580 1.392420 -2.874219
 13   1.167898 -0.537463 0.063297 0.308671 -1.158767 -0.371835
 14   7.002743 -0.617765 -0.183752 -0.059322 -1.140724 -1.851175
 15   8.209042 0.615527 -0.255885 1.596407 -0.106743 0.184554
 16   7.002735 -0.617911 -0.183641 -0.403833 -0.759962 -0.935508
 17   1.574674 0.609930 -0.000899 0.103950 0.302826 -0.116398
 18   -0.602177 0.511412 -0.000006 0.000000 0.000000 0.000000
 19   3.677679 0.177020 1.119313 -0.000002 -0.000014 -0.174510
 20   3.677673 0.176993 -1.117566 0.000007 -0.000003 -0.174546
 21   3.942357 1.334540 1.627658 0.000002 -0.000011 -0.000026
 22   -0.246060 -0.011889 0.516521 -0.000011 0.000031 0.000025
 23   3.942374 1.334565 -1.631083 0.000019 0.000002 -0.000024
 24   -0.246150 -0.011872 -0.516511 -0.000005 -0.000006 0.000048
 25   4.941364 1.997338 1.629330 0.000018 -0.000001 -0.000024
 26   4.941382 1.997366 -1.629410 -0.000001 0.000005 -0.000024
 27   2.914462 1.619264 1.514501 -0.000019 -0.000022 -0.000050
 28   2.920798 1.618870 -1.501142 -0.000002 -0.000009 -0.000024
 29   8.824059 0.150544 0.091743 -0.019690 -0.111159 -0.165414
 30   2.111085 -0.561179 1.784320 -0.000008 -0.000682 0.000024
 31   2.121290 -0.561289 -1.853599 0.000000 0.000000 -0.000002
 32   -0.802676 -0.093824 3.127092 0.044159 -3.092711 0.195926
 33   14.298673 -0.408176 0.518454 -0.017394 -0.094870 -0.115951
 34   15.835795 0.581398 0.242756 -0.000811 0.023965 0.068310
 35   -0.831494 -0.091229 -3.114430 0.052734 3.300803 -0.139032
 36   14.294526 -0.410349 -0.455822 -0.025998 -0.120517 -0.929258
 37   15.834409 0.579420 -0.284600 0.129007 -0.051943 -0.010304
 38   2.155341 -3.172490 -2.632401 0.047192 -0.352576 0.132882
 39   -4.442117 -0.976727 -0.746180 0.021153 -0.002169 -0.111289
 40   0.102445 -3.731028 3.045878 0.047192 -0.352575 0.132881
 41   -4.449465 -1.137257 0.959566 0.021152 -0.002169 -0.111289
 42   -0.083232 1.681677 -2.770648 -0.053068 -0.000381 -0.009828
 43   -0.484375 1.772799 3.189699 0.009595 0.233773 -0.069551
time 57
  0   -0.401123 2.578204 -27.160614 0.000000 0.058410 -1.414606
  1   -1.093036 0.000002 -0.326057 -3.088693 -0.049940 1.521002
  2   2.262337 0.113614 0.064702 0.023079 -0.067269 0.032967
  3   2.380047 0.353302 0.047440 -0.004245 0.245716 0.038015
  4   2.033756 0.190472 -0.000128 -0.004528 0.045434 -0.098146
  5   2.451511 0.204909 -0.003447 -0.051111 0.172524 -0.058533
  6   7.247600 -0.397300 -0.109469 0.007132 -0.001741 0.141688
  7   -2.022252 -0.104661 3.136172 -3.159472 -1.117897 -0.137696
  8   1.168026 -0.537438 -0.063437 0.091991 -0.000588 -0.132087
  9   6.790376 -0.619176 0.015206 -0.311843 -2.222133 0.008677
 10   8.637599 0.544015 -0.090417 1.245145 0.798519 0.092697
 11   6.790465 -0.619039 0.017802 -0.229153 -0.625948 -0.060529
 12   -2.022474 -0.104699 -2.873818 0.289580 1.392420 -2.874219
 13   1.167898 -0.537463 0.063297 0.308671 -1.158767 -0.371835
 14   7.002743 -0.617765 -0.183752 -0.057500 -1.140326 -1.852907
 15   8.209042 0.615527 -0.255885 1.596838 -0.106138 0.179503
 16   7.002735 -0.617911 -0.183641 -0.402797 -0.760413 -0.936336
 17   1.574674 0.609930 -0.000899 0.103950 0.302826 -0.116398
 18   -0.602177 0.511412 -0.000006 0.000000 0.000000 0.000000
 19   3.673773 0.177020 1.119313 -0.000002 -0.000014 -0.174510
 20   3.677673 0.176993 -1.117566 0.000007 -0.000003 -0.174546
 21   3.942357 1.334540 1.627658 0.000002 -0.000011 -0.000026
 22   -0.246060 -0.011889 0.516521 -0.000011 0.000031 0.000025
 23   3.942374 1.334565 -1.631083 0.000019 0.000002 -0.000024
 24   -0.246150 -0.011872 -0.516511 -0.000005 -0.000006 0.000048
 25   4.941364 1.997338 1.629330 0.000018 -0.000001 -0.000024
 26   4.941382 1.997366 -1.629410 -0.000001 0.000005 -0.000024
 27   2.914462 1.619264 1.514501 -0.000019 -0.000022 -0.000050
 28   2.920798 1.618870 -1.501142 -0.000002 -0.000009 -0.000024
 29   8.824059 0.150544 0.091743 -0.019066 -0.107693 -0.165682
 30   2.111085 -0.561179 1.784320 -0.000008 -0.000682 0.000024
 31   2.121290 -0.561289 -1.853599 0.000000 0.000000 -0.000002
 32   -0.802676 -0.093824 3.127092 0.044159 -3.092711 0.195926
 33   14.298673 -0.408176 0.518454 -0.017394 -0.094870 -0.115951
 34   15.835795 0.581398 0.242756 -0.000811 0.023965 0.068310
 35   -0.831494 -0.091229 -3.114430 0.052734 3.300803 -0.139032
 36   14.294526 -0.410349 -0.455822 -0.025962 -0.120589 -0.930417
 37   15.834409 0.579420 -0.284600 0.128376 -0.051815 -0.008023
 38   2.155341 -3.172490 -2.632401 0.047192 -0.352576 0.132882
 39   -4.442117 -0.980633 -0.746180 0.020494 -0.002097 -0.107839
 40   0.102445 -3.731028 3.045878 0.047192 -0.352575 0.132881
 41   -4.449465 -1.133351 0.959566 0.020493 -0.002097 -0.107839
 42   -0.083232 1.681677 -2.778461 -0.053703 -0.003908 -0.009159
 43   -0.484375 1.772799 3.189699 0.010133 0.237037 -0.069718
time 58
  0   -0.401123 2.578204 -27.160614 0.000000 0.058410 -1.414606
  1   -1.093036 0.000002 -0.326057 -3.088693 -0.049940 1.521002
  2   2.262337 0.113614 0.064702 0.023079 -0.067269 0.032967
  3   2.380047 0.353302 0.047440 -0.004245 0.245752 0.038281
  4   2.033756 0.190472 -0.000128 -0.004621 0.045482 -0.097711
  5   2.451511 0.204909 -0.003447 -0.050666 0.172394 -0.059994
  6   7.247600 -0.397300 -0.109469 0.006892 -0.001681 0.142195
  7   -2.022252 -0.104661 3.136172 -3.159472 -1.117897 -0.137696
  8   1.168026 -0.537438 -0.063437 0.091991 -0.000588 -0.132087
  9   6.790376 -0.619176 0.015206 -0.311843 -2.222133 0.008677
 10   8.637599 0.544015 -0.090417 1.245145 0.798519 0.092697
 11   6.790465 -0.619039 0.017802 -0.229153 -0.625920 -0.060529
 12   -2.022474 -0.104699 -2.873818 0.289580 1.392420 -2.874219
 13   1.167898 -0.537463 0.063297 0.308671 -1.158767 -0.371835
 14   7.002743 -0.617765 -0.183752 -0.055565 -1.139929 -1.854805
 15   8.209042 0.615527 -0.255885 1.597198 -0.105457 0.174211
 16   7.002735 -0.617911 -0.183641 -0.401668 -0.760808 -0.937219
 17   1.574674 0.609930 -0.000899 0.103950 0.302826 -0.116398
 18   -0.602177 0.511412 -0.000006 0.000000 0.000000 0.000000
 19   3.673773 0.177020 1.119313 -0.000002 -0.000014 -0.174510
 20   3.677673 0.176993 -1.117566 0.000007 -0.000003 -0.174546
 21   3.942357 1.334540 1.627658 0.000002 -0.000011 -0.000026
 22   -0.246060 -0.011889 0.516521 -0.000011 0.000031 0.000025
 23   3.942374 1.334565 -1.631083 0.000019 0.000002 -0.000024
 24   -0.246150 -0.011872 -0.516511 -0.000005 -0.000006 0.000048
 25   4.941364 1.997338 1.629330 0.000018 -0.000001 -0.000024
 26   4.941382 1.997366 -1.629410 -0.000001 0.000005 -0.000024
 27   2.914462 1.619264 1.514501 -0.000019 -0.000022 -0.000050
 28   2.920798 1.618870 -1.501142 -0.000002 -0.000009 -0.000024
 29   8.824059 0.150544 0.091743 -0.018443 -0.104061 -0.166004
 30   2.111085 -0.561179 1.784320 -0.000008 -0.000682 0.000024
 31   2.121290 -0.561289 -1.853599 0.000000 0.000000 -0.000002
 32   -0.802676 -0.093824 3.127092 0.044159 -3.092711 0.195926
 33   14.298673 -0.408176 0.518454 -0.017394 -0.094870 -0.115951
 34   15.835795 0.581398 0.242756 -0.000811 0.023965 0.068310
 35   -0.831494 -0.091229 -3.114430 0.052734 3.300803 -0.139032
 36   14.294526 -0.410349 -0.455822 -0.025926 -0.120649 -0.931575
 37   15.834409 0.579420 -0.284600 0.127726 -0.051713 -0.005690
 38   2.155341 -3.172490 -2.632401 0.047192 -0.352576 0.132882
 39   -4.442117 -0.980633 -0.746180 0.019799 -0.002025 -0.104165
 40   0.102445 -3.731028 3.045878 0.047192 -0.352575 0.132881
 41   -4.449465 -1.133351 0.959566 0.019798 -0.002025 -0.104165
 42   -0.083232 1.677770 -2.786273 -0.054362 -0.007649 -0.008406
 43   -0.484375 1.772799 3.189699 0.010695 0.240473 -0.069885
time 59
  0   -0.401123 2.578204 -27.160614 0.000000 0.058410 -1.414606
  1   -1.093036 0.000002 -0.326057 -3.088693 -0.049940 1.521002
  2   2.262337 0.113614 0.064702 0.023079 -0.067269 0.032967
  3   2.380047 0.353302 0.047440 -0.004230 0.245788 0.038566
  4   2.033756 0.190472 -0.000128 -0.004731 0.045530 -0.097276
  5   2.451511 0.204909 -0.003447 -0.050204 0.172250 -0.061505
  6   7.247600 -0.397300 -0.109469 0.006628 -0.001609 0.142733
  7   -2.022252 -0.104661 3.136172 -3.159472 -1.117897 -0.137696
  8   1.168026 -0.537438 -0.063437 0.091991 -0.000588 -0.132087
  9   6.790376 -0.619176 0.015206 -0.311843 -2.222133 0.008677
 10   8.637599 0.544015 -0.090417 1.245145 0.798519 0.092697
 11   6.790465 -0.619039 0.017802 -0.229153 -0.625948 -0.060529
 12   -2.022474 -0.104699 -2.873818 0.289580 1.392420 -2.874219
 13   1.167898 -0.537463 0.063297 0.308671 -1.158767 -0.371835
 14   7.002743 -0.617765 -0.183752 -0.053515 -1.139532 -1.856702
 15   8.209042 0.615527 -0.255885 1.597557 -0.104776 0.168678
 16   7.002735 -0.617911 -0.183641 -0.400491 -0.761259 -0.938102
 17   1.574674 0.609930 -0.000899 0.103950 0.302826 -0.116398
 18   -0.602177 0.511412 -0.000006 0.000000 0.000000 0.000000
 19   3.673773 0.177020 1.119313 -0.000002 -0.000014 -0.174510
 20   3.673767 0.176993 -1.117566 0.000007 -0.000003 -0.174546
 21   3.942357 1.334540 1.627658 0.000002 -0.000011 -0.000026
 22   -0.246060 -0.011889 0.516521 -0.000011 0.000031 0.000025
 23   3.942374 1.334565 -1.631083 0.000019 0.000002 -0.000024
 24   -0.246150 -0.011872 -0.516511 -0.000005 -0.000006 0.000048
 25   4.941364 1.997338 1.629330 0.000018 -0.000001 -0.000024
 26   4.941382 1.997366 -1.629410 -0.000001 0.000005 -0.000024
 27   2.914462 1.619264 1.514501 -0.000019 -0.000022 -0.000050
 28   2.920798 1.618870 -1.501142 -0.000002 -0.000009 -0.000024
 29   8.824059 0.150544 0.091743 -0.017819 -0.100239 -0.166272
 30   2.111085 -0.561179 1.784320 -0.000008 -0.000682 0.000024
 31   2.121290 -0.561289 -1.853599 0.000000 0.000000 -0.000002
 32   -0.802676 -0.093824 3.127092 0.044159 -3.092711 0.195926
 33   14.298673 -0.408176 0.518454 -0.017394 -0.094870 -0.115951
 34   15.835795 0.581398 0.242756 -0.000811 0.023965 0.068310
 35   -0.831494 -0.091229 -3.114430 0.052734 3.300803 -0.139032
 36   14.294526 -0.410349 -0.455822 -0.025890 -0.120721 -0.932811
 37   15.834409 0.579420 -0.284600 0.127017 -0.051585 -0.003206
 38   2.155341 -3.172490 -2.632401 0.047192 -0.352576 0.132882
 39   -4.442117 -0.984539 -0.746180 0.019067 -0.001953 -0.100351
 40   0.102445 -3.731028 3.045878 0.047192 -0.352575 0.132881
 41   -4.449465 -1.129445 0.959566 0.019066 -0.001953 -0.100351
 42   -0.083232 1.677770 -2.797992 -0.055057 -0.011543 -0.007653
 43   -0.484375 1.772799 3.189699 0.011295 0.244066 -0.070094
time 60
  0   -0.401123 2.578204 -27.160614 0.000000 0.058410 -1.414606
  1   -1.093036 0.000002 -0.326057 -3.088693 -0.049940 1.521002
  2   2.262337 0.113614 0.064702 0.023079 -0.067269 0.032967
  3   2.380047 0.353302 0.047440 -0.004230 0.245824 0.038872
  4   2.033756 0.190472 -0.000128 -0.004842 0.045589 -0.096805
  5   2.451511 0.204909 -0.003447 -0.049724 0.172107 -0.063090
  6   7.247600 -0.397300 -0.109469 0.006377 -0.001549 0.143303
  7   -2.022252 -0.104661 3.136172 -3.159472 -1.117897 -0.137696
  8   1.168026 -0.537438 -0.063437 0.091991 -0.000588 -0.132087
  9   6.790376 -0.619176 0.015206 -0.311843 -2.222133 0.008677
 10   8.637599 0.544015 -0.090417 1.245145 0.798519 0.092697
 11   6.790465 -0.619039 0.017802 -0.229153 -0.625920 -0.060529
 12   -2.022474 -0.104699 -2.873818 0.289580 1.392420 -2.874219
 13   1.167898 -0.537463 0.063297 0.308671 -1.158767 -0.371835
 14   7.002743 -0.617765 -0.183752 -0.051408 -1.139077 -1.858765
 15   8.209042 0.615527 -0.255885 1.597989 -0.104095 0.162905
 16   7.002735 -0.617911 -0.183641 -0.399267 -0.761710 -0.939040
 17   1.574674 0.609930 -0.000899 0.103950 0.302826 -0.116398
 18   -0.602177 0.511412 -0.000006 0.000000 0.000000 0.000000
 19   3.677679 0.177020 1.119313 -0.000002 -0.000014 -0.174510
 20   3.677673 0.176993 -1.117566 0.000007 -0.000003 -0.174546
 21   3.942357 1.334540 1.627658 0.000002 -0.000011 -0.000026
 22   -0.246060 -0.011889 0.516521 -0.000011 0.000031 0.000025
 23   3.942374 1.334565 -1.631083 0.000019 0.000002 -0.000024
 24   -0.246150 -0.011872 -0.516511 -0.000005 -0.000006 0.000048
 25   4.941364 1.997338 1.629330 0.000018 -0.000001 -0.000024
 26   4.941382 1.997366 -1.629410 -0.000001 0.000005 -0.000024
 27   2.914462 1.619264 1.514501 -0.000019 -0.000022 -0.000050
 28   2.920798 1.618870 -1.501142 -0.000002 -0.000009 -0.000024
 29   8.824059 0.150544 0.091743 -0.017106 -0.096275 -0.166594
 30   2.111085 -0.561179 1.784320 -0.000008 -0.000682 0.000024
 31   2.121290 -0.561289 -1.853599 0.000000 0.000000 -0.000002
 32   -0.802676 -0.093824 3.127092 0.044159 -3.092711 0.195926
 33   14.298673 -0.408176 0.518454 -0.017394 -0.094870 -0.115951
 34   15.835795 0.581398 0.242756 -0.000811 0.023965 0.068310
 35   -0.831494 -0.091229 -3.114430 0.052734 3.300803 -0.139032
 36   14.294526 -0.410349 -0.455822 -0.025854 -0.120793 -0.934124
 37   15.834409 0.579420 -0.284600 0.126288 -0.051482 -0.000671
 38   2.155341 -3.172490 -2.632401 0.047192 -0.352576 0.132882
 39   -4.442117 -0.988446 -0.746180 0.018312 -0.001870 -0.096368
 40   0.102445 -3.731028 3.045878 0.047192 -0.352575 0.132881
 41   -4.449465 -1.125538 0.959566 0.018311 -0.001870 -0.096368
 42   -0.083232 1.673864 -2.805805 -0.055788 -0.015591 -0.006859
 43   -0.484375 1.772799 3.189699 0.011907 0.247801 -0.070262
time 61
  0   -0.401123 2.578204 -27.160614 0.000000 0.058410 -1.414606
  1   -1.093036 0.000002 -0.326057 -3.088693 -0.049940 1.521002
  2   2.262337 0.113614 0.064702 0.023079 -0.067269 0.032967
  3   2.380047 0.353302 0.047440 -0.004215 0.245872 0.039179
  4   2.033756 0.190472 -0.000128 -0.004953 0.045637 -0.096297
  5   2.451511 0.204909 -0.003447 -0.049211 0.171950 -0.064700
  6   7.247600 -0.397300 -0.109469 0.006101 -0.001477 0.143874
  7   -2.022252 -0.104661 3.136172 -3.159472 -1.117897 -0.137696
  8   1.168026 -0.537438 -0.063437 0.091991 -0.000588 -0.132087
  9   6.790376 -0.619176 0.015206 -0.311843 -2.222133 0.008677
 10   8.637599 0.544015 -0.090417 1.245145 0.798519 0.092697
 11   6.790465 -0.619039 0.017802 -0.229153 -0.625920 -0.060529
 12   -2.022474 -0.104699 -2.873818 0.289580 1.392420 -2.874219
 13   1.167898 -0.537463 0.063297 0.308671 -1.158767 -0.371835
 14   7.002743 -0.617765 -0.183752 -0.049245 -1.138623 -1.860828
 15   8.209042 0.615527 -0.255885 1.598420 -0.103338 0.156951
 16   7.002735 -0.617911 -0.183641 -0.398043 -0.762161 -0.940034
 17   1.574674 0.609930 -0.000899 0.103950 0.302826 -0.116398
 18   -0.602177 0.511412 -0.000006 0.000000 0.000000 0.000000
 19   3.677679 0.177020 1.119313 -0.000002 -0.000014 -0.174510
 20   3.677673 0.176993 -1.117566 0.000007 -0.000003 -0.174546
 21   3.942357 1.334540 1.627658 0.000002 -0.000011 -0.000026
 22   -0.246060 -0.011889 0.516521 -0.000011 0.000031 0.000025
 23   3.942374 1.334565 -1.631083 0.000019 0.000002 -0.000024
 24   -0.246150 -0.011872 -0.516511 -0.000005 -0.000006 0.000048
 25   4.941364 1.997338 1.629330 0.000018 -0.000001 -0.000024
 26   4.941382 1.997366 -1.629410 -0.000001 0.000005 -0.000024
 27   2.914462 1.619264 1.514501 -0.000019 -0.000022 -0.000050
 28   2.920798 1.618870 -1.501142 -0.000002 -0.000009 -0.000024
 29   8.824059 0.150544 0.091743 -0.016304 -0.092192 -0.166970
 30   2.111085 -0.561179 1.784320 -0.000008 -0.000682 0.000024
 31   2.121290 -0.561289 -1.853599 0.000000 0.000000 -0.000002
 32   -0.802676 -0.093824 3.127092 0.044159 -3.092711 0.195926
 33   14.298673 -0.408176 0.518454 -0.017394 -0.094870 -0.115951
 34   15.835795 0.581398 0.242756 -0.000811 0.023965 0.068310
 35   -0.831494 -0.091229 -3.114430 0.052734 3.300803 -0.139032
 36   14.294526 -0.410349 -0.455822 -0.025806 -0.120865 -0.935438
 37   15.834409 0.579420 -0.284600 0.125559 -0.051354 0.001966
 38   2.155341 -3.172490 -2.632401 0.047192 -0.352576 0.132882
 39   -4.442117 -0.988446 -0.746180 0.017533 -0.001798 -0.092273
 40   0.102445 -3.731028 3.045878 0.047192 -0.352575 0.132881
 41   -4.449465 -1.125538 0.959566 0.017532 -0.001798 -0.092273
 42   -0.083232 1.673864 -2.817524 -0.056531 -0.019777 -0.006022
 43   -0.484375 1.772799 3.189699 0.012532 0.251645 -0.070471
time 62
  0   -0.401123 2.578204 -27.160614 0.000000 0.058410 -1.414606
  1   -1.093036 0.000002 -0.326057 -3.088693 -0.049940 1.521002
  2   2.262337 0.113614 0.064702 0.023079 -0.067269 0.032967
  3   2.380047 0.353302 0.047440 -0.004200 0.245908 0.039485
  4   2.033756 0.190472 -0.000128 -0.005063 0.045697 -0.095826
  5   2.451511 0.204909 -0.003447 -0.048697 0.171806 -0.066384
  6   7.247600 -0.397300 -0.109469 0.005826 -0.001405 0.144475
  7   -2.022252 -0.104661 3.136172 -3.159472 -1.117897 -0.137696
  8   1.168026 -0.537438 -0.063437 0.091991 -0.000588 -0.132087
  9   6.790376 -0.619176 0.015206 -0.311843 -2.222133 0.008677
 10   8.637599 0.544015 -0.090417 1.245145 0.798519 0.092697
 11   6.790465 -0.619039 0.017802 -0.229153 -0.625948 -0.060529
 12   -2.022474 -0.104699 -2.873818 0.289580 1.392420 -2.874219
 13   1.167898 -0.537463 0.063297 0.308671 -1.158767 -0.371835
 14   7.002743 -0.617765 -0.183752 -0.047025 -1.138226 -1.862973
 15   8.209042 0.615527 -0.255885 1.598780 -0.102582 0.150878
 16   7.002735 -0.617911 -0.183641 -0.396772 -0.762668 -0.941027
 17   1.574674 0.609930 -0.000899 0.103950 0.302826 -0.116398
 18   -0.602177 0.511412 -0.000006 0.000000 0.000000 0.000000
 19   3.677679 0.177020 1.119313 -0.000002 -0.000014 -0.174510
 20   3.677673 0.176993 -1.117566 0.000007 -0.000003 -0.174546
 21   3.942357 1.334540 1.627658 0.000002 -0.000011 -0.000026
 22   -0.246060 -0.011889 0.516521 -0.000011 0.000031 0.000025
 23   3.942374 1.334565 -1.631083 0.000019 0.000002 -0.000024
 24   -0.246150 -0.011872 -0.516511 -0.000005 -0.000006 0.000048
 25   4.941364 1.997338 1.629330 0.000018 -0.000001 -0.000024
 26   4.941382 1.997366 -1.629410 -0.000001 0.000005 -0.000024
 27   2.914462 1.619264 1.514501 -0.000019 -0.000022 -0.000050
 28   2.920798 1.618870 -1.501142 -0.000002 -0.000009 -0.000024
 29   8.824059 0.150544 0.091743 -0.015591 -0.087990 -0.167292
 30   2.111085 -0.561179 1.784320 -0.000008 -0.000682 0.000024
 31   2.121290 -0.561289 -1.853599 0.000000 0.000000 -0.000002
 32   -0.802676 -0.093824 3.127092 0.044159 -3.092711 0.195926
 33   14.298673 -0.408176 0.518454 -0.017394 -0.094870 -0.115951
 34   15.835795 0.581398 0.242756 -0.000811 0.023965 0.068310
 35   -0.831494 -0.091229 -3.114430 0.052734 3.300803 -0.139032
 36   14.294526 -0.410349 -0.455822 -0.025770 -0.120949 -0.936751
 37   15.834409 0.579420 -0.284600 0.124791 -0.051201 0.004704
 38   2.155341 -3.172490 -2.632401 0.047192 -0.352576 0.132882
 39   -4.446023 -0.992352 -0.746180 0.016730 -0.001714 -0.088038
 40   0.102445 -3.731028 3.045878 0.047192 -0.352575 0.132881
 41   -4.445559 -1.121632 0.959566 0.016729 -0.001714 -0.088038
 42   -0.079325 1.669957 -2.825337 -0.057310 -0.024070 -0.005186
 43   -0.484375 1.772799 3.189699 0.013181 0.255615 -0.070680
time 63
  0   -0.401123 2.578204 -27.160614 0.000000 0.058410 -1.414606
  1   -1.093036 0.000002 -0.326057 -3.088693 -0.049940 1.521002
  2   2.262337 0.113614 0.064702 0.023079 -0.067269 0.032967
  3   2.380047 0.353302 0.047440 -0.004200 0.245956 0.039811
  4   2.033756 0.190472 -0.000128 -0.005192 0.045757 -0.095318
  5   2.451511 0.204909 -0.003447 -0.048184 0.171637 -0.068093
  6   7.247600 -0.397300 -0.109469 0.005538 -0.001333 0.145077
  7   -2.022252 -0.104661 3.136172 -3.159472 -1.117897 -0.137696
  8   1.168026 -0.537438 -0.063437 0.091991 -0.000588 -0.132087
  9   6.790376 -0.619176 0.015206 -0.311843 -2.222133 0.008677
 10   8.637599 0.544015 -0.090417 1.245145 0.798519 0.092697
 11   6.790465 -0.619039 0.017802 -0.229153 -0.625948 -0.060529
 12   -2.022474 -0.104699 -2.873818 0.289580 1.392420 -2.874219
 13   1.167898 -0.537463 0.063297 0.308671 -1.158767 -0.371835
 14   7.002743 -0.617765 -0.183752 -0.044747 -1.137715 -1.865118
 15   8.209042 0.615527 -0.255885 1.599211 -0.101825 0.144623
 16   7.002735 -0.617911 -0.183641 -0.395453 -0.763176 -0.942076
 17   1.574674 0.609930 -0.000899 0.103950 0.302826 -0.116398
 18   -0.602177 0.511412 -0.000006 0.000000 0.000000 0.000000
 19   3.677679 0.177020 1.119313 -0.000002 -0.000014 -0.174510
 20   3.677673 0.176993 -1.117566 0.000007 -0.000003 -0.174546
 21   3.942357 1.334540 1.627658 0.000002 -0.000011 -0.000026
 22   -0.246060 -0.011889 0.516521 -0.000011 0.000031 0.000025
 23   3.942374 1.334565 -1.631083 0.000019 0.000002 -0.000024
 24   -0.246150 -0.011872 -0.516511 -0.000005 -0.000006 0.000048
 25   4.941364 1.997338 1.629330 0.000018 -0.000001 -0.000024
 26   4.941382 1.997366 -1.629410 -0.000001 0.000005 -0.000024
 27   2.914462 1.623171 1.514501 -0.000019 -0.000022 -0.000050
 28   2.920798 1.618870 -1.501142 -0.000002 -0.000009 -0.000024
 29   8.824059 0.150544 0.091743 -0.014788 -0.083694 -0.167667
 30   2.111085 -0.561179 1.784320 -0.000008 -0.000682 0.000024
 31   2.121290 -0.561289 -1.853599 0.000000 0.000000 -0.000002
 32   -0.802676 -0.093824 3.127092 0.044159 -3.092711 0.195926
 33   14.298673 -0.408176 0.518454 -0.017394 -0.094870 -0.115951
 34   15.835795 0.581398 0.242756 -0.000811 0.023965 0.068310
 35   -0.831494 -0.091229 -3.114430 0.052734 3.300803 -0.139032
 36   14.294526 -0.410349 -0.455822 -0.025722 -0.121033 -0.938141
 37   15.834409 0.579420 -0.284600 0.124002 -0.051073 0.007492
 38   2.155341 -3.172490 -2.632401 0.047192 -0.352576 0.132882
 39   -4.446023 -0.996258 -0.746180 0.015916 -0.001630 -0.083747
 40   0.102445 -3.731028 3.045878 0.047192 -0.352575 0.132881
 41   -4.445559 -1.117725 0.959566 0.015915 -0.001630 -0.083747
 42   -0.079325 1.669957 -2.837056 -0.058089 -0.028470 -0.004308
 43   -0.484375 1.772799 3.189699 0.013843 0.259664 -0.070889
time 64
  0   -0.401123 2.578204 -27.160614 0.000000 0.058410 -1.414606
  1   -1.093036 0.000002 -0.326057 -3.088693 -0.049940 1.521002
  2   2.262337 0.113614 0.064702 0.023079 -0.067269 0.032967
  3   2.380047 0.353302 0.047440 -0.004185 0.245992 0.040138
  4   2.033756 0.190472 -0.000128 -0.005303 0.045817 -0.094775
  5   2.451511 0.204909 -0.003447 -0.047636 0.171480 -0.069826
  6   7.247600 -0.397300 -0.109469 0.005250 -0.001261 0.145679
  7   -2.022252 -0.104661 3.136172 -3.159472 -1.117897 -0.137696
  8   1.168026 -0.537438 -0.063437 0.091991 -0.000588 -0.132087
  9   6.790376 -0.619176 0.015206 -0.311843 -2.222066 0.008677
 10   8.637599 0.544015 -0.090417 1.245145 0.798519 0.092697
 11   6.790465 -0.619039 0.017802 -0.229153 -0.625948 -0.060529
 12   -2.022474 -0.104699 -2.873818 0.289580 1.392420 -2.874219
 13   1.167898 -0.537463 0.063297 0.308671 -1.158767 -0.371835
 14   7.002743 -0.617765 -0.183752 -0.042413 -1.137260 -1.867346
 15   8.209042 0.615527 -0.255885 1.599642 -0.100993 0.138309
 16   7.002735 -0.617911 -0.183641 -0.394088 -0.763683 -0.943069
 17   1.574674 0.609930 -0.000899 0.103950 0.302826 -0.116398
 18   -0.602177 0.511412 -0.000006 0.000000 0.000000 0.000000
 19   3.677679 0.177020 1.119313 -0.000002 -0.000014 -0.174510
 20   3.677673 0.176993 -1.117566 0.000007 -0.000003 -0.174546
 21   3.942357 1.334540 1.627658 0.000002 -0.000011 -0.000026
 22   -0.246060 -0.011889 0.516521 -0.000011 0.000031 0.000025
 23   3.942374 1.334565 -1.631083 0.000019 0.000002 -0.000024
 24   -0.246150 -0.011872 -0.516511 -0.000005 -0.000006 0.000048
 25   4.941364 1.997338 1.629330 0.000018 -0.000001 -0.000024
 26   4.941382 1.997366 -1.629410 -0.000001 0.000005 -0.000024
 27   2.914462 1.619264 1.514501 -0.000019 -0.000022 -0.000050
 28   2.920798 1.618870 -1.501142 -0.000002 -0.000009 -0.000024
 29   8.824059 0.150544 0.091743 -0.014075 -0.079326 -0.168043
 30   2.111085 -0.561179 1.784320 -0.000008 -0.000682 0.000024
 31   2.121290 -0.561289 -1.853599 0.000000 0.000000 -0.000002
 32   -0.802676 -0.093824 3.127092 0.044159 -3.092711 0.195926
 33   14.298673 -0.408176 0.518454 -0.017394 -0.094870 -0.115951
 34   15.835795 0.581398 0.242756 -0.000811 0.023965 0.068310
 35   -0.831494 -0.091229 -3.114430 0.052734 3.300803 -0.139032
 36   14.294526 -0.410349 -0.455822 -0.025686 -0.121104 -0.939609
 37   15.834409 0.579420 -0.284600 0.123195 -0.050945 0.010281
 38   2.155341 -3.172490 -2.632401 0.047192 -0.352576 0.132882
 39   -4.446023 -1.000165 -0.746180 0.015077 -0.001546 -0.079372
 40   0.102445 -3.731028 3.045878 0.047192 -0.352575 0.132881
 41   -4.445559 -1.113819 0.959566 0.015076 -0.001546 -0.079372
 42   -0.079325 1.666051 -2.848775 -0.058892 -0.032932 -0.003429
 43   -0.484375 1.772799 3.189699 0.014518 0.263775 -0.071098
time 65
  0   -0.401123 2.578204 -27.160614 0.000000 0.058410 -1.414606
  1   -1.093036 0.000002 -0.326057 -3.088693 -0.049940 1.521002
  2   2.262337 0.113614 0.064702 0.023079 -0.067269 0.032967
  3   2.380047 0.353302 0.047440 -0.004170 0.246040 0.040464
  4   2.033756 0.190472 -0.000128 -0.005432 0.045877 -0.094267
  5   2.451511 0.204909 -0.003447 -0.047106 0.171323 -0.071609
  6   7.247600 -0.397300 -0.109469 0.004951 -0.001189 0.146313
  7   -2.022252 -0.104661 3.136172 -3.159472 -1.117897 -0.137696
  8   1.168026 -0.537438 -0.063437 0.091991 -0.000588 -0.132087
  9   6.790376 -0.619176 0.015206 -0.311843 -2.222133 0.008677
 10   8.637599 0.544015 -0.090417 1.245145 0.798519 0.092697
 11   6.790465 -0.619039 0.017802 -0.229153 -0.625920 -0.060529
 12   -2.022474 -0.104699 -2.873818 0.289580 1.392420 -2.874219
 13   1.167898 -0.537463 0.063297 0.308671 -1.158767 -0.371835
 14   7.002743 -0.617765 -0.183752 -0.040022 -1.136806 -1.869656
 15   8.209042 0.615527 -0.255885 1.600074 -0.100236 0.131874
 16   7.002735 -0.617911 -0.183641 -0.392723 -0.764191 -0.944173
 17   1.574674 0.609930 -0.000899 0.103950 0.302826 -0.116398
 18   -0.602177 0.511412 -0.000006 0.000000 0.000000 0.000000
 19   3.677679 0.177020 1.119313 -0.000002 -0.000014 -0.174510
 20   3.677673 0.176993 -1.117566 0.000007 -0.000003 -0.174546
 21   3.942357 1.334540 1.627658 0.000002 -0.000011 -0.000026
 22   -0.246060 -0.011889 0.516521 -0.000011 0.000031 0.000025
 23   3.942374 1.334565 -1.631083 0.000019 0.000002 -0.000024
 24   -0.246150 -0.011872 -0.516511 -0.000005 -0.000006 0.000048
 25   4.941364 1.997338 1.629330 0.000018 -0.000001 -0.000024
 26   4.941382 1.997366 -1.629410 -0.000001 0.000005 -0.000024
 27   2.914462 1.619264 1.514501 -0.000019 -0.000022 -0.000050
 28   2.920798 1.618870 -1.501142 -0.000002 -0.000009 -0.000024
 29   8.824059 0.150544 0.091743 -0.013273 -0.074911 -0.168364
 30   2.111085 -0.561179 1.784320 -0.000008 -0.000682 0.000024
 31   2.121290 -0.561289 -1.853599 0.000000 0.000000 -0.000002
 32   -0.802676 -0.093824 3.127092 0.044159 -3.092711 0.195926
 33   14.298673 -0.408176 0.518454 -0.017394 -0.094870 -0.115951
 34   15.835795 0.581398 0.242756 -0.000811 0.023965 0.068310
 35   -0.831494 -0.091229 -3.114430 0.052734 3.300803 -0.139032
 36   14.294526 -0.410349 -0.455822 -0.025638 -0.121188 -0.940999
 37   15.834409 0.579420 -0.284600 0.122387 -0.050817 0.013171
 38   2.155341 -3.172490 -2.632401 0.047192 -0.352576 0.132882
 39   -4.446023 -1.004071 -0.746180 0.014238 -0.001450 -0.074912
 40   0.102445 -3.731028 3.045878 0.047192 -0.352575 0.132881
 41   -4.445559 -1.109913 0.959566 0.014237 -0.001450 -0.074912
 42   -0.079325 1.666051 -2.860494 -0.059695 -0.037455 -0.002551
 43   -0.484375 1.772799 3.189699 0.015205 0.267949 -0.071307
time 66
  0   -0.401123 2.578204 -27.160614 0.000000 0.058410 -1.414606
  1   -1.093036 0.000002 -0.326057 -3.088693 -0.049940 1.521002
  2   2.262337 0.113614 0.064702 0.023079 -0.067269 0.032967
  3   2.380047 0.353302 0.047440 -0.004170 0.246087 0.040811
  4   2.033756 0.190472 -0.000128 -0.005561 0.045937 -0.093724
  5   2.451511 0.204909 -0.003447 -0.046558 0.171154 -0.073368
  6   7.247600 -0.397300 -0.109469 0.004651 -0.001118 0.146946
  7   -2.022252 -0.104661 3.136172 -3.159472 -1.117897 -0.137696
  8   1.168026 -0.537438 -0.063437 0.091991 -0.000588 -0.132087
  9   6.790376 -0.619176 0.015206 -0.311843 -2.222066 0.008677
 10   8.637599 0.544015 -0.090417 1.245145 0.798519 0.092697
 11   6.790465 -0.619039 0.017802 -0.229153 -0.625948 -0.060529
 12   -2.022474 -0.104699 -2.873818 0.289580 1.392420 -2.874219
 13   1.167898 -0.537463 0.063297 0.308671 -1.158767 -0.371835
 14   7.002743 -0.617765 -0.183752 -0.037631 -1.136295 -1.871884
 15   8.209042 0.615527 -0.255885 1.600433 -0.099404 0.125379
 16   7.002735 -0.617911 -0.183641 -0.391358 -0.764698 -0.945222
 17   1.574674 0.609930 -0.000899 0.103950 0.302826 -0.116398
 18   -0.602177 0.511412 -0.000006 0.000000 0.000000 0.000000
 19   3.677679 0.177020 1.119313 -0.000002 -0.000014 -0.174510
 20   3.677673 0.176993 -1.117566 0.000007 -0.000003 -0.174546
 21   3.942357 1.334540 1.627658 0.000002 -0.000011 -0.000026
 22   -0.246060 -0.011889 0.516521 -0.000011 0.000031 0.000025
 23   3.942374 1.334565 -1.631083 0.000019 0.000002 -0.000024
 24   -0.246150 -0.011872 -0.516511 -0.000005 -0.000006 0.000048
 25   4.941364 1.997338 1.629330 0.000018 -0.000001 -0.000024
 26   4.941382 1.997366 -1.629410 -0.000001 0.000005 -0.000024
 27   2.914462 1.619264 1.514501 -0.000019 -0.000022 -0.000050
 28   2.920798 1.618870 -1.501142 -0.000002 -0.000009 -0.000024
 29   8.824059 0.150544 0.091743 -0.012471 -0.070448 -0.168740
 30   2.111085 -0.561179 1.784320 -0.000008 -0.000682 0.000024
 31   2.121290 -0.561289 -1.853599 0.000000 0.000000 -0.000002
 32   -0.802676 -0.093824 3.127092 0.044159 -3.092711 0.195926
 33   14.298673 -0.408176 0.518454 -0.017394 -0.094870 -0.115951
 34   15.835795 0.581398 0.242756 -0.000811 0.023965 0.068310
 35   -0.831494 -0.091229 -3.114430 0.052734 3.300803 -0.139032
 36   14.294526 -0.410349 -0.455822 -0.025602 -0.121272 -0.942467
 37   15.834409 0.579420 -0.284600 0.121579 -0.050663 0.016061
 38   2.155341 -3.172490 -2.632401 0.047192 -0.352576 0.132882
 39   -4.446023 -1.004071 -0.746180 0.013387 -0.001366 -0.070453
 40   0.102445 -3.731028 3.045878 0.047192 -0.352575 0.132881
 41   -4.445559 -1.109913 0.959566 0.013386 -0.001366 -0.070453
 42   -0.079325 1.662145 -2.868307 -0.060522 -0.042024 -0.001673
 43   -0.484375 1.772799 3.189699 0.015892 0.272154 -0.071558
time 67
  0   -0.401123 2.578204 -27.160614 0.000000 0.058410 -1.414606
  1   -1.093036 0.000002 -0.326057 -3.088693 -0.049940 1.521002
  2   2.262337 0.113614 0.064702 0.023079 -0.067269 0.032967
  3   2.380047 0.353302 0.047440 -0.004155 0.246135 0.041137
  4   2.033756 0.190472 -0.000128 -0.005672 0.045997 -0.093216
  5   2.451511 0.204909 -0.003447 -0.046010 0.170997 -0.075151
  6   7.247600 -0.397300 -0.109469 0.004363 -0.001046 0.147580
  7   -2.022252 -0.104661 3.136172 -3.159472 -1.117897 -0.137696
  8   1.168026 -0.537438 -0.063437 0.091991 -0.000588 -0.132087
  9   6.790376 -0.619176 0.015206 -0.311843 -2.222133 0.008677
 10   8.637599 0.544015 -0.090417 1.245145 0.798519 0.092697
 11   6.790465 -0.619039 0.017802 -0.229153 -0.625948 -0.060529
 12   -2.022474 -0.104699 -2.873818 0.289580 1.392420 -2.874219
 13   1.167898 -0.537463 0.063297 0.308671 -1.158767 -0.371835
 14   7.002743 -0.617765 -0.183752 -0.035240 -1.135841 -1.874194
 15   8.209042 0.615527 -0.255885 1.600865 -0.098496 0.118885
 16   7.002735 -0.617911 -0.183641 -0.389993 -0.765206 -0.946271
 17   1.574674 0.609930 -0.000899 0.103950 0.302826 -0.116398
 18   -0.602177 0.511412 -0.000006 0.000000 0.000000 0.000000
 19   3.677679 0.177020 1.119313 -0.000002 -0.000014 -0.174510
 20   3.677673 0.176993 -1.117566 0.000007 -0.000003 -0.174546
 21   3.942357 1.334540 1.627658 0.000002 -0.000011 -0.000026
 22   -0.246060 -0.011889 0.516521 -0.000011 0.000031 0.000025
 23   3.942374 1.334565 -1.631083 0.000019 0.000002 -0.000024
 24   -0.246150 -0.011872 -0.516511 -0.000005 -0.000006 0.000048
 25   4.941364 1.997338 1.629330 0.000018 -0.000001 -0.000024
 26   4.941382 1.997366 -1.629410 -0.000001 0.000005 -0.000024
 27   2.914462 1.619264 1.514501 -0.000019 -0.000022 -0.000050
 28   2.920798 1.618870 -1.501142 -0.000002 -0.000009 -0.000024
 29   8.824059 0.150544 0.091743 -0.011669 -0.065962 -0.169116
 30   2.111085 -0.561179 1.784320 -0.000008 -0.000682 0.000024
 31   2.121290 -0.561289 -1.853599 0.000000 0.000000 -0.000002
 32   -0.802676 -0.093824 3.127092 0.044159 -3.092711 0.195926
 33   14.298673 -0.408176 0.518454 -0.017394 -0.094870 -0.115951
 34   15.835795 0.581398 0.242756 -0.000811 0.023965 0.068310
 35   -0.831494 -0.091229 -3.114430 0.052734 3.300803 -0.139032
 36   14.294526 -0.410349 -0.455822 -0.025554 -0.121356 -0.943934
 37   15.834409 0.579420 -0.284600 0.120752 -0.050535 0.018951
 38   2.155341 -3.172490 -2.632401 0.047192 -0.352576 0.132882
 39   -4.449929 -1.007978 -0.746180 0.012536 -0.001282 -0.065938
 40   0.102445 -3.731028 3.045878 0.047192 -0.352575 0.132881
 41   -4.441652 -1.106006 0.959566 0.012535 -0.001282 -0.065938
 42   -0.079325 1.662145 -2.880026 -0.061337 -0.046608 -0.000753
 43   -0.484375 1.772799 3.189699 0.016592 0.276375 -0.071767
time 68
  0   -0.401123 2.578204 -27.160614 0.000000 0.058410 -1.414606
  1   -1.093036 0.000002 -0.326057 -3.088693 -0.049940 1.521002
  2   2.262337 0.113614 0.064702 0.023079 -0.067269 0.032967
  3   2.380047 0.353302 0.047440 -0.004140 0.246171 0.041464
  4   2.033756 0.190472 -0.000128 -0.005801 0.046057 -0.092672
  5   2.451511 0.204909 -0.003447 -0.045462 0.170827 -0.076934
  6   7.247600 -0.397300 -0.109469 0.004064 -0.000974 0.148213
  7   -2.022252 -0.104661 3.136172 -3.159472 -1.117897 -0.137696
  8   1.168026 -0.537438 -0.063437 0.091991 -0.000588 -0.132087
  9   6.790376 -0.619176 0.015206 -0.311843 -2.222133 0.008677
 10   8.637599 0.544015 -0.090417 1.245145 0.798519 0.092697
 11   6.790465 -0.619039 0.017802 -0.229153 -0.625948 -0.060529
 12   -2.022474 -0.104699 -2.873818 0.289580 1.392420 -2.874219
 13   1.167898 -0.537463 0.063297 0.308671 -1.158767 -0.371835
 14   7.002743 -0.617765 -0.183752 -0.032848 -1.135329 -1.876504
 15   8.209042 0.615527 -0.255885 1.601224 -0.097664 0.112390
 16   7.002735 -0.617911 -0.183641 -0.388627 -0.765713 -0.947374
 17   1.574674 0.609930 -0.000899 0.103950 0.302826 -0.116398
 18   -0.602177 0.511412 -0.000006 0.000000 0.000000 0.000000
 19   3.677679 0.177020 1.119313 -0.000002 -0.000014 -0.174510
 20   3.677673 0.176993 -1.117566 0.000007 -0.000003 -0.174546
 21   3.942357 1.334540 1.627658 0.000002 -0.000011 -0.000026
 22   -0.246060 -0.011889 0.516521 -0.000011 0.000031 0.000025
 23   3.942374 1.334565 -1.631083 0.000019 0.000002 -0.000024
 24   -0.246150 -0.011872 -0.516511 -0.000005 -0.000006 0.000048
 25   4.941364 1.997338 1.629330 0.000018 -0.000001 -0.000024
 26   4.941382 1.997366 -1.629410 -0.000001 0.000005 -0.000024
 27   2.914462 1.619264 1.514501 -0.000019 -0.000022 -0.000050
 28   2.920798 1.618870 -1.501142 -0.000002 -0.000009 -0.000024
 29   8.824059 0.150544 0.091743 -0.010867 -0.061475 -0.169491
 30   2.111085 -0.561179 1.784320 -0.000008 -0.000682 0.000024
 31   2.121290 -0.561289 -1.853599 0.000000 0.000000 -0.000002
 32   -0.802676 -0.093824 3.127092 0.044159 -3.092711 0.195926
 33   14.298673 -0.408176 0.518454 -0.017394 -0.094870 -0.115951
 34   15.835795 0.581398 0.242756 -0.000811 0.023965 0.068310
 35   -0.831494 -0.091229 -3.114430 0.052734 3.300803 -0.139032
 36   14.294526 -0.410349 -0.455822 -0.025507 -0.121440 -0.945402
 37   15.834409 0.579420 -0.284600 0.119944 -0.050382 0.021841
 38   2.155341 -3.172490 -2.632401 0.047192 -0.352576 0.132882
 39   -4.449929 -1.011884 -0.746180 0.011673 -0.001198 -0.061450
 40   0.102445 -3.731028 3.045878 0.047192 -0.352575 0.132881
 41   -4.441652 -1.102100 0.959566 0.011672 -0.001198 -0.061450
 42   -0.079325 1.658238 -2.891745 -0.062152 -0.051193 0.000125
 43   -0.484375 1.772799 3.189699 0.017279 0.280596 -0.071976
time 69
  0   -0.401123 2.578204 -27.160614 0.000000 0.058410 -1.414606
  1   -1.093036 0.000002 -0.326057 -3.088693 -0.049940 1.521002
  2   2.262337 0.113614 0.064702 0.023079 -0.067269 0.032967
  3   2.380047 0.353302 0.047440 -0.004140 0.246219 0.041811
  4   2.033756 0.190472 -0.000128 -0.005930 0.046117 -0.092165
  5   2.451511 0.204909 -0.003447 -0.044915 0.170657 -0.078717
  6   7.247600 -0.397300 -0.109469 0.003764 -0.000890 0.148847
  7   -2.022252 -0.104661 3.136172 -3.159472 -1.117897 -0.137696
  8   1.168026 -0.537438 -0.063437 0.091991 -0.000588 -0.132087
  9   6.790376 -0.619176 0.015206 -0.311843 -2.222133 0.008677
 10   8.637599 0.544015 -0.090417 1.245145 0.798519 0.092697
 11   6.790465 -0.619039 0.017802 -0.229153 -0.625948 -0.060529
 12   -2.022474 -0.104699 -2.873818 0.289580 1.392420 -2.874219
 13   1.167898 -0.537463 0.063297 0.308671 -1.158767 -0.371835
 14   7.002743 -0.617765 -0.183752 -0.030514 -1.134875 -1.878731
 15   8.209042 0.615527 -0.255885 1.601584 -0.096832 0.105895
 16   7.002735 -0.617911 -0.183641 -0.387262 -0.766221 -0.948423
 17   1.574674 0.609930 -0.000899 0.103950 0.302826 -0.116398
 18   -0.602177 0.511412 -0.000006 0.000000 0.000000 0.000000
 19   3.677679 0.177020 1.119313 -0.000002 -0.000014 -0.174510
 20   3.677673 0.176993 -1.117566 0.000007 -0.000003 -0.174546
 21   3.942357 1.334540 1.627658 0.000002 -0.000011 -0.000026
 22   -0.246060 -0.011889 0.516521 -0.000011 0.000031 0.000025
 23   3.942374 1.334565 -1.631083 0.000019 0.000002 -0.000024
 24   -0.246150 -0.011872 -0.516511 -0.000005 -0.000006 0.000048
 25   4.941364 1.997338 1.629330 0.000018 -0.000001 -0.000024
 26   4.941382 1.997366 -1.629410 -0.000001 0.000005 -0.000024
 27   2.914462 1.619264 1.514501 -0.000019 -0.000022 -0.000050
 28   2.920798 1.618870 -1.501142 -0.000002 -0.000009 -0.000024
 29   8.824059 0.150544 0.091743 -0.010065 -0.057012 -0.169867
 30   2.111085 -0.561179 1.784320 -0.000008 -0.000682 0.000024
 31   2.121290 -0.561289 -1.853599 0.000000 0.000000 -0.000002
 32   -0.802676 -0.093824 3.127092 0.044159 -3.092711 0.195926
 33   14.298673 -0.408176 0.518454 -0.017394 -0.094870 -0.115951
 34   15.835795 0.581398 0.242756 -0.000811 0.023965 0.068310
 35   -0.831494 -0.091229 -3.114430 0.052734 3.300803 -0.139032
 36   14.294526 -0.410349 -0.455822 -0.025471 -0.121524 -0.946870
 37   15.834409 0.579420 -0.284600 0.119116 -0.050254 0.024731
 38   2.155341 -3.172490 -2.632401 0.047192 -0.352576 0.132882
 39   -4.449929 -1.015790 -0.746180 0.010822 -0.001103 -0.056991
 40   0.102445 -3.731028 3.045878 0.047192 -0.352575 0.132881
 41   -4.441652 -1.098194 0.959566 0.010821 -0.001103 -0.056991
 42   -0.079325 1.658238 -2.903464 -0.062979 -0.055746 0.001004
 43   -0.484375 1.772799 3.189699 0.017966 0.284801 -0.072185
time 70
  0   -0.401123 2.578204 -27.160614 0.000000 0.058410 -1.414606
  1   -1.093036 0.000002 -0.326057 -3.088693 -0.049940 1.521002
  2   2.262337 0.113614 0.064702 0.023079 -0.067269 0.032967
  3   2.380047 0.353302 0.047440 -0.004125 0.246267 0.042137
  4   2.033756 0.190472 -0.000128 -0.006041 0.046177 -0.091621
  5   2.451511 0.204909 -0.003447 -0.044367 0.170501 -0.080475
  6   7.247600 -0.397300 -0.109469 0.003477 -0.000818 0.149448
  7   -2.022252 -0.104661 3.136172 -3.159472 -1.117897 -0.137696
  8   1.168026 -0.537438 -0.063437 0.091991 -0.000588 -0.132087
  9   6.790376 -0.619176 0.015206 -0.311843 -2.222066 0.008677
 10   8.637599 0.544015 -0.090417 1.245145 0.798519 0.092697
 11   6.790465 -0.619039 0.017802 -0.229153 -0.625948 -0.060529
 12   -2.022474 -0.104699 -2.873818 0.289580 1.392420 -2.874219
 13   1.167898 -0.537463 0.063297 0.308671 -1.158767 -0.371835
 14   7.002743 -0.617765 -0.183752 -0.028123 -1.134364 -1.881042
 15   8.209042 0.615527 -0.255885 1.601943 -0.095999 0.099520
 16   7.002735 -0.617911 -0.183641 -0.385897 -0.766728 -0.949472
 17   1.574674 0.609930 -0.000899 0.103950 0.302826 -0.116398
 18   -0.602177 0.511412 -0.000006 0.000000 0.000000 0.000000
 19   3.677679 0.177020 1.119313 -0.000002 -0.000014 -0.174510
 20   3.677673 0.176993 -1.117566 0.000007 -0.000003 -0.174546
 21   3.942357 1.334540 1.627658 0.000002 -0.000011 -0.000026
 22   -0.246060 -0.011889 0.516521 -0.000011 0.000031 0.000025
 23   3.942374 1.334565 -1.631083 0.000019 0.000002 -0.000024
 24   -0.246150 -0.011872 -0.516511 -0.000005 -0.000006 0.000048
 25   4.941364 1.997338 1.629330 0.000018 -0.000001 -0.000024
 26   4.941382 1.997366 -1.629410 -0.000001 0.000005 -0.000024
 27   2.914462 1.623171 1.514501 -0.000019 -0.000022 -0.000050
 28   2.920798 1.618870 -1.501142 -0.000002 -0.000009 -0.000024
 29   8.824059 0.150544 0.091743 -0.009263 -0.052597 -0.170242
 30   2.111085 -0.561179 1.784320 -0.000008 -0.000682 0.000024
 31   2.121290 -0.561289 -1.853599 0.000000 0.000000 -0.000002
 32   -0.802676 -0.093824 3.127092 0.044159 -3.092711 0.195926
 33   14.298673 -0.408176 0.518454 -0.017394 -0.094870 -0.115951
 34   15.835795 0.581398 0.242756 -0.000811 0.023965 0.068310
 35   -0.831494 -0.091229 -3.114430 0.052734 3.300803 -0.139032
 36   14.294526 -0.410349 -0.455822 -0.025423 -0.121596 -0.948260
 37   15.834409 0.579420 -0.284600 0.118309 -0.050100 0.027570
 38   2.155341 -3.172490 -2.632401 0.047192 -0.352576 0.132882
 39   -4.449929 -1.019697 -0.746180 0.009983 -0.001019 -0.052531
 40   0.102445 -3.731028 3.045878 0.047192 -0.352575 0.132881
 41   -4.441652 -1.094287 0.959566 0.009982 -0.001019 -0.052531
 42   -0.075419 1.654332 -2.911277 -0.063782 -0.060269 0.001882
 43   -0.484375 1.772799 3.189699 0.018654 0.288975 -0.072395
time 71
  0   -0.401123 2.578204 -27.160614 0.000000 0.058410 -1.414606
  1   -1.093036 0.000002 -0.326057 -3.088693 -0.049940 1.521002
  2   2.262337 0.113614 0.064702 0.023079 -0.067269 0.032967
  3   2.380047 0.353302 0.047440 -0.004110 0.246315 0.042464
  4   2.033756 0.190472 -0.000128 -0.006170 0.046237 -0.091114
  5   2.451511 0.204909 -0.003447 -0.043836 0.170344 -0.082234
  6   7.247600 -0.397300 -0.109469 0.003177 -0.000746 0.150082
  7   -2.022252 -0.104661 3.136172 -3.159472 -1.117897 -0.137696
  8   1.168026 -0.537438 -0.063437 0.091991 -0.000588 -0.132087
  9   6.790376 -0.619176 0.015206 -0.311843 -2.222133 0.008677
 10   8.637599 0.544015 -0.090417 1.245145 0.798519 0.092697
 11   6.790465 -0.619039 0.017802 -0.229153 -0.625920 -0.060529
 12   -2.022474 -0.104699 -2.873818 0.289580 1.392420 -2.874219
 13   1.167898 -0.537463 0.063297 0.308671 -1.158767 -0.371835
 14   7.002743 -0.617765 -0.183752 -0.025789 -1.133910 -1.883269
 15   8.209042 0.615527 -0.255885 1.602303 -0.095167 0.093146
 16   7.002735 -0.617911 -0.183641 -0.384579 -0.767236 -0.950520
 17   1.574674 0.609930 -0.000899 0.103950 0.302826 -0.116398
 18   -0.602177 0.511412 -0.000006 0.000000 0.000000 0.000000
 19   3.673773 0.177020 1.119313 -0.000002 -0.000014 -0.174510
 20   3.677673 0.176993 -1.117566 0.000007 -0.000003 -0.174546
 21   3.942357 1.334540 1.627658 0.000002 -0.000011 -0.000026
 22   -0.246060 -0.011889 0.516521 -0.000011 0.000031 0.000025
 23   3.942374 1.334565 -1.631083 0.000019 0.000002 -0.000024
 24   -0.246150 -0.011872 -0.516511 -0.000005 -0.000006 0.000048
 25   4.941364 1.997338 1.629330 0.000018 -0.000001 -0.000024
 26   4.941382 1.997366 -1.629410 -0.000001 0.000005 -0.000024
 27   2.914462 1.623171 1.514501 -0.000019 -0.000022 -0.000050
 28   2.920798 1.618870 -1.501142 -0.000002 -0.000009 -0.000024
 29   8.824059 0.150544 0.091743 -0.008550 -0.048229 -0.170618
 30   2.111085 -0.561179 1.784320 -0.000008 -0.000682 0.000024
 31   2.121290 -0.561289 -1.853599 0.000000 0.000000 -0.000002
 32   -0.802676 -0.093824 3.127092 0.044159 -3.092711 0.195926
 33   14.298673 -0.408176 0.518454 -0.017394 -0.094870 -0.115951
 34   15.835795 0.581398 0.242756 -0.000811 0.023965 0.068310
 35   -0.831494 -0.091229 -3.114430 0.052734 3.300803 -0.139032
 36   14.294526 -0.410349 -0.455822 -0.025387 -0.121680 -0.949728
 37   15.834409 0.579420 -0.284600 0.117520 -0.049972 0.030409
 38   2.155341 -3.172490 -2.632401 0.047192 -0.352576 0.132882
 39   -4.449929 -1.023603 -0.746180 0.009144 -0.000935 -0.048156
 40   0.102445 -3.731028 3.045878 0.047192 -0.352575 0.132881
 41   -4.441652 -1.090381 0.959566 0.009143 -0.000935 -0.048156
 42   -0.075419 1.650426 -2.922996 -0.064585 -0.064746 0.002760
 43   -0.484375 1.772799 3.189699 0.019328 0.293086 -0.072645
time 72
  0   -0.401123 2.578204 -27.160614 0.000000 0.058410 -1.414606
  1   -1.093036 0.000002 -0.326057 -3.088693 -0.049940 1.521002
  2   2.262337 0.113614 0.064702 0.023079 -0.067269 0.032967
  3   2.380047 0.353302 0.047440 -0.004110 0.246351 0.042790
  4   2.033756 0.190472 -0.000128 -0.006280 0.046297 -0.090606
  5   2.451511 0.204909 -0.003447 -0.043306 0.170187 -0.083942
  6   7.247600 -0.397300 -0.109469 0.002901 -0.000674 0.150684
  7   -2.022252 -0.104661 3.136172 -3.159472 -1.117897 -0.137696
  8   1.168026 -0.537438 -0.063437 0.091991 -0.000588 -0.132087
  9   6.790376 -0.619176 0.015206 -0.311843 -2.222133 0.008677
 10   8.637599 0.544015 -0.090417 1.245145 0.798519 0.092697
 11   6.790465 -0.619039 0.017802 -0.229153 -0.625920 -0.060529
 12   -2.022474 -0.104699 -2.873818 0.289580 1.392420 -2.874219
 13   1.167898 -0.537463 0.063297 0.308671 -1.158767 -0.371835
 14   7.002743 -0.617765 -0.183752 -0.023512 -1.133456 -1.885414
 15   8.209042 0.615527 -0.255885 1.602590 -0.094335 0.086952
 16   7.002735 -0.617911 -0.183641 -0.383261 -0.767743 -0.951514
 17   1.574674 0.609930 -0.000899 0.103950 0.302826 -0.116398
 18   -0.602177 0.511412 -0.000006 0.000000 0.000000 0.000000
 19   3.677679 0.177020 1.119313 -0.000002 -0.000014 -0.174510
 20   3.677673 0.176993 -1.117566 0.000007 -0.000003 -0.174546
 21   3.942357 1.334540 1.627658 0.000002 -0.000011 -0.000026
 22   -0.246060 -0.011889 0.516521 -0.000011 0.000031 0.000025
 23   3.942374 1.334565 -1.631083 0.000019 0.000002 -0.000024
 24   -0.246150 -0.011872 -0.516511 -0.000005 -0.000006 0.000048
 25   4.941364 1.997338 1.629330 0.000018 -0.000001 -0.000024
 26   4.941382 1.997366 -1.629410 -0.000001 0.000005 -0.000024
 27   2.914462 1.623171 1.514501 -0.000019 -0.000022 -0.000050
 28   2.920798 1.618870 -1.501142 -0.000002 -0.000009 -0.000024
 29   8.824059 0.150544 0.091743 -0.007748 -0.043933 -0.170940
 30   2.111085 -0.561179 1.784320 -0.000008 -0.000682 0.000024
 31   2.121290 -0.561289 -1.853599 0.000000 0.000000 -0.000002
 32   -0.802676 -0.093824 3.127092 0.044159 -3.092711 0.195926
 33   14.298673 -0.408176 0.518454 -0.017394 -0.094870 -0.115951
 34   15.835795 0.581398 0.242756 -0.000811 0.023965 0.068310
 35   -0.831494 -0.091229 -3.114430 0.052734 3.300803 -0.139032
 36   14.294526 -0.410349 -0.455822 -0.025339 -0.121764 -0.951118
 37   15.834409 0.579420 -0.284600 0.116732 -0.049844 0.033147
 38   2.155341 -3.172490 -2.632401 0.047192 -0.352576 0.132882
 39   -4.453836 -1.023603 -0.746180 0.008329 -0.000851 -0.043837
 40   0.102445 -3.731028 3.045878 0.047192 -0.352575 0.132881
 41   -4.437746 -1.090381 0.959566 0.008328 -0.000851 -0.043837
 42   -0.075419 1.650426 -2.934715 -0.065364 -0.069131 0.003639
 43   -0.484375 1.772799 3.189699 0.019991 0.297135 -0.072855
time 73
  0   -0.401123 2.578204 -27.160614 0.000000 0.058410 -1.414606
  1   -1.093036 0.000002 -0.326057 -3.088693 -0.049940 1.521002
  2   2.262337 0.113614 0.064702 0.023079 -0.067269 0.032967
  3   2.380047 0.353302 0.047440 -0.004095 0.246399 0.043096
  4   2.033756 0.190472 -0.000128 -0.006410 0.046356 -0.090099
  5   2.451511 0.204909 -0.003447 -0.042792 0.170031 -0.085602
  6   7.247600 -0.397300 -0.109469 0.002614 -0.000602 0.151286
  7   -2.022252 -0.104661 3.136172 -3.159472 -1.117897 -0.137696
  8   1.168026 -0.537438 -0.063437 0.091991 -0.000588 -0.132087
  9   6.790376 -0.619176 0.015206 -0.311843 -2.222133 0.008677
 10   8.637599 0.544015 -0.090417 1.245145 0.798519 0.092697
 11   6.790465 -0.619039 0.017802 -0.229153 -0.625920 -0.060529
 12   -2.022474 -0.104699 -2.873818 0.289580 1.392420 -2.874219
 13   1.167898 -0.537463 0.063297 0.308671 -1.158767 -0.371835
 14   7.002743 -0.617765 -0.183752 -0.021234 -1.133001 -1.887642
 15   8.209042 0.615527 -0.255885 1.602950 -0.093503 0.080878
 16   7.002735 -0.617911 -0.183641 -0.381990 -0.768251 -0.952563
 17   1.574674 0.609930 -0.000899 0.103950 0.302826 -0.116398
 18   -0.602177 0.511412 -0.000006 0.000000 0.000000 0.000000
 19   3.677679 0.177020 1.119313 -0.000002 -0.000014 -0.174510
 20   3.677673 0.176993 -1.117566 0.000007 -0.000003 -0.174546
 21   3.942357 1.334540 1.627658 0.000002 -0.000011 -0.000026
 22   -0.246060 -0.011889 0.516521 -0.000011 0.000031 0.000025
 23   3.942374 1.334565 -1.631083 0.000019 0.000002 -0.000024
 24   -0.246150 -0.011872 -0.516511 -0.000005 -0.000006 0.000048
 25   4.941364 1.997338 1.629330 0.000018 -0.000001 -0.000024
 26   4.941382 1.997366 -1.629410 -0.000001 0.000005 -0.000024
 27   2.914462 1.619264 1.514501 -0.000019 -0.000022 -0.000050
 28   2.916892 1.618870 -1.501142 -0.000002 -0.000009 -0.000024
 29   8.824059 0.150544 0.091743 -0.007035 -0.039731 -0.171315
 30   2.111085 -0.561179 1.784320 -0.000008 -0.000682 0.000024
 31   2.121290 -0.561289 -1.853599 0.000000 0.000000 -0.000002
 32   -0.802676 -0.093824 3.127092 0.044159 -3.092711 0.195926
 33   14.298673 -0.408176 0.518454 -0.017394 -0.094870 -0.115951
 34   15.835795 0.581398 0.242756 -0.000811 0.023965 0.068310
 35   -0.831494 -0.091229 -3.114430 0.052734 3.300803 -0.139032
 36   14.294526 -0.410349 -0.455822 -0.025303 -0.121835 -0.952431
 37   15.834409 0.579420 -0.284600 0.115964 -0.049691 0.035885
 38   2.155341 -3.172490 -2.632401 0.047192 -0.352576 0.132882
 39   -4.453836 -1.027509 -0.746180 0.007526 -0.000767 -0.039630
 40   0.102445 -3.731028 3.045878 0.047192 -0.352575 0.132881
 41   -4.437746 -1.086475 0.959566 0.007525 -0.000767 -0.039630
 42   -0.075419 1.646519 -2.946434 -0.066143 -0.073440 0.004475
 43   -0.484375 1.772799 3.189699 0.020640 0.301105 -0.073064
time 74
  0   -0.401123 2.578204 -27.160614 0.000000 0.058410 -1.414606
  1   -1.093036 0.000002 -0.326057 -3.088693 -0.049940 1.521002
  2   2.262337 0.113614 0.064702 0.023079 -0.067269 0.032967
  3   2.380047 0.353302 0.047440 -0.004095 0.246435 0.043402
  4   2.033756 0.190472 -0.000128 -0.006520 0.046404 -0.089628
  5   2.451511 0.204909 -0.003447 -0.042296 0.169874 -0.087236
  6   7.247600 -0.397300 -0.109469 0.002350 -0.000542 0.151856
  7   -2.022252 -0.104661 3.136172 -3.159472 -1.117897 -0.137696
  8   1.168026 -0.537438 -0.063437 0.091991 -0.000588 -0.132087
  9   6.790376 -0.619176 0.015206 -0.311843 -2.222133 0.008677
 10   8.637599 0.544015 -0.090417 1.245145 0.798519 0.092697
 11   6.790465 -0.619039 0.017802 -0.229153 -0.625920 -0.060529
 12   -2.022474 -0.104699 -2.873818 0.289580 1.392420 -2.874219
 13   1.167898 -0.537463 0.063297 0.308671 -1.158767 -0.371835
 14   7.002743 -0.617765 -0.183752 -0.019071 -1.132547 -1.889705
 15   8.209042 0.615527 -0.255885 1.603238 -0.092746 0.074924
 16   7.002735 -0.617911 -0.183641 -0.380719 -0.768702 -0.953501
 17   1.574674 0.609930 -0.000899 0.103950 0.302826 -0.116398
 18   -0.602177 0.511412 -0.000006 0.000000 0.000000 0.000000
 19   3.673773 0.177020 1.119313 -0.000002 -0.000014 -0.174510
 20   3.677673 0.176993 -1.117566 0.000007 -0.000003 -0.174546
 21   3.942357 1.334540 1.627658 0.000002 -0.000011 -0.000026
 22   -0.246060 -0.011889 0.516521 -0.000011 0.000031 0.000025
 23   3.942374 1.334565 -1.631083 0.000019 0.000002 -0.000024
 24   -0.246150 -0.011872 -0.516511 -0.000005 -0.000006 0.000048
 25   4.941364 1.997338 1.629330 0.000018 -0.000001 -0.000024
 26   4.941382 1.997366 -1.629410 -0.000001 0.000005 -0.000024
 27   2.914462 1.619264 1.514501 -0.000019 -0.000022 -0.000050
 28   2.920798 1.618870 -1.501142 -0.000002 -0.000009 -0.000024
 29   8.824059 0.150544 0.091743 -0.006233 -0.035648 -0.171637
 30   2.111085 -0.561179 1.784320 -0.000008 -0.000682 0.000024
 31   2.121290 -0.561289 -1.853599 0.000000 0.000000 -0.000002
 32   -0.802676 -0.093824 3.127092 0.044159 -3.092711 0.195926
 33   14.298673 -0.408176 0.518454 -0.017394 -0.094870 -0.115951
 34   15.835795 0.581398 0.242756 -0.000811 0.023965 0.068310
 35   -0.831494 -0.091229 -3.114430 0.052734 3.300803 -0.139032
 36   14.294526 -0.410349 -0.455822 -0.025267 -0.121919 -0.953744
 37   15.834409 0.579420 -0.284600 0.115215 -0.049563 0.038522
 38   2.155341 -3.172490 -2.632401 0.047192 -0.352576 0.132882
 39   -4.453836 -1.031416 -0.746180 0.006747 -0.000683 -0.035535
 40   0.102445 -3.731028 3.045878 0.047192 -0.352575 0.132881
 41   -4.437746 -1.082568 0.959566 0.006746 -0.000683 -0.035535
 42   -0.075419 1.646519 -2.954247 -0.066886 -0.077610 0.005311
 43   -0.484375 1.772799 3.189699 0.021277 0.304949 -0.073231
time 75
  0   -0.401123 2.578204 -27.160614 0.000000 0.058410 -1.414606
  1   -1.093036 0.000002 -0.326057 -3.088693 -0.049940 1.521002
  2   2.262337 0.113614 0.064702 0.023079 -0.067269 0.032967
  3   2.380047 0.353302 0.047440 -0.004080 0.246483 0.043709
  4   2.033756 0.190472 -0.000128 -0.006631 0.046464 -0.089156
  5   2.451511 0.204909 -0.003447 -0.041816 0.169731 -0.088821
  6   7.247600 -0.397300 -0.109469 0.002086 -0.000470 0.152394
  7   -2.022252 -0.104661 3.136172 -3.159472 -1.117897 -0.137696
  8   1.168026 -0.537438 -0.063437 0.091991 -0.000588 -0.132087
  9   6.790376 -0.619176 0.015206 -0.311843 -2.222133 0.008677
 10   8.637599 0.544015 -0.090417 1.245057 0.798519 0.092697
 11   6.790465 -0.619039 0.017802 -0.229153 -0.625948 -0.060529
 12   -2.022474 -0.104699 -2.873818 0.289580 1.392420 -2.874219
 13   1.167898 -0.537463 0.063297 0.308671 -1.158767 -0.371835
 14   7.002743 -0.617765 -0.183752 -0.016964 -1.132150 -1.891685
 15   8.209042 0.615527 -0.255885 1.603453 -0.091914 0.069211
 16   7.002735 -0.617911 -0.183641 -0.379495 -0.769153 -0.954439
 17   1.574674 0.609930 -0.000899 0.103950 0.302826 -0.116398
 18   -0.602177 0.511412 -0.000006 0.000000 0.000000 0.000000
 19   3.677679 0.177020 1.119313 -0.000002 -0.000014 -0.174510
 20   3.677673 0.176993 -1.117566 0.000007 -0.000003 -0.174546
 21   3.942357 1.334540 1.627658 0.000002 -0.000011 -0.000026
 22   -0.246060 -0.011889 0.516521 -0.000011 0.000031 0.000025
 23   3.942374 1.334565 -1.631083 0.000019 0.000002 -0.000024
 24   -0.246150 -0.011872 -0.516511 -0.000005 -0.000006 0.000048
 25   4.941364 1.997338 1.629330 0.000018 -0.000001 -0.000024
 26   4.941382 1.997366 -1.629410 -0.000001 0.000005 -0.000024
 27   2.914462 1.619264 1.514501 -0.000019 -0.000022 -0.000050
 28   2.920798 1.618870 -1.501142 -0.000002 -0.000009 -0.000024
 29   8.824059 0.150544 0.091743 -0.005520 -0.031684 -0.171959
 30   2.111085 -0.561179 1.784320 -0.000008 -0.000682 0.000024
 31   2.121290 -0.561289 -1.853599 0.000000 0.000000 -0.000002
 32   -0.802676 -0.093824 3.127092 0.044159 -3.092711 0.195926
 33   14.298673 -0.408176 0.518454 -0.017394 -0.094870 -0.115951
 34   15.835795 0.581398 0.242756 -0.000811 0.023965 0.068310
 35   -0.831494 -0.091229 -3.114430 0.052734 3.300803 -0.139032
 36   14.294526 -0.410349 -0.455822 -0.025219 -0.121991 -0.955058
 37   15.834409 0.579420 -0.284600 0.114486 -0.049460 0.041108
 38   2.155341 -3.172490 -2.632401 0.047192 -0.352576 0.132882
 39   -4.453836 -1.035322 -0.746180 0.005992 -0.000611 -0.031552
 40   0.102445 -3.731028 3.045878 0.047192 -0.352575 0.132881
 41   -4.437746 -1.078662 0.959566 0.005991 -0.000611 -0.031552
 42   -0.075419 1.642613 -2.965966 -0.067617 -0.081673 0.006106
 43   -0.484375 1.772799 3.189699 0.021890 0.308684 -0.073440
time 76
  0   -0.401123 2.578204 -27.160614 0.000000 0.058410 -1.414606
  1   -1.093036 0.000002 -0.326057 -3.088693 -0.049940 1.521002
  2   2.262337 0.113614 0.064702 0.023079 -0.067269 0.032967
  3   2.380047 0.353302 0.047440 -0.004065 0.246519 0.043974
  4   2.033756 0.190472 -0.000128 -0.006723 0.046512 -0.088721
  5   2.451511 0.204909 -0.003447 -0.041337 0.169587 -0.090332
  6   7.247600 -0.397300 -0.109469 0.001835 -0.000410 0.152933
  7   -2.022252 -0.104661 3.136172 -3.159472 -1.117897 -0.137696
  8   1.168026 -0.537438 -0.063437 0.091991 -0.000588 -0.132087
  9   6.790376 -0.619176 0.015206 -0.311843 -2.222133 0.008677
 10   8.637599 0.544015 -0.090417 1.245145 0.798519 0.092697
 11   6.790465 -0.619039 0.017802 -0.229153 -0.625920 -0.060529
 12   -2.022474 -0.104699 -2.873818 0.289580 1.392420 -2.874219
 13   1.167898 -0.537463 0.063297 0.308671 -1.158767 -0.371835
 14   7.002743 -0.617765 -0.183752 -0.014915 -1.131752 -1.893665
 15   8.209042 0.615527 -0.255885 1.603741 -0.091233 0.063679
 16   7.002735 -0.617911 -0.183641 -0.378365 -0.769604 -0.955377
 17   1.574674 0.609930 -0.000899 0.103950 0.302826 -0.116398
 18   -0.602177 0.511412 -0.000006 0.000000 0.000000 0.000000
 19   3.673773 0.177020 1.119313 -0.000002 -0.000014 -0.174510
 20   3.677673 0.176993 -1.117566 0.000007 -0.000003 -0.174546
 21   3.942357 1.334540 1.627658 0.000002 -0.000011 -0.000026
 22   -0.246060 -0.011889 0.516521 -0.000011 0.000031 0.000025
 23   3.942374 1.334565 -1.631083 0.000019 0.000002 -0.000024
 24   -0.246150 -0.011872 -0.516511 -0.000005 -0.000006 0.000048
 25   4.941364 1.997338 1.629330 0.000018 -0.000001 -0.000024
 26   4.941382 1.997366 -1.629410 -0.000001 0.000005 -0.000024
 27   2.914462 1.619264 1.514501 -0.000019 -0.000022 -0.000050
 28   2.920798 1.618870 -1.501142 -0.000002 -0.000009 -0.000024
 29   8.824059 0.150544 0.091743 -0.004896 -0.027862 -0.172281
 30   2.111085 -0.561179 1.784320 -0.000008 -0.000682 0.000024
 31   2.121290 -0.561289 -1.853599 0.000000 0.000000 -0.000002
 32   -0.802676 -0.093824 3.127092 0.044159 -3.092711 0.195926
 33   14.298673 -0.408176 0.518454 -0.017394 -0.094870 -0.115951
 34   15.835795 0.581398 0.242756 -0.000811 0.023965 0.068310
 35   -0.831494 -0.091229 -3.114430 0.052734 3.300803 -0.139032
 36   14.294526 -0.410349 -0.455822 -0.025183 -0.122063 -0.956293
 37   15.834409 0.579420 -0.284600 0.113797 -0.049332 0.043541
 38   2.155341 -3.172490 -2.632401 0.047192 -0.352576 0.132882
 39   -4.453836 -1.035322 -0.746180 0.005261 -0.000539 -0.027738
 40   0.102445 -3.731028 3.045878 0.047192 -0.352575 0.132881
 41   -4.437746 -1.078662 0.959566 0.005260 -0.000539 -0.027738
 42   -0.075419 1.642613 -2.973779 -0.068312 -0.085568 0.006859
 43   -0.484375 1.772799 3.189699 0.022477 0.312277 -0.073607
time 77
  0   -0.401123 2.578204 -27.160614 0.000000 0.058410 -1.414606
  1   -1.093036 0.000002 -0.326057 -3.088693 -0.049940 1.521002
  2   2.262337 0.113614 0.064702 0.023079 -0.067269 0.032967
  3   2.380047 0.353302 0.047440 -0.004065 0.246555 0.044259
  4   2.033756 0.190472 -0.000128 -0.006834 0.046560 -0.088287
  5   2.451511 0.204909 -0.003447 -0.040892 0.169456 -0.091793
  6   7.247600 -0.397300 -0.109469 0.001583 -0.000351 0.153471
  7   -2.022252 -0.104661 3.136172 -3.159472 -1.117897 -0.137696
  8   1.168026 -0.537438 -0.063437 0.091991 -0.000588 -0.132087
  9   6.790376 -0.619176 0.015206 -0.311843 -2.222133 0.008677
 10   8.637599 0.544015 -0.090417 1.245145 0.798519 0.092697
 11   6.790465 -0.619039 0.017802 -0.229153 -0.625920 -0.060529
 12   -2.022474 -0.104699 -2.873818 0.289580 1.392420 -2.874219
 13   1.167898 -0.537463 0.063297 0.308671 -1.158767 -0.371835
 14   7.002743 -0.617765 -0.183752 -0.012979 -1.131355 -1.895563
 15   8.209042 0.615527 -0.255885 1.603957 -0.090476 0.058386
 16   7.002735 -0.617911 -0.183641 -0.377235 -0.770055 -0.956205
 17   1.574674 0.609930 -0.000899 0.103950 0.302826 -0.116398
 18   -0.602177 0.511412 -0.000006 0.000000 0.000000 0.000000
 19   3.677679 0.177020 1.119313 -0.000002 -0.000014 -0.174510
 20   3.677673 0.176993 -1.117566 0.000007 -0.000003 -0.174546
 21   3.942357 1.334540 1.627658 0.000002 -0.000011 -0.000026
 22   -0.246060 -0.011889 0.516521 -0.000011 0.000031 0.000025
 23   3.942374 1.334565 -1.631083 0.000019 0.000002 -0.000024
 24   -0.246150 -0.011872 -0.516511 -0.000005 -0.000006 0.000048
 25   4.941364 1.997338 1.629330 0.000018 -0.000001 -0.000024
 26   4.941382 1.997366 -1.629410 -0.000001 0.000005 -0.000024
 27   2.914462 1.619264 1.514501 -0.000019 -0.000022 -0.000050
 28   2.920798 1.618870 -1.501142 -0.000002 -0.000009 -0.000024
 29   8.824059 0.150544 0.091743 -0.004272 -0.024230 -0.172603
 30   2.111085 -0.561179 1.784320 -0.000008 -0.000682 0.000024
 31   2.121290 -0.561289 -1.853599 0.000000 0.000000 -0.000002
 32   -0.802676 -0.093824 3.127092 0.044159 -3.092711 0.195926
 33   14.298673 -0.408176 0.518454 -0.017394 -0.094870 -0.115951
 34   15.835795 0.581398 0.242756 -0.000811 0.023965 0.068310
 35   -0.831494 -0.091229 -3.114430 0.052734 3.300803 -0.139032
 36   14.294526 -0.410349 -0.455822 -0.025147 -0.122123 -0.957452
 37   15.834409 0.579420 -0.284600 0.113127 -0.049204 0.045924
 38   2.155341 -3.172490 -2.632401 0.047192 -0.352576 0.132882
 39   -4.453836 -1.039229 -0.746180 0.004566 -0.000467 -0.024064
 40   0.102445 -3.731028 3.045878 0.047192 -0.352575 0.132881
 41   -4.437746 -1.074755 0.959566 0.004565 -0.000467 -0.024064
 42   -0.075419 1.638706 -2.981592 -0.068971 -0.089293 0.007612
 43   -0.484375 1.772799 3.189699 0.023039 0.315713 -0.073817
time 78
  0   -0.401123 2.578204 -27.160614 0.000000 0.058410 -1.414606
  1   -1.093036 0.000002 -0.326057 -3.088693 -0.049940 1.521002
  2   2.262337 0.113614 0.064702 0.023079 -0.067269 0.032967
  3   2.380047 0.353302 0.047440 -0.004050 0.246591 0.044525
  4   2.033756 0.190472 -0.000128 -0.006926 0.046608 -0.087852
  5   2.451511 0.204909 -0.003447 -0.040464 0.169326 -0.093155
  6   7.247600 -0.397300 -0.109469 0.001355 -0.000291 0.153946
  7   -2.022252 -0.104661 3.136172 -3.159472 -1.117897 -0.137696
  8   1.168026 -0.537438 -0.063437 0.091991 -0.000588 -0.132087
  9   6.790376 -0.619176 0.015206 -0.311843 -2.222133 0.008677
 10   8.637599 0.544015 -0.090417 1.245145 0.798519 0.092697
 11   6.790465 -0.619039 0.017802 -0.229153 -0.625948 -0.060529
 12   -2.022474 -0.104699 -2.873818 0.289580 1.392420 -2.874219
 13   1.167898 -0.537463 0.063297 0.308671 -1.158767 -0.371835
 14   7.002743 -0.617765 -0.183752 -0.011100 -1.130957 -1.897295
 15   8.209042 0.615527 -0.255885 1.604172 -0.089795 0.053335
 16   7.002735 -0.617911 -0.183641 -0.376152 -0.770450 -0.957033
 17   1.574674 0.609930 -0.000899 0.103950 0.302826 -0.116398
 18   -0.602177 0.511412 -0.000006 0.000000 0.000000 0.000000
 19   3.677679 0.177020 1.119313 -0.000002 -0.000014 -0.174510
 20   3.677673 0.176993 -1.117566 0.000007 -0.000003 -0.174546
 21   3.942357 1.334540 1.627658 0.000002 -0.000011 -0.000026
 22   -0.246060 -0.011889 0.516521 -0.000011 0.000031 0.000025
 23   3.942374 1.334565 -1.631083 0.000019 0.000002 -0.000024
 24   -0.246150 -0.011872 -0.516511 -0.000005 -0.000006 0.000048
 25   4.941364 1.997338 1.629330 0.000018 -0.000001 -0.000024
 26   4.941382 1.997366 -1.629410 -0.000001 0.000005 -0.000024
 27   2.914462 1.619264 1.514501 -0.000019 -0.000022 -0.000050
 28   2.920798 1.618870 -1.501142 -0.000002 -0.000009 -0.000024
 29   8.824059 0.150544 0.091743 -0.003648 -0.020764 -0.172871
 30   2.111085 -0.561179 1.784320 -0.000008 -0.000682 0.000024
 31   2.121290 -0.561289 -1.853599 0.000000 0.000000 -0.000002
 32   -0.802676 -0.093824 3.127092 0.044159 -3.092711 0.195926
 33   14.298673 -0.408176 0.518454 -0.017394 -0.094870 -0.115951
 34   15.835795 0.581398 0.242756 -0.000811 0.023965 0.068310
 35   -0.831494 -0.091229 -3.114430 0.052734 3.300803 -0.139032
 36   14.294526 -0.410349 -0.455822 -0.025111 -0.122195 -0.958611
 37   15.834409 0.579420 -0.284600 0.112496 -0.049102 0.048155
 38   2.155341 -3.172490 -2.632401 0.047192 -0.352576 0.132882
 39   -4.457742 -1.043135 -0.746180 0.003907 -0.000395 -0.020586
 40   0.102445 -3.731028 3.045878 0.047192 -0.352575 0.132881
 41   -4.433840 -1.070849 0.959566 0.003906 -0.000395 -0.020586
 42   -0.071513 1.638706 -2.989404 -0.069607 -0.092835 0.008323
 43   -0.484375 1.772799 3.189699 0.023576 0.318977 -0.073984
time 79
  0   -0.401123 2.578204 -27.160614 0.000000 0.058410 -1.414606
  1   -1.093036 0.000002 -0.326057 -3.088693 -0.049940 1.521002
  2   2.262337 0.113614 0.064702 0.023079 -0.067269 0.032967
  3   2.380047 0.353302 0.047440 -0.004050 0.246615 0.044749
  4   2.033756 0.190472 -0.000128 -0.007018 0.046656 -0.087489
  5   2.451511 0.204909 -0.003447 -0.040071 0.169208 -0.094468
  6   7.247600 -0.397300 -0.109469 0.001140 -0.000243 0.154422
  7   -2.022252 -0.104661 3.136172 -3.159472 -1.117897 -0.137696
  8   1.168026 -0.537438 -0.063437 0.091991 -0.000588 -0.132087
  9   6.790376 -0.619176 0.015206 -0.311843 -2.222133 0.008677
 10   8.637599 0.544015 -0.090417 1.245145 0.798519 0.092697
 11   6.790465 -0.619039 0.017802 -0.229153 -0.625920 -0.060529
 12   -2.022474 -0.104699 -2.873818 0.289580 1.392420 -2.874219
 13   1.167898 -0.537463 0.063297 0.308671 -1.158767 -0.371835
 14   7.002743 -0.617765 -0.183752 -0.009335 -1.130616 -1.898945
 15   8.209042 0.615527 -0.255885 1.604388 -0.089114 0.048644
 16   7.002735 -0.617911 -0.183641 -0.375164 -0.770788 -0.957861
 17   1.574674 0.609930 -0.000899 0.103950 0.302826 -0.116398
 18   -0.602177 0.511412 -0.000006 0.000000 0.000000 0.000000
 19   3.677679 0.177020 1.119313 -0.000002 -0.000014 -0.174510
 20   3.677673 0.176993 -1.117566 0.000007 -0.000003 -0.174546
 21   3.942357 1.334540 1.627658 0.000002 -0.000011 -0.000026
 22   -0.246060 -0.011889 0.516521 -0.000011 0.000031 0.000025
 23   3.942374 1.334565 -1.631083 0.000019 0.000002 -0.000024
 24   -0.246150 -0.011872 -0.516511 -0.000005 -0.000006 0.000048
 25   4.941364 1.997338 1.629330 0.000018 -0.000001 -0.000024
 26   4.941382 1.997366 -1.629410 -0.000001 0.000005 -0.000024
 27   2.914462 1.619264 1.514501 -0.000019 -0.000022 -0.000050
 28   2.920798 1.618870 -1.501142 -0.000002 -0.000009 -0.000024
 29   8.824059 0.150544 0.091743 -0.003024 -0.017512 -0.173139
 30   2.111085 -0.561179 1.784320 -0.000008 -0.000682 0.000024
 31   2.121290 -0.561289 -1.853599 0.000000 0.000000 -0.000002
 32   -0.802676 -0.093824 3.127092 0.044159 -3.092711 0.195926
 33   14.298673 -0.408176 0.518454 -0.017394 -0.094870 -0.115951
 34   15.835795 0.581398 0.242756 -0.000811 0.023965 0.068310
 35   -0.831494 -0.091229 -3.114430 0.052734 3.300803 -0.139032
 36   14.294526 -0.410349 -0.455822 -0.025087 -0.122255 -0.959692
 37   15.834409 0.579420 -0.284600 0.111905 -0.048999 0.050234
 38   2.155341 -3.172490 -2.632401 0.047192 -0.352576 0.132882
 39   -4.457742 -1.043135 -0.746180 0.003296 -0.000336 -0.017333
 40   0.102445 -3.731028 3.045878 0.047192 -0.352575 0.132881
 41   -4.433840 -1.070849 0.959566 0.003295 -0.000336 -0.017333
 42   -0.071513 1.638706 -2.997217 -0.070206 -0.096162 0.008950
 43   -0.484375 1.772799 3.189699 0.024089 0.322053 -0.074151
time 80
  0   -0.401123 2.578204 -27.160614 0.000000 0.058410 -1.414606
  1   -1.093036 0.000002 -0.326057 -3.088693 -0.049940 1.521002
  2   2.262337 0.113614 0.064702 0.023079 -0.067269 0.032967
  3   2.380047 0.353302 0.047440 -0.004035 0.246651 0.044994
  4   2.033756 0.190472 -0.000128 -0.007110 0.046692 -0.087127
  5   2.451511 0.204909 -0.003447 -0.039694 0.169104 -0.095681
  6   7.247600 -0.397300 -0.109469 0.000936 -0.000195 0.154833
  7   -2.022252 -0.104661 3.136172 -3.159472 -1.117897 -0.137696
  8   1.168026 -0.537438 -0.063437 0.091991 -0.000588 -0.132087
  9   6.790376 -0.619176 0.015206 -0.311843 -2.222133 0.008677
 10   8.637599 0.544015 -0.090417 1.245145 0.798519 0.092697
 11   6.790465 -0.619039 0.017802 -0.229153 -0.625948 -0.060529
 12   -2.022474 -0.104699 -2.873818 0.289580 1.392420 -2.874219
 13   1.167898 -0.537463 0.063297 0.308671 -1.158767 -0.371835
 14   7.002743 -0.617765 -0.183752 -0.007741 -1.130332 -1.900513
 15   8.209042 0.615527 -0.255885 1.604604 -0.088509 0.044254
 16   7.002735 -0.617911 -0.183641 -0.374269 -0.771183 -0.958579
 17   1.574674 0.609930 -0.000899 0.103950 0.302826 -0.116398
 18   -0.602177 0.511412 -0.000006 0.000000 0.000000 0.000000
 19   3.677679 0.177020 1.119313 -0.000002 -0.000014 -0.174510
 20   3.677673 0.176993 -1.117566 0.000007 -0.000003 -0.174546
 21   3.942357 1.334540 1.627658 0.000002 -0.000011 -0.000026
 22   -0.246060 -0.011889 0.516521 -0.000011 0.000031 0.000025
 23   3.942374 1.334565 -1.631083 0.000019 0.000002 -0.000024
 24   -0.246150 -0.011872 -0.516511 -0.000005 -0.000006 0.000048
 25   4.941364 1.997338 1.629330 0.000018 -0.000001 -0.000024
 26   4.941382 1.997366 -1.629410 -0.000001 0.000005 -0.000024
 27   2.914462 1.619264 1.514501 -0.000019 -0.000022 -0.000050
 28   2.920798 1.618870 -1.501142 -0.000002 -0.000009 -0.000024
 29   8.824059 0.150544 0.091743 -0.002489 -0.014474 -0.173407
 30   2.111085 -0.561179 1.784320 -0.000008 -0.000682 0.000024
 31   2.121290 -0.561289 -1.853599 0.000000 0.000000 -0.000002
 32   -0.802676 -0.093824 3.127092 0.044159 -3.092711 0.195926
 33   14.298673 -0.408176 0.518454 -0.017394 -0.094870 -0.115951
 34   15.835795 0.581398 0.242756 -0.000811 0.023965 0.068310
 35   -0.831494 -0.091229 -3.114430 0.052734 3.300803 -0.139032
 36   14.294526 -0.410349 -0.455822 -0.025051 -0.122303 -0.960619
 37   15.834409 0.579420 -0.284600 0.111354 -0.048897 0.052211
 38   2.155341 -3.172490 -2.632401 0.047192 -0.352576 0.132882
 39   -4.457742 -1.047041 -0.746180 0.002709 -0.000276 -0.014276
 40   0.102445 -3.731028 3.045878 0.047192 -0.352575 0.132881
 41   -4.433840 -1.066943 0.959566 0.002708 -0.000276 -0.014276
 42   -0.071513 1.634800 -3.005030 -0.070757 -0.099275 0.009577
 43   -0.484375 1.772799 3.189699 0.024551 0.324909 -0.074277
time 81
  0   -0.401123 2.578204 -27.160614 0.000000 0.058410 -1.414606
  1   -1.093036 0.000002 -0.326057 -3.088693 -0.049940 1.521002
  2   2.262337 0.113614 0.064702 0.023079 -0.067269 0.032967
  3   2.380047 0.353302 0.047440 -0.004035 0.246675 0.045198
  4   2.033756 0.190472 -0.000128 -0.007184 0.046728 -0.086800
  5   2.451511 0.204909 -0.003447 -0.039352 0.168999 -0.096796
  6   7.247600 -0.397300 -0.109469 0.000756 -0.000147 0.155245
  7   -2.022252 -0.104661 3.136172 -3.159472 -1.117897 -0.137696
  8   1.168026 -0.537438 -0.063437 0.091991 -0.000588 -0.132087
  9   6.790376 -0.619176 0.015206 -0.311843 -2.222133 0.008677
 10   8.637599 0.544015 -0.090417 1.245145 0.798519 0.092697
 11   6.790465 -0.619039 0.017802 -0.229153 -0.625920 -0.060529
 12   -2.022474 -0.104699 -2.873818 0.289580 1.392420 -2.874219
 13   1.167898 -0.537463 0.063297 0.308671 -1.158767 -0.371835
 14   7.002743 -0.617765 -0.183752 -0.006261 -1.129992 -1.901998
 15   8.209042 0.615527 -0.255885 1.604748 -0.087979 0.040225
 16   7.002735 -0.617911 -0.183641 -0.373375 -0.771465 -0.959241
 17   1.574674 0.609930 -0.000899 0.103950 0.302826 -0.116398
 18   -0.602177 0.511412 -0.000006 0.000000 0.000000 0.000000
 19   3.673773 0.177020 1.119313 -0.000002 -0.000014 -0.174510
 20   3.677673 0.176993 -1.117566 0.000007 -0.000003 -0.174546
 21   3.942357 1.334540 1.627658 0.000002 -0.000011 -0.000026
 22   -0.246060 -0.011889 0.516521 -0.000011 0.000031 0.000025
 23   3.942374 1.334565 -1.631083 0.000019 0.000002 -0.000024
 24   -0.246150 -0.011872 -0.516511 -0.000005 -0.000006 0.000048
 25   4.941364 1.997338 1.629330 0.000018 -0.000001 -0.000024
 26   4.941382 1.997366 -1.629410 -0.000001 0.000005 -0.000024
 27   2.914462 1.623171 1.514501 -0.000019 -0.000022 -0.000050
 28   2.920798 1.618870 -1.501142 -0.000002 -0.000009 -0.000024
 29   8.824059 0.150544 0.091743 -0.001955 -0.011673 -0.173622
 30   2.111085 -0.561179 1.784320 -0.000008 -0.000682 0.000024
 31   2.121290 -0.561289 -1.853599 0.000000 0.000000 -0.000002
 32   -0.802676 -0.093824 3.127092 0.044159 -3.092711 0.195926
 33   14.298673 -0.408176 0.518454 -0.017394 -0.094870 -0.115951
 34   15.835795 0.581398 0.242756 -0.000811 0.023965 0.068310
 35   -0.831494 -0.091229 -3.114430 0.052734 3.300803 -0.139032
 36   14.294526 -0.410349 -0.455822 -0.025027 -0.122363 -0.961546
 37   15.834409 0.579420 -0.284600 0.110841 -0.048820 0.054037
 38   2.155341 -3.172490 -2.632401 0.047192 -0.352576 0.132882
 39   -4.457742 -1.047041 -0.746180 0.002181 -0.000216 -0.011471
 40   0.102445 -3.731028 3.045878 0.047192 -0.352575 0.132881
 41   -4.433840 -1.066943 0.959566 0.002180 -0.000216 -0.011471
 42   -0.071513 1.634800 -3.012843 -0.071272 -0.102127 0.010121
 43   -0.484375 1.772799 3.189699 0.024988 0.327545 -0.074444
time 82
  0   -0.401123 2.578204 -27.160614 0.000000 0.058410 -1.414606
  1   -1.093036 0.000002 -0.326057 -3.088693 -0.049940 1.521002
  2   2.262337 0.113614 0.064702 0.023079 -0.067269 0.032967
  3   2.380047 0.353302 0.047440 -0.004035 0.246699 0.045382
  4   2.033756 0.190472 -0.000128 -0.007258 0.046764 -0.086474
  5   2.451511 0.204909 -0.003447 -0.039044 0.168908 -0.097786
  6   7.247600 -0.397300 -0.109469 0.000588 -0.000099 0.155594
  7   -2.022252 -0.104661 3.136172 -3.159472 -1.117897 -0.137696
  8   1.168026 -0.537438 -0.063437 0.091991 -0.000588 -0.132087
  9   6.790376 -0.619176 0.015206 -0.311843 -2.222133 0.008677
 10   8.637599 0.544015 -0.090417 1.245145 0.798519 0.092697
 11   6.790465 -0.619039 0.017802 -0.229153 -0.625948 -0.060529
 12   -2.022474 -0.104699 -2.873818 0.289580 1.392420 -2.874219
 13   1.167898 -0.537463 0.063297 0.308671 -1.158767 -0.371835
 14   7.002743 -0.617765 -0.183752 -0.004895 -1.129765 -1.903236
 15   8.209042 0.615527 -0.255885 1.604891 -0.087450 0.036557
 16   7.002735 -0.617911 -0.183641 -0.372622 -0.771803 -0.959848
 17   1.574674 0.609930 -0.000899 0.103950 0.302826 -0.116398
 18   -0.602177 0.511412 -0.000006 0.000000 0.000000 0.000000
 19   3.677679 0.177020 1.119313 -0.000002 -0.000014 -0.174510
 20   3.677673 0.176993 -1.117566 0.000007 -0.000003 -0.174546
 21   3.942357 1.334540 1.627658 0.000002 -0.000011 -0.000026
 22   -0.246060 -0.011889 0.516521 -0.000011 0.000031 0.000025
 23   3.942374 1.334565 -1.631083 0.000019 0.000002 -0.000024
 24   -0.246150 -0.011872 -0.516511 -0.000005 -0.000006 0.000048
 25   4.941364 1.997338 1.629330 0.000018 -0.000001 -0.000024
 26   4.941382 1.997366 -1.629410 -0.000001 0.000005 -0.000024
 27   2.914462 1.619264 1.514501 -0.000019 -0.000022 -0.000050
 28   2.920798 1.618870 -1.501142 -0.000002 -0.000009 -0.000024
 29   8.824059 0.150544 0.091743 -0.001509 -0.009133 -0.173837
 30   2.111085 -0.561179 1.784320 -0.000008 -0.000682 0.000024
 31   2.121290 -0.561289 -1.853599 0.000000 0.000000 -0.000002
 32   -0.802676 -0.093824 3.127092 0.044159 -3.092711 0.195926
 33   14.298673 -0.408176 0.518454 -0.017394 -0.094870 -0.115951
 34   15.835795 0.581398 0.242756 -0.000811 0.023965 0.068310
 35   -0.831494 -0.091229 -3.114430 0.052734 3.300803 -0.139032
 36   14.294526 -0.410349 -0.455822 -0.025003 -0.122411 -0.962396
 37   15.834409 0.579420 -0.284600 0.110368 -0.048744 0.055659
 38   2.155341 -3.172490 -2.632401 0.047192 -0.352576 0.132882
 39   -4.457742 -1.050948 -0.746180 0.001702 -0.000168 -0.008947
 40   0.102445 -3.731028 3.045878 0.047192 -0.352575 0.132881
 41   -4.433840 -1.063036 0.959566 0.001701 -0.000168 -0.008947
 42   -0.071513 1.634800 -3.020655 -0.071740 -0.104718 0.010665
 43   -0.484375 1.772799 3.189699 0.025375 0.329930 -0.074527
time 83
  0   -0.401123 2.578204 -27.160614 0.000000 0.058410 -1.414606
  1   -1.093036 0.000002 -0.326057 -3.088693 -0.049940 1.521002
  2   2.262337 0.113614 0.064702 0.023079 -0.067269 0.032967
  3   2.380047 0.353302 0.047440 -0.004020 0.246723 0.045545
  4   2.033756 0.190472 -0.000128 -0.007313 0.046800 -0.086220
  5   2.451511 0.204909 -0.003447 -0.038770 0.168817 -0.098703
  6   7.247600 -0.397300 -0.109469 0.000432 -0.000063 0.155910
  7   -2.022252 -0.104661 3.136172 -3.159472 -1.117897 -0.137696
  8   1.168026 -0.537438 -0.063437 0.091991 -0.000588 -0.132087
  9   6.790376 -0.619176 0.015206 -0.311843 -2.222133 0.008677
 10   8.637599 0.544015 -0.090417 1.245145 0.798519 0.092697
 11   6.790465 -0.619039 0.017802 -0.229153 -0.625920 -0.060529
 12   -2.022474 -0.104699 -2.873818 0.289580 1.392420 -2.874219
 13   1.167898 -0.537463 0.063297 0.308671 -1.158767 -0.371835
 14   7.002743 -0.617765 -0.183752 -0.003699 -1.129481 -1.904391
 15   8.209042 0.615527 -0.255885 1.605035 -0.086996 0.033249
 16   7.002735 -0.617911 -0.183641 -0.371915 -0.772029 -0.960345
 17   1.574674 0.609930 -0.000899 0.103950 0.302826 -0.116398
 18   -0.602177 0.511412 -0.000006 0.000000 0.000000 0.000000
 19   3.673773 0.177020 1.119313 -0.000002 -0.000014 -0.174510
 20   3.677673 0.176993 -1.117566 0.000007 -0.000003 -0.174546
 21   3.942357 1.334540 1.627658 0.000002 -0.000011 -0.000026
 22   -0.246060 -0.011889 0.516521 -0.000011 0.000031 0.000025
 23   3.942374 1.334565 -1.631083 0.000019 0.000002 -0.000024
 24   -0.246150 -0.011872 -0.516511 -0.000005 -0.000006 0.000048
 25   4.941364 1.997338 1.629330 0.000018 -0.000001 -0.000024
 26   4.941382 1.997366 -1.629410 -0.000001 0.000005 -0.000024
 27   2.914462 1.619264 1.514501 -0.000019 -0.000022 -0.000050
 28   2.920798 1.618870 -1.501142 -0.000002 -0.000009 -0.000024
 29   8.824059 0.150544 0.091743 -0.001153 -0.006878 -0.173998
 30   2.111085 -0.561179 1.784320 -0.000008 -0.000682 0.000024
 31   2.121290 -0.561289 -1.853599 0.000000 0.000000 -0.000002
 32   -0.802676 -0.093824 3.127092 0.044159 -3.092711 0.195926
 33   14.298673 -0.408176 0.518454 -0.017394 -0.094870 -0.115951
 34   15.835795 0.581398 0.242756 -0.000811 0.023965 0.068310
 35   -0.831494 -0.091229 -3.114430 0.052734 3.300803 -0.139032
 36   14.294526 -0.410349 -0.455822 -0.024979 -0.122447 -0.963091
 37   15.834409 0.579420 -0.284600 0.109955 -0.048667 0.057129
 38   2.155341 -3.172490 -2.632401 0.047192 -0.352576 0.132882
 39   -4.457742 -1.050948 -0.746180 0.001270 -0.000120 -0.006675
 40   0.102445 -3.731028 3.045878 0.047192 -0.352575 0.132881
 41   -4.433840 -1.063036 0.959566 0.001269 -0.000120 -0.006675
 42   -0.071513 1.630894 -3.024562 -0.072147 -0.107033 0.011083
 43   -0.484375 1.772799 3.189699 0.025725 0.332064 -0.074653
time 84
  0   -0.401123 2.578204 -27.160614 0.000000 0.058410 -1.414606
  1   -1.093036 0.000002 -0.326057 -3.088693 -0.049940 1.521002
  2   2.262337 0.113614 0.064702 0.023079 -0.067269 0.032967
  3   2.380047 0.353302 0.047440 -0.004020 0.246747 0.045708
  4   2.033756 0.190472 -0.000128 -0.007369 0.046824 -0.086003
  5   2.451511 0.204909 -0.003447 -0.038530 0.168751 -0.099470
  6   7.247600 -0.397300 -0.109469 0.000313 -0.000027 0.156195
  7   -2.022252 -0.104661 3.136172 -3.159472 -1.117897 -0.137696
  8   1.168026 -0.537438 -0.063437 0.091991 -0.000588 -0.132087
  9   6.790376 -0.619176 0.015206 -0.311843 -2.222133 0.008677
 10   8.637599 0.544015 -0.090417 1.245145 0.798519 0.092697
 11   6.790465 -0.619039 0.017802 -0.229153 -0.625920 -0.060529
 12   -2.022474 -0.104699 -2.873818 0.289580 1.392420 -2.874219
 13   1.167898 -0.537463 0.063297 0.308671 -1.158767 -0.371835
 14   7.002743 -0.617765 -0.183752 -0.002617 -1.129310 -1.905463
 15   8.209042 0.615527 -0.255885 1.605107 -0.086617 0.030423
 16   7.002735 -0.617911 -0.183641 -0.371351 -0.772254 -0.960841
 17   1.574674 0.609930 -0.000899 0.103950 0.302826 -0.116398
 18   -0.602177 0.511412 -0.000006 0.000000 0.000000 0.000000
 19   3.677679 0.177020 1.119313 -0.000002 -0.000014 -0.174510
 20   3.677673 0.176993 -1.117566 0.000007 -0.000003 -0.174546
 21   3.942357 1.334540 1.627658 0.000002 -0.000011 -0.000026
 22   -0.246060 -0.011889 0.516521 -0.000011 0.000031 0.000025
 23   3.942374 1.334565 -1.631083 0.000019 0.000002 -0.000024
 24   -0.246150 -0.011872 -0.516511 -0.000005 -0.000006 0.000048
 25   4.941364 1.997338 1.629330 0.000018 -0.000001 -0.000024
 26   4.941382 1.997366 -1.629410 -0.000001 0.000005 -0.000024
 27   2.914462 1.619264 1.514501 -0.000019 -0.000022 -0.000050
 28   2.920798 1.618870 -1.501142 -0.000002 -0.000009 -0.000024
 29   8.824059 0.150544 0.091743 -0.000796 -0.004931 -0.174158
 30   2.111085 -0.561179 1.784320 -0.000008 -0.000682 0.000024
 31   2.121290 -0.561289 -1.853599 0.000000 0.000000 -0.000002
 32   -0.802676 -0.093824 3.127092 0.044159 -3.092711 0.195926
 33   14.298673 -0.408176 0.518454 -0.017394 -0.094870 -0.115951
 34   15.835795 0.581398 0.242756 -0.000811 0.023965 0.068310
 35   -0.831494 -0.091229 -3.114430 0.052734 3.300803 -0.139032
 36   14.294526 -0.410349 -0.455822 -0.024967 -0.122483 -0.963709
 37   15.834409 0.579420 -0.284600 0.109600 -0.048590 0.058397
 38   2.155341 -3.172490 -2.632401 0.047192 -0.352576 0.132882
 39   -4.457742 -1.054854 -0.746180 0.000887 -0.000084 -0.004712
 40   0.102445 -3.731028 3.045878 0.047192 -0.352575 0.132881
 41   -4.433840 -1.059130 0.959566 0.000886 -0.000084 -0.004712
 42   -0.071513 1.630894 -3.028468 -0.072507 -0.109026 0.011501
 43   -0.484375 1.772799 3.189699 0.026025 0.333916 -0.074737
time 85
  0   -0.401123 2.578204 -27.160614 0.000000 0.058410 -1.414606
  1   -1.093036 0.000002 -0.326057 -3.088693 -0.049940 1.521002
  2   2.262337 0.113614 0.064702 0.023079 -0.067269 0.032967
  3   2.380047 0.353302 0.047440 -0.004020 0.246759 0.045831
  4   2.033756 0.190472 -0.000128 -0.007405 0.046848 -0.085785
  5   2.451511 0.204909 -0.003447 -0.038325 0.168686 -0.100139
  6   7.247600 -0.397300 -0.109469 0.000193 -0.000003 0.156417
  7   -2.022252 -0.104661 3.136172 -3.159472 -1.117897 -0.137696
  8   1.168026 -0.537438 -0.063437 0.091991 -0.000588 -0.132087
  9   6.790376 -0.619176 0.015206 -0.311843 -2.222133 0.008677
 10   8.637599 0.544015 -0.090417 1.245145 0.798519 0.092697
 11   6.790465 -0.619039 0.017802 -0.229153 -0.625920 -0.060529
 12   -2.022474 -0.104699 -2.873818 0.289580 1.392420 -2.874219
 13   1.167898 -0.537463 0.063297 0.308671 -1.158767 -0.371835
 14   7.002743 -0.617765 -0.183752 -0.001763 -1.129140 -1.906288
 15   8.209042 0.615527 -0.255885 1.605179 -0.086315 0.028017
 16   7.002735 -0.617911 -0.183641 -0.370833 -0.772480 -0.961228
 17   1.574674 0.609930 -0.000899 0.103950 0.302826 -0.116398
 18   -0.602177 0.511412 -0.000006 0.000000 0.000000 0.000000
 19   3.677679 0.177020 1.119313 -0.000002 -0.000014 -0.174510
 20   3.677673 0.176993 -1.117566 0.000007 -0.000003 -0.174546
 21   3.942357 1.334540 1.627658 0.000002 -0.000011 -0.000026
 22   -0.246060 -0.011889 0.516521 -0.000011 0.000031 0.000025
 23   3.942374 1.334565 -1.631083 0.000019 0.000002 -0.000024
 24   -0.246150 -0.011872 -0.516511 -0.000005 -0.000006 0.000048
 25   4.941364 1.997338 1.629330 0.000018 -0.000001 -0.000024
 26   4.941382 1.997366 -1.629410 -0.000001 0.000005 -0.000024
 27   2.914462 1.619264 1.514501 -0.000019 -0.000022 -0.000050
 28   2.920798 1.618870 -1.501142 -0.000002 -0.000009 -0.000024
 29   8.824059 0.150544 0.091743 -0.000529 -0.003269 -0.174319
 30   2.111085 -0.561179 1.784320 -0.000008 -0.000682 0.000024
 31   2.121290 -0.561289 -1.853599 0.000000 0.000000 -0.000002
 32   -0.802676 -0.093824 3.127092 0.044159 -3.092711 0.195926
 33   14.298673 -0.408176 0.518454 -0.017394 -0.094870 -0.115951
 34   15.835795 0.581398 0.242756 -0.000811 0.023965 0.068310
 35   -0.831494 -0.091229 -3.114430 0.052734 3.300803 -0.139032
 36   14.294526 -0.410349 -0.455822 -0.024943 -0.122519 -0.964250
 37   15.834409 0.579420 -0.284600 0.109305 -0.048539 0.059462
 38   2.155341 -3.172490 -2.632401 0.047192 -0.352576 0.132882
 39   -4.457742 -1.054854 -0.746180 0.000575 -0.000060 -0.003057
 40   0.102445 -3.731028 3.045878 0.047192 -0.352575 0.132881
 41   -4.433840 -1.059130 0.959566 0.000574 -0.000060 -0.003057
 42   -0.071513 1.630894 -3.032374 -0.072806 -0.110713 0.011836
 43   -0.484375 1.772799 3.189699 0.026288 0.335469 -0.074820
time 86
  0   -0.401123 2.578204 -27.160614 0.000000 0.058410 -1.414606
  1   -1.093036 0.000002 -0.326057 -3.088693 -0.049940 1.521002
  2   2.262337 0.113614 0.064702 0.023079 -0.067269 0.032967
  3   2.380047 0.353302 0.047440 -0.004005 0.246771 0.045912
  4   2.033756 0.190472 -0.000128 -0.007442 0.046860 -0.085640
  5   2.451511 0.204909 -0.003447 -0.038171 0.168647 -0.100659
  6   7.247600 -0.397300 -0.109469 0.000109 0.000009 0.156607
  7   -2.022252 -0.104661 3.136172 -3.159472 -1.117897 -0.137696
  8   1.168026 -0.537438 -0.063437 0.091991 -0.000588 -0.132087
  9   6.790376 -0.619176 0.015206 -0.311843 -2.222133 0.008677
 10   8.637599 0.544015 -0.090417 1.245145 0.798519 0.092697
 11   6.790465 -0.619039 0.017802 -0.229153 -0.625948 -0.060529
 12   -2.022474 -0.104699 -2.873818 0.289580 1.392420 -2.874219
 13   1.167898 -0.537463 0.063297 0.308671 -1.158767 -0.371835
 14   7.002743 -0.617765 -0.183752 -0.001023 -1.128970 -1.906948
 15   8.209042 0.615527 -0.255885 1.605251 -0.086012 0.026153
 16   7.002735 -0.617911 -0.183641 -0.370409 -0.772593 -0.961559
 17   1.574674 0.609930 -0.000899 0.103950 0.302826 -0.116398
 18   -0.602177 0.511412 -0.000006 0.000000 0.000000 0.000000
 19   3.673773 0.177020 1.119313 -0.000002 -0.000014 -0.174510
 20   3.673767 0.176993 -1.117566 0.000007 -0.000003 -0.174546
 21   3.942357 1.334540 1.627658 0.000002 -0.000011 -0.000026
 22   -0.246060 -0.011889 0.516521 -0.000011 0.000031 0.000025
 23   3.942374 1.334565 -1.631083 0.000019 0.000002 -0.000024
 24   -0.246150 -0.011872 -0.516511 -0.000005 -0.000006 0.000048
 25   4.941364 1.997338 1.629330 0.000018 -0.000001 -0.000024
 26   4.941382 1.997366 -1.629410 -0.000001 0.000005 -0.000024
 27   2.914462 1.619264 1.514501 -0.000019 -0.000022 -0.000050
 28   2.920798 1.618870 -1.501142 -0.000002 -0.000009 -0.000024
 29   8.824059 0.150544 0.091743 -0.000261 -0.001964 -0.174427
 30   2.111085 -0.561179 1.784320 -0.000008 -0.000682 0.000024
 31   2.121290 -0.561289 -1.853599 0.000000 0.000000 -0.000002
 32   -0.802676 -0.093824 3.127092 0.044159 -3.092711 0.195926
 33   14.298673 -0.408176 0.518454 -0.017394 -0.094870 -0.115951
 34   15.835795 0.581398 0.242756 -0.000811 0.023965 0.068310
 35   -0.831494 -0.091229 -3.114430 0.052734 3.300803 -0.139032
 36   14.294526 -0.410349 -0.455822 -0.024931 -0.122543 -0.964713
 37   15.834409 0.579420 -0.284600 0.109068 -0.048513 0.060273
 38   2.155341 -3.172490 -2.632401 0.047192 -0.352576 0.132882
 39   -4.457742 -1.054854 -0.746180 0.000324 -0.000024 -0.001739
 40   0.102445 -3.731028 3.045878 0.047192 -0.352575 0.132881
 41   -4.433840 -1.059130 0.959566 0.000323 -0.000024 -0.001739
 42   -0.071513 1.630894 -3.036281 -0.073046 -0.112062 0.012087
 43   -0.484375 1.772799 3.189699 0.026487 0.336693 -0.074904
time 87
  0   -0.401123 2.578204 -27.160614 0.000000 0.058410 -1.414606
  1   -1.093036 0.000002 -0.326057 -3.088693 -0.049940 1.521002
  2   2.262337 0.113614 0.064702 0.023079 -0.067269 0.032967
  3   2.380047 0.353302 0.047440 -0.004005 0.246783 0.045994
  4   2.033756 0.190472 -0.000128 -0.007479 0.046884 -0.085532
  5   2.451511 0.204909 -0.003447 -0.038051 0.168608 -0.101031
  6   7.247600 -0.397300 -0.109469 0.000049 0.000021 0.156734
  7   -2.022252 -0.104661 3.136172 -3.159472 -1.117897 -0.137696
  8   1.168026 -0.537438 -0.063437 0.091991 -0.000588 -0.132087
  9   6.790376 -0.619176 0.015206 -0.311843 -2.222133 0.008677
 10   8.637599 0.544015 -0.090417 1.245145 0.798519 0.092697
 11   6.790465 -0.619039 0.017802 -0.229153 -0.625920 -0.060529
 12   -2.022474 -0.104699 -2.873818 0.289580 1.392420 -2.874219
 13   1.167898 -0.537463 0.063297 0.308671 -1.158767 -0.371835
 14   7.002743 -0.617765 -0.183752 -0.000511 -1.128856 -1.907443
 15   8.209042 0.615527 -0.255885 1.605251 -0.085861 0.024770
 16   7.002735 -0.617911 -0.183641 -0.370127 -0.772706 -0.961780
 17   1.574674 0.609930 -0.000899 0.103950 0.302826 -0.116398
 18   -0.602177 0.511412 -0.000006 0.000000 0.000000 0.000000
 19   3.677679 0.177020 1.119313 -0.000002 -0.000014 -0.174510
 20   3.677673 0.176993 -1.117566 0.000007 -0.000003 -0.174546
 21   3.942357 1.334540 1.627658 0.000002 -0.000011 -0.000026
 22   -0.246060 -0.011889 0.516521 -0.000011 0.000031 0.000025
 23   3.942374 1.334565 -1.631083 0.000019 0.000002 -0.000024
 24   -0.246150 -0.011872 -0.516511 -0.000005 -0.000006 0.000048
 25   4.941364 1.997338 1.629330 0.000018 -0.000001 -0.000024
 26   4.941382 1.997366 -1.629410 -0.000001 0.000005 -0.000024
 27   2.914462 1.619264 1.514501 -0.000019 -0.000022 -0.000050
 28   2.920798 1.618870 -1.501142 -0.000002 -0.000009 -0.000024
 29   8.824059 0.150544 0.091743 -0.000083 -0.001014 -0.174480
 30   2.111085 -0.561179 1.784320 -0.000008 -0.000682 0.000024
 31   2.121290 -0.561289 -1.853599 0.000000 0.000000 -0.000002
 32   -0.802676 -0.093824 3.127092 0.044159 -3.092711 0.195926
 33   14.298673 -0.408176 0.518454 -0.017394 -0.094870 -0.115951
 34   15.835795 0.581398 0.242756 -0.000811 0.023965 0.068310
 35   -0.831494 -0.091229 -3.114430 0.052734 3.300803 -0.139032
 36   14.294526 -0.410349 -0.455822 -0.024919 -0.122555 -0.965022
 37   15.834409 0.579420 -0.284600 0.108891 -0.048462 0.060932
 38   2.155341 -3.172490 -2.632401 0.047192 -0.352576 0.132882
 39   -4.457742 -1.054854 -0.746180 0.000144 -0.000012 -0.000785
 40   0.102445 -3.731028 3.045878 0.047192 -0.352575 0.132881
 41   -4.433840 -1.059130 0.959566 0.000143 -0.000012 -0.000785
 42   -0.071513 1.630894 -3.040187 -0.073226 -0.113043 0.012296
 43   -0.484375 1.772799 3.189699 0.026637 0.337603 -0.074946
time 88
  0   -0.401123 2.578204 -27.160614 0.000000 0.058410 -1.414606
  1   -1.093036 0.000002 -0.326057 -3.088693 -0.049940 1.521002
  2   2.262337 0.113614 0.064702 0.023079 -0.067269 0.032967
  3   2.380047 0.353302 0.047440 -0.004005 0.246795 0.046035
  4   2.033756 0.190472 -0.000128 -0.007498 0.046884 -0.085459
  5   2.451511 0.204909 -0.003447 -0.037982 0.168582 -0.101278
  6   7.247600 -0.397300 -0.109469 0.000013 0.000033 0.156829
  7   -2.022252 -0.104661 3.136172 -3.159472 -1.117897 -0.137696
  8   1.168026 -0.537438 -0.063437 0.091991 -0.000588 -0.132087
  9   6.790376 -0.619176 0.015206 -0.311843 -2.222133 0.008677
 10   8.637599 0.544015 -0.090417 1.245145 0.798519 0.092697
 11   6.790465 -0.619039 0.017802 -0.229153 -0.625948 -0.060529
 12   -2.022474 -0.104699 -2.873818 0.289580 1.392420 -2.874219
 13   1.167898 -0.537463 0.063297 0.308671 -1.158767 -0.371835
 14   7.002743 -0.617765 -0.183752 -0.000226 -1.128799 -1.907773
 15   8.209042 0.615527 -0.255885 1.605323 -0.085710 0.023928
 16   7.002735 -0.617911 -0.183641 -0.369938 -0.772818 -0.961890
 17   1.574674 0.609930 -0.000899 0.103950 0.302826 -0.116398
 18   -0.602177 0.511412 -0.000006 0.000000 0.000000 0.000000
 19   3.677679 0.177020 1.119313 -0.000002 -0.000014 -0.174510
 20   3.677673 0.176993 -1.117566 0.000007 -0.000003 -0.174546
 21   3.942357 1.334540 1.627658 0.000002 -0.000011 -0.000026
 22   -0.246060 -0.011889 0.516521 -0.000011 0.000031 0.000025
 23   3.942374 1.334565 -1.631083 0.000019 0.000002 -0.000024
 24   -0.246150 -0.011872 -0.516511 -0.000005 -0.000006 0.000048
 25   4.941364 1.997338 1.629330 0.000018 -0.000001 -0.000024
 26   4.941382 1.997366 -1.629410 -0.000001 0.000005 -0.000024
 27   2.914462 1.619264 1.514501 -0.000019 -0.000022 -0.000050
 28   2.920798 1.618870 -1.501142 -0.000002 -0.000009 -0.000024
 29   8.824059 0.150544 0.091743 0.000006 -0.000421 -0.174534
 30   2.111085 -0.561179 1.784320 -0.000008 -0.000682 0.000024
 31   2.121290 -0.561289 -1.853599 0.000000 0.000000 -0.000002
 32   -0.802676 -0.093824 3.127092 0.044159 -3.092711 0.195926
 33   14.298673 -0.408176 0.518454 -0.017394 -0.094870 -0.115951
 34   15.835795 0.581398 0.242756 -0.000811 0.023965 0.068310
 35   -0.831494 -0.091229 -3.114430 0.052734 3.300803 -0.139032
 36   14.294526 -0.410349 -0.455822 -0.024919 -0.122567 -0.965176
 37   15.834409 0.579420 -0.284600 0.108773 -0.048462 0.061287
 38   2.155341 -3.172490 -2.632401 0.047192 -0.352576 0.132882
 39   -4.457742 -1.054854 -0.746180 0.000036 0.000000 -0.000196
 40   0.102445 -3.731028 3.045878 0.047192 -0.352575 0.132881
 41   -4.433840 -1.059130 0.959566 0.000035 0.000000 -0.000196
 42   -0.071513 1.630894 -3.040187 -0.073334 -0.113641 0.012421
 43   -0.484375 1.772799 3.189699 0.026725 0.338152 -0.074988
time 89
  0   -0.401123 2.578204 -27.160614 0.000000 0.058410 -1.414606
  1   -1.093036 0.000002 -0.326057 -3.088693 -0.049940 1.521002
  2   2.262337 0.113614 0.064702 0.023079 -0.067269 0.032967
  3   2.380047 0.353302 0.047440 -0.004005 0.246795 0.046055
  4   2.033756 0.190472 -0.000128 -0.007498 0.046884 -0.085423
  5   2.451511 0.204909 -0.003447 -0.037948 0.168582 -0.101353
  6   7.247600 -0.397300 -0.109469 0.000001 0.000033 0.156829
  7   -2.022252 -0.104661 3.136172 -3.159472 -1.117897 -0.137696
  8   1.168026 -0.537438 -0.063437 0.091991 -0.000588 -0.132087
  9   6.790376 -0.619176 0.015206 -0.311843 -2.222133 0.008677
 10   8.637599 0.544015 -0.090417 1.245145 0.798519 0.092697
 11   6.790465 -0.619039 0.017802 -0.229153 -0.625920 -0.060529
 12   -2.022474 -0.104699 -2.873818 0.289580 1.392420 -2.874219
 13   1.167898 -0.537463 0.063297 0.308671 -1.158767 -0.371835
 14   7.002743 -0.617765 -0.183752 -0.000112 -1.128799 -1.907856
 15   8.209042 0.615527 -0.255885 1.605323 -0.085634 0.023627
 16   7.002735 -0.617911 -0.183641 -0.369891 -0.772818 -0.961945
 17   1.574674 0.609930 -0.000899 0.103950 0.302826 -0.116398
 18   -0.602177 0.511412 -0.000006 0.000000 0.000000 0.000000
 19   3.673773 0.177020 1.119313 -0.000002 -0.000014 -0.174510
 20   3.677673 0.176993 -1.117566 0.000007 -0.000003 -0.174546
 21   3.942357 1.334540 1.627658 0.000002 -0.000011 -0.000026
 22   -0.246060 -0.011889 0.516521 -0.000011 0.000031 0.000025
 23   3.942374 1.334565 -1.631083 0.000019 0.000002 -0.000024
 24   -0.246150 -0.011872 -0.516511 -0.000005 -0.000006 0.000048
 25   4.941364 1.997338 1.629330 0.000018 -0.000001 -0.000024
 26   4.941382 1.997366 -1.629410 -0.000001 0.000005 -0.000024
 27   2.914462 1.619264 1.514501 -0.000019 -0.000022 -0.000050
 28   2.920798 1.618870 -1.501142 -0.000002 -0.000009 -0.000024
 29   8.824059 0.150544 0.091743 0.000006 -0.000231 -0.174534
 30   2.111085 -0.561179 1.784320 -0.000008 -0.000682 0.000024
 31   2.121290 -0.561289 -1.853599 0.000000 0.000000 -0.000002
 32   -0.802676 -0.093824 3.127092 0.044159 -3.092711 0.195926
 33   14.298673 -0.408176 0.518454 -0.017394 -0.094870 -0.115951
 34   15.835795 0.581398 0.242756 -0.000811 0.023965 0.068310
 35   -0.831494 -0.091229 -3.114430 0.052734 3.300803 -0.139032
 36   14.294526 -0.410349 -0.455822 -0.024919 -0.122567 -0.965254
 37   15.834409 0.579420 -0.284600 0.108733 -0.048462 0.061439
 38   2.155341 -3.172490 -2.632401 0.047192 -0.352576 0.132882
 39   -4.457742 -1.054854 -0.746180 0.000000 0.000000 0.000000
 40   0.102445 -3.731028 3.045878 0.047192 -0.352575 0.132881
 41   -4.433840 -1.059130 0.959566 -0.000001 0.000000 0.000000
 42   -0.071513 1.630894 -3.040187 -0.073370 -0.113856 0.012463
 43   -0.484375 1.772799 3.189699 0.026750 0.338356 -0.074988
end
