version 1
nodes
  0 "Bip01" -1
  1 "Bip01 Pelvis" 0
  2 "Bip01 Spine" 1
  3 "Bip01 Spine1" 2
  4 "Bip01 Spine2" 3
  5 "Bip01 Spine3" 4
  6 "Bip01 Neck" 5
  7 "Bip01 L Arm" 6
  8 "Bip01 L Arm1" 7
  9 "Bip01 L Arm2" 8
 10 "Bip01 L Hand" 9
 11 "Bip06 L elbow2-smooth" 8
 12 "Bip01 R Arm" 6
 13 "Bip01 R Arm1" 12
 14 "Bip01 R Arm2" 13
 15 "Bip01 R Hand" 14
 16 "Bip06 R elbow2-smooth" 13
 17 "Bip01 Head" 6
 18 "Bip06 Head_helper" 17
 19 "Bip06 Head_eyes_l" 18
 20 "Bip06 Head_eyes_r" 18
 21 "Bip06 Head_blink_l" 18
 22 "Bip06 Head_blink_smooth_l1" 21
 23 "Bip06 Head_blink_r" 18
 24 "Bip06 Head_blink_smooth_r1" 23
 25 "Bip06 Head_L_eyebrow" 18
 26 "Bip06 Head_R_eyebrow" 18
 27 "Bip06 Head_blink_l_lid" 18
 28 "Bip06 Head_blink_r_lid" 18
 29 "Bip06 bunny" 18
 30 "Bip06 bunnyL" 29
 31 "Bip06 bunnyR" 29
 32 "Bip01 L Leg" 1
 33 "Bip01 L Leg1" 32
 34 "Bip01 L Foot" 33
 35 "Bip01 R Leg" 1
 36 "Bip01 R Leg1" 35
 37 "Bip01 R Foot" 36
 38 "Bip03 HairR1" 17
 39 "Bip03 HairR2" 38
 40 "Bip03 HairL1" 17
 41 "Bip03 HairL2" 40
 42 "Bip03 swingR" 17
 43 "Bip03 swingL" 17
end
skeleton
time 0
  0   0.001233 0.187506 0.867585 0.000000 0.000000 -1.571354
  1   -1.093036 0.000002 -0.326057 -0.000729 -1.568388 -1.570022
  2   2.262337 0.113614 0.064702 -0.068147 -0.006938 -0.045913
  3   2.380047 0.353302 0.047440 -0.144970 -0.006691 0.022466
  4   2.033756 0.190472 -0.000128 -0.099692 0.005753 0.184146
  5   2.451511 0.204909 -0.003447 -0.176800 -0.005227 0.178596
  6   7.247600 -0.397300 -0.109469 -0.091897 0.032679 0.231869
  7   -2.022252 -0.104661 3.136172 0.678201 -1.401038 -4.048374
  8   1.168026 -0.537438 -0.063437 -0.354199 0.747032 -0.602302
  9   6.790376 -0.619176 0.015206 -0.000102 -0.000085 -0.662002
 10   8.637599 0.544015 -0.090417 -3.786969 0.614448 0.029396
 11   6.790465 -0.619039 0.017802 -0.000955 -0.011225 -0.478672
 12   -2.022474 -0.104699 -2.873818 -1.403044 0.725276 -4.685640
 13   1.167898 -0.537463 0.063297 0.803346 -0.487843 -1.367753
 14   7.002743 -0.617765 -0.183752 0.000059 0.000023 -0.194879
 15   8.209042 0.615527 -0.255885 2.208876 0.210497 0.398884
 16   7.002735 -0.617911 -0.183641 0.014579 0.001334 -0.155082
 17   1.574674 0.609930 -0.000899 0.473077 -0.265700 0.196736
 18   -0.602177 0.511412 -0.000006 0.000000 0.000000 0.000000
 19   3.673773 0.177020 1.119313 -0.000002 -0.000014 -0.174510
 20   3.673767 0.176993 -1.117566 0.000007 -0.000003 -0.174546
 21   3.942357 1.334540 1.627658 0.000002 -0.000011 -0.000026
 22   -0.246060 -0.011889 0.516521 -0.000011 0.000031 0.000025
 23   3.942374 1.334565 -1.631083 0.000019 0.000002 -0.000024
 24   -0.246150 -0.011872 -0.516511 -0.000005 -0.000006 0.000048
 25   4.941364 1.997338 1.629330 0.000018 -0.000001 -0.000024
 26   4.941382 1.997366 -1.629410 -0.000001 0.000005 -0.000024
 27   2.914462 1.619264 1.514501 -0.000019 -0.000022 -0.000050
 28   2.916892 1.618870 -1.501142 -0.000002 -0.000009 -0.000024
 29   8.824059 0.150544 0.091743 0.000006 -0.000231 -0.174534
 30   2.111085 -0.561179 1.784320 -0.000008 -0.000682 0.000024
 31   2.121290 -0.561289 -1.853599 0.000000 0.000000 -0.000002
 32   -0.814395 -0.093824 3.127092 -0.129489 -2.975237 -0.324172
 33   14.298673 -0.408176 0.471578 0.000032 -0.000248 -0.436322
 34   15.835795 0.581398 0.242756 0.162139 -0.013958 0.022620
 35   -0.815868 -0.091229 -3.114430 0.096037 3.002497 -0.031284
 36   14.294526 -0.410349 -0.467541 0.000081 0.000036 -0.399441
 37   15.834409 0.579420 -0.284600 -0.088743 0.040098 0.278088
 38   1.139685 -3.453749 -2.823813 0.000000 0.000000 0.000001
 39   -4.457742 -1.054854 -0.746180 0.000000 0.000000 0.000000
 40   1.118101 -3.449769 3.237290 0.000000 0.000001 0.000000
 41   -4.433840 -1.059130 0.959566 -0.000001 0.000000 0.000000
 42   -0.657468 1.697302 -2.688614 0.000000 0.000002 0.000000
 43   -0.664068 1.698578 2.869377 0.000000 0.000002 0.000000
time 1
  0   0.001233 0.187506 0.867585 0.000000 0.000000 -1.571354
  1   -1.093036 0.000002 -0.326057 -0.000729 -1.568388 -1.570022
  2   2.262337 0.113614 0.064702 -0.068147 -0.007430 -0.045913
  3   2.380047 0.353302 0.047440 -0.094581 -0.009748 0.005652
  4   2.033756 0.190472 -0.000128 -0.061405 0.001151 0.158700
  5   2.451511 0.204909 -0.003447 -0.132553 -0.009353 0.176912
  6   7.247600 -0.397300 -0.109469 -0.091897 0.032679 0.231869
  7   -2.022252 -0.104661 3.136172 1.092308 -1.363649 -4.461606
  8   1.168026 -0.537438 -0.063437 -0.491961 0.791712 -0.696370
  9   6.790376 -0.619176 0.015206 -0.000102 -0.000085 -0.784561
 10   8.637599 0.544015 -0.090417 -3.591465 0.695186 0.216189
 11   6.790465 -0.619039 0.017802 -0.000488 -0.011310 -0.564377
 12   -2.022474 -0.104699 -2.873818 -1.382541 0.860295 -4.692246
 13   1.167898 -0.537463 0.063297 1.065341 -0.521560 -1.411883
 14   7.002743 -0.617765 -0.183752 0.000059 0.000023 -0.548084
 15   8.209042 0.615527 -0.255885 2.119213 0.197484 0.344820
 16   7.002735 -0.617911 -0.183641 0.014485 0.003026 -0.402290
 17   1.574674 0.609930 -0.000899 0.408651 -0.188333 0.273578
 18   -0.602177 0.511412 -0.000006 0.000000 0.000000 0.000000
 19   3.673773 0.177020 1.119313 -0.000002 -0.000014 -0.174510
 20   3.673767 0.176993 -1.117566 0.000007 -0.000003 -0.174546
 21   3.942357 1.334540 1.627658 0.000002 -0.000011 -0.000026
 22   -0.246060 -0.011889 0.516521 -0.000011 0.000031 0.000025
 23   3.942374 1.334565 -1.631083 0.000019 0.000002 -0.000024
 24   -0.246150 -0.011872 -0.516511 -0.000005 -0.000006 0.000048
 25   4.941364 1.997338 1.629330 0.000018 -0.000001 -0.000024
 26   4.941382 1.997366 -1.629410 -0.000001 0.000005 -0.000024
 27   2.914462 1.619264 1.514501 -0.000019 -0.000022 -0.000050
 28   2.916892 1.618870 -1.501142 -0.000002 -0.000009 -0.000024
 29   8.824059 0.150544 0.091743 0.000006 -0.000231 -0.174534
 30   2.111085 -0.561179 1.784320 -0.000008 -0.000682 0.000024
 31   2.121290 -0.561289 -1.853599 0.000000 0.000000 -0.000002
 32   -0.814395 -0.093824 3.127092 -0.129489 -2.975237 -0.324172
 33   14.298673 -0.408176 0.471578 0.000032 -0.000248 -0.436322
 34   15.835795 0.581398 0.242756 0.162139 -0.013958 0.022620
 35   -0.815868 -0.091229 -3.114430 0.096037 3.002497 -0.031284
 36   14.294526 -0.410349 -0.467541 0.000081 0.000036 -0.399441
 37   15.834409 0.579420 -0.284600 -0.088743 0.040098 0.278088
 38   1.139685 -3.453749 -2.823813 0.000000 0.000000 0.000001
 39   -4.457742 -1.054854 -0.746180 0.000000 0.000000 0.000000
 40   1.118101 -3.449769 3.237290 0.000000 0.000001 0.000000
 41   -4.433840 -1.059130 0.959566 -0.000001 0.000000 0.000000
 42   -0.657468 1.697302 -2.688614 0.000000 0.000002 0.000000
 43   -0.664068 1.698578 2.869377 0.000000 0.000002 0.000000
time 2
  0   0.001233 0.187506 0.867585 0.000000 0.000000 -1.571354
  1   -1.093036 0.000002 -0.326057 -0.000729 -1.568388 -1.570022
  2   2.262337 0.113614 0.064702 -0.068147 -0.007753 -0.045858
  3   2.380047 0.353302 0.047440 -0.044238 -0.011989 -0.011203
  4   2.033756 0.190472 -0.000128 -0.023026 -0.001330 0.129775
  5   2.451511 0.204909 -0.003447 -0.088323 -0.013074 0.174807
  6   7.247600 -0.397300 -0.109469 -0.091897 0.032679 0.231869
  7   -2.022252 -0.104661 3.136172 1.303866 -1.310060 -4.673857
  8   1.168026 -0.537438 -0.063437 -0.568910 0.906378 -0.717499
  9   6.790376 -0.619176 0.015206 -0.000102 -0.000085 -0.939269
 10   8.637599 0.544015 -0.090417 -3.215340 0.774164 0.468598
 11   6.790465 -0.619039 0.017802 0.000125 -0.011395 -0.672748
 12   -2.022474 -0.104699 -2.873818 -1.372960 0.987014 -4.704310
 13   1.167898 -0.537463 0.063297 1.291765 -0.550954 -1.421386
 14   7.002743 -0.617765 -0.183752 0.000172 0.000023 -0.887842
 15   8.209042 0.615527 -0.255885 2.020921 0.189313 0.291058
 16   7.002735 -0.617911 -0.183641 0.014249 0.004774 -0.640061
 17   1.574674 0.609930 -0.000899 0.362058 -0.108978 0.378954
 18   -0.602177 0.511412 -0.000006 0.000000 0.000000 0.000000
 19   3.673773 0.177020 1.119313 -0.000002 -0.000014 -0.174510
 20   3.673767 0.176993 -1.117566 0.000007 -0.000003 -0.174546
 21   3.942357 1.334540 1.627658 0.000002 -0.000011 -0.000026
 22   -0.246060 -0.011889 0.516521 -0.000011 0.000031 0.000025
 23   3.942374 1.334565 -1.631083 0.000019 0.000002 -0.000024
 24   -0.246150 -0.011872 -0.516511 -0.000005 -0.000006 0.000048
 25   4.941364 1.997338 1.629330 0.000018 -0.000001 -0.000024
 26   4.941382 1.997366 -1.629410 -0.000001 0.000005 -0.000024
 27   2.914462 1.619264 1.514501 -0.000019 -0.000022 -0.000050
 28   2.916892 1.618870 -1.501142 -0.000002 -0.000009 -0.000024
 29   8.824059 0.150544 0.091743 0.000006 -0.000231 -0.174534
 30   2.111085 -0.561179 1.784320 -0.000008 -0.000682 0.000024
 31   2.121290 -0.561289 -1.853599 0.000000 0.000000 -0.000002
 32   -0.814395 -0.093824 3.127092 -0.129489 -2.975237 -0.324172
 33   14.298673 -0.408176 0.471578 0.000032 -0.000248 -0.436322
 34   15.835795 0.581398 0.242756 0.162139 -0.013958 0.022620
 35   -0.815868 -0.091229 -3.114430 0.096037 3.002497 -0.031284
 36   14.294526 -0.410349 -0.467541 0.000081 0.000036 -0.399441
 37   15.834409 0.579420 -0.284600 -0.088743 0.040098 0.278088
 38   1.139685 -3.453749 -2.823813 0.000000 0.000000 0.000001
 39   -4.457742 -1.054854 -0.746180 0.000000 0.000000 0.000000
 40   1.118101 -3.449769 3.237290 0.000000 0.000001 0.000000
 41   -4.433840 -1.059130 0.959566 -0.000001 0.000000 0.000000
 42   -0.657468 1.697302 -2.688614 0.000000 0.000002 0.000000
 43   -0.664068 1.698578 2.869377 0.000000 0.000002 0.000000
time 3
  0   0.001233 0.187506 0.867585 0.000000 0.000000 -1.571354
  1   -1.093036 0.000002 -0.326057 -0.000886 -1.568388 -1.569829
  2   2.262337 0.113614 0.064702 -0.068147 -0.006938 -0.045913
  3   2.380047 0.353302 0.047440 -0.012766 -0.013259 -0.021303
  4   2.033756 0.190472 -0.000128 0.013361 -0.005633 0.104801
  5   2.451511 0.204909 -0.003447 -0.054603 -0.019863 0.170374
  6   7.247600 -0.397300 -0.109469 -0.091897 0.032679 0.231869
  7   -2.022252 -0.104661 3.136172 1.387454 -1.266185 -4.758381
  8   1.168026 -0.537438 -0.063437 -0.511894 1.048063 -0.593572
  9   6.790376 -0.619176 0.015206 -0.000102 -0.000085 -1.099789
 10   8.637599 0.544015 -0.090417 -2.732744 0.764168 0.729833
 11   6.790465 -0.619039 0.017802 0.000797 -0.011538 -0.785042
 12   -2.022474 -0.104699 -2.873818 -1.366828 1.109727 -4.715224
 13   1.167898 -0.537463 0.063297 1.479807 -0.593417 -1.486946
 14   7.002743 -0.617765 -0.183752 0.000172 0.000023 -1.171413
 15   8.209042 0.615527 -0.255885 1.931330 0.177964 0.239941
 16   7.002735 -0.617911 -0.183641 0.013967 0.006296 -0.838700
 17   1.574674 0.609930 -0.000899 0.346419 -0.028558 0.464925
 18   -0.602177 0.511412 -0.000006 0.000000 0.000000 0.000000
 19   3.673773 0.177020 1.119313 -0.000002 -0.000014 -0.174510
 20   3.673767 0.176993 -1.117566 0.000007 -0.000003 -0.174546
 21   3.942357 1.334540 1.627658 0.000002 -0.000011 -0.000026
 22   -0.246060 -0.011889 0.516521 -0.000011 0.000031 0.000025
 23   3.942374 1.334565 -1.631083 0.000019 0.000002 -0.000024
 24   -0.246150 -0.011872 -0.516511 -0.000005 -0.000006 0.000048
 25   4.941364 1.997338 1.629330 0.000018 -0.000001 -0.000024
 26   4.941382 1.997366 -1.629410 -0.000001 0.000005 -0.000024
 27   2.914462 1.619264 1.514501 -0.000019 -0.000022 -0.000050
 28   2.916892 1.618870 -1.501142 -0.000002 -0.000009 -0.000024
 29   8.824059 0.150544 0.091743 0.000006 -0.000231 -0.174534
 30   2.111085 -0.561179 1.784320 -0.000008 -0.000682 0.000024
 31   2.121290 -0.561289 -1.853599 0.000000 0.000000 -0.000002
 32   -0.814395 -0.093824 3.127092 -0.129489 -2.975237 -0.324172
 33   14.298673 -0.408176 0.471578 0.000032 -0.000248 -0.436322
 34   15.835795 0.581398 0.242756 0.162139 -0.013958 0.022620
 35   -0.815868 -0.091229 -3.114430 0.096037 3.002497 -0.031284
 36   14.294526 -0.410349 -0.467541 0.000081 0.000036 -0.399441
 37   15.834409 0.579420 -0.284600 -0.088743 0.040098 0.278088
 38   1.139685 -3.453749 -2.823813 0.000000 0.000000 0.000001
 39   -4.457742 -1.054854 -0.746180 0.000000 0.000000 0.000000
 40   1.118101 -3.449769 3.237290 0.000000 0.000001 0.000000
 41   -4.433840 -1.059130 0.959566 -0.000001 0.000000 0.000000
 42   -0.657468 1.697302 -2.688614 0.000000 0.000002 0.000000
 43   -0.664068 1.698578 2.869377 0.000000 0.000002 0.000000
time 4
  0   0.001233 0.187506 0.867585 0.000000 0.000000 -1.571354
  1   -1.093036 0.000002 -0.326057 -0.000886 -1.568388 -1.569829
  2   2.262337 0.113614 0.064702 -0.068147 -0.004529 -0.046129
  3   2.380047 0.353302 0.047440 0.000000 -0.014326 -0.024568
  4   2.033756 0.190472 -0.000128 0.049951 -0.013602 0.088055
  5   2.451511 0.204909 -0.003447 -0.030160 -0.031704 0.164232
  6   7.247600 -0.397300 -0.109469 -0.091897 0.032679 0.231869
  7   -2.022252 -0.104661 3.136172 1.388892 -1.246986 -4.758851
  8   1.168026 -0.537438 -0.063437 -0.173091 1.152767 -0.217173
  9   6.790376 -0.619176 0.015206 -0.000102 -0.000085 -1.239479
 10   8.637599 0.544015 -0.090417 -2.289690 0.682656 0.875751
 11   6.790465 -0.619039 0.017802 0.001381 -0.011623 -0.882858
 12   -2.022474 -0.104699 -2.873818 -1.385894 1.171170 -4.742415
 13   1.167898 -0.537463 0.063297 1.569787 -0.646815 -1.505167
 14   7.002743 -0.617765 -0.183752 0.000172 0.000023 -1.395250
 15   8.209042 0.615527 -0.255885 1.809455 0.197787 0.182811
 16   7.002735 -0.617911 -0.183641 0.013732 0.007537 -0.995392
 17   1.574674 0.609930 -0.000899 0.338661 0.055010 0.493754
 18   -0.602177 0.511412 -0.000006 0.000000 0.000000 0.000000
 19   3.673773 0.177020 1.119313 -0.000002 -0.000014 -0.174510
 20   3.673767 0.176993 -1.117566 0.000007 -0.000003 -0.174546
 21   3.942357 1.334540 1.627658 0.000002 -0.000011 -0.000026
 22   -0.246060 -0.011889 0.516521 -0.000011 0.000031 0.000025
 23   3.942374 1.334565 -1.631083 0.000019 0.000002 -0.000024
 24   -0.246150 -0.011872 -0.516511 -0.000005 -0.000006 0.000048
 25   4.941364 1.997338 1.629330 0.000018 -0.000001 -0.000024
 26   4.941382 1.997366 -1.629410 -0.000001 0.000005 -0.000024
 27   2.914462 1.619264 1.514501 -0.000019 -0.000022 -0.000050
 28   2.916892 1.618870 -1.501142 -0.000002 -0.000009 -0.000024
 29   8.824059 0.150544 0.091743 0.000006 -0.000231 -0.174534
 30   2.111085 -0.561179 1.784320 -0.000008 -0.000682 0.000024
 31   2.121290 -0.561289 -1.853599 0.000000 0.000000 -0.000002
 32   -0.814395 -0.093824 3.127092 -0.129489 -2.975237 -0.324172
 33   14.298673 -0.408176 0.471578 0.000032 -0.000248 -0.436322
 34   15.835795 0.581398 0.242756 0.162139 -0.013958 0.022620
 35   -0.815868 -0.091229 -3.114430 0.096037 3.002497 -0.031284
 36   14.294526 -0.410349 -0.467541 0.000081 0.000036 -0.399441
 37   15.834409 0.579420 -0.284600 -0.088743 0.040098 0.278088
 38   1.139685 -3.453749 -2.823813 0.000000 0.000000 0.000001
 39   -4.457742 -1.054854 -0.746180 0.000000 0.000000 0.000000
 40   1.118101 -3.449769 3.237290 0.000000 0.000001 0.000000
 41   -4.433840 -1.059130 0.959566 -0.000001 0.000000 0.000000
 42   -0.657468 1.697302 -2.688614 0.000000 0.000002 0.000000
 43   -0.664068 1.698578 2.869377 0.000000 0.000002 0.000000
time 5
  0   0.001233 0.187506 0.867585 0.000000 0.000000 -1.571354
  1   -1.093036 0.000002 -0.326057 -0.000729 -1.568388 -1.570022
  2   2.262337 0.113614 0.064702 -0.068147 -0.001246 -0.046346
  3   2.380047 0.353302 0.047440 0.007380 -0.015356 -0.025834
  4   2.033756 0.190472 -0.000128 0.088533 -0.024317 0.082183
  5   2.451511 0.204909 -0.003447 -0.007463 -0.047096 0.158115
  6   7.247600 -0.397300 -0.109469 -0.091897 0.032679 0.231869
  7   -2.022252 -0.104661 3.136172 1.305496 -1.261313 -4.672636
  8   1.168026 -0.537438 -0.063437 0.407381 1.114528 0.321300
  9   6.790376 -0.619176 0.015206 -0.000102 -0.000085 -1.331097
 10   8.637599 0.544015 -0.090417 -1.931618 0.625006 0.905195
 11   6.790465 -0.619039 0.017802 0.001760 -0.011680 -0.946993
 12   -2.022474 -0.104699 -2.873818 -1.452672 1.060821 -4.806274
 13   1.167898 -0.537463 0.063297 1.386454 -0.726300 -1.261454
 14   7.002743 -0.617765 -0.183752 0.000172 0.000023 -1.547720
 15   8.209042 0.615527 -0.255885 1.528027 0.316269 0.083223
 16   7.002735 -0.617911 -0.183641 0.013543 0.008383 -1.102025
 17   1.574674 0.609930 -0.000899 0.318269 0.136448 0.493828
 18   -0.602177 0.511412 -0.000006 0.000000 0.000000 0.000000
 19   3.673773 0.177020 1.119313 -0.000002 -0.000014 -0.174510
 20   3.673767 0.176993 -1.117566 0.000007 -0.000003 -0.174546
 21   3.942357 1.334540 1.627658 0.000002 -0.000011 -0.000026
 22   -0.246060 -0.011889 0.516521 -0.000011 0.000031 0.000025
 23   3.942374 1.334565 -1.631083 0.000019 0.000002 -0.000024
 24   -0.246150 -0.011872 -0.516511 -0.000005 -0.000006 0.000048
 25   4.941364 1.997338 1.629330 0.000018 -0.000001 -0.000024
 26   4.941382 1.997366 -1.629410 -0.000001 0.000005 -0.000024
 27   2.914462 1.619264 1.514501 -0.000019 -0.000022 -0.000050
 28   2.916892 1.618870 -1.501142 -0.000002 -0.000009 -0.000024
 29   8.824059 0.150544 0.091743 0.000006 -0.000231 -0.174534
 30   2.111085 -0.561179 1.784320 -0.000008 -0.000682 0.000024
 31   2.121290 -0.561289 -1.853599 0.000000 0.000000 -0.000002
 32   -0.814395 -0.093824 3.127092 -0.129489 -2.975237 -0.324172
 33   14.298673 -0.408176 0.471578 0.000032 -0.000248 -0.436322
 34   15.835795 0.581398 0.242756 0.162139 -0.013958 0.022620
 35   -0.815868 -0.091229 -3.114430 0.096037 3.002497 -0.031284
 36   14.294526 -0.410349 -0.467541 0.000081 0.000036 -0.399441
 37   15.834409 0.579420 -0.284600 -0.088743 0.040098 0.278088
 38   1.139685 -3.453749 -2.823813 0.000000 0.000000 0.000001
 39   -4.457742 -1.054854 -0.746180 0.000000 0.000000 0.000000
 40   1.118101 -3.449769 3.237290 0.000000 0.000001 0.000000
 41   -4.433840 -1.059130 0.959566 -0.000001 0.000000 0.000000
 42   -0.657468 1.697302 -2.688614 0.000000 0.000002 0.000000
 43   -0.664068 1.698578 2.869377 0.000000 0.000002 0.000000
time 6
  0   0.001233 0.187506 0.867585 0.000000 0.000000 -1.571354
  1   -1.093036 0.000002 -0.326057 -0.000886 -1.568388 -1.569829
  2   2.262337 0.113614 0.064702 -0.068147 0.002470 -0.046563
  3   2.380047 0.353302 0.047440 0.011041 -0.016639 -0.025629
  4   2.033756 0.190472 -0.000128 0.127188 -0.036649 0.083633
  5   2.451511 0.204909 -0.003447 0.013471 -0.063834 0.151998
  6   7.247600 -0.397300 -0.109469 -0.091897 0.032679 0.231869
  7   -2.022252 -0.104661 3.136172 1.166502 -1.287257 -4.530540
  8   1.168026 -0.537438 -0.063437 0.782191 0.948491 0.620901
  9   6.790376 -0.619176 0.015206 -0.000102 -0.000085 -1.385358
 10   8.637599 0.544015 -0.090417 -1.641709 0.608465 0.899697
 11   6.790465 -0.619039 0.017802 0.001994 -0.011708 -0.985000
 12   -2.022474 -0.104699 -2.873818 -1.485533 0.940866 -4.833848
 13   1.167898 -0.537463 0.063297 1.194686 -0.788139 -0.999399
 14   7.002743 -0.617765 -0.183752 0.000172 0.000023 -1.633113
 15   8.209042 0.615527 -0.255885 1.310737 0.389432 -0.034466
 16   7.002735 -0.617911 -0.183641 0.013449 0.008890 -1.161854
 17   1.574674 0.609930 -0.000899 0.297958 0.206146 0.496637
 18   -0.602177 0.511412 -0.000006 0.000000 0.000000 0.000000
 19   3.673773 0.177020 1.119313 -0.000002 -0.000014 -0.174510
 20   3.673767 0.176993 -1.117566 0.000007 -0.000003 -0.174546
 21   3.942357 1.334540 1.627658 0.000002 -0.000011 -0.000026
 22   -0.246060 -0.011889 0.516521 -0.000011 0.000031 0.000025
 23   3.942374 1.334565 -1.631083 0.000019 0.000002 -0.000024
 24   -0.246150 -0.011872 -0.516511 -0.000005 -0.000006 0.000048
 25   4.941364 1.997338 1.629330 0.000018 -0.000001 -0.000024
 26   4.941382 1.997366 -1.629410 -0.000001 0.000005 -0.000024
 27   2.914462 1.619264 1.514501 -0.000019 -0.000022 -0.000050
 28   2.916892 1.618870 -1.501142 -0.000002 -0.000009 -0.000024
 29   8.824059 0.150544 0.091743 0.000006 -0.000231 -0.174534
 30   2.111085 -0.561179 1.784320 -0.000008 -0.000682 0.000024
 31   2.121290 -0.561289 -1.853599 0.000000 0.000000 -0.000002
 32   -0.814395 -0.093824 3.127092 -0.129489 -2.975237 -0.324172
 33   14.298673 -0.408176 0.471578 0.000032 -0.000248 -0.436322
 34   15.835795 0.581398 0.242756 0.162139 -0.013958 0.022620
 35   -0.815868 -0.091229 -3.114430 0.096037 3.002497 -0.031284
 36   14.294526 -0.410349 -0.467541 0.000081 0.000036 -0.399441
 37   15.834409 0.579420 -0.284600 -0.088743 0.040098 0.278088
 38   1.139685 -3.453749 -2.823813 0.000000 0.000000 0.000001
 39   -4.457742 -1.054854 -0.746180 0.000000 0.000000 0.000000
 40   1.118101 -3.449769 3.237290 0.000000 0.000001 0.000000
 41   -4.433840 -1.059130 0.959566 -0.000001 0.000000 0.000000
 42   -0.657468 1.697302 -2.688614 0.000000 0.000002 0.000000
 43   -0.664068 1.698578 2.869377 0.000000 0.000002 0.000000
time 7
  0   0.001233 0.187506 0.867585 0.000000 0.000000 -1.571354
  1   -1.093036 0.000002 -0.326057 -0.000886 -1.568388 -1.569829
  2   2.262337 0.113614 0.064702 -0.068185 0.006029 -0.046888
  3   2.380047 0.353302 0.047440 0.012061 -0.017621 -0.024589
  4   2.033756 0.190472 -0.000128 0.164535 -0.048418 0.084974
  5   2.451511 0.204909 -0.003447 0.032625 -0.079305 0.145559
  6   7.247600 -0.397300 -0.109469 -0.091897 0.032679 0.231869
  7   -2.022252 -0.104661 3.136172 1.060866 -1.300374 -4.423382
  8   1.168026 -0.537438 -0.063437 0.926724 0.793171 0.712313
  9   6.790376 -0.619176 0.015206 -0.000102 -0.000085 -1.426714
 10   8.637599 0.544015 -0.090417 -1.442330 0.595302 0.887109
 11   6.790465 -0.619039 0.017802 0.002169 -0.011708 -1.013953
 12   -2.022474 -0.104699 -2.873818 -1.483138 0.944639 -4.832028
 13   1.167898 -0.537463 0.063297 1.260413 -0.831569 -0.937472
 14   7.002743 -0.617765 -0.183752 0.000172 0.000023 -1.668508
 15   8.209042 0.615527 -0.255885 1.403707 0.341615 -0.083838
 16   7.002735 -0.617911 -0.183641 0.013355 0.009116 -1.186580
 17   1.574674 0.609930 -0.000899 0.266354 0.273029 0.473093
 18   -0.602177 0.511412 -0.000006 0.000000 0.000000 0.000000
 19   3.673773 0.177020 1.119313 -0.000002 -0.000014 -0.174510
 20   3.673767 0.176993 -1.117566 0.000007 -0.000003 -0.174546
 21   3.942357 1.334540 1.627658 0.000002 -0.000011 -0.000026
 22   -0.246060 -0.011889 0.516521 -0.000011 0.000031 0.000025
 23   3.942374 1.334565 -1.631083 0.000019 0.000002 -0.000024
 24   -0.246150 -0.011872 -0.516511 -0.000005 -0.000006 0.000048
 25   4.941364 1.997338 1.629330 0.000018 -0.000001 -0.000024
 26   4.941382 1.997366 -1.629410 -0.000001 0.000005 -0.000024
 27   2.914462 1.619264 1.514501 -0.000019 -0.000022 -0.000050
 28   2.916892 1.618870 -1.501142 -0.000002 -0.000009 -0.000024
 29   8.824059 0.150544 0.091743 0.000006 -0.000231 -0.174534
 30   2.111085 -0.561179 1.784320 -0.000008 -0.000682 0.000024
 31   2.121290 -0.561289 -1.853599 0.000000 0.000000 -0.000002
 32   -0.814395 -0.093824 3.127092 -0.129489 -2.975237 -0.324172
 33   14.298673 -0.408176 0.471578 0.000032 -0.000248 -0.436322
 34   15.835795 0.581398 0.242756 0.162139 -0.013958 0.022620
 35   -0.815868 -0.091229 -3.114430 0.096037 3.002497 -0.031284
 36   14.294526 -0.410349 -0.467541 0.000081 0.000036 -0.399441
 37   15.834409 0.579420 -0.284600 -0.088743 0.040098 0.278088
 38   1.139685 -3.453749 -2.823813 0.000000 0.000000 0.000001
 39   -4.457742 -1.054854 -0.746180 0.000000 0.000000 0.000000
 40   1.118101 -3.449769 3.237290 0.000000 0.000001 0.000000
 41   -4.433840 -1.059130 0.959566 -0.000001 0.000000 0.000000
 42   -0.657468 1.697302 -2.688614 0.000000 0.000002 0.000000
 43   -0.664068 1.698578 2.869377 0.000000 0.000002 0.000000
time 8
  0   0.001233 0.187506 0.867585 0.000000 0.000000 -1.571354
  1   -1.093036 0.000002 -0.326057 -0.000729 -1.568388 -1.570022
  2   2.262337 0.113614 0.064702 -0.068185 0.009157 -0.047087
  3   2.380047 0.353302 0.047440 0.011851 -0.018616 -0.023181
  4   2.033756 0.190472 -0.000128 0.198746 -0.057862 0.086714
  5   2.451511 0.204909 -0.003447 0.049451 -0.091355 0.139219
  6   7.247600 -0.397300 -0.109469 -0.091897 0.032679 0.231869
  7   -2.022252 -0.104661 3.136172 1.035656 -1.301527 -4.398212
  8   1.168026 -0.537438 -0.063437 0.962540 0.724190 0.709339
  9   6.790376 -0.619176 0.015206 -0.000102 -0.000085 -1.448298
 10   8.637599 0.544015 -0.090417 -1.369060 0.583617 0.875317
 11   6.790465 -0.619039 0.017802 0.002286 -0.011708 -1.029064
 12   -2.022474 -0.104699 -2.873818 -1.471833 0.987333 -4.822359
 13   1.167898 -0.537463 0.063297 1.404872 -0.866405 -0.943041
 14   7.002743 -0.617765 -0.183752 0.000172 0.000023 -1.680141
 15   8.209042 0.615527 -0.255885 1.601296 0.268755 -0.117154
 16   7.002735 -0.617911 -0.183641 0.013355 0.009172 -1.194804
 17   1.574674 0.609930 -0.000899 0.216350 0.329498 0.420239
 18   -0.602177 0.511412 -0.000006 0.000000 0.000000 0.000000
 19   3.673773 0.177020 1.119313 -0.000002 -0.000014 -0.174510
 20   3.673767 0.176993 -1.117566 0.000007 -0.000003 -0.174546
 21   3.942357 1.334540 1.627658 0.000002 -0.000011 -0.000026
 22   -0.246060 -0.011889 0.516521 -0.000011 0.000031 0.000025
 23   3.942374 1.334565 -1.631083 0.000019 0.000002 -0.000024
 24   -0.246150 -0.011872 -0.516511 -0.000005 -0.000006 0.000048
 25   4.941364 1.997338 1.629330 0.000018 -0.000001 -0.000024
 26   4.941382 1.997366 -1.629410 -0.000001 0.000005 -0.000024
 27   2.914462 1.619264 1.514501 -0.000019 -0.000022 -0.000050
 28   2.916892 1.618870 -1.501142 -0.000002 -0.000009 -0.000024
 29   8.824059 0.150544 0.091743 0.000006 -0.000231 -0.174534
 30   2.111085 -0.561179 1.784320 -0.000008 -0.000682 0.000024
 31   2.121290 -0.561289 -1.853599 0.000000 0.000000 -0.000002
 32   -0.814395 -0.093824 3.127092 -0.129489 -2.975237 -0.324172
 33   14.298673 -0.408176 0.471578 0.000032 -0.000248 -0.436322
 34   15.835795 0.581398 0.242756 0.162139 -0.013958 0.022620
 35   -0.815868 -0.091229 -3.114430 0.096037 3.002497 -0.031284
 36   14.294526 -0.410349 -0.467541 0.000081 0.000036 -0.399441
 37   15.834409 0.579420 -0.284600 -0.088743 0.040098 0.278088
 38   1.139685 -3.453749 -2.823813 0.000000 0.000000 0.000001
 39   -4.457742 -1.054854 -0.746180 0.000000 0.000000 0.000000
 40   1.118101 -3.449769 3.237290 0.000000 0.000001 0.000000
 41   -4.433840 -1.059130 0.959566 -0.000001 0.000000 0.000000
 42   -0.657468 1.697302 -2.688614 0.000000 0.000002 0.000000
 43   -0.664068 1.698578 2.869377 0.000000 0.000002 0.000000
time 9
  0   0.001233 0.187506 0.867585 0.000000 0.000000 -1.571354
  1   -1.093036 0.000002 -0.326057 -0.000729 -1.568388 -1.570022
  2   2.262337 0.113614 0.064702 -0.068198 0.011338 -0.047196
  3   2.380047 0.353302 0.047440 0.011851 -0.019167 -0.021916
  4   2.033756 0.190472 -0.000128 0.228161 -0.063314 0.088635
  5   2.451511 0.204909 -0.003447 0.063709 -0.097582 0.133845
  6   7.247600 -0.397300 -0.109469 -0.091897 0.032679 0.231869
  7   -2.022252 -0.104661 3.136172 1.063455 -1.296684 -4.425636
  8   1.168026 -0.537438 -0.063437 0.959819 0.718555 0.675622
  9   6.790376 -0.619176 0.015206 -0.000102 -0.000085 -1.457882
 10   8.637599 0.544015 -0.090417 -1.372142 0.571369 0.866708
 11   6.790465 -0.619039 0.017802 0.002286 -0.011708 -1.035812
 12   -2.022474 -0.104699 -2.873818 -1.472504 1.029330 -4.826284
 13   1.167898 -0.537463 0.063297 1.486626 -0.876372 -0.948247
 14   7.002743 -0.617765 -0.183752 0.000172 0.000023 -1.694167
 15   8.209042 0.615527 -0.255885 1.726623 0.247798 -0.135436
 16   7.002735 -0.617911 -0.183641 0.013308 0.009229 -1.204573
 17   1.574674 0.609930 -0.000899 0.074662 0.359058 0.226637
 18   -0.602177 0.511412 -0.000006 0.000000 0.000000 0.000000
 19   3.673773 0.177020 1.119313 -0.000002 -0.000014 -0.174510
 20   3.673767 0.176993 -1.117566 0.000007 -0.000003 -0.174546
 21   3.942357 1.334540 1.627658 0.000002 -0.000011 -0.000026
 22   -0.246060 -0.011889 0.516521 -0.000011 0.000031 0.000025
 23   3.942374 1.334565 -1.631083 0.000019 0.000002 -0.000024
 24   -0.246150 -0.011872 -0.516511 -0.000005 -0.000006 0.000048
 25   4.941364 1.997338 1.629330 0.000018 -0.000001 -0.000024
 26   4.941382 1.997366 -1.629410 -0.000001 0.000005 -0.000024
 27   2.914462 1.619264 1.514501 -0.000019 -0.000022 -0.000050
 28   2.916892 1.618870 -1.501142 -0.000002 -0.000009 -0.000024
 29   8.824059 0.150544 0.091743 0.000006 -0.000231 -0.174534
 30   2.111085 -0.561179 1.784320 -0.000008 -0.000682 0.000024
 31   2.121290 -0.561289 -1.853599 0.000000 0.000000 -0.000002
 32   -0.814395 -0.093824 3.127092 -0.129489 -2.975237 -0.324172
 33   14.298673 -0.408176 0.471578 0.000032 -0.000248 -0.436322
 34   15.835795 0.581398 0.242756 0.162139 -0.013958 0.022620
 35   -0.815868 -0.091229 -3.114430 0.096037 3.002497 -0.031284
 36   14.294526 -0.410349 -0.467541 0.000081 0.000036 -0.399441
 37   15.834409 0.579420 -0.284600 -0.088743 0.040098 0.278088
 38   1.139685 -3.453749 -2.823813 0.000000 0.000000 0.000001
 39   -4.457742 -1.054854 -0.746180 0.000000 0.000000 0.000000
 40   1.118101 -3.449769 3.237290 0.000000 0.000001 0.000000
 41   -4.433840 -1.059130 0.959566 -0.000001 0.000000 0.000000
 42   -0.657468 1.697302 -2.688614 0.000000 0.000002 0.000000
 43   -0.664068 1.698578 2.869377 0.000000 0.000002 0.000000
time 10
  0   0.001233 0.187506 0.867585 0.000000 0.000000 -1.571354
  1   -1.093036 0.000002 -0.326057 -0.000729 -1.568388 -1.570022
  2   2.262337 0.113614 0.064702 -0.068198 0.012189 -0.047268
  3   2.380047 0.353302 0.047440 0.013291 -0.019479 -0.021406
  4   2.033756 0.190472 -0.000128 0.251122 -0.062835 0.090991
  5   2.451511 0.204909 -0.003447 0.075143 -0.095833 0.129734
  6   7.247600 -0.397300 -0.109469 -0.091897 0.032679 0.231869
  7   -2.022252 -0.104661 3.136172 1.087707 -1.292043 -4.450523
  8   1.168026 -0.537438 -0.063437 0.960515 0.725951 0.651266
  9   6.790376 -0.619176 0.015206 -0.000102 -0.000085 -1.467240
 10   8.637599 0.544015 -0.090417 -1.375137 0.560318 0.858967
 11   6.790465 -0.619039 0.017802 0.002344 -0.011708 -1.042271
 12   -2.022474 -0.104699 -2.873818 -1.494156 1.060415 -4.853953
 13   1.167898 -0.537463 0.063297 1.468209 -0.861014 -0.926818
 14   7.002743 -0.617765 -0.183752 0.000172 0.000023 -1.723374
 15   8.209042 0.615527 -0.255885 1.748769 0.287443 -0.124431
 16   7.002735 -0.617911 -0.183641 0.013308 0.009454 -1.224939
 17   1.574674 0.609930 -0.000899 -0.127632 0.312695 -0.062435
 18   -0.602177 0.511412 -0.000006 0.000000 0.000000 0.000000
 19   3.673773 0.177020 1.119313 -0.000002 -0.000014 -0.174510
 20   3.673767 0.176993 -1.117566 0.000007 -0.000003 -0.174546
 21   3.942357 1.334540 1.627658 0.000002 -0.000011 -0.000026
 22   -0.246060 -0.011889 0.516521 -0.000011 0.000031 0.000025
 23   3.942374 1.334565 -1.631083 0.000019 0.000002 -0.000024
 24   -0.246150 -0.011872 -0.516511 -0.000005 -0.000006 0.000048
 25   4.941364 1.997338 1.629330 0.000018 -0.000001 -0.000024
 26   4.941382 1.997366 -1.629410 -0.000001 0.000005 -0.000024
 27   2.914462 1.619264 1.514501 -0.000019 -0.000022 -0.000050
 28   2.916892 1.618870 -1.501142 -0.000002 -0.000009 -0.000024
 29   8.824059 0.150544 0.091743 0.000006 -0.000231 -0.174534
 30   2.111085 -0.561179 1.784320 -0.000008 -0.000682 0.000024
 31   2.121290 -0.561289 -1.853599 0.000000 0.000000 -0.000002
 32   -0.814395 -0.093824 3.127092 -0.129489 -2.975237 -0.324172
 33   14.298673 -0.408176 0.471578 0.000032 -0.000248 -0.436322
 34   15.835795 0.581398 0.242756 0.162139 -0.013958 0.022620
 35   -0.815868 -0.091229 -3.114430 0.096037 3.002497 -0.031284
 36   14.294526 -0.410349 -0.467541 0.000081 0.000036 -0.399441
 37   15.834409 0.579420 -0.284600 -0.088743 0.040098 0.278088
 38   1.139685 -3.453749 -2.823813 0.000000 0.000000 0.000001
 39   -4.457742 -1.054854 -0.746180 0.000000 0.000000 0.000000
 40   1.118101 -3.449769 3.237290 0.000000 0.000001 0.000000
 41   -4.433840 -1.059130 0.959566 -0.000001 0.000000 0.000000
 42   -0.657468 1.697302 -2.688614 0.000000 0.000002 0.000000
 43   -0.664068 1.698578 2.869377 0.000000 0.000002 0.000000
time 11
  0   0.001233 0.187506 0.867585 0.000000 0.000000 -1.571354
  1   -1.093036 0.000002 -0.326057 -0.000729 -1.568388 -1.570022
  2   2.262337 0.113614 0.064702 -0.068185 0.008390 -0.046997
  3   2.380047 0.353302 0.047440 0.017131 -0.018628 -0.021610
  4   2.033756 0.190472 -0.000128 0.252450 -0.039849 0.096718
  5   2.451511 0.204909 -0.003447 0.073825 -0.060152 0.131418
  6   7.247600 -0.397300 -0.109469 -0.091897 0.032679 0.231869
  7   -2.022252 -0.104661 3.136172 1.303866 -1.296511 -4.673199
  8   1.168026 -0.537438 -0.063437 1.022783 0.762429 0.721802
  9   6.790376 -0.619176 0.015206 -0.000102 -0.000085 -1.605270
 10   8.637599 0.544015 -0.090417 -1.323795 0.535751 0.839435
 11   6.790465 -0.619039 0.017802 0.002986 -0.011793 -1.138877
 12   -2.022474 -0.104699 -2.873818 -1.530659 1.093793 -4.896558
 13   1.167898 -0.537463 0.063297 1.358195 -0.819161 -0.882567
 14   7.002743 -0.617765 -0.183752 0.000172 0.000023 -1.758851
 15   8.209042 0.615527 -0.255885 1.755312 0.344566 -0.093280
 16   7.002735 -0.617911 -0.183641 0.013214 0.009623 -1.249886
 17   1.574674 0.609930 -0.000899 -0.221752 0.198549 -0.225433
 18   -0.602177 0.511412 -0.000006 0.000000 0.000000 0.000000
 19   3.673773 0.177020 1.119313 -0.000002 -0.000014 -0.174510
 20   3.673767 0.176993 -1.117566 0.000007 -0.000003 -0.174546
 21   3.942357 1.334540 1.627658 0.000002 -0.000011 -0.000026
 22   -0.246060 -0.011889 0.516521 -0.000011 0.000031 0.000025
 23   3.942374 1.334565 -1.631083 0.000019 0.000002 -0.000024
 24   -0.246150 -0.011872 -0.516511 -0.000005 -0.000006 0.000048
 25   4.941364 1.997338 1.629330 0.000018 -0.000001 -0.000024
 26   4.941382 1.997366 -1.629410 -0.000001 0.000005 -0.000024
 27   2.914462 1.619264 1.514501 -0.000019 -0.000022 -0.000050
 28   2.916892 1.618870 -1.501142 -0.000002 -0.000009 -0.000024
 29   8.824059 0.150544 0.091743 0.000006 -0.000231 -0.174534
 30   2.111085 -0.561179 1.784320 -0.000008 -0.000682 0.000024
 31   2.121290 -0.561289 -1.853599 0.000000 0.000000 -0.000002
 32   -0.814395 -0.093824 3.127092 -0.129489 -2.975237 -0.324172
 33   14.298673 -0.408176 0.471578 0.000032 -0.000248 -0.436322
 34   15.835795 0.581398 0.242756 0.162139 -0.013958 0.022620
 35   -0.815868 -0.091229 -3.114430 0.096037 3.002497 -0.031284
 36   14.294526 -0.410349 -0.467541 0.000081 0.000036 -0.399441
 37   15.834409 0.579420 -0.284600 -0.088743 0.040098 0.278088
 38   1.139685 -3.453749 -2.823813 0.000000 0.000000 0.000001
 39   -4.457742 -1.054854 -0.746180 0.000000 0.000000 0.000000
 40   1.118101 -3.449769 3.237290 0.000000 0.000001 0.000000
 41   -4.433840 -1.059130 0.959566 -0.000001 0.000000 0.000000
 42   -0.657468 1.697302 -2.688614 0.000000 0.000002 0.000000
 43   -0.664068 1.698578 2.869377 0.000000 0.000002 0.000000
time 12
  0   0.001233 0.187506 0.867585 0.000000 0.000000 -1.571354
  1   -1.093036 0.000002 -0.326057 -0.000729 -1.568388 -1.570022
  2   2.262337 0.113614 0.064702 -0.068147 0.000348 -0.046437
  3   2.380047 0.353302 0.047440 0.019276 -0.016411 -0.021814
  4   2.033756 0.190472 -0.000128 0.231112 0.002085 0.104620
  5   2.451511 0.204909 -0.003447 0.058848 0.001966 0.136916
  6   7.247600 -0.397300 -0.109469 -0.091897 0.032679 0.231869
  7   -2.022252 -0.104661 3.136172 1.671673 -1.277543 -5.055721
  8   1.168026 -0.537438 -0.063437 1.160102 0.809623 0.897666
  9   6.790376 -0.619176 0.015206 -0.000047 -0.000085 -1.853860
 10   8.637599 0.544015 -0.090417 -1.227804 0.502879 0.805867
 11   6.790465 -0.619039 0.017802 0.004096 -0.011850 -1.312882
 12   -2.022474 -0.104699 -2.873818 -1.577700 1.126880 -4.950269
 13   1.167898 -0.537463 0.063297 1.192014 -0.749134 -0.852602
 14   7.002743 -0.617765 -0.183752 0.000172 0.000023 -1.796556
 15   8.209042 0.615527 -0.255885 1.750495 0.412584 -0.053349
 16   7.002735 -0.617911 -0.183641 0.013167 0.009905 -1.276268
 17   1.574674 0.609930 -0.000899 -0.200426 0.081209 -0.260694
 18   -0.602177 0.511412 -0.000006 0.000000 0.000000 0.000000
 19   3.673773 0.177020 1.119313 -0.000002 -0.000014 -0.174510
 20   3.673767 0.176993 -1.117566 0.000007 -0.000003 -0.174546
 21   3.942357 1.334540 1.627658 0.000002 -0.000011 -0.000026
 22   -0.246060 -0.011889 0.516521 -0.000011 0.000031 0.000025
 23   3.942374 1.334565 -1.631083 0.000019 0.000002 -0.000024
 24   -0.246150 -0.011872 -0.516511 -0.000005 -0.000006 0.000048
 25   4.941364 1.997338 1.629330 0.000018 -0.000001 -0.000024
 26   4.941382 1.997366 -1.629410 -0.000001 0.000005 -0.000024
 27   2.914462 1.619264 1.514501 -0.000019 -0.000022 -0.000050
 28   2.916892 1.618870 -1.501142 -0.000002 -0.000009 -0.000024
 29   8.824059 0.150544 0.091743 0.000006 -0.000231 -0.174534
 30   2.111085 -0.561179 1.784320 -0.000008 -0.000682 0.000024
 31   2.121290 -0.561289 -1.853599 0.000000 0.000000 -0.000002
 32   -0.814395 -0.093824 3.127092 -0.129489 -2.975237 -0.324172
 33   14.298673 -0.408176 0.471578 0.000032 -0.000248 -0.436322
 34   15.835795 0.581398 0.242756 0.162139 -0.013958 0.022620
 35   -0.815868 -0.091229 -3.114430 0.096037 3.002497 -0.031284
 36   14.294526 -0.410349 -0.467541 0.000081 0.000036 -0.399441
 37   15.834409 0.579420 -0.284600 -0.088743 0.040098 0.278088
 38   1.139685 -3.453749 -2.823813 0.000000 0.000000 0.000001
 39   -4.457742 -1.054854 -0.746180 0.000000 0.000000 0.000000
 40   1.118101 -3.449769 3.237290 0.000000 0.000001 0.000000
 41   -4.433840 -1.059130 0.959566 -0.000001 0.000000 0.000000
 42   -0.657468 1.697302 -2.688614 0.000000 0.000002 0.000000
 43   -0.664068 1.698578 2.869377 0.000000 0.000002 0.000000
time 13
  0   0.001233 0.187506 0.867585 0.000000 0.000000 -1.571354
  1   -1.093036 0.000002 -0.326057 -0.000729 -1.568388 -1.570022
  2   2.262337 0.113614 0.064702 -0.068147 -0.006938 -0.045913
  3   2.380047 0.353302 0.047440 0.013291 -0.013295 -0.021303
  4   2.033756 0.190472 -0.000128 0.205901 0.033916 0.110637
  5   2.451511 0.204909 -0.003447 0.042176 0.043640 0.139640
  6   7.247600 -0.397300 -0.109469 -0.091897 0.032679 0.231869
  7   -2.022252 -0.104661 3.136172 1.839041 -1.250214 -5.232753
  8   1.168026 -0.537438 -0.063437 1.256225 0.842982 1.040571
  9   6.790376 -0.619176 0.015206 -0.000047 -0.000085 -1.990456
 10   8.637599 0.544015 -0.090417 -1.177431 0.483522 0.783151
 11   6.790465 -0.619039 0.017802 0.004797 -0.011879 -1.408507
 12   -2.022474 -0.104699 -2.873818 -1.631735 1.157210 -5.009245
 13   1.167898 -0.537463 0.063297 1.072651 -0.681294 -0.883172
 14   7.002743 -0.617765 -0.183752 0.000172 0.000023 -1.830796
 15   8.209042 0.615527 -0.255885 1.737480 0.484385 -0.015883
 16   7.002735 -0.617911 -0.183641 0.013120 0.010074 -1.300222
 17   1.574674 0.609930 -0.000899 -0.154118 -0.004039 -0.282575
 18   -0.602177 0.511412 -0.000006 0.000000 0.000000 0.000000
 19   3.673773 0.177020 1.119313 -0.000002 -0.000014 -0.174510
 20   3.673767 0.176993 -1.117566 0.000007 -0.000003 -0.174546
 21   3.942357 1.334540 1.627658 0.000002 -0.000011 -0.000026
 22   -0.246060 -0.011889 0.516521 -0.000011 0.000031 0.000025
 23   3.942374 1.334565 -1.631083 0.000019 0.000002 -0.000024
 24   -0.246150 -0.011872 -0.516511 -0.000005 -0.000006 0.000048
 25   4.941364 1.997338 1.629330 0.000018 -0.000001 -0.000024
 26   4.941382 1.997366 -1.629410 -0.000001 0.000005 -0.000024
 27   2.914462 1.619264 1.514501 -0.000019 -0.000022 -0.000050
 28   2.916892 1.618870 -1.501142 -0.000002 -0.000009 -0.000024
 29   8.824059 0.150544 0.091743 0.000006 -0.000231 -0.174534
 30   2.111085 -0.561179 1.784320 -0.000008 -0.000682 0.000024
 31   2.121290 -0.561289 -1.853599 0.000000 0.000000 -0.000002
 32   -0.814395 -0.093824 3.127092 -0.129489 -2.975237 -0.324172
 33   14.298673 -0.408176 0.471578 0.000032 -0.000248 -0.436322
 34   15.835795 0.581398 0.242756 0.162139 -0.013958 0.022620
 35   -0.815868 -0.091229 -3.114430 0.096037 3.002497 -0.031284
 36   14.294526 -0.410349 -0.467541 0.000081 0.000036 -0.399441
 37   15.834409 0.579420 -0.284600 -0.088743 0.040098 0.278088
 38   1.139685 -3.453749 -2.823813 0.000000 0.000000 0.000001
 39   -4.457742 -1.054854 -0.746180 0.000000 0.000000 0.000000
 40   1.118101 -3.449769 3.237290 0.000000 0.000001 0.000000
 41   -4.433840 -1.059130 0.959566 -0.000001 0.000000 0.000000
 42   -0.657468 1.697302 -2.688614 0.000000 0.000002 0.000000
 43   -0.664068 1.698578 2.869377 0.000000 0.000002 0.000000
time 14
  0   0.001233 0.187506 0.867585 0.000000 0.000000 -1.571354
  1   -1.093036 0.000002 -0.326057 -0.000886 -1.568388 -1.569829
  2   2.262337 0.113614 0.064702 -0.068134 -0.012595 -0.045479
  3   2.380047 0.353302 0.047440 -0.011041 -0.008106 -0.019304
  4   2.033756 0.190472 -0.000128 0.175914 0.042617 0.114660
  5   2.451511 0.204909 -0.003447 0.023536 0.038156 0.137535
  6   7.247600 -0.397300 -0.109469 -0.091897 0.032679 0.231869
  7   -2.022252 -0.104661 3.136172 1.804820 -1.264513 -5.195093
  8   1.168026 -0.537438 -0.063437 1.235026 0.863309 1.080678
  9   6.790376 -0.619176 0.015206 -0.000047 -0.000085 -1.979136
 10   8.637599 0.544015 -0.090417 -1.196189 0.456421 0.726939
 11   6.790465 -0.619039 0.017802 0.004709 -0.011879 -1.400721
 12   -2.022474 -0.104699 -2.873818 -1.683375 1.183012 -5.064488
 13   1.167898 -0.537463 0.063297 1.032583 -0.636186 -0.990924
 14   7.002743 -0.617765 -0.183752 0.000172 0.000023 -1.857775
 15   8.209042 0.615527 -0.255885 1.716772 0.552932 0.007691
 16   7.002735 -0.617911 -0.183641 0.013073 0.010244 -1.319153
 17   1.574674 0.609930 -0.000899 -0.078156 -0.023446 -0.289671
 18   -0.602177 0.511412 -0.000006 0.000000 0.000000 0.000000
 19   3.673773 0.177020 1.119313 -0.000002 -0.000014 -0.174510
 20   3.673767 0.176993 -1.117566 0.000007 -0.000003 -0.174546
 21   3.942357 1.334540 1.627658 0.000002 -0.000011 -0.000026
 22   -0.246060 -0.011889 0.516521 -0.000011 0.000031 0.000025
 23   3.942374 1.334565 -1.631083 0.000019 0.000002 -0.000024
 24   -0.246150 -0.011872 -0.516511 -0.000005 -0.000006 0.000048
 25   4.941364 1.997338 1.629330 0.000018 -0.000001 -0.000024
 26   4.941382 1.997366 -1.629410 -0.000001 0.000005 -0.000024
 27   2.914462 1.619264 1.514501 -0.000019 -0.000022 -0.000050
 28   2.916892 1.618870 -1.501142 -0.000002 -0.000009 -0.000024
 29   8.824059 0.150544 0.091743 0.000006 -0.000231 -0.174534
 30   2.111085 -0.561179 1.784320 -0.000008 -0.000682 0.000024
 31   2.121290 -0.561289 -1.853599 0.000000 0.000000 -0.000002
 32   -0.814395 -0.093824 3.127092 -0.129489 -2.975237 -0.324172
 33   14.298673 -0.408176 0.471578 0.000032 -0.000248 -0.436322
 34   15.835795 0.581398 0.242756 0.162139 -0.013958 0.022620
 35   -0.815868 -0.091229 -3.114430 0.096037 3.002497 -0.031284
 36   14.294526 -0.410349 -0.467541 0.000081 0.000036 -0.399441
 37   15.834409 0.579420 -0.284600 -0.088743 0.040098 0.278088
 38   1.139685 -3.453749 -2.823813 0.000000 0.000000 0.000001
 39   -4.457742 -1.054854 -0.746180 0.000000 0.000000 0.000000
 40   1.118101 -3.449769 3.237290 0.000000 0.000001 0.000000
 41   -4.433840 -1.059130 0.959566 -0.000001 0.000000 0.000000
 42   -0.657468 1.697302 -2.688614 0.000000 0.000002 0.000000
 43   -0.664068 1.698578 2.869377 0.000000 0.000002 0.000000
time 15
  0   0.001233 0.187506 0.867585 0.000000 0.000000 -1.571354
  1   -1.093036 0.000002 -0.326057 -0.000729 -1.568388 -1.570022
  2   2.262337 0.113614 0.064702 -0.068096 -0.017712 -0.045135
  3   2.380047 0.353302 0.047440 -0.043653 -0.001898 -0.016835
  4   2.033756 0.190472 -0.000128 0.141813 0.041083 0.117741
  5   2.451511 0.204909 -0.003447 0.003064 0.011823 0.134068
  6   7.247600 -0.397300 -0.109469 -0.091897 0.032679 0.231869
  7   -2.022252 -0.104661 3.136172 1.691516 -1.306946 -5.074598
  8   1.168026 -0.537438 -0.063437 1.159406 0.871158 1.051262
  9   6.790376 -0.619176 0.015206 -0.000047 -0.000085 -1.940874
 10   8.637599 0.544015 -0.090417 -1.233176 0.396519 0.601350
 11   6.790465 -0.619039 0.017802 0.004534 -0.011879 -1.373902
 12   -2.022474 -0.104699 -2.873818 -1.721315 1.203184 -5.104508
 13   1.167898 -0.537463 0.063297 1.025272 -0.605521 -1.120892
 14   7.002743 -0.617765 -0.183752 0.000172 0.000023 -1.871801
 15   8.209042 0.615527 -0.255885 1.686717 0.610661 0.004022
 16   7.002735 -0.617911 -0.183641 0.013073 0.010356 -1.328922
 17   1.574674 0.609930 -0.000899 0.012877 -0.013364 -0.285865
 18   -0.602177 0.511412 -0.000006 0.000000 0.000000 0.000000
 19   3.673773 0.177020 1.119313 -0.000002 -0.000014 -0.174510
 20   3.673767 0.176993 -1.117566 0.000007 -0.000003 -0.174546
 21   3.942357 1.334540 1.627658 0.000002 -0.000011 -0.000026
 22   -0.246060 -0.011889 0.516521 -0.000011 0.000031 0.000025
 23   3.942374 1.334565 -1.631083 0.000019 0.000002 -0.000024
 24   -0.246150 -0.011872 -0.516511 -0.000005 -0.000006 0.000048
 25   4.941364 1.997338 1.629330 0.000018 -0.000001 -0.000024
 26   4.941382 1.997366 -1.629410 -0.000001 0.000005 -0.000024
 27   2.914462 1.619264 1.514501 -0.000019 -0.000022 -0.000050
 28   2.916892 1.618870 -1.501142 -0.000002 -0.000009 -0.000024
 29   8.824059 0.150544 0.091743 0.000006 -0.000231 -0.174534
 30   2.111085 -0.561179 1.784320 -0.000008 -0.000682 0.000024
 31   2.121290 -0.561289 -1.853599 0.000000 0.000000 -0.000002
 32   -0.814395 -0.093824 3.127092 -0.129489 -2.975237 -0.324172
 33   14.298673 -0.408176 0.471578 0.000032 -0.000248 -0.436322
 34   15.835795 0.581398 0.242756 0.162139 -0.013958 0.022620
 35   -0.815868 -0.091229 -3.114430 0.096037 3.002497 -0.031284
 36   14.294526 -0.410349 -0.467541 0.000081 0.000036 -0.399441
 37   15.834409 0.579420 -0.284600 -0.088743 0.040098 0.278088
 38   1.139685 -3.453749 -2.823813 0.000000 0.000000 0.000001
 39   -4.457742 -1.054854 -0.746180 0.000000 0.000000 0.000000
 40   1.118101 -3.449769 3.237290 0.000000 0.000001 0.000000
 41   -4.433840 -1.059130 0.959566 -0.000001 0.000000 0.000000
 42   -0.657468 1.697302 -2.688614 0.000000 0.000002 0.000000
 43   -0.664068 1.698578 2.869377 0.000000 0.000002 0.000000
time 16
  0   0.001233 0.187506 0.867585 0.000000 0.000000 -1.571354
  1   -1.093036 0.000002 -0.326057 -0.000886 -1.568388 -1.569829
  2   2.262337 0.113614 0.064702 -0.068096 -0.019858 -0.045045
  3   2.380047 0.353302 0.047440 -0.059899 0.000955 -0.015672
  4   2.033756 0.190472 -0.000128 0.125695 0.038578 0.118321
  5   2.451511 0.204909 -0.003447 -0.006282 -0.003922 0.132483
  6   7.247600 -0.397300 -0.109469 -0.091897 0.032679 0.231869
  7   -2.022252 -0.104661 3.136172 1.472001 -1.356183 -4.848072
  8   1.168026 -0.537438 -0.063437 1.077837 0.882026 0.950678
  9   6.790376 -0.619176 0.015206 -0.000047 -0.000085 -1.888877
 10   8.637599 0.544015 -0.090417 -1.267962 0.315852 0.448269
 11   6.790465 -0.619039 0.017802 0.004271 -0.011850 -1.337509
 12   -2.022474 -0.104699 -2.873818 -1.730895 1.217289 -5.113699
 13   1.167898 -0.537463 0.063297 1.011634 -0.595604 -1.185180
 14   7.002743 -0.617765 -0.183752 0.000172 0.000023 -1.868583
 15   8.209042 0.615527 -0.255885 1.646092 0.648490 -0.038976
 16   7.002735 -0.617911 -0.183641 0.013073 0.010300 -1.326659
 17   1.574674 0.609930 -0.000899 0.061135 -0.007897 -0.274517
 18   -0.602177 0.511412 -0.000006 0.000000 0.000000 0.000000
 19   3.673773 0.177020 1.119313 -0.000002 -0.000014 -0.174510
 20   3.673767 0.176993 -1.117566 0.000007 -0.000003 -0.174546
 21   3.942357 1.334540 1.627658 0.000002 -0.000011 -0.000026
 22   -0.246060 -0.011889 0.516521 -0.000011 0.000031 0.000025
 23   3.942374 1.334565 -1.631083 0.000019 0.000002 -0.000024
 24   -0.246150 -0.011872 -0.516511 -0.000005 -0.000006 0.000048
 25   4.941364 1.997338 1.629330 0.000018 -0.000001 -0.000024
 26   4.941382 1.997366 -1.629410 -0.000001 0.000005 -0.000024
 27   2.914462 1.619264 1.514501 -0.000019 -0.000022 -0.000050
 28   2.916892 1.618870 -1.501142 -0.000002 -0.000009 -0.000024
 29   8.824059 0.150544 0.091743 0.000006 -0.000231 -0.174534
 30   2.111085 -0.561179 1.784320 -0.000008 -0.000682 0.000024
 31   2.121290 -0.561289 -1.853599 0.000000 0.000000 -0.000002
 32   -0.814395 -0.093824 3.127092 -0.129489 -2.975237 -0.324172
 33   14.298673 -0.408176 0.471578 0.000032 -0.000248 -0.436322
 34   15.835795 0.581398 0.242756 0.162139 -0.013958 0.022620
 35   -0.815868 -0.091229 -3.114430 0.096037 3.002497 -0.031284
 36   14.294526 -0.410349 -0.467541 0.000081 0.000036 -0.399441
 37   15.834409 0.579420 -0.284600 -0.088743 0.040098 0.278088
 38   1.139685 -3.453749 -2.823813 0.000000 0.000000 0.000001
 39   -4.457742 -1.054854 -0.746180 0.000000 0.000000 0.000000
 40   1.118101 -3.449769 3.237290 0.000000 0.000001 0.000000
 41   -4.433840 -1.059130 0.959566 -0.000001 0.000000 0.000000
 42   -0.657468 1.697302 -2.688614 0.000000 0.000002 0.000000
 43   -0.664068 1.698578 2.869377 0.000000 0.000002 0.000000
time 17
  0   0.001233 0.187506 0.867585 0.000000 0.000000 -1.571354
  1   -1.093036 0.000002 -0.326057 -0.000729 -1.568388 -1.570022
  2   2.262337 0.113614 0.064702 -0.068096 -0.019858 -0.045045
  3   2.380047 0.353302 0.047440 -0.059899 0.000955 -0.015672
  4   2.033756 0.190472 -0.000128 0.125695 0.038710 0.117415
  5   2.451511 0.204909 -0.003447 -0.006282 0.018155 0.132235
  6   7.247600 -0.397300 -0.109469 -0.091897 0.032679 0.231869
  7   -2.022252 -0.104661 3.136172 1.143017 -1.389594 -4.515138
  8   1.168026 -0.537438 -0.063437 1.035882 0.913875 0.838644
  9   6.790376 -0.619176 0.015206 -0.000047 -0.000085 -1.836049
 10   8.637599 0.544015 -0.090417 -1.289449 0.231876 0.302351
 11   6.790465 -0.619039 0.017802 0.004038 -0.011850 -1.300482
 12   -2.022474 -0.104699 -2.873818 -1.649747 1.227448 -5.027340
 13   1.167898 -0.537463 0.063297 0.909845 -0.643611 -1.140808
 14   7.002743 -0.617765 -0.183752 0.000172 0.000023 -1.803569
 15   8.209042 0.615527 -0.255885 1.508685 0.661504 -0.263348
 16   7.002735 -0.617911 -0.183641 0.013167 0.009905 -1.281125
 17   1.574674 0.609930 -0.000899 0.068366 -0.037078 -0.258920
 18   -0.602177 0.511412 -0.000006 0.000000 0.000000 0.000000
 19   3.673773 0.177020 1.119313 -0.000002 -0.000014 -0.174510
 20   3.673767 0.176993 -1.117566 0.000007 -0.000003 -0.174546
 21   3.942357 1.334540 1.627658 0.000002 -0.000011 -0.000026
 22   -0.246060 -0.011889 0.516521 -0.000011 0.000031 0.000025
 23   3.942374 1.334565 -1.631083 0.000019 0.000002 -0.000024
 24   -0.246150 -0.011872 -0.516511 -0.000005 -0.000006 0.000048
 25   4.941364 1.997338 1.629330 0.000018 -0.000001 -0.000024
 26   4.941382 1.997366 -1.629410 -0.000001 0.000005 -0.000024
 27   2.914462 1.619264 1.514501 -0.000019 -0.000022 -0.000050
 28   2.916892 1.618870 -1.501142 -0.000002 -0.000009 -0.000024
 29   8.824059 0.150544 0.091743 0.000006 -0.000231 -0.174534
 30   2.111085 -0.561179 1.784320 -0.000008 -0.000682 0.000024
 31   2.121290 -0.561289 -1.853599 0.000000 0.000000 -0.000002
 32   -0.814395 -0.093824 3.127092 -0.129489 -2.975237 -0.324172
 33   14.298673 -0.408176 0.471578 0.000032 -0.000248 -0.436322
 34   15.835795 0.581398 0.242756 0.162139 -0.013958 0.022620
 35   -0.815868 -0.091229 -3.114430 0.096037 3.002497 -0.031284
 36   14.294526 -0.410349 -0.467541 0.000081 0.000036 -0.399441
 37   15.834409 0.579420 -0.284600 -0.088743 0.040098 0.278088
 38   1.139685 -3.453749 -2.823813 0.000000 0.000000 0.000001
 39   -4.457742 -1.054854 -0.746180 0.000000 0.000000 0.000000
 40   1.118101 -3.449769 3.237290 0.000000 0.000001 0.000000
 41   -4.433840 -1.059130 0.959566 -0.000001 0.000000 0.000000
 42   -0.657468 1.697302 -2.688614 0.000000 0.000002 0.000000
 43   -0.664068 1.698578 2.869377 0.000000 0.000002 0.000000
time 18
  0   0.001233 0.187506 0.867585 0.000000 0.000000 -1.571354
  1   -1.093036 0.000002 -0.326057 -0.000729 -1.568388 -1.570022
  2   2.262337 0.113614 0.064702 -0.068096 -0.019858 -0.045045
  3   2.380047 0.353302 0.047440 -0.059899 0.000955 -0.015672
  4   2.033756 0.190472 -0.000128 0.125621 0.038818 0.116654
  5   2.451511 0.204909 -0.003447 -0.006402 0.040167 0.132037
  6   7.247600 -0.397300 -0.109469 -0.091897 0.032679 0.231869
  7   -2.022252 -0.104661 3.136172 0.828986 -1.397694 -4.199297
  8   1.168026 -0.537438 -0.063437 1.008988 0.939334 0.756468
  9   6.790376 -0.619176 0.015206 -0.000047 -0.000085 -1.795674
 10   8.637599 0.544015 -0.090417 -1.297463 0.165498 0.192894
 11   6.790465 -0.619039 0.017802 0.003833 -0.011850 -1.272164
 12   -2.022474 -0.104699 -2.873818 -1.563999 1.230437 -4.936099
 13   1.167898 -0.537463 0.063297 0.811993 -0.684142 -1.082029
 14   7.002743 -0.617765 -0.183752 0.000172 0.000023 -1.746723
 15   8.209042 0.615527 -0.255885 1.402844 0.646750 -0.440332
 16   7.002735 -0.617911 -0.183641 0.013261 0.009567 -1.241331
 17   1.574674 0.609930 -0.000899 0.072144 -0.065597 -0.238961
 18   -0.602177 0.511412 -0.000006 0.000000 0.000000 0.000000
 19   3.673773 0.177020 1.119313 -0.000002 -0.000014 -0.174510
 20   3.673767 0.176993 -1.117566 0.000007 -0.000003 -0.174546
 21   3.942357 1.334540 1.627658 0.000002 -0.000011 -0.000026
 22   -0.246060 -0.011889 0.516521 -0.000011 0.000031 0.000025
 23   3.942374 1.334565 -1.631083 0.000019 0.000002 -0.000024
 24   -0.246150 -0.011872 -0.516511 -0.000005 -0.000006 0.000048
 25   4.941364 1.997338 1.629330 0.000018 -0.000001 -0.000024
 26   4.941382 1.997366 -1.629410 -0.000001 0.000005 -0.000024
 27   2.914462 1.619264 1.514501 -0.000019 -0.000022 -0.000050
 28   2.916892 1.618870 -1.501142 -0.000002 -0.000009 -0.000024
 29   8.824059 0.150544 0.091743 0.000006 -0.000231 -0.174534
 30   2.111085 -0.561179 1.784320 -0.000008 -0.000682 0.000024
 31   2.121290 -0.561289 -1.853599 0.000000 0.000000 -0.000002
 32   -0.814395 -0.093824 3.127092 -0.129489 -2.975237 -0.324172
 33   14.298673 -0.408176 0.471578 0.000032 -0.000248 -0.436322
 34   15.835795 0.581398 0.242756 0.162139 -0.013958 0.022620
 35   -0.815868 -0.091229 -3.114430 0.096037 3.002497 -0.031284
 36   14.294526 -0.410349 -0.467541 0.000081 0.000036 -0.399441
 37   15.834409 0.579420 -0.284600 -0.088743 0.040098 0.278088
 38   1.139685 -3.453749 -2.823813 0.000000 0.000000 0.000001
 39   -4.457742 -1.054854 -0.746180 0.000000 0.000000 0.000000
 40   1.118101 -3.449769 3.237290 0.000000 0.000001 0.000000
 41   -4.433840 -1.059130 0.959566 -0.000001 0.000000 0.000000
 42   -0.657468 1.697302 -2.688614 0.000000 0.000002 0.000000
 43   -0.664068 1.698578 2.869377 0.000000 0.000002 0.000000
time 19
  0   0.001233 0.187506 0.867585 0.000000 0.000000 -1.571354
  1   -1.093036 0.000002 -0.326057 -0.000729 -1.568388 -1.570022
  2   2.262337 0.113614 0.064702 -0.068096 -0.019858 -0.045045
  3   2.380047 0.353302 0.047440 -0.059899 0.000955 -0.015672
  4   2.033756 0.190472 -0.000128 0.125621 0.038914 0.116074
  5   2.451511 0.204909 -0.003447 -0.006282 0.009708 0.132062
  6   7.247600 -0.397300 -0.109469 -0.091897 0.032679 0.231869
  7   -2.022252 -0.104661 3.136172 0.707055 -1.395677 -4.076924
  8   1.168026 -0.537438 -0.063437 0.970450 0.914076 0.700420
  9   6.790376 -0.619176 0.015206 -0.000047 -0.000085 -1.780807
 10   8.637599 0.544015 -0.090417 -1.298784 0.137271 0.148402
 11   6.790465 -0.619039 0.017802 0.003775 -0.011850 -1.261898
 12   -2.022474 -0.104699 -2.873818 -1.589197 1.227245 -4.963002
 13   1.167898 -0.537463 0.063297 0.890725 -0.642645 -1.125190
 14   7.002743 -0.617765 -0.183752 0.000172 0.000023 -1.819905
 15   8.209042 0.615527 -0.255885 1.572104 0.656813 -0.156484
 16   7.002735 -0.617911 -0.183641 0.013120 0.010018 -1.292605
 17   1.574674 0.609930 -0.000899 0.074662 -0.046024 -0.171433
 18   -0.602177 0.511412 -0.000006 0.000000 0.000000 0.000000
 19   3.673773 0.177020 1.119313 -0.000002 -0.000014 -0.174510
 20   3.673767 0.176993 -1.117566 0.000007 -0.000003 -0.174546
 21   3.942357 1.334540 1.627658 0.000002 -0.000011 -0.000026
 22   -0.246060 -0.011889 0.516521 -0.000011 0.000031 0.000025
 23   3.942374 1.334565 -1.631083 0.000019 0.000002 -0.000024
 24   -0.246150 -0.011872 -0.516511 -0.000005 -0.000006 0.000048
 25   4.941364 1.997338 1.629330 0.000018 -0.000001 -0.000024
 26   4.941382 1.997366 -1.629410 -0.000001 0.000005 -0.000024
 27   2.914462 1.619264 1.514501 -0.000019 -0.000022 -0.000050
 28   2.916892 1.618870 -1.501142 -0.000002 -0.000009 -0.000024
 29   8.824059 0.150544 0.091743 0.000006 -0.000231 -0.174534
 30   2.111085 -0.561179 1.784320 -0.000008 -0.000682 0.000024
 31   2.121290 -0.561289 -1.853599 0.000000 0.000000 -0.000002
 32   -0.814395 -0.093824 3.127092 -0.129489 -2.975237 -0.324172
 33   14.298673 -0.408176 0.471578 0.000032 -0.000248 -0.436322
 34   15.835795 0.581398 0.242756 0.162139 -0.013958 0.022620
 35   -0.815868 -0.091229 -3.114430 0.096037 3.002497 -0.031284
 36   14.294526 -0.410349 -0.467541 0.000081 0.000036 -0.399441
 37   15.834409 0.579420 -0.284600 -0.088743 0.040098 0.278088
 38   1.139685 -3.453749 -2.823813 0.000000 0.000000 0.000001
 39   -4.457742 -1.054854 -0.746180 0.000000 0.000000 0.000000
 40   1.118101 -3.449769 3.237290 0.000000 0.000001 0.000000
 41   -4.433840 -1.059130 0.959566 -0.000001 0.000000 0.000000
 42   -0.657468 1.697302 -2.688614 0.000000 0.000002 0.000000
 43   -0.664068 1.698578 2.869377 0.000000 0.000002 0.000000
time 20
  0   0.001233 0.187506 0.867585 0.000000 0.000000 -1.571354
  1   -1.093036 0.000002 -0.326057 -0.000729 -1.568388 -1.570022
  2   2.262337 0.113614 0.064702 -0.068096 -0.019858 -0.045045
  3   2.380047 0.353302 0.047440 -0.059899 0.000955 -0.015672
  4   2.033756 0.190472 -0.000128 0.125565 0.038986 0.115675
  5   2.451511 0.204909 -0.003447 -0.006265 -0.020672 0.132260
  6   7.247600 -0.397300 -0.109469 -0.091897 0.032679 0.231869
  7   -2.022252 -0.104661 3.136172 0.762077 -1.389767 -4.131396
  8   1.168026 -0.537438 -0.063437 0.912992 0.903761 0.631402
  9   6.790376 -0.619176 0.015206 -0.000047 -0.000085 -1.796655
 10   8.637599 0.544015 -0.090417 -1.290066 0.120166 0.166922
 11   6.790465 -0.619039 0.017802 0.003833 -0.011850 -1.272913
 12   -2.022474 -0.104699 -2.873818 -1.621292 1.223530 -4.996991
 13   1.167898 -0.537463 0.063297 0.969667 -0.597181 -1.163448
 14   7.002743 -0.617765 -0.183752 0.000172 0.000023 -1.886487
 15   8.209042 0.615527 -0.255885 1.732375 0.630105 0.115096
 16   7.002735 -0.617911 -0.183641 0.013025 0.010413 -1.339188
 17   1.574674 0.609930 -0.000899 0.082421 -0.033504 -0.048649
 18   -0.602177 0.511412 -0.000006 0.000000 0.000000 0.000000
 19   3.673773 0.177020 1.119313 -0.000002 -0.000014 -0.174510
 20   3.673767 0.176993 -1.117566 0.000007 -0.000003 -0.174546
 21   3.942357 1.334540 1.627658 0.000002 -0.000011 -0.000026
 22   -0.246060 -0.011889 0.516521 -0.000011 0.000031 0.000025
 23   3.942374 1.334565 -1.631083 0.000019 0.000002 -0.000024
 24   -0.246150 -0.011872 -0.516511 -0.000005 -0.000006 0.000048
 25   4.941364 1.997338 1.629330 0.000018 -0.000001 -0.000024
 26   4.941382 1.997366 -1.629410 -0.000001 0.000005 -0.000024
 27   2.914462 1.619264 1.514501 -0.000019 -0.000022 -0.000050
 28   2.916892 1.618870 -1.501142 -0.000002 -0.000009 -0.000024
 29   8.824059 0.150544 0.091743 0.000006 -0.000231 -0.174534
 30   2.111085 -0.561179 1.784320 -0.000008 -0.000682 0.000024
 31   2.121290 -0.561289 -1.853599 0.000000 0.000000 -0.000002
 32   -0.814395 -0.093824 3.127092 -0.129489 -2.975237 -0.324172
 33   14.298673 -0.408176 0.471578 0.000032 -0.000248 -0.436322
 34   15.835795 0.581398 0.242756 0.162139 -0.013958 0.022620
 35   -0.815868 -0.091229 -3.114430 0.096037 3.002497 -0.031284
 36   14.294526 -0.410349 -0.467541 0.000081 0.000036 -0.399441
 37   15.834409 0.579420 -0.284600 -0.088743 0.040098 0.278088
 38   1.139685 -3.453749 -2.823813 0.000000 0.000000 0.000001
 39   -4.457742 -1.054854 -0.746180 0.000000 0.000000 0.000000
 40   1.118101 -3.449769 3.237290 0.000000 0.000001 0.000000
 41   -4.433840 -1.059130 0.959566 -0.000001 0.000000 0.000000
 42   -0.657468 1.697302 -2.688614 0.000000 0.000002 0.000000
 43   -0.664068 1.698578 2.869377 0.000000 0.000002 0.000000
time 21
  0   0.001233 0.187506 0.867585 0.000000 0.000000 -1.571354
  1   -1.093036 0.000002 -0.326057 -0.000886 -1.568388 -1.569829
  2   2.262337 0.113614 0.064702 -0.068096 -0.019858 -0.045045
  3   2.380047 0.353302 0.047440 -0.059899 0.000955 -0.015672
  4   2.033756 0.190472 -0.000128 0.125565 0.039058 0.115240
  5   2.451511 0.204909 -0.003447 -0.006265 -0.009144 0.132161
  6   7.247600 -0.397300 -0.109469 -0.091897 0.032679 0.231869
  7   -2.022252 -0.104661 3.136172 0.871068 -1.373566 -4.238836
  8   1.168026 -0.537438 -0.063437 0.809908 0.950856 0.487485
  9   6.790376 -0.619176 0.015206 -0.000047 -0.000085 -1.833333
 10   8.637599 0.544015 -0.090417 -1.270251 0.080537 0.216840
 11   6.790465 -0.619039 0.017802 0.004038 -0.011850 -1.298579
 12   -2.022474 -0.104699 -2.873818 -1.608071 1.228261 -4.983204
 13   1.167898 -0.537463 0.063297 0.950617 -0.609945 -1.158242
 14   7.002743 -0.617765 -0.183752 0.000172 0.000023 -1.832611
 15   8.209042 0.615527 -0.255885 1.668238 0.649020 -0.005419
 16   7.002735 -0.617911 -0.183641 0.013120 0.010074 -1.301436
 17   1.574674 0.609930 -0.000899 0.082421 -0.064674 0.088514
 18   -0.602177 0.511412 -0.000006 0.000000 0.000000 0.000000
 19   3.673773 0.177020 1.119313 -0.000002 -0.000014 -0.174510
 20   3.673767 0.176993 -1.117566 0.000007 -0.000003 -0.174546
 21   3.942357 1.334540 1.627658 0.000002 -0.000011 -0.000026
 22   -0.246060 -0.011889 0.516521 -0.000011 0.000031 0.000025
 23   3.942374 1.334565 -1.631083 0.000019 0.000002 -0.000024
 24   -0.246150 -0.011872 -0.516511 -0.000005 -0.000006 0.000048
 25   4.941364 1.997338 1.629330 0.000018 -0.000001 -0.000024
 26   4.941382 1.997366 -1.629410 -0.000001 0.000005 -0.000024
 27   2.914462 1.619264 1.514501 -0.000019 -0.000022 -0.000050
 28   2.916892 1.618870 -1.501142 -0.000002 -0.000009 -0.000024
 29   8.824059 0.150544 0.091743 0.000006 -0.000231 -0.174534
 30   2.111085 -0.561179 1.784320 -0.000008 -0.000682 0.000024
 31   2.121290 -0.561289 -1.853599 0.000000 0.000000 -0.000002
 32   -0.814395 -0.093824 3.127092 -0.129489 -2.975237 -0.324172
 33   14.298673 -0.408176 0.471578 0.000032 -0.000248 -0.436322
 34   15.835795 0.581398 0.242756 0.162139 -0.013958 0.022620
 35   -0.815868 -0.091229 -3.114430 0.096037 3.002497 -0.031284
 36   14.294526 -0.410349 -0.467541 0.000081 0.000036 -0.399441
 37   15.834409 0.579420 -0.284600 -0.088743 0.040098 0.278088
 38   1.139685 -3.453749 -2.823813 0.000000 0.000000 0.000001
 39   -4.457742 -1.054854 -0.746180 0.000000 0.000000 0.000000
 40   1.118101 -3.449769 3.237290 0.000000 0.000001 0.000000
 41   -4.433840 -1.059130 0.959566 -0.000001 0.000000 0.000000
 42   -0.657468 1.697302 -2.688614 0.000000 0.000002 0.000000
 43   -0.664068 1.698578 2.869377 0.000000 0.000002 0.000000
time 22
  0   0.001233 0.187506 0.867585 0.000000 0.000000 -1.571354
  1   -1.093036 0.000002 -0.326057 -0.000729 -1.568388 -1.570022
  2   2.262337 0.113614 0.064702 -0.068096 -0.019858 -0.045045
  3   2.380047 0.353302 0.047440 -0.059899 0.000955 -0.015672
  4   2.033756 0.190472 -0.000128 0.125565 0.039058 0.115240
  5   2.451511 0.204909 -0.003447 -0.006282 0.012032 0.131938
  6   7.247600 -0.397300 -0.109469 -0.091897 0.032679 0.231869
  7   -2.022252 -0.104661 3.136172 0.988302 -1.349236 -4.354447
  8   1.168026 -0.537438 -0.063437 0.634937 1.000013 0.256964
  9   6.790376 -0.619176 0.015206 -0.000047 -0.000085 -1.882084
 10   8.637599 0.544015 -0.090417 -1.246122 0.026547 0.284843
 11   6.790465 -0.619039 0.017802 0.004242 -0.011850 -1.332722
 12   -2.022474 -0.104699 -2.873818 -1.579712 1.234414 -4.953237
 13   1.167898 -0.537463 0.063297 0.902534 -0.639441 -1.139113
 14   7.002743 -0.617765 -0.183752 0.000172 0.000023 -1.734512
 15   8.209042 0.615527 -0.255885 1.530616 0.664001 -0.245668
 16   7.002735 -0.617911 -0.183641 0.013261 0.009510 -1.232831
 17   1.574674 0.609930 -0.000899 0.073119 -0.100955 0.206087
 18   -0.602177 0.511412 -0.000006 0.000000 0.000000 0.000000
 19   3.673773 0.177020 1.119313 -0.000002 -0.000014 -0.174510
 20   3.673767 0.176993 -1.117566 0.000007 -0.000003 -0.174546
 21   3.942357 1.334540 1.627658 0.000002 -0.000011 -0.000026
 22   -0.246060 -0.011889 0.516521 -0.000011 0.000031 0.000025
 23   3.942374 1.334565 -1.631083 0.000019 0.000002 -0.000024
 24   -0.246150 -0.011872 -0.516511 -0.000005 -0.000006 0.000048
 25   4.941364 1.997338 1.629330 0.000018 -0.000001 -0.000024
 26   4.941382 1.997366 -1.629410 -0.000001 0.000005 -0.000024
 27   2.914462 1.619264 1.514501 -0.000019 -0.000022 -0.000050
 28   2.916892 1.618870 -1.501142 -0.000002 -0.000009 -0.000024
 29   8.824059 0.150544 0.091743 0.000006 -0.000231 -0.174534
 30   2.111085 -0.561179 1.784320 -0.000008 -0.000682 0.000024
 31   2.121290 -0.561289 -1.853599 0.000000 0.000000 -0.000002
 32   -0.814395 -0.093824 3.127092 -0.129489 -2.975237 -0.324172
 33   14.298673 -0.408176 0.471578 0.000032 -0.000248 -0.436322
 34   15.835795 0.581398 0.242756 0.162139 -0.013958 0.022620
 35   -0.815868 -0.091229 -3.114430 0.096037 3.002497 -0.031284
 36   14.294526 -0.410349 -0.467541 0.000081 0.000036 -0.399441
 37   15.834409 0.579420 -0.284600 -0.088743 0.040098 0.278088
 38   1.139685 -3.453749 -2.823813 0.000000 0.000000 0.000001
 39   -4.457742 -1.054854 -0.746180 0.000000 0.000000 0.000000
 40   1.118101 -3.449769 3.237290 0.000000 0.000001 0.000000
 41   -4.433840 -1.059130 0.959566 -0.000001 0.000000 0.000000
 42   -0.657468 1.697302 -2.688614 0.000000 0.000002 0.000000
 43   -0.664068 1.698578 2.869377 0.000000 0.000002 0.000000
time 23
  0   0.001233 0.187506 0.867585 0.000000 0.000000 -1.571354
  1   -1.093036 0.000002 -0.326057 -0.000729 -1.568388 -1.570022
  2   2.262337 0.113614 0.064702 -0.068096 -0.019858 -0.045045
  3   2.380047 0.353302 0.047440 -0.059899 0.000955 -0.015672
  4   2.033756 0.190472 -0.000128 0.125565 0.039058 0.115240
  5   2.451511 0.204909 -0.003447 -0.006282 0.023626 0.131938
  6   7.247600 -0.397300 -0.109469 -0.091897 0.032679 0.231869
  7   -2.022252 -0.104661 3.136172 1.086173 -1.320092 -4.451087
  8   1.168026 -0.537438 -0.063437 0.418202 1.005799 -0.019168
  9   6.790376 -0.619176 0.015206 -0.000047 -0.000085 -1.934761
 10   8.637599 0.544015 -0.090417 -1.223929 -0.033425 0.357983
 11   6.790465 -0.619039 0.017802 0.004505 -0.011879 -1.369519
 12   -2.022474 -0.104699 -2.873818 -1.553652 1.230118 -4.925472
 13   1.167898 -0.537463 0.063297 0.845032 -0.661918 -1.106848
 14   7.002743 -0.617765 -0.183752 0.000172 0.000023 -1.658277
 15   8.209042 0.615527 -0.255885 1.432540 0.652122 -0.386209
 16   7.002735 -0.617911 -0.183641 0.013402 0.009059 -1.179460
 17   1.574674 0.609930 -0.000899 0.065360 -0.119202 0.267923
 18   -0.602177 0.511412 -0.000006 0.000000 0.000000 0.000000
 19   3.673773 0.177020 1.119313 -0.000002 -0.000014 -0.174510
 20   3.673767 0.176993 -1.117566 0.000007 -0.000003 -0.174546
 21   3.942357 1.334540 1.627658 0.000002 -0.000011 -0.000026
 22   -0.246060 -0.011889 0.516521 -0.000011 0.000031 0.000025
 23   3.942374 1.334565 -1.631083 0.000019 0.000002 -0.000024
 24   -0.246150 -0.011872 -0.516511 -0.000005 -0.000006 0.000048
 25   4.941364 1.997338 1.629330 0.000018 -0.000001 -0.000024
 26   4.941382 1.997366 -1.629410 -0.000001 0.000005 -0.000024
 27   2.914462 1.619264 1.514501 -0.000019 -0.000022 -0.000050
 28   2.916892 1.618870 -1.501142 -0.000002 -0.000009 -0.000024
 29   8.824059 0.150544 0.091743 0.000006 -0.000231 -0.174534
 30   2.111085 -0.561179 1.784320 -0.000008 -0.000682 0.000024
 31   2.121290 -0.561289 -1.853599 0.000000 0.000000 -0.000002
 32   -0.814395 -0.093824 3.127092 -0.129489 -2.975237 -0.324172
 33   14.298673 -0.408176 0.471578 0.000032 -0.000248 -0.436322
 34   15.835795 0.581398 0.242756 0.162139 -0.013958 0.022620
 35   -0.815868 -0.091229 -3.114430 0.096037 3.002497 -0.031284
 36   14.294526 -0.410349 -0.467541 0.000081 0.000036 -0.399441
 37   15.834409 0.579420 -0.284600 -0.088743 0.040098 0.278088
 38   1.139685 -3.453749 -2.823813 0.000000 0.000000 0.000001
 39   -4.457742 -1.054854 -0.746180 0.000000 0.000000 0.000000
 40   1.118101 -3.449769 3.237290 0.000000 0.000001 0.000000
 41   -4.433840 -1.059130 0.959566 -0.000001 0.000000 0.000000
 42   -0.657468 1.697302 -2.688614 0.000000 0.000002 0.000000
 43   -0.664068 1.698578 2.869377 0.000000 0.000002 0.000000
time 24
  0   0.001233 0.187506 0.867585 0.000000 0.000000 -1.571354
  1   -1.093036 0.000002 -0.326057 -0.000729 -1.568388 -1.570022
  2   2.262337 0.113614 0.064702 -0.068096 -0.018515 -0.045117
  3   2.380047 0.353302 0.047440 -0.056794 -0.000412 -0.014162
  4   2.033756 0.190472 -0.000128 0.105611 0.035762 0.117741
  5   2.451511 0.204909 -0.003447 -0.018144 0.022150 0.129907
  6   7.247600 -0.397300 -0.109469 -0.091897 0.032679 0.231869
  7   -2.022252 -0.104661 3.136172 1.155862 -1.292129 -4.519834
  8   1.168026 -0.537438 -0.063437 0.231967 0.961120 -0.231976
  9   6.790376 -0.619176 0.015206 -0.000047 -0.000085 -1.982230
 10   8.637599 0.544015 -0.090417 -1.207813 -0.089104 0.424757
 11   6.790465 -0.619039 0.017802 0.004709 -0.011879 -1.402855
 12   -2.022474 -0.104699 -2.873818 -1.535545 1.191835 -4.905366
 13   1.167898 -0.537463 0.063297 0.734034 -0.658003 -1.052972
 14   7.002743 -0.617765 -0.183752 0.000172 0.000023 -1.634433
 15   8.209042 0.615527 -0.255885 1.444404 0.622312 -0.225762
 16   7.002735 -0.617911 -0.183641 0.013449 0.008890 -1.162792
 17   1.574674 0.609930 -0.000899 0.091236 -0.133970 0.282929
 18   -0.602177 0.511412 -0.000006 0.000000 0.000000 0.000000
 19   3.673773 0.177020 1.119313 -0.000002 -0.000014 -0.174510
 20   3.673767 0.176993 -1.117566 0.000007 -0.000003 -0.174546
 21   3.942357 1.334540 1.627658 0.000002 -0.000011 -0.000026
 22   -0.246060 -0.011889 0.516521 -0.000011 0.000031 0.000025
 23   3.942374 1.334565 -1.631083 0.000019 0.000002 -0.000024
 24   -0.246150 -0.011872 -0.516511 -0.000005 -0.000006 0.000048
 25   4.941364 1.997338 1.629330 0.000018 -0.000001 -0.000024
 26   4.941382 1.997366 -1.629410 -0.000001 0.000005 -0.000024
 27   2.914462 1.619264 1.514501 -0.000019 -0.000022 -0.000050
 28   2.916892 1.618870 -1.501142 -0.000002 -0.000009 -0.000024
 29   8.824059 0.150544 0.091743 0.000006 -0.000231 -0.174534
 30   2.111085 -0.561179 1.784320 -0.000008 -0.000682 0.000024
 31   2.121290 -0.561289 -1.853599 0.000000 0.000000 -0.000002
 32   -0.814395 -0.093824 3.127092 -0.129489 -2.975237 -0.324172
 33   14.298673 -0.408176 0.471578 0.000032 -0.000248 -0.436322
 34   15.835795 0.581398 0.242756 0.162139 -0.013958 0.022620
 35   -0.815868 -0.091229 -3.114430 0.096037 3.002497 -0.031284
 36   14.294526 -0.410349 -0.467541 0.000081 0.000036 -0.399441
 37   15.834409 0.579420 -0.284600 -0.088743 0.040098 0.278088
 38   1.139685 -3.453749 -2.823813 0.000000 0.000000 0.000001
 39   -4.457742 -1.054854 -0.746180 0.000000 0.000000 0.000000
 40   1.118101 -3.449769 3.237290 0.000000 0.000001 0.000000
 41   -4.433840 -1.059130 0.959566 -0.000001 0.000000 0.000000
 42   -0.657468 1.697302 -2.688614 0.000000 0.000002 0.000000
 43   -0.664068 1.698578 2.869377 0.000000 0.000002 0.000000
time 25
  0   0.001233 0.187506 0.867585 0.000000 0.000000 -1.571354
  1   -1.093036 0.000002 -0.326057 -0.000886 -1.568388 -1.569829
  2   2.262337 0.113614 0.064702 -0.068096 -0.015328 -0.045316
  3   2.380047 0.353302 0.047440 -0.049353 -0.004067 -0.010489
  4   2.033756 0.190472 -0.000128 0.057863 0.028188 0.123758
  5   2.451511 0.204909 -0.003447 -0.046130 0.018469 0.125177
  6   7.247600 -0.397300 -0.109469 -0.091897 0.032679 0.231869
  7   -2.022252 -0.104661 3.136172 1.196026 -1.271431 -4.559936
  8   1.168026 -0.537438 -0.063437 0.113760 0.897573 -0.321110
  9   6.790376 -0.619176 0.015206 -0.000047 -0.000085 -2.016115
 10   8.637599 0.544015 -0.090417 -1.198831 -0.129297 0.473879
 11   6.790465 -0.619039 0.017802 0.004913 -0.011879 -1.426559
 12   -2.022474 -0.104699 -2.873818 -1.523186 1.119392 -4.889473
 13   1.167898 -0.537463 0.063297 0.552600 -0.625608 -0.983236
 14   7.002743 -0.617765 -0.183752 0.000172 0.000023 -1.640951
 15   8.209042 0.615527 -0.255885 1.511346 0.558228 0.166814
 16   7.002735 -0.617911 -0.183641 0.013402 0.008947 -1.167318
 17   1.574674 0.609930 -0.000899 0.154524 -0.166181 0.287253
 18   -0.602177 0.511412 -0.000006 0.000000 0.000000 0.000000
 19   3.673773 0.177020 1.119313 -0.000002 -0.000014 -0.174510
 20   3.673767 0.176993 -1.117566 0.000007 -0.000003 -0.174546
 21   3.942357 1.334540 1.627658 0.000002 -0.000011 -0.000026
 22   -0.246060 -0.011889 0.516521 -0.000011 0.000031 0.000025
 23   3.942374 1.334565 -1.631083 0.000019 0.000002 -0.000024
 24   -0.246150 -0.011872 -0.516511 -0.000005 -0.000006 0.000048
 25   4.941364 1.997338 1.629330 0.000018 -0.000001 -0.000024
 26   4.941382 1.997366 -1.629410 -0.000001 0.000005 -0.000024
 27   2.914462 1.619264 1.514501 -0.000019 -0.000022 -0.000050
 28   2.916892 1.618870 -1.501142 -0.000002 -0.000009 -0.000024
 29   8.824059 0.150544 0.091743 0.000006 -0.000231 -0.174534
 30   2.111085 -0.561179 1.784320 -0.000008 -0.000682 0.000024
 31   2.121290 -0.561289 -1.853599 0.000000 0.000000 -0.000002
 32   -0.814395 -0.093824 3.127092 -0.129489 -2.975237 -0.324172
 33   14.298673 -0.408176 0.471578 0.000032 -0.000248 -0.436322
 34   15.835795 0.581398 0.242756 0.162139 -0.013958 0.022620
 35   -0.815868 -0.091229 -3.114430 0.096037 3.002497 -0.031284
 36   14.294526 -0.410349 -0.467541 0.000081 0.000036 -0.399441
 37   15.834409 0.579420 -0.284600 -0.088743 0.040098 0.278088
 38   1.139685 -3.453749 -2.823813 0.000000 0.000000 0.000001
 39   -4.457742 -1.054854 -0.746180 0.000000 0.000000 0.000000
 40   1.118101 -3.449769 3.237290 0.000000 0.000001 0.000000
 41   -4.433840 -1.059130 0.959566 -0.000001 0.000000 0.000000
 42   -0.657468 1.697302 -2.688614 0.000000 0.000002 0.000000
 43   -0.664068 1.698578 2.869377 0.000000 0.000002 0.000000
time 26
  0   0.001233 0.187506 0.867585 0.000000 0.000000 -1.571354
  1   -1.093036 0.000002 -0.326057 -0.000886 -1.568388 -1.569829
  2   2.262337 0.113614 0.064702 -0.068147 -0.011516 -0.045641
  3   2.380047 0.353302 0.047440 -0.040548 -0.008261 -0.006265
  4   2.033756 0.190472 -0.000128 0.000894 0.019559 0.131515
  5   2.451511 0.204909 -0.003447 -0.079679 0.014147 0.119679
  6   7.247600 -0.397300 -0.109469 -0.091897 0.032679 0.231869
  7   -2.022252 -0.104661 3.136172 1.207337 -1.264340 -4.570361
  8   1.168026 -0.537438 -0.063437 0.070223 0.854001 -0.297134
  9   6.790376 -0.619176 0.015206 -0.000047 -0.000085 -2.027737
 10   8.637599 0.544015 -0.090417 -1.196189 -0.143305 0.494642
 11   6.790465 -0.619039 0.017802 0.004972 -0.011879 -1.434692
 12   -2.022474 -0.104699 -2.873818 -1.517150 1.037283 -4.879037
 13   1.167898 -0.537463 0.063297 0.363643 -0.574347 -0.923004
 14   7.002743 -0.617765 -0.183752 0.000172 0.000023 -1.663145
 15   8.209042 0.615527 -0.255885 1.562684 0.461157 0.614236
 16   7.002735 -0.617911 -0.183641 0.013402 0.009059 -1.182882
 17   1.574674 0.609930 -0.000899 0.230933 -0.203527 0.283298
 18   -0.602177 0.511412 -0.000006 0.000000 0.000000 0.000000
 19   3.673773 0.177020 1.119313 -0.000002 -0.000014 -0.174510
 20   3.673767 0.176993 -1.117566 0.000007 -0.000003 -0.174546
 21   3.942357 1.334540 1.627658 0.000002 -0.000011 -0.000026
 22   -0.246060 -0.011889 0.516521 -0.000011 0.000031 0.000025
 23   3.942374 1.334565 -1.631083 0.000019 0.000002 -0.000024
 24   -0.246150 -0.011872 -0.516511 -0.000005 -0.000006 0.000048
 25   4.941364 1.997338 1.629330 0.000018 -0.000001 -0.000024
 26   4.941382 1.997366 -1.629410 -0.000001 0.000005 -0.000024
 27   2.914462 1.619264 1.514501 -0.000019 -0.000022 -0.000050
 28   2.916892 1.618870 -1.501142 -0.000002 -0.000009 -0.000024
 29   8.824059 0.150544 0.091743 0.000006 -0.000231 -0.174534
 30   2.111085 -0.561179 1.784320 -0.000008 -0.000682 0.000024
 31   2.121290 -0.561289 -1.853599 0.000000 0.000000 -0.000002
 32   -0.814395 -0.093824 3.127092 -0.129489 -2.975237 -0.324172
 33   14.298673 -0.408176 0.471578 0.000032 -0.000248 -0.436322
 34   15.835795 0.581398 0.242756 0.162139 -0.013958 0.022620
 35   -0.815868 -0.091229 -3.114430 0.096037 3.002497 -0.031284
 36   14.294526 -0.410349 -0.467541 0.000081 0.000036 -0.399441
 37   15.834409 0.579420 -0.284600 -0.088743 0.040098 0.278088
 38   1.139685 -3.453749 -2.823813 0.000000 0.000000 0.000001
 39   -4.457742 -1.054854 -0.746180 0.000000 0.000000 0.000000
 40   1.118101 -3.449769 3.237290 0.000000 0.000001 0.000000
 41   -4.433840 -1.059130 0.959566 -0.000001 0.000000 0.000000
 42   -0.657468 1.697302 -2.688614 0.000000 0.000002 0.000000
 43   -0.664068 1.698578 2.869377 0.000000 0.000002 0.000000
time 27
  0   0.001233 0.187506 0.867585 0.000000 0.000000 -1.571354
  1   -1.093036 0.000002 -0.326057 -0.000886 -1.568388 -1.569829
  2   2.262337 0.113614 0.064702 -0.068147 -0.008341 -0.045858
  3   2.380047 0.353302 0.047440 -0.033077 -0.011989 -0.002694
  4   2.033756 0.190472 -0.000128 -0.046688 0.012692 0.138583
  5   2.451511 0.204909 -0.003447 -0.107751 0.010283 0.115172
  6   7.247600 -0.397300 -0.109469 -0.091897 0.032679 0.231869
  7   -2.022252 -0.104661 3.136172 1.201202 -1.266040 -4.563787
  8   1.168026 -0.537438 -0.063437 0.065097 0.834630 -0.234633
  9   6.790376 -0.619176 0.015206 -0.000047 -0.000085 -2.024718
 10   8.637599 0.544015 -0.090417 -1.197069 -0.140137 0.497174
 11   6.790465 -0.619039 0.017802 0.004943 -0.011879 -1.432500
 12   -2.022474 -0.104699 -2.873818 -1.514659 0.970238 -4.872814
 13   1.167898 -0.537463 0.063297 0.218763 -0.524204 -0.884988
 14   7.002743 -0.617765 -0.183752 0.000172 0.000023 -1.686329
 15   8.209042 0.615527 -0.255885 1.573110 0.370215 0.971571
 16   7.002735 -0.617911 -0.183641 0.013308 0.009229 -1.199164
 17   1.574674 0.609930 -0.000899 0.295521 -0.234483 0.276608
 18   -0.602177 0.511412 -0.000006 0.000000 0.000000 0.000000
 19   3.673773 0.177020 1.119313 -0.000002 -0.000014 -0.174510
 20   3.673767 0.176993 -1.117566 0.000007 -0.000003 -0.174546
 21   3.942357 1.334540 1.627658 0.000002 -0.000011 -0.000026
 22   -0.246060 -0.011889 0.516521 -0.000011 0.000031 0.000025
 23   3.942374 1.334565 -1.631083 0.000019 0.000002 -0.000024
 24   -0.246150 -0.011872 -0.516511 -0.000005 -0.000006 0.000048
 25   4.941364 1.997338 1.629330 0.000018 -0.000001 -0.000024
 26   4.941382 1.997366 -1.629410 -0.000001 0.000005 -0.000024
 27   2.914462 1.619264 1.514501 -0.000019 -0.000022 -0.000050
 28   2.916892 1.618870 -1.501142 -0.000002 -0.000009 -0.000024
 29   8.824059 0.150544 0.091743 0.000006 -0.000231 -0.174534
 30   2.111085 -0.561179 1.784320 -0.000008 -0.000682 0.000024
 31   2.121290 -0.561289 -1.853599 0.000000 0.000000 -0.000002
 32   -0.814395 -0.093824 3.127092 -0.129489 -2.975237 -0.324172
 33   14.298673 -0.408176 0.471578 0.000032 -0.000248 -0.436322
 34   15.835795 0.581398 0.242756 0.162139 -0.013958 0.022620
 35   -0.815868 -0.091229 -3.114430 0.096037 3.002497 -0.031284
 36   14.294526 -0.410349 -0.467541 0.000081 0.000036 -0.399441
 37   15.834409 0.579420 -0.284600 -0.088743 0.040098 0.278088
 38   1.139685 -3.453749 -2.823813 0.000000 0.000000 0.000001
 39   -4.457742 -1.054854 -0.746180 0.000000 0.000000 0.000000
 40   1.118101 -3.449769 3.237290 0.000000 0.000001 0.000000
 41   -4.433840 -1.059130 0.959566 -0.000001 0.000000 0.000000
 42   -0.657468 1.697302 -2.688614 0.000000 0.000002 0.000000
 43   -0.664068 1.698578 2.869377 0.000000 0.000002 0.000000
time 28
  0   0.001233 0.187506 0.867585 0.000000 0.000000 -1.571354
  1   -1.093036 0.000002 -0.326057 -0.000729 -1.568388 -1.570022
  2   2.262337 0.113614 0.064702 -0.068147 -0.006938 -0.045913
  3   2.380047 0.353302 0.047440 -0.030002 -0.013535 -0.001224
  4   2.033756 0.190472 -0.000128 -0.066772 0.009887 0.142136
  5   2.451511 0.204909 -0.003447 -0.119510 0.008638 0.113463
  6   7.247600 -0.397300 -0.109469 -0.091897 0.032679 0.231869
  7   -2.022252 -0.104661 3.136172 1.192767 -1.268087 -4.556273
  8   1.168026 -0.537438 -0.063437 0.068387 0.825976 -0.206671
  9   6.790376 -0.619176 0.015206 -0.000047 -0.000085 -2.021171
 10   8.637599 0.544015 -0.090417 -1.197950 -0.136336 0.500719
 11   6.790465 -0.619039 0.017802 0.004943 -0.011879 -1.430135
 12   -2.022474 -0.104699 -2.873818 -1.514084 0.942433 -4.869081
 13   1.167898 -0.537463 0.063297 0.159784 -0.502896 -0.869915
 14   7.002743 -0.617765 -0.183752 0.000172 0.000023 -1.696312
 15   8.209042 0.615527 -0.255885 1.569947 0.331553 1.118186
 16   7.002735 -0.617911 -0.183641 0.013308 0.009285 -1.206063
 17   1.574674 0.609930 -0.000899 0.322087 -0.248896 0.275241
 18   -0.602177 0.511412 -0.000006 0.000000 0.000000 0.000000
 19   3.673773 0.177020 1.119313 -0.000002 -0.000014 -0.174510
 20   3.673767 0.176993 -1.117566 0.000007 -0.000003 -0.174546
 21   3.942357 1.334540 1.627658 0.000002 -0.000011 -0.000026
 22   -0.246060 -0.011889 0.516521 -0.000011 0.000031 0.000025
 23   3.942374 1.334565 -1.631083 0.000019 0.000002 -0.000024
 24   -0.246150 -0.011872 -0.516511 -0.000005 -0.000006 0.000048
 25   4.941364 1.997338 1.629330 0.000018 -0.000001 -0.000024
 26   4.941382 1.997366 -1.629410 -0.000001 0.000005 -0.000024
 27   2.914462 1.619264 1.514501 -0.000019 -0.000022 -0.000050
 28   2.916892 1.618870 -1.501142 -0.000002 -0.000009 -0.000024
 29   8.824059 0.150544 0.091743 0.000006 -0.000231 -0.174534
 30   2.111085 -0.561179 1.784320 -0.000008 -0.000682 0.000024
 31   2.121290 -0.561289 -1.853599 0.000000 0.000000 -0.000002
 32   -0.814395 -0.093824 3.127092 -0.129489 -2.975237 -0.324172
 33   14.298673 -0.408176 0.471578 0.000032 -0.000248 -0.436322
 34   15.835795 0.581398 0.242756 0.162139 -0.013958 0.022620
 35   -0.815868 -0.091229 -3.114430 0.096037 3.002497 -0.031284
 36   14.294526 -0.410349 -0.467541 0.000081 0.000036 -0.399441
 37   15.834409 0.579420 -0.284600 -0.088743 0.040098 0.278088
 38   1.139685 -3.453749 -2.823813 0.000000 0.000000 0.000001
 39   -4.457742 -1.054854 -0.746180 0.000000 0.000000 0.000000
 40   1.118101 -3.449769 3.237290 0.000000 0.000001 0.000000
 41   -4.433840 -1.059130 0.959566 -0.000001 0.000000 0.000000
 42   -0.657468 1.697302 -2.688614 0.000000 0.000002 0.000000
 43   -0.664068 1.698578 2.869377 0.000000 0.000002 0.000000
time 29
  0   0.001233 0.187506 0.867585 0.000000 0.000000 -1.571354
  1   -1.093036 0.000002 -0.326057 -0.000729 -1.568388 -1.570022
  2   2.262337 0.113614 0.064702 -0.068147 -0.006938 -0.045913
  3   2.380047 0.353302 0.047440 -0.030002 -0.013535 -0.001224
  4   2.033756 0.190472 -0.000128 -0.067602 0.010211 0.146086
  5   2.451511 0.204909 -0.003447 -0.119236 0.008651 0.113562
  6   7.247600 -0.397300 -0.109469 -0.091897 0.032679 0.231869
  7   -2.022252 -0.104661 3.136172 1.186057 -1.268894 -4.548666
  8   1.168026 -0.537438 -0.063437 0.019219 0.816064 -0.255509
  9   6.790376 -0.619176 0.015206 -0.000047 -0.000085 -1.955439
 10   8.637599 0.544015 -0.090417 -1.135864 -0.215455 0.528861
 11   6.790465 -0.619039 0.017802 0.004621 -0.011879 -1.384053
 12   -2.022474 -0.104699 -2.873818 -1.512647 0.939792 -4.867836
 13   1.167898 -0.537463 0.063297 0.142632 -0.514491 -0.852481
 14   7.002743 -0.617765 -0.183752 0.000172 0.000023 -1.702995
 15   8.209042 0.615527 -0.255885 1.590151 0.328375 1.177662
 16   7.002735 -0.617911 -0.183641 0.013308 0.009341 -1.210699
 17   1.574674 0.609930 -0.000899 0.322006 -0.250648 0.274871
 18   -0.602177 0.511412 -0.000006 0.000000 0.000000 0.000000
 19   3.673773 0.177020 1.119313 -0.000002 -0.000014 -0.174510
 20   3.673767 0.176993 -1.117566 0.000007 -0.000003 -0.174546
 21   3.942357 1.334540 1.627658 0.000002 -0.000011 -0.000026
 22   -0.246060 -0.011889 0.516521 -0.000011 0.000031 0.000025
 23   3.942374 1.334565 -1.631083 0.000019 0.000002 -0.000024
 24   -0.246150 -0.011872 -0.516511 -0.000005 -0.000006 0.000048
 25   4.941364 1.997338 1.629330 0.000018 -0.000001 -0.000024
 26   4.941382 1.997366 -1.629410 -0.000001 0.000005 -0.000024
 27   2.914462 1.619264 1.514501 -0.000019 -0.000022 -0.000050
 28   2.916892 1.618870 -1.501142 -0.000002 -0.000009 -0.000024
 29   8.824059 0.150544 0.091743 0.000006 -0.000231 -0.174534
 30   2.111085 -0.561179 1.784320 -0.000008 -0.000682 0.000024
 31   2.121290 -0.561289 -1.853599 0.000000 0.000000 -0.000002
 32   -0.814395 -0.093824 3.127092 -0.129489 -2.975237 -0.324172
 33   14.298673 -0.408176 0.471578 0.000032 -0.000248 -0.436322
 34   15.835795 0.581398 0.242756 0.162139 -0.013958 0.022620
 35   -0.815868 -0.091229 -3.114430 0.096037 3.002497 -0.031284
 36   14.294526 -0.410349 -0.467541 0.000081 0.000036 -0.399441
 37   15.834409 0.579420 -0.284600 -0.088743 0.040098 0.278088
 38   1.139685 -3.453749 -2.823813 0.000000 0.000000 0.000001
 39   -4.457742 -1.054854 -0.746180 0.000000 0.000000 0.000000
 40   1.118101 -3.449769 3.237290 0.000000 0.000001 0.000000
 41   -4.433840 -1.059130 0.959566 -0.000001 0.000000 0.000000
 42   -0.657468 1.697302 -2.688614 0.000000 0.000002 0.000000
 43   -0.664068 1.698578 2.869377 0.000000 0.000002 0.000000
time 30
  0   0.001233 0.187506 0.867585 0.000000 0.000000 -1.571354
  1   -1.093036 0.000002 -0.326057 -0.000729 -1.568388 -1.570022
  2   2.262337 0.113614 0.064702 -0.068147 -0.006938 -0.045913
  3   2.380047 0.353302 0.047440 -0.030002 -0.013535 -0.001224
  4   2.033756 0.190472 -0.000128 -0.069022 0.010463 0.150037
  5   2.451511 0.204909 -0.003447 -0.118637 0.008664 0.113686
  6   7.247600 -0.397300 -0.109469 -0.091897 0.032679 0.231869
  7   -2.022252 -0.104661 3.136172 1.180018 -1.268058 -4.542655
  8   1.168026 -0.537438 -0.063437 -0.092851 0.791611 -0.359066
  9   6.790376 -0.619176 0.015206 -0.000047 -0.000085 -1.814767
 10   8.637599 0.544015 -0.090417 -1.001918 -0.399737 0.570242
 11   6.790465 -0.619039 0.017802 0.003921 -0.011850 -1.285602
 12   -2.022474 -0.104699 -2.873818 -1.511689 0.934045 -4.866304
 13   1.167898 -0.537463 0.063297 0.106078 -0.540071 -0.816463
 14   7.002743 -0.617765 -0.183752 0.000172 0.000023 -1.719826
 15   8.209042 0.615527 -0.255885 1.631999 0.318539 1.307799
 16   7.002735 -0.617911 -0.183641 0.013308 0.009398 -1.222566
 17   1.574674 0.609930 -0.000899 0.322899 -0.250719 0.270325
 18   -0.602177 0.511412 -0.000006 0.000000 0.000000 0.000000
 19   3.673773 0.177020 1.119313 -0.000002 -0.000014 -0.174510
 20   3.673767 0.176993 -1.117566 0.000007 -0.000003 -0.174546
 21   3.942357 1.334540 1.627658 0.000002 -0.000011 -0.000026
 22   -0.246060 -0.011889 0.516521 -0.000011 0.000031 0.000025
 23   3.942374 1.334565 -1.631083 0.000019 0.000002 -0.000024
 24   -0.246150 -0.011872 -0.516511 -0.000005 -0.000006 0.000048
 25   4.941364 1.997338 1.629330 0.000018 -0.000001 -0.000024
 26   4.941382 1.997366 -1.629410 -0.000001 0.000005 -0.000024
 27   2.914462 1.619264 1.514501 -0.000019 -0.000022 -0.000050
 28   2.916892 1.618870 -1.501142 -0.000002 -0.000009 -0.000024
 29   8.824059 0.150544 0.091743 0.000006 -0.000231 -0.174534
 30   2.111085 -0.561179 1.784320 -0.000008 -0.000682 0.000024
 31   2.121290 -0.561289 -1.853599 0.000000 0.000000 -0.000002
 32   -0.814395 -0.093824 3.127092 -0.129489 -2.975237 -0.324172
 33   14.298673 -0.408176 0.471578 0.000032 -0.000248 -0.436322
 34   15.835795 0.581398 0.242756 0.162139 -0.013958 0.022620
 35   -0.815868 -0.091229 -3.114430 0.096037 3.002497 -0.031284
 36   14.294526 -0.410349 -0.467541 0.000081 0.000036 -0.399441
 37   15.834409 0.579420 -0.284600 -0.088743 0.040098 0.278088
 38   1.139685 -3.453749 -2.823813 0.000000 0.000000 0.000001
 39   -4.457742 -1.054854 -0.746180 0.000000 0.000000 0.000000
 40   1.118101 -3.449769 3.237290 0.000000 0.000001 0.000000
 41   -4.433840 -1.059130 0.959566 -0.000001 0.000000 0.000000
 42   -0.657468 1.697302 -2.688614 0.000000 0.000002 0.000000
 43   -0.664068 1.698578 2.869377 0.000000 0.000002 0.000000
time 31
  0   0.001233 0.187506 0.867585 0.000000 0.000000 -1.571354
  1   -1.093036 0.000002 -0.326057 -0.000886 -1.568388 -1.569829
  2   2.262337 0.113614 0.064702 -0.068147 -0.006938 -0.045913
  3   2.380047 0.353302 0.047440 -0.030002 -0.013535 -0.001224
  4   2.033756 0.190472 -0.000128 -0.070737 0.010547 0.152538
  5   2.451511 0.204909 -0.003447 -0.118021 0.008690 0.113884
  6   7.247600 -0.397300 -0.109469 -0.091897 0.032679 0.231869
  7   -2.022252 -0.104661 3.136172 1.172541 -1.267540 -4.535048
  8   1.168026 -0.537438 -0.063437 -0.195049 0.760064 -0.454083
  9   6.790376 -0.619176 0.015206 -0.000102 -0.000085 -1.672964
 10   8.637599 0.544015 -0.090417 -0.864625 -0.587961 0.587459
 11   6.790465 -0.619039 0.017802 0.003278 -0.011850 -1.186343
 12   -2.022474 -0.104699 -2.873818 -1.511114 0.928298 -4.864676
 13   1.167898 -0.537463 0.063297 0.066993 -0.566210 -0.777539
 14   7.002743 -0.617765 -0.183752 0.000172 0.000023 -1.736327
 15   8.209042 0.615527 -0.255885 1.672624 0.303634 1.436914
 16   7.002735 -0.617911 -0.183641 0.013261 0.009510 -1.234101
 17   1.574674 0.609930 -0.000899 0.324077 -0.249322 0.263192
 18   -0.602177 0.511412 -0.000006 0.000000 0.000000 0.000000
 19   3.673773 0.177020 1.119313 -0.000002 -0.000014 -0.174510
 20   3.673767 0.176993 -1.117566 0.000007 -0.000003 -0.174546
 21   3.942357 1.334540 1.627658 0.000002 -0.000011 -0.000026
 22   -0.246060 -0.011889 0.516521 -0.000011 0.000031 0.000025
 23   3.942374 1.334565 -1.631083 0.000019 0.000002 -0.000024
 24   -0.246150 -0.011872 -0.516511 -0.000005 -0.000006 0.000048
 25   4.941364 1.997338 1.629330 0.000018 -0.000001 -0.000024
 26   4.941382 1.997366 -1.629410 -0.000001 0.000005 -0.000024
 27   2.914462 1.619264 1.514501 -0.000019 -0.000022 -0.000050
 28   2.916892 1.618870 -1.501142 -0.000002 -0.000009 -0.000024
 29   8.824059 0.150544 0.091743 0.000006 -0.000231 -0.174534
 30   2.111085 -0.561179 1.784320 -0.000008 -0.000682 0.000024
 31   2.121290 -0.561289 -1.853599 0.000000 0.000000 -0.000002
 32   -0.814395 -0.093824 3.127092 -0.129489 -2.975237 -0.324172
 33   14.298673 -0.408176 0.471578 0.000032 -0.000248 -0.436322
 34   15.835795 0.581398 0.242756 0.162139 -0.013958 0.022620
 35   -0.815868 -0.091229 -3.114430 0.096037 3.002497 -0.031284
 36   14.294526 -0.410349 -0.467541 0.000081 0.000036 -0.399441
 37   15.834409 0.579420 -0.284600 -0.088743 0.040098 0.278088
 38   1.139685 -3.453749 -2.823813 0.000000 0.000000 0.000001
 39   -4.457742 -1.054854 -0.746180 0.000000 0.000000 0.000000
 40   1.118101 -3.449769 3.237290 0.000000 0.000001 0.000000
 41   -4.433840 -1.059130 0.959566 -0.000001 0.000000 0.000000
 42   -0.657468 1.697302 -2.688614 0.000000 0.000002 0.000000
 43   -0.664068 1.698578 2.869377 0.000000 0.000002 0.000000
time 32
  0   0.001233 0.187506 0.867585 0.000000 0.000000 -1.571354
  1   -1.093036 0.000002 -0.326057 -0.000729 -1.568388 -1.570022
  2   2.262337 0.113614 0.064702 -0.068147 -0.006938 -0.045913
  3   2.380047 0.353302 0.047440 -0.030002 -0.013535 -0.001224
  4   2.033756 0.190472 -0.000128 -0.072065 0.010139 0.146920
  5   2.451511 0.204909 -0.003447 -0.117593 0.008716 0.114008
  6   7.247600 -0.397300 -0.109469 -0.091897 0.032679 0.231869
  7   -2.022252 -0.104661 3.136172 1.161230 -1.269442 -4.523027
  8   1.168026 -0.537438 -0.063437 -0.225930 0.750756 -0.487864
  9   6.790376 -0.619176 0.015206 -0.000102 -0.000085 -1.605119
 10   8.637599 0.544015 -0.090417 -0.801834 -0.671796 0.591655
 11   6.790465 -0.619039 0.017802 0.002986 -0.011793 -1.138819
 12   -2.022474 -0.104699 -2.873818 -1.509006 0.925628 -4.862474
 13   1.167898 -0.537463 0.063297 0.042459 -0.586705 -0.753446
 14   7.002743 -0.617765 -0.183752 0.000172 0.000023 -1.741855
 15   8.209042 0.615527 -0.255885 1.691894 0.294933 1.495367
 16   7.002735 -0.617911 -0.183641 0.013261 0.009510 -1.238020
 17   1.574674 0.609930 -0.000899 0.324646 -0.246837 0.260050
 18   -0.602177 0.511412 -0.000006 0.000000 0.000000 0.000000
 19   3.673773 0.177020 1.119313 -0.000002 -0.000014 -0.174510
 20   3.673767 0.176993 -1.117566 0.000007 -0.000003 -0.174546
 21   3.942357 1.334540 1.627658 0.000002 -0.000011 -0.000026
 22   -0.246060 -0.011889 0.516521 -0.000011 0.000031 0.000025
 23   3.942374 1.334565 -1.631083 0.000019 0.000002 -0.000024
 24   -0.246150 -0.011872 -0.516511 -0.000005 -0.000006 0.000048
 25   4.941364 1.997338 1.629330 0.000018 -0.000001 -0.000024
 26   4.941382 1.997366 -1.629410 -0.000001 0.000005 -0.000024
 27   2.914462 1.619264 1.514501 -0.000019 -0.000022 -0.000050
 28   2.916892 1.618870 -1.501142 -0.000002 -0.000009 -0.000024
 29   8.824059 0.150544 0.091743 0.000006 -0.000231 -0.174534
 30   2.111085 -0.561179 1.784320 -0.000008 -0.000682 0.000024
 31   2.121290 -0.561289 -1.853599 0.000000 0.000000 -0.000002
 32   -0.814395 -0.093824 3.127092 -0.129489 -2.975237 -0.324172
 33   14.298673 -0.408176 0.471578 0.000032 -0.000248 -0.436322
 34   15.835795 0.581398 0.242756 0.162139 -0.013958 0.022620
 35   -0.815868 -0.091229 -3.114430 0.096037 3.002497 -0.031284
 36   14.294526 -0.410349 -0.467541 0.000081 0.000036 -0.399441
 37   15.834409 0.579420 -0.284600 -0.088743 0.040098 0.278088
 38   1.139685 -3.453749 -2.823813 0.000000 0.000000 0.000001
 39   -4.457742 -1.054854 -0.746180 0.000000 0.000000 0.000000
 40   1.118101 -3.449769 3.237290 0.000000 0.000001 0.000000
 41   -4.433840 -1.059130 0.959566 -0.000001 0.000000 0.000000
 42   -0.657468 1.697302 -2.688614 0.000000 0.000002 0.000000
 43   -0.664068 1.698578 2.869377 0.000000 0.000002 0.000000
time 33
  0   0.001233 0.187506 0.867585 0.000000 0.000000 -1.571354
  1   -1.093036 0.000002 -0.326057 -0.000729 -1.568388 -1.570022
  2   2.262337 0.113614 0.064702 -0.068147 -0.006938 -0.045913
  3   2.380047 0.353302 0.047440 -0.030002 -0.013535 -0.001224
  4   2.033756 0.190472 -0.000128 -0.072065 0.008737 0.127129
  5   2.451511 0.204909 -0.003447 -0.116737 0.008729 0.114181
  6   7.247600 -0.397300 -0.109469 -0.091897 0.032679 0.231869
  7   -2.022252 -0.104661 3.136172 1.131705 -1.269471 -4.492880
  8   1.168026 -0.537438 -0.063437 -0.098989 0.718907 -0.248550
  9   6.790376 -0.619176 0.015206 -0.000047 -0.000085 -1.771977
 10   8.637599 0.544015 -0.090417 -0.723985 -0.715156 0.097616
 11   6.790465 -0.619039 0.017802 0.003746 -0.011850 -1.255611
 12   -2.022474 -0.104699 -2.873818 -1.499809 0.969338 -4.854240
 13   1.167898 -0.537463 0.063297 0.207164 -0.668682 -0.840495
 14   7.002743 -0.617765 -0.183752 0.000172 0.000023 -1.683276
 15   8.209042 0.615527 -0.255885 1.718354 0.345550 1.179225
 16   7.002735 -0.617911 -0.183641 0.013355 0.009229 -1.196956
 17   1.574674 0.609930 -0.000899 0.322493 -0.243548 0.266814
 18   -0.602177 0.511412 -0.000006 0.000000 0.000000 0.000000
 19   3.673773 0.177020 1.119313 -0.000002 -0.000014 -0.174510
 20   3.673767 0.176993 -1.117566 0.000007 -0.000003 -0.174546
 21   3.942357 1.334540 1.627658 0.000002 -0.000011 -0.000026
 22   -0.246060 -0.011889 0.516521 -0.000011 0.000031 0.000025
 23   3.942374 1.334565 -1.631083 0.000019 0.000002 -0.000024
 24   -0.246150 -0.011872 -0.516511 -0.000005 -0.000006 0.000048
 25   4.941364 1.997338 1.629330 0.000018 -0.000001 -0.000024
 26   4.941382 1.997366 -1.629410 -0.000001 0.000005 -0.000024
 27   2.914462 1.619264 1.514501 -0.000019 -0.000022 -0.000050
 28   2.916892 1.618870 -1.501142 -0.000002 -0.000009 -0.000024
 29   8.824059 0.150544 0.091743 0.000006 -0.000231 -0.174534
 30   2.111085 -0.561179 1.784320 -0.000008 -0.000682 0.000024
 31   2.121290 -0.561289 -1.853599 0.000000 0.000000 -0.000002
 32   -0.814395 -0.093824 3.127092 -0.129489 -2.975237 -0.324172
 33   14.298673 -0.408176 0.471578 0.000032 -0.000248 -0.436322
 34   15.835795 0.581398 0.242756 0.162139 -0.013958 0.022620
 35   -0.815868 -0.091229 -3.114430 0.096037 3.002497 -0.031284
 36   14.294526 -0.410349 -0.467541 0.000081 0.000036 -0.399441
 37   15.834409 0.579420 -0.284600 -0.088743 0.040098 0.278088
 38   1.139685 -3.453749 -2.823813 0.000000 0.000000 0.000001
 39   -4.457742 -1.054854 -0.746180 0.000000 0.000000 0.000000
 40   1.118101 -3.449769 3.237290 0.000000 0.000001 0.000000
 41   -4.433840 -1.059130 0.959566 -0.000001 0.000000 0.000000
 42   -0.657468 1.697302 -2.688614 0.000000 0.000002 0.000000
 43   -0.664068 1.698578 2.869377 0.000000 0.000002 0.000000
time 34
  0   0.001233 0.187506 0.867585 0.000000 0.000000 -1.571354
  1   -1.093036 0.000002 -0.326057 -0.000729 -1.568388 -1.570022
  2   2.262337 0.113614 0.064702 -0.068147 -0.006938 -0.045913
  3   2.380047 0.353302 0.047440 -0.030002 -0.013535 -0.001224
  4   2.033756 0.190472 -0.000128 -0.071493 0.006807 0.102010
  5   2.451511 0.204909 -0.003447 -0.115573 0.008755 0.114305
  6   7.247600 -0.397300 -0.109469 -0.091897 0.032679 0.231869
  7   -2.022252 -0.104661 3.136172 1.101414 -1.269586 -4.461606
  8   1.168026 -0.537438 -0.063437 0.017004 0.667989 -0.024292
  9   6.790376 -0.619176 0.015206 -0.000047 -0.000085 -1.938157
 10   8.637599 0.544015 -0.090417 -0.626145 -0.721210 -0.410168
 11   6.790465 -0.619039 0.017802 0.004534 -0.011879 -1.371999
 12   -2.022474 -0.104699 -2.873818 -1.489174 1.013222 -4.845049
 13   1.167898 -0.537463 0.063297 0.384381 -0.749948 -0.942799
 14   7.002743 -0.617765 -0.183752 0.000172 0.000023 -1.624780
 15   8.209042 0.615527 -0.255885 1.727054 0.400478 0.857852
 16   7.002735 -0.617911 -0.183641 0.013449 0.008834 -1.155948
 17   1.574674 0.609930 -0.000899 0.328180 -0.206154 0.204756
 18   -0.602177 0.511412 -0.000006 0.000000 0.000000 0.000000
 19   3.673773 0.177020 1.119313 -0.000002 -0.000014 -0.174510
 20   3.673767 0.176993 -1.117566 0.000007 -0.000003 -0.174546
 21   3.942357 1.334540 1.627658 0.000002 -0.000011 -0.000026
 22   -0.246060 -0.011889 0.516521 -0.000011 0.000031 0.000025
 23   3.942374 1.334565 -1.631083 0.000019 0.000002 -0.000024
 24   -0.246150 -0.011872 -0.516511 -0.000005 -0.000006 0.000048
 25   4.941364 1.997338 1.629330 0.000018 -0.000001 -0.000024
 26   4.941382 1.997366 -1.629410 -0.000001 0.000005 -0.000024
 27   2.914462 1.619264 1.514501 -0.000019 -0.000022 -0.000050
 28   2.916892 1.618870 -1.501142 -0.000002 -0.000009 -0.000024
 29   8.824059 0.150544 0.091743 0.000006 -0.000231 -0.174534
 30   2.111085 -0.561179 1.784320 -0.000008 -0.000682 0.000024
 31   2.121290 -0.561289 -1.853599 0.000000 0.000000 -0.000002
 32   -0.814395 -0.093824 3.127092 -0.129489 -2.975237 -0.324172
 33   14.298673 -0.408176 0.471578 0.000032 -0.000248 -0.436322
 34   15.835795 0.581398 0.242756 0.162139 -0.013958 0.022620
 35   -0.815868 -0.091229 -3.114430 0.096037 3.002497 -0.031284
 36   14.294526 -0.410349 -0.467541 0.000081 0.000036 -0.399441
 37   15.834409 0.579420 -0.284600 -0.088743 0.040098 0.278088
 38   1.139685 -3.453749 -2.823813 0.000000 0.000000 0.000001
 39   -4.457742 -1.054854 -0.746180 0.000000 0.000000 0.000000
 40   1.118101 -3.449769 3.237290 0.000000 0.000001 0.000000
 41   -4.433840 -1.059130 0.959566 -0.000001 0.000000 0.000000
 42   -0.657468 1.697302 -2.688614 0.000000 0.000002 0.000000
 43   -0.664068 1.698578 2.869377 0.000000 0.000002 0.000000
time 35
  0   0.001233 0.187506 0.867585 0.000000 0.000000 -1.571354
  1   -1.093036 0.000002 -0.326057 -0.000729 -1.568388 -1.570022
  2   2.262337 0.113614 0.064702 -0.068147 -0.006938 -0.045913
  3   2.380047 0.353302 0.047440 -0.030002 -0.013535 -0.001224
  4   2.033756 0.190472 -0.000128 -0.071272 0.005106 0.077761
  5   2.451511 0.204909 -0.003447 -0.115419 0.008768 0.114528
  6   7.247600 -0.397300 -0.109469 -0.091897 0.032679 0.231869
  7   -2.022252 -0.104661 3.136172 1.068823 -1.269788 -4.428360
  8   1.168026 -0.537438 -0.063437 0.001184 0.724039 -0.136705
  9   6.790376 -0.619176 0.015206 -0.000047 -0.000085 -1.842162
 10   8.637599 0.544015 -0.090417 -0.537288 -0.687282 -0.910139
 11   6.790465 -0.619039 0.017802 0.004067 -0.011850 -1.304692
 12   -2.022474 -0.104699 -2.873818 -1.476432 1.056787 -4.833178
 13   1.167898 -0.537463 0.063297 0.492988 -0.887357 -0.992377
 14   7.002743 -0.617765 -0.183752 0.000172 0.000023 -1.718671
 15   8.209042 0.615527 -0.255885 1.716341 0.453970 0.528600
 16   7.002735 -0.617911 -0.183641 0.013308 0.009398 -1.221738
 17   1.574674 0.609930 -0.000899 0.337117 -0.127698 0.057947
 18   -0.602177 0.511412 -0.000006 0.000000 0.000000 0.000000
 19   3.673773 0.177020 1.119313 -0.000002 -0.000014 -0.174510
 20   3.673767 0.176993 -1.117566 0.000007 -0.000003 -0.174546
 21   3.942357 1.334540 1.627658 0.000002 -0.000011 -0.000026
 22   -0.246060 -0.011889 0.516521 -0.000011 0.000031 0.000025
 23   3.942374 1.334565 -1.631083 0.000019 0.000002 -0.000024
 24   -0.246150 -0.011872 -0.516511 -0.000005 -0.000006 0.000048
 25   4.941364 1.997338 1.629330 0.000018 -0.000001 -0.000024
 26   4.941382 1.997366 -1.629410 -0.000001 0.000005 -0.000024
 27   2.914462 1.619264 1.514501 -0.000019 -0.000022 -0.000050
 28   2.916892 1.618870 -1.501142 -0.000002 -0.000009 -0.000024
 29   8.824059 0.150544 0.091743 0.000006 -0.000231 -0.174534
 30   2.111085 -0.561179 1.784320 -0.000008 -0.000682 0.000024
 31   2.121290 -0.561289 -1.853599 0.000000 0.000000 -0.000002
 32   -0.814395 -0.093824 3.127092 -0.129489 -2.975237 -0.324172
 33   14.298673 -0.408176 0.471578 0.000032 -0.000248 -0.436322
 34   15.835795 0.581398 0.242756 0.162139 -0.013958 0.022620
 35   -0.815868 -0.091229 -3.114430 0.096037 3.002497 -0.031284
 36   14.294526 -0.410349 -0.467541 0.000081 0.000036 -0.399441
 37   15.834409 0.579420 -0.284600 -0.088743 0.040098 0.278088
 38   1.139685 -3.453749 -2.823813 0.000000 0.000000 0.000001
 39   -4.457742 -1.054854 -0.746180 0.000000 0.000000 0.000000
 40   1.118101 -3.449769 3.237290 0.000000 0.000001 0.000000
 41   -4.433840 -1.059130 0.959566 -0.000001 0.000000 0.000000
 42   -0.657468 1.697302 -2.688614 0.000000 0.000002 0.000000
 43   -0.664068 1.698578 2.869377 0.000000 0.000002 0.000000
time 36
  0   0.001233 0.187506 0.867585 0.000000 0.000000 -1.571354
  1   -1.093036 0.000002 -0.326057 -0.000729 -1.568388 -1.570022
  2   2.262337 0.113614 0.064702 -0.068147 -0.006938 -0.045913
  3   2.380047 0.353302 0.047440 -0.030002 -0.013535 -0.001224
  4   2.033756 0.190472 -0.000128 -0.072692 0.003919 0.060870
  5   2.451511 0.204909 -0.003447 -0.117593 0.008794 0.114726
  6   7.247600 -0.397300 -0.109469 -0.091897 0.032679 0.231869
  7   -2.022252 -0.104661 3.136172 1.034601 -1.269961 -4.393610
  8   1.168026 -0.537438 -0.063437 -0.030203 0.773498 -0.259431
  9   6.790376 -0.619176 0.015206 -0.000047 -0.000085 -1.745639
 10   8.637599 0.544015 -0.090417 -0.481895 -0.622171 -1.384862
 11   6.790465 -0.619039 0.017802 0.003629 -0.011850 -1.237270
 12   -2.022474 -0.104699 -2.873818 -1.461198 1.100323 -4.819295
 13   1.167898 -0.537463 0.063297 0.625427 -1.017137 -1.073554
 14   7.002743 -0.617765 -0.183752 0.000172 0.000023 -1.812067
 15   8.209042 0.615527 -0.255885 1.686070 0.500425 0.189546
 16   7.002735 -0.617911 -0.183641 0.013120 0.009962 -1.287141
 17   1.574674 0.609930 -0.000899 0.337117 -0.047302 -0.094074
 18   -0.602177 0.511412 -0.000006 0.000000 0.000000 0.000000
 19   3.673773 0.177020 1.119313 -0.000002 -0.000014 -0.174510
 20   3.673767 0.176993 -1.117566 0.000007 -0.000003 -0.174546
 21   3.942357 1.334540 1.627658 0.000002 -0.000011 -0.000026
 22   -0.246060 -0.011889 0.516521 -0.000011 0.000031 0.000025
 23   3.942374 1.334565 -1.631083 0.000019 0.000002 -0.000024
 24   -0.246150 -0.011872 -0.516511 -0.000005 -0.000006 0.000048
 25   4.941364 1.997338 1.629330 0.000018 -0.000001 -0.000024
 26   4.941382 1.997366 -1.629410 -0.000001 0.000005 -0.000024
 27   2.914462 1.619264 1.514501 -0.000019 -0.000022 -0.000050
 28   2.916892 1.618870 -1.501142 -0.000002 -0.000009 -0.000024
 29   8.824059 0.150544 0.091743 0.000006 -0.000231 -0.174534
 30   2.111085 -0.561179 1.784320 -0.000008 -0.000682 0.000024
 31   2.121290 -0.561289 -1.853599 0.000000 0.000000 -0.000002
 32   -0.814395 -0.093824 3.127092 -0.129489 -2.975237 -0.324172
 33   14.298673 -0.408176 0.471578 0.000032 -0.000248 -0.436322
 34   15.835795 0.581398 0.242756 0.162139 -0.013958 0.022620
 35   -0.815868 -0.091229 -3.114430 0.096037 3.002497 -0.031284
 36   14.294526 -0.410349 -0.467541 0.000081 0.000036 -0.399441
 37   15.834409 0.579420 -0.284600 -0.088743 0.040098 0.278088
 38   1.139685 -3.453749 -2.823813 0.000000 0.000000 0.000001
 39   -4.457742 -1.054854 -0.746180 0.000000 0.000000 0.000000
 40   1.118101 -3.449769 3.237290 0.000000 0.000001 0.000000
 41   -4.433840 -1.059130 0.959566 -0.000001 0.000000 0.000000
 42   -0.657468 1.697302 -2.688614 0.000000 0.000002 0.000000
 43   -0.664068 1.698578 2.869377 0.000000 0.000002 0.000000
time 37
  0   0.001233 0.187506 0.867585 0.000000 0.000000 -1.571354
  1   -1.093036 0.000002 -0.326057 -0.000729 -1.568388 -1.570022
  2   2.262337 0.113614 0.064702 -0.068147 -0.006938 -0.045913
  3   2.380047 0.353302 0.047440 -0.030002 -0.013535 -0.001224
  4   2.033756 0.190472 -0.000128 -0.077653 0.003560 0.057173
  5   2.451511 0.204909 -0.003447 -0.125090 0.008834 0.115023
  6   7.247600 -0.397300 -0.109469 -0.091897 0.032679 0.231869
  7   -2.022252 -0.104661 3.136172 1.018785 -1.279849 -4.378583
  8   1.168026 -0.537438 -0.063437 -0.029318 0.761171 -0.299538
  9   6.790376 -0.619176 0.015206 -0.000102 -0.000085 -1.736130
 10   8.637599 0.544015 -0.090417 -0.559744 -0.488429 -1.252834
 11   6.790465 -0.619039 0.017802 0.003541 -0.011850 -1.230522
 12   -2.022474 -0.104699 -2.873818 -1.442133 1.099307 -4.797562
 13   1.167898 -0.537463 0.063297 0.586342 -1.030970 -1.044013
 14   7.002743 -0.617765 -0.183752 0.000172 0.000023 -1.803569
 15   8.209042 0.615527 -0.255885 1.715550 0.499214 0.190268
 16   7.002735 -0.617911 -0.183641 0.013167 0.009905 -1.281070
 17   1.574674 0.609930 -0.000899 0.342276 -0.004891 -0.173244
 18   -0.602177 0.511412 -0.000006 0.000000 0.000000 0.000000
 19   3.673773 0.177020 1.119313 -0.000002 -0.000014 -0.174510
 20   3.673767 0.176993 -1.117566 0.000007 -0.000003 -0.174546
 21   3.942357 1.334540 1.627658 0.000002 -0.000011 -0.000026
 22   -0.246060 -0.011889 0.516521 -0.000011 0.000031 0.000025
 23   3.942374 1.334565 -1.631083 0.000019 0.000002 -0.000024
 24   -0.246150 -0.011872 -0.516511 -0.000005 -0.000006 0.000048
 25   4.941364 1.997338 1.629330 0.000018 -0.000001 -0.000024
 26   4.941382 1.997366 -1.629410 -0.000001 0.000005 -0.000024
 27   2.914462 1.619264 1.514501 -0.000019 -0.000022 -0.000050
 28   2.916892 1.618870 -1.501142 -0.000002 -0.000009 -0.000024
 29   8.824059 0.150544 0.091743 0.000006 -0.000231 -0.174534
 30   2.111085 -0.561179 1.784320 -0.000008 -0.000682 0.000024
 31   2.121290 -0.561289 -1.853599 0.000000 0.000000 -0.000002
 32   -0.814395 -0.093824 3.127092 -0.129489 -2.975237 -0.324172
 33   14.298673 -0.408176 0.471578 0.000032 -0.000248 -0.436322
 34   15.835795 0.581398 0.242756 0.162139 -0.013958 0.022620
 35   -0.815868 -0.091229 -3.114430 0.096037 3.002497 -0.031284
 36   14.294526 -0.410349 -0.467541 0.000081 0.000036 -0.399441
 37   15.834409 0.579420 -0.284600 -0.088743 0.040098 0.278088
 38   1.139685 -3.453749 -2.823813 0.000000 0.000000 0.000001
 39   -4.457742 -1.054854 -0.746180 0.000000 0.000000 0.000000
 40   1.118101 -3.449769 3.237290 0.000000 0.000001 0.000000
 41   -4.433840 -1.059130 0.959566 -0.000001 0.000000 0.000000
 42   -0.657468 1.697302 -2.688614 0.000000 0.000002 0.000000
 43   -0.664068 1.698578 2.869377 0.000000 0.000002 0.000000
time 38
  0   0.001233 0.187506 0.867585 0.000000 0.000000 -1.571354
  1   -1.093036 0.000002 -0.326057 -0.000729 -1.568388 -1.570022
  2   2.262337 0.113614 0.064702 -0.068147 -0.006938 -0.045913
  3   2.380047 0.353302 0.047440 -0.030002 -0.013535 -0.001224
  4   2.033756 0.190472 -0.000128 -0.084864 0.003967 0.062465
  5   2.451511 0.204909 -0.003447 -0.135788 0.008873 0.115271
  6   7.247600 -0.397300 -0.109469 -0.091897 0.032679 0.231869
  7   -2.022252 -0.104661 3.136172 1.023098 -1.294118 -4.384313
  8   1.168026 -0.537438 -0.063437 -0.080005 0.721473 -0.406258
  9   6.790376 -0.619176 0.015206 -0.000102 -0.000085 -1.729640
 10   8.637599 0.544015 -0.090417 -0.658289 -0.189692 -1.037538
 11   6.790465 -0.619039 0.017802 0.003512 -0.011850 -1.226024
 12   -2.022474 -0.104699 -2.873818 -1.410900 1.096840 -4.762712
 13   1.167898 -0.537463 0.063297 0.525957 -1.035293 -0.995222
 14   7.002743 -0.617765 -0.183752 0.000172 0.000023 -1.791688
 15   8.209042 0.615527 -0.255885 1.767464 0.498004 0.190749
 16   7.002735 -0.617911 -0.183641 0.013167 0.009849 -1.272791
 17   1.574674 0.609930 -0.000899 0.358199 0.004031 -0.184924
 18   -0.602177 0.511412 -0.000006 0.000000 0.000000 0.000000
 19   3.673773 0.177020 1.119313 -0.000002 -0.000014 -0.174510
 20   3.673767 0.176993 -1.117566 0.000007 -0.000003 -0.174546
 21   3.942357 1.334540 1.627658 0.000002 -0.000011 -0.000026
 22   -0.246060 -0.011889 0.516521 -0.000011 0.000031 0.000025
 23   3.942374 1.334565 -1.631083 0.000019 0.000002 -0.000024
 24   -0.246150 -0.011872 -0.516511 -0.000005 -0.000006 0.000048
 25   4.941364 1.997338 1.629330 0.000018 -0.000001 -0.000024
 26   4.941382 1.997366 -1.629410 -0.000001 0.000005 -0.000024
 27   2.914462 1.619264 1.514501 -0.000019 -0.000022 -0.000050
 28   2.916892 1.618870 -1.501142 -0.000002 -0.000009 -0.000024
 29   8.824059 0.150544 0.091743 0.000006 -0.000231 -0.174534
 30   2.111085 -0.561179 1.784320 -0.000008 -0.000682 0.000024
 31   2.121290 -0.561289 -1.853599 0.000000 0.000000 -0.000002
 32   -0.814395 -0.093824 3.127092 -0.129489 -2.975237 -0.324172
 33   14.298673 -0.408176 0.471578 0.000032 -0.000248 -0.436322
 34   15.835795 0.581398 0.242756 0.162139 -0.013958 0.022620
 35   -0.815868 -0.091229 -3.114430 0.096037 3.002497 -0.031284
 36   14.294526 -0.410349 -0.467541 0.000081 0.000036 -0.399441
 37   15.834409 0.579420 -0.284600 -0.088743 0.040098 0.278088
 38   1.139685 -3.453749 -2.823813 0.000000 0.000000 0.000001
 39   -4.457742 -1.054854 -0.746180 0.000000 0.000000 0.000000
 40   1.118101 -3.449769 3.237290 0.000000 0.000001 0.000000
 41   -4.433840 -1.059130 0.959566 -0.000001 0.000000 0.000000
 42   -0.657468 1.697302 -2.688614 0.000000 0.000002 0.000000
 43   -0.664068 1.698578 2.869377 0.000000 0.000002 0.000000
time 39
  0   0.001233 0.187506 0.867585 0.000000 0.000000 -1.571354
  1   -1.093036 0.000002 -0.326057 -0.000729 -1.568388 -1.570022
  2   2.262337 0.113614 0.064702 -0.068147 -0.006938 -0.045913
  3   2.380047 0.353302 0.047440 -0.030002 -0.013535 -0.001224
  4   2.033756 0.190472 -0.000128 -0.090157 0.004327 0.067902
  5   2.451511 0.204909 -0.003447 -0.143782 0.008912 0.115593
  6   7.247600 -0.397300 -0.109469 -0.091897 0.032679 0.231869
  7   -2.022252 -0.104661 3.136172 1.054636 -1.302449 -4.417653
  8   1.168026 -0.537438 -0.063437 -0.172268 0.675033 -0.495645
  9   6.790376 -0.619176 0.015206 -0.000102 -0.000085 -1.730621
 10   8.637599 0.544015 -0.090417 -0.720551 0.096797 -0.865792
 11   6.790465 -0.619039 0.017802 0.003512 -0.011850 -1.226716
 12   -2.022474 -0.104699 -2.873818 -1.391547 1.095128 -4.740883
 13   1.167898 -0.537463 0.063297 0.487294 -1.039768 -0.965984
 14   7.002743 -0.617765 -0.183752 0.000172 0.000023 -1.782365
 15   8.209042 0.615527 -0.255885 1.797519 0.496793 0.191230
 16   7.002735 -0.617911 -0.183641 0.013214 0.009792 -1.266278
 17   1.574674 0.609930 -0.000899 0.369776 0.011202 -0.185700
 18   -0.602177 0.511412 -0.000006 0.000000 0.000000 0.000000
 19   3.673773 0.177020 1.119313 -0.000002 -0.000014 -0.174510
 20   3.673767 0.176993 -1.117566 0.000007 -0.000003 -0.174546
 21   3.942357 1.334540 1.627658 0.000002 -0.000011 -0.000026
 22   -0.246060 -0.011889 0.516521 -0.000011 0.000031 0.000025
 23   3.942374 1.334565 -1.631083 0.000019 0.000002 -0.000024
 24   -0.246150 -0.011872 -0.516511 -0.000005 -0.000006 0.000048
 25   4.941364 1.997338 1.629330 0.000018 -0.000001 -0.000024
 26   4.941382 1.997366 -1.629410 -0.000001 0.000005 -0.000024
 27   2.914462 1.619264 1.514501 -0.000019 -0.000022 -0.000050
 28   2.916892 1.618870 -1.501142 -0.000002 -0.000009 -0.000024
 29   8.824059 0.150544 0.091743 0.000006 -0.000231 -0.174534
 30   2.111085 -0.561179 1.784320 -0.000008 -0.000682 0.000024
 31   2.121290 -0.561289 -1.853599 0.000000 0.000000 -0.000002
 32   -0.814395 -0.093824 3.127092 -0.129489 -2.975237 -0.324172
 33   14.298673 -0.408176 0.471578 0.000032 -0.000248 -0.436322
 34   15.835795 0.581398 0.242756 0.162139 -0.013958 0.022620
 35   -0.815868 -0.091229 -3.114430 0.096037 3.002497 -0.031284
 36   14.294526 -0.410349 -0.467541 0.000081 0.000036 -0.399441
 37   15.834409 0.579420 -0.284600 -0.088743 0.040098 0.278088
 38   1.139685 -3.453749 -2.823813 0.000000 0.000000 0.000001
 39   -4.457742 -1.054854 -0.746180 0.000000 0.000000 0.000000
 40   1.118101 -3.449769 3.237290 0.000000 0.000001 0.000000
 41   -4.433840 -1.059130 0.959566 -0.000001 0.000000 0.000000
 42   -0.657468 1.697302 -2.688614 0.000000 0.000002 0.000000
 43   -0.664068 1.698578 2.869377 0.000000 0.000002 0.000000
time 40
  0   0.001233 0.187506 0.867585 0.000000 0.000000 -1.571354
  1   -1.093036 0.000002 -0.326057 -0.000729 -1.568388 -1.570022
  2   2.262337 0.113614 0.064702 -0.068147 -0.006938 -0.045913
  3   2.380047 0.353302 0.047440 -0.026372 -0.013619 -0.002000
  4   2.033756 0.190472 -0.000128 -0.091061 0.004914 0.070403
  5   2.451511 0.204909 -0.003447 -0.144655 0.009526 0.114330
  6   7.247600 -0.397300 -0.109469 -0.091897 0.032679 0.231869
  7   -2.022252 -0.104661 3.136172 1.116368 -1.299884 -4.480577
  8   1.168026 -0.537438 -0.063437 -0.341607 0.616567 -0.558779
  9   6.790376 -0.619176 0.015206 -0.000047 -0.000085 -1.761789
 10   8.637599 0.544015 -0.090417 -0.729357 0.368293 -0.785418
 11   6.790465 -0.619039 0.017802 0.003658 -0.011850 -1.248575
 12   -2.022474 -0.104699 -2.873818 -1.394133 1.081370 -4.742319
 13   1.167898 -0.537463 0.063297 0.528839 -1.021918 -0.994193
 14   7.002743 -0.617765 -0.183752 0.000172 0.000023 -1.726344
 15   8.209042 0.615527 -0.255885 1.811756 0.487638 0.200972
 16   7.002735 -0.617911 -0.183641 0.013308 0.009454 -1.227036
 17   1.574674 0.609930 -0.000899 0.367624 0.015391 -0.172986
 18   -0.602177 0.511412 -0.000006 0.000000 0.000000 0.000000
 19   3.673773 0.177020 1.119313 -0.000002 -0.000014 -0.174510
 20   3.673767 0.176993 -1.117566 0.000007 -0.000003 -0.174546
 21   3.942357 1.334540 1.627658 0.000002 -0.000011 -0.000026
 22   -0.246060 -0.011889 0.516521 -0.000011 0.000031 0.000025
 23   3.942374 1.334565 -1.631083 0.000019 0.000002 -0.000024
 24   -0.246150 -0.011872 -0.516511 -0.000005 -0.000006 0.000048
 25   4.941364 1.997338 1.629330 0.000018 -0.000001 -0.000024
 26   4.941382 1.997366 -1.629410 -0.000001 0.000005 -0.000024
 27   2.914462 1.619264 1.514501 -0.000019 -0.000022 -0.000050
 28   2.916892 1.618870 -1.501142 -0.000002 -0.000009 -0.000024
 29   8.824059 0.150544 0.091743 0.000006 -0.000231 -0.174534
 30   2.111085 -0.561179 1.784320 -0.000008 -0.000682 0.000024
 31   2.121290 -0.561289 -1.853599 0.000000 0.000000 -0.000002
 32   -0.814395 -0.093824 3.127092 -0.129489 -2.975237 -0.324172
 33   14.298673 -0.408176 0.471578 0.000032 -0.000248 -0.436322
 34   15.835795 0.581398 0.242756 0.162139 -0.013958 0.022620
 35   -0.815868 -0.091229 -3.114430 0.096037 3.002497 -0.031284
 36   14.294526 -0.410349 -0.467541 0.000081 0.000036 -0.399441
 37   15.834409 0.579420 -0.284600 -0.088743 0.040098 0.278088
 38   1.139685 -3.453749 -2.823813 0.000000 0.000000 0.000001
 39   -4.457742 -1.054854 -0.746180 0.000000 0.000000 0.000000
 40   1.118101 -3.449769 3.237290 0.000000 0.000001 0.000000
 41   -4.433840 -1.059130 0.959566 -0.000001 0.000000 0.000000
 42   -0.657468 1.697302 -2.688614 0.000000 0.000002 0.000000
 43   -0.664068 1.698578 2.869377 0.000000 0.000002 0.000000
time 41
  0   0.001233 0.187506 0.867585 0.000000 0.000000 -1.571354
  1   -1.093036 0.000002 -0.326057 -0.000729 -1.568388 -1.570022
  2   2.262337 0.113614 0.064702 -0.068147 -0.006938 -0.045913
  3   2.380047 0.353302 0.047440 -0.022742 -0.013762 -0.002755
  4   2.033756 0.190472 -0.000128 -0.090157 0.005897 0.077761
  5   2.451511 0.204909 -0.003447 -0.142669 0.010218 0.113785
  6   7.247600 -0.397300 -0.109469 -0.091897 0.032679 0.231869
  7   -2.022252 -0.104661 3.136172 1.145892 -1.301584 -4.510818
  8   1.168026 -0.537438 -0.063437 -0.505566 0.556995 -0.584842
  9   6.790376 -0.619176 0.015206 -0.000047 -0.000085 -1.779902
 10   8.637599 0.544015 -0.090417 -0.737899 0.632116 -0.685655
 11   6.790465 -0.619039 0.017802 0.003775 -0.011850 -1.261205
 12   -2.022474 -0.104699 -2.873818 -1.399978 1.044249 -4.743851
 13   1.167898 -0.537463 0.063297 0.627817 -0.966995 -1.057451
 14   7.002743 -0.617765 -0.183752 0.000172 0.000023 -1.574039
 15   8.209042 0.615527 -0.255885 1.850584 0.462519 0.226831
 16   7.002735 -0.617911 -0.183641 0.013496 0.008552 -1.120459
 17   1.574674 0.609930 -0.000899 0.361246 0.007392 -0.135692
 18   -0.602177 0.511412 -0.000006 0.000000 0.000000 0.000000
 19   3.673773 0.177020 1.119313 -0.000002 -0.000014 -0.174510
 20   3.673767 0.176993 -1.117566 0.000007 -0.000003 -0.174546
 21   3.942357 1.334540 1.627658 0.000002 -0.000011 -0.000026
 22   -0.246060 -0.011889 0.516521 -0.000011 0.000031 0.000025
 23   3.942374 1.334565 -1.631083 0.000019 0.000002 -0.000024
 24   -0.246150 -0.011872 -0.516511 -0.000005 -0.000006 0.000048
 25   4.941364 1.997338 1.629330 0.000018 -0.000001 -0.000024
 26   4.941382 1.997366 -1.629410 -0.000001 0.000005 -0.000024
 27   2.914462 1.619264 1.514501 -0.000019 -0.000022 -0.000050
 28   2.916892 1.618870 -1.501142 -0.000002 -0.000009 -0.000024
 29   8.824059 0.150544 0.091743 0.000006 -0.000231 -0.174534
 30   2.111085 -0.561179 1.784320 -0.000008 -0.000682 0.000024
 31   2.121290 -0.561289 -1.853599 0.000000 0.000000 -0.000002
 32   -0.814395 -0.093824 3.127092 -0.129489 -2.975237 -0.324172
 33   14.298673 -0.408176 0.471578 0.000032 -0.000248 -0.436322
 34   15.835795 0.581398 0.242756 0.162139 -0.013958 0.022620
 35   -0.815868 -0.091229 -3.114430 0.096037 3.002497 -0.031284
 36   14.294526 -0.410349 -0.467541 0.000081 0.000036 -0.399441
 37   15.834409 0.579420 -0.284600 -0.088743 0.040098 0.278088
 38   1.139685 -3.453749 -2.823813 0.000000 0.000000 0.000001
 39   -4.457742 -1.054854 -0.746180 0.000000 0.000000 0.000000
 40   1.118101 -3.449769 3.237290 0.000000 0.000001 0.000000
 41   -4.433840 -1.059130 0.959566 -0.000001 0.000000 0.000000
 42   -0.657468 1.697302 -2.688614 0.000000 0.000002 0.000000
 43   -0.664068 1.698578 2.869377 0.000000 0.000002 0.000000
time 42
  0   0.001233 0.187506 0.867585 0.000000 0.000000 -1.571354
  1   -1.093036 0.000002 -0.326057 -0.000729 -1.568388 -1.570022
  2   2.262337 0.113614 0.064702 -0.068147 -0.006938 -0.045913
  3   2.380047 0.353302 0.047440 -0.030002 -0.013535 -0.001224
  4   2.033756 0.190472 -0.000128 -0.089991 0.006652 0.093166
  5   2.451511 0.204909 -0.003447 -0.143782 0.009382 0.118837
  6   7.247600 -0.397300 -0.109469 -0.091897 0.032679 0.231869
  7   -2.022252 -0.104661 3.136172 1.101414 -1.319083 -4.467053
  8   1.168026 -0.537438 -0.063437 -0.555368 0.565549 -0.550049
  9   6.790376 -0.619176 0.015206 -0.000102 -0.000085 -1.707981
 10   8.637599 0.544015 -0.090417 -0.917376 0.745374 -0.494521
 11   6.790465 -0.619039 0.017802 0.003454 -0.011850 -1.210913
 12   -2.022474 -0.104699 -2.873818 -1.400074 0.989248 -4.737053
 13   1.167898 -0.537463 0.063297 0.726513 -0.888882 -1.129246
 14   7.002743 -0.617765 -0.183752 0.000172 0.000023 -1.341704
 15   8.209042 0.615527 -0.255885 1.912923 0.422647 0.262553
 16   7.002735 -0.617911 -0.183641 0.013779 0.007255 -0.957861
 17   1.574674 0.609930 -0.000899 0.369289 -0.019588 -0.071084
 18   -0.602177 0.511412 -0.000006 0.000000 0.000000 0.000000
 19   3.673773 0.177020 1.119313 -0.000002 -0.000014 -0.174510
 20   3.673767 0.176993 -1.117566 0.000007 -0.000003 -0.174546
 21   3.942357 1.334540 1.627658 0.000002 -0.000011 -0.000026
 22   -0.246060 -0.011889 0.516521 -0.000011 0.000031 0.000025
 23   3.942374 1.334565 -1.631083 0.000019 0.000002 -0.000024
 24   -0.246150 -0.011872 -0.516511 -0.000005 -0.000006 0.000048
 25   4.941364 1.997338 1.629330 0.000018 -0.000001 -0.000024
 26   4.941382 1.997366 -1.629410 -0.000001 0.000005 -0.000024
 27   2.914462 1.619264 1.514501 -0.000019 -0.000022 -0.000050
 28   2.916892 1.618870 -1.501142 -0.000002 -0.000009 -0.000024
 29   8.824059 0.150544 0.091743 0.000006 -0.000231 -0.174534
 30   2.111085 -0.561179 1.784320 -0.000008 -0.000682 0.000024
 31   2.121290 -0.561289 -1.853599 0.000000 0.000000 -0.000002
 32   -0.814395 -0.093824 3.127092 -0.129489 -2.975237 -0.324172
 33   14.298673 -0.408176 0.471578 0.000032 -0.000248 -0.436322
 34   15.835795 0.581398 0.242756 0.162139 -0.013958 0.022620
 35   -0.815868 -0.091229 -3.114430 0.096037 3.002497 -0.031284
 36   14.294526 -0.410349 -0.467541 0.000081 0.000036 -0.399441
 37   15.834409 0.579420 -0.284600 -0.088743 0.040098 0.278088
 38   1.139685 -3.453749 -2.823813 0.000000 0.000000 0.000001
 39   -4.457742 -1.054854 -0.746180 0.000000 0.000000 0.000000
 40   1.118101 -3.449769 3.237290 0.000000 0.000001 0.000000
 41   -4.433840 -1.059130 0.959566 -0.000001 0.000000 0.000000
 42   -0.657468 1.697302 -2.688614 0.000000 0.000002 0.000000
 43   -0.664068 1.698578 2.869377 0.000000 0.000002 0.000000
time 43
  0   0.001233 0.187506 0.867585 0.000000 0.000000 -1.571354
  1   -1.093036 0.000002 -0.326057 -0.000886 -1.568388 -1.569829
  2   2.262337 0.113614 0.064702 -0.068147 -0.006938 -0.045913
  3   2.380047 0.353302 0.047440 -0.051693 -0.012444 0.003346
  4   2.033756 0.190472 -0.000128 -0.091743 0.006687 0.114443
  5   2.451511 0.204909 -0.003447 -0.149978 0.006471 0.130675
  6   7.247600 -0.397300 -0.109469 -0.091897 0.032679 0.231869
  7   -2.022252 -0.104661 3.136172 1.026933 -1.342029 -4.393610
  8   1.168026 -0.537438 -0.063437 -0.364198 0.753473 -0.334331
  9   6.790376 -0.619176 0.015206 -0.000102 -0.000085 -1.467240
 10   8.637599 0.544015 -0.090417 -1.815901 0.610435 -0.208617
 11   6.790465 -0.619039 0.017802 0.002344 -0.011708 -1.042271
 12   -2.022474 -0.104699 -2.873818 -1.398636 0.923248 -4.724990
 13   1.167898 -0.537463 0.063297 0.799269 -0.789207 -1.204430
 14   7.002743 -0.617765 -0.183752 0.000172 0.000023 -1.057885
 15   8.209042 0.615527 -0.255885 1.988349 0.372257 0.301882
 16   7.002735 -0.617911 -0.183641 0.014108 0.005676 -0.759167
 17   1.574674 0.609930 -0.000899 0.395896 -0.065313 0.004206
 18   -0.602177 0.511412 -0.000006 0.000000 0.000000 0.000000
 19   3.673773 0.177020 1.119313 -0.000002 -0.000014 -0.174510
 20   3.673767 0.176993 -1.117566 0.000007 -0.000003 -0.174546
 21   3.942357 1.334540 1.627658 0.000002 -0.000011 -0.000026
 22   -0.246060 -0.011889 0.516521 -0.000011 0.000031 0.000025
 23   3.942374 1.334565 -1.631083 0.000019 0.000002 -0.000024
 24   -0.246150 -0.011872 -0.516511 -0.000005 -0.000006 0.000048
 25   4.941364 1.997338 1.629330 0.000018 -0.000001 -0.000024
 26   4.941382 1.997366 -1.629410 -0.000001 0.000005 -0.000024
 27   2.914462 1.619264 1.514501 -0.000019 -0.000022 -0.000050
 28   2.916892 1.618870 -1.501142 -0.000002 -0.000009 -0.000024
 29   8.824059 0.150544 0.091743 0.000006 -0.000231 -0.174534
 30   2.111085 -0.561179 1.784320 -0.000008 -0.000682 0.000024
 31   2.121290 -0.561289 -1.853599 0.000000 0.000000 -0.000002
 32   -0.814395 -0.093824 3.127092 -0.129489 -2.975237 -0.324172
 33   14.298673 -0.408176 0.471578 0.000032 -0.000248 -0.436322
 34   15.835795 0.581398 0.242756 0.162139 -0.013958 0.022620
 35   -0.815868 -0.091229 -3.114430 0.096037 3.002497 -0.031284
 36   14.294526 -0.410349 -0.467541 0.000081 0.000036 -0.399441
 37   15.834409 0.579420 -0.284600 -0.088743 0.040098 0.278088
 38   1.139685 -3.453749 -2.823813 0.000000 0.000000 0.000001
 39   -4.457742 -1.054854 -0.746180 0.000000 0.000000 0.000000
 40   1.118101 -3.449769 3.237290 0.000000 0.000001 0.000000
 41   -4.433840 -1.059130 0.959566 -0.000001 0.000000 0.000000
 42   -0.657468 1.697302 -2.688614 0.000000 0.000002 0.000000
 43   -0.664068 1.698578 2.869377 0.000000 0.000002 0.000000
time 44
  0   0.001233 0.187506 0.867585 0.000000 0.000000 -1.571354
  1   -1.093036 0.000002 -0.326057 -0.000729 -1.568388 -1.570022
  2   2.262337 0.113614 0.064702 -0.068147 -0.006938 -0.045913
  3   2.380047 0.353302 0.047440 -0.081305 -0.010838 0.009427
  4   2.033756 0.190472 -0.000128 -0.094104 0.006508 0.138547
  5   2.451511 0.204909 -0.003447 -0.158331 0.002593 0.146079
  6   7.247600 -0.397300 -0.109469 -0.091897 0.032679 0.231869
  7   -2.022252 -0.104661 3.136172 0.925707 -1.365322 -4.293589
  8   1.168026 -0.537438 -0.063437 -0.084561 0.909900 -0.086730
  9   6.790376 -0.619176 0.015206 -0.000102 -0.000085 -1.159559
 10   8.637599 0.544015 -0.090417 -2.917328 0.590445 0.035617
 11   6.790465 -0.619039 0.017802 0.001060 -0.011566 -0.826856
 12   -2.022474 -0.104699 -2.873818 -1.398636 0.852865 -4.711395
 13   1.167898 -0.537463 0.063297 0.833222 -0.680379 -1.269929
 14   7.002743 -0.617765 -0.183752 0.000059 0.000023 -0.752615
 15   8.209042 0.615527 -0.255885 2.068162 0.316042 0.339829
 16   7.002735 -0.617911 -0.183641 0.014344 0.004041 -0.545516
 17   1.574674 0.609930 -0.000899 0.426403 -0.126988 0.079939
 18   -0.602177 0.511412 -0.000006 0.000000 0.000000 0.000000
 19   3.673773 0.177020 1.119313 -0.000002 -0.000014 -0.174510
 20   3.673767 0.176993 -1.117566 0.000007 -0.000003 -0.174546
 21   3.942357 1.334540 1.627658 0.000002 -0.000011 -0.000026
 22   -0.246060 -0.011889 0.516521 -0.000011 0.000031 0.000025
 23   3.942374 1.334565 -1.631083 0.000019 0.000002 -0.000024
 24   -0.246150 -0.011872 -0.516511 -0.000005 -0.000006 0.000048
 25   4.941364 1.997338 1.629330 0.000018 -0.000001 -0.000024
 26   4.941382 1.997366 -1.629410 -0.000001 0.000005 -0.000024
 27   2.914462 1.619264 1.514501 -0.000019 -0.000022 -0.000050
 28   2.916892 1.618870 -1.501142 -0.000002 -0.000009 -0.000024
 29   8.824059 0.150544 0.091743 0.000006 -0.000231 -0.174534
 30   2.111085 -0.561179 1.784320 -0.000008 -0.000682 0.000024
 31   2.121290 -0.561289 -1.853599 0.000000 0.000000 -0.000002
 32   -0.814395 -0.093824 3.127092 -0.129489 -2.975237 -0.324172
 33   14.298673 -0.408176 0.471578 0.000032 -0.000248 -0.436322
 34   15.835795 0.581398 0.242756 0.162139 -0.013958 0.022620
 35   -0.815868 -0.091229 -3.114430 0.096037 3.002497 -0.031284
 36   14.294526 -0.410349 -0.467541 0.000081 0.000036 -0.399441
 37   15.834409 0.579420 -0.284600 -0.088743 0.040098 0.278088
 38   1.139685 -3.453749 -2.823813 0.000000 0.000000 0.000001
 39   -4.457742 -1.054854 -0.746180 0.000000 0.000000 0.000000
 40   1.118101 -3.449769 3.237290 0.000000 0.000001 0.000000
 41   -4.433840 -1.059130 0.959566 -0.000001 0.000000 0.000000
 42   -0.657468 1.697302 -2.688614 0.000000 0.000002 0.000000
 43   -0.664068 1.698578 2.869377 0.000000 0.000002 0.000000
time 45
  0   0.001233 0.187506 0.867585 0.000000 0.000000 -1.571354
  1   -1.093036 0.000002 -0.326057 -0.000886 -1.568388 -1.569829
  2   2.262337 0.113614 0.064702 -0.068147 -0.006938 -0.045913
  3   2.380047 0.353302 0.047440 -0.113888 -0.008885 0.016120
  4   2.033756 0.190472 -0.000128 -0.096907 0.006040 0.162688
  5   2.451511 0.204909 -0.003447 -0.167711 -0.001402 0.162771
  6   7.247600 -0.397300 -0.109469 -0.091897 0.032679 0.231869
  7   -2.022252 -0.104661 3.136172 0.785946 -1.386250 -4.154969
  8   1.168026 -0.537438 -0.063437 -0.187392 0.885548 -0.302511
  9   6.790376 -0.619176 0.015206 -0.000102 -0.000085 -0.901838
 10   8.637599 0.544015 -0.090417 -3.445629 0.628385 0.033592
 11   6.790465 -0.619039 0.017802 0.000008 -0.011395 -0.646449
 12   -2.022474 -0.104699 -2.873818 -1.399978 0.784717 -4.697512
 13   1.167898 -0.537463 0.063297 0.830621 -0.576025 -1.324410
 14   7.002743 -0.617765 -0.183752 0.000059 0.000023 -0.455018
 15   8.209042 0.615527 -0.255885 2.143875 0.260130 0.372905
 16   7.002735 -0.617911 -0.183641 0.014485 0.002518 -0.337053
 17   1.574674 0.609930 -0.000899 0.453416 -0.197350 0.146321
 18   -0.602177 0.511412 -0.000006 0.000000 0.000000 0.000000
 19   3.673773 0.177020 1.119313 -0.000002 -0.000014 -0.174510
 20   3.673767 0.176993 -1.117566 0.000007 -0.000003 -0.174546
 21   3.942357 1.334540 1.627658 0.000002 -0.000011 -0.000026
 22   -0.246060 -0.011889 0.516521 -0.000011 0.000031 0.000025
 23   3.942374 1.334565 -1.631083 0.000019 0.000002 -0.000024
 24   -0.246150 -0.011872 -0.516511 -0.000005 -0.000006 0.000048
 25   4.941364 1.997338 1.629330 0.000018 -0.000001 -0.000024
 26   4.941382 1.997366 -1.629410 -0.000001 0.000005 -0.000024
 27   2.914462 1.619264 1.514501 -0.000019 -0.000022 -0.000050
 28   2.916892 1.618870 -1.501142 -0.000002 -0.000009 -0.000024
 29   8.824059 0.150544 0.091743 0.000006 -0.000231 -0.174534
 30   2.111085 -0.561179 1.784320 -0.000008 -0.000682 0.000024
 31   2.121290 -0.561289 -1.853599 0.000000 0.000000 -0.000002
 32   -0.814395 -0.093824 3.127092 -0.129489 -2.975237 -0.324172
 33   14.298673 -0.408176 0.471578 0.000032 -0.000248 -0.436322
 34   15.835795 0.581398 0.242756 0.162139 -0.013958 0.022620
 35   -0.815868 -0.091229 -3.114430 0.096037 3.002497 -0.031284
 36   14.294526 -0.410349 -0.467541 0.000081 0.000036 -0.399441
 37   15.834409 0.579420 -0.284600 -0.088743 0.040098 0.278088
 38   1.139685 -3.453749 -2.823813 0.000000 0.000000 0.000001
 39   -4.457742 -1.054854 -0.746180 0.000000 0.000000 0.000000
 40   1.118101 -3.449769 3.237290 0.000000 0.000001 0.000000
 41   -4.433840 -1.059130 0.959566 -0.000001 0.000000 0.000000
 42   -0.657468 1.697302 -2.688614 0.000000 0.000002 0.000000
 43   -0.664068 1.698578 2.869377 0.000000 0.000002 0.000000
time 46
  0   0.001233 0.187506 0.867585 0.000000 0.000000 -1.571354
  1   -1.093036 0.000002 -0.326057 -0.000729 -1.568388 -1.570022
  2   2.262337 0.113614 0.064702 -0.068147 -0.006938 -0.045913
  3   2.380047 0.353302 0.047440 -0.144970 -0.006691 0.022466
  4   2.033756 0.190472 -0.000128 -0.099692 0.005753 0.184146
  5   2.451511 0.204909 -0.003447 -0.176800 -0.005227 0.178596
  6   7.247600 -0.397300 -0.109469 -0.091897 0.032679 0.231869
  7   -2.022252 -0.104661 3.136172 0.678201 -1.401038 -4.048374
  8   1.168026 -0.537438 -0.063437 -0.354199 0.747032 -0.602302
  9   6.790376 -0.619176 0.015206 -0.000102 -0.000085 -0.662002
 10   8.637599 0.544015 -0.090417 -3.786969 0.614448 0.029396
 11   6.790465 -0.619039 0.017802 -0.000955 -0.011225 -0.478672
 12   -2.022474 -0.104699 -2.873818 -1.403044 0.725276 -4.685640
 13   1.167898 -0.537463 0.063297 0.803346 -0.487843 -1.367753
 14   7.002743 -0.617765 -0.183752 0.000059 0.000023 -0.194879
 15   8.209042 0.615527 -0.255885 2.208876 0.210497 0.398884
 16   7.002735 -0.617911 -0.183641 0.014579 0.001334 -0.155082
 17   1.574674 0.609930 -0.000899 0.473077 -0.265700 0.196736
 18   -0.602177 0.511412 -0.000006 0.000000 0.000000 0.000000
 19   3.673773 0.177020 1.119313 -0.000002 -0.000014 -0.174510
 20   3.673767 0.176993 -1.117566 0.000007 -0.000003 -0.174546
 21   3.942357 1.334540 1.627658 0.000002 -0.000011 -0.000026
 22   -0.246060 -0.011889 0.516521 -0.000011 0.000031 0.000025
 23   3.942374 1.334565 -1.631083 0.000019 0.000002 -0.000024
 24   -0.246150 -0.011872 -0.516511 -0.000005 -0.000006 0.000048
 25   4.941364 1.997338 1.629330 0.000018 -0.000001 -0.000024
 26   4.941382 1.997366 -1.629410 -0.000001 0.000005 -0.000024
 27   2.914462 1.619264 1.514501 -0.000019 -0.000022 -0.000050
 28   2.916892 1.618870 -1.501142 -0.000002 -0.000009 -0.000024
 29   8.824059 0.150544 0.091743 0.000006 -0.000231 -0.174534
 30   2.111085 -0.561179 1.784320 -0.000008 -0.000682 0.000024
 31   2.121290 -0.561289 -1.853599 0.000000 0.000000 -0.000002
 32   -0.814395 -0.093824 3.127092 -0.129489 -2.975237 -0.324172
 33   14.298673 -0.408176 0.471578 0.000032 -0.000248 -0.436322
 34   15.835795 0.581398 0.242756 0.162139 -0.013958 0.022620
 35   -0.815868 -0.091229 -3.114430 0.096037 3.002497 -0.031284
 36   14.294526 -0.410349 -0.467541 0.000081 0.000036 -0.399441
 37   15.834409 0.579420 -0.284600 -0.088743 0.040098 0.278088
 38   1.139685 -3.453749 -2.823813 0.000000 0.000000 0.000001
 39   -4.457742 -1.054854 -0.746180 0.000000 0.000000 0.000000
 40   1.118101 -3.449769 3.237290 0.000000 0.000001 0.000000
 41   -4.433840 -1.059130 0.959566 -0.000001 0.000000 0.000000
 42   -0.657468 1.697302 -2.688614 0.000000 0.000002 0.000000
 43   -0.664068 1.698578 2.869377 0.000000 0.000002 0.000000
end
