version 1
nodes
  0 "Bip01" -1
  1 "Bip01 Pelvis" 0
  2 "Bip01 Spine" 1
  3 "Bip01 Spine1" 2
  4 "Bip01 Spine2" 3
  5 "Bip01 Spine3" 4
  6 "Bip01 Neck" 5
  7 "Bip01 L Arm" 6
  8 "Bip01 L Arm1" 7
  9 "Bip01 L Arm2" 8
 10 "Bip01 L Hand" 9
 11 "Bip06 L elbow2-smooth" 8
 12 "Bip01 R Arm" 6
 13 "Bip01 R Arm1" 12
 14 "Bip01 R Arm2" 13
 15 "Bip01 R Hand" 14
 16 "Bip06 R elbow2-smooth" 13
 17 "Bip01 Head" 6
 18 "Bip06 Head_helper" 17
 19 "Bip06 Head_eyes_l" 18
 20 "Bip06 Head_eyes_r" 18
 21 "Bip06 Head_blink_l" 18
 22 "Bip06 Head_blink_smooth_l1" 21
 23 "Bip06 Head_blink_r" 18
 24 "Bip06 Head_blink_smooth_r1" 23
 25 "Bip06 Head_L_eyebrow" 18
 26 "Bip06 Head_R_eyebrow" 18
 27 "Bip06 Head_blink_l_lid" 18
 28 "Bip06 Head_blink_r_lid" 18
 29 "Bip06 bunny" 18
 30 "Bip06 bunnyL" 29
 31 "Bip06 bunnyR" 29
 32 "Bip01 L Leg" 1
 33 "Bip01 L Leg1" 32
 34 "Bip01 L Foot" 33
 35 "Bip01 R Leg" 1
 36 "Bip01 R Leg1" 35
 37 "Bip01 R Foot" 36
 38 "Bip03 HairR1" 17
 39 "Bip03 HairR2" 38
 40 "Bip03 HairL1" 17
 41 "Bip03 HairL2" 40
 42 "Bip03 swingR" 17
 43 "Bip03 swingL" 17
end
skeleton
time 0
  0   0.009046 4.281381 1.527761 0.000000 0.000000 -1.571449
  1   -1.093036 0.000002 -0.326057 -0.214066 -1.569082 -1.356583
  2   2.262337 0.113614 0.064702 -0.020101 -0.102707 0.193454
  3   2.380047 0.353302 0.047440 0.000000 0.000020 0.060910
  4   2.033756 0.190472 -0.000128 -0.171747 0.030069 0.171351
  5   2.451511 0.204909 -0.003447 -0.138715 0.014434 0.103433
  6   7.247600 -0.397300 -0.109469 0.000001 0.000009 0.052298
  7   -2.022252 -0.104661 3.136172 0.914683 -1.249897 -4.084156
  8   1.168026 -0.537438 -0.063437 -0.375209 0.255713 -0.928663
  9   6.790376 -0.619176 0.015206 0.660106 -0.445108 -1.100468
 10   8.637599 0.544015 -0.090417 -1.995906 -0.171602 -0.530260
 11   6.790465 -0.619039 0.017802 0.406187 -0.399200 -0.743804
 12   -2.022474 -0.104699 -2.873818 0.839033 1.276005 -2.481872
 13   1.167898 -0.537463 0.063297 0.060877 -1.207588 -0.727598
 14   7.002743 -0.617765 -0.183752 -0.096101 0.335734 -1.855465
 15   8.209042 0.615527 -0.255885 1.475250 -0.366558 -0.333769
 16   7.002735 -0.617911 -0.183641 0.013826 0.271884 -1.297683
 17   1.574674 0.609930 -0.000899 0.005971 -0.087678 0.416765
 18   -0.602177 0.511412 -0.000006 0.000000 0.000000 0.000000
 19   3.673773 0.177020 1.119313 -0.000002 -0.000014 -0.174510
 20   3.673767 0.176993 -1.117566 0.000007 -0.000003 -0.174546
 21   3.942357 1.334540 1.627658 0.000002 -0.000011 -0.000026
 22   -0.246060 -0.011889 0.516521 -0.000011 0.000031 0.000025
 23   3.942374 1.334565 -1.631083 0.000019 0.000002 -0.000024
 24   -0.246150 -0.011872 -0.516511 -0.000005 -0.000006 0.000048
 25   4.941364 1.997338 1.629330 0.000018 -0.000001 -0.000024
 26   4.941382 1.997366 -1.629410 -0.000001 0.000005 -0.000024
 27   2.914462 1.619264 1.514501 -0.000019 -0.000022 -0.000050
 28   2.916892 1.618870 -1.501142 -0.000002 -0.000009 -0.000024
 29   8.824059 0.150544 0.091743 0.000006 -0.000231 -0.174534
 30   2.111085 -0.561179 1.784320 -0.000008 -0.000682 0.000024
 31   2.121290 -0.561289 -1.853599 0.000000 0.000000 -0.000002
 32   -0.814395 -0.093824 3.127092 0.262921 -3.097582 -0.334816
 33   14.298673 -0.408176 0.471578 0.003687 -0.003117 -0.522469
 34   15.835795 0.581398 0.242756 -0.001271 0.032067 0.122292
 35   -0.815868 -0.091229 -3.114430 -0.132889 3.034913 -0.011455
 36   14.294526 -0.410349 -0.467541 -0.002676 0.001857 -0.384764
 37   15.834409 0.579420 -0.284600 -0.034128 0.026558 0.304555
 38   1.139685 -3.453749 -2.823813 0.000000 0.000000 0.000001
 39   -4.457742 -1.054854 -0.746180 0.000000 0.000000 0.000000
 40   1.118101 -3.449769 3.237290 0.000000 0.000001 0.000000
 41   -4.433840 -1.059130 0.959566 -0.000001 0.000000 0.000000
 42   -0.657468 1.697302 -2.688614 0.000000 0.000002 0.000000
 43   -0.664068 1.698578 2.869377 0.000000 0.000002 0.000000
time 1
  0   0.009046 4.281381 1.527761 0.000000 0.000000 -1.571449
  1   -1.093036 0.000002 -0.326057 -0.214066 -1.569082 -1.356583
  2   2.262337 0.113614 0.064702 -0.020101 -0.102707 0.193454
  3   2.380047 0.353302 0.047440 0.001485 -0.000064 0.060910
  4   2.033756 0.190472 -0.000128 -0.167413 0.029326 0.171532
  5   2.451511 0.204909 -0.003447 -0.138715 0.014434 0.103433
  6   7.247600 -0.397300 -0.109469 0.000001 0.000009 0.052298
  7   -2.022252 -0.104661 3.136172 0.914683 -1.249897 -4.084156
  8   1.168026 -0.537438 -0.063437 -0.370209 0.263361 -0.922083
  9   6.790376 -0.619176 0.015206 0.660272 -0.442372 -1.106732
 10   8.637599 0.544015 -0.090417 -1.995906 -0.171602 -0.530260
 11   6.790465 -0.619039 0.017802 0.406625 -0.397808 -0.748533
 12   -2.022474 -0.104699 -2.873818 0.839033 1.276005 -2.481872
 13   1.167898 -0.537463 0.063297 0.060877 -1.207588 -0.725358
 14   7.002743 -0.617765 -0.183752 -0.097410 0.338233 -1.858600
 15   8.209042 0.615527 -0.255885 1.472734 -0.360278 -0.332927
 16   7.002735 -0.617911 -0.183641 0.013590 0.274027 -1.299504
 17   1.574674 0.609930 -0.000899 0.010115 -0.088814 0.418908
 18   -0.602177 0.511412 -0.000006 0.000000 0.000000 0.000000
 19   3.673773 0.177020 1.119313 -0.000002 -0.000014 -0.174510
 20   3.673767 0.176993 -1.117566 0.000007 -0.000003 -0.174546
 21   3.942357 1.334540 1.627658 0.000002 -0.000011 -0.000026
 22   -0.246060 -0.011889 0.516521 -0.000011 0.000031 0.000025
 23   3.942374 1.334565 -1.631083 0.000019 0.000002 -0.000024
 24   -0.246150 -0.011872 -0.516511 -0.000005 -0.000006 0.000048
 25   4.941364 1.997338 1.629330 0.000018 -0.000001 -0.000024
 26   4.941382 1.997366 -1.629410 -0.000001 0.000005 -0.000024
 27   2.914462 1.619264 1.514501 -0.000019 -0.000022 -0.000050
 28   2.916892 1.618870 -1.501142 -0.000002 -0.000009 -0.000024
 29   8.824059 0.150544 0.091743 0.000006 -0.000231 -0.174534
 30   2.111085 -0.561179 1.784320 -0.000008 -0.000682 0.000024
 31   2.121290 -0.561289 -1.853599 0.000000 0.000000 -0.000002
 32   -0.814395 -0.093824 3.127092 0.262921 -3.097582 -0.334816
 33   14.298673 -0.408176 0.471578 0.003687 -0.003117 -0.522469
 34   15.835795 0.581398 0.242756 -0.001271 0.032067 0.122292
 35   -0.815868 -0.091229 -3.114430 -0.132889 3.034913 -0.011455
 36   14.294526 -0.410349 -0.467541 -0.002676 0.001857 -0.384764
 37   15.834409 0.579420 -0.284600 -0.034128 0.026558 0.304555
 38   1.139685 -3.453749 -2.823813 0.000000 0.000000 0.000001
 39   -4.457742 -1.054854 -0.746180 0.000000 0.000000 0.000000
 40   1.118101 -3.449769 3.237290 0.000000 0.000001 0.000000
 41   -4.433840 -1.059130 0.959566 -0.000001 0.000000 0.000000
 42   -0.657468 1.697302 -2.688614 0.000000 0.000002 0.000000
 43   -0.664068 1.698578 2.869377 0.000000 0.000002 0.000000
time 2
  0   0.009046 4.281381 1.527761 0.000000 0.000000 -1.571449
  1   -1.093036 0.000002 -0.326057 -0.214066 -1.569082 -1.356583
  2   2.262337 0.113614 0.064702 -0.020101 -0.102707 0.193454
  3   2.380047 0.353302 0.047440 0.006225 -0.000316 0.060910
  4   2.033756 0.190472 -0.000128 -0.154190 0.027025 0.171931
  5   2.451511 0.204909 -0.003447 -0.138715 0.014434 0.103433
  6   7.247600 -0.397300 -0.109469 0.000001 0.000009 0.052298
  7   -2.022252 -0.104661 3.136172 0.914683 -1.249897 -4.084156
  8   1.168026 -0.537438 -0.063437 -0.354010 0.286556 -0.902093
  9   6.790376 -0.619176 0.015206 0.661049 -0.433963 -1.125976
 10   8.637599 0.544015 -0.090417 -1.995906 -0.171602 -0.530260
 11   6.790465 -0.619039 0.017802 0.407822 -0.393515 -0.763067
 12   -2.022474 -0.104699 -2.873818 0.839033 1.276005 -2.481872
 13   1.167898 -0.537463 0.063297 0.060877 -1.207588 -0.718457
 14   7.002743 -0.617765 -0.183752 -0.101452 0.346126 -1.868006
 15   8.209042 0.615527 -0.255885 1.465615 -0.340682 -0.330401
 16   7.002735 -0.617911 -0.183641 0.012837 0.280681 -1.305134
 17   1.574674 0.609930 -0.000899 0.022748 -0.092222 0.425450
 18   -0.602177 0.511412 -0.000006 0.000000 0.000000 0.000000
 19   3.673773 0.177020 1.119313 -0.000002 -0.000014 -0.174510
 20   3.673767 0.176993 -1.117566 0.000007 -0.000003 -0.174546
 21   3.942357 1.334540 1.627658 0.000002 -0.000011 -0.000026
 22   -0.246060 -0.011889 0.516521 -0.000011 0.000031 0.000025
 23   3.942374 1.334565 -1.631083 0.000019 0.000002 -0.000024
 24   -0.246150 -0.011872 -0.516511 -0.000005 -0.000006 0.000048
 25   4.941364 1.997338 1.629330 0.000018 -0.000001 -0.000024
 26   4.941382 1.997366 -1.629410 -0.000001 0.000005 -0.000024
 27   2.914462 1.619264 1.514501 -0.000019 -0.000022 -0.000050
 28   2.916892 1.618870 -1.501142 -0.000002 -0.000009 -0.000024
 29   8.824059 0.150544 0.091743 0.000006 -0.000231 -0.174534
 30   2.111085 -0.561179 1.784320 -0.000008 -0.000682 0.000024
 31   2.121290 -0.561289 -1.853599 0.000000 0.000000 -0.000002
 32   -0.814395 -0.093824 3.127092 0.262921 -3.097582 -0.334816
 33   14.298673 -0.408176 0.471578 0.003687 -0.003117 -0.522469
 34   15.835795 0.581398 0.242756 -0.001271 0.032067 0.122292
 35   -0.815868 -0.091229 -3.114430 -0.132889 3.034913 -0.011455
 36   14.294526 -0.410349 -0.467541 -0.002676 0.001857 -0.384764
 37   15.834409 0.579420 -0.284600 -0.034128 0.026558 0.304555
 38   1.139685 -3.453749 -2.823813 0.000000 0.000000 0.000001
 39   -4.457742 -1.054854 -0.746180 0.000000 0.000000 0.000000
 40   1.118101 -3.449769 3.237290 0.000000 0.000001 0.000000
 41   -4.433840 -1.059130 0.959566 -0.000001 0.000000 0.000000
 42   -0.657468 1.697302 -2.688614 0.000000 0.000002 0.000000
 43   -0.664068 1.698578 2.869377 0.000000 0.000002 0.000000
time 3
  0   0.009046 4.281381 1.527761 0.000000 0.000000 -1.571449
  1   -1.093036 0.000002 -0.326057 -0.214066 -1.569082 -1.356583
  2   2.262337 0.113614 0.064702 -0.020101 -0.102707 0.193454
  3   2.380047 0.353302 0.047440 0.013426 -0.000723 0.060910
  4   2.033756 0.190472 -0.000128 -0.134327 0.023598 0.172402
  5   2.451511 0.204909 -0.003447 -0.138715 0.014434 0.103433
  6   7.247600 -0.397300 -0.109469 0.000001 0.000009 0.052298
  7   -2.022252 -0.104661 3.136172 0.914683 -1.249897 -4.084156
  8   1.168026 -0.537438 -0.063437 -0.328761 0.320820 -0.870779
  9   6.790376 -0.619176 0.015206 0.661604 -0.421349 -1.154578
 10   8.637599 0.544015 -0.090417 -1.995906 -0.171602 -0.530260
 11   6.790465 -0.619039 0.017802 0.409544 -0.387006 -0.784753
 12   -2.022474 -0.104699 -2.873818 0.839033 1.276005 -2.481872
 13   1.167898 -0.537463 0.063297 0.060877 -1.207588 -0.708045
 14   7.002743 -0.617765 -0.183752 -0.107772 0.357767 -1.882609
 15   8.209042 0.615527 -0.255885 1.454830 -0.311099 -0.327034
 16   7.002735 -0.617911 -0.183641 0.011613 0.290774 -1.313523
 17   1.574674 0.609930 -0.000899 0.041678 -0.097547 0.435060
 18   -0.602177 0.511412 -0.000006 0.000000 0.000000 0.000000
 19   3.673773 0.177020 1.119313 -0.000002 -0.000014 -0.174510
 20   3.673767 0.176993 -1.117566 0.000007 -0.000003 -0.174546
 21   3.942357 1.334540 1.627658 0.000002 -0.000011 -0.000026
 22   -0.246060 -0.011889 0.516521 -0.000011 0.000031 0.000025
 23   3.942374 1.334565 -1.631083 0.000019 0.000002 -0.000024
 24   -0.246150 -0.011872 -0.516511 -0.000005 -0.000006 0.000048
 25   4.941364 1.997338 1.629330 0.000018 -0.000001 -0.000024
 26   4.941382 1.997366 -1.629410 -0.000001 0.000005 -0.000024
 27   2.914462 1.619264 1.514501 -0.000019 -0.000022 -0.000050
 28   2.916892 1.618870 -1.501142 -0.000002 -0.000009 -0.000024
 29   8.824059 0.150544 0.091743 0.000006 -0.000231 -0.174534
 30   2.111085 -0.561179 1.784320 -0.000008 -0.000682 0.000024
 31   2.121290 -0.561289 -1.853599 0.000000 0.000000 -0.000002
 32   -0.814395 -0.093824 3.127092 0.262921 -3.097582 -0.334816
 33   14.298673 -0.408176 0.471578 0.003687 -0.003117 -0.522469
 34   15.835795 0.581398 0.242756 -0.001271 0.032067 0.122292
 35   -0.815868 -0.091229 -3.114430 -0.132889 3.034913 -0.011455
 36   14.294526 -0.410349 -0.467541 -0.002676 0.001857 -0.384764
 37   15.834409 0.579420 -0.284600 -0.034128 0.026558 0.304555
 38   1.139685 -3.453749 -2.823813 0.000000 0.000000 0.000001
 39   -4.457742 -1.054854 -0.746180 0.000000 0.000000 0.000000
 40   1.118101 -3.449769 3.237290 0.000000 0.000001 0.000000
 41   -4.433840 -1.059130 0.959566 -0.000001 0.000000 0.000000
 42   -0.657468 1.697302 -2.688614 0.000000 0.000002 0.000000
 43   -0.664068 1.698578 2.869377 0.000000 0.000002 0.000000
time 4
  0   0.009046 4.281381 1.527761 0.000000 0.000000 -1.571449
  1   -1.093036 0.000002 -0.326057 -0.214066 -1.569082 -1.356583
  2   2.262337 0.113614 0.064702 -0.020101 -0.102707 0.193454
  3   2.380047 0.353302 0.047440 0.020926 -0.001191 0.060910
  4   2.033756 0.190472 -0.000128 -0.113229 0.019895 0.172982
  5   2.451511 0.204909 -0.003447 -0.138715 0.014434 0.103433
  6   7.247600 -0.397300 -0.109469 0.000001 0.000009 0.052298
  7   -2.022252 -0.104661 3.136172 0.914683 -1.249897 -4.083968
  8   1.168026 -0.537438 -0.063437 -0.300601 0.356392 -0.836049
  9   6.790376 -0.619176 0.015206 0.661825 -0.407867 -1.184765
 10   8.637599 0.544015 -0.090417 -1.995906 -0.171602 -0.530260
 11   6.790465 -0.619039 0.017802 0.411092 -0.380042 -0.807592
 12   -2.022474 -0.104699 -2.873818 0.839033 1.276005 -2.482159
 13   1.167898 -0.537463 0.063297 0.060877 -1.207588 -0.697028
 14   7.002743 -0.617765 -0.183752 -0.114718 0.369975 -1.897955
 15   8.209042 0.615527 -0.255885 1.443757 -0.279776 -0.323846
 16   7.002735 -0.617911 -0.183641 0.010201 0.301432 -1.322575
 17   1.574674 0.609930 -0.000899 0.061704 -0.103440 0.445188
 18   -0.602177 0.511412 -0.000006 0.000000 0.000000 0.000000
 19   3.673773 0.177020 1.119313 -0.000002 -0.000014 -0.174510
 20   3.673767 0.176993 -1.117566 0.000007 -0.000003 -0.174546
 21   3.942357 1.334540 1.627658 0.000002 -0.000011 -0.000026
 22   -0.246060 -0.011889 0.516521 -0.000011 0.000031 0.000025
 23   3.942374 1.334565 -1.631083 0.000019 0.000002 -0.000024
 24   -0.246150 -0.011872 -0.516511 -0.000005 -0.000006 0.000048
 25   4.941364 1.997338 1.629330 0.000018 -0.000001 -0.000024
 26   4.941382 1.997366 -1.629410 -0.000001 0.000005 -0.000024
 27   2.914462 1.619264 1.514501 -0.000019 -0.000022 -0.000050
 28   2.916892 1.618870 -1.501142 -0.000002 -0.000009 -0.000024
 29   8.824059 0.150544 0.091743 0.000006 -0.000231 -0.174534
 30   2.111085 -0.561179 1.784320 -0.000008 -0.000682 0.000024
 31   2.121290 -0.561289 -1.853599 0.000000 0.000000 -0.000002
 32   -0.814395 -0.093824 3.127092 0.262921 -3.097582 -0.334816
 33   14.298673 -0.408176 0.471578 0.003687 -0.003117 -0.522469
 34   15.835795 0.581398 0.242756 -0.001271 0.032067 0.122292
 35   -0.815868 -0.091229 -3.114430 -0.132889 3.034913 -0.011455
 36   14.294526 -0.410349 -0.467541 -0.002676 0.001857 -0.384764
 37   15.834409 0.579420 -0.284600 -0.034128 0.026558 0.304555
 38   1.139685 -3.453749 -2.823813 0.000000 0.000000 0.000001
 39   -4.457742 -1.054854 -0.746180 0.000000 0.000000 0.000000
 40   1.118101 -3.449769 3.237290 0.000000 0.000001 0.000000
 41   -4.433840 -1.059130 0.959566 -0.000001 0.000000 0.000000
 42   -0.657468 1.697302 -2.688614 0.000000 0.000002 0.000000
 43   -0.664068 1.698578 2.869377 0.000000 0.000002 0.000000
time 5
  0   0.009046 4.281381 1.527761 0.000000 0.000000 -1.571449
  1   -1.093036 0.000002 -0.326057 -0.214066 -1.569082 -1.356583
  2   2.262337 0.113614 0.064702 -0.020101 -0.102707 0.193454
  3   2.380047 0.353302 0.047440 0.027347 -0.001550 0.060910
  4   2.033756 0.190472 -0.000128 -0.095524 0.016791 0.173272
  5   2.451511 0.204909 -0.003447 -0.138715 0.014434 0.103433
  6   7.247600 -0.397300 -0.109469 0.000001 0.000009 0.052298
  7   -2.022252 -0.104661 3.136172 0.914683 -1.249897 -4.083968
  8   1.168026 -0.537438 -0.063437 -0.275542 0.385373 -0.805684
  9   6.790376 -0.619176 0.015206 0.661770 -0.396655 -1.209971
 10   8.637599 0.544015 -0.090417 -1.995906 -0.171602 -0.530260
 11   6.790465 -0.619039 0.017802 0.412260 -0.374101 -0.826798
 12   -2.022474 -0.104699 -2.873818 0.839033 1.276005 -2.482159
 13   1.167898 -0.537463 0.063297 0.060877 -1.207588 -0.687766
 14   7.002743 -0.617765 -0.183752 -0.120752 0.380197 -1.911156
 15   8.209042 0.615527 -0.255885 1.434769 -0.253447 -0.321501
 16   7.002735 -0.617911 -0.183641 0.008977 0.310341 -1.330081
 17   1.574674 0.609930 -0.000899 0.078521 -0.108481 0.453578
 18   -0.602177 0.511412 -0.000006 0.000000 0.000000 0.000000
 19   3.673773 0.177020 1.119313 -0.000002 -0.000014 -0.174510
 20   3.673767 0.176993 -1.117566 0.000007 -0.000003 -0.174546
 21   3.942357 1.334540 1.627658 0.000002 -0.000011 -0.000026
 22   -0.246060 -0.011889 0.516521 -0.000011 0.000031 0.000025
 23   3.942374 1.334565 -1.631083 0.000019 0.000002 -0.000024
 24   -0.246150 -0.011872 -0.516511 -0.000005 -0.000006 0.000048
 25   4.941364 1.997338 1.629330 0.000018 -0.000001 -0.000024
 26   4.941382 1.997366 -1.629410 -0.000001 0.000005 -0.000024
 27   2.914462 1.619264 1.514501 -0.000019 -0.000022 -0.000050
 28   2.916892 1.618870 -1.501142 -0.000002 -0.000009 -0.000024
 29   8.824059 0.150544 0.091743 0.000006 -0.000231 -0.174534
 30   2.111085 -0.561179 1.784320 -0.000008 -0.000682 0.000024
 31   2.121290 -0.561289 -1.853599 0.000000 0.000000 -0.000002
 32   -0.814395 -0.093824 3.127092 0.262921 -3.097582 -0.334816
 33   14.298673 -0.408176 0.471578 0.003687 -0.003117 -0.522469
 34   15.835795 0.581398 0.242756 -0.001271 0.032067 0.122292
 35   -0.815868 -0.091229 -3.114430 -0.132889 3.034913 -0.011455
 36   14.294526 -0.410349 -0.467541 -0.002676 0.001857 -0.384764
 37   15.834409 0.579420 -0.284600 -0.034128 0.026558 0.304555
 38   1.139685 -3.453749 -2.823813 0.000000 0.000000 0.000001
 39   -4.457742 -1.054854 -0.746180 0.000000 0.000000 0.000000
 40   1.118101 -3.449769 3.237290 0.000000 0.000001 0.000000
 41   -4.433840 -1.059130 0.959566 -0.000001 0.000000 0.000000
 42   -0.657468 1.697302 -2.688614 0.000000 0.000002 0.000000
 43   -0.664068 1.698578 2.869377 0.000000 0.000002 0.000000
time 6
  0   0.009046 4.281381 1.527761 0.000000 0.000000 -1.571449
  1   -1.093036 0.000002 -0.326057 -0.214066 -1.569082 -1.356583
  2   2.262337 0.113614 0.064702 -0.020101 -0.102707 0.193454
  3   2.380047 0.353302 0.047440 0.032762 -0.001910 0.060890
  4   2.033756 0.190472 -0.000128 -0.080309 0.014154 0.173525
  5   2.451511 0.204909 -0.003447 -0.138715 0.014434 0.103433
  6   7.247600 -0.397300 -0.109469 0.000001 0.000009 0.052298
  7   -2.022252 -0.104661 3.136172 0.914683 -1.249897 -4.083968
  8   1.168026 -0.537438 -0.063437 -0.253204 0.409826 -0.778482
  9   6.790376 -0.619176 0.015206 0.661382 -0.386911 -1.231479
 10   8.637599 0.544015 -0.090417 -1.995906 -0.171602 -0.530260
 11   6.790465 -0.619039 0.017802 0.413106 -0.368984 -0.843178
 12   -2.022474 -0.104699 -2.873818 0.839033 1.276005 -2.482159
 13   1.167898 -0.537463 0.063297 0.060877 -1.207588 -0.679715
 14   7.002743 -0.617765 -0.183752 -0.126104 0.388941 -1.922377
 15   8.209042 0.615527 -0.255885 1.426860 -0.230749 -0.319637
 16   7.002735 -0.617911 -0.183641 0.007847 0.318010 -1.336539
 17   1.574674 0.609930 -0.000899 0.092982 -0.112930 0.460748
 18   -0.602177 0.511412 -0.000006 0.000000 0.000000 0.000000
 19   3.673773 0.177020 1.119313 -0.000002 -0.000014 -0.174510
 20   3.673767 0.176993 -1.117566 0.000007 -0.000003 -0.174546
 21   3.942357 1.334540 1.627658 0.000002 -0.000011 -0.000026
 22   -0.246060 -0.011889 0.516521 -0.000011 0.000031 0.000025
 23   3.942374 1.334565 -1.631083 0.000019 0.000002 -0.000024
 24   -0.246150 -0.011872 -0.516511 -0.000005 -0.000006 0.000048
 25   4.941364 1.997338 1.629330 0.000018 -0.000001 -0.000024
 26   4.941382 1.997366 -1.629410 -0.000001 0.000005 -0.000024
 27   2.914462 1.619264 1.514501 -0.000019 -0.000022 -0.000050
 28   2.916892 1.618870 -1.501142 -0.000002 -0.000009 -0.000024
 29   8.824059 0.150544 0.091743 0.000006 -0.000231 -0.174534
 30   2.111085 -0.561179 1.784320 -0.000008 -0.000682 0.000024
 31   2.121290 -0.561289 -1.853599 0.000000 0.000000 -0.000002
 32   -0.814395 -0.093824 3.127092 0.262921 -3.097582 -0.334816
 33   14.298673 -0.408176 0.471578 0.003687 -0.003117 -0.522469
 34   15.835795 0.581398 0.242756 -0.001271 0.032067 0.122292
 35   -0.815868 -0.091229 -3.114430 -0.132889 3.034913 -0.011455
 36   14.294526 -0.410349 -0.467541 -0.002676 0.001857 -0.384764
 37   15.834409 0.579420 -0.284600 -0.034128 0.026558 0.304555
 38   1.139685 -3.453749 -2.823813 0.000000 0.000000 0.000001
 39   -4.457742 -1.054854 -0.746180 0.000000 0.000000 0.000000
 40   1.118101 -3.449769 3.237290 0.000000 0.000001 0.000000
 41   -4.433840 -1.059130 0.959566 -0.000001 0.000000 0.000000
 42   -0.657468 1.697302 -2.688614 0.000000 0.000002 0.000000
 43   -0.664068 1.698578 2.869377 0.000000 0.000002 0.000000
time 7
  0   0.009046 4.281381 1.527761 0.000000 0.000000 -1.571449
  1   -1.093036 0.000002 -0.326057 -0.214066 -1.569082 -1.356583
  2   2.262337 0.113614 0.064702 -0.020101 -0.102707 0.193454
  3   2.380047 0.353302 0.047440 0.038298 -0.002221 0.060890
  4   2.033756 0.190472 -0.000128 -0.065075 0.011445 0.173670
  5   2.451511 0.204909 -0.003447 -0.138715 0.014434 0.103433
  6   7.247600 -0.397300 -0.109469 0.000001 0.000009 0.052298
  7   -2.022252 -0.104661 3.136172 0.914683 -1.249897 -4.083968
  8   1.168026 -0.537438 -0.063437 -0.229790 0.433725 -0.750078
  9   6.790376 -0.619176 0.015206 0.660716 -0.377167 -1.253063
 10   8.637599 0.544015 -0.090417 -1.995906 -0.171602 -0.530260
 11   6.790465 -0.619039 0.017802 0.413865 -0.363868 -0.859500
 12   -2.022474 -0.104699 -2.873818 0.839033 1.276005 -2.482159
 13   1.167898 -0.537463 0.063297 0.060877 -1.207588 -0.671785
 14   7.002743 -0.617765 -0.183752 -0.131513 0.397629 -1.933845
 15   8.209042 0.615527 -0.255885 1.419238 -0.207900 -0.317833
 16   7.002735 -0.617911 -0.183641 0.006623 0.325735 -1.342941
 17   1.574674 0.609930 -0.000899 0.107322 -0.117427 0.467845
 18   -0.602177 0.511412 -0.000006 0.000000 0.000000 0.000000
 19   3.673773 0.177020 1.119313 -0.000002 -0.000014 -0.174510
 20   3.673767 0.176993 -1.117566 0.000007 -0.000003 -0.174546
 21   3.942357 1.334540 1.627658 0.000002 -0.000011 -0.000026
 22   -0.246060 -0.011889 0.516521 -0.000011 0.000031 0.000025
 23   3.942374 1.334565 -1.631083 0.000019 0.000002 -0.000024
 24   -0.246150 -0.011872 -0.516511 -0.000005 -0.000006 0.000048
 25   4.941364 1.997338 1.629330 0.000018 -0.000001 -0.000024
 26   4.941382 1.997366 -1.629410 -0.000001 0.000005 -0.000024
 27   2.914462 1.619264 1.514501 -0.000019 -0.000022 -0.000050
 28   2.916892 1.618870 -1.501142 -0.000002 -0.000009 -0.000024
 29   8.824059 0.150544 0.091743 0.000006 -0.000231 -0.174534
 30   2.111085 -0.561179 1.784320 -0.000008 -0.000682 0.000024
 31   2.121290 -0.561289 -1.853599 0.000000 0.000000 -0.000002
 32   -0.814395 -0.093824 3.127092 0.262921 -3.097582 -0.334816
 33   14.298673 -0.408176 0.471578 0.003687 -0.003117 -0.522469
 34   15.835795 0.581398 0.242756 -0.001271 0.032067 0.122292
 35   -0.815868 -0.091229 -3.114430 -0.132889 3.034913 -0.011455
 36   14.294526 -0.410349 -0.467541 -0.002676 0.001857 -0.384764
 37   15.834409 0.579420 -0.284600 -0.034128 0.026558 0.304555
 38   1.139685 -3.453749 -2.823813 0.000000 0.000000 0.000001
 39   -4.457742 -1.054854 -0.746180 0.000000 0.000000 0.000000
 40   1.118101 -3.449769 3.237290 0.000000 0.000001 0.000000
 41   -4.433840 -1.059130 0.959566 -0.000001 0.000000 0.000000
 42   -0.657468 1.697302 -2.688614 0.000000 0.000002 0.000000
 43   -0.664068 1.698578 2.869377 0.000000 0.000002 0.000000
time 8
  0   0.009046 4.281381 1.527761 0.000000 0.000000 -1.571449
  1   -1.093036 0.000002 -0.326057 -0.214066 -1.569082 -1.356583
  2   2.262337 0.113614 0.064702 -0.020101 -0.102707 0.193454
  3   2.380047 0.353302 0.047440 0.043773 -0.002581 0.060849
  4   2.033756 0.190472 -0.000128 -0.049823 0.008797 0.173707
  5   2.451511 0.204909 -0.003447 -0.138715 0.014434 0.103433
  6   7.247600 -0.397300 -0.109469 0.000001 0.000009 0.052298
  7   -2.022252 -0.104661 3.136172 0.914683 -1.249897 -4.083968
  8   1.168026 -0.537438 -0.063437 -0.205427 0.456769 -0.720915
  9   6.790376 -0.619176 0.015206 0.659939 -0.367556 -1.274420
 10   8.637599 0.544015 -0.090417 -1.995906 -0.171602 -0.530260
 11   6.790465 -0.619039 0.017802 0.414479 -0.358666 -0.875822
 12   -2.022474 -0.104699 -2.873818 0.839033 1.276005 -2.481872
 13   1.167898 -0.537463 0.063297 0.060877 -1.207588 -0.663673
 14   7.002743 -0.617765 -0.183752 -0.137035 0.406204 -1.945313
 15   8.209042 0.615527 -0.255885 1.411760 -0.185202 -0.316389
 16   7.002735 -0.617911 -0.183641 0.005399 0.333404 -1.349509
 17   1.574674 0.609930 -0.000899 0.121742 -0.122042 0.474830
 18   -0.602177 0.511412 -0.000006 0.000000 0.000000 0.000000
 19   3.673773 0.177020 1.119313 -0.000002 -0.000014 -0.174510
 20   3.673767 0.176993 -1.117566 0.000007 -0.000003 -0.174546
 21   3.942357 1.334540 1.627658 0.000002 -0.000011 -0.000026
 22   -0.246060 -0.011889 0.516521 -0.000011 0.000031 0.000025
 23   3.942374 1.334565 -1.631083 0.000019 0.000002 -0.000024
 24   -0.246150 -0.011872 -0.516511 -0.000005 -0.000006 0.000048
 25   4.941364 1.997338 1.629330 0.000018 -0.000001 -0.000024
 26   4.941382 1.997366 -1.629410 -0.000001 0.000005 -0.000024
 27   2.914462 1.619264 1.514501 -0.000019 -0.000022 -0.000050
 28   2.916892 1.618870 -1.501142 -0.000002 -0.000009 -0.000024
 29   8.824059 0.150544 0.091743 0.000006 -0.000231 -0.174534
 30   2.111085 -0.561179 1.784320 -0.000008 -0.000682 0.000024
 31   2.121290 -0.561289 -1.853599 0.000000 0.000000 -0.000002
 32   -0.814395 -0.093824 3.127092 0.262921 -3.097582 -0.334816
 33   14.298673 -0.408176 0.471578 0.003687 -0.003117 -0.522469
 34   15.835795 0.581398 0.242756 -0.001271 0.032067 0.122292
 35   -0.815868 -0.091229 -3.114430 -0.132889 3.034913 -0.011455
 36   14.294526 -0.410349 -0.467541 -0.002676 0.001857 -0.384764
 37   15.834409 0.579420 -0.284600 -0.034128 0.026558 0.304555
 38   1.139685 -3.453749 -2.823813 0.000000 0.000000 0.000001
 39   -4.457742 -1.054854 -0.746180 0.000000 0.000000 0.000000
 40   1.118101 -3.449769 3.237290 0.000000 0.000001 0.000000
 41   -4.433840 -1.059130 0.959566 -0.000001 0.000000 0.000000
 42   -0.657468 1.697302 -2.688614 0.000000 0.000002 0.000000
 43   -0.664068 1.698578 2.869377 0.000000 0.000002 0.000000
time 9
  0   0.009046 4.281381 1.527761 0.000000 0.000000 -1.571449
  1   -1.093036 0.000002 -0.326057 -0.214066 -1.569082 -1.356583
  2   2.262337 0.113614 0.064702 -0.020101 -0.102707 0.193454
  3   2.380047 0.353302 0.047440 0.049188 -0.002892 0.060808
  4   2.033756 0.190472 -0.000128 -0.034608 0.006112 0.173852
  5   2.451511 0.204909 -0.003447 -0.138715 0.014434 0.103433
  6   7.247600 -0.397300 -0.109469 0.000001 0.000009 0.052298
  7   -2.022252 -0.104661 3.136172 0.914683 -1.249897 -4.084156
  8   1.168026 -0.537438 -0.063437 -0.179925 0.479411 -0.690550
  9   6.790376 -0.619176 0.015206 0.658996 -0.357879 -1.295702
 10   8.637599 0.544015 -0.090417 -1.995906 -0.171602 -0.530260
 11   6.790465 -0.619039 0.017802 0.414975 -0.353464 -0.891971
 12   -2.022474 -0.104699 -2.873818 0.839033 1.276005 -2.481872
 13   1.167898 -0.537463 0.063297 0.060877 -1.207588 -0.655622
 14   7.002743 -0.617765 -0.183752 -0.142728 0.414778 -1.956864
 15   8.209042 0.615527 -0.255885 1.404210 -0.162428 -0.315066
 16   7.002735 -0.617911 -0.183641 0.004081 0.341129 -1.355911
 17   1.574674 0.609930 -0.000899 0.136082 -0.126799 0.481853
 18   -0.602177 0.511412 -0.000006 0.000000 0.000000 0.000000
 19   3.673773 0.177020 1.119313 -0.000002 -0.000014 -0.174510
 20   3.673767 0.176993 -1.117566 0.000007 -0.000003 -0.174546
 21   3.942357 1.334540 1.627658 0.000002 -0.000011 -0.000026
 22   -0.246060 -0.011889 0.516521 -0.000011 0.000031 0.000025
 23   3.942374 1.334565 -1.631083 0.000019 0.000002 -0.000024
 24   -0.246150 -0.011872 -0.516511 -0.000005 -0.000006 0.000048
 25   4.941364 1.997338 1.629330 0.000018 -0.000001 -0.000024
 26   4.941382 1.997366 -1.629410 -0.000001 0.000005 -0.000024
 27   2.914462 1.619264 1.514501 -0.000019 -0.000022 -0.000050
 28   2.916892 1.618870 -1.501142 -0.000002 -0.000009 -0.000024
 29   8.824059 0.150544 0.091743 0.000006 -0.000231 -0.174534
 30   2.111085 -0.561179 1.784320 -0.000008 -0.000682 0.000024
 31   2.121290 -0.561289 -1.853599 0.000000 0.000000 -0.000002
 32   -0.814395 -0.093824 3.127092 0.262921 -3.097582 -0.334816
 33   14.298673 -0.408176 0.471578 0.003687 -0.003117 -0.522469
 34   15.835795 0.581398 0.242756 -0.001271 0.032067 0.122292
 35   -0.815868 -0.091229 -3.114430 -0.132889 3.034913 -0.011455
 36   14.294526 -0.410349 -0.467541 -0.002676 0.001857 -0.384764
 37   15.834409 0.579420 -0.284600 -0.034128 0.026558 0.304555
 38   1.139685 -3.453749 -2.823813 0.000000 0.000000 0.000001
 39   -4.457742 -1.054854 -0.746180 0.000000 0.000000 0.000000
 40   1.118101 -3.449769 3.237290 0.000000 0.000001 0.000000
 41   -4.433840 -1.059130 0.959566 -0.000001 0.000000 0.000000
 42   -0.657468 1.697302 -2.688614 0.000000 0.000002 0.000000
 43   -0.664068 1.698578 2.869377 0.000000 0.000002 0.000000
time 10
  0   0.009046 4.281381 1.527761 0.000000 0.000000 -1.571449
  1   -1.093036 0.000002 -0.326057 -0.214066 -1.569082 -1.356583
  2   2.262337 0.113614 0.064702 -0.020101 -0.102707 0.193454
  3   2.380047 0.353302 0.047440 0.054724 -0.003252 0.060808
  4   2.033756 0.190472 -0.000128 -0.019393 0.003476 0.173960
  5   2.451511 0.204909 -0.003447 -0.138715 0.014434 0.103433
  6   7.247600 -0.397300 -0.109469 0.000001 0.000009 0.052298
  7   -2.022252 -0.104661 3.136172 0.914683 -1.249897 -4.084156
  8   1.168026 -0.537438 -0.063437 -0.153537 0.501348 -0.659110
  9   6.790376 -0.619176 0.015206 0.657665 -0.348268 -1.316984
 10   8.637599 0.544015 -0.090417 -1.995906 -0.171602 -0.530260
 11   6.790465 -0.619039 0.017802 0.415384 -0.348262 -0.908177
 12   -2.022474 -0.104699 -2.873818 0.839033 1.276005 -2.481872
 13   1.167898 -0.537463 0.063297 0.060877 -1.207588 -0.647692
 14   7.002743 -0.617765 -0.183752 -0.148535 0.423296 -1.968662
 15   8.209042 0.615527 -0.255885 1.396589 -0.139730 -0.313924
 16   7.002735 -0.617911 -0.183641 0.002763 0.348798 -1.362479
 17   1.574674 0.609930 -0.000899 0.150502 -0.131627 0.488765
 18   -0.602177 0.511412 -0.000006 0.000000 0.000000 0.000000
 19   3.673773 0.177020 1.119313 -0.000002 -0.000014 -0.174510
 20   3.673767 0.176993 -1.117566 0.000007 -0.000003 -0.174546
 21   3.942357 1.334540 1.627658 0.000002 -0.000011 -0.000026
 22   -0.246060 -0.011889 0.516521 -0.000011 0.000031 0.000025
 23   3.942374 1.334565 -1.631083 0.000019 0.000002 -0.000024
 24   -0.246150 -0.011872 -0.516511 -0.000005 -0.000006 0.000048
 25   4.941364 1.997338 1.629330 0.000018 -0.000001 -0.000024
 26   4.941382 1.997366 -1.629410 -0.000001 0.000005 -0.000024
 27   2.914462 1.619264 1.514501 -0.000019 -0.000022 -0.000050
 28   2.916892 1.618870 -1.501142 -0.000002 -0.000009 -0.000024
 29   8.824059 0.150544 0.091743 0.000006 -0.000231 -0.174534
 30   2.111085 -0.561179 1.784320 -0.000008 -0.000682 0.000024
 31   2.121290 -0.561289 -1.853599 0.000000 0.000000 -0.000002
 32   -0.814395 -0.093824 3.127092 0.262921 -3.097582 -0.334816
 33   14.298673 -0.408176 0.471578 0.003687 -0.003117 -0.522469
 34   15.835795 0.581398 0.242756 -0.001271 0.032067 0.122292
 35   -0.815868 -0.091229 -3.114430 -0.132889 3.034913 -0.011455
 36   14.294526 -0.410349 -0.467541 -0.002676 0.001857 -0.384764
 37   15.834409 0.579420 -0.284600 -0.034128 0.026558 0.304555
 38   1.139685 -3.453749 -2.823813 0.000000 0.000000 0.000001
 39   -4.457742 -1.054854 -0.746180 0.000000 0.000000 0.000000
 40   1.118101 -3.449769 3.237290 0.000000 0.000001 0.000000
 41   -4.433840 -1.059130 0.959566 -0.000001 0.000000 0.000000
 42   -0.657468 1.697302 -2.688614 0.000000 0.000002 0.000000
 43   -0.664068 1.698578 2.869377 0.000000 0.000002 0.000000
time 11
  0   0.009046 4.281381 1.527761 0.000000 0.000000 -1.571449
  1   -1.093036 0.000002 -0.326057 -0.214066 -1.569082 -1.356583
  2   2.262337 0.113614 0.064702 -0.020101 -0.102707 0.193454
  3   2.380047 0.353302 0.047440 0.060124 -0.003564 0.060747
  4   2.033756 0.190472 -0.000128 -0.004196 0.000839 0.173997
  5   2.451511 0.204909 -0.003447 -0.138715 0.014434 0.103433
  6   7.247600 -0.397300 -0.109469 0.000001 0.000009 0.052298
  7   -2.022252 -0.104661 3.136172 0.914683 -1.249897 -4.084156
  8   1.168026 -0.537438 -0.063437 -0.126010 0.522580 -0.626594
  9   6.790376 -0.619176 0.015206 0.656278 -0.338591 -1.338190
 10   8.637599 0.544015 -0.090417 -1.995906 -0.171602 -0.530260
 11   6.790465 -0.619039 0.017802 0.415646 -0.343004 -0.924384
 12   -2.022474 -0.104699 -2.873818 0.839033 1.276005 -2.481872
 13   1.167898 -0.537463 0.063297 0.060877 -1.207588 -0.639641
 14   7.002743 -0.617765 -0.183752 -0.154513 0.431700 -1.980543
 15   8.209042 0.615527 -0.255885 1.389111 -0.116881 -0.313022
 16   7.002735 -0.617911 -0.183641 0.001351 0.356523 -1.369047
 17   1.574674 0.609930 -0.000899 0.164720 -0.136574 0.495603
 18   -0.602177 0.511412 -0.000006 0.000000 0.000000 0.000000
 19   3.673773 0.177020 1.119313 -0.000002 -0.000014 -0.174510
 20   3.673767 0.176993 -1.117566 0.000007 -0.000003 -0.174546
 21   3.942357 1.334540 1.627658 0.000002 -0.000011 -0.000026
 22   -0.246060 -0.011889 0.516521 -0.000011 0.000031 0.000025
 23   3.942374 1.334565 -1.631083 0.000019 0.000002 -0.000024
 24   -0.246150 -0.011872 -0.516511 -0.000005 -0.000006 0.000048
 25   4.941364 1.997338 1.629330 0.000018 -0.000001 -0.000024
 26   4.941382 1.997366 -1.629410 -0.000001 0.000005 -0.000024
 27   2.914462 1.619264 1.514501 -0.000019 -0.000022 -0.000050
 28   2.916892 1.618870 -1.501142 -0.000002 -0.000009 -0.000024
 29   8.824059 0.150544 0.091743 0.000006 -0.000231 -0.174534
 30   2.111085 -0.561179 1.784320 -0.000008 -0.000682 0.000024
 31   2.121290 -0.561289 -1.853599 0.000000 0.000000 -0.000002
 32   -0.814395 -0.093824 3.127092 0.262921 -3.097582 -0.334816
 33   14.298673 -0.408176 0.471578 0.003687 -0.003117 -0.522469
 34   15.835795 0.581398 0.242756 -0.001271 0.032067 0.122292
 35   -0.815868 -0.091229 -3.114430 -0.132889 3.034913 -0.011455
 36   14.294526 -0.410349 -0.467541 -0.002676 0.001857 -0.384764
 37   15.834409 0.579420 -0.284600 -0.034128 0.026558 0.304555
 38   1.139685 -3.453749 -2.823813 0.000000 0.000000 0.000001
 39   -4.457742 -1.054854 -0.746180 0.000000 0.000000 0.000000
 40   1.118101 -3.449769 3.237290 0.000000 0.000001 0.000000
 41   -4.433840 -1.059130 0.959566 -0.000001 0.000000 0.000000
 42   -0.657468 1.697302 -2.688614 0.000000 0.000002 0.000000
 43   -0.664068 1.698578 2.869377 0.000000 0.000002 0.000000
time 12
  0   0.009046 4.281381 1.527761 0.000000 0.000000 -1.571449
  1   -1.093036 0.000002 -0.326057 -0.214066 -1.569082 -1.356583
  2   2.262337 0.113614 0.064702 -0.020101 -0.102707 0.193454
  3   2.380047 0.353302 0.047440 0.065599 -0.003899 0.060747
  4   2.033756 0.190472 -0.000128 0.010890 -0.001762 0.174033
  5   2.451511 0.204909 -0.003447 -0.138715 0.014434 0.103433
  6   7.247600 -0.397300 -0.109469 0.000001 0.000009 0.052298
  7   -2.022252 -0.104661 3.136172 0.914683 -1.249897 -4.084156
  8   1.168026 -0.537438 -0.063437 -0.097344 0.543058 -0.592813
  9   6.790376 -0.619176 0.015206 0.654669 -0.329114 -1.359321
 10   8.637599 0.544015 -0.090417 -1.995906 -0.171602 -0.530260
 11   6.790465 -0.619039 0.017802 0.415792 -0.337717 -0.940533
 12   -2.022474 -0.104699 -2.873818 0.839033 1.276005 -2.481872
 13   1.167898 -0.537463 0.063297 0.060877 -1.207588 -0.631711
 14   7.002743 -0.617765 -0.183752 -0.160548 0.440048 -1.992424
 15   8.209042 0.615527 -0.255885 1.381633 -0.094108 -0.312240
 16   7.002735 -0.617911 -0.183641 -0.000062 0.364192 -1.375615
 17   1.574674 0.609930 -0.000899 0.179059 -0.141567 0.502403
 18   -0.602177 0.511412 -0.000006 0.000000 0.000000 0.000000
 19   3.673773 0.177020 1.119313 -0.000002 -0.000014 -0.174510
 20   3.673767 0.176993 -1.117566 0.000007 -0.000003 -0.174546
 21   3.942357 1.334540 1.627658 0.000002 -0.000011 -0.000026
 22   -0.246060 -0.011889 0.516521 -0.000011 0.000031 0.000025
 23   3.942374 1.334565 -1.631083 0.000019 0.000002 -0.000024
 24   -0.246150 -0.011872 -0.516511 -0.000005 -0.000006 0.000048
 25   4.941364 1.997338 1.629330 0.000018 -0.000001 -0.000024
 26   4.941382 1.997366 -1.629410 -0.000001 0.000005 -0.000024
 27   2.914462 1.619264 1.514501 -0.000019 -0.000022 -0.000050
 28   2.916892 1.618870 -1.501142 -0.000002 -0.000009 -0.000024
 29   8.824059 0.150544 0.091743 0.000006 -0.000231 -0.174534
 30   2.111085 -0.561179 1.784320 -0.000008 -0.000682 0.000024
 31   2.121290 -0.561289 -1.853599 0.000000 0.000000 -0.000002
 32   -0.814395 -0.093824 3.127092 0.262921 -3.097582 -0.334816
 33   14.298673 -0.408176 0.471578 0.003687 -0.003117 -0.522469
 34   15.835795 0.581398 0.242756 -0.001271 0.032067 0.122292
 35   -0.815868 -0.091229 -3.114430 -0.132889 3.034913 -0.011455
 36   14.294526 -0.410349 -0.467541 -0.002676 0.001857 -0.384764
 37   15.834409 0.579420 -0.284600 -0.034128 0.026558 0.304555
 38   1.139685 -3.453749 -2.823813 0.000000 0.000000 0.000001
 39   -4.457742 -1.054854 -0.746180 0.000000 0.000000 0.000000
 40   1.118101 -3.449769 3.237290 0.000000 0.000001 0.000000
 41   -4.433840 -1.059130 0.959566 -0.000001 0.000000 0.000000
 42   -0.657468 1.697302 -2.688614 0.000000 0.000002 0.000000
 43   -0.664068 1.698578 2.869377 0.000000 0.000002 0.000000
time 13
  0   0.009046 4.281381 1.527761 0.000000 0.000000 -1.571449
  1   -1.093036 0.000002 -0.326057 -0.214066 -1.569082 -1.356583
  2   2.262337 0.113614 0.064702 -0.020101 -0.102707 0.193454
  3   2.380047 0.353302 0.047440 0.071120 -0.004259 0.060747
  4   2.033756 0.190472 -0.000128 0.026105 -0.004362 0.173997
  5   2.451511 0.204909 -0.003447 -0.138715 0.014434 0.103433
  6   7.247600 -0.397300 -0.109469 0.000001 0.000009 0.052298
  7   -2.022252 -0.104661 3.136172 0.914683 -1.249897 -4.084156
  8   1.168026 -0.537438 -0.063437 -0.067412 0.562631 -0.558083
  9   6.790376 -0.619176 0.015206 0.652727 -0.319503 -1.380528
 10   8.637599 0.544015 -0.090417 -1.995906 -0.171602 -0.530260
 11   6.790465 -0.619039 0.017802 0.415822 -0.332430 -0.956682
 12   -2.022474 -0.104699 -2.873818 0.839033 1.276005 -2.481872
 13   1.167898 -0.537463 0.063297 0.060877 -1.207588 -0.623720
 14   7.002743 -0.617765 -0.183752 -0.166754 0.448338 -2.004552
 15   8.209042 0.615527 -0.255885 1.374227 -0.071259 -0.311699
 16   7.002735 -0.617911 -0.183641 -0.001568 0.371917 -1.382349
 17   1.574674 0.609930 -0.000899 0.193358 -0.146727 0.509167
 18   -0.602177 0.511412 -0.000006 0.000000 0.000000 0.000000
 19   3.673773 0.177020 1.119313 -0.000002 -0.000014 -0.174510
 20   3.673767 0.176993 -1.117566 0.000007 -0.000003 -0.174546
 21   3.942357 1.334540 1.627658 0.000002 -0.000011 -0.000026
 22   -0.246060 -0.011889 0.516521 -0.000011 0.000031 0.000025
 23   3.942374 1.334565 -1.631083 0.000019 0.000002 -0.000024
 24   -0.246150 -0.011872 -0.516511 -0.000005 -0.000006 0.000048
 25   4.941364 1.997338 1.629330 0.000018 -0.000001 -0.000024
 26   4.941382 1.997366 -1.629410 -0.000001 0.000005 -0.000024
 27   2.914462 1.619264 1.514501 -0.000019 -0.000022 -0.000050
 28   2.916892 1.618870 -1.501142 -0.000002 -0.000009 -0.000024
 29   8.824059 0.150544 0.091743 0.000006 -0.000231 -0.174534
 30   2.111085 -0.561179 1.784320 -0.000008 -0.000682 0.000024
 31   2.121290 -0.561289 -1.853599 0.000000 0.000000 -0.000002
 32   -0.814395 -0.093824 3.127092 0.262921 -3.097582 -0.334816
 33   14.298673 -0.408176 0.471578 0.003687 -0.003117 -0.522469
 34   15.835795 0.581398 0.242756 -0.001271 0.032067 0.122292
 35   -0.815868 -0.091229 -3.114430 -0.132889 3.034913 -0.011455
 36   14.294526 -0.410349 -0.467541 -0.002676 0.001857 -0.384764
 37   15.834409 0.579420 -0.284600 -0.034128 0.026558 0.304555
 38   1.139685 -3.453749 -2.823813 0.000000 0.000000 0.000001
 39   -4.457742 -1.054854 -0.746180 0.000000 0.000000 0.000000
 40   1.118101 -3.449769 3.237290 0.000000 0.000001 0.000000
 41   -4.433840 -1.059130 0.959566 -0.000001 0.000000 0.000000
 42   -0.657468 1.697302 -2.688614 0.000000 0.000002 0.000000
 43   -0.664068 1.698578 2.869377 0.000000 0.000002 0.000000
time 14
  0   0.009046 4.281381 1.527761 0.000000 0.000000 -1.571449
  1   -1.093036 0.000002 -0.326057 -0.214066 -1.569082 -1.356583
  2   2.262337 0.113614 0.064702 -0.020101 -0.102707 0.193454
  3   2.380047 0.353302 0.047440 0.076520 -0.004570 0.060706
  4   2.033756 0.190472 -0.000128 0.041320 -0.007023 0.173960
  5   2.451511 0.204909 -0.003447 -0.138715 0.014434 0.103433
  6   7.247600 -0.397300 -0.109469 0.000001 0.000009 0.052298
  7   -2.022252 -0.104661 3.136172 0.914683 -1.249897 -4.084156
  8   1.168026 -0.537438 -0.063437 -0.036532 0.581398 -0.521898
  9   6.790376 -0.619176 0.015206 0.650563 -0.309959 -1.401659
 10   8.637599 0.544015 -0.090417 -1.995906 -0.171602 -0.530260
 11   6.790465 -0.619039 0.017802 0.415705 -0.327114 -0.972773
 12   -2.022474 -0.104699 -2.873818 0.839033 1.276005 -2.481872
 13   1.167898 -0.537463 0.063297 0.060877 -1.207588 -0.615790
 14   7.002743 -0.617765 -0.183752 -0.173073 0.456515 -2.016763
 15   8.209042 0.615527 -0.255885 1.366893 -0.048561 -0.311217
 16   7.002735 -0.617911 -0.183641 -0.003122 0.379642 -1.388972
 17   1.574674 0.609930 -0.000899 0.207616 -0.151981 0.515857
 18   -0.602177 0.511412 -0.000006 0.000000 0.000000 0.000000
 19   3.673773 0.177020 1.119313 -0.000002 -0.000014 -0.174510
 20   3.673767 0.176993 -1.117566 0.000007 -0.000003 -0.174546
 21   3.942357 1.334540 1.627658 0.000002 -0.000011 -0.000026
 22   -0.246060 -0.011889 0.516521 -0.000011 0.000031 0.000025
 23   3.942374 1.334565 -1.631083 0.000019 0.000002 -0.000024
 24   -0.246150 -0.011872 -0.516511 -0.000005 -0.000006 0.000048
 25   4.941364 1.997338 1.629330 0.000018 -0.000001 -0.000024
 26   4.941382 1.997366 -1.629410 -0.000001 0.000005 -0.000024
 27   2.914462 1.619264 1.514501 -0.000019 -0.000022 -0.000050
 28   2.916892 1.618870 -1.501142 -0.000002 -0.000009 -0.000024
 29   8.824059 0.150544 0.091743 0.000006 -0.000231 -0.174534
 30   2.111085 -0.561179 1.784320 -0.000008 -0.000682 0.000024
 31   2.121290 -0.561289 -1.853599 0.000000 0.000000 -0.000002
 32   -0.814395 -0.093824 3.127092 0.262921 -3.097582 -0.334816
 33   14.298673 -0.408176 0.471578 0.003687 -0.003117 -0.522469
 34   15.835795 0.581398 0.242756 -0.001271 0.032067 0.122292
 35   -0.815868 -0.091229 -3.114430 -0.132889 3.034913 -0.011455
 36   14.294526 -0.410349 -0.467541 -0.002676 0.001857 -0.384764
 37   15.834409 0.579420 -0.284600 -0.034128 0.026558 0.304555
 38   1.139685 -3.453749 -2.823813 0.000000 0.000000 0.000001
 39   -4.457742 -1.054854 -0.746180 0.000000 0.000000 0.000000
 40   1.118101 -3.449769 3.237290 0.000000 0.000001 0.000000
 41   -4.433840 -1.059130 0.959566 -0.000001 0.000000 0.000000
 42   -0.657468 1.697302 -2.688614 0.000000 0.000002 0.000000
 43   -0.664068 1.698578 2.869377 0.000000 0.000002 0.000000
time 15
  0   0.009046 4.281381 1.527761 0.000000 0.000000 -1.571449
  1   -1.093036 0.000002 -0.326057 -0.214066 -1.569082 -1.356583
  2   2.262337 0.113614 0.064702 -0.020101 -0.102707 0.193454
  3   2.380047 0.353302 0.047440 0.082056 -0.004918 0.060706
  4   2.033756 0.190472 -0.000128 0.056516 -0.009648 0.173852
  5   2.451511 0.204909 -0.003447 -0.138715 0.014434 0.103433
  6   7.247600 -0.397300 -0.109469 0.000001 0.000009 0.052298
  7   -2.022252 -0.104661 3.136172 0.914683 -1.249897 -4.084156
  8   1.168026 -0.537438 -0.063437 -0.004448 0.599159 -0.484638
  9   6.790376 -0.619176 0.015206 0.648288 -0.300549 -1.422639
 10   8.637599 0.544015 -0.090417 -1.995906 -0.171602 -0.530260
 11   6.790465 -0.619039 0.017802 0.415530 -0.321827 -0.988807
 12   -2.022474 -0.104699 -2.873818 0.839033 1.276005 -2.481872
 13   1.167898 -0.537463 0.063297 0.060877 -1.207588 -0.607860
 14   7.002743 -0.617765 -0.183752 -0.179621 0.464749 -2.029056
 15   8.209042 0.615527 -0.255885 1.359631 -0.025787 -0.310857
 16   7.002735 -0.617911 -0.183641 -0.004769 0.387367 -1.395650
 17   1.574674 0.609930 -0.000899 0.221833 -0.157306 0.522362
 18   -0.602177 0.511412 -0.000006 0.000000 0.000000 0.000000
 19   3.673773 0.177020 1.119313 -0.000002 -0.000014 -0.174510
 20   3.673767 0.176993 -1.117566 0.000007 -0.000003 -0.174546
 21   3.942357 1.334540 1.627658 0.000002 -0.000011 -0.000026
 22   -0.246060 -0.011889 0.516521 -0.000011 0.000031 0.000025
 23   3.942374 1.334565 -1.631083 0.000019 0.000002 -0.000024
 24   -0.246150 -0.011872 -0.516511 -0.000005 -0.000006 0.000048
 25   4.941364 1.997338 1.629330 0.000018 -0.000001 -0.000024
 26   4.941382 1.997366 -1.629410 -0.000001 0.000005 -0.000024
 27   2.914462 1.619264 1.514501 -0.000019 -0.000022 -0.000050
 28   2.916892 1.618870 -1.501142 -0.000002 -0.000009 -0.000024
 29   8.824059 0.150544 0.091743 0.000006 -0.000231 -0.174534
 30   2.111085 -0.561179 1.784320 -0.000008 -0.000682 0.000024
 31   2.121290 -0.561289 -1.853599 0.000000 0.000000 -0.000002
 32   -0.814395 -0.093824 3.127092 0.262921 -3.097582 -0.334816
 33   14.298673 -0.408176 0.471578 0.003687 -0.003117 -0.522469
 34   15.835795 0.581398 0.242756 -0.001271 0.032067 0.122292
 35   -0.815868 -0.091229 -3.114430 -0.132889 3.034913 -0.011455
 36   14.294526 -0.410349 -0.467541 -0.002676 0.001857 -0.384764
 37   15.834409 0.579420 -0.284600 -0.034128 0.026558 0.304555
 38   1.139685 -3.453749 -2.823813 0.000000 0.000000 0.000001
 39   -4.457742 -1.054854 -0.746180 0.000000 0.000000 0.000000
 40   1.118101 -3.449769 3.237290 0.000000 0.000001 0.000000
 41   -4.433840 -1.059130 0.959566 -0.000001 0.000000 0.000000
 42   -0.657468 1.697302 -2.688614 0.000000 0.000002 0.000000
 43   -0.664068 1.698578 2.869377 0.000000 0.000002 0.000000
time 16
  0   0.009046 4.281381 1.527761 0.000000 0.000000 -1.571449
  1   -1.093036 0.000002 -0.326057 -0.214066 -1.569082 -1.356583
  2   2.262337 0.113614 0.064702 -0.020101 -0.102707 0.193454
  3   2.380047 0.353302 0.047440 0.087516 -0.005217 0.060645
  4   2.033756 0.190472 -0.000128 0.071732 -0.012308 0.173707
  5   2.451511 0.204909 -0.003447 -0.138715 0.014434 0.103433
  6   7.247600 -0.397300 -0.109469 0.000001 0.000009 0.052298
  7   -2.022252 -0.104661 3.136172 0.914683 -1.249897 -4.084156
  8   1.168026 -0.537438 -0.063437 0.028900 0.615913 -0.446112
  9   6.790376 -0.619176 0.015206 0.645847 -0.291139 -1.443769
 10   8.637599 0.544015 -0.090417 -1.995906 -0.171602 -0.530260
 11   6.790465 -0.619039 0.017802 0.415208 -0.316483 -1.004725
 12   -2.022474 -0.104699 -2.873818 0.839033 1.276005 -2.481872
 13   1.167898 -0.537463 0.063297 0.060877 -1.207588 -0.599930
 14   7.002743 -0.617765 -0.183752 -0.186225 0.472869 -2.041432
 15   8.209042 0.615527 -0.255885 1.352512 -0.003241 -0.310676
 16   7.002735 -0.617911 -0.183641 -0.006417 0.395149 -1.402328
 17   1.574674 0.609930 -0.000899 0.235970 -0.162725 0.528904
 18   -0.602177 0.511412 -0.000006 0.000000 0.000000 0.000000
 19   3.673773 0.177020 1.119313 -0.000002 -0.000014 -0.174510
 20   3.673767 0.176993 -1.117566 0.000007 -0.000003 -0.174546
 21   3.942357 1.334540 1.627658 0.000002 -0.000011 -0.000026
 22   -0.246060 -0.011889 0.516521 -0.000011 0.000031 0.000025
 23   3.942374 1.334565 -1.631083 0.000019 0.000002 -0.000024
 24   -0.246150 -0.011872 -0.516511 -0.000005 -0.000006 0.000048
 25   4.941364 1.997338 1.629330 0.000018 -0.000001 -0.000024
 26   4.941382 1.997366 -1.629410 -0.000001 0.000005 -0.000024
 27   2.914462 1.619264 1.514501 -0.000019 -0.000022 -0.000050
 28   2.916892 1.618870 -1.501142 -0.000002 -0.000009 -0.000024
 29   8.824059 0.150544 0.091743 0.000006 -0.000231 -0.174534
 30   2.111085 -0.561179 1.784320 -0.000008 -0.000682 0.000024
 31   2.121290 -0.561289 -1.853599 0.000000 0.000000 -0.000002
 32   -0.814395 -0.093824 3.127092 0.262921 -3.097582 -0.334816
 33   14.298673 -0.408176 0.471578 0.003687 -0.003117 -0.522469
 34   15.835795 0.581398 0.242756 -0.001271 0.032067 0.122292
 35   -0.815868 -0.091229 -3.114430 -0.132889 3.034913 -0.011455
 36   14.294526 -0.410349 -0.467541 -0.002676 0.001857 -0.384764
 37   15.834409 0.579420 -0.284600 -0.034128 0.026558 0.304555
 38   1.139685 -3.453749 -2.823813 0.000000 0.000000 0.000001
 39   -4.457742 -1.054854 -0.746180 0.000000 0.000000 0.000000
 40   1.118101 -3.449769 3.237290 0.000000 0.000001 0.000000
 41   -4.433840 -1.059130 0.959566 -0.000001 0.000000 0.000000
 42   -0.657468 1.697302 -2.688614 0.000000 0.000002 0.000000
 43   -0.664068 1.698578 2.869377 0.000000 0.000002 0.000000
time 17
  0   0.009046 4.281381 1.527761 0.000000 0.000000 -1.571449
  1   -1.093036 0.000002 -0.326057 -0.214066 -1.569082 -1.356583
  2   2.262337 0.113614 0.064702 -0.020101 -0.102707 0.193454
  3   2.380047 0.353302 0.047440 0.092931 -0.005565 0.060645
  4   2.033756 0.190472 -0.000128 0.086984 -0.015005 0.173562
  5   2.451511 0.204909 -0.003447 -0.138715 0.014434 0.103433
  6   7.247600 -0.397300 -0.109469 0.000001 0.000009 0.052298
  7   -2.022252 -0.104661 3.136172 0.914683 -1.249897 -4.084156
  8   1.168026 -0.537438 -0.063437 0.062819 0.631511 -0.406258
  9   6.790376 -0.619176 0.015206 0.643073 -0.281728 -1.464674
 10   8.637599 0.544015 -0.090417 -1.995906 -0.171602 -0.530260
 11   6.790465 -0.619039 0.017802 0.414800 -0.311111 -1.020759
 12   -2.022474 -0.104699 -2.873818 0.839033 1.276005 -2.481872
 13   1.167898 -0.537463 0.063297 0.060877 -1.207588 -0.592000
 14   7.002743 -0.617765 -0.183752 -0.192943 0.480876 -2.053808
 15   8.209042 0.615527 -0.255885 1.345178 0.019457 -0.310676
 16   7.002735 -0.617911 -0.183641 -0.008159 0.402874 -1.409117
 17   1.574674 0.609930 -0.000899 0.250106 -0.168240 0.535373
 18   -0.602177 0.511412 -0.000006 0.000000 0.000000 0.000000
 19   3.673773 0.177020 1.119313 -0.000002 -0.000014 -0.174510
 20   3.673767 0.176993 -1.117566 0.000007 -0.000003 -0.174546
 21   3.942357 1.334540 1.627658 0.000002 -0.000011 -0.000026
 22   -0.246060 -0.011889 0.516521 -0.000011 0.000031 0.000025
 23   3.942374 1.334565 -1.631083 0.000019 0.000002 -0.000024
 24   -0.246150 -0.011872 -0.516511 -0.000005 -0.000006 0.000048
 25   4.941364 1.997338 1.629330 0.000018 -0.000001 -0.000024
 26   4.941382 1.997366 -1.629410 -0.000001 0.000005 -0.000024
 27   2.914462 1.619264 1.514501 -0.000019 -0.000022 -0.000050
 28   2.916892 1.618870 -1.501142 -0.000002 -0.000009 -0.000024
 29   8.824059 0.150544 0.091743 0.000006 -0.000231 -0.174534
 30   2.111085 -0.561179 1.784320 -0.000008 -0.000682 0.000024
 31   2.121290 -0.561289 -1.853599 0.000000 0.000000 -0.000002
 32   -0.814395 -0.093824 3.127092 0.262921 -3.097582 -0.334816
 33   14.298673 -0.408176 0.471578 0.003687 -0.003117 -0.522469
 34   15.835795 0.581398 0.242756 -0.001271 0.032067 0.122292
 35   -0.815868 -0.091229 -3.114430 -0.132889 3.034913 -0.011455
 36   14.294526 -0.410349 -0.467541 -0.002676 0.001857 -0.384764
 37   15.834409 0.579420 -0.284600 -0.034128 0.026558 0.304555
 38   1.139685 -3.453749 -2.823813 0.000000 0.000000 0.000001
 39   -4.457742 -1.054854 -0.746180 0.000000 0.000000 0.000000
 40   1.118101 -3.449769 3.237290 0.000000 0.000001 0.000000
 41   -4.433840 -1.059130 0.959566 -0.000001 0.000000 0.000000
 42   -0.657468 1.697302 -2.688614 0.000000 0.000002 0.000000
 43   -0.664068 1.698578 2.869377 0.000000 0.000002 0.000000
time 18
  0   0.009046 4.281381 1.527761 0.000000 0.000000 -1.571449
  1   -1.093036 0.000002 -0.326057 -0.214066 -1.569082 -1.356583
  2   2.262337 0.113614 0.064702 -0.020101 -0.102707 0.193454
  3   2.380047 0.353302 0.047440 0.098467 -0.005877 0.060604
  4   2.033756 0.190472 -0.000128 0.102199 -0.017653 0.173272
  5   2.451511 0.204909 -0.003447 -0.138715 0.014434 0.103433
  6   7.247600 -0.397300 -0.109469 0.000001 0.000009 0.052298
  7   -2.022252 -0.104661 3.136172 0.914683 -1.249897 -4.084156
  8   1.168026 -0.537438 -0.063437 0.098446 0.645901 -0.365139
  9   6.790376 -0.619176 0.015206 0.640355 -0.272385 -1.485654
 10   8.637599 0.544015 -0.090417 -1.995906 -0.171602 -0.530260
 11   6.790465 -0.619039 0.017802 0.414216 -0.305738 -1.036619
 12   -2.022474 -0.104699 -2.873818 0.839033 1.276005 -2.481872
 13   1.167898 -0.537463 0.063297 0.060877 -1.207588 -0.584070
 14   7.002743 -0.617765 -0.183752 -0.199889 0.488826 -2.066596
 15   8.209042 0.615527 -0.255885 1.337844 0.042155 -0.311037
 16   7.002735 -0.617911 -0.183641 -0.009948 0.410599 -1.415796
 17   1.574674 0.609930 -0.000899 0.264242 -0.173849 0.541693
 18   -0.602177 0.511412 -0.000006 0.000000 0.000000 0.000000
 19   3.673773 0.177020 1.119313 -0.000002 -0.000014 -0.174510
 20   3.673767 0.176993 -1.117566 0.000007 -0.000003 -0.174546
 21   3.942357 1.334540 1.627658 0.000002 -0.000011 -0.000026
 22   -0.246060 -0.011889 0.516521 -0.000011 0.000031 0.000025
 23   3.942374 1.334565 -1.631083 0.000019 0.000002 -0.000024
 24   -0.246150 -0.011872 -0.516511 -0.000005 -0.000006 0.000048
 25   4.941364 1.997338 1.629330 0.000018 -0.000001 -0.000024
 26   4.941382 1.997366 -1.629410 -0.000001 0.000005 -0.000024
 27   2.914462 1.619264 1.514501 -0.000019 -0.000022 -0.000050
 28   2.916892 1.618870 -1.501142 -0.000002 -0.000009 -0.000024
 29   8.824059 0.150544 0.091743 0.000006 -0.000231 -0.174534
 30   2.111085 -0.561179 1.784320 -0.000008 -0.000682 0.000024
 31   2.121290 -0.561289 -1.853599 0.000000 0.000000 -0.000002
 32   -0.814395 -0.093824 3.127092 0.262921 -3.097582 -0.334816
 33   14.298673 -0.408176 0.471578 0.003687 -0.003117 -0.522469
 34   15.835795 0.581398 0.242756 -0.001271 0.032067 0.122292
 35   -0.815868 -0.091229 -3.114430 -0.132889 3.034913 -0.011455
 36   14.294526 -0.410349 -0.467541 -0.002676 0.001857 -0.384764
 37   15.834409 0.579420 -0.284600 -0.034128 0.026558 0.304555
 38   1.139685 -3.453749 -2.823813 0.000000 0.000000 0.000001
 39   -4.457742 -1.054854 -0.746180 0.000000 0.000000 0.000000
 40   1.118101 -3.449769 3.237290 0.000000 0.000001 0.000000
 41   -4.433840 -1.059130 0.959566 -0.000001 0.000000 0.000000
 42   -0.657468 1.697302 -2.688614 0.000000 0.000002 0.000000
 43   -0.664068 1.698578 2.869377 0.000000 0.000002 0.000000
time 19
  0   0.009046 4.281381 1.527761 0.000000 0.000000 -1.571449
  1   -1.093036 0.000002 -0.326057 -0.214066 -1.569082 -1.356583
  2   2.262337 0.113614 0.064702 -0.020101 -0.102707 0.193454
  3   2.380047 0.353302 0.047440 0.103942 -0.006164 0.060543
  4   2.033756 0.190472 -0.000128 0.117451 -0.020350 0.172982
  5   2.451511 0.204909 -0.003447 -0.138715 0.014434 0.103433
  6   7.247600 -0.397300 -0.109469 0.000001 0.000009 0.052298
  7   -2.022252 -0.104661 3.136172 0.914683 -1.249897 -4.084156
  8   1.168026 -0.537438 -0.063437 0.134959 0.659184 -0.323134
  9   6.790376 -0.619176 0.015206 0.637248 -0.263108 -1.506483
 10   8.637599 0.544015 -0.090417 -1.995906 -0.171602 -0.530260
 11   6.790465 -0.619039 0.017802 0.413573 -0.300338 -1.052480
 12   -2.022474 -0.104699 -2.873818 0.839033 1.276005 -2.481872
 13   1.167898 -0.537463 0.063297 0.060877 -1.207588 -0.576140
 14   7.002743 -0.617765 -0.183752 -0.206891 0.496719 -2.079302
 15   8.209042 0.615527 -0.255885 1.330438 0.064929 -0.311398
 16   7.002735 -0.617911 -0.183641 -0.011831 0.418324 -1.422584
 17   1.574674 0.609930 -0.000899 0.278338 -0.179600 0.547976
 18   -0.602177 0.511412 -0.000006 0.000000 0.000000 0.000000
 19   3.673773 0.177020 1.119313 -0.000002 -0.000014 -0.174510
 20   3.673767 0.176993 -1.117566 0.000007 -0.000003 -0.174546
 21   3.942357 1.334540 1.627658 0.000002 -0.000011 -0.000026
 22   -0.246060 -0.011889 0.516521 -0.000011 0.000031 0.000025
 23   3.942374 1.334565 -1.631083 0.000019 0.000002 -0.000024
 24   -0.246150 -0.011872 -0.516511 -0.000005 -0.000006 0.000048
 25   4.941364 1.997338 1.629330 0.000018 -0.000001 -0.000024
 26   4.941382 1.997366 -1.629410 -0.000001 0.000005 -0.000024
 27   2.914462 1.619264 1.514501 -0.000019 -0.000022 -0.000050
 28   2.916892 1.618870 -1.501142 -0.000002 -0.000009 -0.000024
 29   8.824059 0.150544 0.091743 0.000006 -0.000231 -0.174534
 30   2.111085 -0.561179 1.784320 -0.000008 -0.000682 0.000024
 31   2.121290 -0.561289 -1.853599 0.000000 0.000000 -0.000002
 32   -0.814395 -0.093824 3.127092 0.262921 -3.097582 -0.334816
 33   14.298673 -0.408176 0.471578 0.003687 -0.003117 -0.522469
 34   15.835795 0.581398 0.242756 -0.001271 0.032067 0.122292
 35   -0.815868 -0.091229 -3.114430 -0.132889 3.034913 -0.011455
 36   14.294526 -0.410349 -0.467541 -0.002676 0.001857 -0.384764
 37   15.834409 0.579420 -0.284600 -0.034128 0.026558 0.304555
 38   1.139685 -3.453749 -2.823813 0.000000 0.000000 0.000001
 39   -4.457742 -1.054854 -0.746180 0.000000 0.000000 0.000000
 40   1.118101 -3.449769 3.237290 0.000000 0.000001 0.000000
 41   -4.433840 -1.059130 0.959566 -0.000001 0.000000 0.000000
 42   -0.657468 1.697302 -2.688614 0.000000 0.000002 0.000000
 43   -0.664068 1.698578 2.869377 0.000000 0.000002 0.000000
time 20
  0   0.009046 4.281381 1.527761 0.000000 0.000000 -1.571449
  1   -1.093036 0.000002 -0.326057 -0.214066 -1.569082 -1.356583
  2   2.262337 0.113614 0.064702 -0.020101 -0.102707 0.193454
  3   2.380047 0.353302 0.047440 0.109357 -0.006512 0.060543
  4   2.033756 0.190472 -0.000128 0.132647 -0.022998 0.172656
  5   2.451511 0.204909 -0.003447 -0.138715 0.014434 0.103433
  6   7.247600 -0.397300 -0.109469 0.000001 0.000009 0.052298
  7   -2.022252 -0.104661 3.136172 0.914683 -1.249897 -4.084156
  8   1.168026 -0.537438 -0.063437 0.172610 0.671360 -0.280117
  9   6.790376 -0.619176 0.015206 0.633975 -0.253964 -1.527463
 10   8.637599 0.544015 -0.090417 -1.995906 -0.171602 -0.530260
 11   6.790465 -0.619039 0.017802 0.412756 -0.295022 -1.068341
 12   -2.022474 -0.104699 -2.873818 0.839033 1.276005 -2.481872
 13   1.167898 -0.537463 0.063297 0.060877 -1.207588 -0.568089
 14   7.002743 -0.617765 -0.183752 -0.214179 0.504498 -2.092255
 15   8.209042 0.615527 -0.255885 1.323032 0.087702 -0.311999
 16   7.002735 -0.617911 -0.183641 -0.013714 0.426050 -1.429428
 17   1.574674 0.609930 -0.000899 0.292433 -0.185351 0.554260
 18   -0.602177 0.511412 -0.000006 0.000000 0.000000 0.000000
 19   3.673773 0.177020 1.119313 -0.000002 -0.000014 -0.174510
 20   3.673767 0.176993 -1.117566 0.000007 -0.000003 -0.174546
 21   3.942357 1.334540 1.627658 0.000002 -0.000011 -0.000026
 22   -0.246060 -0.011889 0.516521 -0.000011 0.000031 0.000025
 23   3.942374 1.334565 -1.631083 0.000019 0.000002 -0.000024
 24   -0.246150 -0.011872 -0.516511 -0.000005 -0.000006 0.000048
 25   4.941364 1.997338 1.629330 0.000018 -0.000001 -0.000024
 26   4.941382 1.997366 -1.629410 -0.000001 0.000005 -0.000024
 27   2.914462 1.619264 1.514501 -0.000019 -0.000022 -0.000050
 28   2.916892 1.618870 -1.501142 -0.000002 -0.000009 -0.000024
 29   8.824059 0.150544 0.091743 0.000006 -0.000231 -0.174534
 30   2.111085 -0.561179 1.784320 -0.000008 -0.000682 0.000024
 31   2.121290 -0.561289 -1.853599 0.000000 0.000000 -0.000002
 32   -0.814395 -0.093824 3.127092 0.262921 -3.097582 -0.334816
 33   14.298673 -0.408176 0.471578 0.003687 -0.003117 -0.522469
 34   15.835795 0.581398 0.242756 -0.001271 0.032067 0.122292
 35   -0.815868 -0.091229 -3.114430 -0.132889 3.034913 -0.011455
 36   14.294526 -0.410349 -0.467541 -0.002676 0.001857 -0.384764
 37   15.834409 0.579420 -0.284600 -0.034128 0.026558 0.304555
 38   1.139685 -3.453749 -2.823813 0.000000 0.000000 0.000001
 39   -4.457742 -1.054854 -0.746180 0.000000 0.000000 0.000000
 40   1.118101 -3.449769 3.237290 0.000000 0.000001 0.000000
 41   -4.433840 -1.059130 0.959566 -0.000001 0.000000 0.000000
 42   -0.657468 1.697302 -2.688614 0.000000 0.000002 0.000000
 43   -0.664068 1.698578 2.869377 0.000000 0.000002 0.000000
time 21
  0   0.009046 4.281381 1.527761 0.000000 0.000000 -1.571449
  1   -1.093036 0.000002 -0.326057 -0.214066 -1.569082 -1.356583
  2   2.262337 0.113614 0.064702 -0.020101 -0.102707 0.193454
  3   2.380047 0.353302 0.047440 0.114893 -0.006811 0.060502
  4   2.033756 0.190472 -0.000128 0.147936 -0.025671 0.172257
  5   2.451511 0.204909 -0.003447 -0.138715 0.014434 0.103433
  6   7.247600 -0.397300 -0.109469 0.000001 0.000009 0.052298
  7   -2.022252 -0.104661 3.136172 0.914683 -1.249897 -4.084156
  8   1.168026 -0.537438 -0.063437 0.211211 0.682228 -0.236151
  9   6.790376 -0.619176 0.015206 0.630479 -0.244821 -1.548443
 10   8.637599 0.544015 -0.090417 -1.995906 -0.171602 -0.530260
 11   6.790465 -0.619039 0.017802 0.411851 -0.289650 -1.084144
 12   -2.022474 -0.104699 -2.873818 0.839033 1.276005 -2.481872
 13   1.167898 -0.537463 0.063297 0.060877 -1.207588 -0.560098
 14   7.002743 -0.617765 -0.183752 -0.221523 0.512221 -2.105126
 15   8.209042 0.615527 -0.255885 1.315698 0.110400 -0.312721
 16   7.002735 -0.617911 -0.183641 -0.015738 0.433718 -1.436217
 17   1.574674 0.609930 -0.000899 0.306488 -0.191244 0.560395
 18   -0.602177 0.511412 -0.000006 0.000000 0.000000 0.000000
 19   3.673773 0.177020 1.119313 -0.000002 -0.000014 -0.174510
 20   3.673767 0.176993 -1.117566 0.000007 -0.000003 -0.174546
 21   3.942357 1.334540 1.627658 0.000002 -0.000011 -0.000026
 22   -0.246060 -0.011889 0.516521 -0.000011 0.000031 0.000025
 23   3.942374 1.334565 -1.631083 0.000019 0.000002 -0.000024
 24   -0.246150 -0.011872 -0.516511 -0.000005 -0.000006 0.000048
 25   4.941364 1.997338 1.629330 0.000018 -0.000001 -0.000024
 26   4.941382 1.997366 -1.629410 -0.000001 0.000005 -0.000024
 27   2.914462 1.619264 1.514501 -0.000019 -0.000022 -0.000050
 28   2.916892 1.618870 -1.501142 -0.000002 -0.000009 -0.000024
 29   8.824059 0.150544 0.091743 0.000006 -0.000231 -0.174534
 30   2.111085 -0.561179 1.784320 -0.000008 -0.000682 0.000024
 31   2.121290 -0.561289 -1.853599 0.000000 0.000000 -0.000002
 32   -0.814395 -0.093824 3.127092 0.262921 -3.097582 -0.334816
 33   14.298673 -0.408176 0.471578 0.003687 -0.003117 -0.522469
 34   15.835795 0.581398 0.242756 -0.001271 0.032067 0.122292
 35   -0.815868 -0.091229 -3.114430 -0.132889 3.034913 -0.011455
 36   14.294526 -0.410349 -0.467541 -0.002676 0.001857 -0.384764
 37   15.834409 0.579420 -0.284600 -0.034128 0.026558 0.304555
 38   1.139685 -3.453749 -2.823813 0.000000 0.000000 0.000001
 39   -4.457742 -1.054854 -0.746180 0.000000 0.000000 0.000000
 40   1.118101 -3.449769 3.237290 0.000000 0.000001 0.000000
 41   -4.433840 -1.059130 0.959566 -0.000001 0.000000 0.000000
 42   -0.657468 1.697302 -2.688614 0.000000 0.000002 0.000000
 43   -0.664068 1.698578 2.869377 0.000000 0.000002 0.000000
time 22
  0   0.009046 4.281381 1.527761 0.000000 0.000000 -1.571449
  1   -1.093036 0.000002 -0.326057 -0.214066 -1.569082 -1.356583
  2   2.262337 0.113614 0.064702 -0.020101 -0.102707 0.193454
  3   2.380047 0.353302 0.047440 0.120323 -0.007159 0.060461
  4   2.033756 0.190472 -0.000128 0.163151 -0.028308 0.171822
  5   2.451511 0.204909 -0.003447 -0.138715 0.014434 0.103433
  6   7.247600 -0.397300 -0.109469 0.000001 0.000009 0.052298
  7   -2.022252 -0.104661 3.136172 0.914683 -1.249897 -4.084156
  8   1.168026 -0.537438 -0.063437 0.250888 0.691838 -0.191173
  9   6.790376 -0.619176 0.015206 0.626818 -0.235811 -1.569272
 10   8.637599 0.544015 -0.090417 -1.995906 -0.171602 -0.530260
 11   6.790465 -0.619039 0.017802 0.410829 -0.284306 -1.100004
 12   -2.022474 -0.104699 -2.873818 0.839033 1.276005 -2.481872
 13   1.167898 -0.537463 0.063297 0.060877 -1.207588 -0.552168
 14   7.002743 -0.617765 -0.183752 -0.228981 0.519830 -2.118162
 15   8.209042 0.615527 -0.255885 1.308292 0.133173 -0.313623
 16   7.002735 -0.617911 -0.183641 -0.017809 0.441443 -1.443006
 17   1.574674 0.609930 -0.000899 0.320625 -0.197208 0.566346
 18   -0.602177 0.511412 -0.000006 0.000000 0.000000 0.000000
 19   3.673773 0.177020 1.119313 -0.000002 -0.000014 -0.174510
 20   3.673767 0.176993 -1.117566 0.000007 -0.000003 -0.174546
 21   3.942357 1.334540 1.627658 0.000002 -0.000011 -0.000026
 22   -0.246060 -0.011889 0.516521 -0.000011 0.000031 0.000025
 23   3.942374 1.334565 -1.631083 0.000019 0.000002 -0.000024
 24   -0.246150 -0.011872 -0.516511 -0.000005 -0.000006 0.000048
 25   4.941364 1.997338 1.629330 0.000018 -0.000001 -0.000024
 26   4.941382 1.997366 -1.629410 -0.000001 0.000005 -0.000024
 27   2.914462 1.619264 1.514501 -0.000019 -0.000022 -0.000050
 28   2.916892 1.618870 -1.501142 -0.000002 -0.000009 -0.000024
 29   8.824059 0.150544 0.091743 0.000006 -0.000231 -0.174534
 30   2.111085 -0.561179 1.784320 -0.000008 -0.000682 0.000024
 31   2.121290 -0.561289 -1.853599 0.000000 0.000000 -0.000002
 32   -0.814395 -0.093824 3.127092 0.262921 -3.097582 -0.334816
 33   14.298673 -0.408176 0.471578 0.003687 -0.003117 -0.522469
 34   15.835795 0.581398 0.242756 -0.001271 0.032067 0.122292
 35   -0.815868 -0.091229 -3.114430 -0.132889 3.034913 -0.011455
 36   14.294526 -0.410349 -0.467541 -0.002676 0.001857 -0.384764
 37   15.834409 0.579420 -0.284600 -0.034128 0.026558 0.304555
 38   1.139685 -3.453749 -2.823813 0.000000 0.000000 0.000001
 39   -4.457742 -1.054854 -0.746180 0.000000 0.000000 0.000000
 40   1.118101 -3.449769 3.237290 0.000000 0.000001 0.000000
 41   -4.433840 -1.059130 0.959566 -0.000001 0.000000 0.000000
 42   -0.657468 1.697302 -2.688614 0.000000 0.000002 0.000000
 43   -0.664068 1.698578 2.869377 0.000000 0.000002 0.000000
time 23
  0   0.009046 4.281381 1.527761 0.000000 0.000000 -1.571449
  1   -1.093036 0.000002 -0.326057 -0.214066 -1.569082 -1.356583
  2   2.262337 0.113614 0.064702 -0.020101 -0.102707 0.193454
  3   2.380047 0.353302 0.047440 0.125813 -0.007459 0.060400
  4   2.033756 0.190472 -0.000128 0.178403 -0.030944 0.171314
  5   2.451511 0.204909 -0.003447 -0.138715 0.014434 0.103433
  6   7.247600 -0.397300 -0.109469 0.000001 0.000009 0.052298
  7   -2.022252 -0.104661 3.136172 0.914683 -1.249897 -4.084156
  8   1.168026 -0.537438 -0.063437 0.291261 0.699989 -0.145309
  9   6.790376 -0.619176 0.015206 0.623045 -0.226801 -1.590252
 10   8.637599 0.544015 -0.090417 -1.995906 -0.171602 -0.530260
 11   6.790465 -0.619039 0.017802 0.409720 -0.278990 -1.115749
 12   -2.022474 -0.104699 -2.873818 0.839033 1.276005 -2.481872
 13   1.167898 -0.537463 0.063297 0.060877 -1.207588 -0.544238
 14   7.002743 -0.617765 -0.183752 -0.236610 0.527269 -2.131363
 15   8.209042 0.615527 -0.255885 1.300814 0.155871 -0.314766
 16   7.002735 -0.617911 -0.183641 -0.019928 0.449112 -1.449849
 17   1.574674 0.609930 -0.000899 0.334639 -0.203243 0.572297
 18   -0.602177 0.511412 -0.000006 0.000000 0.000000 0.000000
 19   3.673773 0.177020 1.119313 -0.000002 -0.000014 -0.174510
 20   3.673767 0.176993 -1.117566 0.000007 -0.000003 -0.174546
 21   3.942357 1.334540 1.627658 0.000002 -0.000011 -0.000026
 22   -0.246060 -0.011889 0.516521 -0.000011 0.000031 0.000025
 23   3.942374 1.334565 -1.631083 0.000019 0.000002 -0.000024
 24   -0.246150 -0.011872 -0.516511 -0.000005 -0.000006 0.000048
 25   4.941364 1.997338 1.629330 0.000018 -0.000001 -0.000024
 26   4.941382 1.997366 -1.629410 -0.000001 0.000005 -0.000024
 27   2.914462 1.619264 1.514501 -0.000019 -0.000022 -0.000050
 28   2.916892 1.618870 -1.501142 -0.000002 -0.000009 -0.000024
 29   8.824059 0.150544 0.091743 0.000006 -0.000231 -0.174534
 30   2.111085 -0.561179 1.784320 -0.000008 -0.000682 0.000024
 31   2.121290 -0.561289 -1.853599 0.000000 0.000000 -0.000002
 32   -0.814395 -0.093824 3.127092 0.262921 -3.097582 -0.334816
 33   14.298673 -0.408176 0.471578 0.003687 -0.003117 -0.522469
 34   15.835795 0.581398 0.242756 -0.001271 0.032067 0.122292
 35   -0.815868 -0.091229 -3.114430 -0.132889 3.034913 -0.011455
 36   14.294526 -0.410349 -0.467541 -0.002676 0.001857 -0.384764
 37   15.834409 0.579420 -0.284600 -0.034128 0.026558 0.304555
 38   1.139685 -3.453749 -2.823813 0.000000 0.000000 0.000001
 39   -4.457742 -1.054854 -0.746180 0.000000 0.000000 0.000000
 40   1.118101 -3.449769 3.237290 0.000000 0.000001 0.000000
 41   -4.433840 -1.059130 0.959566 -0.000001 0.000000 0.000000
 42   -0.657468 1.697302 -2.688614 0.000000 0.000002 0.000000
 43   -0.664068 1.698578 2.869377 0.000000 0.000002 0.000000
time 24
  0   0.009046 4.281381 1.527761 0.000000 0.000000 -1.571449
  1   -1.093036 0.000002 -0.326057 -0.214066 -1.569082 -1.356583
  2   2.262337 0.113614 0.064702 -0.020101 -0.102707 0.193454
  3   2.380047 0.353302 0.047440 0.131349 -0.007782 0.060359
  4   2.033756 0.190472 -0.000128 0.193655 -0.033605 0.170771
  5   2.451511 0.204909 -0.003447 -0.138715 0.014434 0.103433
  6   7.247600 -0.397300 -0.109469 0.000001 0.000009 0.052298
  7   -2.022252 -0.104661 3.136172 0.914683 -1.249897 -4.084156
  8   1.168026 -0.537438 -0.063437 0.332077 0.706580 -0.098623
  9   6.790376 -0.619176 0.015206 0.618940 -0.217991 -1.611081
 10   8.637599 0.544015 -0.090417 -1.995906 -0.171602 -0.530260
 11   6.790465 -0.619039 0.017802 0.408435 -0.273646 -1.131552
 12   -2.022474 -0.104699 -2.873818 0.839033 1.276005 -2.481872
 13   1.167898 -0.537463 0.063297 0.060877 -1.207588 -0.536187
 14   7.002743 -0.617765 -0.183752 -0.244467 0.534764 -2.144646
 15   8.209042 0.615527 -0.255885 1.293120 0.178645 -0.315908
 16   7.002735 -0.617911 -0.183641 -0.022140 0.456837 -1.456749
 17   1.574674 0.609930 -0.000899 0.348694 -0.209349 0.578173
 18   -0.602177 0.511412 -0.000006 0.000000 0.000000 0.000000
 19   3.673773 0.177020 1.119313 -0.000002 -0.000014 -0.174510
 20   3.673767 0.176993 -1.117566 0.000007 -0.000003 -0.174546
 21   3.942357 1.334540 1.627658 0.000002 -0.000011 -0.000026
 22   -0.246060 -0.011889 0.516521 -0.000011 0.000031 0.000025
 23   3.942374 1.334565 -1.631083 0.000019 0.000002 -0.000024
 24   -0.246150 -0.011872 -0.516511 -0.000005 -0.000006 0.000048
 25   4.941364 1.997338 1.629330 0.000018 -0.000001 -0.000024
 26   4.941382 1.997366 -1.629410 -0.000001 0.000005 -0.000024
 27   2.914462 1.619264 1.514501 -0.000019 -0.000022 -0.000050
 28   2.916892 1.618870 -1.501142 -0.000002 -0.000009 -0.000024
 29   8.824059 0.150544 0.091743 0.000006 -0.000231 -0.174534
 30   2.111085 -0.561179 1.784320 -0.000008 -0.000682 0.000024
 31   2.121290 -0.561289 -1.853599 0.000000 0.000000 -0.000002
 32   -0.814395 -0.093824 3.127092 0.262921 -3.097582 -0.334816
 33   14.298673 -0.408176 0.471578 0.003687 -0.003117 -0.522469
 34   15.835795 0.581398 0.242756 -0.001271 0.032067 0.122292
 35   -0.815868 -0.091229 -3.114430 -0.132889 3.034913 -0.011455
 36   14.294526 -0.410349 -0.467541 -0.002676 0.001857 -0.384764
 37   15.834409 0.579420 -0.284600 -0.034128 0.026558 0.304555
 38   1.139685 -3.453749 -2.823813 0.000000 0.000000 0.000001
 39   -4.457742 -1.054854 -0.746180 0.000000 0.000000 0.000000
 40   1.118101 -3.449769 3.237290 0.000000 0.000001 0.000000
 41   -4.433840 -1.059130 0.959566 -0.000001 0.000000 0.000000
 42   -0.657468 1.697302 -2.688614 0.000000 0.000002 0.000000
 43   -0.664068 1.698578 2.869377 0.000000 0.000002 0.000000
time 25
  0   0.009046 4.281381 1.527761 0.000000 0.000000 -1.571449
  1   -1.093036 0.000002 -0.326057 -0.214066 -1.569082 -1.356583
  2   2.262337 0.113614 0.064702 -0.020101 -0.102707 0.193454
  3   2.380047 0.353302 0.047440 0.136779 -0.008130 0.060298
  4   2.033756 0.190472 -0.000128 0.208871 -0.036217 0.170191
  5   2.451511 0.204909 -0.003447 -0.138715 0.014434 0.103433
  6   7.247600 -0.397300 -0.109469 0.000001 0.000009 0.052298
  7   -2.022252 -0.104661 3.136172 0.914683 -1.249897 -4.084156
  8   1.168026 -0.537438 -0.063437 0.373589 0.711712 -0.051241
  9   6.790376 -0.619176 0.015206 0.614834 -0.209248 -1.632061
 10   8.637599 0.544015 -0.090417 -1.995906 -0.171602 -0.530260
 11   6.790465 -0.619039 0.017802 0.407063 -0.268274 -1.147182
 12   -2.022474 -0.104699 -2.873818 0.839033 1.276005 -2.481872
 13   1.167898 -0.537463 0.063297 0.060877 -1.207588 -0.528136
 14   7.002743 -0.617765 -0.183752 -0.252380 0.542033 -2.158177
 15   8.209042 0.615527 -0.255885 1.285571 0.201418 -0.317412
 16   7.002735 -0.617911 -0.183641 -0.024400 0.464506 -1.463758
 17   1.574674 0.609930 -0.000899 0.362708 -0.215526 0.584013
 18   -0.602177 0.511412 -0.000006 0.000000 0.000000 0.000000
 19   3.673773 0.177020 1.119313 -0.000002 -0.000014 -0.174510
 20   3.673767 0.176993 -1.117566 0.000007 -0.000003 -0.174546
 21   3.942357 1.334540 1.627658 0.000002 -0.000011 -0.000026
 22   -0.246060 -0.011889 0.516521 -0.000011 0.000031 0.000025
 23   3.942374 1.334565 -1.631083 0.000019 0.000002 -0.000024
 24   -0.246150 -0.011872 -0.516511 -0.000005 -0.000006 0.000048
 25   4.941364 1.997338 1.629330 0.000018 -0.000001 -0.000024
 26   4.941382 1.997366 -1.629410 -0.000001 0.000005 -0.000024
 27   2.914462 1.619264 1.514501 -0.000019 -0.000022 -0.000050
 28   2.916892 1.618870 -1.501142 -0.000002 -0.000009 -0.000024
 29   8.824059 0.150544 0.091743 0.000006 -0.000231 -0.174534
 30   2.111085 -0.561179 1.784320 -0.000008 -0.000682 0.000024
 31   2.121290 -0.561289 -1.853599 0.000000 0.000000 -0.000002
 32   -0.814395 -0.093824 3.127092 0.262921 -3.097582 -0.334816
 33   14.298673 -0.408176 0.471578 0.003687 -0.003117 -0.522469
 34   15.835795 0.581398 0.242756 -0.001271 0.032067 0.122292
 35   -0.815868 -0.091229 -3.114430 -0.132889 3.034913 -0.011455
 36   14.294526 -0.410349 -0.467541 -0.002676 0.001857 -0.384764
 37   15.834409 0.579420 -0.284600 -0.034128 0.026558 0.304555
 38   1.139685 -3.453749 -2.823813 0.000000 0.000000 0.000001
 39   -4.457742 -1.054854 -0.746180 0.000000 0.000000 0.000000
 40   1.118101 -3.449769 3.237290 0.000000 0.000001 0.000000
 41   -4.433840 -1.059130 0.959566 -0.000001 0.000000 0.000000
 42   -0.657468 1.697302 -2.688614 0.000000 0.000002 0.000000
 43   -0.664068 1.698578 2.869377 0.000000 0.000002 0.000000
time 26
  0   0.009046 4.281381 1.527761 0.000000 0.000000 -1.571449
  1   -1.093036 0.000002 -0.326057 -0.214066 -1.569082 -1.356583
  2   2.262337 0.113614 0.064702 -0.020101 -0.102707 0.193454
  3   2.380047 0.353302 0.047440 0.142315 -0.008441 0.060257
  4   2.033756 0.190472 -0.000128 0.224123 -0.038866 0.169611
  5   2.451511 0.204909 -0.003447 -0.138715 0.014434 0.103433
  6   7.247600 -0.397300 -0.109469 0.000001 0.000009 0.052298
  7   -2.022252 -0.104661 3.136172 0.914683 -1.249897 -4.084156
  8   1.168026 -0.537438 -0.063437 0.415291 0.715385 -0.003606
  9   6.790376 -0.619176 0.015206 0.610396 -0.200439 -1.652890
 10   8.637599 0.544015 -0.090417 -1.995906 -0.171602 -0.530260
 11   6.790465 -0.619039 0.017802 0.405574 -0.262987 -1.162870
 12   -2.022474 -0.104699 -2.873818 0.839033 1.276005 -2.481872
 13   1.167898 -0.537463 0.063297 0.060877 -1.207588 -0.520206
 14   7.002743 -0.617765 -0.183752 -0.260465 0.549358 -2.171708
 15   8.209042 0.615527 -0.255885 1.278021 0.224116 -0.318975
 16   7.002735 -0.617911 -0.183641 -0.026707 0.472231 -1.470712
 17   1.574674 0.609930 -0.000899 0.376642 -0.221822 0.589779
 18   -0.602177 0.511412 -0.000006 0.000000 0.000000 0.000000
 19   3.673773 0.177020 1.119313 -0.000002 -0.000014 -0.174510
 20   3.673767 0.176993 -1.117566 0.000007 -0.000003 -0.174546
 21   3.942357 1.334540 1.627658 0.000002 -0.000011 -0.000026
 22   -0.246060 -0.011889 0.516521 -0.000011 0.000031 0.000025
 23   3.942374 1.334565 -1.631083 0.000019 0.000002 -0.000024
 24   -0.246150 -0.011872 -0.516511 -0.000005 -0.000006 0.000048
 25   4.941364 1.997338 1.629330 0.000018 -0.000001 -0.000024
 26   4.941382 1.997366 -1.629410 -0.000001 0.000005 -0.000024
 27   2.914462 1.619264 1.514501 -0.000019 -0.000022 -0.000050
 28   2.916892 1.618870 -1.501142 -0.000002 -0.000009 -0.000024
 29   8.824059 0.150544 0.091743 0.000006 -0.000231 -0.174534
 30   2.111085 -0.561179 1.784320 -0.000008 -0.000682 0.000024
 31   2.121290 -0.561289 -1.853599 0.000000 0.000000 -0.000002
 32   -0.814395 -0.093824 3.127092 0.262921 -3.097582 -0.334816
 33   14.298673 -0.408176 0.471578 0.003687 -0.003117 -0.522469
 34   15.835795 0.581398 0.242756 -0.001271 0.032067 0.122292
 35   -0.815868 -0.091229 -3.114430 -0.132889 3.034913 -0.011455
 36   14.294526 -0.410349 -0.467541 -0.002676 0.001857 -0.384764
 37   15.834409 0.579420 -0.284600 -0.034128 0.026558 0.304555
 38   1.139685 -3.453749 -2.823813 0.000000 0.000000 0.000001
 39   -4.457742 -1.054854 -0.746180 0.000000 0.000000 0.000000
 40   1.118101 -3.449769 3.237290 0.000000 0.000001 0.000000
 41   -4.433840 -1.059130 0.959566 -0.000001 0.000000 0.000000
 42   -0.657468 1.697302 -2.688614 0.000000 0.000002 0.000000
 43   -0.664068 1.698578 2.869377 0.000000 0.000002 0.000000
time 27
  0   0.009046 4.281381 1.527761 0.000000 0.000000 -1.571449
  1   -1.093036 0.000002 -0.326057 -0.214066 -1.569082 -1.356583
  2   2.262337 0.113614 0.064702 -0.020101 -0.102707 0.193454
  3   2.380047 0.353302 0.047440 0.147790 -0.008789 0.060196
  4   2.033756 0.190472 -0.000128 0.239375 -0.041503 0.169031
  5   2.451511 0.204909 -0.003447 -0.138715 0.014434 0.103433
  6   7.247600 -0.397300 -0.109469 0.000001 0.000009 0.052298
  7   -2.022252 -0.104661 3.136172 0.914683 -1.249897 -4.084156
  8   1.168026 -0.537438 -0.063437 0.457246 0.717599 0.044346
  9   6.790376 -0.619176 0.015206 0.605902 -0.191829 -1.673643
 10   8.637599 0.544015 -0.090417 -1.995906 -0.171602 -0.530260
 11   6.790465 -0.619039 0.017802 0.403997 -0.257643 -1.178442
 12   -2.022474 -0.104699 -2.873818 0.839033 1.276005 -2.481872
 13   1.167898 -0.537463 0.063297 0.060877 -1.207588 -0.512215
 14   7.002743 -0.617765 -0.183752 -0.268720 0.556513 -2.185404
 15   8.209042 0.615527 -0.255885 1.270111 0.246814 -0.320839
 16   7.002735 -0.617911 -0.183641 -0.029061 0.479957 -1.477667
 17   1.574674 0.609930 -0.000899 0.390656 -0.228141 0.595434
 18   -0.602177 0.511412 -0.000006 0.000000 0.000000 0.000000
 19   3.673773 0.177020 1.119313 -0.000002 -0.000014 -0.174510
 20   3.673767 0.176993 -1.117566 0.000007 -0.000003 -0.174546
 21   3.942357 1.334540 1.627658 0.000002 -0.000011 -0.000026
 22   -0.246060 -0.011889 0.516521 -0.000011 0.000031 0.000025
 23   3.942374 1.334565 -1.631083 0.000019 0.000002 -0.000024
 24   -0.246150 -0.011872 -0.516511 -0.000005 -0.000006 0.000048
 25   4.941364 1.997338 1.629330 0.000018 -0.000001 -0.000024
 26   4.941382 1.997366 -1.629410 -0.000001 0.000005 -0.000024
 27   2.914462 1.619264 1.514501 -0.000019 -0.000022 -0.000050
 28   2.916892 1.618870 -1.501142 -0.000002 -0.000009 -0.000024
 29   8.824059 0.150544 0.091743 0.000006 -0.000231 -0.174534
 30   2.111085 -0.561179 1.784320 -0.000008 -0.000682 0.000024
 31   2.121290 -0.561289 -1.853599 0.000000 0.000000 -0.000002
 32   -0.814395 -0.093824 3.127092 0.262921 -3.097582 -0.334816
 33   14.298673 -0.408176 0.471578 0.003687 -0.003117 -0.522469
 34   15.835795 0.581398 0.242756 -0.001271 0.032067 0.122292
 35   -0.815868 -0.091229 -3.114430 -0.132889 3.034913 -0.011455
 36   14.294526 -0.410349 -0.467541 -0.002676 0.001857 -0.384764
 37   15.834409 0.579420 -0.284600 -0.034128 0.026558 0.304555
 38   1.139685 -3.453749 -2.823813 0.000000 0.000000 0.000001
 39   -4.457742 -1.054854 -0.746180 0.000000 0.000000 0.000000
 40   1.118101 -3.449769 3.237290 0.000000 0.000001 0.000000
 41   -4.433840 -1.059130 0.959566 -0.000001 0.000000 0.000000
 42   -0.657468 1.697302 -2.688614 0.000000 0.000002 0.000000
 43   -0.664068 1.698578 2.869377 0.000000 0.000002 0.000000
time 28
  0   0.009046 4.281381 1.527761 0.000000 0.000000 -1.571449
  1   -1.093036 0.000002 -0.326057 -0.214066 -1.569082 -1.356583
  2   2.262337 0.113614 0.064702 -0.020101 -0.102707 0.193454
  3   2.380047 0.353302 0.047440 0.153205 -0.009100 0.060155
  4   2.033756 0.190472 -0.000128 0.254627 -0.044103 0.168415
  5   2.451511 0.204909 -0.003447 -0.138715 0.014434 0.103433
  6   7.247600 -0.397300 -0.109469 0.000001 0.000009 0.052298
  7   -2.022252 -0.104661 3.136172 0.914683 -1.249897 -4.084156
  8   1.168026 -0.537438 -0.063437 0.499644 0.718253 0.092930
  9   6.790376 -0.619176 0.015206 0.601242 -0.183353 -1.694472
 10   8.637599 0.544015 -0.090417 -1.995906 -0.171602 -0.530260
 11   6.790465 -0.619039 0.017802 0.402304 -0.252356 -1.194072
 12   -2.022474 -0.104699 -2.873818 0.839033 1.276005 -2.481872
 13   1.167898 -0.537463 0.063297 0.060877 -1.207588 -0.504285
 14   7.002743 -0.617765 -0.183752 -0.277089 0.563611 -2.199183
 15   8.209042 0.615527 -0.255885 1.262418 0.269512 -0.322824
 16   7.002735 -0.617911 -0.183641 -0.031509 0.487625 -1.484731
 17   1.574674 0.609930 -0.000899 0.404630 -0.234554 0.600941
 18   -0.602177 0.511412 -0.000006 0.000000 0.000000 0.000000
 19   3.673773 0.177020 1.119313 -0.000002 -0.000014 -0.174510
 20   3.673767 0.176993 -1.117566 0.000007 -0.000003 -0.174546
 21   3.942357 1.334540 1.627658 0.000002 -0.000011 -0.000026
 22   -0.246060 -0.011889 0.516521 -0.000011 0.000031 0.000025
 23   3.942374 1.334565 -1.631083 0.000019 0.000002 -0.000024
 24   -0.246150 -0.011872 -0.516511 -0.000005 -0.000006 0.000048
 25   4.941364 1.997338 1.629330 0.000018 -0.000001 -0.000024
 26   4.941382 1.997366 -1.629410 -0.000001 0.000005 -0.000024
 27   2.914462 1.619264 1.514501 -0.000019 -0.000022 -0.000050
 28   2.916892 1.618870 -1.501142 -0.000002 -0.000009 -0.000024
 29   8.824059 0.150544 0.091743 0.000006 -0.000231 -0.174534
 30   2.111085 -0.561179 1.784320 -0.000008 -0.000682 0.000024
 31   2.121290 -0.561289 -1.853599 0.000000 0.000000 -0.000002
 32   -0.814395 -0.093824 3.127092 0.262921 -3.097582 -0.334816
 33   14.298673 -0.408176 0.471578 0.003687 -0.003117 -0.522469
 34   15.835795 0.581398 0.242756 -0.001271 0.032067 0.122292
 35   -0.815868 -0.091229 -3.114430 -0.132889 3.034913 -0.011455
 36   14.294526 -0.410349 -0.467541 -0.002676 0.001857 -0.384764
 37   15.834409 0.579420 -0.284600 -0.034128 0.026558 0.304555
 38   1.139685 -3.453749 -2.823813 0.000000 0.000000 0.000001
 39   -4.457742 -1.054854 -0.746180 0.000000 0.000000 0.000000
 40   1.118101 -3.449769 3.237290 0.000000 0.000001 0.000000
 41   -4.433840 -1.059130 0.959566 -0.000001 0.000000 0.000000
 42   -0.657468 1.697302 -2.688614 0.000000 0.000002 0.000000
 43   -0.664068 1.698578 2.869377 0.000000 0.000002 0.000000
time 29
  0   0.009046 4.281381 1.527761 0.000000 0.000000 -1.571449
  1   -1.093036 0.000002 -0.326057 -0.214066 -1.569082 -1.356583
  2   2.262337 0.113614 0.064702 -0.020101 -0.102707 0.193454
  3   2.380047 0.353302 0.047440 0.158726 -0.009460 0.060094
  4   2.033756 0.190472 -0.000128 0.269879 -0.046740 0.167798
  5   2.451511 0.204909 -0.003447 -0.138715 0.014434 0.103433
  6   7.247600 -0.397300 -0.109469 0.000001 0.000009 0.052298
  7   -2.022252 -0.104661 3.136172 0.914683 -1.249897 -4.084156
  8   1.168026 -0.537438 -0.063437 0.541978 0.717448 0.141577
  9   6.790376 -0.619176 0.015206 0.596249 -0.174944 -1.715301
 10   8.637599 0.544015 -0.090417 -1.995906 -0.171602 -0.530260
 11   6.790465 -0.619039 0.017802 0.400494 -0.247012 -1.209644
 12   -2.022474 -0.104699 -2.873818 0.839033 1.276005 -2.481872
 13   1.167898 -0.537463 0.063297 0.060877 -1.207588 -0.496234
 14   7.002743 -0.617765 -0.183752 -0.285515 0.570596 -2.213208
 15   8.209042 0.615527 -0.255885 1.254365 0.292285 -0.325049
 16   7.002735 -0.617911 -0.183641 -0.034004 0.495351 -1.491851
 17   1.574674 0.609930 -0.000899 0.418522 -0.241063 0.606486
 18   -0.602177 0.511412 -0.000006 0.000000 0.000000 0.000000
 19   3.673773 0.177020 1.119313 -0.000002 -0.000014 -0.174510
 20   3.673767 0.176993 -1.117566 0.000007 -0.000003 -0.174546
 21   3.942357 1.334540 1.627658 0.000002 -0.000011 -0.000026
 22   -0.246060 -0.011889 0.516521 -0.000011 0.000031 0.000025
 23   3.942374 1.334565 -1.631083 0.000019 0.000002 -0.000024
 24   -0.246150 -0.011872 -0.516511 -0.000005 -0.000006 0.000048
 25   4.941364 1.997338 1.629330 0.000018 -0.000001 -0.000024
 26   4.941382 1.997366 -1.629410 -0.000001 0.000005 -0.000024
 27   2.914462 1.619264 1.514501 -0.000019 -0.000022 -0.000050
 28   2.916892 1.618870 -1.501142 -0.000002 -0.000009 -0.000024
 29   8.824059 0.150544 0.091743 0.000006 -0.000231 -0.174534
 30   2.111085 -0.561179 1.784320 -0.000008 -0.000682 0.000024
 31   2.121290 -0.561289 -1.853599 0.000000 0.000000 -0.000002
 32   -0.814395 -0.093824 3.127092 0.262921 -3.097582 -0.334816
 33   14.298673 -0.408176 0.471578 0.003687 -0.003117 -0.522469
 34   15.835795 0.581398 0.242756 -0.001271 0.032067 0.122292
 35   -0.815868 -0.091229 -3.114430 -0.132889 3.034913 -0.011455
 36   14.294526 -0.410349 -0.467541 -0.002676 0.001857 -0.384764
 37   15.834409 0.579420 -0.284600 -0.034128 0.026558 0.304555
 38   1.139685 -3.453749 -2.823813 0.000000 0.000000 0.000001
 39   -4.457742 -1.054854 -0.746180 0.000000 0.000000 0.000000
 40   1.118101 -3.449769 3.237290 0.000000 0.000001 0.000000
 41   -4.433840 -1.059130 0.959566 -0.000001 0.000000 0.000000
 42   -0.657468 1.697302 -2.688614 0.000000 0.000002 0.000000
 43   -0.664068 1.698578 2.869377 0.000000 0.000002 0.000000
time 30
  0   0.009046 4.281381 1.527761 0.000000 0.000000 -1.571449
  1   -1.093036 0.000002 -0.326057 -0.214066 -1.569082 -1.356583
  2   2.262337 0.113614 0.064702 -0.020101 -0.102707 0.193454
  3   2.380047 0.353302 0.047440 0.164141 -0.009784 0.060053
  4   2.033756 0.190472 -0.000128 0.285112 -0.049305 0.167073
  5   2.451511 0.204909 -0.003447 -0.138715 0.014434 0.103433
  6   7.247600 -0.397300 -0.109469 0.000001 0.000009 0.052298
  7   -2.022252 -0.104661 3.136172 0.914683 -1.249897 -4.084156
  8   1.168026 -0.537438 -0.063437 0.583933 0.715033 0.189908
  9   6.790376 -0.619176 0.015206 0.591200 -0.166601 -1.736130
 10   8.637599 0.544015 -0.090417 -1.995906 -0.171602 -0.530260
 11   6.790465 -0.619039 0.017802 0.398567 -0.241725 -1.225159
 12   -2.022474 -0.104699 -2.873818 0.839033 1.276005 -2.481872
 13   1.167898 -0.537463 0.063297 0.060877 -1.207588 -0.488304
 14   7.002743 -0.617765 -0.183752 -0.294283 0.577466 -2.227234
 15   8.209042 0.615527 -0.255885 1.246240 0.314983 -0.327515
 16   7.002735 -0.617911 -0.183641 -0.036593 0.503019 -1.498971
 17   1.574674 0.609930 -0.000899 0.432455 -0.247618 0.611845
 18   -0.602177 0.511412 -0.000006 0.000000 0.000000 0.000000
 19   3.673773 0.177020 1.119313 -0.000002 -0.000014 -0.174510
 20   3.673767 0.176993 -1.117566 0.000007 -0.000003 -0.174546
 21   3.942357 1.334540 1.627658 0.000002 -0.000011 -0.000026
 22   -0.246060 -0.011889 0.516521 -0.000011 0.000031 0.000025
 23   3.942374 1.334565 -1.631083 0.000019 0.000002 -0.000024
 24   -0.246150 -0.011872 -0.516511 -0.000005 -0.000006 0.000048
 25   4.941364 1.997338 1.629330 0.000018 -0.000001 -0.000024
 26   4.941382 1.997366 -1.629410 -0.000001 0.000005 -0.000024
 27   2.914462 1.619264 1.514501 -0.000019 -0.000022 -0.000050
 28   2.916892 1.618870 -1.501142 -0.000002 -0.000009 -0.000024
 29   8.824059 0.150544 0.091743 0.000006 -0.000231 -0.174534
 30   2.111085 -0.561179 1.784320 -0.000008 -0.000682 0.000024
 31   2.121290 -0.561289 -1.853599 0.000000 0.000000 -0.000002
 32   -0.814395 -0.093824 3.127092 0.262921 -3.097582 -0.334816
 33   14.298673 -0.408176 0.471578 0.003687 -0.003117 -0.522469
 34   15.835795 0.581398 0.242756 -0.001271 0.032067 0.122292
 35   -0.815868 -0.091229 -3.114430 -0.132889 3.034913 -0.011455
 36   14.294526 -0.410349 -0.467541 -0.002676 0.001857 -0.384764
 37   15.834409 0.579420 -0.284600 -0.034128 0.026558 0.304555
 38   1.139685 -3.453749 -2.823813 0.000000 0.000000 0.000001
 39   -4.457742 -1.054854 -0.746180 0.000000 0.000000 0.000000
 40   1.118101 -3.449769 3.237290 0.000000 0.000001 0.000000
 41   -4.433840 -1.059130 0.959566 -0.000001 0.000000 0.000000
 42   -0.657468 1.697302 -2.688614 0.000000 0.000002 0.000000
 43   -0.664068 1.698578 2.869377 0.000000 0.000002 0.000000
time 31
  0   0.009046 4.281381 1.527761 0.000000 0.000000 -1.571449
  1   -1.093036 0.000002 -0.326057 -0.214066 -1.569082 -1.356583
  2   2.262337 0.113614 0.064702 -0.020101 -0.102707 0.193454
  3   2.380047 0.353302 0.047440 0.170486 -0.010143 0.059992
  4   2.033756 0.190472 -0.000128 0.302835 -0.052301 0.166095
  5   2.451511 0.204909 -0.003447 -0.138715 0.014434 0.103433
  6   7.247600 -0.397300 -0.109469 0.000001 0.000009 0.052298
  7   -2.022252 -0.104661 3.136172 0.914683 -1.249897 -4.084156
  8   1.168026 -0.537438 -0.063437 0.632216 0.710404 0.245767
  9   6.790376 -0.619176 0.015206 0.585208 -0.157124 -1.760355
 10   8.637599 0.544015 -0.090417 -1.995906 -0.171602 -0.530260
 11   6.790465 -0.619039 0.017802 0.396172 -0.235642 -1.243153
 12   -2.022474 -0.104699 -2.873818 0.839033 1.276005 -2.481872
 13   1.167898 -0.537463 0.063297 0.060877 -1.207588 -0.478921
 14   7.002743 -0.617765 -0.183752 -0.304474 0.585246 -2.243735
 15   8.209042 0.615527 -0.255885 1.236749 0.341237 -0.330582
 16   7.002735 -0.617911 -0.183641 -0.039653 0.511985 -1.507250
 17   1.574674 0.609930 -0.000899 0.448541 -0.255334 0.618091
 18   -0.602177 0.511412 -0.000006 0.000000 0.000000 0.000000
 19   3.673773 0.177020 1.119313 -0.000002 -0.000014 -0.174510
 20   3.673767 0.176993 -1.117566 0.000007 -0.000003 -0.174546
 21   3.942357 1.334540 1.627658 0.000002 -0.000011 -0.000026
 22   -0.246060 -0.011889 0.516521 -0.000011 0.000031 0.000025
 23   3.942374 1.334565 -1.631083 0.000019 0.000002 -0.000024
 24   -0.246150 -0.011872 -0.516511 -0.000005 -0.000006 0.000048
 25   4.941364 1.997338 1.629330 0.000018 -0.000001 -0.000024
 26   4.941382 1.997366 -1.629410 -0.000001 0.000005 -0.000024
 27   2.914462 1.619264 1.514501 -0.000019 -0.000022 -0.000050
 28   2.916892 1.618870 -1.501142 -0.000002 -0.000009 -0.000024
 29   8.824059 0.150544 0.091743 0.000006 -0.000231 -0.174534
 30   2.111085 -0.561179 1.784320 -0.000008 -0.000682 0.000024
 31   2.121290 -0.561289 -1.853599 0.000000 0.000000 -0.000002
 32   -0.814395 -0.093824 3.127092 0.262921 -3.097582 -0.334816
 33   14.298673 -0.408176 0.471578 0.003687 -0.003117 -0.522469
 34   15.835795 0.581398 0.242756 -0.001271 0.032067 0.122292
 35   -0.815868 -0.091229 -3.114430 -0.132889 3.034913 -0.011455
 36   14.294526 -0.410349 -0.467541 -0.002676 0.001857 -0.384764
 37   15.834409 0.579420 -0.284600 -0.034128 0.026558 0.304555
 38   1.139685 -3.453749 -2.823813 0.000000 0.000000 0.000001
 39   -4.457742 -1.054854 -0.746180 0.000000 0.000000 0.000000
 40   1.118101 -3.449769 3.237290 0.000000 0.000001 0.000000
 41   -4.433840 -1.059130 0.959566 -0.000001 0.000000 0.000000
 42   -0.657468 1.697302 -2.688614 0.000000 0.000002 0.000000
 43   -0.664068 1.698578 2.869377 0.000000 0.000002 0.000000
time 32
  0   0.009046 4.281381 1.527761 0.000000 0.000000 -1.571449
  1   -1.093036 0.000002 -0.326057 -0.214066 -1.569082 -1.356583
  2   2.262337 0.113614 0.064702 -0.020101 -0.102707 0.193454
  3   2.380047 0.353302 0.047440 0.178122 -0.010598 0.059890
  4   2.033756 0.190472 -0.000128 0.323989 -0.055788 0.165044
  5   2.451511 0.204909 -0.003447 -0.138715 0.014434 0.103433
  6   7.247600 -0.397300 -0.109469 0.000001 0.000009 0.052298
  7   -2.022252 -0.104661 3.136172 0.914683 -1.249897 -4.084156
  8   1.168026 -0.537438 -0.063437 0.688789 0.702202 0.311874
  9   6.790376 -0.619176 0.015206 0.577552 -0.145912 -1.789259
 10   8.637599 0.544015 -0.090417 -1.995906 -0.171602 -0.530260
 11   6.790465 -0.619039 0.017802 0.393107 -0.228365 -1.264493
 12   -2.022474 -0.104699 -2.873818 0.839033 1.276005 -2.481872
 13   1.167898 -0.537463 0.063297 0.060877 -1.207588 -0.467904
 14   7.002743 -0.617765 -0.183752 -0.316999 0.594502 -2.263784
 15   8.209042 0.615527 -0.255885 1.225388 0.372560 -0.334611
 16   7.002735 -0.617911 -0.183641 -0.043466 0.522586 -1.517185
 17   1.574674 0.609930 -0.000899 0.467877 -0.264659 0.625299
 18   -0.602177 0.511412 -0.000006 0.000000 0.000000 0.000000
 19   3.673773 0.177020 1.119313 -0.000002 -0.000014 -0.174510
 20   3.673767 0.176993 -1.117566 0.000007 -0.000003 -0.174546
 21   3.942357 1.334540 1.627658 0.000002 -0.000011 -0.000026
 22   -0.246060 -0.011889 0.516521 -0.000011 0.000031 0.000025
 23   3.942374 1.334565 -1.631083 0.000019 0.000002 -0.000024
 24   -0.246150 -0.011872 -0.516511 -0.000005 -0.000006 0.000048
 25   4.941364 1.997338 1.629330 0.000018 -0.000001 -0.000024
 26   4.941382 1.997366 -1.629410 -0.000001 0.000005 -0.000024
 27   2.914462 1.619264 1.514501 -0.000019 -0.000022 -0.000050
 28   2.916892 1.618870 -1.501142 -0.000002 -0.000009 -0.000024
 29   8.824059 0.150544 0.091743 0.000006 -0.000231 -0.174534
 30   2.111085 -0.561179 1.784320 -0.000008 -0.000682 0.000024
 31   2.121290 -0.561289 -1.853599 0.000000 0.000000 -0.000002
 32   -0.814395 -0.093824 3.127092 0.262921 -3.097582 -0.334816
 33   14.298673 -0.408176 0.471578 0.003687 -0.003117 -0.522469
 34   15.835795 0.581398 0.242756 -0.001271 0.032067 0.122292
 35   -0.815868 -0.091229 -3.114430 -0.132889 3.034913 -0.011455
 36   14.294526 -0.410349 -0.467541 -0.002676 0.001857 -0.384764
 37   15.834409 0.579420 -0.284600 -0.034128 0.026558 0.304555
 38   1.139685 -3.453749 -2.823813 0.000000 0.000000 0.000001
 39   -4.457742 -1.054854 -0.746180 0.000000 0.000000 0.000000
 40   1.118101 -3.449769 3.237290 0.000000 0.000001 0.000000
 41   -4.433840 -1.059130 0.959566 -0.000001 0.000000 0.000000
 42   -0.657468 1.697302 -2.688614 0.000000 0.000002 0.000000
 43   -0.664068 1.698578 2.869377 0.000000 0.000002 0.000000
time 33
  0   0.009046 4.281381 1.527761 0.000000 0.000000 -1.571449
  1   -1.093036 0.000002 -0.326057 -0.214066 -1.569082 -1.356583
  2   2.262337 0.113614 0.064702 -0.020101 -0.102707 0.193454
  3   2.380047 0.353302 0.047440 0.185187 -0.011054 0.059849
  4   2.033756 0.190472 -0.000128 0.343907 -0.059084 0.163884
  5   2.451511 0.204909 -0.003447 -0.138715 0.014434 0.103433
  6   7.247600 -0.397300 -0.109469 0.000001 0.000009 0.052298
  7   -2.022252 -0.104661 3.136172 0.914683 -1.249897 -4.084156
  8   1.168026 -0.537438 -0.063437 0.740932 0.691838 0.373047
  9   6.790376 -0.619176 0.015206 0.570173 -0.135634 -1.816503
 10   8.637599 0.544015 -0.090417 -1.995906 -0.171602 -0.530260
 11   6.790465 -0.619039 0.017802 0.390012 -0.221543 -1.284679
 12   -2.022474 -0.104699 -2.873818 0.839033 1.276005 -2.481872
 13   1.167898 -0.537463 0.063297 0.060877 -1.207588 -0.457492
 14   7.002743 -0.617765 -0.183752 -0.329182 0.602906 -2.282760
 15   8.209042 0.615527 -0.255885 1.214243 0.401992 -0.338820
 16   7.002735 -0.617911 -0.183641 -0.047138 0.532567 -1.526733
 17   1.574674 0.609930 -0.000899 0.485954 -0.273581 0.631952
 18   -0.602177 0.511412 -0.000006 0.000000 0.000000 0.000000
 19   3.673773 0.177020 1.119313 -0.000002 -0.000014 -0.174510
 20   3.673767 0.176993 -1.117566 0.000007 -0.000003 -0.174546
 21   3.942357 1.334540 1.627658 0.000002 -0.000011 -0.000026
 22   -0.246060 -0.011889 0.516521 -0.000011 0.000031 0.000025
 23   3.942374 1.334565 -1.631083 0.000019 0.000002 -0.000024
 24   -0.246150 -0.011872 -0.516511 -0.000005 -0.000006 0.000048
 25   4.941364 1.997338 1.629330 0.000018 -0.000001 -0.000024
 26   4.941382 1.997366 -1.629410 -0.000001 0.000005 -0.000024
 27   2.914462 1.619264 1.514501 -0.000019 -0.000022 -0.000050
 28   2.916892 1.618870 -1.501142 -0.000002 -0.000009 -0.000024
 29   8.824059 0.150544 0.091743 0.000006 -0.000231 -0.174534
 30   2.111085 -0.561179 1.784320 -0.000008 -0.000682 0.000024
 31   2.121290 -0.561289 -1.853599 0.000000 0.000000 -0.000002
 32   -0.814395 -0.093824 3.127092 0.262921 -3.097582 -0.334816
 33   14.298673 -0.408176 0.471578 0.003687 -0.003117 -0.522469
 34   15.835795 0.581398 0.242756 -0.001271 0.032067 0.122292
 35   -0.815868 -0.091229 -3.114430 -0.132889 3.034913 -0.011455
 36   14.294526 -0.410349 -0.467541 -0.002676 0.001857 -0.384764
 37   15.834409 0.579420 -0.284600 -0.034128 0.026558 0.304555
 38   1.139685 -3.453749 -2.823813 0.000000 0.000000 0.000001
 39   -4.457742 -1.054854 -0.746180 0.000000 0.000000 0.000000
 40   1.118101 -3.449769 3.237290 0.000000 0.000001 0.000000
 41   -4.433840 -1.059130 0.959566 -0.000001 0.000000 0.000000
 42   -0.657468 1.697302 -2.688614 0.000000 0.000002 0.000000
 43   -0.664068 1.698578 2.869377 0.000000 0.000002 0.000000
time 34
  0   0.009046 4.281381 1.527761 0.000000 0.000000 -1.571449
  1   -1.093036 0.000002 -0.326057 -0.214066 -1.569082 -1.356583
  2   2.262337 0.113614 0.064702 -0.020101 -0.102707 0.193454
  3   2.380047 0.353302 0.047440 0.189988 -0.011330 0.059788
  4   2.033756 0.190472 -0.000128 0.357167 -0.061229 0.163086
  5   2.451511 0.204909 -0.003447 -0.138715 0.014434 0.103433
  6   7.247600 -0.397300 -0.109469 0.000001 0.000009 0.052298
  7   -2.022252 -0.104661 3.136172 0.914683 -1.249897 -4.084156
  8   1.168026 -0.537438 -0.063437 0.774914 0.683636 0.412964
  9   6.790376 -0.619176 0.015206 0.565124 -0.128893 -1.834766
 10   8.637599 0.544015 -0.090417 -1.995906 -0.171602 -0.530260
 11   6.790465 -0.619039 0.017802 0.387881 -0.217052 -1.298117
 12   -2.022474 -0.104699 -2.873818 0.839033 1.276005 -2.481872
 13   1.167898 -0.537463 0.063297 0.060877 -1.207588 -0.450409
 14   7.002743 -0.617765 -0.183752 -0.337267 0.608471 -2.295466
 15   8.209042 0.615527 -0.255885 1.206549 0.421587 -0.341887
 16   7.002735 -0.617911 -0.183641 -0.049727 0.539277 -1.533135
 17   1.574674 0.609930 -0.000899 0.498018 -0.279545 0.636239
 18   -0.602177 0.511412 -0.000006 0.000000 0.000000 0.000000
 19   3.673773 0.177020 1.119313 -0.000002 -0.000014 -0.174510
 20   3.673767 0.176993 -1.117566 0.000007 -0.000003 -0.174546
 21   3.942357 1.334540 1.627658 0.000002 -0.000011 -0.000026
 22   -0.246060 -0.011889 0.516521 -0.000011 0.000031 0.000025
 23   3.942374 1.334565 -1.631083 0.000019 0.000002 -0.000024
 24   -0.246150 -0.011872 -0.516511 -0.000005 -0.000006 0.000048
 25   4.941364 1.997338 1.629330 0.000018 -0.000001 -0.000024
 26   4.941382 1.997366 -1.629410 -0.000001 0.000005 -0.000024
 27   2.914462 1.619264 1.514501 -0.000019 -0.000022 -0.000050
 28   2.916892 1.618870 -1.501142 -0.000002 -0.000009 -0.000024
 29   8.824059 0.150544 0.091743 0.000006 -0.000231 -0.174534
 30   2.111085 -0.561179 1.784320 -0.000008 -0.000682 0.000024
 31   2.121290 -0.561289 -1.853599 0.000000 0.000000 -0.000002
 32   -0.814395 -0.093824 3.127092 0.262921 -3.097582 -0.334816
 33   14.298673 -0.408176 0.471578 0.003687 -0.003117 -0.522469
 34   15.835795 0.581398 0.242756 -0.001271 0.032067 0.122292
 35   -0.815868 -0.091229 -3.114430 -0.132889 3.034913 -0.011455
 36   14.294526 -0.410349 -0.467541 -0.002676 0.001857 -0.384764
 37   15.834409 0.579420 -0.284600 -0.034128 0.026558 0.304555
 38   1.139685 -3.453749 -2.823813 0.000000 0.000000 0.000001
 39   -4.457742 -1.054854 -0.746180 0.000000 0.000000 0.000000
 40   1.118101 -3.449769 3.237290 0.000000 0.000001 0.000000
 41   -4.433840 -1.059130 0.959566 -0.000001 0.000000 0.000000
 42   -0.657468 1.697302 -2.688614 0.000000 0.000002 0.000000
 43   -0.664068 1.698578 2.869377 0.000000 0.000002 0.000000
time 35
  0   0.009046 4.281381 1.527761 0.000000 0.000000 -1.571449
  1   -1.093036 0.000002 -0.326057 -0.214066 -1.569082 -1.356583
  2   2.262337 0.113614 0.064702 -0.020101 -0.102707 0.193454
  3   2.380047 0.353302 0.047440 0.191533 -0.011401 0.059788
  4   2.033756 0.190472 -0.000128 0.361501 -0.061936 0.162833
  5   2.451511 0.204909 -0.003447 -0.138715 0.014434 0.103433
  6   7.247600 -0.397300 -0.109469 0.000001 0.000009 0.052298
  7   -2.022252 -0.104661 3.136172 0.914683 -1.249897 -4.084156
  8   1.168026 -0.537438 -0.063437 0.785798 0.680618 0.425869
  9   6.790376 -0.619176 0.015206 0.563516 -0.126691 -1.840728
 10   8.637599 0.544015 -0.090417 -1.995906 -0.171602 -0.530260
 11   6.790465 -0.619039 0.017802 0.387151 -0.215602 -1.302443
 12   -2.022474 -0.104699 -2.873818 0.839033 1.276005 -2.481872
 13   1.167898 -0.537463 0.063297 0.060877 -1.207588 -0.448230
 14   7.002743 -0.617765 -0.183752 -0.340057 0.610231 -2.299757
 15   8.209042 0.615527 -0.255885 1.204105 0.427943 -0.342910
 16   7.002735 -0.617911 -0.183641 -0.050527 0.541420 -1.535122
 17   1.574674 0.609930 -0.000899 0.501918 -0.281533 0.637718
 18   -0.602177 0.511412 -0.000006 0.000000 0.000000 0.000000
 19   3.673773 0.177020 1.119313 -0.000002 -0.000014 -0.174510
 20   3.673767 0.176993 -1.117566 0.000007 -0.000003 -0.174546
 21   3.942357 1.334540 1.627658 0.000002 -0.000011 -0.000026
 22   -0.246060 -0.011889 0.516521 -0.000011 0.000031 0.000025
 23   3.942374 1.334565 -1.631083 0.000019 0.000002 -0.000024
 24   -0.246150 -0.011872 -0.516511 -0.000005 -0.000006 0.000048
 25   4.941364 1.997338 1.629330 0.000018 -0.000001 -0.000024
 26   4.941382 1.997366 -1.629410 -0.000001 0.000005 -0.000024
 27   2.914462 1.619264 1.514501 -0.000019 -0.000022 -0.000050
 28   2.916892 1.618870 -1.501142 -0.000002 -0.000009 -0.000024
 29   8.824059 0.150544 0.091743 0.000006 -0.000231 -0.174534
 30   2.111085 -0.561179 1.784320 -0.000008 -0.000682 0.000024
 31   2.121290 -0.561289 -1.853599 0.000000 0.000000 -0.000002
 32   -0.814395 -0.093824 3.127092 0.262921 -3.097582 -0.334816
 33   14.298673 -0.408176 0.471578 0.003687 -0.003117 -0.522469
 34   15.835795 0.581398 0.242756 -0.001271 0.032067 0.122292
 35   -0.815868 -0.091229 -3.114430 -0.132889 3.034913 -0.011455
 36   14.294526 -0.410349 -0.467541 -0.002676 0.001857 -0.384764
 37   15.834409 0.579420 -0.284600 -0.034128 0.026558 0.304555
 38   1.139685 -3.453749 -2.823813 0.000000 0.000000 0.000001
 39   -4.457742 -1.054854 -0.746180 0.000000 0.000000 0.000000
 40   1.118101 -3.449769 3.237290 0.000000 0.000001 0.000000
 41   -4.433840 -1.059130 0.959566 -0.000001 0.000000 0.000000
 42   -0.657468 1.697302 -2.688614 0.000000 0.000002 0.000000
 43   -0.664068 1.698578 2.869377 0.000000 0.000002 0.000000
time 36
  0   0.009046 4.281381 1.527761 0.000000 0.000000 -1.571449
  1   -1.093036 0.000002 -0.326057 -0.214066 -1.569082 -1.356583
  2   2.262337 0.113614 0.064702 -0.020101 -0.102707 0.193454
  3   2.380047 0.353302 0.047440 0.189988 -0.011330 0.059788
  4   2.033756 0.190472 -0.000128 0.357167 -0.061229 0.163086
  5   2.451511 0.204909 -0.003447 -0.138715 0.014434 0.103433
  6   7.247600 -0.397300 -0.109469 0.000001 0.000009 0.052298
  7   -2.022252 -0.104661 3.136172 0.914683 -1.249897 -4.084156
  8   1.168026 -0.537438 -0.063437 0.774914 0.683636 0.412964
  9   6.790376 -0.619176 0.015206 0.565124 -0.128893 -1.834766
 10   8.637599 0.544015 -0.090417 -1.995906 -0.171602 -0.530260
 11   6.790465 -0.619039 0.017802 0.387881 -0.217052 -1.298117
 12   -2.022474 -0.104699 -2.873818 0.839033 1.276005 -2.481872
 13   1.167898 -0.537463 0.063297 0.060877 -1.207588 -0.450409
 14   7.002743 -0.617765 -0.183752 -0.337267 0.608471 -2.295466
 15   8.209042 0.615527 -0.255885 1.206549 0.421587 -0.341887
 16   7.002735 -0.617911 -0.183641 -0.049727 0.539277 -1.533135
 17   1.574674 0.609930 -0.000899 0.496515 -0.278835 0.636757
 18   -0.602177 0.511412 -0.000006 0.000000 0.000000 0.000000
 19   3.673773 0.177020 1.119313 -0.000002 -0.000014 -0.174510
 20   3.673767 0.176993 -1.117566 0.000007 -0.000003 -0.174546
 21   3.942357 1.334540 1.627658 0.000002 -0.000011 -0.000026
 22   -0.246060 -0.011889 0.516521 -0.000011 0.000031 0.000025
 23   3.942374 1.334565 -1.631083 0.000019 0.000002 -0.000024
 24   -0.246150 -0.011872 -0.516511 -0.000005 -0.000006 0.000048
 25   4.941364 1.997338 1.629330 0.000018 -0.000001 -0.000024
 26   4.941382 1.997366 -1.629410 -0.000001 0.000005 -0.000024
 27   2.914462 1.619264 1.514501 -0.000019 -0.000022 -0.000050
 28   2.916892 1.618870 -1.501142 -0.000002 -0.000009 -0.000024
 29   8.824059 0.150544 0.091743 0.000006 -0.000231 -0.174534
 30   2.111085 -0.561179 1.784320 -0.000008 -0.000682 0.000024
 31   2.121290 -0.561289 -1.853599 0.000000 0.000000 -0.000002
 32   -0.814395 -0.093824 3.127092 0.262921 -3.097582 -0.334816
 33   14.298673 -0.408176 0.471578 0.003687 -0.003117 -0.522469
 34   15.835795 0.581398 0.242756 -0.001271 0.032067 0.122292
 35   -0.815868 -0.091229 -3.114430 -0.132889 3.034913 -0.011455
 36   14.294526 -0.410349 -0.467541 -0.002676 0.001857 -0.384764
 37   15.834409 0.579420 -0.284600 -0.034128 0.026558 0.304555
 38   1.139685 -3.453749 -2.823813 0.000000 0.000000 0.000001
 39   -4.457742 -1.054854 -0.746180 0.000000 0.000000 0.000000
 40   1.118101 -3.449769 3.237290 0.000000 0.000001 0.000000
 41   -4.433840 -1.059130 0.959566 -0.000001 0.000000 0.000000
 42   -0.657468 1.697302 -2.688614 0.000000 0.000002 0.000000
 43   -0.664068 1.698578 2.869377 0.000000 0.000002 0.000000
time 37
  0   0.009046 4.281381 1.527761 0.000000 0.000000 -1.571449
  1   -1.093036 0.000002 -0.326057 -0.214066 -1.569082 -1.356583
  2   2.262337 0.113614 0.064702 -0.020101 -0.102707 0.193454
  3   2.380047 0.353302 0.047440 0.185187 -0.011054 0.059849
  4   2.033756 0.190472 -0.000128 0.343907 -0.059084 0.163884
  5   2.451511 0.204909 -0.003447 -0.138715 0.014434 0.103433
  6   7.247600 -0.397300 -0.109469 0.000001 0.000009 0.052298
  7   -2.022252 -0.104661 3.136172 0.914683 -1.249897 -4.084156
  8   1.168026 -0.537438 -0.063437 0.740932 0.691838 0.373047
  9   6.790376 -0.619176 0.015206 0.570173 -0.135634 -1.816503
 10   8.637599 0.544015 -0.090417 -1.995906 -0.171602 -0.530260
 11   6.790465 -0.619039 0.017802 0.390012 -0.221543 -1.284679
 12   -2.022474 -0.104699 -2.873818 0.839033 1.276005 -2.481872
 13   1.167898 -0.537463 0.063297 0.060877 -1.207588 -0.457492
 14   7.002743 -0.617765 -0.183752 -0.329182 0.602906 -2.282760
 15   8.209042 0.615527 -0.255885 1.214243 0.401992 -0.338820
 16   7.002735 -0.617911 -0.183641 -0.047138 0.532567 -1.526733
 17   1.574674 0.609930 -0.000899 0.480104 -0.270552 0.633652
 18   -0.602177 0.511412 -0.000006 0.000000 0.000000 0.000000
 19   3.673773 0.177020 1.119313 -0.000002 -0.000014 -0.174510
 20   3.673767 0.176993 -1.117566 0.000007 -0.000003 -0.174546
 21   3.942357 1.334540 1.627658 0.000002 -0.000011 -0.000026
 22   -0.246060 -0.011889 0.516521 -0.000011 0.000031 0.000025
 23   3.942374 1.334565 -1.631083 0.000019 0.000002 -0.000024
 24   -0.246150 -0.011872 -0.516511 -0.000005 -0.000006 0.000048
 25   4.941364 1.997338 1.629330 0.000018 -0.000001 -0.000024
 26   4.941382 1.997366 -1.629410 -0.000001 0.000005 -0.000024
 27   2.914462 1.619264 1.514501 -0.000019 -0.000022 -0.000050
 28   2.916892 1.618870 -1.501142 -0.000002 -0.000009 -0.000024
 29   8.824059 0.150544 0.091743 0.000006 -0.000231 -0.174534
 30   2.111085 -0.561179 1.784320 -0.000008 -0.000682 0.000024
 31   2.121290 -0.561289 -1.853599 0.000000 0.000000 -0.000002
 32   -0.814395 -0.093824 3.127092 0.262921 -3.097582 -0.334816
 33   14.298673 -0.408176 0.471578 0.003687 -0.003117 -0.522469
 34   15.835795 0.581398 0.242756 -0.001271 0.032067 0.122292
 35   -0.815868 -0.091229 -3.114430 -0.132889 3.034913 -0.011455
 36   14.294526 -0.410349 -0.467541 -0.002676 0.001857 -0.384764
 37   15.834409 0.579420 -0.284600 -0.034128 0.026558 0.304555
 38   1.139685 -3.453749 -2.823813 0.000000 0.000000 0.000001
 39   -4.457742 -1.054854 -0.746180 0.000000 0.000000 0.000000
 40   1.118101 -3.449769 3.237290 0.000000 0.000001 0.000000
 41   -4.433840 -1.059130 0.959566 -0.000001 0.000000 0.000000
 42   -0.657468 1.697302 -2.688614 0.000000 0.000002 0.000000
 43   -0.664068 1.698578 2.869377 0.000000 0.000002 0.000000
time 38
  0   0.009046 4.281381 1.527761 0.000000 0.000000 -1.571449
  1   -1.093036 0.000002 -0.326057 -0.214066 -1.569082 -1.356583
  2   2.262337 0.113614 0.064702 -0.020101 -0.102707 0.193454
  3   2.380047 0.353302 0.047440 0.178122 -0.010598 0.059890
  4   2.033756 0.190472 -0.000128 0.323989 -0.055788 0.165044
  5   2.451511 0.204909 -0.003447 -0.138715 0.014434 0.103433
  6   7.247600 -0.397300 -0.109469 0.000001 0.000009 0.052298
  7   -2.022252 -0.104661 3.136172 0.914683 -1.249897 -4.084156
  8   1.168026 -0.537438 -0.063437 0.688789 0.702202 0.311874
  9   6.790376 -0.619176 0.015206 0.577552 -0.145912 -1.789259
 10   8.637599 0.544015 -0.090417 -1.995906 -0.171602 -0.530260
 11   6.790465 -0.619039 0.017802 0.393107 -0.228365 -1.264493
 12   -2.022474 -0.104699 -2.873818 0.839033 1.276005 -2.481872
 13   1.167898 -0.537463 0.063297 0.060877 -1.207588 -0.467904
 14   7.002743 -0.617765 -0.183752 -0.316999 0.594502 -2.263784
 15   8.209042 0.615527 -0.255885 1.225388 0.372560 -0.334611
 16   7.002735 -0.617911 -0.183641 -0.043466 0.522586 -1.517185
 17   1.574674 0.609930 -0.000899 0.455447 -0.258269 0.628995
 18   -0.602177 0.511412 -0.000006 0.000000 0.000000 0.000000
 19   3.673773 0.177020 1.119313 -0.000002 -0.000014 -0.174510
 20   3.673767 0.176993 -1.117566 0.000007 -0.000003 -0.174546
 21   3.942357 1.334540 1.627658 0.000002 -0.000011 -0.000026
 22   -0.246060 -0.011889 0.516521 -0.000011 0.000031 0.000025
 23   3.942374 1.334565 -1.631083 0.000019 0.000002 -0.000024
 24   -0.246150 -0.011872 -0.516511 -0.000005 -0.000006 0.000048
 25   4.941364 1.997338 1.629330 0.000018 -0.000001 -0.000024
 26   4.941382 1.997366 -1.629410 -0.000001 0.000005 -0.000024
 27   2.914462 1.619264 1.514501 -0.000019 -0.000022 -0.000050
 28   2.916892 1.618870 -1.501142 -0.000002 -0.000009 -0.000024
 29   8.824059 0.150544 0.091743 0.000006 -0.000231 -0.174534
 30   2.111085 -0.561179 1.784320 -0.000008 -0.000682 0.000024
 31   2.121290 -0.561289 -1.853599 0.000000 0.000000 -0.000002
 32   -0.814395 -0.093824 3.127092 0.262921 -3.097582 -0.334816
 33   14.298673 -0.408176 0.471578 0.003687 -0.003117 -0.522469
 34   15.835795 0.581398 0.242756 -0.001271 0.032067 0.122292
 35   -0.815868 -0.091229 -3.114430 -0.132889 3.034913 -0.011455
 36   14.294526 -0.410349 -0.467541 -0.002676 0.001857 -0.384764
 37   15.834409 0.579420 -0.284600 -0.034128 0.026558 0.304555
 38   1.139685 -3.453749 -2.823813 0.000000 0.000000 0.000001
 39   -4.457742 -1.054854 -0.746180 0.000000 0.000000 0.000000
 40   1.118101 -3.449769 3.237290 0.000000 0.000001 0.000000
 41   -4.433840 -1.059130 0.959566 -0.000001 0.000000 0.000000
 42   -0.657468 1.697302 -2.688614 0.000000 0.000002 0.000000
 43   -0.664068 1.698578 2.869377 0.000000 0.000002 0.000000
time 39
  0   0.009046 4.281381 1.527761 0.000000 0.000000 -1.571449
  1   -1.093036 0.000002 -0.326057 -0.214066 -1.569082 -1.356583
  2   2.262337 0.113614 0.064702 -0.020101 -0.102707 0.193454
  3   2.380047 0.353302 0.047440 0.170486 -0.010143 0.059992
  4   2.033756 0.190472 -0.000128 0.302835 -0.052301 0.166095
  5   2.451511 0.204909 -0.003447 -0.138715 0.014434 0.103433
  6   7.247600 -0.397300 -0.109469 0.000001 0.000009 0.052298
  7   -2.022252 -0.104661 3.136172 0.914683 -1.249897 -4.084156
  8   1.168026 -0.537438 -0.063437 0.632216 0.710404 0.245767
  9   6.790376 -0.619176 0.015206 0.585208 -0.157124 -1.760355
 10   8.637599 0.544015 -0.090417 -1.995906 -0.171602 -0.530260
 11   6.790465 -0.619039 0.017802 0.396172 -0.235642 -1.243153
 12   -2.022474 -0.104699 -2.873818 0.839033 1.276005 -2.481872
 13   1.167898 -0.537463 0.063297 0.060877 -1.207588 -0.478921
 14   7.002743 -0.617765 -0.183752 -0.304474 0.585246 -2.243735
 15   8.209042 0.615527 -0.255885 1.236749 0.341237 -0.330582
 16   7.002735 -0.617911 -0.183641 -0.039653 0.511985 -1.507250
 17   1.574674 0.609930 -0.000899 0.429287 -0.245417 0.623525
 18   -0.602177 0.511412 -0.000006 0.000000 0.000000 0.000000
 19   3.673773 0.177020 1.119313 -0.000002 -0.000014 -0.174510
 20   3.673767 0.176993 -1.117566 0.000007 -0.000003 -0.174546
 21   3.942357 1.334540 1.627658 0.000002 -0.000011 -0.000026
 22   -0.246060 -0.011889 0.516521 -0.000011 0.000031 0.000025
 23   3.942374 1.334565 -1.631083 0.000019 0.000002 -0.000024
 24   -0.246150 -0.011872 -0.516511 -0.000005 -0.000006 0.000048
 25   4.941364 1.997338 1.629330 0.000018 -0.000001 -0.000024
 26   4.941382 1.997366 -1.629410 -0.000001 0.000005 -0.000024
 27   2.914462 1.619264 1.514501 -0.000019 -0.000022 -0.000050
 28   2.916892 1.618870 -1.501142 -0.000002 -0.000009 -0.000024
 29   8.824059 0.150544 0.091743 0.000006 -0.000231 -0.174534
 30   2.111085 -0.561179 1.784320 -0.000008 -0.000682 0.000024
 31   2.121290 -0.561289 -1.853599 0.000000 0.000000 -0.000002
 32   -0.814395 -0.093824 3.127092 0.262921 -3.097582 -0.334816
 33   14.298673 -0.408176 0.471578 0.003687 -0.003117 -0.522469
 34   15.835795 0.581398 0.242756 -0.001271 0.032067 0.122292
 35   -0.815868 -0.091229 -3.114430 -0.132889 3.034913 -0.011455
 36   14.294526 -0.410349 -0.467541 -0.002676 0.001857 -0.384764
 37   15.834409 0.579420 -0.284600 -0.034128 0.026558 0.304555
 38   1.139685 -3.453749 -2.823813 0.000000 0.000000 0.000001
 39   -4.457742 -1.054854 -0.746180 0.000000 0.000000 0.000000
 40   1.118101 -3.449769 3.237290 0.000000 0.000001 0.000000
 41   -4.433840 -1.059130 0.959566 -0.000001 0.000000 0.000000
 42   -0.657468 1.697302 -2.688614 0.000000 0.000002 0.000000
 43   -0.664068 1.698578 2.869377 0.000000 0.000002 0.000000
time 40
  0   0.009046 4.281381 1.527761 0.000000 0.000000 -1.571449
  1   -1.093036 0.000002 -0.326057 -0.214066 -1.569082 -1.356583
  2   2.262337 0.113614 0.064702 -0.020101 -0.102707 0.193454
  3   2.380047 0.353302 0.047440 0.164141 -0.009784 0.060053
  4   2.033756 0.190472 -0.000128 0.285112 -0.049305 0.167073
  5   2.451511 0.204909 -0.003447 -0.138715 0.014434 0.103433
  6   7.247600 -0.397300 -0.109469 0.000001 0.000009 0.052298
  7   -2.022252 -0.104661 3.136172 0.914683 -1.249897 -4.084156
  8   1.168026 -0.537438 -0.063437 0.583933 0.715033 0.189908
  9   6.790376 -0.619176 0.015206 0.591200 -0.166601 -1.736130
 10   8.637599 0.544015 -0.090417 -1.995906 -0.171602 -0.530260
 11   6.790465 -0.619039 0.017802 0.398567 -0.241725 -1.225159
 12   -2.022474 -0.104699 -2.873818 0.839033 1.276005 -2.481872
 13   1.167898 -0.537463 0.063297 0.060877 -1.207588 -0.488304
 14   7.002743 -0.617765 -0.183752 -0.294283 0.577466 -2.227234
 15   8.209042 0.615527 -0.255885 1.246240 0.314983 -0.327515
 16   7.002735 -0.617911 -0.183641 -0.036593 0.503019 -1.498971
 17   1.574674 0.609930 -0.000899 0.407351 -0.234696 0.618757
 18   -0.602177 0.511412 -0.000006 0.000000 0.000000 0.000000
 19   3.673773 0.177020 1.119313 -0.000002 -0.000014 -0.174510
 20   3.673767 0.176993 -1.117566 0.000007 -0.000003 -0.174546
 21   3.942357 1.334540 1.627658 0.000002 -0.000011 -0.000026
 22   -0.246060 -0.011889 0.516521 -0.000011 0.000031 0.000025
 23   3.942374 1.334565 -1.631083 0.000019 0.000002 -0.000024
 24   -0.246150 -0.011872 -0.516511 -0.000005 -0.000006 0.000048
 25   4.941364 1.997338 1.629330 0.000018 -0.000001 -0.000024
 26   4.941382 1.997366 -1.629410 -0.000001 0.000005 -0.000024
 27   2.914462 1.619264 1.514501 -0.000019 -0.000022 -0.000050
 28   2.916892 1.618870 -1.501142 -0.000002 -0.000009 -0.000024
 29   8.824059 0.150544 0.091743 0.000006 -0.000231 -0.174534
 30   2.111085 -0.561179 1.784320 -0.000008 -0.000682 0.000024
 31   2.121290 -0.561289 -1.853599 0.000000 0.000000 -0.000002
 32   -0.814395 -0.093824 3.127092 0.262921 -3.097582 -0.334816
 33   14.298673 -0.408176 0.471578 0.003687 -0.003117 -0.522469
 34   15.835795 0.581398 0.242756 -0.001271 0.032067 0.122292
 35   -0.815868 -0.091229 -3.114430 -0.132889 3.034913 -0.011455
 36   14.294526 -0.410349 -0.467541 -0.002676 0.001857 -0.384764
 37   15.834409 0.579420 -0.284600 -0.034128 0.026558 0.304555
 38   1.139685 -3.453749 -2.823813 0.000000 0.000000 0.000001
 39   -4.457742 -1.054854 -0.746180 0.000000 0.000000 0.000000
 40   1.118101 -3.449769 3.237290 0.000000 0.000001 0.000000
 41   -4.433840 -1.059130 0.959566 -0.000001 0.000000 0.000000
 42   -0.657468 1.697302 -2.688614 0.000000 0.000002 0.000000
 43   -0.664068 1.698578 2.869377 0.000000 0.000002 0.000000
time 41
  0   0.009046 4.281381 1.527761 0.000000 0.000000 -1.571449
  1   -1.093036 0.000002 -0.326057 -0.214066 -1.569082 -1.356583
  2   2.262337 0.113614 0.064702 -0.020101 -0.102707 0.193454
  3   2.380047 0.353302 0.047440 0.158726 -0.009460 0.060094
  4   2.033756 0.190472 -0.000128 0.269879 -0.046740 0.167798
  5   2.451511 0.204909 -0.003447 -0.138715 0.014434 0.103433
  6   7.247600 -0.397300 -0.109469 0.000001 0.000009 0.052298
  7   -2.022252 -0.104661 3.136172 0.914683 -1.249897 -4.084156
  8   1.168026 -0.537438 -0.063437 0.541978 0.717448 0.141577
  9   6.790376 -0.619176 0.015206 0.596249 -0.174944 -1.715301
 10   8.637599 0.544015 -0.090417 -1.995906 -0.171602 -0.530260
 11   6.790465 -0.619039 0.017802 0.400494 -0.247012 -1.209644
 12   -2.022474 -0.104699 -2.873818 0.839033 1.276005 -2.481872
 13   1.167898 -0.537463 0.063297 0.060877 -1.207588 -0.496234
 14   7.002743 -0.617765 -0.183752 -0.285515 0.570596 -2.213208
 15   8.209042 0.615527 -0.255885 1.254365 0.292285 -0.325049
 16   7.002735 -0.617911 -0.183641 -0.034004 0.495351 -1.491851
 17   1.574674 0.609930 -0.000899 0.388422 -0.225608 0.614543
 18   -0.602177 0.511412 -0.000006 0.000000 0.000000 0.000000
 19   3.673773 0.177020 1.119313 -0.000002 -0.000014 -0.174510
 20   3.673767 0.176993 -1.117566 0.000007 -0.000003 -0.174546
 21   3.942357 1.334540 1.627658 0.000002 -0.000011 -0.000026
 22   -0.246060 -0.011889 0.516521 -0.000011 0.000031 0.000025
 23   3.942374 1.334565 -1.631083 0.000019 0.000002 -0.000024
 24   -0.246150 -0.011872 -0.516511 -0.000005 -0.000006 0.000048
 25   4.941364 1.997338 1.629330 0.000018 -0.000001 -0.000024
 26   4.941382 1.997366 -1.629410 -0.000001 0.000005 -0.000024
 27   2.914462 1.619264 1.514501 -0.000019 -0.000022 -0.000050
 28   2.916892 1.618870 -1.501142 -0.000002 -0.000009 -0.000024
 29   8.824059 0.150544 0.091743 0.000006 -0.000231 -0.174534
 30   2.111085 -0.561179 1.784320 -0.000008 -0.000682 0.000024
 31   2.121290 -0.561289 -1.853599 0.000000 0.000000 -0.000002
 32   -0.814395 -0.093824 3.127092 0.262921 -3.097582 -0.334816
 33   14.298673 -0.408176 0.471578 0.003687 -0.003117 -0.522469
 34   15.835795 0.581398 0.242756 -0.001271 0.032067 0.122292
 35   -0.815868 -0.091229 -3.114430 -0.132889 3.034913 -0.011455
 36   14.294526 -0.410349 -0.467541 -0.002676 0.001857 -0.384764
 37   15.834409 0.579420 -0.284600 -0.034128 0.026558 0.304555
 38   1.139685 -3.453749 -2.823813 0.000000 0.000000 0.000001
 39   -4.457742 -1.054854 -0.746180 0.000000 0.000000 0.000000
 40   1.118101 -3.449769 3.237290 0.000000 0.000001 0.000000
 41   -4.433840 -1.059130 0.959566 -0.000001 0.000000 0.000000
 42   -0.657468 1.697302 -2.688614 0.000000 0.000002 0.000000
 43   -0.664068 1.698578 2.869377 0.000000 0.000002 0.000000
time 42
  0   0.009046 4.281381 1.527761 0.000000 0.000000 -1.571449
  1   -1.093036 0.000002 -0.326057 -0.214066 -1.569082 -1.356583
  2   2.262337 0.113614 0.064702 -0.020101 -0.102707 0.193454
  3   2.380047 0.353302 0.047440 0.153205 -0.009100 0.060155
  4   2.033756 0.190472 -0.000128 0.254627 -0.044103 0.168415
  5   2.451511 0.204909 -0.003447 -0.138715 0.014434 0.103433
  6   7.247600 -0.397300 -0.109469 0.000001 0.000009 0.052298
  7   -2.022252 -0.104661 3.136172 0.914683 -1.249897 -4.084156
  8   1.168026 -0.537438 -0.063437 0.499644 0.718253 0.092930
  9   6.790376 -0.619176 0.015206 0.601242 -0.183353 -1.694472
 10   8.637599 0.544015 -0.090417 -1.995906 -0.171602 -0.530260
 11   6.790465 -0.619039 0.017802 0.402304 -0.252356 -1.194072
 12   -2.022474 -0.104699 -2.873818 0.839033 1.276005 -2.481872
 13   1.167898 -0.537463 0.063297 0.060877 -1.207588 -0.504285
 14   7.002743 -0.617765 -0.183752 -0.277089 0.563611 -2.199183
 15   8.209042 0.615527 -0.255885 1.262418 0.269512 -0.322824
 16   7.002735 -0.617911 -0.183641 -0.031509 0.487625 -1.484731
 17   1.574674 0.609930 -0.000899 0.369573 -0.216591 0.610145
 18   -0.602177 0.511412 -0.000006 0.000000 0.000000 0.000000
 19   3.673773 0.177020 1.119313 -0.000002 -0.000014 -0.174510
 20   3.673767 0.176993 -1.117566 0.000007 -0.000003 -0.174546
 21   3.942357 1.334540 1.627658 0.000002 -0.000011 -0.000026
 22   -0.246060 -0.011889 0.516521 -0.000011 0.000031 0.000025
 23   3.942374 1.334565 -1.631083 0.000019 0.000002 -0.000024
 24   -0.246150 -0.011872 -0.516511 -0.000005 -0.000006 0.000048
 25   4.941364 1.997338 1.629330 0.000018 -0.000001 -0.000024
 26   4.941382 1.997366 -1.629410 -0.000001 0.000005 -0.000024
 27   2.914462 1.619264 1.514501 -0.000019 -0.000022 -0.000050
 28   2.916892 1.618870 -1.501142 -0.000002 -0.000009 -0.000024
 29   8.824059 0.150544 0.091743 0.000006 -0.000231 -0.174534
 30   2.111085 -0.561179 1.784320 -0.000008 -0.000682 0.000024
 31   2.121290 -0.561289 -1.853599 0.000000 0.000000 -0.000002
 32   -0.814395 -0.093824 3.127092 0.262921 -3.097582 -0.334816
 33   14.298673 -0.408176 0.471578 0.003687 -0.003117 -0.522469
 34   15.835795 0.581398 0.242756 -0.001271 0.032067 0.122292
 35   -0.815868 -0.091229 -3.114430 -0.132889 3.034913 -0.011455
 36   14.294526 -0.410349 -0.467541 -0.002676 0.001857 -0.384764
 37   15.834409 0.579420 -0.284600 -0.034128 0.026558 0.304555
 38   1.139685 -3.453749 -2.823813 0.000000 0.000000 0.000001
 39   -4.457742 -1.054854 -0.746180 0.000000 0.000000 0.000000
 40   1.118101 -3.449769 3.237290 0.000000 0.000001 0.000000
 41   -4.433840 -1.059130 0.959566 -0.000001 0.000000 0.000000
 42   -0.657468 1.697302 -2.688614 0.000000 0.000002 0.000000
 43   -0.664068 1.698578 2.869377 0.000000 0.000002 0.000000
time 43
  0   0.009046 4.281381 1.527761 0.000000 0.000000 -1.571449
  1   -1.093036 0.000002 -0.326057 -0.214066 -1.569082 -1.356583
  2   2.262337 0.113614 0.064702 -0.020101 -0.102707 0.193454
  3   2.380047 0.353302 0.047440 0.147790 -0.008789 0.060196
  4   2.033756 0.190472 -0.000128 0.239375 -0.041503 0.169031
  5   2.451511 0.204909 -0.003447 -0.138715 0.014434 0.103433
  6   7.247600 -0.397300 -0.109469 0.000001 0.000009 0.052298
  7   -2.022252 -0.104661 3.136172 0.914683 -1.249897 -4.084156
  8   1.168026 -0.537438 -0.063437 0.457246 0.717599 0.044346
  9   6.790376 -0.619176 0.015206 0.605902 -0.191829 -1.673643
 10   8.637599 0.544015 -0.090417 -1.995906 -0.171602 -0.530260
 11   6.790465 -0.619039 0.017802 0.403997 -0.257643 -1.178442
 12   -2.022474 -0.104699 -2.873818 0.839033 1.276005 -2.481872
 13   1.167898 -0.537463 0.063297 0.060877 -1.207588 -0.512215
 14   7.002743 -0.617765 -0.183752 -0.268720 0.556513 -2.185404
 15   8.209042 0.615527 -0.255885 1.270111 0.246814 -0.320839
 16   7.002735 -0.617911 -0.183641 -0.029061 0.479957 -1.477667
 17   1.574674 0.609930 -0.000899 0.350644 -0.207716 0.605525
 18   -0.602177 0.511412 -0.000006 0.000000 0.000000 0.000000
 19   3.673773 0.177020 1.119313 -0.000002 -0.000014 -0.174510
 20   3.673767 0.176993 -1.117566 0.000007 -0.000003 -0.174546
 21   3.942357 1.334540 1.627658 0.000002 -0.000011 -0.000026
 22   -0.246060 -0.011889 0.516521 -0.000011 0.000031 0.000025
 23   3.942374 1.334565 -1.631083 0.000019 0.000002 -0.000024
 24   -0.246150 -0.011872 -0.516511 -0.000005 -0.000006 0.000048
 25   4.941364 1.997338 1.629330 0.000018 -0.000001 -0.000024
 26   4.941382 1.997366 -1.629410 -0.000001 0.000005 -0.000024
 27   2.914462 1.619264 1.514501 -0.000019 -0.000022 -0.000050
 28   2.916892 1.618870 -1.501142 -0.000002 -0.000009 -0.000024
 29   8.824059 0.150544 0.091743 0.000006 -0.000231 -0.174534
 30   2.111085 -0.561179 1.784320 -0.000008 -0.000682 0.000024
 31   2.121290 -0.561289 -1.853599 0.000000 0.000000 -0.000002
 32   -0.814395 -0.093824 3.127092 0.262921 -3.097582 -0.334816
 33   14.298673 -0.408176 0.471578 0.003687 -0.003117 -0.522469
 34   15.835795 0.581398 0.242756 -0.001271 0.032067 0.122292
 35   -0.815868 -0.091229 -3.114430 -0.132889 3.034913 -0.011455
 36   14.294526 -0.410349 -0.467541 -0.002676 0.001857 -0.384764
 37   15.834409 0.579420 -0.284600 -0.034128 0.026558 0.304555
 38   1.139685 -3.453749 -2.823813 0.000000 0.000000 0.000001
 39   -4.457742 -1.054854 -0.746180 0.000000 0.000000 0.000000
 40   1.118101 -3.449769 3.237290 0.000000 0.000001 0.000000
 41   -4.433840 -1.059130 0.959566 -0.000001 0.000000 0.000000
 42   -0.657468 1.697302 -2.688614 0.000000 0.000002 0.000000
 43   -0.664068 1.698578 2.869377 0.000000 0.000002 0.000000
time 44
  0   0.009046 4.281381 1.527761 0.000000 0.000000 -1.571449
  1   -1.093036 0.000002 -0.326057 -0.214066 -1.569082 -1.356583
  2   2.262337 0.113614 0.064702 -0.020101 -0.102707 0.193454
  3   2.380047 0.353302 0.047440 0.142315 -0.008441 0.060257
  4   2.033756 0.190472 -0.000128 0.224123 -0.038866 0.169611
  5   2.451511 0.204909 -0.003447 -0.138715 0.014434 0.103433
  6   7.247600 -0.397300 -0.109469 0.000001 0.000009 0.052298
  7   -2.022252 -0.104661 3.136172 0.914683 -1.249897 -4.084156
  8   1.168026 -0.537438 -0.063437 0.415291 0.715385 -0.003606
  9   6.790376 -0.619176 0.015206 0.610396 -0.200439 -1.652890
 10   8.637599 0.544015 -0.090417 -1.995906 -0.171602 -0.530260
 11   6.790465 -0.619039 0.017802 0.405574 -0.262987 -1.162870
 12   -2.022474 -0.104699 -2.873818 0.839033 1.276005 -2.481872
 13   1.167898 -0.537463 0.063297 0.060877 -1.207588 -0.520206
 14   7.002743 -0.617765 -0.183752 -0.260465 0.549358 -2.171708
 15   8.209042 0.615527 -0.255885 1.278021 0.224116 -0.318975
 16   7.002735 -0.617911 -0.183641 -0.026707 0.472231 -1.470712
 17   1.574674 0.609930 -0.000899 0.331795 -0.198912 0.600757
 18   -0.602177 0.511412 -0.000006 0.000000 0.000000 0.000000
 19   3.673773 0.177020 1.119313 -0.000002 -0.000014 -0.174510
 20   3.673767 0.176993 -1.117566 0.000007 -0.000003 -0.174546
 21   3.942357 1.334540 1.627658 0.000002 -0.000011 -0.000026
 22   -0.246060 -0.011889 0.516521 -0.000011 0.000031 0.000025
 23   3.942374 1.334565 -1.631083 0.000019 0.000002 -0.000024
 24   -0.246150 -0.011872 -0.516511 -0.000005 -0.000006 0.000048
 25   4.941364 1.997338 1.629330 0.000018 -0.000001 -0.000024
 26   4.941382 1.997366 -1.629410 -0.000001 0.000005 -0.000024
 27   2.914462 1.619264 1.514501 -0.000019 -0.000022 -0.000050
 28   2.916892 1.618870 -1.501142 -0.000002 -0.000009 -0.000024
 29   8.824059 0.150544 0.091743 0.000006 -0.000231 -0.174534
 30   2.111085 -0.561179 1.784320 -0.000008 -0.000682 0.000024
 31   2.121290 -0.561289 -1.853599 0.000000 0.000000 -0.000002
 32   -0.814395 -0.093824 3.127092 0.262921 -3.097582 -0.334816
 33   14.298673 -0.408176 0.471578 0.003687 -0.003117 -0.522469
 34   15.835795 0.581398 0.242756 -0.001271 0.032067 0.122292
 35   -0.815868 -0.091229 -3.114430 -0.132889 3.034913 -0.011455
 36   14.294526 -0.410349 -0.467541 -0.002676 0.001857 -0.384764
 37   15.834409 0.579420 -0.284600 -0.034128 0.026558 0.304555
 38   1.139685 -3.453749 -2.823813 0.000000 0.000000 0.000001
 39   -4.457742 -1.054854 -0.746180 0.000000 0.000000 0.000000
 40   1.118101 -3.449769 3.237290 0.000000 0.000001 0.000000
 41   -4.433840 -1.059130 0.959566 -0.000001 0.000000 0.000000
 42   -0.657468 1.697302 -2.688614 0.000000 0.000002 0.000000
 43   -0.664068 1.698578 2.869377 0.000000 0.000002 0.000000
time 45
  0   0.009046 4.281381 1.527761 0.000000 0.000000 -1.571449
  1   -1.093036 0.000002 -0.326057 -0.214066 -1.569082 -1.356583
  2   2.262337 0.113614 0.064702 -0.020101 -0.102707 0.193454
  3   2.380047 0.353302 0.047440 0.136779 -0.008130 0.060298
  4   2.033756 0.190472 -0.000128 0.208871 -0.036217 0.170191
  5   2.451511 0.204909 -0.003447 -0.138715 0.014434 0.103433
  6   7.247600 -0.397300 -0.109469 0.000001 0.000009 0.052298
  7   -2.022252 -0.104661 3.136172 0.914683 -1.249897 -4.084156
  8   1.168026 -0.537438 -0.063437 0.373589 0.711712 -0.051241
  9   6.790376 -0.619176 0.015206 0.614834 -0.209248 -1.632061
 10   8.637599 0.544015 -0.090417 -1.995906 -0.171602 -0.530260
 11   6.790465 -0.619039 0.017802 0.407063 -0.268274 -1.147182
 12   -2.022474 -0.104699 -2.873818 0.839033 1.276005 -2.481872
 13   1.167898 -0.537463 0.063297 0.060877 -1.207588 -0.528136
 14   7.002743 -0.617765 -0.183752 -0.252380 0.542033 -2.158177
 15   8.209042 0.615527 -0.255885 1.285571 0.201418 -0.317412
 16   7.002735 -0.617911 -0.183641 -0.024400 0.464506 -1.463758
 17   1.574674 0.609930 -0.000899 0.312866 -0.190108 0.595841
 18   -0.602177 0.511412 -0.000006 0.000000 0.000000 0.000000
 19   3.673773 0.177020 1.119313 -0.000002 -0.000014 -0.174510
 20   3.673767 0.176993 -1.117566 0.000007 -0.000003 -0.174546
 21   3.942357 1.334540 1.627658 0.000002 -0.000011 -0.000026
 22   -0.246060 -0.011889 0.516521 -0.000011 0.000031 0.000025
 23   3.942374 1.334565 -1.631083 0.000019 0.000002 -0.000024
 24   -0.246150 -0.011872 -0.516511 -0.000005 -0.000006 0.000048
 25   4.941364 1.997338 1.629330 0.000018 -0.000001 -0.000024
 26   4.941382 1.997366 -1.629410 -0.000001 0.000005 -0.000024
 27   2.914462 1.619264 1.514501 -0.000019 -0.000022 -0.000050
 28   2.916892 1.618870 -1.501142 -0.000002 -0.000009 -0.000024
 29   8.824059 0.150544 0.091743 0.000006 -0.000231 -0.174534
 30   2.111085 -0.561179 1.784320 -0.000008 -0.000682 0.000024
 31   2.121290 -0.561289 -1.853599 0.000000 0.000000 -0.000002
 32   -0.814395 -0.093824 3.127092 0.262921 -3.097582 -0.334816
 33   14.298673 -0.408176 0.471578 0.003687 -0.003117 -0.522469
 34   15.835795 0.581398 0.242756 -0.001271 0.032067 0.122292
 35   -0.815868 -0.091229 -3.114430 -0.132889 3.034913 -0.011455
 36   14.294526 -0.410349 -0.467541 -0.002676 0.001857 -0.384764
 37   15.834409 0.579420 -0.284600 -0.034128 0.026558 0.304555
 38   1.139685 -3.453749 -2.823813 0.000000 0.000000 0.000001
 39   -4.457742 -1.054854 -0.746180 0.000000 0.000000 0.000000
 40   1.118101 -3.449769 3.237290 0.000000 0.000001 0.000000
 41   -4.433840 -1.059130 0.959566 -0.000001 0.000000 0.000000
 42   -0.657468 1.697302 -2.688614 0.000000 0.000002 0.000000
 43   -0.664068 1.698578 2.869377 0.000000 0.000002 0.000000
time 46
  0   0.009046 4.281381 1.527761 0.000000 0.000000 -1.571449
  1   -1.093036 0.000002 -0.326057 -0.214066 -1.569082 -1.356583
  2   2.262337 0.113614 0.064702 -0.020101 -0.102707 0.193454
  3   2.380047 0.353302 0.047440 0.131349 -0.007782 0.060359
  4   2.033756 0.190472 -0.000128 0.193655 -0.033605 0.170771
  5   2.451511 0.204909 -0.003447 -0.138715 0.014434 0.103433
  6   7.247600 -0.397300 -0.109469 0.000001 0.000009 0.052298
  7   -2.022252 -0.104661 3.136172 0.914683 -1.249897 -4.084156
  8   1.168026 -0.537438 -0.063437 0.332077 0.706580 -0.098623
  9   6.790376 -0.619176 0.015206 0.618940 -0.217991 -1.611081
 10   8.637599 0.544015 -0.090417 -1.995906 -0.171602 -0.530260
 11   6.790465 -0.619039 0.017802 0.408435 -0.273646 -1.131552
 12   -2.022474 -0.104699 -2.873818 0.839033 1.276005 -2.481872
 13   1.167898 -0.537463 0.063297 0.060877 -1.207588 -0.536187
 14   7.002743 -0.617765 -0.183752 -0.244467 0.534764 -2.144646
 15   8.209042 0.615527 -0.255885 1.293120 0.178645 -0.315908
 16   7.002735 -0.617911 -0.183641 -0.022140 0.456837 -1.456749
 17   1.574674 0.609930 -0.000899 0.293936 -0.181446 0.590740
 18   -0.602177 0.511412 -0.000006 0.000000 0.000000 0.000000
 19   3.673773 0.177020 1.119313 -0.000002 -0.000014 -0.174510
 20   3.673767 0.176993 -1.117566 0.000007 -0.000003 -0.174546
 21   3.942357 1.334540 1.627658 0.000002 -0.000011 -0.000026
 22   -0.246060 -0.011889 0.516521 -0.000011 0.000031 0.000025
 23   3.942374 1.334565 -1.631083 0.000019 0.000002 -0.000024
 24   -0.246150 -0.011872 -0.516511 -0.000005 -0.000006 0.000048
 25   4.941364 1.997338 1.629330 0.000018 -0.000001 -0.000024
 26   4.941382 1.997366 -1.629410 -0.000001 0.000005 -0.000024
 27   2.914462 1.619264 1.514501 -0.000019 -0.000022 -0.000050
 28   2.916892 1.618870 -1.501142 -0.000002 -0.000009 -0.000024
 29   8.824059 0.150544 0.091743 0.000006 -0.000231 -0.174534
 30   2.111085 -0.561179 1.784320 -0.000008 -0.000682 0.000024
 31   2.121290 -0.561289 -1.853599 0.000000 0.000000 -0.000002
 32   -0.814395 -0.093824 3.127092 0.262921 -3.097582 -0.334816
 33   14.298673 -0.408176 0.471578 0.003687 -0.003117 -0.522469
 34   15.835795 0.581398 0.242756 -0.001271 0.032067 0.122292
 35   -0.815868 -0.091229 -3.114430 -0.132889 3.034913 -0.011455
 36   14.294526 -0.410349 -0.467541 -0.002676 0.001857 -0.384764
 37   15.834409 0.579420 -0.284600 -0.034128 0.026558 0.304555
 38   1.139685 -3.453749 -2.823813 0.000000 0.000000 0.000001
 39   -4.457742 -1.054854 -0.746180 0.000000 0.000000 0.000000
 40   1.118101 -3.449769 3.237290 0.000000 0.000001 0.000000
 41   -4.433840 -1.059130 0.959566 -0.000001 0.000000 0.000000
 42   -0.657468 1.697302 -2.688614 0.000000 0.000002 0.000000
 43   -0.664068 1.698578 2.869377 0.000000 0.000002 0.000000
time 47
  0   0.009046 4.281381 1.527761 0.000000 0.000000 -1.571449
  1   -1.093036 0.000002 -0.326057 -0.214066 -1.569082 -1.356583
  2   2.262337 0.113614 0.064702 -0.020101 -0.102707 0.193454
  3   2.380047 0.353302 0.047440 0.125813 -0.007459 0.060400
  4   2.033756 0.190472 -0.000128 0.178403 -0.030944 0.171314
  5   2.451511 0.204909 -0.003447 -0.138715 0.014434 0.103433
  6   7.247600 -0.397300 -0.109469 0.000001 0.000009 0.052298
  7   -2.022252 -0.104661 3.136172 0.914683 -1.249897 -4.084156
  8   1.168026 -0.537438 -0.063437 0.291261 0.699989 -0.145309
  9   6.790376 -0.619176 0.015206 0.623045 -0.226801 -1.590252
 10   8.637599 0.544015 -0.090417 -1.995906 -0.171602 -0.530260
 11   6.790465 -0.619039 0.017802 0.409720 -0.278990 -1.115749
 12   -2.022474 -0.104699 -2.873818 0.839033 1.276005 -2.481872
 13   1.167898 -0.537463 0.063297 0.060877 -1.207588 -0.544238
 14   7.002743 -0.617765 -0.183752 -0.236610 0.527269 -2.131363
 15   8.209042 0.615527 -0.255885 1.300814 0.155871 -0.314766
 16   7.002735 -0.617911 -0.183641 -0.019928 0.449112 -1.449849
 17   1.574674 0.609930 -0.000899 0.275007 -0.172855 0.585418
 18   -0.602177 0.511412 -0.000006 0.000000 0.000000 0.000000
 19   3.673773 0.177020 1.119313 -0.000002 -0.000014 -0.174510
 20   3.673767 0.176993 -1.117566 0.000007 -0.000003 -0.174546
 21   3.942357 1.334540 1.627658 0.000002 -0.000011 -0.000026
 22   -0.246060 -0.011889 0.516521 -0.000011 0.000031 0.000025
 23   3.942374 1.334565 -1.631083 0.000019 0.000002 -0.000024
 24   -0.246150 -0.011872 -0.516511 -0.000005 -0.000006 0.000048
 25   4.941364 1.997338 1.629330 0.000018 -0.000001 -0.000024
 26   4.941382 1.997366 -1.629410 -0.000001 0.000005 -0.000024
 27   2.914462 1.619264 1.514501 -0.000019 -0.000022 -0.000050
 28   2.916892 1.618870 -1.501142 -0.000002 -0.000009 -0.000024
 29   8.824059 0.150544 0.091743 0.000006 -0.000231 -0.174534
 30   2.111085 -0.561179 1.784320 -0.000008 -0.000682 0.000024
 31   2.121290 -0.561289 -1.853599 0.000000 0.000000 -0.000002
 32   -0.814395 -0.093824 3.127092 0.262921 -3.097582 -0.334816
 33   14.298673 -0.408176 0.471578 0.003687 -0.003117 -0.522469
 34   15.835795 0.581398 0.242756 -0.001271 0.032067 0.122292
 35   -0.815868 -0.091229 -3.114430 -0.132889 3.034913 -0.011455
 36   14.294526 -0.410349 -0.467541 -0.002676 0.001857 -0.384764
 37   15.834409 0.579420 -0.284600 -0.034128 0.026558 0.304555
 38   1.139685 -3.453749 -2.823813 0.000000 0.000000 0.000001
 39   -4.457742 -1.054854 -0.746180 0.000000 0.000000 0.000000
 40   1.118101 -3.449769 3.237290 0.000000 0.000001 0.000000
 41   -4.433840 -1.059130 0.959566 -0.000001 0.000000 0.000000
 42   -0.657468 1.697302 -2.688614 0.000000 0.000002 0.000000
 43   -0.664068 1.698578 2.869377 0.000000 0.000002 0.000000
time 48
  0   0.009046 4.281381 1.527761 0.000000 0.000000 -1.571449
  1   -1.093036 0.000002 -0.326057 -0.214066 -1.569082 -1.356583
  2   2.262337 0.113614 0.064702 -0.020101 -0.102707 0.193454
  3   2.380047 0.353302 0.047440 0.120323 -0.007159 0.060461
  4   2.033756 0.190472 -0.000128 0.163151 -0.028308 0.171822
  5   2.451511 0.204909 -0.003447 -0.138715 0.014434 0.103433
  6   7.247600 -0.397300 -0.109469 0.000001 0.000009 0.052298
  7   -2.022252 -0.104661 3.136172 0.914683 -1.249897 -4.084156
  8   1.168026 -0.537438 -0.063437 0.250888 0.691838 -0.191173
  9   6.790376 -0.619176 0.015206 0.626818 -0.235811 -1.569272
 10   8.637599 0.544015 -0.090417 -1.995906 -0.171602 -0.530260
 11   6.790465 -0.619039 0.017802 0.410829 -0.284306 -1.100004
 12   -2.022474 -0.104699 -2.873818 0.839033 1.276005 -2.481872
 13   1.167898 -0.537463 0.063297 0.060877 -1.207588 -0.552168
 14   7.002743 -0.617765 -0.183752 -0.228981 0.519830 -2.118162
 15   8.209042 0.615527 -0.255885 1.308292 0.133173 -0.313623
 16   7.002735 -0.617911 -0.183641 -0.017809 0.441443 -1.443006
 17   1.574674 0.609930 -0.000899 0.256037 -0.164335 0.580058
 18   -0.602177 0.511412 -0.000006 0.000000 0.000000 0.000000
 19   3.673773 0.177020 1.119313 -0.000002 -0.000014 -0.174510
 20   3.673767 0.176993 -1.117566 0.000007 -0.000003 -0.174546
 21   3.942357 1.334540 1.627658 0.000002 -0.000011 -0.000026
 22   -0.246060 -0.011889 0.516521 -0.000011 0.000031 0.000025
 23   3.942374 1.334565 -1.631083 0.000019 0.000002 -0.000024
 24   -0.246150 -0.011872 -0.516511 -0.000005 -0.000006 0.000048
 25   4.941364 1.997338 1.629330 0.000018 -0.000001 -0.000024
 26   4.941382 1.997366 -1.629410 -0.000001 0.000005 -0.000024
 27   2.914462 1.619264 1.514501 -0.000019 -0.000022 -0.000050
 28   2.916892 1.618870 -1.501142 -0.000002 -0.000009 -0.000024
 29   8.824059 0.150544 0.091743 0.000006 -0.000231 -0.174534
 30   2.111085 -0.561179 1.784320 -0.000008 -0.000682 0.000024
 31   2.121290 -0.561289 -1.853599 0.000000 0.000000 -0.000002
 32   -0.814395 -0.093824 3.127092 0.262921 -3.097582 -0.334816
 33   14.298673 -0.408176 0.471578 0.003687 -0.003117 -0.522469
 34   15.835795 0.581398 0.242756 -0.001271 0.032067 0.122292
 35   -0.815868 -0.091229 -3.114430 -0.132889 3.034913 -0.011455
 36   14.294526 -0.410349 -0.467541 -0.002676 0.001857 -0.384764
 37   15.834409 0.579420 -0.284600 -0.034128 0.026558 0.304555
 38   1.139685 -3.453749 -2.823813 0.000000 0.000000 0.000001
 39   -4.457742 -1.054854 -0.746180 0.000000 0.000000 0.000000
 40   1.118101 -3.449769 3.237290 0.000000 0.000001 0.000000
 41   -4.433840 -1.059130 0.959566 -0.000001 0.000000 0.000000
 42   -0.657468 1.697302 -2.688614 0.000000 0.000002 0.000000
 43   -0.664068 1.698578 2.869377 0.000000 0.000002 0.000000
time 49
  0   0.009046 4.281381 1.527761 0.000000 0.000000 -1.571449
  1   -1.093036 0.000002 -0.326057 -0.214066 -1.569082 -1.356583
  2   2.262337 0.113614 0.064702 -0.020101 -0.102707 0.193454
  3   2.380047 0.353302 0.047440 0.114893 -0.006811 0.060502
  4   2.033756 0.190472 -0.000128 0.147936 -0.025671 0.172257
  5   2.451511 0.204909 -0.003447 -0.138715 0.014434 0.103433
  6   7.247600 -0.397300 -0.109469 0.000001 0.000009 0.052298
  7   -2.022252 -0.104661 3.136172 0.914683 -1.249897 -4.084156
  8   1.168026 -0.537438 -0.063437 0.211211 0.682228 -0.236151
  9   6.790376 -0.619176 0.015206 0.630479 -0.244821 -1.548443
 10   8.637599 0.544015 -0.090417 -1.995906 -0.171602 -0.530260
 11   6.790465 -0.619039 0.017802 0.411851 -0.289650 -1.084144
 12   -2.022474 -0.104699 -2.873818 0.839033 1.276005 -2.481872
 13   1.167898 -0.537463 0.063297 0.060877 -1.207588 -0.560098
 14   7.002743 -0.617765 -0.183752 -0.221523 0.512221 -2.105126
 15   8.209042 0.615527 -0.255885 1.315698 0.110400 -0.312721
 16   7.002735 -0.617911 -0.183641 -0.015738 0.433718 -1.436217
 17   1.574674 0.609930 -0.000899 0.237026 -0.155980 0.574440
 18   -0.602177 0.511412 -0.000006 0.000000 0.000000 0.000000
 19   3.673773 0.177020 1.119313 -0.000002 -0.000014 -0.174510
 20   3.673767 0.176993 -1.117566 0.000007 -0.000003 -0.174546
 21   3.942357 1.334540 1.627658 0.000002 -0.000011 -0.000026
 22   -0.246060 -0.011889 0.516521 -0.000011 0.000031 0.000025
 23   3.942374 1.334565 -1.631083 0.000019 0.000002 -0.000024
 24   -0.246150 -0.011872 -0.516511 -0.000005 -0.000006 0.000048
 25   4.941364 1.997338 1.629330 0.000018 -0.000001 -0.000024
 26   4.941382 1.997366 -1.629410 -0.000001 0.000005 -0.000024
 27   2.914462 1.619264 1.514501 -0.000019 -0.000022 -0.000050
 28   2.916892 1.618870 -1.501142 -0.000002 -0.000009 -0.000024
 29   8.824059 0.150544 0.091743 0.000006 -0.000231 -0.174534
 30   2.111085 -0.561179 1.784320 -0.000008 -0.000682 0.000024
 31   2.121290 -0.561289 -1.853599 0.000000 0.000000 -0.000002
 32   -0.814395 -0.093824 3.127092 0.262921 -3.097582 -0.334816
 33   14.298673 -0.408176 0.471578 0.003687 -0.003117 -0.522469
 34   15.835795 0.581398 0.242756 -0.001271 0.032067 0.122292
 35   -0.815868 -0.091229 -3.114430 -0.132889 3.034913 -0.011455
 36   14.294526 -0.410349 -0.467541 -0.002676 0.001857 -0.384764
 37   15.834409 0.579420 -0.284600 -0.034128 0.026558 0.304555
 38   1.139685 -3.453749 -2.823813 0.000000 0.000000 0.000001
 39   -4.457742 -1.054854 -0.746180 0.000000 0.000000 0.000000
 40   1.118101 -3.449769 3.237290 0.000000 0.000001 0.000000
 41   -4.433840 -1.059130 0.959566 -0.000001 0.000000 0.000000
 42   -0.657468 1.697302 -2.688614 0.000000 0.000002 0.000000
 43   -0.664068 1.698578 2.869377 0.000000 0.000002 0.000000
time 50
  0   0.009046 4.281381 1.527761 0.000000 0.000000 -1.571449
  1   -1.093036 0.000002 -0.326057 -0.214066 -1.569082 -1.356583
  2   2.262337 0.113614 0.064702 -0.020101 -0.102707 0.193454
  3   2.380047 0.353302 0.047440 0.109357 -0.006512 0.060543
  4   2.033756 0.190472 -0.000128 0.132647 -0.022998 0.172656
  5   2.451511 0.204909 -0.003447 -0.138715 0.014434 0.103433
  6   7.247600 -0.397300 -0.109469 0.000001 0.000009 0.052298
  7   -2.022252 -0.104661 3.136172 0.914683 -1.249897 -4.084156
  8   1.168026 -0.537438 -0.063437 0.172610 0.671360 -0.280117
  9   6.790376 -0.619176 0.015206 0.633975 -0.253964 -1.527463
 10   8.637599 0.544015 -0.090417 -1.995906 -0.171602 -0.530260
 11   6.790465 -0.619039 0.017802 0.412756 -0.295022 -1.068341
 12   -2.022474 -0.104699 -2.873818 0.839033 1.276005 -2.481872
 13   1.167898 -0.537463 0.063297 0.060877 -1.207588 -0.568089
 14   7.002743 -0.617765 -0.183752 -0.214179 0.504498 -2.092255
 15   8.209042 0.615527 -0.255885 1.323032 0.087702 -0.311999
 16   7.002735 -0.617911 -0.183641 -0.013714 0.426050 -1.429428
 17   1.574674 0.609930 -0.000899 0.218096 -0.147721 0.568822
 18   -0.602177 0.511412 -0.000006 0.000000 0.000000 0.000000
 19   3.673773 0.177020 1.119313 -0.000002 -0.000014 -0.174510
 20   3.673767 0.176993 -1.117566 0.000007 -0.000003 -0.174546
 21   3.942357 1.334540 1.627658 0.000002 -0.000011 -0.000026
 22   -0.246060 -0.011889 0.516521 -0.000011 0.000031 0.000025
 23   3.942374 1.334565 -1.631083 0.000019 0.000002 -0.000024
 24   -0.246150 -0.011872 -0.516511 -0.000005 -0.000006 0.000048
 25   4.941364 1.997338 1.629330 0.000018 -0.000001 -0.000024
 26   4.941382 1.997366 -1.629410 -0.000001 0.000005 -0.000024
 27   2.914462 1.619264 1.514501 -0.000019 -0.000022 -0.000050
 28   2.916892 1.618870 -1.501142 -0.000002 -0.000009 -0.000024
 29   8.824059 0.150544 0.091743 0.000006 -0.000231 -0.174534
 30   2.111085 -0.561179 1.784320 -0.000008 -0.000682 0.000024
 31   2.121290 -0.561289 -1.853599 0.000000 0.000000 -0.000002
 32   -0.814395 -0.093824 3.127092 0.262921 -3.097582 -0.334816
 33   14.298673 -0.408176 0.471578 0.003687 -0.003117 -0.522469
 34   15.835795 0.581398 0.242756 -0.001271 0.032067 0.122292
 35   -0.815868 -0.091229 -3.114430 -0.132889 3.034913 -0.011455
 36   14.294526 -0.410349 -0.467541 -0.002676 0.001857 -0.384764
 37   15.834409 0.579420 -0.284600 -0.034128 0.026558 0.304555
 38   1.139685 -3.453749 -2.823813 0.000000 0.000000 0.000001
 39   -4.457742 -1.054854 -0.746180 0.000000 0.000000 0.000000
 40   1.118101 -3.449769 3.237290 0.000000 0.000001 0.000000
 41   -4.433840 -1.059130 0.959566 -0.000001 0.000000 0.000000
 42   -0.657468 1.697302 -2.688614 0.000000 0.000002 0.000000
 43   -0.664068 1.698578 2.869377 0.000000 0.000002 0.000000
time 51
  0   0.009046 4.281381 1.527761 0.000000 0.000000 -1.571449
  1   -1.093036 0.000002 -0.326057 -0.214066 -1.569082 -1.356583
  2   2.262337 0.113614 0.064702 -0.020101 -0.102707 0.193454
  3   2.380047 0.353302 0.047440 0.103942 -0.006164 0.060543
  4   2.033756 0.190472 -0.000128 0.117451 -0.020350 0.172982
  5   2.451511 0.204909 -0.003447 -0.138715 0.014434 0.103433
  6   7.247600 -0.397300 -0.109469 0.000001 0.000009 0.052298
  7   -2.022252 -0.104661 3.136172 0.914683 -1.249897 -4.084156
  8   1.168026 -0.537438 -0.063437 0.134959 0.659184 -0.323134
  9   6.790376 -0.619176 0.015206 0.637248 -0.263108 -1.506483
 10   8.637599 0.544015 -0.090417 -1.995906 -0.171602 -0.530260
 11   6.790465 -0.619039 0.017802 0.413573 -0.300338 -1.052480
 12   -2.022474 -0.104699 -2.873818 0.839033 1.276005 -2.481872
 13   1.167898 -0.537463 0.063297 0.060877 -1.207588 -0.576140
 14   7.002743 -0.617765 -0.183752 -0.206891 0.496719 -2.079302
 15   8.209042 0.615527 -0.255885 1.330438 0.064929 -0.311398
 16   7.002735 -0.617911 -0.183641 -0.011831 0.418324 -1.422584
 17   1.574674 0.609930 -0.000899 0.199045 -0.139556 0.562945
 18   -0.602177 0.511412 -0.000006 0.000000 0.000000 0.000000
 19   3.673773 0.177020 1.119313 -0.000002 -0.000014 -0.174510
 20   3.673767 0.176993 -1.117566 0.000007 -0.000003 -0.174546
 21   3.942357 1.334540 1.627658 0.000002 -0.000011 -0.000026
 22   -0.246060 -0.011889 0.516521 -0.000011 0.000031 0.000025
 23   3.942374 1.334565 -1.631083 0.000019 0.000002 -0.000024
 24   -0.246150 -0.011872 -0.516511 -0.000005 -0.000006 0.000048
 25   4.941364 1.997338 1.629330 0.000018 -0.000001 -0.000024
 26   4.941382 1.997366 -1.629410 -0.000001 0.000005 -0.000024
 27   2.914462 1.619264 1.514501 -0.000019 -0.000022 -0.000050
 28   2.916892 1.618870 -1.501142 -0.000002 -0.000009 -0.000024
 29   8.824059 0.150544 0.091743 0.000006 -0.000231 -0.174534
 30   2.111085 -0.561179 1.784320 -0.000008 -0.000682 0.000024
 31   2.121290 -0.561289 -1.853599 0.000000 0.000000 -0.000002
 32   -0.814395 -0.093824 3.127092 0.262921 -3.097582 -0.334816
 33   14.298673 -0.408176 0.471578 0.003687 -0.003117 -0.522469
 34   15.835795 0.581398 0.242756 -0.001271 0.032067 0.122292
 35   -0.815868 -0.091229 -3.114430 -0.132889 3.034913 -0.011455
 36   14.294526 -0.410349 -0.467541 -0.002676 0.001857 -0.384764
 37   15.834409 0.579420 -0.284600 -0.034128 0.026558 0.304555
 38   1.139685 -3.453749 -2.823813 0.000000 0.000000 0.000001
 39   -4.457742 -1.054854 -0.746180 0.000000 0.000000 0.000000
 40   1.118101 -3.449769 3.237290 0.000000 0.000001 0.000000
 41   -4.433840 -1.059130 0.959566 -0.000001 0.000000 0.000000
 42   -0.657468 1.697302 -2.688614 0.000000 0.000002 0.000000
 43   -0.664068 1.698578 2.869377 0.000000 0.000002 0.000000
time 52
  0   0.009046 4.281381 1.527761 0.000000 0.000000 -1.571449
  1   -1.093036 0.000002 -0.326057 -0.214066 -1.569082 -1.356583
  2   2.262337 0.113614 0.064702 -0.020101 -0.102707 0.193454
  3   2.380047 0.353302 0.047440 0.098467 -0.005877 0.060604
  4   2.033756 0.190472 -0.000128 0.102199 -0.017653 0.173272
  5   2.451511 0.204909 -0.003447 -0.138715 0.014434 0.103433
  6   7.247600 -0.397300 -0.109469 0.000001 0.000009 0.052298
  7   -2.022252 -0.104661 3.136172 0.914683 -1.249897 -4.084156
  8   1.168026 -0.537438 -0.063437 0.098446 0.645901 -0.365139
  9   6.790376 -0.619176 0.015206 0.640355 -0.272385 -1.485654
 10   8.637599 0.544015 -0.090417 -1.995906 -0.171602 -0.530260
 11   6.790465 -0.619039 0.017802 0.414216 -0.305738 -1.036619
 12   -2.022474 -0.104699 -2.873818 0.839033 1.276005 -2.481872
 13   1.167898 -0.537463 0.063297 0.060877 -1.207588 -0.584070
 14   7.002743 -0.617765 -0.183752 -0.199889 0.488826 -2.066596
 15   8.209042 0.615527 -0.255885 1.337844 0.042155 -0.311037
 16   7.002735 -0.617911 -0.183641 -0.009948 0.410599 -1.415796
 17   1.574674 0.609930 -0.000899 0.179953 -0.131532 0.556847
 18   -0.602177 0.511412 -0.000006 0.000000 0.000000 0.000000
 19   3.673773 0.177020 1.119313 -0.000002 -0.000014 -0.174510
 20   3.673767 0.176993 -1.117566 0.000007 -0.000003 -0.174546
 21   3.942357 1.334540 1.627658 0.000002 -0.000011 -0.000026
 22   -0.246060 -0.011889 0.516521 -0.000011 0.000031 0.000025
 23   3.942374 1.334565 -1.631083 0.000019 0.000002 -0.000024
 24   -0.246150 -0.011872 -0.516511 -0.000005 -0.000006 0.000048
 25   4.941364 1.997338 1.629330 0.000018 -0.000001 -0.000024
 26   4.941382 1.997366 -1.629410 -0.000001 0.000005 -0.000024
 27   2.914462 1.619264 1.514501 -0.000019 -0.000022 -0.000050
 28   2.916892 1.618870 -1.501142 -0.000002 -0.000009 -0.000024
 29   8.824059 0.150544 0.091743 0.000006 -0.000231 -0.174534
 30   2.111085 -0.561179 1.784320 -0.000008 -0.000682 0.000024
 31   2.121290 -0.561289 -1.853599 0.000000 0.000000 -0.000002
 32   -0.814395 -0.093824 3.127092 0.262921 -3.097582 -0.334816
 33   14.298673 -0.408176 0.471578 0.003687 -0.003117 -0.522469
 34   15.835795 0.581398 0.242756 -0.001271 0.032067 0.122292
 35   -0.815868 -0.091229 -3.114430 -0.132889 3.034913 -0.011455
 36   14.294526 -0.410349 -0.467541 -0.002676 0.001857 -0.384764
 37   15.834409 0.579420 -0.284600 -0.034128 0.026558 0.304555
 38   1.139685 -3.453749 -2.823813 0.000000 0.000000 0.000001
 39   -4.457742 -1.054854 -0.746180 0.000000 0.000000 0.000000
 40   1.118101 -3.449769 3.237290 0.000000 0.000001 0.000000
 41   -4.433840 -1.059130 0.959566 -0.000001 0.000000 0.000000
 42   -0.657468 1.697302 -2.688614 0.000000 0.000002 0.000000
 43   -0.664068 1.698578 2.869377 0.000000 0.000002 0.000000
time 53
  0   0.009046 4.281381 1.527761 0.000000 0.000000 -1.571449
  1   -1.093036 0.000002 -0.326057 -0.214066 -1.569082 -1.356583
  2   2.262337 0.113614 0.064702 -0.020101 -0.102707 0.193454
  3   2.380047 0.353302 0.047440 0.092931 -0.005565 0.060645
  4   2.033756 0.190472 -0.000128 0.086984 -0.015005 0.173562
  5   2.451511 0.204909 -0.003447 -0.138715 0.014434 0.103433
  6   7.247600 -0.397300 -0.109469 0.000001 0.000009 0.052298
  7   -2.022252 -0.104661 3.136172 0.914683 -1.249897 -4.084156
  8   1.168026 -0.537438 -0.063437 0.062819 0.631511 -0.406258
  9   6.790376 -0.619176 0.015206 0.643073 -0.281728 -1.464674
 10   8.637599 0.544015 -0.090417 -1.995906 -0.171602 -0.530260
 11   6.790465 -0.619039 0.017802 0.414800 -0.311111 -1.020759
 12   -2.022474 -0.104699 -2.873818 0.839033 1.276005 -2.481872
 13   1.167898 -0.537463 0.063297 0.060877 -1.207588 -0.592000
 14   7.002743 -0.617765 -0.183752 -0.192943 0.480876 -2.053808
 15   8.209042 0.615527 -0.255885 1.345178 0.019457 -0.310676
 16   7.002735 -0.617911 -0.183641 -0.008159 0.402874 -1.409117
 17   1.574674 0.609930 -0.000899 0.160861 -0.123604 0.550674
 18   -0.602177 0.511412 -0.000006 0.000000 0.000000 0.000000
 19   3.673773 0.177020 1.119313 -0.000002 -0.000014 -0.174510
 20   3.673767 0.176993 -1.117566 0.000007 -0.000003 -0.174546
 21   3.942357 1.334540 1.627658 0.000002 -0.000011 -0.000026
 22   -0.246060 -0.011889 0.516521 -0.000011 0.000031 0.000025
 23   3.942374 1.334565 -1.631083 0.000019 0.000002 -0.000024
 24   -0.246150 -0.011872 -0.516511 -0.000005 -0.000006 0.000048
 25   4.941364 1.997338 1.629330 0.000018 -0.000001 -0.000024
 26   4.941382 1.997366 -1.629410 -0.000001 0.000005 -0.000024
 27   2.914462 1.619264 1.514501 -0.000019 -0.000022 -0.000050
 28   2.916892 1.618870 -1.501142 -0.000002 -0.000009 -0.000024
 29   8.824059 0.150544 0.091743 0.000006 -0.000231 -0.174534
 30   2.111085 -0.561179 1.784320 -0.000008 -0.000682 0.000024
 31   2.121290 -0.561289 -1.853599 0.000000 0.000000 -0.000002
 32   -0.814395 -0.093824 3.127092 0.262921 -3.097582 -0.334816
 33   14.298673 -0.408176 0.471578 0.003687 -0.003117 -0.522469
 34   15.835795 0.581398 0.242756 -0.001271 0.032067 0.122292
 35   -0.815868 -0.091229 -3.114430 -0.132889 3.034913 -0.011455
 36   14.294526 -0.410349 -0.467541 -0.002676 0.001857 -0.384764
 37   15.834409 0.579420 -0.284600 -0.034128 0.026558 0.304555
 38   1.139685 -3.453749 -2.823813 0.000000 0.000000 0.000001
 39   -4.457742 -1.054854 -0.746180 0.000000 0.000000 0.000000
 40   1.118101 -3.449769 3.237290 0.000000 0.000001 0.000000
 41   -4.433840 -1.059130 0.959566 -0.000001 0.000000 0.000000
 42   -0.657468 1.697302 -2.688614 0.000000 0.000002 0.000000
 43   -0.664068 1.698578 2.869377 0.000000 0.000002 0.000000
time 54
  0   0.009046 4.281381 1.527761 0.000000 0.000000 -1.571449
  1   -1.093036 0.000002 -0.326057 -0.214066 -1.569082 -1.356583
  2   2.262337 0.113614 0.064702 -0.020101 -0.102707 0.193454
  3   2.380047 0.353302 0.047440 0.087516 -0.005217 0.060645
  4   2.033756 0.190472 -0.000128 0.071732 -0.012308 0.173707
  5   2.451511 0.204909 -0.003447 -0.138715 0.014434 0.103433
  6   7.247600 -0.397300 -0.109469 0.000001 0.000009 0.052298
  7   -2.022252 -0.104661 3.136172 0.914683 -1.249897 -4.084156
  8   1.168026 -0.537438 -0.063437 0.028900 0.615913 -0.446112
  9   6.790376 -0.619176 0.015206 0.645847 -0.291139 -1.443769
 10   8.637599 0.544015 -0.090417 -1.995906 -0.171602 -0.530260
 11   6.790465 -0.619039 0.017802 0.415208 -0.316483 -1.004725
 12   -2.022474 -0.104699 -2.873818 0.839033 1.276005 -2.481872
 13   1.167898 -0.537463 0.063297 0.060877 -1.207588 -0.599930
 14   7.002743 -0.617765 -0.183752 -0.186225 0.472869 -2.041432
 15   8.209042 0.615527 -0.255885 1.352512 -0.003241 -0.310676
 16   7.002735 -0.617911 -0.183641 -0.006417 0.395149 -1.402328
 17   1.574674 0.609930 -0.000899 0.141769 -0.115794 0.544465
 18   -0.602177 0.511412 -0.000006 0.000000 0.000000 0.000000
 19   3.673773 0.177020 1.119313 -0.000002 -0.000014 -0.174510
 20   3.673767 0.176993 -1.117566 0.000007 -0.000003 -0.174546
 21   3.942357 1.334540 1.627658 0.000002 -0.000011 -0.000026
 22   -0.246060 -0.011889 0.516521 -0.000011 0.000031 0.000025
 23   3.942374 1.334565 -1.631083 0.000019 0.000002 -0.000024
 24   -0.246150 -0.011872 -0.516511 -0.000005 -0.000006 0.000048
 25   4.941364 1.997338 1.629330 0.000018 -0.000001 -0.000024
 26   4.941382 1.997366 -1.629410 -0.000001 0.000005 -0.000024
 27   2.914462 1.619264 1.514501 -0.000019 -0.000022 -0.000050
 28   2.916892 1.618870 -1.501142 -0.000002 -0.000009 -0.000024
 29   8.824059 0.150544 0.091743 0.000006 -0.000231 -0.174534
 30   2.111085 -0.561179 1.784320 -0.000008 -0.000682 0.000024
 31   2.121290 -0.561289 -1.853599 0.000000 0.000000 -0.000002
 32   -0.814395 -0.093824 3.127092 0.262921 -3.097582 -0.334816
 33   14.298673 -0.408176 0.471578 0.003687 -0.003117 -0.522469
 34   15.835795 0.581398 0.242756 -0.001271 0.032067 0.122292
 35   -0.815868 -0.091229 -3.114430 -0.132889 3.034913 -0.011455
 36   14.294526 -0.410349 -0.467541 -0.002676 0.001857 -0.384764
 37   15.834409 0.579420 -0.284600 -0.034128 0.026558 0.304555
 38   1.139685 -3.453749 -2.823813 0.000000 0.000000 0.000001
 39   -4.457742 -1.054854 -0.746180 0.000000 0.000000 0.000000
 40   1.118101 -3.449769 3.237290 0.000000 0.000001 0.000000
 41   -4.433840 -1.059130 0.959566 -0.000001 0.000000 0.000000
 42   -0.657468 1.697302 -2.688614 0.000000 0.000002 0.000000
 43   -0.664068 1.698578 2.869377 0.000000 0.000002 0.000000
time 55
  0   0.009046 4.281381 1.527761 0.000000 0.000000 -1.571449
  1   -1.093036 0.000002 -0.326057 -0.214066 -1.569082 -1.356583
  2   2.262337 0.113614 0.064702 -0.020101 -0.102707 0.193454
  3   2.380047 0.353302 0.047440 0.082056 -0.004918 0.060706
  4   2.033756 0.190472 -0.000128 0.056516 -0.009648 0.173852
  5   2.451511 0.204909 -0.003447 -0.138715 0.014434 0.103433
  6   7.247600 -0.397300 -0.109469 0.000001 0.000009 0.052298
  7   -2.022252 -0.104661 3.136172 0.914683 -1.249897 -4.084156
  8   1.168026 -0.537438 -0.063437 -0.004448 0.599159 -0.484638
  9   6.790376 -0.619176 0.015206 0.648288 -0.300549 -1.422639
 10   8.637599 0.544015 -0.090417 -1.995906 -0.171602 -0.530260
 11   6.790465 -0.619039 0.017802 0.415530 -0.321827 -0.988807
 12   -2.022474 -0.104699 -2.873818 0.839033 1.276005 -2.481872
 13   1.167898 -0.537463 0.063297 0.060877 -1.207588 -0.607860
 14   7.002743 -0.617765 -0.183752 -0.179621 0.464749 -2.029056
 15   8.209042 0.615527 -0.255885 1.359631 -0.025787 -0.310857
 16   7.002735 -0.617911 -0.183641 -0.004769 0.387367 -1.395650
 17   1.574674 0.609930 -0.000899 0.122514 -0.108102 0.537923
 18   -0.602177 0.511412 -0.000006 0.000000 0.000000 0.000000
 19   3.673773 0.177020 1.119313 -0.000002 -0.000014 -0.174510
 20   3.673767 0.176993 -1.117566 0.000007 -0.000003 -0.174546
 21   3.942357 1.334540 1.627658 0.000002 -0.000011 -0.000026
 22   -0.246060 -0.011889 0.516521 -0.000011 0.000031 0.000025
 23   3.942374 1.334565 -1.631083 0.000019 0.000002 -0.000024
 24   -0.246150 -0.011872 -0.516511 -0.000005 -0.000006 0.000048
 25   4.941364 1.997338 1.629330 0.000018 -0.000001 -0.000024
 26   4.941382 1.997366 -1.629410 -0.000001 0.000005 -0.000024
 27   2.914462 1.619264 1.514501 -0.000019 -0.000022 -0.000050
 28   2.916892 1.618870 -1.501142 -0.000002 -0.000009 -0.000024
 29   8.824059 0.150544 0.091743 0.000006 -0.000231 -0.174534
 30   2.111085 -0.561179 1.784320 -0.000008 -0.000682 0.000024
 31   2.121290 -0.561289 -1.853599 0.000000 0.000000 -0.000002
 32   -0.814395 -0.093824 3.127092 0.262921 -3.097582 -0.334816
 33   14.298673 -0.408176 0.471578 0.003687 -0.003117 -0.522469
 34   15.835795 0.581398 0.242756 -0.001271 0.032067 0.122292
 35   -0.815868 -0.091229 -3.114430 -0.132889 3.034913 -0.011455
 36   14.294526 -0.410349 -0.467541 -0.002676 0.001857 -0.384764
 37   15.834409 0.579420 -0.284600 -0.034128 0.026558 0.304555
 38   1.139685 -3.453749 -2.823813 0.000000 0.000000 0.000001
 39   -4.457742 -1.054854 -0.746180 0.000000 0.000000 0.000000
 40   1.118101 -3.449769 3.237290 0.000000 0.000001 0.000000
 41   -4.433840 -1.059130 0.959566 -0.000001 0.000000 0.000000
 42   -0.657468 1.697302 -2.688614 0.000000 0.000002 0.000000
 43   -0.664068 1.698578 2.869377 0.000000 0.000002 0.000000
time 56
  0   0.009046 4.281381 1.527761 0.000000 0.000000 -1.571449
  1   -1.093036 0.000002 -0.326057 -0.214066 -1.569082 -1.356583
  2   2.262337 0.113614 0.064702 -0.020101 -0.102707 0.193454
  3   2.380047 0.353302 0.047440 0.076520 -0.004570 0.060706
  4   2.033756 0.190472 -0.000128 0.041320 -0.007023 0.173960
  5   2.451511 0.204909 -0.003447 -0.138715 0.014434 0.103433
  6   7.247600 -0.397300 -0.109469 0.000001 0.000009 0.052298
  7   -2.022252 -0.104661 3.136172 0.914683 -1.249897 -4.084156
  8   1.168026 -0.537438 -0.063437 -0.036532 0.581398 -0.521898
  9   6.790376 -0.619176 0.015206 0.650563 -0.309959 -1.401659
 10   8.637599 0.544015 -0.090417 -1.995906 -0.171602 -0.530260
 11   6.790465 -0.619039 0.017802 0.415705 -0.327114 -0.972773
 12   -2.022474 -0.104699 -2.873818 0.839033 1.276005 -2.481872
 13   1.167898 -0.537463 0.063297 0.060877 -1.207588 -0.615790
 14   7.002743 -0.617765 -0.183752 -0.173073 0.456515 -2.016763
 15   8.209042 0.615527 -0.255885 1.366893 -0.048561 -0.311217
 16   7.002735 -0.617911 -0.183641 -0.003122 0.379642 -1.388972
 17   1.574674 0.609930 -0.000899 0.103422 -0.100529 0.531418
 18   -0.602177 0.511412 -0.000006 0.000000 0.000000 0.000000
 19   3.673773 0.177020 1.119313 -0.000002 -0.000014 -0.174510
 20   3.673767 0.176993 -1.117566 0.000007 -0.000003 -0.174546
 21   3.942357 1.334540 1.627658 0.000002 -0.000011 -0.000026
 22   -0.246060 -0.011889 0.516521 -0.000011 0.000031 0.000025
 23   3.942374 1.334565 -1.631083 0.000019 0.000002 -0.000024
 24   -0.246150 -0.011872 -0.516511 -0.000005 -0.000006 0.000048
 25   4.941364 1.997338 1.629330 0.000018 -0.000001 -0.000024
 26   4.941382 1.997366 -1.629410 -0.000001 0.000005 -0.000024
 27   2.914462 1.619264 1.514501 -0.000019 -0.000022 -0.000050
 28   2.916892 1.618870 -1.501142 -0.000002 -0.000009 -0.000024
 29   8.824059 0.150544 0.091743 0.000006 -0.000231 -0.174534
 30   2.111085 -0.561179 1.784320 -0.000008 -0.000682 0.000024
 31   2.121290 -0.561289 -1.853599 0.000000 0.000000 -0.000002
 32   -0.814395 -0.093824 3.127092 0.262921 -3.097582 -0.334816
 33   14.298673 -0.408176 0.471578 0.003687 -0.003117 -0.522469
 34   15.835795 0.581398 0.242756 -0.001271 0.032067 0.122292
 35   -0.815868 -0.091229 -3.114430 -0.132889 3.034913 -0.011455
 36   14.294526 -0.410349 -0.467541 -0.002676 0.001857 -0.384764
 37   15.834409 0.579420 -0.284600 -0.034128 0.026558 0.304555
 38   1.139685 -3.453749 -2.823813 0.000000 0.000000 0.000001
 39   -4.457742 -1.054854 -0.746180 0.000000 0.000000 0.000000
 40   1.118101 -3.449769 3.237290 0.000000 0.000001 0.000000
 41   -4.433840 -1.059130 0.959566 -0.000001 0.000000 0.000000
 42   -0.657468 1.697302 -2.688614 0.000000 0.000002 0.000000
 43   -0.664068 1.698578 2.869377 0.000000 0.000002 0.000000
time 57
  0   0.009046 4.281381 1.527761 0.000000 0.000000 -1.571449
  1   -1.093036 0.000002 -0.326057 -0.214066 -1.569082 -1.356583
  2   2.262337 0.113614 0.064702 -0.020101 -0.102707 0.193454
  3   2.380047 0.353302 0.047440 0.071120 -0.004259 0.060747
  4   2.033756 0.190472 -0.000128 0.026105 -0.004362 0.173997
  5   2.451511 0.204909 -0.003447 -0.138715 0.014434 0.103433
  6   7.247600 -0.397300 -0.109469 0.000001 0.000009 0.052298
  7   -2.022252 -0.104661 3.136172 0.914683 -1.249897 -4.084156
  8   1.168026 -0.537438 -0.063437 -0.067412 0.562631 -0.558083
  9   6.790376 -0.619176 0.015206 0.652727 -0.319503 -1.380528
 10   8.637599 0.544015 -0.090417 -1.995906 -0.171602 -0.530260
 11   6.790465 -0.619039 0.017802 0.415822 -0.332430 -0.956682
 12   -2.022474 -0.104699 -2.873818 0.839033 1.276005 -2.481872
 13   1.167898 -0.537463 0.063297 0.060877 -1.207588 -0.623720
 14   7.002743 -0.617765 -0.183752 -0.166754 0.448338 -2.004552
 15   8.209042 0.615527 -0.255885 1.374227 -0.071259 -0.311699
 16   7.002735 -0.617911 -0.183641 -0.001568 0.371917 -1.382349
 17   1.574674 0.609930 -0.000899 0.084168 -0.093074 0.524728
 18   -0.602177 0.511412 -0.000006 0.000000 0.000000 0.000000
 19   3.673773 0.177020 1.119313 -0.000002 -0.000014 -0.174510
 20   3.673767 0.176993 -1.117566 0.000007 -0.000003 -0.174546
 21   3.942357 1.334540 1.627658 0.000002 -0.000011 -0.000026
 22   -0.246060 -0.011889 0.516521 -0.000011 0.000031 0.000025
 23   3.942374 1.334565 -1.631083 0.000019 0.000002 -0.000024
 24   -0.246150 -0.011872 -0.516511 -0.000005 -0.000006 0.000048
 25   4.941364 1.997338 1.629330 0.000018 -0.000001 -0.000024
 26   4.941382 1.997366 -1.629410 -0.000001 0.000005 -0.000024
 27   2.914462 1.619264 1.514501 -0.000019 -0.000022 -0.000050
 28   2.916892 1.618870 -1.501142 -0.000002 -0.000009 -0.000024
 29   8.824059 0.150544 0.091743 0.000006 -0.000231 -0.174534
 30   2.111085 -0.561179 1.784320 -0.000008 -0.000682 0.000024
 31   2.121290 -0.561289 -1.853599 0.000000 0.000000 -0.000002
 32   -0.814395 -0.093824 3.127092 0.262921 -3.097582 -0.334816
 33   14.298673 -0.408176 0.471578 0.003687 -0.003117 -0.522469
 34   15.835795 0.581398 0.242756 -0.001271 0.032067 0.122292
 35   -0.815868 -0.091229 -3.114430 -0.132889 3.034913 -0.011455
 36   14.294526 -0.410349 -0.467541 -0.002676 0.001857 -0.384764
 37   15.834409 0.579420 -0.284600 -0.034128 0.026558 0.304555
 38   1.139685 -3.453749 -2.823813 0.000000 0.000000 0.000001
 39   -4.457742 -1.054854 -0.746180 0.000000 0.000000 0.000000
 40   1.118101 -3.449769 3.237290 0.000000 0.000001 0.000000
 41   -4.433840 -1.059130 0.959566 -0.000001 0.000000 0.000000
 42   -0.657468 1.697302 -2.688614 0.000000 0.000002 0.000000
 43   -0.664068 1.698578 2.869377 0.000000 0.000002 0.000000
time 58
  0   0.009046 4.281381 1.527761 0.000000 0.000000 -1.571449
  1   -1.093036 0.000002 -0.326057 -0.214066 -1.569082 -1.356583
  2   2.262337 0.113614 0.064702 -0.020101 -0.102707 0.193454
  3   2.380047 0.353302 0.047440 0.065599 -0.003899 0.060747
  4   2.033756 0.190472 -0.000128 0.010890 -0.001762 0.174033
  5   2.451511 0.204909 -0.003447 -0.138715 0.014434 0.103433
  6   7.247600 -0.397300 -0.109469 0.000001 0.000009 0.052298
  7   -2.022252 -0.104661 3.136172 0.914683 -1.249897 -4.084156
  8   1.168026 -0.537438 -0.063437 -0.097344 0.543058 -0.592813
  9   6.790376 -0.619176 0.015206 0.654669 -0.329114 -1.359321
 10   8.637599 0.544015 -0.090417 -1.995906 -0.171602 -0.530260
 11   6.790465 -0.619039 0.017802 0.415792 -0.337717 -0.940533
 12   -2.022474 -0.104699 -2.873818 0.839033 1.276005 -2.481872
 13   1.167898 -0.537463 0.063297 0.060877 -1.207588 -0.631711
 14   7.002743 -0.617765 -0.183752 -0.160548 0.440048 -1.992424
 15   8.209042 0.615527 -0.255885 1.381633 -0.094108 -0.312240
 16   7.002735 -0.617911 -0.183641 -0.000062 0.364192 -1.375615
 17   1.574674 0.609930 -0.000899 0.064954 -0.085761 0.517853
 18   -0.602177 0.511412 -0.000006 0.000000 0.000000 0.000000
 19   3.673773 0.177020 1.119313 -0.000002 -0.000014 -0.174510
 20   3.673767 0.176993 -1.117566 0.000007 -0.000003 -0.174546
 21   3.942357 1.334540 1.627658 0.000002 -0.000011 -0.000026
 22   -0.246060 -0.011889 0.516521 -0.000011 0.000031 0.000025
 23   3.942374 1.334565 -1.631083 0.000019 0.000002 -0.000024
 24   -0.246150 -0.011872 -0.516511 -0.000005 -0.000006 0.000048
 25   4.941364 1.997338 1.629330 0.000018 -0.000001 -0.000024
 26   4.941382 1.997366 -1.629410 -0.000001 0.000005 -0.000024
 27   2.914462 1.619264 1.514501 -0.000019 -0.000022 -0.000050
 28   2.916892 1.618870 -1.501142 -0.000002 -0.000009 -0.000024
 29   8.824059 0.150544 0.091743 0.000006 -0.000231 -0.174534
 30   2.111085 -0.561179 1.784320 -0.000008 -0.000682 0.000024
 31   2.121290 -0.561289 -1.853599 0.000000 0.000000 -0.000002
 32   -0.814395 -0.093824 3.127092 0.262921 -3.097582 -0.334816
 33   14.298673 -0.408176 0.471578 0.003687 -0.003117 -0.522469
 34   15.835795 0.581398 0.242756 -0.001271 0.032067 0.122292
 35   -0.815868 -0.091229 -3.114430 -0.132889 3.034913 -0.011455
 36   14.294526 -0.410349 -0.467541 -0.002676 0.001857 -0.384764
 37   15.834409 0.579420 -0.284600 -0.034128 0.026558 0.304555
 38   1.139685 -3.453749 -2.823813 0.000000 0.000000 0.000001
 39   -4.457742 -1.054854 -0.746180 0.000000 0.000000 0.000000
 40   1.118101 -3.449769 3.237290 0.000000 0.000001 0.000000
 41   -4.433840 -1.059130 0.959566 -0.000001 0.000000 0.000000
 42   -0.657468 1.697302 -2.688614 0.000000 0.000002 0.000000
 43   -0.664068 1.698578 2.869377 0.000000 0.000002 0.000000
time 59
  0   0.009046 4.281381 1.527761 0.000000 0.000000 -1.571449
  1   -1.093036 0.000002 -0.326057 -0.214066 -1.569082 -1.356583
  2   2.262337 0.113614 0.064702 -0.020101 -0.102707 0.193454
  3   2.380047 0.353302 0.047440 0.060124 -0.003564 0.060747
  4   2.033756 0.190472 -0.000128 -0.004196 0.000839 0.173997
  5   2.451511 0.204909 -0.003447 -0.138715 0.014434 0.103433
  6   7.247600 -0.397300 -0.109469 0.000001 0.000009 0.052298
  7   -2.022252 -0.104661 3.136172 0.914683 -1.249897 -4.084156
  8   1.168026 -0.537438 -0.063437 -0.126010 0.522580 -0.626594
  9   6.790376 -0.619176 0.015206 0.656278 -0.338591 -1.338190
 10   8.637599 0.544015 -0.090417 -1.995906 -0.171602 -0.530260
 11   6.790465 -0.619039 0.017802 0.415646 -0.343004 -0.924384
 12   -2.022474 -0.104699 -2.873818 0.839033 1.276005 -2.481872
 13   1.167898 -0.537463 0.063297 0.060877 -1.207588 -0.639641
 14   7.002743 -0.617765 -0.183752 -0.154513 0.431700 -1.980543
 15   8.209042 0.615527 -0.255885 1.389111 -0.116881 -0.313022
 16   7.002735 -0.617911 -0.183641 0.001351 0.356523 -1.369047
 17   1.574674 0.609930 -0.000899 0.045618 -0.078519 0.510867
 18   -0.602177 0.511412 -0.000006 0.000000 0.000000 0.000000
 19   3.673773 0.177020 1.119313 -0.000002 -0.000014 -0.174510
 20   3.673767 0.176993 -1.117566 0.000007 -0.000003 -0.174546
 21   3.942357 1.334540 1.627658 0.000002 -0.000011 -0.000026
 22   -0.246060 -0.011889 0.516521 -0.000011 0.000031 0.000025
 23   3.942374 1.334565 -1.631083 0.000019 0.000002 -0.000024
 24   -0.246150 -0.011872 -0.516511 -0.000005 -0.000006 0.000048
 25   4.941364 1.997338 1.629330 0.000018 -0.000001 -0.000024
 26   4.941382 1.997366 -1.629410 -0.000001 0.000005 -0.000024
 27   2.914462 1.619264 1.514501 -0.000019 -0.000022 -0.000050
 28   2.916892 1.618870 -1.501142 -0.000002 -0.000009 -0.000024
 29   8.824059 0.150544 0.091743 0.000006 -0.000231 -0.174534
 30   2.111085 -0.561179 1.784320 -0.000008 -0.000682 0.000024
 31   2.121290 -0.561289 -1.853599 0.000000 0.000000 -0.000002
 32   -0.814395 -0.093824 3.127092 0.262921 -3.097582 -0.334816
 33   14.298673 -0.408176 0.471578 0.003687 -0.003117 -0.522469
 34   15.835795 0.581398 0.242756 -0.001271 0.032067 0.122292
 35   -0.815868 -0.091229 -3.114430 -0.132889 3.034913 -0.011455
 36   14.294526 -0.410349 -0.467541 -0.002676 0.001857 -0.384764
 37   15.834409 0.579420 -0.284600 -0.034128 0.026558 0.304555
 38   1.139685 -3.453749 -2.823813 0.000000 0.000000 0.000001
 39   -4.457742 -1.054854 -0.746180 0.000000 0.000000 0.000000
 40   1.118101 -3.449769 3.237290 0.000000 0.000001 0.000000
 41   -4.433840 -1.059130 0.959566 -0.000001 0.000000 0.000000
 42   -0.657468 1.697302 -2.688614 0.000000 0.000002 0.000000
 43   -0.664068 1.698578 2.869377 0.000000 0.000002 0.000000
time 60
  0   0.009046 4.281381 1.527761 0.000000 0.000000 -1.571449
  1   -1.093036 0.000002 -0.326057 -0.214066 -1.569082 -1.356583
  2   2.262337 0.113614 0.064702 -0.020101 -0.102707 0.193454
  3   2.380047 0.353302 0.047440 0.054724 -0.003252 0.060808
  4   2.033756 0.190472 -0.000128 -0.019393 0.003476 0.173960
  5   2.451511 0.204909 -0.003447 -0.138715 0.014434 0.103433
  6   7.247600 -0.397300 -0.109469 0.000001 0.000009 0.052298
  7   -2.022252 -0.104661 3.136172 0.914683 -1.249897 -4.084156
  8   1.168026 -0.537438 -0.063437 -0.153537 0.501348 -0.659110
  9   6.790376 -0.619176 0.015206 0.657665 -0.348268 -1.316984
 10   8.637599 0.544015 -0.090417 -1.995906 -0.171602 -0.530260
 11   6.790465 -0.619039 0.017802 0.415384 -0.348262 -0.908177
 12   -2.022474 -0.104699 -2.873818 0.839033 1.276005 -2.481872
 13   1.167898 -0.537463 0.063297 0.060877 -1.207588 -0.647692
 14   7.002743 -0.617765 -0.183752 -0.148535 0.423296 -1.968662
 15   8.209042 0.615527 -0.255885 1.396589 -0.139730 -0.313924
 16   7.002735 -0.617911 -0.183641 0.002763 0.348798 -1.362479
 17   1.574674 0.609930 -0.000899 0.026282 -0.071490 0.503660
 18   -0.602177 0.511412 -0.000006 0.000000 0.000000 0.000000
 19   3.673773 0.177020 1.119313 -0.000002 -0.000014 -0.174510
 20   3.673767 0.176993 -1.117566 0.000007 -0.000003 -0.174546
 21   3.942357 1.334540 1.627658 0.000002 -0.000011 -0.000026
 22   -0.246060 -0.011889 0.516521 -0.000011 0.000031 0.000025
 23   3.942374 1.334565 -1.631083 0.000019 0.000002 -0.000024
 24   -0.246150 -0.011872 -0.516511 -0.000005 -0.000006 0.000048
 25   4.941364 1.997338 1.629330 0.000018 -0.000001 -0.000024
 26   4.941382 1.997366 -1.629410 -0.000001 0.000005 -0.000024
 27   2.914462 1.619264 1.514501 -0.000019 -0.000022 -0.000050
 28   2.916892 1.618870 -1.501142 -0.000002 -0.000009 -0.000024
 29   8.824059 0.150544 0.091743 0.000006 -0.000231 -0.174534
 30   2.111085 -0.561179 1.784320 -0.000008 -0.000682 0.000024
 31   2.121290 -0.561289 -1.853599 0.000000 0.000000 -0.000002
 32   -0.814395 -0.093824 3.127092 0.262921 -3.097582 -0.334816
 33   14.298673 -0.408176 0.471578 0.003687 -0.003117 -0.522469
 34   15.835795 0.581398 0.242756 -0.001271 0.032067 0.122292
 35   -0.815868 -0.091229 -3.114430 -0.132889 3.034913 -0.011455
 36   14.294526 -0.410349 -0.467541 -0.002676 0.001857 -0.384764
 37   15.834409 0.579420 -0.284600 -0.034128 0.026558 0.304555
 38   1.139685 -3.453749 -2.823813 0.000000 0.000000 0.000001
 39   -4.457742 -1.054854 -0.746180 0.000000 0.000000 0.000000
 40   1.118101 -3.449769 3.237290 0.000000 0.000001 0.000000
 41   -4.433840 -1.059130 0.959566 -0.000001 0.000000 0.000000
 42   -0.657468 1.697302 -2.688614 0.000000 0.000002 0.000000
 43   -0.664068 1.698578 2.869377 0.000000 0.000002 0.000000
time 61
  0   0.009046 4.281381 1.527761 0.000000 0.000000 -1.571449
  1   -1.093036 0.000002 -0.326057 -0.214066 -1.569082 -1.356583
  2   2.262337 0.113614 0.064702 -0.020101 -0.102707 0.193454
  3   2.380047 0.353302 0.047440 0.049188 -0.002892 0.060808
  4   2.033756 0.190472 -0.000128 -0.034608 0.006112 0.173852
  5   2.451511 0.204909 -0.003447 -0.138715 0.014434 0.103433
  6   7.247600 -0.397300 -0.109469 0.000001 0.000009 0.052298
  7   -2.022252 -0.104661 3.136172 0.914683 -1.249897 -4.084156
  8   1.168026 -0.537438 -0.063437 -0.179925 0.479411 -0.690550
  9   6.790376 -0.619176 0.015206 0.658996 -0.357879 -1.295702
 10   8.637599 0.544015 -0.090417 -1.995906 -0.171602 -0.530260
 11   6.790465 -0.619039 0.017802 0.414975 -0.353464 -0.891971
 12   -2.022474 -0.104699 -2.873818 0.839033 1.276005 -2.481872
 13   1.167898 -0.537463 0.063297 0.060877 -1.207588 -0.655622
 14   7.002743 -0.617765 -0.183752 -0.142728 0.414778 -1.956864
 15   8.209042 0.615527 -0.255885 1.404210 -0.162428 -0.315066
 16   7.002735 -0.617911 -0.183641 0.004081 0.341129 -1.355911
 17   1.574674 0.609930 -0.000899 0.007027 -0.064532 0.496416
 18   -0.602177 0.511412 -0.000006 0.000000 0.000000 0.000000
 19   3.673773 0.177020 1.119313 -0.000002 -0.000014 -0.174510
 20   3.673767 0.176993 -1.117566 0.000007 -0.000003 -0.174546
 21   3.942357 1.334540 1.627658 0.000002 -0.000011 -0.000026
 22   -0.246060 -0.011889 0.516521 -0.000011 0.000031 0.000025
 23   3.942374 1.334565 -1.631083 0.000019 0.000002 -0.000024
 24   -0.246150 -0.011872 -0.516511 -0.000005 -0.000006 0.000048
 25   4.941364 1.997338 1.629330 0.000018 -0.000001 -0.000024
 26   4.941382 1.997366 -1.629410 -0.000001 0.000005 -0.000024
 27   2.914462 1.619264 1.514501 -0.000019 -0.000022 -0.000050
 28   2.916892 1.618870 -1.501142 -0.000002 -0.000009 -0.000024
 29   8.824059 0.150544 0.091743 0.000006 -0.000231 -0.174534
 30   2.111085 -0.561179 1.784320 -0.000008 -0.000682 0.000024
 31   2.121290 -0.561289 -1.853599 0.000000 0.000000 -0.000002
 32   -0.814395 -0.093824 3.127092 0.262921 -3.097582 -0.334816
 33   14.298673 -0.408176 0.471578 0.003687 -0.003117 -0.522469
 34   15.835795 0.581398 0.242756 -0.001271 0.032067 0.122292
 35   -0.815868 -0.091229 -3.114430 -0.132889 3.034913 -0.011455
 36   14.294526 -0.410349 -0.467541 -0.002676 0.001857 -0.384764
 37   15.834409 0.579420 -0.284600 -0.034128 0.026558 0.304555
 38   1.139685 -3.453749 -2.823813 0.000000 0.000000 0.000001
 39   -4.457742 -1.054854 -0.746180 0.000000 0.000000 0.000000
 40   1.118101 -3.449769 3.237290 0.000000 0.000001 0.000000
 41   -4.433840 -1.059130 0.959566 -0.000001 0.000000 0.000000
 42   -0.657468 1.697302 -2.688614 0.000000 0.000002 0.000000
 43   -0.664068 1.698578 2.869377 0.000000 0.000002 0.000000
time 62
  0   0.009046 4.281381 1.527761 0.000000 0.000000 -1.571449
  1   -1.093036 0.000002 -0.326057 -0.214066 -1.569082 -1.356583
  2   2.262337 0.113614 0.064702 -0.020101 -0.102707 0.193454
  3   2.380047 0.353302 0.047440 0.043773 -0.002581 0.060849
  4   2.033756 0.190472 -0.000128 -0.049823 0.008797 0.173707
  5   2.451511 0.204909 -0.003447 -0.138715 0.014434 0.103433
  6   7.247600 -0.397300 -0.109469 0.000001 0.000009 0.052298
  7   -2.022252 -0.104661 3.136172 0.914683 -1.249897 -4.083968
  8   1.168026 -0.537438 -0.063437 -0.205427 0.456769 -0.720915
  9   6.790376 -0.619176 0.015206 0.659939 -0.367556 -1.274420
 10   8.637599 0.544015 -0.090417 -1.995906 -0.171602 -0.530260
 11   6.790465 -0.619039 0.017802 0.414479 -0.358666 -0.875822
 12   -2.022474 -0.104699 -2.873818 0.839033 1.276005 -2.481872
 13   1.167898 -0.537463 0.063297 0.060877 -1.207588 -0.663673
 14   7.002743 -0.617765 -0.183752 -0.137035 0.406204 -1.945313
 15   8.209042 0.615527 -0.255885 1.411760 -0.185202 -0.316389
 16   7.002735 -0.617911 -0.183641 0.005399 0.333404 -1.349509
 17   1.574674 0.609930 -0.000899 -0.012146 -0.057715 0.489023
 18   -0.602177 0.511412 -0.000006 0.000000 0.000000 0.000000
 19   3.673773 0.177020 1.119313 -0.000002 -0.000014 -0.174510
 20   3.673767 0.176993 -1.117566 0.000007 -0.000003 -0.174546
 21   3.942357 1.334540 1.627658 0.000002 -0.000011 -0.000026
 22   -0.246060 -0.011889 0.516521 -0.000011 0.000031 0.000025
 23   3.942374 1.334565 -1.631083 0.000019 0.000002 -0.000024
 24   -0.246150 -0.011872 -0.516511 -0.000005 -0.000006 0.000048
 25   4.941364 1.997338 1.629330 0.000018 -0.000001 -0.000024
 26   4.941382 1.997366 -1.629410 -0.000001 0.000005 -0.000024
 27   2.914462 1.619264 1.514501 -0.000019 -0.000022 -0.000050
 28   2.916892 1.618870 -1.501142 -0.000002 -0.000009 -0.000024
 29   8.824059 0.150544 0.091743 0.000006 -0.000231 -0.174534
 30   2.111085 -0.561179 1.784320 -0.000008 -0.000682 0.000024
 31   2.121290 -0.561289 -1.853599 0.000000 0.000000 -0.000002
 32   -0.814395 -0.093824 3.127092 0.262921 -3.097582 -0.334816
 33   14.298673 -0.408176 0.471578 0.003687 -0.003117 -0.522469
 34   15.835795 0.581398 0.242756 -0.001271 0.032067 0.122292
 35   -0.815868 -0.091229 -3.114430 -0.132889 3.034913 -0.011455
 36   14.294526 -0.410349 -0.467541 -0.002676 0.001857 -0.384764
 37   15.834409 0.579420 -0.284600 -0.034128 0.026558 0.304555
 38   1.139685 -3.453749 -2.823813 0.000000 0.000000 0.000001
 39   -4.457742 -1.054854 -0.746180 0.000000 0.000000 0.000000
 40   1.118101 -3.449769 3.237290 0.000000 0.000001 0.000000
 41   -4.433840 -1.059130 0.959566 -0.000001 0.000000 0.000000
 42   -0.657468 1.697302 -2.688614 0.000000 0.000002 0.000000
 43   -0.664068 1.698578 2.869377 0.000000 0.000002 0.000000
time 63
  0   0.009046 4.281381 1.527761 0.000000 0.000000 -1.571449
  1   -1.093036 0.000002 -0.326057 -0.214066 -1.569082 -1.356583
  2   2.262337 0.113614 0.064702 -0.020101 -0.102707 0.193454
  3   2.380047 0.353302 0.047440 0.038298 -0.002221 0.060890
  4   2.033756 0.190472 -0.000128 -0.065075 0.011445 0.173670
  5   2.451511 0.204909 -0.003447 -0.138715 0.014434 0.103433
  6   7.247600 -0.397300 -0.109469 0.000001 0.000009 0.052298
  7   -2.022252 -0.104661 3.136172 0.914683 -1.249897 -4.083968
  8   1.168026 -0.537438 -0.063437 -0.229790 0.433725 -0.750078
  9   6.790376 -0.619176 0.015206 0.660716 -0.377167 -1.253063
 10   8.637599 0.544015 -0.090417 -1.995906 -0.171602 -0.530260
 11   6.790465 -0.619039 0.017802 0.413865 -0.363868 -0.859500
 12   -2.022474 -0.104699 -2.873818 0.839033 1.276005 -2.482159
 13   1.167898 -0.537463 0.063297 0.060877 -1.207588 -0.671785
 14   7.002743 -0.617765 -0.183752 -0.131513 0.397629 -1.933845
 15   8.209042 0.615527 -0.255885 1.419238 -0.207900 -0.317833
 16   7.002735 -0.617911 -0.183641 0.006623 0.325735 -1.342941
 17   1.574674 0.609930 -0.000899 -0.031603 -0.051065 0.481483
 18   -0.602177 0.511412 -0.000006 0.000000 0.000000 0.000000
 19   3.673773 0.177020 1.119313 -0.000002 -0.000014 -0.174510
 20   3.673767 0.176993 -1.117566 0.000007 -0.000003 -0.174546
 21   3.942357 1.334540 1.627658 0.000002 -0.000011 -0.000026
 22   -0.246060 -0.011889 0.516521 -0.000011 0.000031 0.000025
 23   3.942374 1.334565 -1.631083 0.000019 0.000002 -0.000024
 24   -0.246150 -0.011872 -0.516511 -0.000005 -0.000006 0.000048
 25   4.941364 1.997338 1.629330 0.000018 -0.000001 -0.000024
 26   4.941382 1.997366 -1.629410 -0.000001 0.000005 -0.000024
 27   2.914462 1.619264 1.514501 -0.000019 -0.000022 -0.000050
 28   2.916892 1.618870 -1.501142 -0.000002 -0.000009 -0.000024
 29   8.824059 0.150544 0.091743 0.000006 -0.000231 -0.174534
 30   2.111085 -0.561179 1.784320 -0.000008 -0.000682 0.000024
 31   2.121290 -0.561289 -1.853599 0.000000 0.000000 -0.000002
 32   -0.814395 -0.093824 3.127092 0.262921 -3.097582 -0.334816
 33   14.298673 -0.408176 0.471578 0.003687 -0.003117 -0.522469
 34   15.835795 0.581398 0.242756 -0.001271 0.032067 0.122292
 35   -0.815868 -0.091229 -3.114430 -0.132889 3.034913 -0.011455
 36   14.294526 -0.410349 -0.467541 -0.002676 0.001857 -0.384764
 37   15.834409 0.579420 -0.284600 -0.034128 0.026558 0.304555
 38   1.139685 -3.453749 -2.823813 0.000000 0.000000 0.000001
 39   -4.457742 -1.054854 -0.746180 0.000000 0.000000 0.000000
 40   1.118101 -3.449769 3.237290 0.000000 0.000001 0.000000
 41   -4.433840 -1.059130 0.959566 -0.000001 0.000000 0.000000
 42   -0.657468 1.697302 -2.688614 0.000000 0.000002 0.000000
 43   -0.664068 1.698578 2.869377 0.000000 0.000002 0.000000
time 64
  0   0.009046 4.281381 1.527761 0.000000 0.000000 -1.571449
  1   -1.093036 0.000002 -0.326057 -0.214066 -1.569082 -1.356583
  2   2.262337 0.113614 0.064702 -0.020101 -0.102707 0.193454
  3   2.380047 0.353302 0.047440 0.032762 -0.001910 0.060890
  4   2.033756 0.190472 -0.000128 -0.080309 0.014154 0.173525
  5   2.451511 0.204909 -0.003447 -0.138715 0.014434 0.103433
  6   7.247600 -0.397300 -0.109469 0.000001 0.000009 0.052298
  7   -2.022252 -0.104661 3.136172 0.914683 -1.249897 -4.083968
  8   1.168026 -0.537438 -0.063437 -0.253204 0.409826 -0.778482
  9   6.790376 -0.619176 0.015206 0.661382 -0.386911 -1.231479
 10   8.637599 0.544015 -0.090417 -1.995906 -0.171602 -0.530260
 11   6.790465 -0.619039 0.017802 0.413106 -0.368984 -0.843178
 12   -2.022474 -0.104699 -2.873818 0.839033 1.276005 -2.482159
 13   1.167898 -0.537463 0.063297 0.060877 -1.207588 -0.679715
 14   7.002743 -0.617765 -0.183752 -0.126104 0.388941 -1.922377
 15   8.209042 0.615527 -0.255885 1.426860 -0.230749 -0.319637
 16   7.002735 -0.617911 -0.183641 0.007847 0.318010 -1.336539
 17   1.574674 0.609930 -0.000899 -0.051020 -0.044580 0.473759
 18   -0.602177 0.511412 -0.000006 0.000000 0.000000 0.000000
 19   3.673773 0.177020 1.119313 -0.000002 -0.000014 -0.174510
 20   3.673767 0.176993 -1.117566 0.000007 -0.000003 -0.174546
 21   3.942357 1.334540 1.627658 0.000002 -0.000011 -0.000026
 22   -0.246060 -0.011889 0.516521 -0.000011 0.000031 0.000025
 23   3.942374 1.334565 -1.631083 0.000019 0.000002 -0.000024
 24   -0.246150 -0.011872 -0.516511 -0.000005 -0.000006 0.000048
 25   4.941364 1.997338 1.629330 0.000018 -0.000001 -0.000024
 26   4.941382 1.997366 -1.629410 -0.000001 0.000005 -0.000024
 27   2.914462 1.619264 1.514501 -0.000019 -0.000022 -0.000050
 28   2.916892 1.618870 -1.501142 -0.000002 -0.000009 -0.000024
 29   8.824059 0.150544 0.091743 0.000006 -0.000231 -0.174534
 30   2.111085 -0.561179 1.784320 -0.000008 -0.000682 0.000024
 31   2.121290 -0.561289 -1.853599 0.000000 0.000000 -0.000002
 32   -0.814395 -0.093824 3.127092 0.262921 -3.097582 -0.334816
 33   14.298673 -0.408176 0.471578 0.003687 -0.003117 -0.522469
 34   15.835795 0.581398 0.242756 -0.001271 0.032067 0.122292
 35   -0.815868 -0.091229 -3.114430 -0.132889 3.034913 -0.011455
 36   14.294526 -0.410349 -0.467541 -0.002676 0.001857 -0.384764
 37   15.834409 0.579420 -0.284600 -0.034128 0.026558 0.304555
 38   1.139685 -3.453749 -2.823813 0.000000 0.000000 0.000001
 39   -4.457742 -1.054854 -0.746180 0.000000 0.000000 0.000000
 40   1.118101 -3.449769 3.237290 0.000000 0.000001 0.000000
 41   -4.433840 -1.059130 0.959566 -0.000001 0.000000 0.000000
 42   -0.657468 1.697302 -2.688614 0.000000 0.000002 0.000000
 43   -0.664068 1.698578 2.869377 0.000000 0.000002 0.000000
time 65
  0   0.009046 4.281381 1.527761 0.000000 0.000000 -1.571449
  1   -1.093036 0.000002 -0.326057 -0.214066 -1.569082 -1.356583
  2   2.262337 0.113614 0.064702 -0.020101 -0.102707 0.193454
  3   2.380047 0.353302 0.047440 0.027347 -0.001550 0.060910
  4   2.033756 0.190472 -0.000128 -0.095524 0.016791 0.173272
  5   2.451511 0.204909 -0.003447 -0.138715 0.014434 0.103433
  6   7.247600 -0.397300 -0.109469 0.000001 0.000009 0.052298
  7   -2.022252 -0.104661 3.136172 0.914683 -1.249897 -4.083968
  8   1.168026 -0.537438 -0.063437 -0.275542 0.385373 -0.805684
  9   6.790376 -0.619176 0.015206 0.661770 -0.396655 -1.209971
 10   8.637599 0.544015 -0.090417 -1.995906 -0.171602 -0.530260
 11   6.790465 -0.619039 0.017802 0.412260 -0.374101 -0.826798
 12   -2.022474 -0.104699 -2.873818 0.839033 1.276005 -2.482159
 13   1.167898 -0.537463 0.063297 0.060877 -1.207588 -0.687766
 14   7.002743 -0.617765 -0.183752 -0.120752 0.380197 -1.911156
 15   8.209042 0.615527 -0.255885 1.434769 -0.253447 -0.321501
 16   7.002735 -0.617911 -0.183641 0.008977 0.310341 -1.330081
 17   1.574674 0.609930 -0.000899 -0.070559 -0.038214 0.466034
 18   -0.602177 0.511412 -0.000006 0.000000 0.000000 0.000000
 19   3.673773 0.177020 1.119313 -0.000002 -0.000014 -0.174510
 20   3.673767 0.176993 -1.117566 0.000007 -0.000003 -0.174546
 21   3.942357 1.334540 1.627658 0.000002 -0.000011 -0.000026
 22   -0.246060 -0.011889 0.516521 -0.000011 0.000031 0.000025
 23   3.942374 1.334565 -1.631083 0.000019 0.000002 -0.000024
 24   -0.246150 -0.011872 -0.516511 -0.000005 -0.000006 0.000048
 25   4.941364 1.997338 1.629330 0.000018 -0.000001 -0.000024
 26   4.941382 1.997366 -1.629410 -0.000001 0.000005 -0.000024
 27   2.914462 1.619264 1.514501 -0.000019 -0.000022 -0.000050
 28   2.916892 1.618870 -1.501142 -0.000002 -0.000009 -0.000024
 29   8.824059 0.150544 0.091743 0.000006 -0.000231 -0.174534
 30   2.111085 -0.561179 1.784320 -0.000008 -0.000682 0.000024
 31   2.121290 -0.561289 -1.853599 0.000000 0.000000 -0.000002
 32   -0.814395 -0.093824 3.127092 0.262921 -3.097582 -0.334816
 33   14.298673 -0.408176 0.471578 0.003687 -0.003117 -0.522469
 34   15.835795 0.581398 0.242756 -0.001271 0.032067 0.122292
 35   -0.815868 -0.091229 -3.114430 -0.132889 3.034913 -0.011455
 36   14.294526 -0.410349 -0.467541 -0.002676 0.001857 -0.384764
 37   15.834409 0.579420 -0.284600 -0.034128 0.026558 0.304555
 38   1.139685 -3.453749 -2.823813 0.000000 0.000000 0.000001
 39   -4.457742 -1.054854 -0.746180 0.000000 0.000000 0.000000
 40   1.118101 -3.449769 3.237290 0.000000 0.000001 0.000000
 41   -4.433840 -1.059130 0.959566 -0.000001 0.000000 0.000000
 42   -0.657468 1.697302 -2.688614 0.000000 0.000002 0.000000
 43   -0.664068 1.698578 2.869377 0.000000 0.000002 0.000000
time 66
  0   0.009046 4.281381 1.527761 0.000000 0.000000 -1.571449
  1   -1.093036 0.000002 -0.326057 -0.214066 -1.569082 -1.356583
  2   2.262337 0.113614 0.064702 -0.020101 -0.102707 0.193454
  3   2.380047 0.353302 0.047440 0.020926 -0.001191 0.060910
  4   2.033756 0.190472 -0.000128 -0.113229 0.019895 0.172982
  5   2.451511 0.204909 -0.003447 -0.138715 0.014434 0.103433
  6   7.247600 -0.397300 -0.109469 0.000001 0.000009 0.052298
  7   -2.022252 -0.104661 3.136172 0.914683 -1.249897 -4.083968
  8   1.168026 -0.537438 -0.063437 -0.297817 0.359763 -0.833645
  9   6.790376 -0.619176 0.015206 0.661493 -0.407467 -1.184614
 10   8.637599 0.544015 -0.090417 -1.995906 -0.171602 -0.530260
 11   6.790465 -0.619039 0.017802 0.410917 -0.379701 -0.807535
 12   -2.022474 -0.104699 -2.873818 0.839033 1.276005 -2.482159
 13   1.167898 -0.537463 0.063297 0.060877 -1.207588 -0.697028
 14   7.002743 -0.617765 -0.183752 -0.114718 0.369975 -1.897955
 15   8.209042 0.615527 -0.255885 1.443757 -0.279776 -0.323846
 16   7.002735 -0.617911 -0.183641 0.010201 0.301432 -1.322575
 17   1.574674 0.609930 -0.000899 -0.093348 -0.031374 0.458383
 18   -0.602177 0.511412 -0.000006 0.000000 0.000000 0.000000
 19   3.673773 0.177020 1.119313 -0.000002 -0.000014 -0.174510
 20   3.673767 0.176993 -1.117566 0.000007 -0.000003 -0.174546
 21   3.942357 1.334540 1.627658 0.000002 -0.000011 -0.000026
 22   -0.246060 -0.011889 0.516521 -0.000011 0.000031 0.000025
 23   3.942374 1.334565 -1.631083 0.000019 0.000002 -0.000024
 24   -0.246150 -0.011872 -0.516511 -0.000005 -0.000006 0.000048
 25   4.941364 1.997338 1.629330 0.000018 -0.000001 -0.000024
 26   4.941382 1.997366 -1.629410 -0.000001 0.000005 -0.000024
 27   2.914462 1.619264 1.514501 -0.000019 -0.000022 -0.000050
 28   2.916892 1.618870 -1.501142 -0.000002 -0.000009 -0.000024
 29   8.824059 0.150544 0.091743 0.000006 -0.000231 -0.174534
 30   2.111085 -0.561179 1.784320 -0.000008 -0.000682 0.000024
 31   2.121290 -0.561289 -1.853599 0.000000 0.000000 -0.000002
 32   -0.814395 -0.093824 3.127092 0.262921 -3.097582 -0.334816
 33   14.298673 -0.408176 0.471578 0.003687 -0.003117 -0.522469
 34   15.835795 0.581398 0.242756 -0.001271 0.032067 0.122292
 35   -0.815868 -0.091229 -3.114430 -0.132889 3.034913 -0.011455
 36   14.294526 -0.410349 -0.467541 -0.002676 0.001857 -0.384764
 37   15.834409 0.579420 -0.284600 -0.034128 0.026558 0.304555
 38   1.139685 -3.453749 -2.823813 0.000000 0.000000 0.000001
 39   -4.457742 -1.054854 -0.746180 0.000000 0.000000 0.000000
 40   1.118101 -3.449769 3.237290 0.000000 0.000001 0.000000
 41   -4.433840 -1.059130 0.959566 -0.000001 0.000000 0.000000
 42   -0.657468 1.697302 -2.688614 0.000000 0.000002 0.000000
 43   -0.664068 1.698578 2.869377 0.000000 0.000002 0.000000
time 67
  0   0.009046 4.281381 1.527761 0.000000 0.000000 -1.571449
  1   -1.093036 0.000002 -0.326057 -0.214066 -1.569082 -1.356583
  2   2.262337 0.113614 0.064702 -0.020101 -0.102707 0.193454
  3   2.380047 0.353302 0.047440 0.013426 -0.000723 0.060910
  4   2.033756 0.190472 -0.000128 -0.134327 0.023598 0.172402
  5   2.451511 0.204909 -0.003447 -0.138715 0.014434 0.103433
  6   7.247600 -0.397300 -0.109469 0.000001 0.000009 0.052298
  7   -2.022252 -0.104661 3.136172 0.914683 -1.249897 -4.084156
  8   1.168026 -0.537438 -0.063437 -0.319712 0.332845 -0.863251
  9   6.790376 -0.619176 0.015206 0.660605 -0.420014 -1.153899
 10   8.637599 0.544015 -0.090417 -1.995906 -0.171602 -0.530260
 11   6.790465 -0.619039 0.017802 0.409019 -0.385869 -0.784407
 12   -2.022474 -0.104699 -2.873818 0.839033 1.276005 -2.481872
 13   1.167898 -0.537463 0.063297 0.060877 -1.207588 -0.708045
 14   7.002743 -0.617765 -0.183752 -0.107772 0.357767 -1.882609
 15   8.209042 0.615527 -0.255885 1.454830 -0.311099 -0.327034
 16   7.002735 -0.617911 -0.183641 0.011613 0.290774 -1.313523
 17   1.574674 0.609930 -0.000899 -0.120483 -0.023730 0.450732
 18   -0.602177 0.511412 -0.000006 0.000000 0.000000 0.000000
 19   3.673773 0.177020 1.119313 -0.000002 -0.000014 -0.174510
 20   3.673767 0.176993 -1.117566 0.000007 -0.000003 -0.174546
 21   3.942357 1.334540 1.627658 0.000002 -0.000011 -0.000026
 22   -0.246060 -0.011889 0.516521 -0.000011 0.000031 0.000025
 23   3.942374 1.334565 -1.631083 0.000019 0.000002 -0.000024
 24   -0.246150 -0.011872 -0.516511 -0.000005 -0.000006 0.000048
 25   4.941364 1.997338 1.629330 0.000018 -0.000001 -0.000024
 26   4.941382 1.997366 -1.629410 -0.000001 0.000005 -0.000024
 27   2.914462 1.619264 1.514501 -0.000019 -0.000022 -0.000050
 28   2.916892 1.618870 -1.501142 -0.000002 -0.000009 -0.000024
 29   8.824059 0.150544 0.091743 0.000006 -0.000231 -0.174534
 30   2.111085 -0.561179 1.784320 -0.000008 -0.000682 0.000024
 31   2.121290 -0.561289 -1.853599 0.000000 0.000000 -0.000002
 32   -0.814395 -0.093824 3.127092 0.262921 -3.097582 -0.334816
 33   14.298673 -0.408176 0.471578 0.003687 -0.003117 -0.522469
 34   15.835795 0.581398 0.242756 -0.001271 0.032067 0.122292
 35   -0.815868 -0.091229 -3.114430 -0.132889 3.034913 -0.011455
 36   14.294526 -0.410349 -0.467541 -0.002676 0.001857 -0.384764
 37   15.834409 0.579420 -0.284600 -0.034128 0.026558 0.304555
 38   1.139685 -3.453749 -2.823813 0.000000 0.000000 0.000001
 39   -4.457742 -1.054854 -0.746180 0.000000 0.000000 0.000000
 40   1.118101 -3.449769 3.237290 0.000000 0.000001 0.000000
 41   -4.433840 -1.059130 0.959566 -0.000001 0.000000 0.000000
 42   -0.657468 1.697302 -2.688614 0.000000 0.000002 0.000000
 43   -0.664068 1.698578 2.869377 0.000000 0.000002 0.000000
time 68
  0   0.009046 4.281381 1.527761 0.000000 0.000000 -1.571449
  1   -1.093036 0.000002 -0.326057 -0.214066 -1.569082 -1.356583
  2   2.262337 0.113614 0.064702 -0.020101 -0.102707 0.193454
  3   2.380047 0.353302 0.047440 0.006225 -0.000316 0.060910
  4   2.033756 0.190472 -0.000128 -0.154190 0.027025 0.171931
  5   2.451511 0.204909 -0.003447 -0.138715 0.014434 0.103433
  6   7.247600 -0.397300 -0.109469 0.000001 0.000009 0.052298
  7   -2.022252 -0.104661 3.136172 0.914683 -1.249897 -4.084156
  8   1.168026 -0.537438 -0.063437 -0.340468 0.305625 -0.890959
  9   6.790376 -0.619176 0.015206 0.659384 -0.431894 -1.124844
 10   8.637599 0.544015 -0.090417 -1.995906 -0.171602 -0.530260
 11   6.790465 -0.619039 0.017802 0.407092 -0.391753 -0.762606
 12   -2.022474 -0.104699 -2.873818 0.839033 1.276005 -2.481872
 13   1.167898 -0.537463 0.063297 0.060877 -1.207588 -0.718457
 14   7.002743 -0.617765 -0.183752 -0.101452 0.346126 -1.868006
 15   8.209042 0.615527 -0.255885 1.465615 -0.340682 -0.330401
 16   7.002735 -0.617911 -0.183641 0.012790 0.280681 -1.305134
 17   1.574674 0.609930 -0.000899 -0.146115 -0.016701 0.442674
 18   -0.602177 0.511412 -0.000006 0.000000 0.000000 0.000000
 19   3.673773 0.177020 1.119313 -0.000002 -0.000014 -0.174510
 20   3.673767 0.176993 -1.117566 0.000007 -0.000003 -0.174546
 21   3.942357 1.334540 1.627658 0.000002 -0.000011 -0.000026
 22   -0.246060 -0.011889 0.516521 -0.000011 0.000031 0.000025
 23   3.942374 1.334565 -1.631083 0.000019 0.000002 -0.000024
 24   -0.246150 -0.011872 -0.516511 -0.000005 -0.000006 0.000048
 25   4.941364 1.997338 1.629330 0.000018 -0.000001 -0.000024
 26   4.941382 1.997366 -1.629410 -0.000001 0.000005 -0.000024
 27   2.914462 1.619264 1.514501 -0.000019 -0.000022 -0.000050
 28   2.916892 1.618870 -1.501142 -0.000002 -0.000009 -0.000024
 29   8.824059 0.150544 0.091743 0.000006 -0.000231 -0.174534
 30   2.111085 -0.561179 1.784320 -0.000008 -0.000682 0.000024
 31   2.121290 -0.561289 -1.853599 0.000000 0.000000 -0.000002
 32   -0.814395 -0.093824 3.127092 0.262921 -3.097582 -0.334816
 33   14.298673 -0.408176 0.471578 0.003687 -0.003117 -0.522469
 34   15.835795 0.581398 0.242756 -0.001271 0.032067 0.122292
 35   -0.815868 -0.091229 -3.114430 -0.132889 3.034913 -0.011455
 36   14.294526 -0.410349 -0.467541 -0.002676 0.001857 -0.384764
 37   15.834409 0.579420 -0.284600 -0.034128 0.026558 0.304555
 38   1.139685 -3.453749 -2.823813 0.000000 0.000000 0.000001
 39   -4.457742 -1.054854 -0.746180 0.000000 0.000000 0.000000
 40   1.118101 -3.449769 3.237290 0.000000 0.000001 0.000000
 41   -4.433840 -1.059130 0.959566 -0.000001 0.000000 0.000000
 42   -0.657468 1.697302 -2.688614 0.000000 0.000002 0.000000
 43   -0.664068 1.698578 2.869377 0.000000 0.000002 0.000000
time 69
  0   0.009046 4.281381 1.527761 0.000000 0.000000 -1.571449
  1   -1.093036 0.000002 -0.326057 -0.214066 -1.569082 -1.356583
  2   2.262337 0.113614 0.064702 -0.020101 -0.102707 0.193454
  3   2.380047 0.353302 0.047440 0.001485 -0.000064 0.060910
  4   2.033756 0.190472 -0.000128 -0.167413 0.029326 0.171532
  5   2.451511 0.204909 -0.003447 -0.138715 0.014434 0.103433
  6   7.247600 -0.397300 -0.109469 0.000001 0.000009 0.052298
  7   -2.022252 -0.104661 3.136172 0.914683 -1.249897 -4.084156
  8   1.168026 -0.537438 -0.063437 -0.359135 0.279562 -0.913101
  9   6.790376 -0.619176 0.015206 0.658996 -0.440637 -1.105826
 10   8.637599 0.544015 -0.090417 -1.995906 -0.171602 -0.530260
 11   6.790465 -0.619039 0.017802 0.406012 -0.396301 -0.748130
 12   -2.022474 -0.104699 -2.873818 0.839033 1.276005 -2.481872
 13   1.167898 -0.537463 0.063297 0.060877 -1.207588 -0.725358
 14   7.002743 -0.617765 -0.183752 -0.097410 0.338233 -1.858600
 15   8.209042 0.615527 -0.255885 1.472734 -0.360278 -0.332927
 16   7.002735 -0.617911 -0.183641 0.013590 0.274027 -1.299504
 17   1.574674 0.609930 -0.000899 -0.163257 -0.011636 0.434321
 18   -0.602177 0.511412 -0.000006 0.000000 0.000000 0.000000
 19   3.673773 0.177020 1.119313 -0.000002 -0.000014 -0.174510
 20   3.673767 0.176993 -1.117566 0.000007 -0.000003 -0.174546
 21   3.942357 1.334540 1.627658 0.000002 -0.000011 -0.000026
 22   -0.246060 -0.011889 0.516521 -0.000011 0.000031 0.000025
 23   3.942374 1.334565 -1.631083 0.000019 0.000002 -0.000024
 24   -0.246150 -0.011872 -0.516511 -0.000005 -0.000006 0.000048
 25   4.941364 1.997338 1.629330 0.000018 -0.000001 -0.000024
 26   4.941382 1.997366 -1.629410 -0.000001 0.000005 -0.000024
 27   2.914462 1.619264 1.514501 -0.000019 -0.000022 -0.000050
 28   2.916892 1.618870 -1.501142 -0.000002 -0.000009 -0.000024
 29   8.824059 0.150544 0.091743 0.000006 -0.000231 -0.174534
 30   2.111085 -0.561179 1.784320 -0.000008 -0.000682 0.000024
 31   2.121290 -0.561289 -1.853599 0.000000 0.000000 -0.000002
 32   -0.814395 -0.093824 3.127092 0.262921 -3.097582 -0.334816
 33   14.298673 -0.408176 0.471578 0.003687 -0.003117 -0.522469
 34   15.835795 0.581398 0.242756 -0.001271 0.032067 0.122292
 35   -0.815868 -0.091229 -3.114430 -0.132889 3.034913 -0.011455
 36   14.294526 -0.410349 -0.467541 -0.002676 0.001857 -0.384764
 37   15.834409 0.579420 -0.284600 -0.034128 0.026558 0.304555
 38   1.139685 -3.453749 -2.823813 0.000000 0.000000 0.000001
 39   -4.457742 -1.054854 -0.746180 0.000000 0.000000 0.000000
 40   1.118101 -3.449769 3.237290 0.000000 0.000001 0.000000
 41   -4.433840 -1.059130 0.959566 -0.000001 0.000000 0.000000
 42   -0.657468 1.697302 -2.688614 0.000000 0.000002 0.000000
 43   -0.664068 1.698578 2.869377 0.000000 0.000002 0.000000
time 70
  0   0.009046 4.281381 1.527761 0.000000 0.000000 -1.571449
  1   -1.093036 0.000002 -0.326057 -0.214066 -1.569082 -1.356583
  2   2.262337 0.113614 0.064702 -0.020101 -0.102707 0.193454
  3   2.380047 0.353302 0.047440 0.000000 0.000020 0.060910
  4   2.033756 0.190472 -0.000128 -0.171747 0.030069 0.171351
  5   2.451511 0.204909 -0.003447 -0.138715 0.014434 0.103433
  6   7.247600 -0.397300 -0.109469 0.000001 0.000009 0.052298
  7   -2.022252 -0.104661 3.136172 0.914683 -1.249897 -4.084156
  8   1.168026 -0.537438 -0.063437 -0.375209 0.255713 -0.928663
  9   6.790376 -0.619176 0.015206 0.660106 -0.445108 -1.100468
 10   8.637599 0.544015 -0.090417 -1.995906 -0.171602 -0.530260
 11   6.790465 -0.619039 0.017802 0.406187 -0.399200 -0.743804
 12   -2.022474 -0.104699 -2.873818 0.839033 1.276005 -2.481872
 13   1.167898 -0.537463 0.063297 0.060877 -1.207588 -0.727598
 14   7.002743 -0.617765 -0.183752 -0.096101 0.335734 -1.855465
 15   8.209042 0.615527 -0.255885 1.475250 -0.366558 -0.333769
 16   7.002735 -0.617911 -0.183641 0.013826 0.271884 -1.297683
 17   1.574674 0.609930 -0.000899 -0.168985 -0.009104 0.425487
 18   -0.602177 0.511412 -0.000006 0.000000 0.000000 0.000000
 19   3.673773 0.177020 1.119313 -0.000002 -0.000014 -0.174510
 20   3.673767 0.176993 -1.117566 0.000007 -0.000003 -0.174546
 21   3.942357 1.334540 1.627658 0.000002 -0.000011 -0.000026
 22   -0.246060 -0.011889 0.516521 -0.000011 0.000031 0.000025
 23   3.942374 1.334565 -1.631083 0.000019 0.000002 -0.000024
 24   -0.246150 -0.011872 -0.516511 -0.000005 -0.000006 0.000048
 25   4.941364 1.997338 1.629330 0.000018 -0.000001 -0.000024
 26   4.941382 1.997366 -1.629410 -0.000001 0.000005 -0.000024
 27   2.914462 1.619264 1.514501 -0.000019 -0.000022 -0.000050
 28   2.916892 1.618870 -1.501142 -0.000002 -0.000009 -0.000024
 29   8.824059 0.150544 0.091743 0.000006 -0.000231 -0.174534
 30   2.111085 -0.561179 1.784320 -0.000008 -0.000682 0.000024
 31   2.121290 -0.561289 -1.853599 0.000000 0.000000 -0.000002
 32   -0.814395 -0.093824 3.127092 0.262921 -3.097582 -0.334816
 33   14.298673 -0.408176 0.471578 0.003687 -0.003117 -0.522469
 34   15.835795 0.581398 0.242756 -0.001271 0.032067 0.122292
 35   -0.815868 -0.091229 -3.114430 -0.132889 3.034913 -0.011455
 36   14.294526 -0.410349 -0.467541 -0.002676 0.001857 -0.384764
 37   15.834409 0.579420 -0.284600 -0.034128 0.026558 0.304555
 38   1.139685 -3.453749 -2.823813 0.000000 0.000000 0.000001
 39   -4.457742 -1.054854 -0.746180 0.000000 0.000000 0.000000
 40   1.118101 -3.449769 3.237290 0.000000 0.000001 0.000000
 41   -4.433840 -1.059130 0.959566 -0.000001 0.000000 0.000000
 42   -0.657468 1.697302 -2.688614 0.000000 0.000002 0.000000
 43   -0.664068 1.698578 2.869377 0.000000 0.000002 0.000000
time 71
  0   0.009046 4.281381 1.527761 0.000000 0.000000 -1.571449
  1   -1.093036 0.000002 -0.326057 -0.214066 -1.569082 -1.356583
  2   2.262337 0.113614 0.064702 -0.020101 -0.102707 0.193454
  3   2.380047 0.353302 0.047440 0.000000 0.000020 0.060910
  4   2.033756 0.190472 -0.000128 -0.171747 0.030069 0.171351
  5   2.451511 0.204909 -0.003447 -0.138715 0.014434 0.103433
  6   7.247600 -0.397300 -0.109469 0.000001 0.000009 0.052298
  7   -2.022252 -0.104661 3.136172 0.914683 -1.249897 -4.084156
  8   1.168026 -0.537438 -0.063437 -0.389447 0.234078 -0.937646
  9   6.790376 -0.619176 0.015206 0.661437 -0.446844 -1.106732
 10   8.637599 0.544015 -0.090417 -1.997579 -0.177796 -0.528957
 11   6.790465 -0.619039 0.017802 0.406596 -0.401105 -0.747726
 12   -2.022474 -0.104699 -2.873818 0.839033 1.276005 -2.481872
 13   1.167898 -0.537463 0.063297 0.060877 -1.207588 -0.727598
 14   7.002743 -0.617765 -0.183752 -0.096101 0.335734 -1.855465
 15   8.209042 0.615527 -0.255885 1.475250 -0.366558 -0.333769
 16   7.002735 -0.617911 -0.183641 0.013826 0.271884 -1.297683
 17   1.574674 0.609930 -0.000899 -0.169066 -0.008110 0.416210
 18   -0.602177 0.511412 -0.000006 0.000000 0.000000 0.000000
 19   3.673773 0.177020 1.119313 -0.000002 -0.000014 -0.174510
 20   3.673767 0.176993 -1.117566 0.000007 -0.000003 -0.174546
 21   3.942357 1.334540 1.627658 0.000002 -0.000011 -0.000026
 22   -0.246060 -0.011889 0.516521 -0.000011 0.000031 0.000025
 23   3.942374 1.334565 -1.631083 0.000019 0.000002 -0.000024
 24   -0.246150 -0.011872 -0.516511 -0.000005 -0.000006 0.000048
 25   4.941364 1.997338 1.629330 0.000018 -0.000001 -0.000024
 26   4.941382 1.997366 -1.629410 -0.000001 0.000005 -0.000024
 27   2.914462 1.619264 1.514501 -0.000019 -0.000022 -0.000050
 28   2.916892 1.618870 -1.501142 -0.000002 -0.000009 -0.000024
 29   8.824059 0.150544 0.091743 0.000006 -0.000231 -0.174534
 30   2.111085 -0.561179 1.784320 -0.000008 -0.000682 0.000024
 31   2.121290 -0.561289 -1.853599 0.000000 0.000000 -0.000002
 32   -0.814395 -0.093824 3.127092 0.262921 -3.097582 -0.334816
 33   14.298673 -0.408176 0.471578 0.003687 -0.003117 -0.522469
 34   15.835795 0.581398 0.242756 -0.001271 0.032067 0.122292
 35   -0.815868 -0.091229 -3.114430 -0.132889 3.034913 -0.011455
 36   14.294526 -0.410349 -0.467541 -0.002676 0.001857 -0.384764
 37   15.834409 0.579420 -0.284600 -0.034128 0.026558 0.304555
 38   1.139685 -3.453749 -2.823813 0.000000 0.000000 0.000001
 39   -4.457742 -1.054854 -0.746180 0.000000 0.000000 0.000000
 40   1.118101 -3.449769 3.237290 0.000000 0.000001 0.000000
 41   -4.433840 -1.059130 0.959566 -0.000001 0.000000 0.000000
 42   -0.657468 1.697302 -2.688614 0.000000 0.000002 0.000000
 43   -0.664068 1.698578 2.869377 0.000000 0.000002 0.000000
time 72
  0   0.009046 4.281381 1.527761 0.000000 0.000000 -1.571449
  1   -1.093036 0.000002 -0.326057 -0.214066 -1.569082 -1.356583
  2   2.262337 0.113614 0.064702 -0.020101 -0.102707 0.193454
  3   2.380047 0.353302 0.047440 0.000000 0.000020 0.060910
  4   2.033756 0.190472 -0.000128 -0.171747 0.030069 0.171351
  5   2.451511 0.204909 -0.003447 -0.138715 0.014434 0.103433
  6   7.247600 -0.397300 -0.109469 0.000001 0.000009 0.052298
  7   -2.022252 -0.104661 3.136172 0.914683 -1.249897 -4.084156
  8   1.168026 -0.537438 -0.063437 -0.402039 0.214858 -0.940302
  9   6.790376 -0.619176 0.015206 0.661770 -0.447244 -1.123108
 10   8.637599 0.544015 -0.090417 -2.002070 -0.196590 -0.524617
 11   6.790465 -0.619039 0.017802 0.406070 -0.402611 -0.759030
 12   -2.022474 -0.104699 -2.873818 0.839033 1.276005 -2.481872
 13   1.167898 -0.537463 0.063297 0.060877 -1.207588 -0.727598
 14   7.002743 -0.617765 -0.183752 -0.096101 0.335734 -1.855465
 15   8.209042 0.615527 -0.255885 1.475250 -0.366558 -0.333769
 16   7.002735 -0.617911 -0.183641 0.013826 0.271884 -1.297683
 17   1.574674 0.609930 -0.000899 -0.169066 -0.007944 0.406453
 18   -0.602177 0.511412 -0.000006 0.000000 0.000000 0.000000
 19   3.673773 0.177020 1.119313 -0.000002 -0.000014 -0.174510
 20   3.673767 0.176993 -1.117566 0.000007 -0.000003 -0.174546
 21   3.942357 1.334540 1.627658 0.000002 -0.000011 -0.000026
 22   -0.246060 -0.011889 0.516521 -0.000011 0.000031 0.000025
 23   3.942374 1.334565 -1.631083 0.000019 0.000002 -0.000024
 24   -0.246150 -0.011872 -0.516511 -0.000005 -0.000006 0.000048
 25   4.941364 1.997338 1.629330 0.000018 -0.000001 -0.000024
 26   4.941382 1.997366 -1.629410 -0.000001 0.000005 -0.000024
 27   2.914462 1.619264 1.514501 -0.000019 -0.000022 -0.000050
 28   2.916892 1.618870 -1.501142 -0.000002 -0.000009 -0.000024
 29   8.824059 0.150544 0.091743 0.000006 -0.000231 -0.174534
 30   2.111085 -0.561179 1.784320 -0.000008 -0.000682 0.000024
 31   2.121290 -0.561289 -1.853599 0.000000 0.000000 -0.000002
 32   -0.814395 -0.093824 3.127092 0.262921 -3.097582 -0.334816
 33   14.298673 -0.408176 0.471578 0.003687 -0.003117 -0.522469
 34   15.835795 0.581398 0.242756 -0.001271 0.032067 0.122292
 35   -0.815868 -0.091229 -3.114430 -0.132889 3.034913 -0.011455
 36   14.294526 -0.410349 -0.467541 -0.002676 0.001857 -0.384764
 37   15.834409 0.579420 -0.284600 -0.034128 0.026558 0.304555
 38   1.139685 -3.453749 -2.823813 0.000000 0.000000 0.000001
 39   -4.457742 -1.054854 -0.746180 0.000000 0.000000 0.000000
 40   1.118101 -3.449769 3.237290 0.000000 0.000001 0.000000
 41   -4.433840 -1.059130 0.959566 -0.000001 0.000000 0.000000
 42   -0.657468 1.697302 -2.688614 0.000000 0.000002 0.000000
 43   -0.664068 1.698578 2.869377 0.000000 0.000002 0.000000
time 73
  0   0.009046 4.281381 1.527761 0.000000 0.000000 -1.571449
  1   -1.093036 0.000002 -0.326057 -0.214066 -1.569082 -1.356583
  2   2.262337 0.113614 0.064702 -0.020101 -0.102707 0.193454
  3   2.380047 0.353302 0.047440 0.000000 0.000020 0.060910
  4   2.033756 0.190472 -0.000128 -0.171747 0.030069 0.171351
  5   2.451511 0.204909 -0.003447 -0.138715 0.014434 0.103433
  6   7.247600 -0.397300 -0.109469 0.000001 0.000009 0.052298
  7   -2.022252 -0.104661 3.136172 0.914683 -1.249897 -4.084156
  8   1.168026 -0.537438 -0.063437 -0.413303 0.197449 -0.938088
  9   6.790376 -0.619176 0.015206 0.661104 -0.446443 -1.146956
 10   8.637599 0.544015 -0.090417 -2.008851 -0.224817 -0.517889
 11   6.790465 -0.619039 0.017802 0.404931 -0.403891 -0.775525
 12   -2.022474 -0.104699 -2.873818 0.839033 1.276005 -2.481872
 13   1.167898 -0.537463 0.063297 0.060877 -1.207588 -0.727598
 14   7.002743 -0.617765 -0.183752 -0.096101 0.335734 -1.855465
 15   8.209042 0.615527 -0.255885 1.475250 -0.366558 -0.333769
 16   7.002735 -0.617911 -0.183641 0.013826 0.271884 -1.297683
 17   1.574674 0.609930 -0.000899 -0.169066 -0.008323 0.396251
 18   -0.602177 0.511412 -0.000006 0.000000 0.000000 0.000000
 19   3.673773 0.177020 1.119313 -0.000002 -0.000014 -0.174510
 20   3.673767 0.176993 -1.117566 0.000007 -0.000003 -0.174546
 21   3.942357 1.334540 1.627658 0.000002 -0.000011 -0.000026
 22   -0.246060 -0.011889 0.516521 -0.000011 0.000031 0.000025
 23   3.942374 1.334565 -1.631083 0.000019 0.000002 -0.000024
 24   -0.246150 -0.011872 -0.516511 -0.000005 -0.000006 0.000048
 25   4.941364 1.997338 1.629330 0.000018 -0.000001 -0.000024
 26   4.941382 1.997366 -1.629410 -0.000001 0.000005 -0.000024
 27   2.914462 1.619264 1.514501 -0.000019 -0.000022 -0.000050
 28   2.916892 1.618870 -1.501142 -0.000002 -0.000009 -0.000024
 29   8.824059 0.150544 0.091743 0.000006 -0.000231 -0.174534
 30   2.111085 -0.561179 1.784320 -0.000008 -0.000682 0.000024
 31   2.121290 -0.561289 -1.853599 0.000000 0.000000 -0.000002
 32   -0.814395 -0.093824 3.127092 0.262921 -3.097582 -0.334816
 33   14.298673 -0.408176 0.471578 0.003687 -0.003117 -0.522469
 34   15.835795 0.581398 0.242756 -0.001271 0.032067 0.122292
 35   -0.815868 -0.091229 -3.114430 -0.132889 3.034913 -0.011455
 36   14.294526 -0.410349 -0.467541 -0.002676 0.001857 -0.384764
 37   15.834409 0.579420 -0.284600 -0.034128 0.026558 0.304555
 38   1.139685 -3.453749 -2.823813 0.000000 0.000000 0.000001
 39   -4.457742 -1.054854 -0.746180 0.000000 0.000000 0.000000
 40   1.118101 -3.449769 3.237290 0.000000 0.000001 0.000000
 41   -4.433840 -1.059130 0.959566 -0.000001 0.000000 0.000000
 42   -0.657468 1.697302 -2.688614 0.000000 0.000002 0.000000
 43   -0.664068 1.698578 2.869377 0.000000 0.000002 0.000000
time 74
  0   0.009046 4.281381 1.527761 0.000000 0.000000 -1.571449
  1   -1.093036 0.000002 -0.326057 -0.214066 -1.569082 -1.356583
  2   2.262337 0.113614 0.064702 -0.020101 -0.102707 0.193454
  3   2.380047 0.353302 0.047440 0.000000 0.000020 0.060910
  4   2.033756 0.190472 -0.000128 -0.171747 0.030069 0.171351
  5   2.451511 0.204909 -0.003447 -0.138715 0.014434 0.103433
  6   7.247600 -0.397300 -0.109469 0.000001 0.000009 0.052298
  7   -2.022252 -0.104661 3.136172 0.914683 -1.249897 -4.084156
  8   1.168026 -0.537438 -0.063437 -0.424631 0.180594 -0.934925
  9   6.790376 -0.619176 0.015206 0.660383 -0.445509 -1.172162
 10   8.637599 0.544015 -0.090417 -2.016513 -0.254522 -0.510510
 11   6.790465 -0.619039 0.017802 0.403618 -0.405084 -0.793116
 12   -2.022474 -0.104699 -2.873818 0.839033 1.276005 -2.481872
 13   1.167898 -0.537463 0.063297 0.060877 -1.207588 -0.727598
 14   7.002743 -0.617765 -0.183752 -0.096101 0.335734 -1.855465
 15   8.209042 0.615527 -0.255885 1.475250 -0.366558 -0.333769
 16   7.002735 -0.617911 -0.183641 0.013826 0.271884 -1.297683
 17   1.574674 0.609930 -0.000899 -0.168985 -0.008891 0.386087
 18   -0.602177 0.511412 -0.000006 0.000000 0.000000 0.000000
 19   3.673773 0.177020 1.119313 -0.000002 -0.000014 -0.174510
 20   3.673767 0.176993 -1.117566 0.000007 -0.000003 -0.174546
 21   3.942357 1.334540 1.627658 0.000002 -0.000011 -0.000026
 22   -0.246060 -0.011889 0.516521 -0.000011 0.000031 0.000025
 23   3.942374 1.334565 -1.631083 0.000019 0.000002 -0.000024
 24   -0.246150 -0.011872 -0.516511 -0.000005 -0.000006 0.000048
 25   4.941364 1.997338 1.629330 0.000018 -0.000001 -0.000024
 26   4.941382 1.997366 -1.629410 -0.000001 0.000005 -0.000024
 27   2.914462 1.619264 1.514501 -0.000019 -0.000022 -0.000050
 28   2.916892 1.618870 -1.501142 -0.000002 -0.000009 -0.000024
 29   8.824059 0.150544 0.091743 0.000006 -0.000231 -0.174534
 30   2.111085 -0.561179 1.784320 -0.000008 -0.000682 0.000024
 31   2.121290 -0.561289 -1.853599 0.000000 0.000000 -0.000002
 32   -0.814395 -0.093824 3.127092 0.262921 -3.097582 -0.334816
 33   14.298673 -0.408176 0.471578 0.003687 -0.003117 -0.522469
 34   15.835795 0.581398 0.242756 -0.001271 0.032067 0.122292
 35   -0.815868 -0.091229 -3.114430 -0.132889 3.034913 -0.011455
 36   14.294526 -0.410349 -0.467541 -0.002676 0.001857 -0.384764
 37   15.834409 0.579420 -0.284600 -0.034128 0.026558 0.304555
 38   1.139685 -3.453749 -2.823813 0.000000 0.000000 0.000001
 39   -4.457742 -1.054854 -0.746180 0.000000 0.000000 0.000000
 40   1.118101 -3.449769 3.237290 0.000000 0.000001 0.000000
 41   -4.433840 -1.059130 0.959566 -0.000001 0.000000 0.000000
 42   -0.657468 1.697302 -2.688614 0.000000 0.000002 0.000000
 43   -0.664068 1.698578 2.869377 0.000000 0.000002 0.000000
time 75
  0   0.009046 4.281381 1.527761 0.000000 0.000000 -1.571449
  1   -1.093036 0.000002 -0.326057 -0.214066 -1.569082 -1.356583
  2   2.262337 0.113614 0.064702 -0.020101 -0.102707 0.193454
  3   2.380047 0.353302 0.047440 0.000000 0.000020 0.060910
  4   2.033756 0.190472 -0.000128 -0.171747 0.030069 0.171351
  5   2.451511 0.204909 -0.003447 -0.138715 0.014434 0.103433
  6   7.247600 -0.397300 -0.109469 0.000001 0.000009 0.052298
  7   -2.022252 -0.104661 3.136172 0.914683 -1.249897 -4.084156
  8   1.168026 -0.537438 -0.063437 -0.436337 0.162632 -0.933976
  9   6.790376 -0.619176 0.015206 0.660106 -0.445108 -1.193519
 10   8.637599 0.544015 -0.090417 -2.023118 -0.279651 -0.503999
 11   6.790465 -0.619039 0.017802 0.402625 -0.406477 -0.807938
 12   -2.022474 -0.104699 -2.873818 0.839033 1.276005 -2.481872
 13   1.167898 -0.537463 0.063297 0.060877 -1.207588 -0.727598
 14   7.002743 -0.617765 -0.183752 -0.096101 0.335734 -1.855465
 15   8.209042 0.615527 -0.255885 1.475250 -0.366558 -0.333769
 16   7.002735 -0.617911 -0.183641 0.013826 0.271884 -1.297683
 17   1.574674 0.609930 -0.000899 -0.168985 -0.009104 0.376071
 18   -0.602177 0.511412 -0.000006 0.000000 0.000000 0.000000
 19   3.673773 0.177020 1.119313 -0.000002 -0.000014 -0.174510
 20   3.673767 0.176993 -1.117566 0.000007 -0.000003 -0.174546
 21   3.942357 1.334540 1.627658 0.000002 -0.000011 -0.000026
 22   -0.246060 -0.011889 0.516521 -0.000011 0.000031 0.000025
 23   3.942374 1.334565 -1.631083 0.000019 0.000002 -0.000024
 24   -0.246150 -0.011872 -0.516511 -0.000005 -0.000006 0.000048
 25   4.941364 1.997338 1.629330 0.000018 -0.000001 -0.000024
 26   4.941382 1.997366 -1.629410 -0.000001 0.000005 -0.000024
 27   2.914462 1.619264 1.514501 -0.000019 -0.000022 -0.000050
 28   2.916892 1.618870 -1.501142 -0.000002 -0.000009 -0.000024
 29   8.824059 0.150544 0.091743 0.000006 -0.000231 -0.174534
 30   2.111085 -0.561179 1.784320 -0.000008 -0.000682 0.000024
 31   2.121290 -0.561289 -1.853599 0.000000 0.000000 -0.000002
 32   -0.814395 -0.093824 3.127092 0.262921 -3.097582 -0.334816
 33   14.298673 -0.408176 0.471578 0.003687 -0.003117 -0.522469
 34   15.835795 0.581398 0.242756 -0.001271 0.032067 0.122292
 35   -0.815868 -0.091229 -3.114430 -0.132889 3.034913 -0.011455
 36   14.294526 -0.410349 -0.467541 -0.002676 0.001857 -0.384764
 37   15.834409 0.579420 -0.284600 -0.034128 0.026558 0.304555
 38   1.139685 -3.453749 -2.823813 0.000000 0.000000 0.000001
 39   -4.457742 -1.054854 -0.746180 0.000000 0.000000 0.000000
 40   1.118101 -3.449769 3.237290 0.000000 0.000001 0.000000
 41   -4.433840 -1.059130 0.959566 -0.000001 0.000000 0.000000
 42   -0.657468 1.697302 -2.688614 0.000000 0.000002 0.000000
 43   -0.664068 1.698578 2.869377 0.000000 0.000002 0.000000
time 76
  0   0.009046 4.281381 1.527761 0.000000 0.000000 -1.571449
  1   -1.093036 0.000002 -0.326057 -0.214066 -1.569082 -1.356583
  2   2.262337 0.113614 0.064702 -0.020101 -0.102707 0.193454
  3   2.380047 0.353302 0.047440 0.000000 0.000020 0.060910
  4   2.033756 0.190472 -0.000128 -0.171747 0.030069 0.171351
  5   2.451511 0.204909 -0.003447 -0.138715 0.014434 0.103433
  6   7.247600 -0.397300 -0.109469 0.000001 0.000009 0.052298
  7   -2.022252 -0.104661 3.136172 0.914683 -1.249897 -4.084156
  8   1.168026 -0.537438 -0.063437 -0.448297 0.144116 -0.934419
  9   6.790376 -0.619176 0.015206 0.660106 -0.445108 -1.212235
 10   8.637599 0.544015 -0.090417 -2.029106 -0.301190 -0.498211
 11   6.790465 -0.619039 0.017802 0.401953 -0.407899 -0.820800
 12   -2.022474 -0.104699 -2.873818 0.839033 1.276005 -2.481872
 13   1.167898 -0.537463 0.063297 0.060877 -1.207588 -0.727598
 14   7.002743 -0.617765 -0.183752 -0.096101 0.335734 -1.855465
 15   8.209042 0.615527 -0.255885 1.475250 -0.366558 -0.333769
 16   7.002735 -0.617911 -0.183641 0.013826 0.271884 -1.297683
 17   1.574674 0.609930 -0.000899 -0.168985 -0.009104 0.366165
 18   -0.602177 0.511412 -0.000006 0.000000 0.000000 0.000000
 19   3.673773 0.177020 1.119313 -0.000002 -0.000014 -0.174510
 20   3.673767 0.176993 -1.117566 0.000007 -0.000003 -0.174546
 21   3.942357 1.334540 1.627658 0.000002 -0.000011 -0.000026
 22   -0.246060 -0.011889 0.516521 -0.000011 0.000031 0.000025
 23   3.942374 1.334565 -1.631083 0.000019 0.000002 -0.000024
 24   -0.246150 -0.011872 -0.516511 -0.000005 -0.000006 0.000048
 25   4.941364 1.997338 1.629330 0.000018 -0.000001 -0.000024
 26   4.941382 1.997366 -1.629410 -0.000001 0.000005 -0.000024
 27   2.914462 1.619264 1.514501 -0.000019 -0.000022 -0.000050
 28   2.916892 1.618870 -1.501142 -0.000002 -0.000009 -0.000024
 29   8.824059 0.150544 0.091743 0.000006 -0.000231 -0.174534
 30   2.111085 -0.561179 1.784320 -0.000008 -0.000682 0.000024
 31   2.121290 -0.561289 -1.853599 0.000000 0.000000 -0.000002
 32   -0.814395 -0.093824 3.127092 0.262921 -3.097582 -0.334816
 33   14.298673 -0.408176 0.471578 0.003687 -0.003117 -0.522469
 34   15.835795 0.581398 0.242756 -0.001271 0.032067 0.122292
 35   -0.815868 -0.091229 -3.114430 -0.132889 3.034913 -0.011455
 36   14.294526 -0.410349 -0.467541 -0.002676 0.001857 -0.384764
 37   15.834409 0.579420 -0.284600 -0.034128 0.026558 0.304555
 38   1.139685 -3.453749 -2.823813 0.000000 0.000000 0.000001
 39   -4.457742 -1.054854 -0.746180 0.000000 0.000000 0.000000
 40   1.118101 -3.449769 3.237290 0.000000 0.000001 0.000000
 41   -4.433840 -1.059130 0.959566 -0.000001 0.000000 0.000000
 42   -0.657468 1.697302 -2.688614 0.000000 0.000002 0.000000
 43   -0.664068 1.698578 2.869377 0.000000 0.000002 0.000000
time 77
  0   0.009046 4.281381 1.527761 0.000000 0.000000 -1.571449
  1   -1.093036 0.000002 -0.326057 -0.214066 -1.569082 -1.356583
  2   2.262337 0.113614 0.064702 -0.020101 -0.102707 0.193454
  3   2.380047 0.353302 0.047440 0.000000 0.000020 0.060910
  4   2.033756 0.190472 -0.000128 -0.171747 0.030069 0.171351
  5   2.451511 0.204909 -0.003447 -0.138715 0.014434 0.103433
  6   7.247600 -0.397300 -0.109469 0.000001 0.000009 0.052298
  7   -2.022252 -0.104661 3.136172 0.914683 -1.249897 -4.084156
  8   1.168026 -0.537438 -0.063437 -0.460258 0.125550 -0.934483
  9   6.790376 -0.619176 0.015206 0.660106 -0.445108 -1.230800
 10   8.637599 0.544015 -0.090417 -2.035183 -0.322730 -0.492279
 11   6.790465 -0.619039 0.017802 0.401253 -0.409348 -0.833546
 12   -2.022474 -0.104699 -2.873818 0.839033 1.276005 -2.481872
 13   1.167898 -0.537463 0.063297 0.060877 -1.207588 -0.727598
 14   7.002743 -0.617765 -0.183752 -0.096101 0.335734 -1.855465
 15   8.209042 0.615527 -0.255885 1.475250 -0.366558 -0.333769
 16   7.002735 -0.617911 -0.183641 0.013826 0.271884 -1.297683
 17   1.574674 0.609930 -0.000899 -0.168985 -0.009104 0.356259
 18   -0.602177 0.511412 -0.000006 0.000000 0.000000 0.000000
 19   3.673773 0.177020 1.119313 -0.000002 -0.000014 -0.174510
 20   3.673767 0.176993 -1.117566 0.000007 -0.000003 -0.174546
 21   3.942357 1.334540 1.627658 0.000002 -0.000011 -0.000026
 22   -0.246060 -0.011889 0.516521 -0.000011 0.000031 0.000025
 23   3.942374 1.334565 -1.631083 0.000019 0.000002 -0.000024
 24   -0.246150 -0.011872 -0.516511 -0.000005 -0.000006 0.000048
 25   4.941364 1.997338 1.629330 0.000018 -0.000001 -0.000024
 26   4.941382 1.997366 -1.629410 -0.000001 0.000005 -0.000024
 27   2.914462 1.619264 1.514501 -0.000019 -0.000022 -0.000050
 28   2.916892 1.618870 -1.501142 -0.000002 -0.000009 -0.000024
 29   8.824059 0.150544 0.091743 0.000006 -0.000231 -0.174534
 30   2.111085 -0.561179 1.784320 -0.000008 -0.000682 0.000024
 31   2.121290 -0.561289 -1.853599 0.000000 0.000000 -0.000002
 32   -0.814395 -0.093824 3.127092 0.262921 -3.097582 -0.334816
 33   14.298673 -0.408176 0.471578 0.003687 -0.003117 -0.522469
 34   15.835795 0.581398 0.242756 -0.001271 0.032067 0.122292
 35   -0.815868 -0.091229 -3.114430 -0.132889 3.034913 -0.011455
 36   14.294526 -0.410349 -0.467541 -0.002676 0.001857 -0.384764
 37   15.834409 0.579420 -0.284600 -0.034128 0.026558 0.304555
 38   1.139685 -3.453749 -2.823813 0.000000 0.000000 0.000001
 39   -4.457742 -1.054854 -0.746180 0.000000 0.000000 0.000000
 40   1.118101 -3.449769 3.237290 0.000000 0.000001 0.000000
 41   -4.433840 -1.059130 0.959566 -0.000001 0.000000 0.000000
 42   -0.657468 1.697302 -2.688614 0.000000 0.000002 0.000000
 43   -0.664068 1.698578 2.869377 0.000000 0.000002 0.000000
time 78
  0   0.009046 4.281381 1.527761 0.000000 0.000000 -1.571449
  1   -1.093036 0.000002 -0.326057 -0.214066 -1.569082 -1.356583
  2   2.262337 0.113614 0.064702 -0.020101 -0.102707 0.193454
  3   2.380047 0.353302 0.047440 0.000000 0.000020 0.060910
  4   2.033756 0.190472 -0.000128 -0.171747 0.030069 0.171351
  5   2.451511 0.204909 -0.003447 -0.138715 0.014434 0.103433
  6   7.247600 -0.397300 -0.109469 0.000001 0.000009 0.052298
  7   -2.022252 -0.104661 3.136172 0.914683 -1.249897 -4.084156
  8   1.168026 -0.537438 -0.063437 -0.472218 0.107085 -0.934483
  9   6.790376 -0.619176 0.015206 0.660106 -0.445108 -1.249365
 10   8.637599 0.544015 -0.090417 -2.041435 -0.344340 -0.486202
 11   6.790465 -0.619039 0.017802 0.400523 -0.410855 -0.846465
 12   -2.022474 -0.104699 -2.873818 0.839033 1.276005 -2.481872
 13   1.167898 -0.537463 0.063297 0.060877 -1.207588 -0.727598
 14   7.002743 -0.617765 -0.183752 -0.096101 0.335734 -1.855465
 15   8.209042 0.615527 -0.255885 1.475250 -0.366558 -0.333769
 16   7.002735 -0.617911 -0.183641 0.013826 0.271884 -1.297683
 17   1.574674 0.609930 -0.000899 -0.168985 -0.009104 0.346317
 18   -0.602177 0.511412 -0.000006 0.000000 0.000000 0.000000
 19   3.673773 0.177020 1.119313 -0.000002 -0.000014 -0.174510
 20   3.673767 0.176993 -1.117566 0.000007 -0.000003 -0.174546
 21   3.942357 1.334540 1.627658 0.000002 -0.000011 -0.000026
 22   -0.246060 -0.011889 0.516521 -0.000011 0.000031 0.000025
 23   3.942374 1.334565 -1.631083 0.000019 0.000002 -0.000024
 24   -0.246150 -0.011872 -0.516511 -0.000005 -0.000006 0.000048
 25   4.941364 1.997338 1.629330 0.000018 -0.000001 -0.000024
 26   4.941382 1.997366 -1.629410 -0.000001 0.000005 -0.000024
 27   2.914462 1.619264 1.514501 -0.000019 -0.000022 -0.000050
 28   2.916892 1.618870 -1.501142 -0.000002 -0.000009 -0.000024
 29   8.824059 0.150544 0.091743 0.000006 -0.000231 -0.174534
 30   2.111085 -0.561179 1.784320 -0.000008 -0.000682 0.000024
 31   2.121290 -0.561289 -1.853599 0.000000 0.000000 -0.000002
 32   -0.814395 -0.093824 3.127092 0.262921 -3.097582 -0.334816
 33   14.298673 -0.408176 0.471578 0.003687 -0.003117 -0.522469
 34   15.835795 0.581398 0.242756 -0.001271 0.032067 0.122292
 35   -0.815868 -0.091229 -3.114430 -0.132889 3.034913 -0.011455
 36   14.294526 -0.410349 -0.467541 -0.002676 0.001857 -0.384764
 37   15.834409 0.579420 -0.284600 -0.034128 0.026558 0.304555
 38   1.139685 -3.453749 -2.823813 0.000000 0.000000 0.000001
 39   -4.457742 -1.054854 -0.746180 0.000000 0.000000 0.000000
 40   1.118101 -3.449769 3.237290 0.000000 0.000001 0.000000
 41   -4.433840 -1.059130 0.959566 -0.000001 0.000000 0.000000
 42   -0.657468 1.697302 -2.688614 0.000000 0.000002 0.000000
 43   -0.664068 1.698578 2.869377 0.000000 0.000002 0.000000
time 79
  0   0.009046 4.281381 1.527761 0.000000 0.000000 -1.571449
  1   -1.093036 0.000002 -0.326057 -0.214066 -1.569082 -1.356583
  2   2.262337 0.113614 0.064702 -0.020101 -0.102707 0.193454
  3   2.380047 0.353302 0.047440 0.000000 0.000020 0.060910
  4   2.033756 0.190472 -0.000128 -0.171747 0.030069 0.171351
  5   2.451511 0.204909 -0.003447 -0.138715 0.014434 0.103433
  6   7.247600 -0.397300 -0.109469 0.000001 0.000009 0.052298
  7   -2.022252 -0.104661 3.136172 0.914683 -1.249897 -4.084156
  8   1.168026 -0.537438 -0.063437 -0.484114 0.088569 -0.934166
  9   6.790376 -0.619176 0.015206 0.660106 -0.445108 -1.267930
 10   8.637599 0.544015 -0.090417 -2.047776 -0.365738 -0.480053
 11   6.790465 -0.619039 0.017802 0.399822 -0.412304 -0.859269
 12   -2.022474 -0.104699 -2.873818 0.839033 1.276005 -2.481872
 13   1.167898 -0.537463 0.063297 0.060877 -1.207588 -0.727598
 14   7.002743 -0.617765 -0.183752 -0.096101 0.335734 -1.855465
 15   8.209042 0.615527 -0.255885 1.475250 -0.366558 -0.333769
 16   7.002735 -0.617911 -0.183641 0.013826 0.271884 -1.297683
 17   1.574674 0.609930 -0.000899 -0.168985 -0.009104 0.336300
 18   -0.602177 0.511412 -0.000006 0.000000 0.000000 0.000000
 19   3.673773 0.177020 1.119313 -0.000002 -0.000014 -0.174510
 20   3.673767 0.176993 -1.117566 0.000007 -0.000003 -0.174546
 21   3.942357 1.334540 1.627658 0.000002 -0.000011 -0.000026
 22   -0.246060 -0.011889 0.516521 -0.000011 0.000031 0.000025
 23   3.942374 1.334565 -1.631083 0.000019 0.000002 -0.000024
 24   -0.246150 -0.011872 -0.516511 -0.000005 -0.000006 0.000048
 25   4.941364 1.997338 1.629330 0.000018 -0.000001 -0.000024
 26   4.941382 1.997366 -1.629410 -0.000001 0.000005 -0.000024
 27   2.914462 1.619264 1.514501 -0.000019 -0.000022 -0.000050
 28   2.916892 1.618870 -1.501142 -0.000002 -0.000009 -0.000024
 29   8.824059 0.150544 0.091743 0.000006 -0.000231 -0.174534
 30   2.111085 -0.561179 1.784320 -0.000008 -0.000682 0.000024
 31   2.121290 -0.561289 -1.853599 0.000000 0.000000 -0.000002
 32   -0.814395 -0.093824 3.127092 0.262921 -3.097582 -0.334816
 33   14.298673 -0.408176 0.471578 0.003687 -0.003117 -0.522469
 34   15.835795 0.581398 0.242756 -0.001271 0.032067 0.122292
 35   -0.815868 -0.091229 -3.114430 -0.132889 3.034913 -0.011455
 36   14.294526 -0.410349 -0.467541 -0.002676 0.001857 -0.384764
 37   15.834409 0.579420 -0.284600 -0.034128 0.026558 0.304555
 38   1.139685 -3.453749 -2.823813 0.000000 0.000000 0.000001
 39   -4.457742 -1.054854 -0.746180 0.000000 0.000000 0.000000
 40   1.118101 -3.449769 3.237290 0.000000 0.000001 0.000000
 41   -4.433840 -1.059130 0.959566 -0.000001 0.000000 0.000000
 42   -0.657468 1.697302 -2.688614 0.000000 0.000002 0.000000
 43   -0.664068 1.698578 2.869377 0.000000 0.000002 0.000000
time 80
  0   0.009046 4.281381 1.527761 0.000000 0.000000 -1.571449
  1   -1.093036 0.000002 -0.326057 -0.214066 -1.569082 -1.356583
  2   2.262337 0.113614 0.064702 -0.020101 -0.102707 0.193454
  3   2.380047 0.353302 0.047440 0.000000 0.000020 0.060910
  4   2.033756 0.190472 -0.000128 -0.171747 0.030069 0.171351
  5   2.451511 0.204909 -0.003447 -0.138715 0.014434 0.103433
  6   7.247600 -0.397300 -0.109469 0.000001 0.000009 0.052298
  7   -2.022252 -0.104661 3.136172 0.914683 -1.249897 -4.084156
  8   1.168026 -0.537438 -0.063437 -0.496074 0.070255 -0.933470
  9   6.790376 -0.619176 0.015206 0.660106 -0.445108 -1.286646
 10   8.637599 0.544015 -0.090417 -2.054469 -0.387207 -0.473614
 11   6.790465 -0.619039 0.017802 0.399151 -0.413811 -0.872073
 12   -2.022474 -0.104699 -2.873818 0.839033 1.276005 -2.481872
 13   1.167898 -0.537463 0.063297 0.060877 -1.207588 -0.727598
 14   7.002743 -0.617765 -0.183752 -0.096101 0.335734 -1.855465
 15   8.209042 0.615527 -0.255885 1.475250 -0.366558 -0.333769
 16   7.002735 -0.617911 -0.183641 0.013826 0.271884 -1.297683
 17   1.574674 0.609930 -0.000899 -0.168985 -0.009104 0.326395
 18   -0.602177 0.511412 -0.000006 0.000000 0.000000 0.000000
 19   3.673773 0.177020 1.119313 -0.000002 -0.000014 -0.174510
 20   3.673767 0.176993 -1.117566 0.000007 -0.000003 -0.174546
 21   3.942357 1.334540 1.627658 0.000002 -0.000011 -0.000026
 22   -0.246060 -0.011889 0.516521 -0.000011 0.000031 0.000025
 23   3.942374 1.334565 -1.631083 0.000019 0.000002 -0.000024
 24   -0.246150 -0.011872 -0.516511 -0.000005 -0.000006 0.000048
 25   4.941364 1.997338 1.629330 0.000018 -0.000001 -0.000024
 26   4.941382 1.997366 -1.629410 -0.000001 0.000005 -0.000024
 27   2.914462 1.619264 1.514501 -0.000019 -0.000022 -0.000050
 28   2.916892 1.618870 -1.501142 -0.000002 -0.000009 -0.000024
 29   8.824059 0.150544 0.091743 0.000006 -0.000231 -0.174534
 30   2.111085 -0.561179 1.784320 -0.000008 -0.000682 0.000024
 31   2.121290 -0.561289 -1.853599 0.000000 0.000000 -0.000002
 32   -0.814395 -0.093824 3.127092 0.262921 -3.097582 -0.334816
 33   14.298673 -0.408176 0.471578 0.003687 -0.003117 -0.522469
 34   15.835795 0.581398 0.242756 -0.001271 0.032067 0.122292
 35   -0.815868 -0.091229 -3.114430 -0.132889 3.034913 -0.011455
 36   14.294526 -0.410349 -0.467541 -0.002676 0.001857 -0.384764
 37   15.834409 0.579420 -0.284600 -0.034128 0.026558 0.304555
 38   1.139685 -3.453749 -2.823813 0.000000 0.000000 0.000001
 39   -4.457742 -1.054854 -0.746180 0.000000 0.000000 0.000000
 40   1.118101 -3.449769 3.237290 0.000000 0.000001 0.000000
 41   -4.433840 -1.059130 0.959566 -0.000001 0.000000 0.000000
 42   -0.657468 1.697302 -2.688614 0.000000 0.000002 0.000000
 43   -0.664068 1.698578 2.869377 0.000000 0.000002 0.000000
time 81
  0   0.009046 4.281381 1.527761 0.000000 0.000000 -1.571449
  1   -1.093036 0.000002 -0.326057 -0.214066 -1.569082 -1.356583
  2   2.262337 0.113614 0.064702 -0.020101 -0.102707 0.193454
  3   2.380047 0.353302 0.047440 0.000000 0.000020 0.060910
  4   2.033756 0.190472 -0.000128 -0.171747 0.030069 0.171351
  5   2.451511 0.204909 -0.003447 -0.138715 0.014434 0.103433
  6   7.247600 -0.397300 -0.109469 0.000001 0.000009 0.052298
  7   -2.022252 -0.104661 3.136172 0.914683 -1.249897 -4.084156
  8   1.168026 -0.537438 -0.063437 -0.508034 0.051890 -0.932774
  9   6.790376 -0.619176 0.015206 0.662269 -0.444040 -1.306871
 10   8.637599 0.544015 -0.090417 -2.061426 -0.408536 -0.466886
 11   6.790465 -0.619039 0.017802 0.400172 -0.414976 -0.886203
 12   -2.022474 -0.104699 -2.873818 0.839033 1.276005 -2.481872
 13   1.167898 -0.537463 0.063297 0.060877 -1.207588 -0.727598
 14   7.002743 -0.617765 -0.183752 -0.096101 0.335734 -1.855465
 15   8.209042 0.615527 -0.255885 1.475250 -0.366558 -0.333769
 16   7.002735 -0.617911 -0.183641 0.013826 0.271884 -1.297683
 17   1.574674 0.609930 -0.000899 -0.168985 -0.009104 0.316526
 18   -0.602177 0.511412 -0.000006 0.000000 0.000000 0.000000
 19   3.673773 0.177020 1.119313 -0.000002 -0.000014 -0.174510
 20   3.673767 0.176993 -1.117566 0.000007 -0.000003 -0.174546
 21   3.942357 1.334540 1.627658 0.000002 -0.000011 -0.000026
 22   -0.246060 -0.011889 0.516521 -0.000011 0.000031 0.000025
 23   3.942374 1.334565 -1.631083 0.000019 0.000002 -0.000024
 24   -0.246150 -0.011872 -0.516511 -0.000005 -0.000006 0.000048
 25   4.941364 1.997338 1.629330 0.000018 -0.000001 -0.000024
 26   4.941382 1.997366 -1.629410 -0.000001 0.000005 -0.000024
 27   2.914462 1.619264 1.514501 -0.000019 -0.000022 -0.000050
 28   2.916892 1.618870 -1.501142 -0.000002 -0.000009 -0.000024
 29   8.824059 0.150544 0.091743 0.000006 -0.000231 -0.174534
 30   2.111085 -0.561179 1.784320 -0.000008 -0.000682 0.000024
 31   2.121290 -0.561289 -1.853599 0.000000 0.000000 -0.000002
 32   -0.814395 -0.093824 3.127092 0.262921 -3.097582 -0.334816
 33   14.298673 -0.408176 0.471578 0.003687 -0.003117 -0.522469
 34   15.835795 0.581398 0.242756 -0.001271 0.032067 0.122292
 35   -0.815868 -0.091229 -3.114430 -0.132889 3.034913 -0.011455
 36   14.294526 -0.410349 -0.467541 -0.002676 0.001857 -0.384764
 37   15.834409 0.579420 -0.284600 -0.034128 0.026558 0.304555
 38   1.139685 -3.453749 -2.823813 0.000000 0.000000 0.000001
 39   -4.457742 -1.054854 -0.746180 0.000000 0.000000 0.000000
 40   1.118101 -3.449769 3.237290 0.000000 0.000001 0.000000
 41   -4.433840 -1.059130 0.959566 -0.000001 0.000000 0.000000
 42   -0.657468 1.697302 -2.688614 0.000000 0.000002 0.000000
 43   -0.664068 1.698578 2.869377 0.000000 0.000002 0.000000
time 82
  0   0.009046 4.281381 1.527761 0.000000 0.000000 -1.571449
  1   -1.093036 0.000002 -0.326057 -0.214066 -1.569082 -1.356583
  2   2.262337 0.113614 0.064702 -0.020101 -0.102707 0.193454
  3   2.380047 0.353302 0.047440 0.000000 0.000020 0.060910
  4   2.033756 0.190472 -0.000128 -0.171747 0.030069 0.171351
  5   2.451511 0.204909 -0.003447 -0.138715 0.014434 0.103433
  6   7.247600 -0.397300 -0.109469 0.000001 0.000009 0.052298
  7   -2.022252 -0.104661 3.136172 0.914683 -1.249897 -4.084156
  8   1.168026 -0.537438 -0.063437 -0.519931 0.033626 -0.931573
  9   6.790376 -0.619176 0.015206 0.667595 -0.441371 -1.329285
 10   8.637599 0.544015 -0.090417 -2.068295 -0.429934 -0.459869
 11   6.790465 -0.619039 0.017802 0.403588 -0.415687 -0.901891
 12   -2.022474 -0.104699 -2.873818 0.839033 1.276005 -2.481872
 13   1.167898 -0.537463 0.063297 0.060877 -1.207588 -0.727598
 14   7.002743 -0.617765 -0.183752 -0.096101 0.335734 -1.855465
 15   8.209042 0.615527 -0.255885 1.475250 -0.366558 -0.333769
 16   7.002735 -0.617911 -0.183641 0.013826 0.271884 -1.297683
 17   1.574674 0.609930 -0.000899 -0.168985 -0.009104 0.306658
 18   -0.602177 0.511412 -0.000006 0.000000 0.000000 0.000000
 19   3.673773 0.177020 1.119313 -0.000002 -0.000014 -0.174510
 20   3.673767 0.176993 -1.117566 0.000007 -0.000003 -0.174546
 21   3.942357 1.334540 1.627658 0.000002 -0.000011 -0.000026
 22   -0.246060 -0.011889 0.516521 -0.000011 0.000031 0.000025
 23   3.942374 1.334565 -1.631083 0.000019 0.000002 -0.000024
 24   -0.246150 -0.011872 -0.516511 -0.000005 -0.000006 0.000048
 25   4.941364 1.997338 1.629330 0.000018 -0.000001 -0.000024
 26   4.941382 1.997366 -1.629410 -0.000001 0.000005 -0.000024
 27   2.914462 1.619264 1.514501 -0.000019 -0.000022 -0.000050
 28   2.916892 1.618870 -1.501142 -0.000002 -0.000009 -0.000024
 29   8.824059 0.150544 0.091743 0.000006 -0.000231 -0.174534
 30   2.111085 -0.561179 1.784320 -0.000008 -0.000682 0.000024
 31   2.121290 -0.561289 -1.853599 0.000000 0.000000 -0.000002
 32   -0.814395 -0.093824 3.127092 0.262921 -3.097582 -0.334816
 33   14.298673 -0.408176 0.471578 0.003687 -0.003117 -0.522469
 34   15.835795 0.581398 0.242756 -0.001271 0.032067 0.122292
 35   -0.815868 -0.091229 -3.114430 -0.132889 3.034913 -0.011455
 36   14.294526 -0.410349 -0.467541 -0.002676 0.001857 -0.384764
 37   15.834409 0.579420 -0.284600 -0.034128 0.026558 0.304555
 38   1.139685 -3.453749 -2.823813 0.000000 0.000000 0.000001
 39   -4.457742 -1.054854 -0.746180 0.000000 0.000000 0.000000
 40   1.118101 -3.449769 3.237290 0.000000 0.000001 0.000000
 41   -4.433840 -1.059130 0.959566 -0.000001 0.000000 0.000000
 42   -0.657468 1.697302 -2.688614 0.000000 0.000002 0.000000
 43   -0.664068 1.698578 2.869377 0.000000 0.000002 0.000000
time 83
  0   0.009046 4.281381 1.527761 0.000000 0.000000 -1.571449
  1   -1.093036 0.000002 -0.326057 -0.214066 -1.569082 -1.356583
  2   2.262337 0.113614 0.064702 -0.020101 -0.102707 0.193454
  3   2.380047 0.353302 0.047440 0.000000 0.000020 0.060910
  4   2.033756 0.190472 -0.000128 -0.171747 0.030069 0.171351
  5   2.451511 0.204909 -0.003447 -0.138715 0.014434 0.103433
  6   7.247600 -0.397300 -0.109469 0.000001 0.000009 0.052298
  7   -2.022252 -0.104661 3.136172 0.914683 -1.249897 -4.084156
  8   1.168026 -0.537438 -0.063437 -0.531891 0.015362 -0.930371
  9   6.790376 -0.619176 0.015206 0.671645 -0.439168 -1.350944
 10   8.637599 0.544015 -0.090417 -2.075781 -0.451333 -0.452562
 11   6.790465 -0.619039 0.017802 0.406128 -0.416483 -0.917059
 12   -2.022474 -0.104699 -2.873818 0.839033 1.276005 -2.481872
 13   1.167898 -0.537463 0.063297 0.060877 -1.207588 -0.727598
 14   7.002743 -0.617765 -0.183752 -0.096101 0.335734 -1.855465
 15   8.209042 0.615527 -0.255885 1.475250 -0.366558 -0.333769
 16   7.002735 -0.617911 -0.183641 0.013826 0.271884 -1.297683
 17   1.574674 0.609930 -0.000899 -0.168985 -0.009104 0.296826
 18   -0.602177 0.511412 -0.000006 0.000000 0.000000 0.000000
 19   3.673773 0.177020 1.119313 -0.000002 -0.000014 -0.174510
 20   3.673767 0.176993 -1.117566 0.000007 -0.000003 -0.174546
 21   3.942357 1.334540 1.627658 0.000002 -0.000011 -0.000026
 22   -0.246060 -0.011889 0.516521 -0.000011 0.000031 0.000025
 23   3.942374 1.334565 -1.631083 0.000019 0.000002 -0.000024
 24   -0.246150 -0.011872 -0.516511 -0.000005 -0.000006 0.000048
 25   4.941364 1.997338 1.629330 0.000018 -0.000001 -0.000024
 26   4.941382 1.997366 -1.629410 -0.000001 0.000005 -0.000024
 27   2.914462 1.619264 1.514501 -0.000019 -0.000022 -0.000050
 28   2.916892 1.618870 -1.501142 -0.000002 -0.000009 -0.000024
 29   8.824059 0.150544 0.091743 0.000006 -0.000231 -0.174534
 30   2.111085 -0.561179 1.784320 -0.000008 -0.000682 0.000024
 31   2.121290 -0.561289 -1.853599 0.000000 0.000000 -0.000002
 32   -0.814395 -0.093824 3.127092 0.262921 -3.097582 -0.334816
 33   14.298673 -0.408176 0.471578 0.003687 -0.003117 -0.522469
 34   15.835795 0.581398 0.242756 -0.001271 0.032067 0.122292
 35   -0.815868 -0.091229 -3.114430 -0.132889 3.034913 -0.011455
 36   14.294526 -0.410349 -0.467541 -0.002676 0.001857 -0.384764
 37   15.834409 0.579420 -0.284600 -0.034128 0.026558 0.304555
 38   1.139685 -3.453749 -2.823813 0.000000 0.000000 0.000001
 39   -4.457742 -1.054854 -0.746180 0.000000 0.000000 0.000000
 40   1.118101 -3.449769 3.237290 0.000000 0.000001 0.000000
 41   -4.433840 -1.059130 0.959566 -0.000001 0.000000 0.000000
 42   -0.657468 1.697302 -2.688614 0.000000 0.000002 0.000000
 43   -0.664068 1.698578 2.869377 0.000000 0.000002 0.000000
time 84
  0   0.009046 4.281381 1.527761 0.000000 0.000000 -1.571449
  1   -1.093036 0.000002 -0.326057 -0.214066 -1.569082 -1.356583
  2   2.262337 0.113614 0.064702 -0.020101 -0.102707 0.193454
  3   2.380047 0.353302 0.047440 0.000000 0.000020 0.060910
  4   2.033756 0.190472 -0.000128 -0.171747 0.030069 0.171351
  5   2.451511 0.204909 -0.003447 -0.138715 0.014434 0.103433
  6   7.247600 -0.397300 -0.109469 0.000001 0.000009 0.052298
  7   -2.022252 -0.104661 3.136172 0.914683 -1.249897 -4.084156
  8   1.168026 -0.537438 -0.063437 -0.543851 -0.002902 -0.928663
  9   6.790376 -0.619176 0.015206 0.669926 -0.440103 -1.368227
 10   8.637599 0.544015 -0.090417 -2.083354 -0.472661 -0.445038
 11   6.790465 -0.619039 0.017802 0.403997 -0.418245 -0.928998
 12   -2.022474 -0.104699 -2.873818 0.839033 1.276005 -2.481872
 13   1.167898 -0.537463 0.063297 0.060877 -1.207588 -0.727598
 14   7.002743 -0.617765 -0.183752 -0.096101 0.335734 -1.855465
 15   8.209042 0.615527 -0.255885 1.475250 -0.366558 -0.333769
 16   7.002735 -0.617911 -0.183641 0.013826 0.271884 -1.297683
 17   1.574674 0.609930 -0.000899 -0.168985 -0.009104 0.286958
 18   -0.602177 0.511412 -0.000006 0.000000 0.000000 0.000000
 19   3.673773 0.177020 1.119313 -0.000002 -0.000014 -0.174510
 20   3.673767 0.176993 -1.117566 0.000007 -0.000003 -0.174546
 21   3.942357 1.334540 1.627658 0.000002 -0.000011 -0.000026
 22   -0.246060 -0.011889 0.516521 -0.000011 0.000031 0.000025
 23   3.942374 1.334565 -1.631083 0.000019 0.000002 -0.000024
 24   -0.246150 -0.011872 -0.516511 -0.000005 -0.000006 0.000048
 25   4.941364 1.997338 1.629330 0.000018 -0.000001 -0.000024
 26   4.941382 1.997366 -1.629410 -0.000001 0.000005 -0.000024
 27   2.914462 1.619264 1.514501 -0.000019 -0.000022 -0.000050
 28   2.916892 1.618870 -1.501142 -0.000002 -0.000009 -0.000024
 29   8.824059 0.150544 0.091743 0.000006 -0.000231 -0.174534
 30   2.111085 -0.561179 1.784320 -0.000008 -0.000682 0.000024
 31   2.121290 -0.561289 -1.853599 0.000000 0.000000 -0.000002
 32   -0.814395 -0.093824 3.127092 0.262921 -3.097582 -0.334816
 33   14.298673 -0.408176 0.471578 0.003687 -0.003117 -0.522469
 34   15.835795 0.581398 0.242756 -0.001271 0.032067 0.122292
 35   -0.815868 -0.091229 -3.114430 -0.132889 3.034913 -0.011455
 36   14.294526 -0.410349 -0.467541 -0.002676 0.001857 -0.384764
 37   15.834409 0.579420 -0.284600 -0.034128 0.026558 0.304555
 38   1.139685 -3.453749 -2.823813 0.000000 0.000000 0.000001
 39   -4.457742 -1.054854 -0.746180 0.000000 0.000000 0.000000
 40   1.118101 -3.449769 3.237290 0.000000 0.000001 0.000000
 41   -4.433840 -1.059130 0.959566 -0.000001 0.000000 0.000000
 42   -0.657468 1.697302 -2.688614 0.000000 0.000002 0.000000
 43   -0.664068 1.698578 2.869377 0.000000 0.000002 0.000000
time 85
  0   0.009046 4.281381 1.527761 0.000000 0.000000 -1.571449
  1   -1.093036 0.000002 -0.326057 -0.214066 -1.569082 -1.356583
  2   2.262337 0.113614 0.064702 -0.020101 -0.102707 0.193454
  3   2.380047 0.353302 0.047440 0.000000 0.000020 0.060910
  4   2.033756 0.190472 -0.000128 -0.171747 0.030069 0.171351
  5   2.451511 0.204909 -0.003447 -0.138715 0.014434 0.103433
  6   7.247600 -0.397300 -0.109469 0.000001 0.000009 0.052298
  7   -2.022252 -0.104661 3.136172 0.914683 -1.249897 -4.084156
  8   1.168026 -0.537438 -0.063437 -0.555811 -0.020965 -0.926955
  9   6.790376 -0.619176 0.015206 0.660106 -0.445108 -1.379698
 10   8.637599 0.544015 -0.090417 -2.091016 -0.493849 -0.437225
 11   6.790465 -0.619039 0.017802 0.395647 -0.421287 -0.936323
 12   -2.022474 -0.104699 -2.873818 0.839033 1.276005 -2.481872
 13   1.167898 -0.537463 0.063297 0.060877 -1.207588 -0.727598
 14   7.002743 -0.617765 -0.183752 -0.096101 0.335734 -1.855465
 15   8.209042 0.615527 -0.255885 1.475250 -0.366558 -0.333769
 16   7.002735 -0.617911 -0.183641 0.013826 0.271884 -1.297683
 17   1.574674 0.609930 -0.000899 -0.168985 -0.009104 0.277089
 18   -0.602177 0.511412 -0.000006 0.000000 0.000000 0.000000
 19   3.673773 0.177020 1.119313 -0.000002 -0.000014 -0.174510
 20   3.673767 0.176993 -1.117566 0.000007 -0.000003 -0.174546
 21   3.942357 1.334540 1.627658 0.000002 -0.000011 -0.000026
 22   -0.246060 -0.011889 0.516521 -0.000011 0.000031 0.000025
 23   3.942374 1.334565 -1.631083 0.000019 0.000002 -0.000024
 24   -0.246150 -0.011872 -0.516511 -0.000005 -0.000006 0.000048
 25   4.941364 1.997338 1.629330 0.000018 -0.000001 -0.000024
 26   4.941382 1.997366 -1.629410 -0.000001 0.000005 -0.000024
 27   2.914462 1.619264 1.514501 -0.000019 -0.000022 -0.000050
 28   2.916892 1.618870 -1.501142 -0.000002 -0.000009 -0.000024
 29   8.824059 0.150544 0.091743 0.000006 -0.000231 -0.174534
 30   2.111085 -0.561179 1.784320 -0.000008 -0.000682 0.000024
 31   2.121290 -0.561289 -1.853599 0.000000 0.000000 -0.000002
 32   -0.814395 -0.093824 3.127092 0.262921 -3.097582 -0.334816
 33   14.298673 -0.408176 0.471578 0.003687 -0.003117 -0.522469
 34   15.835795 0.581398 0.242756 -0.001271 0.032067 0.122292
 35   -0.815868 -0.091229 -3.114430 -0.132889 3.034913 -0.011455
 36   14.294526 -0.410349 -0.467541 -0.002676 0.001857 -0.384764
 37   15.834409 0.579420 -0.284600 -0.034128 0.026558 0.304555
 38   1.139685 -3.453749 -2.823813 0.000000 0.000000 0.000001
 39   -4.457742 -1.054854 -0.746180 0.000000 0.000000 0.000000
 40   1.118101 -3.449769 3.237290 0.000000 0.000001 0.000000
 41   -4.433840 -1.059130 0.959566 -0.000001 0.000000 0.000000
 42   -0.657468 1.697302 -2.688614 0.000000 0.000002 0.000000
 43   -0.664068 1.698578 2.869377 0.000000 0.000002 0.000000
time 86
  0   0.009046 4.281381 1.527761 0.000000 0.000000 -1.571449
  1   -1.093036 0.000002 -0.326057 -0.214066 -1.569082 -1.356583
  2   2.262337 0.113614 0.064702 -0.020101 -0.102707 0.193454
  3   2.380047 0.353302 0.047440 0.000000 0.000020 0.060910
  4   2.033756 0.190472 -0.000128 -0.171747 0.030069 0.171351
  5   2.451511 0.204909 -0.003447 -0.138715 0.014434 0.103433
  6   7.247600 -0.397300 -0.109469 0.000001 0.000009 0.052298
  7   -2.022252 -0.104661 3.136172 0.914683 -1.249897 -4.084156
  8   1.168026 -0.537438 -0.063437 -0.567834 -0.039179 -0.924993
  9   6.790376 -0.619176 0.015206 0.623489 -0.448112 -1.376754
 10   8.637599 0.544015 -0.090417 -2.099118 -0.514896 -0.429267
 11   6.790465 -0.619039 0.017802 0.369487 -0.417933 -0.935054
 12   -2.022474 -0.104699 -2.873818 0.839033 1.276005 -2.481872
 13   1.167898 -0.537463 0.063297 0.060877 -1.207588 -0.727598
 14   7.002743 -0.617765 -0.183752 -0.096101 0.335734 -1.855465
 15   8.209042 0.615527 -0.255885 1.475250 -0.366558 -0.333769
 16   7.002735 -0.617911 -0.183641 0.013826 0.271884 -1.297683
 17   1.574674 0.609930 -0.000899 -0.168985 -0.009104 0.267183
 18   -0.602177 0.511412 -0.000006 0.000000 0.000000 0.000000
 19   3.673773 0.177020 1.119313 -0.000002 -0.000014 -0.174510
 20   3.673767 0.176993 -1.117566 0.000007 -0.000003 -0.174546
 21   3.942357 1.334540 1.627658 0.000002 -0.000011 -0.000026
 22   -0.246060 -0.011889 0.516521 -0.000011 0.000031 0.000025
 23   3.942374 1.334565 -1.631083 0.000019 0.000002 -0.000024
 24   -0.246150 -0.011872 -0.516511 -0.000005 -0.000006 0.000048
 25   4.941364 1.997338 1.629330 0.000018 -0.000001 -0.000024
 26   4.941382 1.997366 -1.629410 -0.000001 0.000005 -0.000024
 27   2.914462 1.619264 1.514501 -0.000019 -0.000022 -0.000050
 28   2.916892 1.618870 -1.501142 -0.000002 -0.000009 -0.000024
 29   8.824059 0.150544 0.091743 0.000006 -0.000231 -0.174534
 30   2.111085 -0.561179 1.784320 -0.000008 -0.000682 0.000024
 31   2.121290 -0.561289 -1.853599 0.000000 0.000000 -0.000002
 32   -0.814395 -0.093824 3.127092 0.262921 -3.097582 -0.334816
 33   14.298673 -0.408176 0.471578 0.003687 -0.003117 -0.522469
 34   15.835795 0.581398 0.242756 -0.001271 0.032067 0.122292
 35   -0.815868 -0.091229 -3.114430 -0.132889 3.034913 -0.011455
 36   14.294526 -0.410349 -0.467541 -0.002676 0.001857 -0.384764
 37   15.834409 0.579420 -0.284600 -0.034128 0.026558 0.304555
 38   1.139685 -3.453749 -2.823813 0.000000 0.000000 0.000001
 39   -4.457742 -1.054854 -0.746180 0.000000 0.000000 0.000000
 40   1.118101 -3.449769 3.237290 0.000000 0.000001 0.000000
 41   -4.433840 -1.059130 0.959566 -0.000001 0.000000 0.000000
 42   -0.657468 1.697302 -2.688614 0.000000 0.000002 0.000000
 43   -0.664068 1.698578 2.869377 0.000000 0.000002 0.000000
time 87
  0   0.009046 4.281381 1.527761 0.000000 0.000000 -1.571449
  1   -1.093036 0.000002 -0.326057 -0.214066 -1.569082 -1.356583
  2   2.262337 0.113614 0.064702 -0.020101 -0.102707 0.193454
  3   2.380047 0.353302 0.047440 0.000000 0.000020 0.060910
  4   2.033756 0.190472 -0.000128 -0.171747 0.030069 0.171351
  5   2.451511 0.204909 -0.003447 -0.138715 0.014434 0.103433
  6   7.247600 -0.397300 -0.109469 0.000001 0.000009 0.052298
  7   -2.022252 -0.104661 3.136172 0.914683 -1.249897 -4.084156
  8   1.168026 -0.537438 -0.063437 -0.579984 -0.057292 -0.923032
  9   6.790376 -0.619176 0.015206 0.539659 -0.441371 -1.350643
 10   8.637599 0.544015 -0.090417 -2.107572 -0.535802 -0.421309
 11   6.790465 -0.619039 0.017802 0.313284 -0.399570 -0.921039
 12   -2.022474 -0.104699 -2.873818 0.839033 1.276005 -2.481872
 13   1.167898 -0.537463 0.063297 0.060877 -1.207588 -0.727598
 14   7.002743 -0.617765 -0.183752 -0.096101 0.335734 -1.855465
 15   8.209042 0.615527 -0.255885 1.475250 -0.366558 -0.333769
 16   7.002735 -0.617911 -0.183641 0.013826 0.271884 -1.297683
 17   1.574674 0.609930 -0.000899 -0.168985 -0.009104 0.257278
 18   -0.602177 0.511412 -0.000006 0.000000 0.000000 0.000000
 19   3.673773 0.177020 1.119313 -0.000002 -0.000014 -0.174510
 20   3.673767 0.176993 -1.117566 0.000007 -0.000003 -0.174546
 21   3.942357 1.334540 1.627658 0.000002 -0.000011 -0.000026
 22   -0.246060 -0.011889 0.516521 -0.000011 0.000031 0.000025
 23   3.942374 1.334565 -1.631083 0.000019 0.000002 -0.000024
 24   -0.246150 -0.011872 -0.516511 -0.000005 -0.000006 0.000048
 25   4.941364 1.997338 1.629330 0.000018 -0.000001 -0.000024
 26   4.941382 1.997366 -1.629410 -0.000001 0.000005 -0.000024
 27   2.914462 1.619264 1.514501 -0.000019 -0.000022 -0.000050
 28   2.916892 1.618870 -1.501142 -0.000002 -0.000009 -0.000024
 29   8.824059 0.150544 0.091743 0.000006 -0.000231 -0.174534
 30   2.111085 -0.561179 1.784320 -0.000008 -0.000682 0.000024
 31   2.121290 -0.561289 -1.853599 0.000000 0.000000 -0.000002
 32   -0.814395 -0.093824 3.127092 0.262921 -3.097582 -0.334816
 33   14.298673 -0.408176 0.471578 0.003687 -0.003117 -0.522469
 34   15.835795 0.581398 0.242756 -0.001271 0.032067 0.122292
 35   -0.815868 -0.091229 -3.114430 -0.132889 3.034913 -0.011455
 36   14.294526 -0.410349 -0.467541 -0.002676 0.001857 -0.384764
 37   15.834409 0.579420 -0.284600 -0.034128 0.026558 0.304555
 38   1.139685 -3.453749 -2.823813 0.000000 0.000000 0.000001
 39   -4.457742 -1.054854 -0.746180 0.000000 0.000000 0.000000
 40   1.118101 -3.449769 3.237290 0.000000 0.000001 0.000000
 41   -4.433840 -1.059130 0.959566 -0.000001 0.000000 0.000000
 42   -0.657468 1.697302 -2.688614 0.000000 0.000002 0.000000
 43   -0.664068 1.698578 2.869377 0.000000 0.000002 0.000000
time 88
  0   0.009046 4.281381 1.527761 0.000000 0.000000 -1.571449
  1   -1.093036 0.000002 -0.326057 -0.214066 -1.569082 -1.356583
  2   2.262337 0.113614 0.064702 -0.020101 -0.102707 0.193454
  3   2.380047 0.353302 0.047440 0.000000 0.000020 0.060910
  4   2.033756 0.190472 -0.000128 -0.171747 0.030069 0.171351
  5   2.451511 0.204909 -0.003447 -0.138715 0.014434 0.103433
  6   7.247600 -0.397300 -0.109469 0.000001 0.000009 0.052298
  7   -2.022252 -0.104661 3.136172 0.914683 -1.249897 -4.084156
  8   1.168026 -0.537438 -0.063437 -0.592134 -0.075254 -0.920628
  9   6.790376 -0.619176 0.015206 0.422209 -0.423952 -1.309135
 10   8.637599 0.544015 -0.090417 -2.116379 -0.556848 -0.412917
 11   6.790465 -0.619039 0.017802 0.236148 -0.368899 -0.899065
 12   -2.022474 -0.104699 -2.873818 0.839033 1.276005 -2.481872
 13   1.167898 -0.537463 0.063297 0.060877 -1.207588 -0.727598
 14   7.002743 -0.617765 -0.183752 -0.096101 0.335734 -1.855465
 15   8.209042 0.615527 -0.255885 1.475250 -0.366558 -0.333769
 16   7.002735 -0.617911 -0.183641 0.013826 0.271884 -1.297683
 17   1.574674 0.609930 -0.000899 -0.168985 -0.009104 0.247335
 18   -0.602177 0.511412 -0.000006 0.000000 0.000000 0.000000
 19   3.673773 0.177020 1.119313 -0.000002 -0.000014 -0.174510
 20   3.673767 0.176993 -1.117566 0.000007 -0.000003 -0.174546
 21   3.942357 1.334540 1.627658 0.000002 -0.000011 -0.000026
 22   -0.246060 -0.011889 0.516521 -0.000011 0.000031 0.000025
 23   3.942374 1.334565 -1.631083 0.000019 0.000002 -0.000024
 24   -0.246150 -0.011872 -0.516511 -0.000005 -0.000006 0.000048
 25   4.941364 1.997338 1.629330 0.000018 -0.000001 -0.000024
 26   4.941382 1.997366 -1.629410 -0.000001 0.000005 -0.000024
 27   2.914462 1.619264 1.514501 -0.000019 -0.000022 -0.000050
 28   2.916892 1.618870 -1.501142 -0.000002 -0.000009 -0.000024
 29   8.824059 0.150544 0.091743 0.000006 -0.000231 -0.174534
 30   2.111085 -0.561179 1.784320 -0.000008 -0.000682 0.000024
 31   2.121290 -0.561289 -1.853599 0.000000 0.000000 -0.000002
 32   -0.814395 -0.093824 3.127092 0.262921 -3.097582 -0.334816
 33   14.298673 -0.408176 0.471578 0.003687 -0.003117 -0.522469
 34   15.835795 0.581398 0.242756 -0.001271 0.032067 0.122292
 35   -0.815868 -0.091229 -3.114430 -0.132889 3.034913 -0.011455
 36   14.294526 -0.410349 -0.467541 -0.002676 0.001857 -0.384764
 37   15.834409 0.579420 -0.284600 -0.034128 0.026558 0.304555
 38   1.139685 -3.453749 -2.823813 0.000000 0.000000 0.000001
 39   -4.457742 -1.054854 -0.746180 0.000000 0.000000 0.000000
 40   1.118101 -3.449769 3.237290 0.000000 0.000001 0.000000
 41   -4.433840 -1.059130 0.959566 -0.000001 0.000000 0.000000
 42   -0.657468 1.697302 -2.688614 0.000000 0.000002 0.000000
 43   -0.664068 1.698578 2.869377 0.000000 0.000002 0.000000
time 89
  0   0.009046 4.281381 1.527761 0.000000 0.000000 -1.571449
  1   -1.093036 0.000002 -0.326057 -0.214066 -1.569082 -1.356583
  2   2.262337 0.113614 0.064702 -0.020101 -0.102707 0.193454
  3   2.380047 0.353302 0.047440 0.000000 0.000020 0.060910
  4   2.033756 0.190472 -0.000128 -0.171747 0.030069 0.171351
  5   2.451511 0.204909 -0.003447 -0.138715 0.014434 0.103433
  6   7.247600 -0.397300 -0.109469 0.000001 0.000009 0.052298
  7   -2.022252 -0.104661 3.136172 0.914683 -1.249897 -4.084156
  8   1.168026 -0.537438 -0.063437 -0.604284 -0.093317 -0.917972
  9   6.790376 -0.619176 0.015206 0.300875 -0.400526 -1.267779
 10   8.637599 0.544015 -0.090417 -2.125449 -0.577684 -0.404091
 11   6.790465 -0.619039 0.017802 0.157055 -0.334562 -0.877552
 12   -2.022474 -0.104699 -2.873818 0.839033 1.276005 -2.481872
 13   1.167898 -0.537463 0.063297 0.060877 -1.207588 -0.727598
 14   7.002743 -0.617765 -0.183752 -0.096101 0.335734 -1.855465
 15   8.209042 0.615527 -0.255885 1.475250 -0.366558 -0.333769
 16   7.002735 -0.617911 -0.183641 0.013826 0.271884 -1.297683
 17   1.574674 0.609930 -0.000899 -0.168985 -0.009104 0.237430
 18   -0.602177 0.511412 -0.000006 0.000000 0.000000 0.000000
 19   3.673773 0.177020 1.119313 -0.000002 -0.000014 -0.174510
 20   3.673767 0.176993 -1.117566 0.000007 -0.000003 -0.174546
 21   3.942357 1.334540 1.627658 0.000002 -0.000011 -0.000026
 22   -0.246060 -0.011889 0.516521 -0.000011 0.000031 0.000025
 23   3.942374 1.334565 -1.631083 0.000019 0.000002 -0.000024
 24   -0.246150 -0.011872 -0.516511 -0.000005 -0.000006 0.000048
 25   4.941364 1.997338 1.629330 0.000018 -0.000001 -0.000024
 26   4.941382 1.997366 -1.629410 -0.000001 0.000005 -0.000024
 27   2.914462 1.619264 1.514501 -0.000019 -0.000022 -0.000050
 28   2.916892 1.618870 -1.501142 -0.000002 -0.000009 -0.000024
 29   8.824059 0.150544 0.091743 0.000006 -0.000231 -0.174534
 30   2.111085 -0.561179 1.784320 -0.000008 -0.000682 0.000024
 31   2.121290 -0.561289 -1.853599 0.000000 0.000000 -0.000002
 32   -0.814395 -0.093824 3.127092 0.262921 -3.097582 -0.334816
 33   14.298673 -0.408176 0.471578 0.003687 -0.003117 -0.522469
 34   15.835795 0.581398 0.242756 -0.001271 0.032067 0.122292
 35   -0.815868 -0.091229 -3.114430 -0.132889 3.034913 -0.011455
 36   14.294526 -0.410349 -0.467541 -0.002676 0.001857 -0.384764
 37   15.834409 0.579420 -0.284600 -0.034128 0.026558 0.304555
 38   1.139685 -3.453749 -2.823813 0.000000 0.000000 0.000001
 39   -4.457742 -1.054854 -0.746180 0.000000 0.000000 0.000000
 40   1.118101 -3.449769 3.237290 0.000000 0.000001 0.000000
 41   -4.433840 -1.059130 0.959566 -0.000001 0.000000 0.000000
 42   -0.657468 1.697302 -2.688614 0.000000 0.000002 0.000000
 43   -0.664068 1.698578 2.869377 0.000000 0.000002 0.000000
time 90
  0   0.009046 4.281381 1.527761 0.000000 0.000000 -1.571449
  1   -1.093036 0.000002 -0.326057 -0.214066 -1.569082 -1.356583
  2   2.262337 0.113614 0.064702 -0.020101 -0.102707 0.193454
  3   2.380047 0.353302 0.047440 0.000000 0.000020 0.060910
  4   2.033756 0.190472 -0.000128 -0.171747 0.030069 0.171351
  5   2.451511 0.204909 -0.003447 -0.138715 0.014434 0.103433
  6   7.247600 -0.397300 -0.109469 0.000001 0.000009 0.052298
  7   -2.022252 -0.104661 3.136172 0.914683 -1.249897 -4.084156
  8   1.168026 -0.537438 -0.063437 -0.616497 -0.111229 -0.915188
  9   6.790376 -0.619176 0.015206 0.199014 -0.379036 -1.236913
 10   8.637599 0.544015 -0.090417 -2.134784 -0.598519 -0.394831
 11   6.790465 -0.619039 0.017802 0.090458 -0.305369 -0.861922
 12   -2.022474 -0.104699 -2.873818 0.839033 1.276005 -2.481872
 13   1.167898 -0.537463 0.063297 0.060877 -1.207588 -0.727598
 14   7.002743 -0.617765 -0.183752 -0.096101 0.335734 -1.855465
 15   8.209042 0.615527 -0.255885 1.475250 -0.366558 -0.333769
 16   7.002735 -0.617911 -0.183641 0.013826 0.271884 -1.297683
 17   1.574674 0.609930 -0.000899 -0.168985 -0.009104 0.227561
 18   -0.602177 0.511412 -0.000006 0.000000 0.000000 0.000000
 19   3.673773 0.177020 1.119313 -0.000002 -0.000014 -0.174510
 20   3.673767 0.176993 -1.117566 0.000007 -0.000003 -0.174546
 21   3.942357 1.334540 1.627658 0.000002 -0.000011 -0.000026
 22   -0.246060 -0.011889 0.516521 -0.000011 0.000031 0.000025
 23   3.942374 1.334565 -1.631083 0.000019 0.000002 -0.000024
 24   -0.246150 -0.011872 -0.516511 -0.000005 -0.000006 0.000048
 25   4.941364 1.997338 1.629330 0.000018 -0.000001 -0.000024
 26   4.941382 1.997366 -1.629410 -0.000001 0.000005 -0.000024
 27   2.914462 1.619264 1.514501 -0.000019 -0.000022 -0.000050
 28   2.916892 1.618870 -1.501142 -0.000002 -0.000009 -0.000024
 29   8.824059 0.150544 0.091743 0.000006 -0.000231 -0.174534
 30   2.111085 -0.561179 1.784320 -0.000008 -0.000682 0.000024
 31   2.121290 -0.561289 -1.853599 0.000000 0.000000 -0.000002
 32   -0.814395 -0.093824 3.127092 0.262921 -3.097582 -0.334816
 33   14.298673 -0.408176 0.471578 0.003687 -0.003117 -0.522469
 34   15.835795 0.581398 0.242756 -0.001271 0.032067 0.122292
 35   -0.815868 -0.091229 -3.114430 -0.132889 3.034913 -0.011455
 36   14.294526 -0.410349 -0.467541 -0.002676 0.001857 -0.384764
 37   15.834409 0.579420 -0.284600 -0.034128 0.026558 0.304555
 38   1.139685 -3.453749 -2.823813 0.000000 0.000000 0.000001
 39   -4.457742 -1.054854 -0.746180 0.000000 0.000000 0.000000
 40   1.118101 -3.449769 3.237290 0.000000 0.000001 0.000000
 41   -4.433840 -1.059130 0.959566 -0.000001 0.000000 0.000000
 42   -0.657468 1.697302 -2.688614 0.000000 0.000002 0.000000
 43   -0.664068 1.698578 2.869377 0.000000 0.000002 0.000000
time 91
  0   0.009046 4.281381 1.527761 0.000000 0.000000 -1.571449
  1   -1.093036 0.000002 -0.326057 -0.214066 -1.569082 -1.356583
  2   2.262337 0.113614 0.064702 -0.020101 -0.102707 0.193454
  3   2.380047 0.353302 0.047440 0.000000 0.000020 0.060910
  4   2.033756 0.190472 -0.000128 -0.171747 0.030069 0.171351
  5   2.451511 0.204909 -0.003447 -0.138715 0.014434 0.103433
  6   7.247600 -0.397300 -0.109469 0.000001 0.000009 0.052298
  7   -2.022252 -0.104661 3.136172 0.914683 -1.249897 -4.084156
  8   1.168026 -0.537438 -0.063437 -0.628900 -0.129040 -0.912088
  9   6.790376 -0.619176 0.015206 0.110524 -0.359414 -1.213669
 10   8.637599 0.544015 -0.090417 -2.144471 -0.619355 -0.385209
 11   6.790465 -0.619039 0.017802 0.032212 -0.279985 -0.850502
 12   -2.022474 -0.104699 -2.873818 0.839033 1.276005 -2.481872
 13   1.167898 -0.537463 0.063297 0.060877 -1.207588 -0.727598
 14   7.002743 -0.617765 -0.183752 -0.096101 0.335734 -1.855465
 15   8.209042 0.615527 -0.255885 1.475250 -0.366558 -0.333769
 16   7.002735 -0.617911 -0.183641 0.013826 0.271884 -1.297683
 17   1.574674 0.609930 -0.000899 -0.168985 -0.009104 0.217693
 18   -0.602177 0.511412 -0.000006 0.000000 0.000000 0.000000
 19   3.673773 0.177020 1.119313 -0.000002 -0.000014 -0.174510
 20   3.673767 0.176993 -1.117566 0.000007 -0.000003 -0.174546
 21   3.942357 1.334540 1.627658 0.000002 -0.000011 -0.000026
 22   -0.246060 -0.011889 0.516521 -0.000011 0.000031 0.000025
 23   3.942374 1.334565 -1.631083 0.000019 0.000002 -0.000024
 24   -0.246150 -0.011872 -0.516511 -0.000005 -0.000006 0.000048
 25   4.941364 1.997338 1.629330 0.000018 -0.000001 -0.000024
 26   4.941382 1.997366 -1.629410 -0.000001 0.000005 -0.000024
 27   2.914462 1.619264 1.514501 -0.000019 -0.000022 -0.000050
 28   2.916892 1.618870 -1.501142 -0.000002 -0.000009 -0.000024
 29   8.824059 0.150544 0.091743 0.000006 -0.000231 -0.174534
 30   2.111085 -0.561179 1.784320 -0.000008 -0.000682 0.000024
 31   2.121290 -0.561289 -1.853599 0.000000 0.000000 -0.000002
 32   -0.814395 -0.093824 3.127092 0.262921 -3.097582 -0.334816
 33   14.298673 -0.408176 0.471578 0.003687 -0.003117 -0.522469
 34   15.835795 0.581398 0.242756 -0.001271 0.032067 0.122292
 35   -0.815868 -0.091229 -3.114430 -0.132889 3.034913 -0.011455
 36   14.294526 -0.410349 -0.467541 -0.002676 0.001857 -0.384764
 37   15.834409 0.579420 -0.284600 -0.034128 0.026558 0.304555
 38   1.139685 -3.453749 -2.823813 0.000000 0.000000 0.000001
 39   -4.457742 -1.054854 -0.746180 0.000000 0.000000 0.000000
 40   1.118101 -3.449769 3.237290 0.000000 0.000001 0.000000
 41   -4.433840 -1.059130 0.959566 -0.000001 0.000000 0.000000
 42   -0.657468 1.697302 -2.688614 0.000000 0.000002 0.000000
 43   -0.664068 1.698578 2.869377 0.000000 0.000002 0.000000
time 92
  0   0.009046 4.281381 1.527761 0.000000 0.000000 -1.571449
  1   -1.093036 0.000002 -0.326057 -0.214066 -1.569082 -1.356583
  2   2.262337 0.113614 0.064702 -0.020101 -0.102707 0.193454
  3   2.380047 0.353302 0.047440 0.000000 0.000020 0.060910
  4   2.033756 0.190472 -0.000128 -0.171747 0.030069 0.171351
  5   2.451511 0.204909 -0.003447 -0.138715 0.014434 0.103433
  6   7.247600 -0.397300 -0.109469 0.000001 0.000009 0.052298
  7   -2.022252 -0.104661 3.136172 0.914683 -1.249897 -4.084156
  8   1.168026 -0.537438 -0.063437 -0.641303 -0.146801 -0.908672
  9   6.790376 -0.619176 0.015206 0.022700 -0.337790 -1.193142
 10   8.637599 0.544015 -0.090417 -2.154510 -0.640190 -0.375081
 11   6.790465 -0.619039 0.017802 -0.025451 -0.253720 -0.840525
 12   -2.022474 -0.104699 -2.873818 0.839033 1.276005 -2.481872
 13   1.167898 -0.537463 0.063297 0.060877 -1.207588 -0.727598
 14   7.002743 -0.617765 -0.183752 -0.096101 0.335734 -1.855465
 15   8.209042 0.615527 -0.255885 1.475250 -0.366558 -0.333769
 16   7.002735 -0.617911 -0.183641 0.013826 0.271884 -1.297683
 17   1.574674 0.609930 -0.000899 -0.168985 -0.009104 0.207787
 18   -0.602177 0.511412 -0.000006 0.000000 0.000000 0.000000
 19   3.673773 0.177020 1.119313 -0.000002 -0.000014 -0.174510
 20   3.673767 0.176993 -1.117566 0.000007 -0.000003 -0.174546
 21   3.942357 1.334540 1.627658 0.000002 -0.000011 -0.000026
 22   -0.246060 -0.011889 0.516521 -0.000011 0.000031 0.000025
 23   3.942374 1.334565 -1.631083 0.000019 0.000002 -0.000024
 24   -0.246150 -0.011872 -0.516511 -0.000005 -0.000006 0.000048
 25   4.941364 1.997338 1.629330 0.000018 -0.000001 -0.000024
 26   4.941382 1.997366 -1.629410 -0.000001 0.000005 -0.000024
 27   2.914462 1.619264 1.514501 -0.000019 -0.000022 -0.000050
 28   2.916892 1.618870 -1.501142 -0.000002 -0.000009 -0.000024
 29   8.824059 0.150544 0.091743 0.000006 -0.000231 -0.174534
 30   2.111085 -0.561179 1.784320 -0.000008 -0.000682 0.000024
 31   2.121290 -0.561289 -1.853599 0.000000 0.000000 -0.000002
 32   -0.814395 -0.093824 3.127092 0.262921 -3.097582 -0.334816
 33   14.298673 -0.408176 0.471578 0.003687 -0.003117 -0.522469
 34   15.835795 0.581398 0.242756 -0.001271 0.032067 0.122292
 35   -0.815868 -0.091229 -3.114430 -0.132889 3.034913 -0.011455
 36   14.294526 -0.410349 -0.467541 -0.002676 0.001857 -0.384764
 37   15.834409 0.579420 -0.284600 -0.034128 0.026558 0.304555
 38   1.139685 -3.453749 -2.823813 0.000000 0.000000 0.000001
 39   -4.457742 -1.054854 -0.746180 0.000000 0.000000 0.000000
 40   1.118101 -3.449769 3.237290 0.000000 0.000001 0.000000
 41   -4.433840 -1.059130 0.959566 -0.000001 0.000000 0.000000
 42   -0.657468 1.697302 -2.688614 0.000000 0.000002 0.000000
 43   -0.664068 1.698578 2.869377 0.000000 0.000002 0.000000
time 93
  0   0.009046 4.281381 1.527761 0.000000 0.000000 -1.571449
  1   -1.093036 0.000002 -0.326057 -0.214066 -1.569082 -1.356583
  2   2.262337 0.113614 0.064702 -0.020101 -0.102707 0.193454
  3   2.380047 0.353302 0.047440 0.000000 0.000020 0.060910
  4   2.033756 0.190472 -0.000128 -0.171747 0.030069 0.171351
  5   2.451511 0.204909 -0.003447 -0.138715 0.014434 0.103433
  6   7.247600 -0.397300 -0.109469 0.000001 0.000009 0.052298
  7   -2.022252 -0.104661 3.136172 0.914683 -1.249897 -4.084156
  8   1.168026 -0.537438 -0.063437 -0.653706 -0.164411 -0.905066
  9   6.790376 -0.619176 0.015206 -0.063904 -0.314297 -1.174728
 10   8.637599 0.544015 -0.090417 -2.165166 -0.660956 -0.364591
 11   6.790465 -0.619039 0.017802 -0.082763 -0.226659 -0.831758
 12   -2.022474 -0.104699 -2.873818 0.839033 1.276005 -2.481872
 13   1.167898 -0.537463 0.063297 0.060877 -1.207588 -0.727598
 14   7.002743 -0.617765 -0.183752 -0.096101 0.335734 -1.855465
 15   8.209042 0.615527 -0.255885 1.475250 -0.366558 -0.333769
 16   7.002735 -0.617911 -0.183641 0.013826 0.271884 -1.297683
 17   1.574674 0.609930 -0.000899 -0.168985 -0.009104 0.197918
 18   -0.602177 0.511412 -0.000006 0.000000 0.000000 0.000000
 19   3.673773 0.177020 1.119313 -0.000002 -0.000014 -0.174510
 20   3.673767 0.176993 -1.117566 0.000007 -0.000003 -0.174546
 21   3.942357 1.334540 1.627658 0.000002 -0.000011 -0.000026
 22   -0.246060 -0.011889 0.516521 -0.000011 0.000031 0.000025
 23   3.942374 1.334565 -1.631083 0.000019 0.000002 -0.000024
 24   -0.246150 -0.011872 -0.516511 -0.000005 -0.000006 0.000048
 25   4.941364 1.997338 1.629330 0.000018 -0.000001 -0.000024
 26   4.941382 1.997366 -1.629410 -0.000001 0.000005 -0.000024
 27   2.914462 1.619264 1.514501 -0.000019 -0.000022 -0.000050
 28   2.916892 1.618870 -1.501142 -0.000002 -0.000009 -0.000024
 29   8.824059 0.150544 0.091743 0.000006 -0.000231 -0.174534
 30   2.111085 -0.561179 1.784320 -0.000008 -0.000682 0.000024
 31   2.121290 -0.561289 -1.853599 0.000000 0.000000 -0.000002
 32   -0.814395 -0.093824 3.127092 0.262921 -3.097582 -0.334816
 33   14.298673 -0.408176 0.471578 0.003687 -0.003117 -0.522469
 34   15.835795 0.581398 0.242756 -0.001271 0.032067 0.122292
 35   -0.815868 -0.091229 -3.114430 -0.132889 3.034913 -0.011455
 36   14.294526 -0.410349 -0.467541 -0.002676 0.001857 -0.384764
 37   15.834409 0.579420 -0.284600 -0.034128 0.026558 0.304555
 38   1.139685 -3.453749 -2.823813 0.000000 0.000000 0.000001
 39   -4.457742 -1.054854 -0.746180 0.000000 0.000000 0.000000
 40   1.118101 -3.449769 3.237290 0.000000 0.000001 0.000000
 41   -4.433840 -1.059130 0.959566 -0.000001 0.000000 0.000000
 42   -0.657468 1.697302 -2.688614 0.000000 0.000002 0.000000
 43   -0.664068 1.698578 2.869377 0.000000 0.000002 0.000000
time 94
  0   0.009046 4.281381 1.527761 0.000000 0.000000 -1.571449
  1   -1.093036 0.000002 -0.326057 -0.214066 -1.569082 -1.356583
  2   2.262337 0.113614 0.064702 -0.020101 -0.102707 0.193454
  3   2.380047 0.353302 0.047440 0.000000 0.000020 0.060910
  4   2.033756 0.190472 -0.000128 -0.171747 0.030069 0.171351
  5   2.451511 0.204909 -0.003447 -0.138715 0.014434 0.103433
  6   7.247600 -0.397300 -0.109469 0.000001 0.000009 0.052298
  7   -2.022252 -0.104661 3.136172 0.914683 -1.249897 -4.084156
  8   1.168026 -0.537438 -0.063437 -0.666362 -0.182021 -0.901144
  9   6.790376 -0.619176 0.015206 -0.149620 -0.289270 -1.157823
 10   8.637599 0.544015 -0.090417 -2.176263 -0.681580 -0.353450
 11   6.790465 -0.619039 0.017802 -0.139316 -0.198888 -0.823568
 12   -2.022474 -0.104699 -2.873818 0.839033 1.276005 -2.481872
 13   1.167898 -0.537463 0.063297 0.060877 -1.207588 -0.727598
 14   7.002743 -0.617765 -0.183752 -0.096101 0.335734 -1.855465
 15   8.209042 0.615527 -0.255885 1.475250 -0.366558 -0.333769
 16   7.002735 -0.617911 -0.183641 0.013826 0.271884 -1.297683
 17   1.574674 0.609930 -0.000899 -0.168985 -0.009104 0.188050
 18   -0.602177 0.511412 -0.000006 0.000000 0.000000 0.000000
 19   3.673773 0.177020 1.119313 -0.000002 -0.000014 -0.174510
 20   3.673767 0.176993 -1.117566 0.000007 -0.000003 -0.174546
 21   3.942357 1.334540 1.627658 0.000002 -0.000011 -0.000026
 22   -0.246060 -0.011889 0.516521 -0.000011 0.000031 0.000025
 23   3.942374 1.334565 -1.631083 0.000019 0.000002 -0.000024
 24   -0.246150 -0.011872 -0.516511 -0.000005 -0.000006 0.000048
 25   4.941364 1.997338 1.629330 0.000018 -0.000001 -0.000024
 26   4.941382 1.997366 -1.629410 -0.000001 0.000005 -0.000024
 27   2.914462 1.619264 1.514501 -0.000019 -0.000022 -0.000050
 28   2.916892 1.618870 -1.501142 -0.000002 -0.000009 -0.000024
 29   8.824059 0.150544 0.091743 0.000006 -0.000231 -0.174534
 30   2.111085 -0.561179 1.784320 -0.000008 -0.000682 0.000024
 31   2.121290 -0.561289 -1.853599 0.000000 0.000000 -0.000002
 32   -0.814395 -0.093824 3.127092 0.262921 -3.097582 -0.334816
 33   14.298673 -0.408176 0.471578 0.003687 -0.003117 -0.522469
 34   15.835795 0.581398 0.242756 -0.001271 0.032067 0.122292
 35   -0.815868 -0.091229 -3.114430 -0.132889 3.034913 -0.011455
 36   14.294526 -0.410349 -0.467541 -0.002676 0.001857 -0.384764
 37   15.834409 0.579420 -0.284600 -0.034128 0.026558 0.304555
 38   1.139685 -3.453749 -2.823813 0.000000 0.000000 0.000001
 39   -4.457742 -1.054854 -0.746180 0.000000 0.000000 0.000000
 40   1.118101 -3.449769 3.237290 0.000000 0.000001 0.000000
 41   -4.433840 -1.059130 0.959566 -0.000001 0.000000 0.000000
 42   -0.657468 1.697302 -2.688614 0.000000 0.000002 0.000000
 43   -0.664068 1.698578 2.869377 0.000000 0.000002 0.000000
time 95
  0   0.009046 4.281381 1.527761 0.000000 0.000000 -1.571449
  1   -1.093036 0.000002 -0.326057 -0.214066 -1.569082 -1.356583
  2   2.262337 0.113614 0.064702 -0.020101 -0.102707 0.193454
  3   2.380047 0.353302 0.047440 0.000000 0.000020 0.060910
  4   2.033756 0.190472 -0.000128 -0.171747 0.030069 0.171351
  5   2.451511 0.204909 -0.003447 -0.138715 0.014434 0.103433
  6   7.247600 -0.397300 -0.109469 0.000001 0.000009 0.052298
  7   -2.022252 -0.104661 3.136172 0.914683 -1.249897 -4.084156
  8   1.168026 -0.537438 -0.063437 -0.679145 -0.199480 -0.897032
  9   6.790376 -0.619176 0.015206 -0.233616 -0.262841 -1.142428
 10   8.637599 0.544015 -0.090417 -2.187623 -0.702064 -0.342092
 11   6.790465 -0.619039 0.017802 -0.194847 -0.170605 -0.815782
 12   -2.022474 -0.104699 -2.873818 0.839033 1.276005 -2.481872
 13   1.167898 -0.537463 0.063297 0.060877 -1.207588 -0.727598
 14   7.002743 -0.617765 -0.183752 -0.096101 0.335734 -1.855465
 15   8.209042 0.615527 -0.255885 1.475250 -0.366558 -0.333769
 16   7.002735 -0.617911 -0.183641 0.013826 0.271884 -1.297683
 17   1.574674 0.609930 -0.000899 -0.168985 -0.009104 0.178218
 18   -0.602177 0.511412 -0.000006 0.000000 0.000000 0.000000
 19   3.673773 0.177020 1.119313 -0.000002 -0.000014 -0.174510
 20   3.673767 0.176993 -1.117566 0.000007 -0.000003 -0.174546
 21   3.942357 1.334540 1.627658 0.000002 -0.000011 -0.000026
 22   -0.246060 -0.011889 0.516521 -0.000011 0.000031 0.000025
 23   3.942374 1.334565 -1.631083 0.000019 0.000002 -0.000024
 24   -0.246150 -0.011872 -0.516511 -0.000005 -0.000006 0.000048
 25   4.941364 1.997338 1.629330 0.000018 -0.000001 -0.000024
 26   4.941382 1.997366 -1.629410 -0.000001 0.000005 -0.000024
 27   2.914462 1.619264 1.514501 -0.000019 -0.000022 -0.000050
 28   2.916892 1.618870 -1.501142 -0.000002 -0.000009 -0.000024
 29   8.824059 0.150544 0.091743 0.000006 -0.000231 -0.174534
 30   2.111085 -0.561179 1.784320 -0.000008 -0.000682 0.000024
 31   2.121290 -0.561289 -1.853599 0.000000 0.000000 -0.000002
 32   -0.814395 -0.093824 3.127092 0.262921 -3.097582 -0.334816
 33   14.298673 -0.408176 0.471578 0.003687 -0.003117 -0.522469
 34   15.835795 0.581398 0.242756 -0.001271 0.032067 0.122292
 35   -0.815868 -0.091229 -3.114430 -0.132889 3.034913 -0.011455
 36   14.294526 -0.410349 -0.467541 -0.002676 0.001857 -0.384764
 37   15.834409 0.579420 -0.284600 -0.034128 0.026558 0.304555
 38   1.139685 -3.453749 -2.823813 0.000000 0.000000 0.000001
 39   -4.457742 -1.054854 -0.746180 0.000000 0.000000 0.000000
 40   1.118101 -3.449769 3.237290 0.000000 0.000001 0.000000
 41   -4.433840 -1.059130 0.959566 -0.000001 0.000000 0.000000
 42   -0.657468 1.697302 -2.688614 0.000000 0.000002 0.000000
 43   -0.664068 1.698578 2.869377 0.000000 0.000002 0.000000
time 96
  0   0.009046 4.281381 1.527761 0.000000 0.000000 -1.571449
  1   -1.093036 0.000002 -0.326057 -0.214066 -1.569082 -1.356583
  2   2.262337 0.113614 0.064702 -0.020101 -0.102707 0.193454
  3   2.380047 0.353302 0.047440 0.000000 0.000020 0.060910
  4   2.033756 0.190472 -0.000128 -0.171747 0.030069 0.171351
  5   2.451511 0.204909 -0.003447 -0.138715 0.014434 0.103433
  6   7.247600 -0.397300 -0.109469 0.000001 0.000009 0.052298
  7   -2.022252 -0.104661 3.136172 0.914683 -1.249897 -4.084156
  8   1.168026 -0.537438 -0.063437 -0.694079 -0.219656 -0.891972
  9   6.790376 -0.619176 0.015206 -0.327377 -0.234143 -1.126278
 10   8.637599 0.544015 -0.090417 -2.201273 -0.721139 -0.329504
 11   6.790465 -0.619039 0.017802 -0.257240 -0.139820 -0.807419
 12   -2.022474 -0.104699 -2.873818 0.839033 1.276005 -2.481872
 13   1.167898 -0.537463 0.063297 0.060877 -1.207588 -0.727598
 14   7.002743 -0.617765 -0.183752 -0.096101 0.335734 -1.855465
 15   8.209042 0.615527 -0.255885 1.475250 -0.366558 -0.333769
 16   7.002735 -0.617911 -0.183641 0.013826 0.271884 -1.297683
 17   1.574674 0.609930 -0.000899 -0.168985 -0.009104 0.166723
 18   -0.602177 0.511412 -0.000006 0.000000 0.000000 0.000000
 19   3.673773 0.177020 1.119313 -0.000002 -0.000014 -0.174510
 20   3.673767 0.176993 -1.117566 0.000007 -0.000003 -0.174546
 21   3.942357 1.334540 1.627658 0.000002 -0.000011 -0.000026
 22   -0.246060 -0.011889 0.516521 -0.000011 0.000031 0.000025
 23   3.942374 1.334565 -1.631083 0.000019 0.000002 -0.000024
 24   -0.246150 -0.011872 -0.516511 -0.000005 -0.000006 0.000048
 25   4.941364 1.997338 1.629330 0.000018 -0.000001 -0.000024
 26   4.941382 1.997366 -1.629410 -0.000001 0.000005 -0.000024
 27   2.914462 1.619264 1.514501 -0.000019 -0.000022 -0.000050
 28   2.916892 1.618870 -1.501142 -0.000002 -0.000009 -0.000024
 29   8.824059 0.150544 0.091743 0.000006 -0.000231 -0.174534
 30   2.111085 -0.561179 1.784320 -0.000008 -0.000682 0.000024
 31   2.121290 -0.561289 -1.853599 0.000000 0.000000 -0.000002
 32   -0.814395 -0.093824 3.127092 0.262921 -3.097582 -0.334816
 33   14.298673 -0.408176 0.471578 0.003687 -0.003117 -0.522469
 34   15.835795 0.581398 0.242756 -0.001271 0.032067 0.122292
 35   -0.815868 -0.091229 -3.114430 -0.132889 3.034913 -0.011455
 36   14.294526 -0.410349 -0.467541 -0.002676 0.001857 -0.384764
 37   15.834409 0.579420 -0.284600 -0.034128 0.026558 0.304555
 38   1.139685 -3.453749 -2.823813 0.000000 0.000000 0.000001
 39   -4.457742 -1.054854 -0.746180 0.000000 0.000000 0.000000
 40   1.118101 -3.449769 3.237290 0.000000 0.000001 0.000000
 41   -4.433840 -1.059130 0.959566 -0.000001 0.000000 0.000000
 42   -0.657468 1.697302 -2.688614 0.000000 0.000002 0.000000
 43   -0.664068 1.698578 2.869377 0.000000 0.000002 0.000000
time 97
  0   0.009046 4.281381 1.527761 0.000000 0.000000 -1.571449
  1   -1.093036 0.000002 -0.326057 -0.214066 -1.569082 -1.356583
  2   2.262337 0.113614 0.064702 -0.020101 -0.102707 0.193454
  3   2.380047 0.353302 0.047440 0.000000 0.000020 0.060910
  4   2.033756 0.190472 -0.000128 -0.171747 0.030069 0.171351
  5   2.451511 0.204909 -0.003447 -0.138715 0.014434 0.103433
  6   7.247600 -0.397300 -0.109469 0.000001 0.000009 0.052298
  7   -2.022252 -0.104661 3.136172 0.914683 -1.249897 -4.084156
  8   1.168026 -0.537438 -0.063437 -0.712114 -0.243354 -0.885646
  9   6.790376 -0.619176 0.015206 -0.435673 -0.202174 -1.110128
 10   8.637599 0.544015 -0.090417 -2.217389 -0.738244 -0.315903
 11   6.790465 -0.619039 0.017802 -0.329676 -0.105398 -0.798595
 12   -2.022474 -0.104699 -2.873818 0.839033 1.276005 -2.481872
 13   1.167898 -0.537463 0.063297 0.060877 -1.207588 -0.727598
 14   7.002743 -0.617765 -0.183752 -0.096101 0.335734 -1.855465
 15   8.209042 0.615527 -0.255885 1.475250 -0.366558 -0.333769
 16   7.002735 -0.617911 -0.183641 0.013826 0.271884 -1.297683
 17   1.574674 0.609930 -0.000899 -0.168985 -0.009104 0.153417
 18   -0.602177 0.511412 -0.000006 0.000000 0.000000 0.000000
 19   3.673773 0.177020 1.119313 -0.000002 -0.000014 -0.174510
 20   3.673767 0.176993 -1.117566 0.000007 -0.000003 -0.174546
 21   3.942357 1.334540 1.627658 0.000002 -0.000011 -0.000026
 22   -0.246060 -0.011889 0.516521 -0.000011 0.000031 0.000025
 23   3.942374 1.334565 -1.631083 0.000019 0.000002 -0.000024
 24   -0.246150 -0.011872 -0.516511 -0.000005 -0.000006 0.000048
 25   4.941364 1.997338 1.629330 0.000018 -0.000001 -0.000024
 26   4.941382 1.997366 -1.629410 -0.000001 0.000005 -0.000024
 27   2.914462 1.619264 1.514501 -0.000019 -0.000022 -0.000050
 28   2.916892 1.618870 -1.501142 -0.000002 -0.000009 -0.000024
 29   8.824059 0.150544 0.091743 0.000006 -0.000231 -0.174534
 30   2.111085 -0.561179 1.784320 -0.000008 -0.000682 0.000024
 31   2.121290 -0.561289 -1.853599 0.000000 0.000000 -0.000002
 32   -0.814395 -0.093824 3.127092 0.262921 -3.097582 -0.334816
 33   14.298673 -0.408176 0.471578 0.003687 -0.003117 -0.522469
 34   15.835795 0.581398 0.242756 -0.001271 0.032067 0.122292
 35   -0.815868 -0.091229 -3.114430 -0.132889 3.034913 -0.011455
 36   14.294526 -0.410349 -0.467541 -0.002676 0.001857 -0.384764
 37   15.834409 0.579420 -0.284600 -0.034128 0.026558 0.304555
 38   1.139685 -3.453749 -2.823813 0.000000 0.000000 0.000001
 39   -4.457742 -1.054854 -0.746180 0.000000 0.000000 0.000000
 40   1.118101 -3.449769 3.237290 0.000000 0.000001 0.000000
 41   -4.433840 -1.059130 0.959566 -0.000001 0.000000 0.000000
 42   -0.657468 1.697302 -2.688614 0.000000 0.000002 0.000000
 43   -0.664068 1.698578 2.869377 0.000000 0.000002 0.000000
time 98
  0   0.009046 4.281381 1.527761 0.000000 0.000000 -1.571449
  1   -1.093036 0.000002 -0.326057 -0.214066 -1.569082 -1.356583
  2   2.262337 0.113614 0.064702 -0.020101 -0.102707 0.193454
  3   2.380047 0.353302 0.047440 0.000000 0.000020 0.060910
  4   2.033756 0.190472 -0.000128 -0.171747 0.030069 0.171351
  5   2.451511 0.204909 -0.003447 -0.138715 0.014434 0.103433
  6   7.247600 -0.397300 -0.109469 0.000001 0.000009 0.052298
  7   -2.022252 -0.104661 3.136172 0.914683 -1.249897 -4.084156
  8   1.168026 -0.537438 -0.063437 -0.729263 -0.265593 -0.879066
  9   6.790376 -0.619176 0.015206 -0.537589 -0.169872 -1.099638
 10   8.637599 0.544015 -0.090417 -2.233505 -0.755983 -0.301796
 11   6.790465 -0.619039 0.017802 -0.398083 -0.071458 -0.792770
 12   -2.022474 -0.104699 -2.873818 0.839033 1.276005 -2.481872
 13   1.167898 -0.537463 0.063297 0.060877 -1.207588 -0.727598
 14   7.002743 -0.617765 -0.183752 -0.096101 0.335734 -1.855465
 15   8.209042 0.615527 -0.255885 1.475250 -0.366558 -0.333769
 16   7.002735 -0.617911 -0.183641 0.013826 0.271884 -1.297683
 17   1.574674 0.609930 -0.000899 -0.168985 -0.009104 0.140666
 18   -0.602177 0.511412 -0.000006 0.000000 0.000000 0.000000
 19   3.673773 0.177020 1.119313 -0.000002 -0.000014 -0.174510
 20   3.673767 0.176993 -1.117566 0.000007 -0.000003 -0.174546
 21   3.942357 1.334540 1.627658 0.000002 -0.000011 -0.000026
 22   -0.246060 -0.011889 0.516521 -0.000011 0.000031 0.000025
 23   3.942374 1.334565 -1.631083 0.000019 0.000002 -0.000024
 24   -0.246150 -0.011872 -0.516511 -0.000005 -0.000006 0.000048
 25   4.941364 1.997338 1.629330 0.000018 -0.000001 -0.000024
 26   4.941382 1.997366 -1.629410 -0.000001 0.000005 -0.000024
 27   2.914462 1.619264 1.514501 -0.000019 -0.000022 -0.000050
 28   2.916892 1.618870 -1.501142 -0.000002 -0.000009 -0.000024
 29   8.824059 0.150544 0.091743 0.000006 -0.000231 -0.174534
 30   2.111085 -0.561179 1.784320 -0.000008 -0.000682 0.000024
 31   2.121290 -0.561289 -1.853599 0.000000 0.000000 -0.000002
 32   -0.814395 -0.093824 3.127092 0.262921 -3.097582 -0.334816
 33   14.298673 -0.408176 0.471578 0.003687 -0.003117 -0.522469
 34   15.835795 0.581398 0.242756 -0.001271 0.032067 0.122292
 35   -0.815868 -0.091229 -3.114430 -0.132889 3.034913 -0.011455
 36   14.294526 -0.410349 -0.467541 -0.002676 0.001857 -0.384764
 37   15.834409 0.579420 -0.284600 -0.034128 0.026558 0.304555
 38   1.139685 -3.453749 -2.823813 0.000000 0.000000 0.000001
 39   -4.457742 -1.054854 -0.746180 0.000000 0.000000 0.000000
 40   1.118101 -3.449769 3.237290 0.000000 0.000001 0.000000
 41   -4.433840 -1.059130 0.959566 -0.000001 0.000000 0.000000
 42   -0.657468 1.697302 -2.688614 0.000000 0.000002 0.000000
 43   -0.664068 1.698578 2.869377 0.000000 0.000002 0.000000
time 99
  0   0.009046 4.281381 1.527761 0.000000 0.000000 -1.571449
  1   -1.093036 0.000002 -0.326057 -0.214066 -1.569082 -1.356583
  2   2.262337 0.113614 0.064702 -0.020101 -0.102707 0.193454
  3   2.380047 0.353302 0.047440 0.000000 0.000020 0.060910
  4   2.033756 0.190472 -0.000128 -0.171747 0.030069 0.171351
  5   2.451511 0.204909 -0.003447 -0.138715 0.014434 0.103433
  6   7.247600 -0.397300 -0.109469 0.000001 0.000009 0.052298
  7   -2.022252 -0.104661 3.136172 0.914683 -1.249897 -4.084156
  8   1.168026 -0.537438 -0.063437 -0.740970 -0.280335 -0.874448
  9   6.790376 -0.619176 0.015206 -0.610212 -0.141908 -1.099034
 10   8.637599 0.544015 -0.090417 -2.245922 -0.776818 -0.288774
 11   6.790465 -0.619039 0.017802 -0.446461 -0.043288 -0.792885
 12   -2.022474 -0.104699 -2.873818 0.839033 1.276005 -2.481872
 13   1.167898 -0.537463 0.063297 0.060877 -1.207588 -0.727598
 14   7.002743 -0.617765 -0.183752 -0.096101 0.335734 -1.855465
 15   8.209042 0.615527 -0.255885 1.475250 -0.366558 -0.333769
 16   7.002735 -0.617911 -0.183641 0.013826 0.271884 -1.297683
 17   1.574674 0.609930 -0.000899 -0.168985 -0.009104 0.132128
 18   -0.602177 0.511412 -0.000006 0.000000 0.000000 0.000000
 19   3.673773 0.177020 1.119313 -0.000002 -0.000014 -0.174510
 20   3.673767 0.176993 -1.117566 0.000007 -0.000003 -0.174546
 21   3.942357 1.334540 1.627658 0.000002 -0.000011 -0.000026
 22   -0.246060 -0.011889 0.516521 -0.000011 0.000031 0.000025
 23   3.942374 1.334565 -1.631083 0.000019 0.000002 -0.000024
 24   -0.246150 -0.011872 -0.516511 -0.000005 -0.000006 0.000048
 25   4.941364 1.997338 1.629330 0.000018 -0.000001 -0.000024
 26   4.941382 1.997366 -1.629410 -0.000001 0.000005 -0.000024
 27   2.914462 1.619264 1.514501 -0.000019 -0.000022 -0.000050
 28   2.916892 1.618870 -1.501142 -0.000002 -0.000009 -0.000024
 29   8.824059 0.150544 0.091743 0.000006 -0.000231 -0.174534
 30   2.111085 -0.561179 1.784320 -0.000008 -0.000682 0.000024
 31   2.121290 -0.561289 -1.853599 0.000000 0.000000 -0.000002
 32   -0.814395 -0.093824 3.127092 0.262921 -3.097582 -0.334816
 33   14.298673 -0.408176 0.471578 0.003687 -0.003117 -0.522469
 34   15.835795 0.581398 0.242756 -0.001271 0.032067 0.122292
 35   -0.815868 -0.091229 -3.114430 -0.132889 3.034913 -0.011455
 36   14.294526 -0.410349 -0.467541 -0.002676 0.001857 -0.384764
 37   15.834409 0.579420 -0.284600 -0.034128 0.026558 0.304555
 38   1.139685 -3.453749 -2.823813 0.000000 0.000000 0.000001
 39   -4.457742 -1.054854 -0.746180 0.000000 0.000000 0.000000
 40   1.118101 -3.449769 3.237290 0.000000 0.000001 0.000000
 41   -4.433840 -1.059130 0.959566 -0.000001 0.000000 0.000000
 42   -0.657468 1.697302 -2.688614 0.000000 0.000002 0.000000
 43   -0.664068 1.698578 2.869377 0.000000 0.000002 0.000000
time 100
  0   0.009046 4.281381 1.527761 0.000000 0.000000 -1.571449
  1   -1.093036 0.000002 -0.326057 -0.214066 -1.569082 -1.356583
  2   2.262337 0.113614 0.064702 -0.020101 -0.102707 0.193454
  3   2.380047 0.353302 0.047440 0.000000 0.000020 0.060910
  4   2.033756 0.190472 -0.000128 -0.171747 0.030069 0.171351
  5   2.451511 0.204909 -0.003447 -0.138715 0.014434 0.103433
  6   7.247600 -0.397300 -0.109469 0.000001 0.000009 0.052298
  7   -2.022252 -0.104661 3.136172 0.914683 -1.249897 -4.084156
  8   1.168026 -0.537438 -0.063437 -0.744830 -0.285165 -0.872993
  9   6.790376 -0.619176 0.015206 -0.644055 -0.120484 -1.107864
 10   8.637599 0.544015 -0.090417 -2.253672 -0.802229 -0.277199
 11   6.790465 -0.619039 0.017802 -0.468416 -0.023704 -0.798710
 12   -2.022474 -0.104699 -2.873818 0.839033 1.276005 -2.481872
 13   1.167898 -0.537463 0.063297 0.060877 -1.207588 -0.727598
 14   7.002743 -0.617765 -0.183752 -0.096101 0.335734 -1.855465
 15   8.209042 0.615527 -0.255885 1.475250 -0.366558 -0.333769
 16   7.002735 -0.617911 -0.183641 0.013826 0.271884 -1.297683
 17   1.574674 0.609930 -0.000899 -0.168985 -0.009104 0.129356
 18   -0.602177 0.511412 -0.000006 0.000000 0.000000 0.000000
 19   3.673773 0.177020 1.119313 -0.000002 -0.000014 -0.174510
 20   3.673767 0.176993 -1.117566 0.000007 -0.000003 -0.174546
 21   3.942357 1.334540 1.627658 0.000002 -0.000011 -0.000026
 22   -0.246060 -0.011889 0.516521 -0.000011 0.000031 0.000025
 23   3.942374 1.334565 -1.631083 0.000019 0.000002 -0.000024
 24   -0.246150 -0.011872 -0.516511 -0.000005 -0.000006 0.000048
 25   4.941364 1.997338 1.629330 0.000018 -0.000001 -0.000024
 26   4.941382 1.997366 -1.629410 -0.000001 0.000005 -0.000024
 27   2.914462 1.619264 1.514501 -0.000019 -0.000022 -0.000050
 28   2.916892 1.618870 -1.501142 -0.000002 -0.000009 -0.000024
 29   8.824059 0.150544 0.091743 0.000006 -0.000231 -0.174534
 30   2.111085 -0.561179 1.784320 -0.000008 -0.000682 0.000024
 31   2.121290 -0.561289 -1.853599 0.000000 0.000000 -0.000002
 32   -0.814395 -0.093824 3.127092 0.262921 -3.097582 -0.334816
 33   14.298673 -0.408176 0.471578 0.003687 -0.003117 -0.522469
 34   15.835795 0.581398 0.242756 -0.001271 0.032067 0.122292
 35   -0.815868 -0.091229 -3.114430 -0.132889 3.034913 -0.011455
 36   14.294526 -0.410349 -0.467541 -0.002676 0.001857 -0.384764
 37   15.834409 0.579420 -0.284600 -0.034128 0.026558 0.304555
 38   1.139685 -3.453749 -2.823813 0.000000 0.000000 0.000001
 39   -4.457742 -1.054854 -0.746180 0.000000 0.000000 0.000000
 40   1.118101 -3.449769 3.237290 0.000000 0.000001 0.000000
 41   -4.433840 -1.059130 0.959566 -0.000001 0.000000 0.000000
 42   -0.657468 1.697302 -2.688614 0.000000 0.000002 0.000000
 43   -0.664068 1.698578 2.869377 0.000000 0.000002 0.000000
time 101
  0   0.009046 4.281381 1.527761 0.000000 0.000000 -1.571449
  1   -1.093036 0.000002 -0.326057 -0.214066 -1.569082 -1.356583
  2   2.262337 0.113614 0.064702 -0.020101 -0.102707 0.193454
  3   2.380047 0.353302 0.047440 0.000000 0.000020 0.060910
  4   2.033756 0.190472 -0.000128 -0.171747 0.030069 0.171351
  5   2.451511 0.204909 -0.003447 -0.138715 0.014434 0.103433
  6   7.247600 -0.397300 -0.109469 0.000001 0.000009 0.052298
  7   -2.022252 -0.104661 3.136172 0.914683 -1.249897 -4.084156
  8   1.168026 -0.537438 -0.063437 -0.741413 -0.280939 -0.874448
  9   6.790376 -0.619176 0.015206 -0.655095 -0.107536 -1.126806
 10   8.637599 0.544015 -0.090417 -2.245481 -0.834679 -0.280599
 11   6.790465 -0.619039 0.017802 -0.475248 -0.011879 -0.811630
 12   -2.022474 -0.104699 -2.873818 0.839033 1.276005 -2.481872
 13   1.167898 -0.537463 0.063297 0.060877 -1.207588 -0.727598
 14   7.002743 -0.617765 -0.183752 -0.096101 0.335734 -1.855465
 15   8.209042 0.615527 -0.255885 1.475250 -0.366558 -0.333769
 16   7.002735 -0.617911 -0.183641 0.013826 0.271884 -1.297683
 17   1.574674 0.609930 -0.000899 -0.168985 -0.009104 0.129356
 18   -0.602177 0.511412 -0.000006 0.000000 0.000000 0.000000
 19   3.673773 0.177020 1.119313 -0.000002 -0.000014 -0.174510
 20   3.673767 0.176993 -1.117566 0.000007 -0.000003 -0.174546
 21   3.942357 1.334540 1.627658 0.000002 -0.000011 -0.000026
 22   -0.246060 -0.011889 0.516521 -0.000011 0.000031 0.000025
 23   3.942374 1.334565 -1.631083 0.000019 0.000002 -0.000024
 24   -0.246150 -0.011872 -0.516511 -0.000005 -0.000006 0.000048
 25   4.941364 1.997338 1.629330 0.000018 -0.000001 -0.000024
 26   4.941382 1.997366 -1.629410 -0.000001 0.000005 -0.000024
 27   2.914462 1.619264 1.514501 -0.000019 -0.000022 -0.000050
 28   2.916892 1.618870 -1.501142 -0.000002 -0.000009 -0.000024
 29   8.824059 0.150544 0.091743 0.000006 -0.000231 -0.174534
 30   2.111085 -0.561179 1.784320 -0.000008 -0.000682 0.000024
 31   2.121290 -0.561289 -1.853599 0.000000 0.000000 -0.000002
 32   -0.814395 -0.093824 3.127092 0.262921 -3.097582 -0.334816
 33   14.298673 -0.408176 0.471578 0.003687 -0.003117 -0.522469
 34   15.835795 0.581398 0.242756 -0.001271 0.032067 0.122292
 35   -0.815868 -0.091229 -3.114430 -0.132889 3.034913 -0.011455
 36   14.294526 -0.410349 -0.467541 -0.002676 0.001857 -0.384764
 37   15.834409 0.579420 -0.284600 -0.034128 0.026558 0.304555
 38   1.139685 -3.453749 -2.823813 0.000000 0.000000 0.000001
 39   -4.457742 -1.054854 -0.746180 0.000000 0.000000 0.000000
 40   1.118101 -3.449769 3.237290 0.000000 0.000001 0.000000
 41   -4.433840 -1.059130 0.959566 -0.000001 0.000000 0.000000
 42   -0.657468 1.697302 -2.688614 0.000000 0.000002 0.000000
 43   -0.664068 1.698578 2.869377 0.000000 0.000002 0.000000
time 102
  0   0.009046 4.281381 1.527761 0.000000 0.000000 -1.571449
  1   -1.093036 0.000002 -0.326057 -0.214066 -1.569082 -1.356583
  2   2.262337 0.113614 0.064702 -0.020101 -0.102707 0.193454
  3   2.380047 0.353302 0.047440 0.000000 0.000020 0.060910
  4   2.033756 0.190472 -0.000128 -0.171747 0.030069 0.171351
  5   2.451511 0.204909 -0.003447 -0.138715 0.014434 0.103433
  6   7.247600 -0.397300 -0.109469 0.000001 0.000009 0.052298
  7   -2.022252 -0.104661 3.136172 0.914683 -1.249897 -4.084156
  8   1.168026 -0.537438 -0.063437 -0.731035 -0.267807 -0.878560
  9   6.790376 -0.619176 0.015206 -0.657370 -0.105401 -1.157974
 10   8.637599 0.544015 -0.090417 -2.206205 -0.876491 -0.316916
 11   6.790465 -0.619039 0.017802 -0.477204 -0.007842 -0.833431
 12   -2.022474 -0.104699 -2.873818 0.839033 1.276005 -2.481872
 13   1.167898 -0.537463 0.063297 0.060877 -1.207588 -0.727598
 14   7.002743 -0.617765 -0.183752 -0.096101 0.335734 -1.855465
 15   8.209042 0.615527 -0.255885 1.475250 -0.366558 -0.333769
 16   7.002735 -0.617911 -0.183641 0.013826 0.271884 -1.297683
 17   1.574674 0.609930 -0.000899 -0.168985 -0.009104 0.129356
 18   -0.602177 0.511412 -0.000006 0.000000 0.000000 0.000000
 19   3.673773 0.177020 1.119313 -0.000002 -0.000014 -0.174510
 20   3.673767 0.176993 -1.117566 0.000007 -0.000003 -0.174546
 21   3.942357 1.334540 1.627658 0.000002 -0.000011 -0.000026
 22   -0.246060 -0.011889 0.516521 -0.000011 0.000031 0.000025
 23   3.942374 1.334565 -1.631083 0.000019 0.000002 -0.000024
 24   -0.246150 -0.011872 -0.516511 -0.000005 -0.000006 0.000048
 25   4.941364 1.997338 1.629330 0.000018 -0.000001 -0.000024
 26   4.941382 1.997366 -1.629410 -0.000001 0.000005 -0.000024
 27   2.914462 1.619264 1.514501 -0.000019 -0.000022 -0.000050
 28   2.916892 1.618870 -1.501142 -0.000002 -0.000009 -0.000024
 29   8.824059 0.150544 0.091743 0.000006 -0.000231 -0.174534
 30   2.111085 -0.561179 1.784320 -0.000008 -0.000682 0.000024
 31   2.121290 -0.561289 -1.853599 0.000000 0.000000 -0.000002
 32   -0.814395 -0.093824 3.127092 0.262921 -3.097582 -0.334816
 33   14.298673 -0.408176 0.471578 0.003687 -0.003117 -0.522469
 34   15.835795 0.581398 0.242756 -0.001271 0.032067 0.122292
 35   -0.815868 -0.091229 -3.114430 -0.132889 3.034913 -0.011455
 36   14.294526 -0.410349 -0.467541 -0.002676 0.001857 -0.384764
 37   15.834409 0.579420 -0.284600 -0.034128 0.026558 0.304555
 38   1.139685 -3.453749 -2.823813 0.000000 0.000000 0.000001
 39   -4.457742 -1.054854 -0.746180 0.000000 0.000000 0.000000
 40   1.118101 -3.449769 3.237290 0.000000 0.000001 0.000000
 41   -4.433840 -1.059130 0.959566 -0.000001 0.000000 0.000000
 42   -0.657468 1.697302 -2.688614 0.000000 0.000002 0.000000
 43   -0.664068 1.698578 2.869377 0.000000 0.000002 0.000000
time 103
  0   0.009046 4.281381 1.527761 0.000000 0.000000 -1.571449
  1   -1.093036 0.000002 -0.326057 -0.214066 -1.569082 -1.356583
  2   2.262337 0.113614 0.064702 -0.020101 -0.102707 0.193454
  3   2.380047 0.353302 0.047440 0.000000 0.000020 0.060910
  4   2.033756 0.190472 -0.000128 -0.171747 0.030069 0.171351
  5   2.451511 0.204909 -0.003447 -0.138715 0.014434 0.103433
  6   7.247600 -0.397300 -0.109469 0.000001 0.000009 0.052298
  7   -2.022252 -0.104661 3.136172 0.914683 -1.249897 -4.084156
  8   1.168026 -0.537438 -0.063437 -0.715531 -0.247832 -0.884444
  9   6.790376 -0.619176 0.015206 -0.652765 -0.111007 -1.198047
 10   8.637599 0.544015 -0.090417 -2.137338 -0.922808 -0.383907
 11   6.790465 -0.619039 0.017802 -0.475394 -0.009491 -0.861864
 12   -2.022474 -0.104699 -2.873818 0.839033 1.276005 -2.481872
 13   1.167898 -0.537463 0.063297 0.060877 -1.207588 -0.727598
 14   7.002743 -0.617765 -0.183752 -0.096101 0.335734 -1.855465
 15   8.209042 0.615527 -0.255885 1.475250 -0.366558 -0.333769
 16   7.002735 -0.617911 -0.183641 0.013826 0.271884 -1.297683
 17   1.574674 0.609930 -0.000899 -0.168985 -0.009104 0.129356
 18   -0.602177 0.511412 -0.000006 0.000000 0.000000 0.000000
 19   3.673773 0.177020 1.119313 -0.000002 -0.000014 -0.174510
 20   3.673767 0.176993 -1.117566 0.000007 -0.000003 -0.174546
 21   3.942357 1.334540 1.627658 0.000002 -0.000011 -0.000026
 22   -0.246060 -0.011889 0.516521 -0.000011 0.000031 0.000025
 23   3.942374 1.334565 -1.631083 0.000019 0.000002 -0.000024
 24   -0.246150 -0.011872 -0.516511 -0.000005 -0.000006 0.000048
 25   4.941364 1.997338 1.629330 0.000018 -0.000001 -0.000024
 26   4.941382 1.997366 -1.629410 -0.000001 0.000005 -0.000024
 27   2.914462 1.619264 1.514501 -0.000019 -0.000022 -0.000050
 28   2.916892 1.618870 -1.501142 -0.000002 -0.000009 -0.000024
 29   8.824059 0.150544 0.091743 0.000006 -0.000231 -0.174534
 30   2.111085 -0.561179 1.784320 -0.000008 -0.000682 0.000024
 31   2.121290 -0.561289 -1.853599 0.000000 0.000000 -0.000002
 32   -0.814395 -0.093824 3.127092 0.262921 -3.097582 -0.334816
 33   14.298673 -0.408176 0.471578 0.003687 -0.003117 -0.522469
 34   15.835795 0.581398 0.242756 -0.001271 0.032067 0.122292
 35   -0.815868 -0.091229 -3.114430 -0.132889 3.034913 -0.011455
 36   14.294526 -0.410349 -0.467541 -0.002676 0.001857 -0.384764
 37   15.834409 0.579420 -0.284600 -0.034128 0.026558 0.304555
 38   1.139685 -3.453749 -2.823813 0.000000 0.000000 0.000001
 39   -4.457742 -1.054854 -0.746180 0.000000 0.000000 0.000000
 40   1.118101 -3.449769 3.237290 0.000000 0.000001 0.000000
 41   -4.433840 -1.059130 0.959566 -0.000001 0.000000 0.000000
 42   -0.657468 1.697302 -2.688614 0.000000 0.000002 0.000000
 43   -0.664068 1.698578 2.869377 0.000000 0.000002 0.000000
time 104
  0   0.009046 4.281381 1.527761 0.000000 0.000000 -1.571449
  1   -1.093036 0.000002 -0.326057 -0.214066 -1.569082 -1.356583
  2   2.262337 0.113614 0.064702 -0.020101 -0.102707 0.193454
  3   2.380047 0.353302 0.047440 0.000000 0.000020 0.060910
  4   2.033756 0.190472 -0.000128 -0.171747 0.030069 0.171351
  5   2.451511 0.204909 -0.003447 -0.138715 0.014434 0.103433
  6   7.247600 -0.397300 -0.109469 0.000001 0.000009 0.052298
  7   -2.022252 -0.104661 3.136172 0.914683 -1.249897 -4.084156
  8   1.168026 -0.537438 -0.063437 -0.699268 -0.226700 -0.890263
  9   6.790376 -0.619176 0.015206 -0.646607 -0.117748 -1.239705
 10   8.637599 0.544015 -0.090417 -2.053852 -0.966731 -0.465584
 11   6.790465 -0.619039 0.017802 -0.472708 -0.012163 -0.891336
 12   -2.022474 -0.104699 -2.873818 0.839033 1.276005 -2.481872
 13   1.167898 -0.537463 0.063297 0.060877 -1.207588 -0.727598
 14   7.002743 -0.617765 -0.183752 -0.096101 0.335734 -1.855465
 15   8.209042 0.615527 -0.255885 1.475250 -0.366558 -0.333769
 16   7.002735 -0.617911 -0.183641 0.013826 0.271884 -1.297683
 17   1.574674 0.609930 -0.000899 -0.168985 -0.009104 0.129356
 18   -0.602177 0.511412 -0.000006 0.000000 0.000000 0.000000
 19   3.673773 0.177020 1.119313 -0.000002 -0.000014 -0.174510
 20   3.673767 0.176993 -1.117566 0.000007 -0.000003 -0.174546
 21   3.942357 1.334540 1.627658 0.000002 -0.000011 -0.000026
 22   -0.246060 -0.011889 0.516521 -0.000011 0.000031 0.000025
 23   3.942374 1.334565 -1.631083 0.000019 0.000002 -0.000024
 24   -0.246150 -0.011872 -0.516511 -0.000005 -0.000006 0.000048
 25   4.941364 1.997338 1.629330 0.000018 -0.000001 -0.000024
 26   4.941382 1.997366 -1.629410 -0.000001 0.000005 -0.000024
 27   2.914462 1.619264 1.514501 -0.000019 -0.000022 -0.000050
 28   2.916892 1.618870 -1.501142 -0.000002 -0.000009 -0.000024
 29   8.824059 0.150544 0.091743 0.000006 -0.000231 -0.174534
 30   2.111085 -0.561179 1.784320 -0.000008 -0.000682 0.000024
 31   2.121290 -0.561289 -1.853599 0.000000 0.000000 -0.000002
 32   -0.814395 -0.093824 3.127092 0.262921 -3.097582 -0.334816
 33   14.298673 -0.408176 0.471578 0.003687 -0.003117 -0.522469
 34   15.835795 0.581398 0.242756 -0.001271 0.032067 0.122292
 35   -0.815868 -0.091229 -3.114430 -0.132889 3.034913 -0.011455
 36   14.294526 -0.410349 -0.467541 -0.002676 0.001857 -0.384764
 37   15.834409 0.579420 -0.284600 -0.034128 0.026558 0.304555
 38   1.139685 -3.453749 -2.823813 0.000000 0.000000 0.000001
 39   -4.457742 -1.054854 -0.746180 0.000000 0.000000 0.000000
 40   1.118101 -3.449769 3.237290 0.000000 0.000001 0.000000
 41   -4.433840 -1.059130 0.959566 -0.000001 0.000000 0.000000
 42   -0.657468 1.697302 -2.688614 0.000000 0.000002 0.000000
 43   -0.664068 1.698578 2.869377 0.000000 0.000002 0.000000
time 105
  0   0.009046 4.281381 1.527761 0.000000 0.000000 -1.571449
  1   -1.093036 0.000002 -0.326057 -0.214066 -1.569082 -1.356583
  2   2.262337 0.113614 0.064702 -0.020101 -0.102707 0.193454
  3   2.380047 0.353302 0.047440 0.000000 0.000020 0.060910
  4   2.033756 0.190472 -0.000128 -0.171747 0.030069 0.171351
  5   2.451511 0.204909 -0.003447 -0.138715 0.014434 0.103433
  6   7.247600 -0.397300 -0.109469 0.000001 0.000009 0.052298
  7   -2.022252 -0.104661 3.136172 0.914683 -1.249897 -4.084156
  8   1.168026 -0.537438 -0.063437 -0.685979 -0.208788 -0.894881
  9   6.790376 -0.619176 0.015206 -0.644055 -0.120484 -1.276684
 10   8.637599 0.544015 -0.090417 -1.974066 -1.004742 -0.543281
 11   6.790465 -0.619039 0.017802 -0.471978 -0.011850 -0.917521
 12   -2.022474 -0.104699 -2.873818 0.839033 1.276005 -2.481872
 13   1.167898 -0.537463 0.063297 0.060877 -1.207588 -0.727598
 14   7.002743 -0.617765 -0.183752 -0.096101 0.335734 -1.855465
 15   8.209042 0.615527 -0.255885 1.475250 -0.366558 -0.333769
 16   7.002735 -0.617911 -0.183641 0.013826 0.271884 -1.297683
 17   1.574674 0.609930 -0.000899 -0.168985 -0.009104 0.129356
 18   -0.602177 0.511412 -0.000006 0.000000 0.000000 0.000000
 19   3.673773 0.177020 1.119313 -0.000002 -0.000014 -0.174510
 20   3.673767 0.176993 -1.117566 0.000007 -0.000003 -0.174546
 21   3.942357 1.334540 1.627658 0.000002 -0.000011 -0.000026
 22   -0.246060 -0.011889 0.516521 -0.000011 0.000031 0.000025
 23   3.942374 1.334565 -1.631083 0.000019 0.000002 -0.000024
 24   -0.246150 -0.011872 -0.516511 -0.000005 -0.000006 0.000048
 25   4.941364 1.997338 1.629330 0.000018 -0.000001 -0.000024
 26   4.941382 1.997366 -1.629410 -0.000001 0.000005 -0.000024
 27   2.914462 1.619264 1.514501 -0.000019 -0.000022 -0.000050
 28   2.916892 1.618870 -1.501142 -0.000002 -0.000009 -0.000024
 29   8.824059 0.150544 0.091743 0.000006 -0.000231 -0.174534
 30   2.111085 -0.561179 1.784320 -0.000008 -0.000682 0.000024
 31   2.121290 -0.561289 -1.853599 0.000000 0.000000 -0.000002
 32   -0.814395 -0.093824 3.127092 0.262921 -3.097582 -0.334816
 33   14.298673 -0.408176 0.471578 0.003687 -0.003117 -0.522469
 34   15.835795 0.581398 0.242756 -0.001271 0.032067 0.122292
 35   -0.815868 -0.091229 -3.114430 -0.132889 3.034913 -0.011455
 36   14.294526 -0.410349 -0.467541 -0.002676 0.001857 -0.384764
 37   15.834409 0.579420 -0.284600 -0.034128 0.026558 0.304555
 38   1.139685 -3.453749 -2.823813 0.000000 0.000000 0.000001
 39   -4.457742 -1.054854 -0.746180 0.000000 0.000000 0.000000
 40   1.118101 -3.449769 3.237290 0.000000 0.000001 0.000000
 41   -4.433840 -1.059130 0.959566 -0.000001 0.000000 0.000000
 42   -0.657468 1.697302 -2.688614 0.000000 0.000002 0.000000
 43   -0.664068 1.698578 2.869377 0.000000 0.000002 0.000000
time 106
  0   0.009046 4.281381 1.527761 0.000000 0.000000 -1.571449
  1   -1.093036 0.000002 -0.326057 -0.214066 -1.569082 -1.356583
  2   2.262337 0.113614 0.064702 -0.020101 -0.102707 0.193454
  3   2.380047 0.353302 0.047440 0.000000 0.000020 0.060910
  4   2.033756 0.190472 -0.000128 -0.171747 0.030069 0.171351
  5   2.451511 0.204909 -0.003447 -0.138715 0.014434 0.103433
  6   7.247600 -0.397300 -0.109469 0.000001 0.000009 0.052298
  7   -2.022252 -0.104661 3.136172 0.914683 -1.249897 -4.084156
  8   1.168026 -0.537438 -0.063437 -0.674462 -0.193090 -0.898740
  9   6.790376 -0.619176 0.015206 -0.644055 -0.120484 -1.310418
 10   8.637599 0.544015 -0.090417 -1.895864 -1.038389 -0.618881
 11   6.790465 -0.619039 0.017802 -0.472708 -0.009462 -0.941167
 12   -2.022474 -0.104699 -2.873818 0.839033 1.276005 -2.481872
 13   1.167898 -0.537463 0.063297 0.060877 -1.207588 -0.727598
 14   7.002743 -0.617765 -0.183752 -0.096101 0.335734 -1.855465
 15   8.209042 0.615527 -0.255885 1.475250 -0.366558 -0.333769
 16   7.002735 -0.617911 -0.183641 0.013826 0.271884 -1.297683
 17   1.574674 0.609930 -0.000899 -0.168985 -0.009104 0.129356
 18   -0.602177 0.511412 -0.000006 0.000000 0.000000 0.000000
 19   3.673773 0.177020 1.119313 -0.000002 -0.000014 -0.174510
 20   3.673767 0.176993 -1.117566 0.000007 -0.000003 -0.174546
 21   3.942357 1.334540 1.627658 0.000002 -0.000011 -0.000026
 22   -0.246060 -0.011889 0.516521 -0.000011 0.000031 0.000025
 23   3.942374 1.334565 -1.631083 0.000019 0.000002 -0.000024
 24   -0.246150 -0.011872 -0.516511 -0.000005 -0.000006 0.000048
 25   4.941364 1.997338 1.629330 0.000018 -0.000001 -0.000024
 26   4.941382 1.997366 -1.629410 -0.000001 0.000005 -0.000024
 27   2.914462 1.619264 1.514501 -0.000019 -0.000022 -0.000050
 28   2.916892 1.618870 -1.501142 -0.000002 -0.000009 -0.000024
 29   8.824059 0.150544 0.091743 0.000006 -0.000231 -0.174534
 30   2.111085 -0.561179 1.784320 -0.000008 -0.000682 0.000024
 31   2.121290 -0.561289 -1.853599 0.000000 0.000000 -0.000002
 32   -0.814395 -0.093824 3.127092 0.262921 -3.097582 -0.334816
 33   14.298673 -0.408176 0.471578 0.003687 -0.003117 -0.522469
 34   15.835795 0.581398 0.242756 -0.001271 0.032067 0.122292
 35   -0.815868 -0.091229 -3.114430 -0.132889 3.034913 -0.011455
 36   14.294526 -0.410349 -0.467541 -0.002676 0.001857 -0.384764
 37   15.834409 0.579420 -0.284600 -0.034128 0.026558 0.304555
 38   1.139685 -3.453749 -2.823813 0.000000 0.000000 0.000001
 39   -4.457742 -1.054854 -0.746180 0.000000 0.000000 0.000000
 40   1.118101 -3.449769 3.237290 0.000000 0.000001 0.000000
 41   -4.433840 -1.059130 0.959566 -0.000001 0.000000 0.000000
 42   -0.657468 1.697302 -2.688614 0.000000 0.000002 0.000000
 43   -0.664068 1.698578 2.869377 0.000000 0.000002 0.000000
time 107
  0   0.009046 4.281381 1.527761 0.000000 0.000000 -1.571449
  1   -1.093036 0.000002 -0.326057 -0.214066 -1.569082 -1.356583
  2   2.262337 0.113614 0.064702 -0.020101 -0.102707 0.193454
  3   2.380047 0.353302 0.047440 0.000000 0.000020 0.060910
  4   2.033756 0.190472 -0.000128 -0.171747 0.030069 0.171351
  5   2.451511 0.204909 -0.003447 -0.138715 0.014434 0.103433
  6   7.247600 -0.397300 -0.109469 0.000001 0.000009 0.052298
  7   -2.022252 -0.104661 3.136172 0.914683 -1.249897 -4.084156
  8   1.168026 -0.537438 -0.063437 -0.663135 -0.177543 -0.902346
  9   6.790376 -0.619176 0.015206 -0.644055 -0.120484 -1.344152
 10   8.637599 0.544015 -0.090417 -1.808151 -1.068586 -0.704103
 11   6.790465 -0.619039 0.017802 -0.473467 -0.006989 -0.964872
 12   -2.022474 -0.104699 -2.873818 0.839033 1.276005 -2.481872
 13   1.167898 -0.537463 0.063297 0.060877 -1.207588 -0.727598
 14   7.002743 -0.617765 -0.183752 -0.096101 0.335734 -1.855465
 15   8.209042 0.615527 -0.255885 1.475250 -0.366558 -0.333769
 16   7.002735 -0.617911 -0.183641 0.013826 0.271884 -1.297683
 17   1.574674 0.609930 -0.000899 -0.168985 -0.009104 0.129356
 18   -0.602177 0.511412 -0.000006 0.000000 0.000000 0.000000
 19   3.673773 0.177020 1.119313 -0.000002 -0.000014 -0.174510
 20   3.673767 0.176993 -1.117566 0.000007 -0.000003 -0.174546
 21   3.942357 1.334540 1.627658 0.000002 -0.000011 -0.000026
 22   -0.246060 -0.011889 0.516521 -0.000011 0.000031 0.000025
 23   3.942374 1.334565 -1.631083 0.000019 0.000002 -0.000024
 24   -0.246150 -0.011872 -0.516511 -0.000005 -0.000006 0.000048
 25   4.941364 1.997338 1.629330 0.000018 -0.000001 -0.000024
 26   4.941382 1.997366 -1.629410 -0.000001 0.000005 -0.000024
 27   2.914462 1.619264 1.514501 -0.000019 -0.000022 -0.000050
 28   2.916892 1.618870 -1.501142 -0.000002 -0.000009 -0.000024
 29   8.824059 0.150544 0.091743 0.000006 -0.000231 -0.174534
 30   2.111085 -0.561179 1.784320 -0.000008 -0.000682 0.000024
 31   2.121290 -0.561289 -1.853599 0.000000 0.000000 -0.000002
 32   -0.814395 -0.093824 3.127092 0.262921 -3.097582 -0.334816
 33   14.298673 -0.408176 0.471578 0.003687 -0.003117 -0.522469
 34   15.835795 0.581398 0.242756 -0.001271 0.032067 0.122292
 35   -0.815868 -0.091229 -3.114430 -0.132889 3.034913 -0.011455
 36   14.294526 -0.410349 -0.467541 -0.002676 0.001857 -0.384764
 37   15.834409 0.579420 -0.284600 -0.034128 0.026558 0.304555
 38   1.139685 -3.453749 -2.823813 0.000000 0.000000 0.000001
 39   -4.457742 -1.054854 -0.746180 0.000000 0.000000 0.000000
 40   1.118101 -3.449769 3.237290 0.000000 0.000001 0.000000
 41   -4.433840 -1.059130 0.959566 -0.000001 0.000000 0.000000
 42   -0.657468 1.697302 -2.688614 0.000000 0.000002 0.000000
 43   -0.664068 1.698578 2.869377 0.000000 0.000002 0.000000
time 108
  0   0.009046 4.281381 1.527761 0.000000 0.000000 -1.571449
  1   -1.093036 0.000002 -0.326057 -0.214066 -1.569082 -1.356583
  2   2.262337 0.113614 0.064702 -0.020101 -0.102707 0.193454
  3   2.380047 0.353302 0.047440 0.000000 0.000020 0.060910
  4   2.033756 0.190472 -0.000128 -0.171747 0.030069 0.171351
  5   2.451511 0.204909 -0.003447 -0.138715 0.014434 0.103433
  6   7.247600 -0.397300 -0.109469 0.000001 0.000009 0.052298
  7   -2.022252 -0.104661 3.136172 0.914683 -1.249897 -4.084156
  8   1.168026 -0.537438 -0.063437 -0.651681 -0.161694 -0.905573
  9   6.790376 -0.619176 0.015206 -0.644055 -0.120484 -1.378037
 10   8.637599 0.544015 -0.090417 -1.710047 -1.095124 -0.799814
 11   6.790465 -0.619039 0.017802 -0.474226 -0.004602 -0.988634
 12   -2.022474 -0.104699 -2.873818 0.839033 1.276005 -2.481872
 13   1.167898 -0.537463 0.063297 0.060877 -1.207588 -0.727598
 14   7.002743 -0.617765 -0.183752 -0.096101 0.335734 -1.855465
 15   8.209042 0.615527 -0.255885 1.475250 -0.366558 -0.333769
 16   7.002735 -0.617911 -0.183641 0.013826 0.271884 -1.297683
 17   1.574674 0.609930 -0.000899 -0.168985 -0.009104 0.129356
 18   -0.602177 0.511412 -0.000006 0.000000 0.000000 0.000000
 19   3.673773 0.177020 1.119313 -0.000002 -0.000014 -0.174510
 20   3.673767 0.176993 -1.117566 0.000007 -0.000003 -0.174546
 21   3.942357 1.334540 1.627658 0.000002 -0.000011 -0.000026
 22   -0.246060 -0.011889 0.516521 -0.000011 0.000031 0.000025
 23   3.942374 1.334565 -1.631083 0.000019 0.000002 -0.000024
 24   -0.246150 -0.011872 -0.516511 -0.000005 -0.000006 0.000048
 25   4.941364 1.997338 1.629330 0.000018 -0.000001 -0.000024
 26   4.941382 1.997366 -1.629410 -0.000001 0.000005 -0.000024
 27   2.914462 1.619264 1.514501 -0.000019 -0.000022 -0.000050
 28   2.916892 1.618870 -1.501142 -0.000002 -0.000009 -0.000024
 29   8.824059 0.150544 0.091743 0.000006 -0.000231 -0.174534
 30   2.111085 -0.561179 1.784320 -0.000008 -0.000682 0.000024
 31   2.121290 -0.561289 -1.853599 0.000000 0.000000 -0.000002
 32   -0.814395 -0.093824 3.127092 0.262921 -3.097582 -0.334816
 33   14.298673 -0.408176 0.471578 0.003687 -0.003117 -0.522469
 34   15.835795 0.581398 0.242756 -0.001271 0.032067 0.122292
 35   -0.815868 -0.091229 -3.114430 -0.132889 3.034913 -0.011455
 36   14.294526 -0.410349 -0.467541 -0.002676 0.001857 -0.384764
 37   15.834409 0.579420 -0.284600 -0.034128 0.026558 0.304555
 38   1.139685 -3.453749 -2.823813 0.000000 0.000000 0.000001
 39   -4.457742 -1.054854 -0.746180 0.000000 0.000000 0.000000
 40   1.118101 -3.449769 3.237290 0.000000 0.000001 0.000000
 41   -4.433840 -1.059130 0.959566 -0.000001 0.000000 0.000000
 42   -0.657468 1.697302 -2.688614 0.000000 0.000002 0.000000
 43   -0.664068 1.698578 2.869377 0.000000 0.000002 0.000000
time 109
  0   0.009046 4.281381 1.527761 0.000000 0.000000 -1.571449
  1   -1.093036 0.000002 -0.326057 -0.214066 -1.569082 -1.356583
  2   2.262337 0.113614 0.064702 -0.020101 -0.102707 0.193454
  3   2.380047 0.353302 0.047440 0.000000 0.000020 0.060910
  4   2.033756 0.190472 -0.000128 -0.171747 0.030069 0.171351
  5   2.451511 0.204909 -0.003447 -0.138715 0.014434 0.103433
  6   7.247600 -0.397300 -0.109469 0.000001 0.000009 0.052298
  7   -2.022252 -0.104661 3.136172 0.914683 -1.249897 -4.084156
  8   1.168026 -0.537438 -0.063437 -0.640607 -0.145845 -0.908925
  9   6.790376 -0.619176 0.015206 -0.644055 -0.120484 -1.411696
 10   8.637599 0.544015 -0.090417 -1.602256 -1.116522 -0.905437
 11   6.790465 -0.619039 0.017802 -0.475015 -0.002157 -1.012338
 12   -2.022474 -0.104699 -2.873818 0.839033 1.276005 -2.481872
 13   1.167898 -0.537463 0.063297 0.060877 -1.207588 -0.727598
 14   7.002743 -0.617765 -0.183752 -0.096101 0.335734 -1.855465
 15   8.209042 0.615527 -0.255885 1.475250 -0.366558 -0.333769
 16   7.002735 -0.617911 -0.183641 0.013826 0.271884 -1.297683
 17   1.574674 0.609930 -0.000899 -0.168985 -0.009104 0.129356
 18   -0.602177 0.511412 -0.000006 0.000000 0.000000 0.000000
 19   3.673773 0.177020 1.119313 -0.000002 -0.000014 -0.174510
 20   3.673767 0.176993 -1.117566 0.000007 -0.000003 -0.174546
 21   3.942357 1.334540 1.627658 0.000002 -0.000011 -0.000026
 22   -0.246060 -0.011889 0.516521 -0.000011 0.000031 0.000025
 23   3.942374 1.334565 -1.631083 0.000019 0.000002 -0.000024
 24   -0.246150 -0.011872 -0.516511 -0.000005 -0.000006 0.000048
 25   4.941364 1.997338 1.629330 0.000018 -0.000001 -0.000024
 26   4.941382 1.997366 -1.629410 -0.000001 0.000005 -0.000024
 27   2.914462 1.619264 1.514501 -0.000019 -0.000022 -0.000050
 28   2.916892 1.618870 -1.501142 -0.000002 -0.000009 -0.000024
 29   8.824059 0.150544 0.091743 0.000006 -0.000231 -0.174534
 30   2.111085 -0.561179 1.784320 -0.000008 -0.000682 0.000024
 31   2.121290 -0.561289 -1.853599 0.000000 0.000000 -0.000002
 32   -0.814395 -0.093824 3.127092 0.262921 -3.097582 -0.334816
 33   14.298673 -0.408176 0.471578 0.003687 -0.003117 -0.522469
 34   15.835795 0.581398 0.242756 -0.001271 0.032067 0.122292
 35   -0.815868 -0.091229 -3.114430 -0.132889 3.034913 -0.011455
 36   14.294526 -0.410349 -0.467541 -0.002676 0.001857 -0.384764
 37   15.834409 0.579420 -0.284600 -0.034128 0.026558 0.304555
 38   1.139685 -3.453749 -2.823813 0.000000 0.000000 0.000001
 39   -4.457742 -1.054854 -0.746180 0.000000 0.000000 0.000000
 40   1.118101 -3.449769 3.237290 0.000000 0.000001 0.000000
 41   -4.433840 -1.059130 0.959566 -0.000001 0.000000 0.000000
 42   -0.657468 1.697302 -2.688614 0.000000 0.000002 0.000000
 43   -0.664068 1.698578 2.869377 0.000000 0.000002 0.000000
time 110
  0   0.009046 4.281381 1.527761 0.000000 0.000000 -1.571449
  1   -1.093036 0.000002 -0.326057 -0.214066 -1.569082 -1.356583
  2   2.262337 0.113614 0.064702 -0.020101 -0.102707 0.193454
  3   2.380047 0.353302 0.047440 0.000000 0.000020 0.060910
  4   2.033756 0.190472 -0.000128 -0.171747 0.030069 0.171351
  5   2.451511 0.204909 -0.003447 -0.138715 0.014434 0.103433
  6   7.247600 -0.397300 -0.109469 0.000001 0.000009 0.052298
  7   -2.022252 -0.104661 3.136172 0.914683 -1.249897 -4.084156
  8   1.168026 -0.537438 -0.063437 -0.629343 -0.129996 -0.911899
  9   6.790376 -0.619176 0.015206 -0.644055 -0.120484 -1.445430
 10   8.637599 0.544015 -0.090417 -1.485570 -1.132501 -1.019741
 11   6.790465 -0.619039 0.017802 -0.475861 0.000287 -1.036043
 12   -2.022474 -0.104699 -2.873818 0.839033 1.276005 -2.481872
 13   1.167898 -0.537463 0.063297 0.060877 -1.207588 -0.727598
 14   7.002743 -0.617765 -0.183752 -0.096101 0.335734 -1.855465
 15   8.209042 0.615527 -0.255885 1.475250 -0.366558 -0.333769
 16   7.002735 -0.617911 -0.183641 0.013826 0.271884 -1.297683
 17   1.574674 0.609930 -0.000899 -0.168985 -0.009104 0.129356
 18   -0.602177 0.511412 -0.000006 0.000000 0.000000 0.000000
 19   3.673773 0.177020 1.119313 -0.000002 -0.000014 -0.174510
 20   3.673767 0.176993 -1.117566 0.000007 -0.000003 -0.174546
 21   3.942357 1.334540 1.627658 0.000002 -0.000011 -0.000026
 22   -0.246060 -0.011889 0.516521 -0.000011 0.000031 0.000025
 23   3.942374 1.334565 -1.631083 0.000019 0.000002 -0.000024
 24   -0.246150 -0.011872 -0.516511 -0.000005 -0.000006 0.000048
 25   4.941364 1.997338 1.629330 0.000018 -0.000001 -0.000024
 26   4.941382 1.997366 -1.629410 -0.000001 0.000005 -0.000024
 27   2.914462 1.619264 1.514501 -0.000019 -0.000022 -0.000050
 28   2.916892 1.618870 -1.501142 -0.000002 -0.000009 -0.000024
 29   8.824059 0.150544 0.091743 0.000006 -0.000231 -0.174534
 30   2.111085 -0.561179 1.784320 -0.000008 -0.000682 0.000024
 31   2.121290 -0.561289 -1.853599 0.000000 0.000000 -0.000002
 32   -0.814395 -0.093824 3.127092 0.262921 -3.097582 -0.334816
 33   14.298673 -0.408176 0.471578 0.003687 -0.003117 -0.522469
 34   15.835795 0.581398 0.242756 -0.001271 0.032067 0.122292
 35   -0.815868 -0.091229 -3.114430 -0.132889 3.034913 -0.011455
 36   14.294526 -0.410349 -0.467541 -0.002676 0.001857 -0.384764
 37   15.834409 0.579420 -0.284600 -0.034128 0.026558 0.304555
 38   1.139685 -3.453749 -2.823813 0.000000 0.000000 0.000001
 39   -4.457742 -1.054854 -0.746180 0.000000 0.000000 0.000000
 40   1.118101 -3.449769 3.237290 0.000000 0.000001 0.000000
 41   -4.433840 -1.059130 0.959566 -0.000001 0.000000 0.000000
 42   -0.657468 1.697302 -2.688614 0.000000 0.000002 0.000000
 43   -0.664068 1.698578 2.869377 0.000000 0.000002 0.000000
time 111
  0   0.009046 4.281381 1.527761 0.000000 0.000000 -1.571449
  1   -1.093036 0.000002 -0.326057 -0.214066 -1.569082 -1.356583
  2   2.262337 0.113614 0.064702 -0.020101 -0.102707 0.193454
  3   2.380047 0.353302 0.047440 0.000000 0.000020 0.060910
  4   2.033756 0.190472 -0.000128 -0.171747 0.030069 0.171351
  5   2.451511 0.204909 -0.003447 -0.138715 0.014434 0.103433
  6   7.247600 -0.397300 -0.109469 0.000001 0.000009 0.052298
  7   -2.022252 -0.104661 3.136172 0.914683 -1.249897 -4.084156
  8   1.168026 -0.537438 -0.063437 -0.616687 -0.111430 -0.914998
  9   6.790376 -0.619176 0.015206 -0.644055 -0.120484 -1.484522
 10   8.637599 0.544015 -0.090417 -1.341320 -1.143552 -1.161174
 11   6.790465 -0.619039 0.017802 -0.476796 0.003101 -1.063611
 12   -2.022474 -0.104699 -2.873818 0.839033 1.276005 -2.481872
 13   1.167898 -0.537463 0.063297 0.060877 -1.207588 -0.727598
 14   7.002743 -0.617765 -0.183752 -0.096101 0.335734 -1.855465
 15   8.209042 0.615527 -0.255885 1.475250 -0.366558 -0.333769
 16   7.002735 -0.617911 -0.183641 0.013826 0.271884 -1.297683
 17   1.574674 0.609930 -0.000899 -0.168985 -0.009104 0.129356
 18   -0.602177 0.511412 -0.000006 0.000000 0.000000 0.000000
 19   3.673773 0.177020 1.119313 -0.000002 -0.000014 -0.174510
 20   3.673767 0.176993 -1.117566 0.000007 -0.000003 -0.174546
 21   3.942357 1.334540 1.627658 0.000002 -0.000011 -0.000026
 22   -0.246060 -0.011889 0.516521 -0.000011 0.000031 0.000025
 23   3.942374 1.334565 -1.631083 0.000019 0.000002 -0.000024
 24   -0.246150 -0.011872 -0.516511 -0.000005 -0.000006 0.000048
 25   4.941364 1.997338 1.629330 0.000018 -0.000001 -0.000024
 26   4.941382 1.997366 -1.629410 -0.000001 0.000005 -0.000024
 27   2.914462 1.619264 1.514501 -0.000019 -0.000022 -0.000050
 28   2.916892 1.618870 -1.501142 -0.000002 -0.000009 -0.000024
 29   8.824059 0.150544 0.091743 0.000006 -0.000231 -0.174534
 30   2.111085 -0.561179 1.784320 -0.000008 -0.000682 0.000024
 31   2.121290 -0.561289 -1.853599 0.000000 0.000000 -0.000002
 32   -0.814395 -0.093824 3.127092 0.262921 -3.097582 -0.334816
 33   14.298673 -0.408176 0.471578 0.003687 -0.003117 -0.522469
 34   15.835795 0.581398 0.242756 -0.001271 0.032067 0.122292
 35   -0.815868 -0.091229 -3.114430 -0.132889 3.034913 -0.011455
 36   14.294526 -0.410349 -0.467541 -0.002676 0.001857 -0.384764
 37   15.834409 0.579420 -0.284600 -0.034128 0.026558 0.304555
 38   1.139685 -3.453749 -2.823813 0.000000 0.000000 0.000001
 39   -4.457742 -1.054854 -0.746180 0.000000 0.000000 0.000000
 40   1.118101 -3.449769 3.237290 0.000000 0.000001 0.000000
 41   -4.433840 -1.059130 0.959566 -0.000001 0.000000 0.000000
 42   -0.657468 1.697302 -2.688614 0.000000 0.000002 0.000000
 43   -0.664068 1.698578 2.869377 0.000000 0.000002 0.000000
time 112
  0   0.009046 4.281381 1.527761 0.000000 0.000000 -1.571449
  1   -1.093036 0.000002 -0.326057 -0.214066 -1.569082 -1.356583
  2   2.262337 0.113614 0.064702 -0.020101 -0.102707 0.193454
  3   2.380047 0.353302 0.047440 0.000000 0.000020 0.060910
  4   2.033756 0.190472 -0.000128 -0.171747 0.030069 0.171351
  5   2.451511 0.204909 -0.003447 -0.138715 0.014434 0.103433
  6   7.247600 -0.397300 -0.109469 0.000001 0.000009 0.052298
  7   -2.022252 -0.104661 3.136172 0.914683 -1.249897 -4.084156
  8   1.168026 -0.537438 -0.063437 -0.601563 -0.089342 -0.918604
  9   6.790376 -0.619176 0.015206 -0.644055 -0.120484 -1.531161
 10   8.637599 0.544015 -0.090417 -1.163957 -1.145030 -1.335090
 11   6.790465 -0.619039 0.017802 -0.478022 0.006541 -1.096428
 12   -2.022474 -0.104699 -2.873818 0.839033 1.276005 -2.481872
 13   1.167898 -0.537463 0.063297 0.060877 -1.207588 -0.727598
 14   7.002743 -0.617765 -0.183752 -0.096101 0.335734 -1.855465
 15   8.209042 0.615527 -0.255885 1.475250 -0.366558 -0.333769
 16   7.002735 -0.617911 -0.183641 0.013826 0.271884 -1.297683
 17   1.574674 0.609930 -0.000899 -0.168985 -0.009104 0.129356
 18   -0.602177 0.511412 -0.000006 0.000000 0.000000 0.000000
 19   3.673773 0.177020 1.119313 -0.000002 -0.000014 -0.174510
 20   3.673767 0.176993 -1.117566 0.000007 -0.000003 -0.174546
 21   3.942357 1.334540 1.627658 0.000002 -0.000011 -0.000026
 22   -0.246060 -0.011889 0.516521 -0.000011 0.000031 0.000025
 23   3.942374 1.334565 -1.631083 0.000019 0.000002 -0.000024
 24   -0.246150 -0.011872 -0.516511 -0.000005 -0.000006 0.000048
 25   4.941364 1.997338 1.629330 0.000018 -0.000001 -0.000024
 26   4.941382 1.997366 -1.629410 -0.000001 0.000005 -0.000024
 27   2.914462 1.619264 1.514501 -0.000019 -0.000022 -0.000050
 28   2.916892 1.618870 -1.501142 -0.000002 -0.000009 -0.000024
 29   8.824059 0.150544 0.091743 0.000006 -0.000231 -0.174534
 30   2.111085 -0.561179 1.784320 -0.000008 -0.000682 0.000024
 31   2.121290 -0.561289 -1.853599 0.000000 0.000000 -0.000002
 32   -0.814395 -0.093824 3.127092 0.262921 -3.097582 -0.334816
 33   14.298673 -0.408176 0.471578 0.003687 -0.003117 -0.522469
 34   15.835795 0.581398 0.242756 -0.001271 0.032067 0.122292
 35   -0.815868 -0.091229 -3.114430 -0.132889 3.034913 -0.011455
 36   14.294526 -0.410349 -0.467541 -0.002676 0.001857 -0.384764
 37   15.834409 0.579420 -0.284600 -0.034128 0.026558 0.304555
 38   1.139685 -3.453749 -2.823813 0.000000 0.000000 0.000001
 39   -4.457742 -1.054854 -0.746180 0.000000 0.000000 0.000000
 40   1.118101 -3.449769 3.237290 0.000000 0.000001 0.000000
 41   -4.433840 -1.059130 0.959566 -0.000001 0.000000 0.000000
 42   -0.657468 1.697302 -2.688614 0.000000 0.000002 0.000000
 43   -0.664068 1.698578 2.869377 0.000000 0.000002 0.000000
time 113
  0   0.009046 4.281381 1.527761 0.000000 0.000000 -1.571449
  1   -1.093036 0.000002 -0.326057 -0.214066 -1.569082 -1.356583
  2   2.262337 0.113614 0.064702 -0.020101 -0.102707 0.193454
  3   2.380047 0.353302 0.047440 0.000000 0.000020 0.060910
  4   2.033756 0.190472 -0.000128 -0.171747 0.030069 0.171351
  5   2.451511 0.204909 -0.003447 -0.138715 0.014434 0.103433
  6   7.247600 -0.397300 -0.109469 0.000001 0.000009 0.052298
  7   -2.022252 -0.104661 3.136172 0.914683 -1.249897 -4.084156
  8   1.168026 -0.537438 -0.063437 -0.587388 -0.068210 -0.921577
  9   6.790376 -0.619176 0.015206 -0.644055 -0.120484 -1.575234
 10   8.637599 0.544015 -0.090417 -0.999980 -1.134964 -1.496128
 11   6.790465 -0.619039 0.017802 -0.479131 0.009753 -1.127400
 12   -2.022474 -0.104699 -2.873818 0.839033 1.276005 -2.481872
 13   1.167898 -0.537463 0.063297 0.060877 -1.207588 -0.727598
 14   7.002743 -0.617765 -0.183752 -0.096101 0.335734 -1.855465
 15   8.209042 0.615527 -0.255885 1.475250 -0.366558 -0.333769
 16   7.002735 -0.617911 -0.183641 0.013826 0.271884 -1.297683
 17   1.574674 0.609930 -0.000899 -0.168985 -0.009104 0.129356
 18   -0.602177 0.511412 -0.000006 0.000000 0.000000 0.000000
 19   3.673773 0.177020 1.119313 -0.000002 -0.000014 -0.174510
 20   3.673767 0.176993 -1.117566 0.000007 -0.000003 -0.174546
 21   3.942357 1.334540 1.627658 0.000002 -0.000011 -0.000026
 22   -0.246060 -0.011889 0.516521 -0.000011 0.000031 0.000025
 23   3.942374 1.334565 -1.631083 0.000019 0.000002 -0.000024
 24   -0.246150 -0.011872 -0.516511 -0.000005 -0.000006 0.000048
 25   4.941364 1.997338 1.629330 0.000018 -0.000001 -0.000024
 26   4.941382 1.997366 -1.629410 -0.000001 0.000005 -0.000024
 27   2.914462 1.619264 1.514501 -0.000019 -0.000022 -0.000050
 28   2.916892 1.618870 -1.501142 -0.000002 -0.000009 -0.000024
 29   8.824059 0.150544 0.091743 0.000006 -0.000231 -0.174534
 30   2.111085 -0.561179 1.784320 -0.000008 -0.000682 0.000024
 31   2.121290 -0.561289 -1.853599 0.000000 0.000000 -0.000002
 32   -0.814395 -0.093824 3.127092 0.262921 -3.097582 -0.334816
 33   14.298673 -0.408176 0.471578 0.003687 -0.003117 -0.522469
 34   15.835795 0.581398 0.242756 -0.001271 0.032067 0.122292
 35   -0.815868 -0.091229 -3.114430 -0.132889 3.034913 -0.011455
 36   14.294526 -0.410349 -0.467541 -0.002676 0.001857 -0.384764
 37   15.834409 0.579420 -0.284600 -0.034128 0.026558 0.304555
 38   1.139685 -3.453749 -2.823813 0.000000 0.000000 0.000001
 39   -4.457742 -1.054854 -0.746180 0.000000 0.000000 0.000000
 40   1.118101 -3.449769 3.237290 0.000000 0.000001 0.000000
 41   -4.433840 -1.059130 0.959566 -0.000001 0.000000 0.000000
 42   -0.657468 1.697302 -2.688614 0.000000 0.000002 0.000000
 43   -0.664068 1.698578 2.869377 0.000000 0.000002 0.000000
time 114
  0   0.009046 4.281381 1.527761 0.000000 0.000000 -1.571449
  1   -1.093036 0.000002 -0.326057 -0.214066 -1.569082 -1.356583
  2   2.262337 0.113614 0.064702 -0.020101 -0.102707 0.193454
  3   2.380047 0.353302 0.047440 0.000000 0.000020 0.060910
  4   2.033756 0.190472 -0.000128 -0.171747 0.030069 0.171351
  5   2.451511 0.204909 -0.003447 -0.138715 0.014434 0.103433
  6   7.247600 -0.397300 -0.109469 0.000001 0.000009 0.052298
  7   -2.022252 -0.104661 3.136172 0.914683 -1.249897 -4.084156
  8   1.168026 -0.537438 -0.063437 -0.577959 -0.054273 -0.923285
  9   6.790376 -0.619176 0.015206 -0.644055 -0.120484 -1.604515
 10   8.637599 0.544015 -0.090417 -0.896328 -1.122224 -1.597555
 11   6.790465 -0.619039 0.017802 -0.479890 0.011942 -1.148047
 12   -2.022474 -0.104699 -2.873818 0.839033 1.276005 -2.481872
 13   1.167898 -0.537463 0.063297 0.060877 -1.207588 -0.727598
 14   7.002743 -0.617765 -0.183752 -0.096101 0.335734 -1.855465
 15   8.209042 0.615527 -0.255885 1.475250 -0.366558 -0.333769
 16   7.002735 -0.617911 -0.183641 0.013826 0.271884 -1.297683
 17   1.574674 0.609930 -0.000899 -0.168985 -0.009104 0.129356
 18   -0.602177 0.511412 -0.000006 0.000000 0.000000 0.000000
 19   3.673773 0.177020 1.119313 -0.000002 -0.000014 -0.174510
 20   3.673767 0.176993 -1.117566 0.000007 -0.000003 -0.174546
 21   3.942357 1.334540 1.627658 0.000002 -0.000011 -0.000026
 22   -0.246060 -0.011889 0.516521 -0.000011 0.000031 0.000025
 23   3.942374 1.334565 -1.631083 0.000019 0.000002 -0.000024
 24   -0.246150 -0.011872 -0.516511 -0.000005 -0.000006 0.000048
 25   4.941364 1.997338 1.629330 0.000018 -0.000001 -0.000024
 26   4.941382 1.997366 -1.629410 -0.000001 0.000005 -0.000024
 27   2.914462 1.619264 1.514501 -0.000019 -0.000022 -0.000050
 28   2.916892 1.618870 -1.501142 -0.000002 -0.000009 -0.000024
 29   8.824059 0.150544 0.091743 0.000006 -0.000231 -0.174534
 30   2.111085 -0.561179 1.784320 -0.000008 -0.000682 0.000024
 31   2.121290 -0.561289 -1.853599 0.000000 0.000000 -0.000002
 32   -0.814395 -0.093824 3.127092 0.262921 -3.097582 -0.334816
 33   14.298673 -0.408176 0.471578 0.003687 -0.003117 -0.522469
 34   15.835795 0.581398 0.242756 -0.001271 0.032067 0.122292
 35   -0.815868 -0.091229 -3.114430 -0.132889 3.034913 -0.011455
 36   14.294526 -0.410349 -0.467541 -0.002676 0.001857 -0.384764
 37   15.834409 0.579420 -0.284600 -0.034128 0.026558 0.304555
 38   1.139685 -3.453749 -2.823813 0.000000 0.000000 0.000001
 39   -4.457742 -1.054854 -0.746180 0.000000 0.000000 0.000000
 40   1.118101 -3.449769 3.237290 0.000000 0.000001 0.000000
 41   -4.433840 -1.059130 0.959566 -0.000001 0.000000 0.000000
 42   -0.657468 1.697302 -2.688614 0.000000 0.000002 0.000000
 43   -0.664068 1.698578 2.869377 0.000000 0.000002 0.000000
time 115
  0   0.009046 4.281381 1.527761 0.000000 0.000000 -1.571449
  1   -1.093036 0.000002 -0.326057 -0.214066 -1.569082 -1.356583
  2   2.262337 0.113614 0.064702 -0.020101 -0.102707 0.193454
  3   2.380047 0.353302 0.047440 0.000000 0.000020 0.060910
  4   2.033756 0.190472 -0.000128 -0.171747 0.030069 0.171351
  5   2.451511 0.204909 -0.003447 -0.138715 0.014434 0.103433
  6   7.247600 -0.397300 -0.109469 0.000001 0.000009 0.052298
  7   -2.022252 -0.104661 3.136172 0.914683 -1.249897 -4.084156
  8   1.168026 -0.537438 -0.063437 -0.574795 -0.049745 -0.923792
  9   6.790376 -0.619176 0.015206 -0.644055 -0.120484 -1.614024
 10   8.637599 0.544015 -0.090417 -0.863744 -1.117156 -1.629458
 11   6.790465 -0.619039 0.017802 -0.480153 0.012652 -1.154853
 12   -2.022474 -0.104699 -2.873818 0.839033 1.276005 -2.481872
 13   1.167898 -0.537463 0.063297 0.060877 -1.207588 -0.727598
 14   7.002743 -0.617765 -0.183752 -0.096101 0.335734 -1.855465
 15   8.209042 0.615527 -0.255885 1.475250 -0.366558 -0.333769
 16   7.002735 -0.617911 -0.183641 0.013826 0.271884 -1.297683
 17   1.574674 0.609930 -0.000899 -0.168985 -0.009104 0.129356
 18   -0.602177 0.511412 -0.000006 0.000000 0.000000 0.000000
 19   3.673773 0.177020 1.119313 -0.000002 -0.000014 -0.174510
 20   3.673767 0.176993 -1.117566 0.000007 -0.000003 -0.174546
 21   3.942357 1.334540 1.627658 0.000002 -0.000011 -0.000026
 22   -0.246060 -0.011889 0.516521 -0.000011 0.000031 0.000025
 23   3.942374 1.334565 -1.631083 0.000019 0.000002 -0.000024
 24   -0.246150 -0.011872 -0.516511 -0.000005 -0.000006 0.000048
 25   4.941364 1.997338 1.629330 0.000018 -0.000001 -0.000024
 26   4.941382 1.997366 -1.629410 -0.000001 0.000005 -0.000024
 27   2.914462 1.619264 1.514501 -0.000019 -0.000022 -0.000050
 28   2.916892 1.618870 -1.501142 -0.000002 -0.000009 -0.000024
 29   8.824059 0.150544 0.091743 0.000006 -0.000231 -0.174534
 30   2.111085 -0.561179 1.784320 -0.000008 -0.000682 0.000024
 31   2.121290 -0.561289 -1.853599 0.000000 0.000000 -0.000002
 32   -0.814395 -0.093824 3.127092 0.262921 -3.097582 -0.334816
 33   14.298673 -0.408176 0.471578 0.003687 -0.003117 -0.522469
 34   15.835795 0.581398 0.242756 -0.001271 0.032067 0.122292
 35   -0.815868 -0.091229 -3.114430 -0.132889 3.034913 -0.011455
 36   14.294526 -0.410349 -0.467541 -0.002676 0.001857 -0.384764
 37   15.834409 0.579420 -0.284600 -0.034128 0.026558 0.304555
 38   1.139685 -3.453749 -2.823813 0.000000 0.000000 0.000001
 39   -4.457742 -1.054854 -0.746180 0.000000 0.000000 0.000000
 40   1.118101 -3.449769 3.237290 0.000000 0.000001 0.000000
 41   -4.433840 -1.059130 0.959566 -0.000001 0.000000 0.000000
 42   -0.657468 1.697302 -2.688614 0.000000 0.000002 0.000000
 43   -0.664068 1.698578 2.869377 0.000000 0.000002 0.000000
time 116
  0   0.009046 4.281381 1.527761 0.000000 0.000000 -1.571449
  1   -1.093036 0.000002 -0.326057 -0.214066 -1.569082 -1.356583
  2   2.262337 0.113614 0.064702 -0.020101 -0.102707 0.193454
  3   2.380047 0.353302 0.047440 0.000000 0.000020 0.060910
  4   2.033756 0.190472 -0.000128 -0.171747 0.030069 0.171351
  5   2.451511 0.204909 -0.003447 -0.138715 0.014434 0.103433
  6   7.247600 -0.397300 -0.109469 0.000001 0.000009 0.052298
  7   -2.022252 -0.104661 3.136172 0.914683 -1.249897 -4.084156
  8   1.168026 -0.537438 -0.063437 -0.574795 -0.049745 -0.923792
  9   6.790376 -0.619176 0.015206 -0.644055 -0.120484 -1.614024
 10   8.637599 0.544015 -0.090417 -0.863744 -1.117156 -1.629458
 11   6.790465 -0.619039 0.017802 -0.480153 0.012652 -1.154853
 12   -2.022474 -0.104699 -2.873818 0.839033 1.276005 -2.481872
 13   1.167898 -0.537463 0.063297 0.060877 -1.207588 -0.727598
 14   7.002743 -0.617765 -0.183752 -0.096101 0.335734 -1.855465
 15   8.209042 0.615527 -0.255885 1.475250 -0.366558 -0.333769
 16   7.002735 -0.617911 -0.183641 0.013826 0.271884 -1.297683
 17   1.574674 0.609930 -0.000899 -0.168985 -0.009104 0.129356
 18   -0.602177 0.511412 -0.000006 0.000000 0.000000 0.000000
 19   3.673773 0.177020 1.119313 -0.000002 -0.000014 -0.174510
 20   3.673767 0.176993 -1.117566 0.000007 -0.000003 -0.174546
 21   3.942357 1.334540 1.627658 0.000002 -0.000011 -0.000026
 22   -0.246060 -0.011889 0.516521 -0.000011 0.000031 0.000025
 23   3.942374 1.334565 -1.631083 0.000019 0.000002 -0.000024
 24   -0.246150 -0.011872 -0.516511 -0.000005 -0.000006 0.000048
 25   4.941364 1.997338 1.629330 0.000018 -0.000001 -0.000024
 26   4.941382 1.997366 -1.629410 -0.000001 0.000005 -0.000024
 27   2.914462 1.619264 1.514501 -0.000019 -0.000022 -0.000050
 28   2.916892 1.618870 -1.501142 -0.000002 -0.000009 -0.000024
 29   8.824059 0.150544 0.091743 0.000006 -0.000231 -0.174534
 30   2.111085 -0.561179 1.784320 -0.000008 -0.000682 0.000024
 31   2.121290 -0.561289 -1.853599 0.000000 0.000000 -0.000002
 32   -0.814395 -0.093824 3.127092 0.262921 -3.097582 -0.334816
 33   14.298673 -0.408176 0.471578 0.003687 -0.003117 -0.522469
 34   15.835795 0.581398 0.242756 -0.001271 0.032067 0.122292
 35   -0.815868 -0.091229 -3.114430 -0.132889 3.034913 -0.011455
 36   14.294526 -0.410349 -0.467541 -0.002676 0.001857 -0.384764
 37   15.834409 0.579420 -0.284600 -0.034128 0.026558 0.304555
 38   1.139685 -3.453749 -2.823813 0.000000 0.000000 0.000001
 39   -4.457742 -1.054854 -0.746180 0.000000 0.000000 0.000000
 40   1.118101 -3.449769 3.237290 0.000000 0.000001 0.000000
 41   -4.433840 -1.059130 0.959566 -0.000001 0.000000 0.000000
 42   -0.657468 1.697302 -2.688614 0.000000 0.000002 0.000000
 43   -0.664068 1.698578 2.869377 0.000000 0.000002 0.000000
time 117
  0   0.009046 4.281381 1.527761 0.000000 0.000000 -1.571449
  1   -1.093036 0.000002 -0.326057 -0.214066 -1.569082 -1.356583
  2   2.262337 0.113614 0.064702 -0.020101 -0.102707 0.193454
  3   2.380047 0.353302 0.047440 0.000000 0.000020 0.060910
  4   2.033756 0.190472 -0.000128 -0.171747 0.030069 0.171351
  5   2.451511 0.204909 -0.003447 -0.138715 0.014434 0.103433
  6   7.247600 -0.397300 -0.109469 0.000001 0.000009 0.052298
  7   -2.022252 -0.104661 3.136172 0.914683 -1.249897 -4.084156
  8   1.168026 -0.537438 -0.063437 -0.574795 -0.049745 -0.923792
  9   6.790376 -0.619176 0.015206 -0.644055 -0.120484 -1.614024
 10   8.637599 0.544015 -0.090417 -0.863744 -1.117156 -1.629458
 11   6.790465 -0.619039 0.017802 -0.480153 0.012652 -1.154853
 12   -2.022474 -0.104699 -2.873818 0.839033 1.276005 -2.481872
 13   1.167898 -0.537463 0.063297 0.060877 -1.207588 -0.727598
 14   7.002743 -0.617765 -0.183752 -0.096101 0.335734 -1.855465
 15   8.209042 0.615527 -0.255885 1.475250 -0.366558 -0.333769
 16   7.002735 -0.617911 -0.183641 0.013826 0.271884 -1.297683
 17   1.574674 0.609930 -0.000899 -0.168985 -0.009104 0.129356
 18   -0.602177 0.511412 -0.000006 0.000000 0.000000 0.000000
 19   3.673773 0.177020 1.119313 -0.000002 -0.000014 -0.174510
 20   3.673767 0.176993 -1.117566 0.000007 -0.000003 -0.174546
 21   3.942357 1.334540 1.627658 0.000002 -0.000011 -0.000026
 22   -0.246060 -0.011889 0.516521 -0.000011 0.000031 0.000025
 23   3.942374 1.334565 -1.631083 0.000019 0.000002 -0.000024
 24   -0.246150 -0.011872 -0.516511 -0.000005 -0.000006 0.000048
 25   4.941364 1.997338 1.629330 0.000018 -0.000001 -0.000024
 26   4.941382 1.997366 -1.629410 -0.000001 0.000005 -0.000024
 27   2.914462 1.619264 1.514501 -0.000019 -0.000022 -0.000050
 28   2.916892 1.618870 -1.501142 -0.000002 -0.000009 -0.000024
 29   8.824059 0.150544 0.091743 0.000006 -0.000231 -0.174534
 30   2.111085 -0.561179 1.784320 -0.000008 -0.000682 0.000024
 31   2.121290 -0.561289 -1.853599 0.000000 0.000000 -0.000002
 32   -0.814395 -0.093824 3.127092 0.262921 -3.097582 -0.334816
 33   14.298673 -0.408176 0.471578 0.003687 -0.003117 -0.522469
 34   15.835795 0.581398 0.242756 -0.001271 0.032067 0.122292
 35   -0.815868 -0.091229 -3.114430 -0.132889 3.034913 -0.011455
 36   14.294526 -0.410349 -0.467541 -0.002676 0.001857 -0.384764
 37   15.834409 0.579420 -0.284600 -0.034128 0.026558 0.304555
 38   1.139685 -3.453749 -2.823813 0.000000 0.000000 0.000001
 39   -4.457742 -1.054854 -0.746180 0.000000 0.000000 0.000000
 40   1.118101 -3.449769 3.237290 0.000000 0.000001 0.000000
 41   -4.433840 -1.059130 0.959566 -0.000001 0.000000 0.000000
 42   -0.657468 1.697302 -2.688614 0.000000 0.000002 0.000000
 43   -0.664068 1.698578 2.869377 0.000000 0.000002 0.000000
time 118
  0   0.009046 4.281381 1.527761 0.000000 0.000000 -1.571449
  1   -1.093036 0.000002 -0.326057 -0.214066 -1.569082 -1.356583
  2   2.262337 0.113614 0.064702 -0.020101 -0.102707 0.193454
  3   2.380047 0.353302 0.047440 0.000000 0.000020 0.060910
  4   2.033756 0.190472 -0.000128 -0.171747 0.030069 0.171351
  5   2.451511 0.204909 -0.003447 -0.138715 0.014434 0.103433
  6   7.247600 -0.397300 -0.109469 0.000001 0.000009 0.052298
  7   -2.022252 -0.104661 3.136172 0.914683 -1.249897 -4.084156
  8   1.168026 -0.537438 -0.063437 -0.574795 -0.049745 -0.923792
  9   6.790376 -0.619176 0.015206 -0.644055 -0.120484 -1.614024
 10   8.637599 0.544015 -0.090417 -0.863744 -1.117156 -1.629458
 11   6.790465 -0.619039 0.017802 -0.480153 0.012652 -1.154853
 12   -2.022474 -0.104699 -2.873818 0.839033 1.276005 -2.481872
 13   1.167898 -0.537463 0.063297 0.060877 -1.207588 -0.727598
 14   7.002743 -0.617765 -0.183752 -0.096101 0.335734 -1.855465
 15   8.209042 0.615527 -0.255885 1.475250 -0.366558 -0.333769
 16   7.002735 -0.617911 -0.183641 0.013826 0.271884 -1.297683
 17   1.574674 0.609930 -0.000899 -0.168985 -0.009104 0.129356
 18   -0.602177 0.511412 -0.000006 0.000000 0.000000 0.000000
 19   3.673773 0.177020 1.119313 -0.000002 -0.000014 -0.174510
 20   3.673767 0.176993 -1.117566 0.000007 -0.000003 -0.174546
 21   3.942357 1.334540 1.627658 0.000002 -0.000011 -0.000026
 22   -0.246060 -0.011889 0.516521 -0.000011 0.000031 0.000025
 23   3.942374 1.334565 -1.631083 0.000019 0.000002 -0.000024
 24   -0.246150 -0.011872 -0.516511 -0.000005 -0.000006 0.000048
 25   4.941364 1.997338 1.629330 0.000018 -0.000001 -0.000024
 26   4.941382 1.997366 -1.629410 -0.000001 0.000005 -0.000024
 27   2.914462 1.619264 1.514501 -0.000019 -0.000022 -0.000050
 28   2.916892 1.618870 -1.501142 -0.000002 -0.000009 -0.000024
 29   8.824059 0.150544 0.091743 0.000006 -0.000231 -0.174534
 30   2.111085 -0.561179 1.784320 -0.000008 -0.000682 0.000024
 31   2.121290 -0.561289 -1.853599 0.000000 0.000000 -0.000002
 32   -0.814395 -0.093824 3.127092 0.262921 -3.097582 -0.334816
 33   14.298673 -0.408176 0.471578 0.003687 -0.003117 -0.522469
 34   15.835795 0.581398 0.242756 -0.001271 0.032067 0.122292
 35   -0.815868 -0.091229 -3.114430 -0.132889 3.034913 -0.011455
 36   14.294526 -0.410349 -0.467541 -0.002676 0.001857 -0.384764
 37   15.834409 0.579420 -0.284600 -0.034128 0.026558 0.304555
 38   1.139685 -3.453749 -2.823813 0.000000 0.000000 0.000001
 39   -4.457742 -1.054854 -0.746180 0.000000 0.000000 0.000000
 40   1.118101 -3.449769 3.237290 0.000000 0.000001 0.000000
 41   -4.433840 -1.059130 0.959566 -0.000001 0.000000 0.000000
 42   -0.657468 1.697302 -2.688614 0.000000 0.000002 0.000000
 43   -0.664068 1.698578 2.869377 0.000000 0.000002 0.000000
time 119
  0   0.009046 4.281381 1.527761 0.000000 0.000000 -1.571449
  1   -1.093036 0.000002 -0.326057 -0.214066 -1.569082 -1.356583
  2   2.262337 0.113614 0.064702 -0.020101 -0.102707 0.193454
  3   2.380047 0.353302 0.047440 0.000000 0.000020 0.060910
  4   2.033756 0.190472 -0.000128 -0.171747 0.030069 0.171351
  5   2.451511 0.204909 -0.003447 -0.138715 0.014434 0.103433
  6   7.247600 -0.397300 -0.109469 0.000001 0.000009 0.052298
  7   -2.022252 -0.104661 3.136172 0.914683 -1.249897 -4.084156
  8   1.168026 -0.537438 -0.063437 -0.574795 -0.049745 -0.923792
  9   6.790376 -0.619176 0.015206 -0.644055 -0.120484 -1.614024
 10   8.637599 0.544015 -0.090417 -0.863744 -1.117156 -1.629458
 11   6.790465 -0.619039 0.017802 -0.480153 0.012652 -1.154853
 12   -2.022474 -0.104699 -2.873818 0.839033 1.276005 -2.481872
 13   1.167898 -0.537463 0.063297 0.060877 -1.207588 -0.727598
 14   7.002743 -0.617765 -0.183752 -0.096101 0.335734 -1.855465
 15   8.209042 0.615527 -0.255885 1.475250 -0.366558 -0.333769
 16   7.002735 -0.617911 -0.183641 0.013826 0.271884 -1.297683
 17   1.574674 0.609930 -0.000899 -0.168985 -0.009104 0.129356
 18   -0.602177 0.511412 -0.000006 0.000000 0.000000 0.000000
 19   3.673773 0.177020 1.119313 -0.000002 -0.000014 -0.174510
 20   3.673767 0.176993 -1.117566 0.000007 -0.000003 -0.174546
 21   3.942357 1.334540 1.627658 0.000002 -0.000011 -0.000026
 22   -0.246060 -0.011889 0.516521 -0.000011 0.000031 0.000025
 23   3.942374 1.334565 -1.631083 0.000019 0.000002 -0.000024
 24   -0.246150 -0.011872 -0.516511 -0.000005 -0.000006 0.000048
 25   4.941364 1.997338 1.629330 0.000018 -0.000001 -0.000024
 26   4.941382 1.997366 -1.629410 -0.000001 0.000005 -0.000024
 27   2.914462 1.619264 1.514501 -0.000019 -0.000022 -0.000050
 28   2.916892 1.618870 -1.501142 -0.000002 -0.000009 -0.000024
 29   8.824059 0.150544 0.091743 0.000006 -0.000231 -0.174534
 30   2.111085 -0.561179 1.784320 -0.000008 -0.000682 0.000024
 31   2.121290 -0.561289 -1.853599 0.000000 0.000000 -0.000002
 32   -0.814395 -0.093824 3.127092 0.262921 -3.097582 -0.334816
 33   14.298673 -0.408176 0.471578 0.003687 -0.003117 -0.522469
 34   15.835795 0.581398 0.242756 -0.001271 0.032067 0.122292
 35   -0.815868 -0.091229 -3.114430 -0.132889 3.034913 -0.011455
 36   14.294526 -0.410349 -0.467541 -0.002676 0.001857 -0.384764
 37   15.834409 0.579420 -0.284600 -0.034128 0.026558 0.304555
 38   1.139685 -3.453749 -2.823813 0.000000 0.000000 0.000001
 39   -4.457742 -1.054854 -0.746180 0.000000 0.000000 0.000000
 40   1.118101 -3.449769 3.237290 0.000000 0.000001 0.000000
 41   -4.433840 -1.059130 0.959566 -0.000001 0.000000 0.000000
 42   -0.657468 1.697302 -2.688614 0.000000 0.000002 0.000000
 43   -0.664068 1.698578 2.869377 0.000000 0.000002 0.000000
time 120
  0   0.009046 4.281381 1.527761 0.000000 0.000000 -1.571449
  1   -1.093036 0.000002 -0.326057 -0.214066 -1.569082 -1.356583
  2   2.262337 0.113614 0.064702 -0.020101 -0.102707 0.193454
  3   2.380047 0.353302 0.047440 0.000000 0.000020 0.060910
  4   2.033756 0.190472 -0.000128 -0.171747 0.030069 0.171351
  5   2.451511 0.204909 -0.003447 -0.138715 0.014434 0.103433
  6   7.247600 -0.397300 -0.109469 0.000001 0.000009 0.052298
  7   -2.022252 -0.104661 3.136172 0.914683 -1.249897 -4.084156
  8   1.168026 -0.537438 -0.063437 -0.574795 -0.049745 -0.923792
  9   6.790376 -0.619176 0.015206 -0.644055 -0.120484 -1.614024
 10   8.637599 0.544015 -0.090417 -0.863744 -1.117156 -1.629458
 11   6.790465 -0.619039 0.017802 -0.480153 0.012652 -1.154853
 12   -2.022474 -0.104699 -2.873818 0.839033 1.276005 -2.481872
 13   1.167898 -0.537463 0.063297 0.060877 -1.207588 -0.727598
 14   7.002743 -0.617765 -0.183752 -0.096101 0.335734 -1.855465
 15   8.209042 0.615527 -0.255885 1.475250 -0.366558 -0.333769
 16   7.002735 -0.617911 -0.183641 0.013826 0.271884 -1.297683
 17   1.574674 0.609930 -0.000899 -0.168985 -0.009104 0.129356
 18   -0.602177 0.511412 -0.000006 0.000000 0.000000 0.000000
 19   3.673773 0.177020 1.119313 -0.000002 -0.000014 -0.174510
 20   3.673767 0.176993 -1.117566 0.000007 -0.000003 -0.174546
 21   3.942357 1.334540 1.627658 0.000002 -0.000011 -0.000026
 22   -0.246060 -0.011889 0.516521 -0.000011 0.000031 0.000025
 23   3.942374 1.334565 -1.631083 0.000019 0.000002 -0.000024
 24   -0.246150 -0.011872 -0.516511 -0.000005 -0.000006 0.000048
 25   4.941364 1.997338 1.629330 0.000018 -0.000001 -0.000024
 26   4.941382 1.997366 -1.629410 -0.000001 0.000005 -0.000024
 27   2.914462 1.619264 1.514501 -0.000019 -0.000022 -0.000050
 28   2.916892 1.618870 -1.501142 -0.000002 -0.000009 -0.000024
 29   8.824059 0.150544 0.091743 0.000006 -0.000231 -0.174534
 30   2.111085 -0.561179 1.784320 -0.000008 -0.000682 0.000024
 31   2.121290 -0.561289 -1.853599 0.000000 0.000000 -0.000002
 32   -0.814395 -0.093824 3.127092 0.262921 -3.097582 -0.334816
 33   14.298673 -0.408176 0.471578 0.003687 -0.003117 -0.522469
 34   15.835795 0.581398 0.242756 -0.001271 0.032067 0.122292
 35   -0.815868 -0.091229 -3.114430 -0.132889 3.034913 -0.011455
 36   14.294526 -0.410349 -0.467541 -0.002676 0.001857 -0.384764
 37   15.834409 0.579420 -0.284600 -0.034128 0.026558 0.304555
 38   1.139685 -3.453749 -2.823813 0.000000 0.000000 0.000001
 39   -4.457742 -1.054854 -0.746180 0.000000 0.000000 0.000000
 40   1.118101 -3.449769 3.237290 0.000000 0.000001 0.000000
 41   -4.433840 -1.059130 0.959566 -0.000001 0.000000 0.000000
 42   -0.657468 1.697302 -2.688614 0.000000 0.000002 0.000000
 43   -0.664068 1.698578 2.869377 0.000000 0.000002 0.000000
time 121
  0   0.009046 4.281381 1.527761 0.000000 0.000000 -1.571449
  1   -1.093036 0.000002 -0.326057 -0.214066 -1.569082 -1.356583
  2   2.262337 0.113614 0.064702 -0.020101 -0.102707 0.193454
  3   2.380047 0.353302 0.047440 0.000000 0.000020 0.060910
  4   2.033756 0.190472 -0.000128 -0.171747 0.030069 0.171351
  5   2.451511 0.204909 -0.003447 -0.138715 0.014434 0.103433
  6   7.247600 -0.397300 -0.109469 0.000001 0.000009 0.052298
  7   -2.022252 -0.104661 3.136172 0.914683 -1.249897 -4.084156
  8   1.168026 -0.537438 -0.063437 -0.557203 -0.022726 -0.926701
  9   6.790376 -0.619176 0.015206 -0.534482 -0.119082 -1.560895
 10   8.637599 0.544015 -0.090417 -1.084787 -1.087169 -1.410689
 11   6.790465 -0.619039 0.017802 -0.399980 -0.008581 -1.114711
 12   -2.022474 -0.104699 -2.873818 0.839033 1.276005 -2.481872
 13   1.167898 -0.537463 0.063297 0.060877 -1.207588 -0.727598
 14   7.002743 -0.617765 -0.183752 -0.096101 0.335734 -1.855465
 15   8.209042 0.615527 -0.255885 1.475250 -0.366558 -0.333769
 16   7.002735 -0.617911 -0.183641 0.013826 0.271884 -1.297683
 17   1.574674 0.609930 -0.000899 -0.152655 -0.013979 0.155376
 18   -0.602177 0.511412 -0.000006 0.000000 0.000000 0.000000
 19   3.673773 0.177020 1.119313 -0.000002 -0.000014 -0.174510
 20   3.673767 0.176993 -1.117566 0.000007 -0.000003 -0.174546
 21   3.942357 1.334540 1.627658 0.000002 -0.000011 -0.000026
 22   -0.246060 -0.011889 0.516521 -0.000011 0.000031 0.000025
 23   3.942374 1.334565 -1.631083 0.000019 0.000002 -0.000024
 24   -0.246150 -0.011872 -0.516511 -0.000005 -0.000006 0.000048
 25   4.941364 1.997338 1.629330 0.000018 -0.000001 -0.000024
 26   4.941382 1.997366 -1.629410 -0.000001 0.000005 -0.000024
 27   2.914462 1.619264 1.514501 -0.000019 -0.000022 -0.000050
 28   2.916892 1.618870 -1.501142 -0.000002 -0.000009 -0.000024
 29   8.824059 0.150544 0.091743 0.000006 -0.000231 -0.174534
 30   2.111085 -0.561179 1.784320 -0.000008 -0.000682 0.000024
 31   2.121290 -0.561289 -1.853599 0.000000 0.000000 -0.000002
 32   -0.814395 -0.093824 3.127092 0.262921 -3.097582 -0.334816
 33   14.298673 -0.408176 0.471578 0.003687 -0.003117 -0.522469
 34   15.835795 0.581398 0.242756 -0.001271 0.032067 0.122292
 35   -0.815868 -0.091229 -3.114430 -0.132889 3.034913 -0.011455
 36   14.294526 -0.410349 -0.467541 -0.002676 0.001857 -0.384764
 37   15.834409 0.579420 -0.284600 -0.034128 0.026558 0.304555
 38   1.139685 -3.453749 -2.823813 0.000000 0.000000 0.000001
 39   -4.457742 -1.054854 -0.746180 0.000000 0.000000 0.000000
 40   1.118101 -3.449769 3.237290 0.000000 0.000001 0.000000
 41   -4.433840 -1.059130 0.959566 -0.000001 0.000000 0.000000
 42   -0.657468 1.697302 -2.688614 0.000000 0.000002 0.000000
 43   -0.664068 1.698578 2.869377 0.000000 0.000002 0.000000
time 122
  0   0.009046 4.281381 1.527761 0.000000 0.000000 -1.571449
  1   -1.093036 0.000002 -0.326057 -0.214066 -1.569082 -1.356583
  2   2.262337 0.113614 0.064702 -0.020101 -0.102707 0.193454
  3   2.380047 0.353302 0.047440 0.000000 0.000020 0.060910
  4   2.033756 0.190472 -0.000128 -0.171747 0.030069 0.171351
  5   2.451511 0.204909 -0.003447 -0.138715 0.014434 0.103433
  6   7.247600 -0.397300 -0.109469 0.000001 0.000009 0.052298
  7   -2.022252 -0.104661 3.136172 0.914683 -1.249897 -4.084156
  8   1.168026 -0.537438 -0.063437 -0.507591 0.053601 -0.932268
  9   6.790376 -0.619176 0.015206 -0.203990 -0.149583 -1.403394
 10   8.637599 0.544015 -0.090417 -1.544926 -0.902606 -0.957959
 11   6.790465 -0.619039 0.017802 -0.165184 -0.088485 -0.998323
 12   -2.022474 -0.104699 -2.873818 0.839033 1.276005 -2.481872
 13   1.167898 -0.537463 0.063297 0.060877 -1.207588 -0.727598
 14   7.002743 -0.617765 -0.183752 -0.096101 0.335734 -1.855465
 15   8.209042 0.615527 -0.255885 1.475250 -0.366558 -0.333769
 16   7.002735 -0.617911 -0.183641 0.013826 0.271884 -1.297683
 17   1.574674 0.609930 -0.000899 -0.107240 -0.030049 0.228116
 18   -0.602177 0.511412 -0.000006 0.000000 0.000000 0.000000
 19   3.673773 0.177020 1.119313 -0.000002 -0.000014 -0.174510
 20   3.673767 0.176993 -1.117566 0.000007 -0.000003 -0.174546
 21   3.942357 1.334540 1.627658 0.000002 -0.000011 -0.000026
 22   -0.246060 -0.011889 0.516521 -0.000011 0.000031 0.000025
 23   3.942374 1.334565 -1.631083 0.000019 0.000002 -0.000024
 24   -0.246150 -0.011872 -0.516511 -0.000005 -0.000006 0.000048
 25   4.941364 1.997338 1.629330 0.000018 -0.000001 -0.000024
 26   4.941382 1.997366 -1.629410 -0.000001 0.000005 -0.000024
 27   2.914462 1.619264 1.514501 -0.000019 -0.000022 -0.000050
 28   2.916892 1.618870 -1.501142 -0.000002 -0.000009 -0.000024
 29   8.824059 0.150544 0.091743 0.000006 -0.000231 -0.174534
 30   2.111085 -0.561179 1.784320 -0.000008 -0.000682 0.000024
 31   2.121290 -0.561289 -1.853599 0.000000 0.000000 -0.000002
 32   -0.814395 -0.093824 3.127092 0.262921 -3.097582 -0.334816
 33   14.298673 -0.408176 0.471578 0.003687 -0.003117 -0.522469
 34   15.835795 0.581398 0.242756 -0.001271 0.032067 0.122292
 35   -0.815868 -0.091229 -3.114430 -0.132889 3.034913 -0.011455
 36   14.294526 -0.410349 -0.467541 -0.002676 0.001857 -0.384764
 37   15.834409 0.579420 -0.284600 -0.034128 0.026558 0.304555
 38   1.139685 -3.453749 -2.823813 0.000000 0.000000 0.000001
 39   -4.457742 -1.054854 -0.746180 0.000000 0.000000 0.000000
 40   1.118101 -3.449769 3.237290 0.000000 0.000001 0.000000
 41   -4.433840 -1.059130 0.959566 -0.000001 0.000000 0.000000
 42   -0.657468 1.697302 -2.688614 0.000000 0.000002 0.000000
 43   -0.664068 1.698578 2.869377 0.000000 0.000002 0.000000
time 123
  0   0.009046 4.281381 1.527761 0.000000 0.000000 -1.571449
  1   -1.093036 0.000002 -0.326057 -0.214066 -1.569082 -1.356583
  2   2.262337 0.113614 0.064702 -0.020101 -0.102707 0.193454
  3   2.380047 0.353302 0.047440 0.000000 0.000020 0.060910
  4   2.033756 0.190472 -0.000128 -0.171747 0.030069 0.171351
  5   2.451511 0.204909 -0.003447 -0.138715 0.014434 0.103433
  6   7.247600 -0.397300 -0.109469 0.000001 0.000009 0.052298
  7   -2.022252 -0.104661 3.136172 0.914683 -1.249897 -4.084156
  8   1.168026 -0.537438 -0.063437 -0.443741 0.152267 -0.933976
  9   6.790376 -0.619176 0.015206 0.233356 -0.266512 -1.220159
 10   8.637599 0.544015 -0.090417 -1.841264 -0.557411 -0.671765
 11   6.790465 -0.619039 0.017802 0.131771 -0.229729 -0.858462
 12   -2.022474 -0.104699 -2.873818 0.839033 1.276005 -2.481872
 13   1.167898 -0.537463 0.063297 0.060877 -1.207588 -0.727598
 14   7.002743 -0.617765 -0.183752 -0.096101 0.335734 -1.855465
 15   8.209042 0.615527 -0.255885 1.475250 -0.366558 -0.333769
 16   7.002735 -0.617911 -0.183641 0.013826 0.271884 -1.297683
 17   1.574674 0.609930 -0.000899 -0.050655 -0.055443 0.320851
 18   -0.602177 0.511412 -0.000006 0.000000 0.000000 0.000000
 19   3.673773 0.177020 1.119313 -0.000002 -0.000014 -0.174510
 20   3.673767 0.176993 -1.117566 0.000007 -0.000003 -0.174546
 21   3.942357 1.334540 1.627658 0.000002 -0.000011 -0.000026
 22   -0.246060 -0.011889 0.516521 -0.000011 0.000031 0.000025
 23   3.942374 1.334565 -1.631083 0.000019 0.000002 -0.000024
 24   -0.246150 -0.011872 -0.516511 -0.000005 -0.000006 0.000048
 25   4.941364 1.997338 1.629330 0.000018 -0.000001 -0.000024
 26   4.941382 1.997366 -1.629410 -0.000001 0.000005 -0.000024
 27   2.914462 1.619264 1.514501 -0.000019 -0.000022 -0.000050
 28   2.916892 1.618870 -1.501142 -0.000002 -0.000009 -0.000024
 29   8.824059 0.150544 0.091743 0.000006 -0.000231 -0.174534
 30   2.111085 -0.561179 1.784320 -0.000008 -0.000682 0.000024
 31   2.121290 -0.561289 -1.853599 0.000000 0.000000 -0.000002
 32   -0.814395 -0.093824 3.127092 0.262921 -3.097582 -0.334816
 33   14.298673 -0.408176 0.471578 0.003687 -0.003117 -0.522469
 34   15.835795 0.581398 0.242756 -0.001271 0.032067 0.122292
 35   -0.815868 -0.091229 -3.114430 -0.132889 3.034913 -0.011455
 36   14.294526 -0.410349 -0.467541 -0.002676 0.001857 -0.384764
 37   15.834409 0.579420 -0.284600 -0.034128 0.026558 0.304555
 38   1.139685 -3.453749 -2.823813 0.000000 0.000000 0.000001
 39   -4.457742 -1.054854 -0.746180 0.000000 0.000000 0.000000
 40   1.118101 -3.449769 3.237290 0.000000 0.000001 0.000000
 41   -4.433840 -1.059130 0.959566 -0.000001 0.000000 0.000000
 42   -0.657468 1.697302 -2.688614 0.000000 0.000002 0.000000
 43   -0.664068 1.698578 2.869377 0.000000 0.000002 0.000000
time 124
  0   0.009046 4.281381 1.527761 0.000000 0.000000 -1.571449
  1   -1.093036 0.000002 -0.326057 -0.214066 -1.569082 -1.356583
  2   2.262337 0.113614 0.064702 -0.020101 -0.102707 0.193454
  3   2.380047 0.353302 0.047440 0.000000 0.000020 0.060910
  4   2.033756 0.190472 -0.000128 -0.171747 0.030069 0.171351
  5   2.451511 0.204909 -0.003447 -0.138715 0.014434 0.103433
  6   7.247600 -0.397300 -0.109469 0.000001 0.000009 0.052298
  7   -2.022252 -0.104661 3.136172 0.914683 -1.249897 -4.084156
  8   1.168026 -0.537438 -0.063437 -0.393243 0.228795 -0.930750
  9   6.790376 -0.619176 0.015206 0.553474 -0.396588 -1.123108
 10   8.637599 0.544015 -0.090417 -1.964114 -0.270782 -0.558618
 11   6.790465 -0.619039 0.017802 0.339444 -0.354829 -0.769873
 12   -2.022474 -0.104699 -2.873818 0.839033 1.276005 -2.481872
 13   1.167898 -0.537463 0.063297 0.060877 -1.207588 -0.727598
 14   7.002743 -0.617765 -0.183752 -0.096101 0.335734 -1.855465
 15   8.209042 0.615527 -0.255885 1.475250 -0.366558 -0.333769
 16   7.002735 -0.617911 -0.183641 0.013826 0.271884 -1.297683
 17   1.574674 0.609930 -0.000899 -0.008449 -0.078732 0.391927
 18   -0.602177 0.511412 -0.000006 0.000000 0.000000 0.000000
 19   3.673773 0.177020 1.119313 -0.000002 -0.000014 -0.174510
 20   3.673767 0.176993 -1.117566 0.000007 -0.000003 -0.174546
 21   3.942357 1.334540 1.627658 0.000002 -0.000011 -0.000026
 22   -0.246060 -0.011889 0.516521 -0.000011 0.000031 0.000025
 23   3.942374 1.334565 -1.631083 0.000019 0.000002 -0.000024
 24   -0.246150 -0.011872 -0.516511 -0.000005 -0.000006 0.000048
 25   4.941364 1.997338 1.629330 0.000018 -0.000001 -0.000024
 26   4.941382 1.997366 -1.629410 -0.000001 0.000005 -0.000024
 27   2.914462 1.619264 1.514501 -0.000019 -0.000022 -0.000050
 28   2.916892 1.618870 -1.501142 -0.000002 -0.000009 -0.000024
 29   8.824059 0.150544 0.091743 0.000006 -0.000231 -0.174534
 30   2.111085 -0.561179 1.784320 -0.000008 -0.000682 0.000024
 31   2.121290 -0.561289 -1.853599 0.000000 0.000000 -0.000002
 32   -0.814395 -0.093824 3.127092 0.262921 -3.097582 -0.334816
 33   14.298673 -0.408176 0.471578 0.003687 -0.003117 -0.522469
 34   15.835795 0.581398 0.242756 -0.001271 0.032067 0.122292
 35   -0.815868 -0.091229 -3.114430 -0.132889 3.034913 -0.011455
 36   14.294526 -0.410349 -0.467541 -0.002676 0.001857 -0.384764
 37   15.834409 0.579420 -0.284600 -0.034128 0.026558 0.304555
 38   1.139685 -3.453749 -2.823813 0.000000 0.000000 0.000001
 39   -4.457742 -1.054854 -0.746180 0.000000 0.000000 0.000000
 40   1.118101 -3.449769 3.237290 0.000000 0.000001 0.000000
 41   -4.433840 -1.059130 0.959566 -0.000001 0.000000 0.000000
 42   -0.657468 1.697302 -2.688614 0.000000 0.000002 0.000000
 43   -0.664068 1.698578 2.869377 0.000000 0.000002 0.000000
time 125
  0   0.009046 4.281381 1.527761 0.000000 0.000000 -1.571449
  1   -1.093036 0.000002 -0.326057 -0.214066 -1.569082 -1.356583
  2   2.262337 0.113614 0.064702 -0.020101 -0.102707 0.193454
  3   2.380047 0.353302 0.047440 0.000000 0.000020 0.060910
  4   2.033756 0.190472 -0.000128 -0.171747 0.030069 0.171351
  5   2.451511 0.204909 -0.003447 -0.138715 0.014434 0.103433
  6   7.247600 -0.397300 -0.109469 0.000001 0.000009 0.052298
  7   -2.022252 -0.104661 3.136172 0.914683 -1.249897 -4.084156
  8   1.168026 -0.537438 -0.063437 -0.375209 0.255713 -0.928663
  9   6.790376 -0.619176 0.015206 0.660106 -0.445108 -1.100468
 10   8.637599 0.544015 -0.090417 -1.995906 -0.171602 -0.530260
 11   6.790465 -0.619039 0.017802 0.406187 -0.399200 -0.743804
 12   -2.022474 -0.104699 -2.873818 0.839033 1.276005 -2.481872
 13   1.167898 -0.537463 0.063297 0.060877 -1.207588 -0.727598
 14   7.002743 -0.617765 -0.183752 -0.096101 0.335734 -1.855465
 15   8.209042 0.615527 -0.255885 1.475250 -0.366558 -0.333769
 16   7.002735 -0.617911 -0.183641 0.013826 0.271884 -1.297683
 17   1.574674 0.609930 -0.000899 0.005971 -0.087678 0.416765
 18   -0.602177 0.511412 -0.000006 0.000000 0.000000 0.000000
 19   3.673773 0.177020 1.119313 -0.000002 -0.000014 -0.174510
 20   3.673767 0.176993 -1.117566 0.000007 -0.000003 -0.174546
 21   3.942357 1.334540 1.627658 0.000002 -0.000011 -0.000026
 22   -0.246060 -0.011889 0.516521 -0.000011 0.000031 0.000025
 23   3.942374 1.334565 -1.631083 0.000019 0.000002 -0.000024
 24   -0.246150 -0.011872 -0.516511 -0.000005 -0.000006 0.000048
 25   4.941364 1.997338 1.629330 0.000018 -0.000001 -0.000024
 26   4.941382 1.997366 -1.629410 -0.000001 0.000005 -0.000024
 27   2.914462 1.619264 1.514501 -0.000019 -0.000022 -0.000050
 28   2.916892 1.618870 -1.501142 -0.000002 -0.000009 -0.000024
 29   8.824059 0.150544 0.091743 0.000006 -0.000231 -0.174534
 30   2.111085 -0.561179 1.784320 -0.000008 -0.000682 0.000024
 31   2.121290 -0.561289 -1.853599 0.000000 0.000000 -0.000002
 32   -0.814395 -0.093824 3.127092 0.262921 -3.097582 -0.334816
 33   14.298673 -0.408176 0.471578 0.003687 -0.003117 -0.522469
 34   15.835795 0.581398 0.242756 -0.001271 0.032067 0.122292
 35   -0.815868 -0.091229 -3.114430 -0.132889 3.034913 -0.011455
 36   14.294526 -0.410349 -0.467541 -0.002676 0.001857 -0.384764
 37   15.834409 0.579420 -0.284600 -0.034128 0.026558 0.304555
 38   1.139685 -3.453749 -2.823813 0.000000 0.000000 0.000001
 39   -4.457742 -1.054854 -0.746180 0.000000 0.000000 0.000000
 40   1.118101 -3.449769 3.237290 0.000000 0.000001 0.000000
 41   -4.433840 -1.059130 0.959566 -0.000001 0.000000 0.000000
 42   -0.657468 1.697302 -2.688614 0.000000 0.000002 0.000000
 43   -0.664068 1.698578 2.869377 0.000000 0.000002 0.000000
end
