version 1
nodes
  0 "Bip01" -1
  1 "Bip01 Pelvis" 0
  2 "Bip01 Spine" 1
  3 "Bip01 Spine1" 2
  4 "Bip01 Spine2" 3
  5 "Bip01 Spine3" 4
  6 "Bip01 Neck" 5
  7 "Bip01 L Arm" 6
  8 "Bip01 L Arm1" 7
  9 "Bip01 L Arm2" 8
 10 "Bip01 L Hand" 9
 11 "Bip06 L elbow2-smooth" 8
 12 "Bip01 R Arm" 6
 13 "Bip01 R Arm1" 12
 14 "Bip01 R Arm2" 13
 15 "Bip01 R Hand" 14
 16 "Bip06 R elbow2-smooth" 13
 17 "Bip01 Head" 6
 18 "Bip06 Head_helper" 17
 19 "Bip06 Head_eyes_l" 18
 20 "Bip06 Head_eyes_r" 18
 21 "Bip06 Head_blink_l" 18
 22 "Bip06 Head_blink_smooth_l1" 21
 23 "Bip06 Head_blink_r" 18
 24 "Bip06 Head_blink_smooth_r1" 23
 25 "Bip06 Head_L_eyebrow" 18
 26 "Bip06 Head_R_eyebrow" 18
 27 "Bip06 Head_blink_l_lid" 18
 28 "Bip06 Head_blink_r_lid" 18
 29 "Bip06 bunny" 18
 30 "Bip06 bunnyL" 29
 31 "Bip06 bunnyR" 29
 32 "Bip01 L Leg" 1
 33 "Bip01 L Leg1" 32
 34 "Bip01 L Foot" 33
 35 "Bip01 R Leg" 1
 36 "Bip01 R Leg1" 35
 37 "Bip01 R Foot" 36
 38 "Bip03 HairR1" 17
 39 "Bip03 HairR2" 38
 40 "Bip03 HairL1" 17
 41 "Bip03 HairL2" 40
 42 "Bip03 swingR" 17
 43 "Bip03 swingL" 17
end
skeleton
time 0
  0   -0.010486 0.000000 2.055121 0.000000 0.000000 -1.571069
  1   -1.093036 0.000002 -0.326057 -0.221665 -1.569082 -1.348744
  2   2.262337 0.113614 0.064702 -0.000103 -0.001569 -0.016710
  3   2.380047 0.353302 0.047440 -0.011686 -0.000316 -0.028262
  4   2.033756 0.190472 -0.000128 -0.000010 0.000024 -0.139576
  5   2.451511 0.204909 -0.003447 -0.016638 0.000021 -0.012668
  6   7.247600 -0.397300 -0.109469 0.000001 -0.000003 0.156829
  7   -2.022252 -0.104661 3.136172 0.325732 -1.225077 -3.496615
  8   1.168026 -0.537438 -0.063437 0.459967 0.895057 0.623305
  9   6.790376 -0.619176 0.015206 -0.000047 -0.000085 -0.354246
 10   8.637599 0.544015 -0.090417 -1.500805 0.180913 -0.286459
 11   6.790465 -0.619039 0.017802 -0.002006 -0.010912 -0.263199
 12   -2.022474 -0.104699 -2.873818 -0.514912 1.396280 -3.660349
 13   1.167898 -0.537463 0.063297 -0.293627 -1.189280 0.277340
 14   7.002743 -0.617765 -0.183752 0.000059 0.000137 -0.232914
 15   8.209042 0.615527 -0.255885 1.747115 -0.188455 0.226470
 16   7.002735 -0.617911 -0.183641 0.014626 0.001616 -0.181630
 17   1.574674 0.609930 -0.000899 0.026282 0.007226 0.237541
 18   -0.602177 0.511412 -0.000006 0.000000 0.000000 0.000000
 19   3.677679 0.177020 1.119313 -0.000002 -0.000014 -0.174510
 20   3.673767 0.176993 -1.117566 0.000007 -0.000003 -0.174546
 21   3.942357 1.334540 1.627658 0.000002 -0.000011 -0.000026
 22   -0.246060 -0.011889 0.516521 -0.000011 0.000031 0.000025
 23   3.942374 1.334565 -1.631083 0.000019 0.000002 -0.000024
 24   -0.246150 -0.011872 -0.516511 -0.000005 -0.000006 0.000048
 25   4.941364 1.997338 1.629330 0.000018 -0.000001 -0.000024
 26   4.941382 1.997366 -1.629410 -0.000001 0.000005 -0.000024
 27   2.914462 1.619264 1.514501 -0.000019 -0.000022 -0.000050
 28   2.920798 1.618870 -1.501142 -0.000002 -0.000009 -0.000024
 29   8.824059 0.150544 0.091743 0.000006 -0.000231 -0.174534
 30   2.111085 -0.561179 1.784320 -0.000008 -0.000682 0.000024
 31   2.121290 -0.561289 -1.853599 0.000000 0.000000 -0.000002
 32   -0.814395 -0.093824 3.127092 -0.068717 -3.102358 -0.078667
 33   14.298673 -0.408176 0.471578 0.010423 0.006706 -0.308968
 34   15.835795 0.581398 0.242756 -0.056408 0.019890 0.053050
 35   -0.815868 -0.091229 -3.114430 0.147701 3.163736 -0.058618
 36   14.294526 -0.410349 -0.467541 0.000033 0.000036 -0.282107
 37   15.834409 0.579420 -0.284600 0.199935 0.023435 0.198943
 38   1.139685 -3.453749 -2.823813 0.000000 0.000000 0.000001
 39   -4.457742 -1.054854 -0.746180 0.000000 0.000000 0.000000
 40   1.118101 -3.449769 3.237290 0.000000 0.000001 0.000000
 41   -4.433840 -1.059130 0.959566 -0.000001 0.000000 0.000000
 42   -0.657468 1.697302 -2.688614 0.000000 0.000002 0.000000
 43   -0.664068 1.698578 2.869377 0.000000 0.000002 0.000000
time 1
  0   -0.010486 0.000000 2.094185 0.000000 0.000000 -1.571069
  1   -1.093036 0.000002 -0.263555 -0.221665 -1.569082 -1.348744
  2   2.262337 0.113614 0.064702 -0.000090 -0.002708 -0.016710
  3   2.380047 0.353302 0.047440 -0.011551 -0.003060 -0.028262
  4   2.033756 0.190472 -0.000128 0.000138 -0.000863 -0.139576
  5   2.451511 0.204909 -0.003447 -0.017271 0.003194 -0.012668
  6   7.247600 -0.397300 -0.109469 0.000001 -0.000003 0.156829
  7   -2.022252 -0.104661 3.136172 0.331004 -1.230381 -3.501405
  8   1.168026 -0.537438 -0.063437 0.456487 0.899283 0.618940
  9   6.790376 -0.619176 0.015206 -0.007814 0.007657 -0.354547
 10   8.637599 0.544015 -0.090417 -1.500805 0.180913 -0.286459
 11   6.790465 -0.619039 0.017802 -0.009013 -0.002498 -0.263487
 12   -2.022474 -0.104699 -2.873818 -0.536277 1.401969 -3.682082
 13   1.167898 -0.537463 0.063297 -0.313099 -1.188822 0.293866
 14   7.002743 -0.617765 -0.183752 0.002962 -0.006223 -0.233244
 15   8.209042 0.615527 -0.255885 1.747115 -0.188455 0.226470
 16   7.002735 -0.617911 -0.183641 0.017121 -0.004925 -0.181906
 17   1.574674 0.609930 -0.000899 0.024779 -0.000229 0.237541
 18   -0.602177 0.511412 -0.000006 0.000000 0.000000 0.000000
 19   3.677679 0.177020 1.119313 -0.000002 -0.000014 -0.174510
 20   3.673767 0.176993 -1.117566 0.000007 -0.000003 -0.174546
 21   3.938451 1.334540 1.627658 0.000002 -0.000011 -0.000026
 22   -0.246060 -0.011889 0.516521 -0.000011 0.000031 0.000025
 23   3.942374 1.334565 -1.631083 0.000019 0.000002 -0.000024
 24   -0.246150 -0.011872 -0.516511 -0.000005 -0.000006 0.000048
 25   4.941364 1.997338 1.629330 0.000018 -0.000001 -0.000024
 26   4.941382 1.997366 -1.629410 -0.000001 0.000005 -0.000024
 27   2.914462 1.623171 1.514501 -0.000019 -0.000022 -0.000050
 28   2.916892 1.618870 -1.501142 -0.000002 -0.000009 -0.000024
 29   8.824059 0.150544 0.091743 0.004106 -0.010842 -0.164287
 30   2.111085 -0.565085 1.784320 -0.005296 -0.006698 -0.002806
 31   2.129103 -0.561289 -1.845786 -0.007063 -0.011992 0.005748
 32   -0.814395 -0.093824 3.127092 -0.068717 -3.102358 -0.083277
 33   14.298673 -0.408176 0.471578 0.010471 0.007119 -0.314446
 34   15.835795 0.581398 0.242756 -0.056247 0.020646 0.043039
 35   -0.815868 -0.091229 -3.114430 0.147701 3.163736 -0.063220
 36   14.294526 -0.410349 -0.467541 0.000452 -0.000647 -0.287514
 37   15.834409 0.579420 -0.284600 0.200546 0.022053 0.189056
 38   1.124060 -3.453749 -2.823813 0.001095 0.005459 0.000062
 39   -4.465555 -1.054854 -0.742274 0.000563 0.002804 0.000028
 40   1.133726 -3.449769 3.237290 0.001095 0.005460 0.000061
 41   -4.422121 -1.059130 0.963472 0.000562 0.002804 0.000028
 42   -0.653562 1.697302 -2.676895 0.001067 0.004510 -0.000167
 43   -0.660162 1.698578 2.881096 0.002599 0.010860 -0.000167
time 2
  0   -0.010486 0.000000 2.199657 0.000000 0.000000 -1.571069
  1   -1.093036 0.000002 -0.083862 -0.221665 -1.569082 -1.348744
  2   2.262337 0.113614 0.064702 -0.000052 -0.005800 -0.016710
  3   2.380047 0.353302 0.047440 -0.011221 -0.010527 -0.028282
  4   2.033756 0.190472 -0.000128 0.000599 -0.003248 -0.139612
  5   2.451511 0.204909 -0.003447 -0.018983 0.011810 -0.012668
  6   7.247600 -0.397300 -0.109469 0.000001 -0.000003 0.156829
  7   -2.022252 -0.104661 3.136172 0.346437 -1.244708 -3.515210
  8   1.168026 -0.537438 -0.063437 0.446994 0.910705 0.607047
  9   6.790376 -0.619176 0.015206 -0.028785 0.028680 -0.355529
 10   8.637599 0.544015 -0.090417 -1.500805 0.180913 -0.286459
 11   6.790465 -0.619039 0.017802 -0.027991 0.020327 -0.264179
 12   -2.022474 -0.104699 -2.873818 -0.602192 1.416945 -3.748910
 13   1.167898 -0.537463 0.063297 -0.365751 -1.187195 0.338541
 14   7.002743 -0.617765 -0.183752 0.010705 -0.023542 -0.234234
 15   8.209042 0.615527 -0.255885 1.747115 -0.188455 0.226470
 16   7.002735 -0.617911 -0.183641 0.023994 -0.022574 -0.182789
 17   1.574674 0.609930 -0.000899 0.020717 -0.020488 0.237467
 18   -0.602177 0.511412 -0.000006 0.000000 0.000000 0.000000
 19   3.673773 0.177020 1.119313 -0.000002 -0.000014 -0.174510
 20   3.673767 0.176993 -1.117566 0.000007 -0.000003 -0.174546
 21   3.938451 1.334540 1.627658 0.000002 -0.000011 -0.000026
 22   -0.246060 -0.011889 0.516521 -0.000011 0.000031 0.000025
 23   3.942374 1.334565 -1.631083 0.000019 0.000002 -0.000024
 24   -0.246150 -0.011872 -0.516511 -0.000005 -0.000006 0.000048
 25   4.941364 1.997338 1.629330 0.000018 -0.000001 -0.000024
 26   4.941382 1.997366 -1.629410 -0.000001 0.000005 -0.000024
 27   2.914462 1.619264 1.514501 -0.000019 -0.000022 -0.000050
 28   2.916892 1.618870 -1.501142 -0.000002 -0.000009 -0.000024
 29   8.824059 0.150544 0.091743 0.015335 -0.039707 -0.136122
 30   2.103272 -0.584617 1.784320 -0.019657 -0.023001 -0.010547
 31   2.152541 -0.561289 -1.814535 -0.026277 -0.044602 0.021378
 32   -0.814395 -0.093824 3.127092 -0.068717 -3.102358 -0.095800
 33   14.298673 -0.408176 0.471578 0.010626 0.008270 -0.329214
 34   15.835795 0.581398 0.242756 -0.055833 0.022647 0.015872
 35   -0.815868 -0.091229 -3.114430 0.147701 3.163642 -0.075764
 36   14.294526 -0.410349 -0.471447 0.001591 -0.002517 -0.302190
 37   15.834409 0.579420 -0.284600 0.202201 0.018265 0.162082
 38   1.081089 -3.442030 -2.819907 0.004105 0.020281 0.000429
 39   -4.485087 -1.050948 -0.722742 0.002085 0.010439 0.000140
 40   1.176697 -3.461488 3.237290 0.004105 0.020282 0.000305
 41   -4.383057 -1.066943 0.979098 0.002084 0.010439 0.000140
 42   -0.645749 1.697302 -2.645644 0.003967 0.016791 -0.000711
 43   -0.640630 1.698578 2.924066 0.009670 0.040376 -0.000586
time 3
  0   -0.010486 0.000000 2.359818 0.000000 0.000000 -1.571069
  1   -1.093036 0.000002 0.181771 -0.221665 -1.569082 -1.348744
  2   2.262337 0.113614 0.064702 0.000024 -0.010354 -0.016710
  3   2.380047 0.353302 0.047440 -0.010726 -0.021516 -0.028303
  4   2.033756 0.190472 -0.000128 0.001244 -0.006771 -0.139648
  5   2.451511 0.204909 -0.003447 -0.021516 0.024513 -0.012668
  6   7.247600 -0.397300 -0.109469 0.000001 -0.000003 0.156829
  7   -2.022252 -0.104661 3.136172 0.372031 -1.265637 -3.538408
  8   1.168026 -0.537438 -0.063437 0.432820 0.927409 0.589145
  9   6.790376 -0.619176 0.015206 -0.059798 0.059648 -0.357038
 10   8.637599 0.544015 -0.090417 -1.500805 0.180913 -0.286459
 11   6.790465 -0.619039 0.017802 -0.055961 0.054011 -0.265275
 12   -2.022474 -0.104699 -2.873818 -0.725688 1.437465 -3.873469
 13   1.167898 -0.537463 0.063297 -0.442515 -1.184093 0.403676
 14   7.002743 -0.617765 -0.183752 0.022205 -0.049039 -0.235636
 15   8.209042 0.615527 -0.255885 1.747115 -0.188455 0.226470
 16   7.002735 -0.617911 -0.183641 0.034116 -0.048626 -0.184113
 17   1.574674 0.609930 -0.000899 0.014705 -0.050379 0.237356
 18   -0.602177 0.511412 -0.000006 0.000000 0.000000 0.000000
 19   3.677679 0.177020 1.119313 -0.000002 -0.000014 -0.174510
 20   3.677673 0.176993 -1.117566 0.000007 -0.000003 -0.174546
 21   3.942357 1.334540 1.627658 0.000002 -0.000011 -0.000026
 22   -0.246060 -0.011889 0.516521 -0.000011 0.000031 0.000025
 23   3.942374 1.334565 -1.631083 0.000019 0.000002 -0.000024
 24   -0.246150 -0.011872 -0.516511 -0.000005 -0.000006 0.000048
 25   4.941364 1.997338 1.629330 0.000018 -0.000001 -0.000024
 26   4.941382 1.997366 -1.629410 -0.000001 0.000005 -0.000024
 27   2.914462 1.619264 1.514501 -0.000019 -0.000022 -0.000050
 28   2.916892 1.618870 -1.501142 -0.000002 -0.000009 -0.000024
 29   8.824059 0.150544 0.091743 0.031823 -0.082246 -0.094169
 30   2.091553 -0.611962 1.784320 -0.040838 -0.047063 -0.021934
 31   2.187698 -0.561289 -1.767659 -0.054577 -0.092649 0.044431
 32   -0.814395 -0.093824 3.127092 -0.068717 -3.102358 -0.114300
 33   14.302579 -0.408176 0.471578 0.010842 0.009963 -0.350969
 34   15.835795 0.581398 0.242756 -0.055212 0.025527 -0.024217
 35   -0.815868 -0.091229 -3.114430 0.147613 3.163642 -0.094224
 36   14.290620 -0.410349 -0.471447 0.003268 -0.005285 -0.323819
 37   15.834409 0.579420 -0.284600 0.204644 0.012711 0.122332
 38   1.014681 -3.430311 -2.812094 0.008525 0.042129 0.000856
 39   -4.516338 -1.043135 -0.691491 0.004350 0.021680 0.000280
 40   1.243105 -3.473207 3.237290 0.008525 0.042130 0.000611
 41   -4.328368 -1.078662 1.002536 0.004349 0.021680 0.000280
 42   -0.626217 1.697302 -2.594861 0.008257 0.034883 -0.001464
 43   -0.617192 1.694672 2.982662 0.020090 0.083873 -0.001255
time 4
  0   -0.010486 0.000000 2.551230 0.000000 0.000000 -1.571069
  1   -1.093036 0.000002 0.502093 -0.221665 -1.569082 -1.348744
  2   2.262337 0.113614 0.064702 0.000113 -0.015879 -0.016710
  3   2.380047 0.353302 0.047440 -0.010126 -0.034855 -0.028323
  4   2.033756 0.190472 -0.000128 0.002037 -0.011038 -0.139721
  5   2.451511 0.204909 -0.003447 -0.024597 0.039932 -0.012668
  6   7.247600 -0.397300 -0.109469 0.000001 -0.000003 0.156829
  7   -2.022252 -0.104661 3.136172 0.408361 -1.290717 -3.571936
  8   1.168026 -0.537438 -0.063437 0.415164 0.947585 0.566940
  9   6.790376 -0.619176 0.015206 -0.097469 0.097289 -0.358774
 10   8.637599 0.544015 -0.090417 -1.500805 0.180913 -0.286459
 11   6.790465 -0.619039 0.017802 -0.089974 0.094886 -0.266544
 12   -2.022474 -0.104699 -2.873818 -0.932248 1.458565 -4.081227
 13   1.167898 -0.537463 0.063297 -0.534111 -1.179160 0.481282
 14   7.002743 -0.617765 -0.183752 0.036154 -0.079986 -0.237369
 15   8.209042 0.615527 -0.255885 1.747115 -0.188455 0.226470
 16   7.002735 -0.617911 -0.183641 0.046449 -0.080259 -0.185659
 17   1.574674 0.609930 -0.000899 0.007434 -0.086684 0.237245
 18   -0.602177 0.511412 -0.000006 0.000000 0.000000 0.000000
 19   3.677679 0.177020 1.119313 -0.000002 -0.000014 -0.174510
 20   3.677673 0.176993 -1.117566 0.000007 -0.000003 -0.174546
 21   3.942357 1.334540 1.627658 0.000002 -0.000011 -0.000026
 22   -0.246060 -0.011889 0.516521 -0.000011 0.000031 0.000025
 23   3.942374 1.334565 -1.631083 0.000019 0.000002 -0.000024
 24   -0.246150 -0.011872 -0.516511 -0.000005 -0.000006 0.000048
 25   4.941364 1.997338 1.629330 0.000018 -0.000001 -0.000024
 26   4.941382 1.997366 -1.629410 -0.000001 0.000005 -0.000024
 27   2.914462 1.619264 1.514501 -0.000019 -0.000022 -0.000050
 28   2.920798 1.618870 -1.501142 -0.000002 -0.000009 -0.000024
 29   8.824059 0.150544 0.091743 0.051965 -0.133900 -0.042613
 30   2.079834 -0.643213 1.784320 -0.066534 -0.076299 -0.035765
 31   2.230668 -0.561289 -1.712970 -0.088943 -0.151005 0.072416
 32   -0.814395 -0.093824 3.127092 -0.068717 -3.102262 -0.136727
 33   14.306485 -0.408176 0.471578 0.011118 0.012044 -0.377409
 34   15.839702 0.581398 0.242756 -0.054453 0.029017 -0.072862
 35   -0.815868 -0.091229 -3.114430 0.147525 3.163642 -0.116628
 36   14.286714 -0.410349 -0.471447 0.005294 -0.008653 -0.350082
 37   15.830503 0.579420 -0.284600 0.207599 0.006005 0.074064
 38   0.936554 -3.414685 -2.804281 0.013913 0.068664 0.001467
 39   -4.555401 -1.035322 -0.660240 0.007083 0.035343 0.000477
 40   1.321232 -3.488833 3.237290 0.013913 0.068665 0.001100
 41   -4.261960 -1.090381 1.033787 0.007082 0.035343 0.000477
 42   -0.606685 1.697302 -2.532359 0.013459 0.056854 -0.002426
 43   -0.585941 1.694672 3.056883 0.032734 0.136674 -0.002091
time 5
  0   -0.010486 0.000000 2.762174 0.000000 0.000000 -1.571069
  1   -1.093036 0.000002 0.849760 -0.221665 -1.569082 -1.348744
  2   2.262337 0.113614 0.064702 0.000215 -0.021895 -0.016710
  3   2.380047 0.353302 0.047440 -0.009481 -0.049381 -0.028364
  4   2.033756 0.190472 -0.000128 0.002922 -0.015688 -0.139793
  5   2.451511 0.204909 -0.003447 -0.027952 0.056708 -0.012643
  6   7.247600 -0.397300 -0.109469 0.000001 -0.000003 0.156829
  7   -2.022252 -0.104661 3.136172 0.456578 -1.317468 -3.617110
  8   1.168026 -0.537438 -0.063437 0.395484 0.969371 0.542079
  9   6.790376 -0.619176 0.015206 -0.138469 0.138201 -0.360660
 10   8.637599 0.544015 -0.090417 -1.500805 0.180913 -0.286459
 11   6.790465 -0.619039 0.017802 -0.126966 0.139372 -0.267928
 12   -2.022474 -0.104699 -2.873818 -1.244195 1.473803 -4.394205
 13   1.167898 -0.537463 0.063297 -0.631471 -1.172346 0.563488
 14   7.002743 -0.617765 -0.183752 0.051412 -0.113660 -0.239267
 15   8.209042 0.615527 -0.255885 1.747115 -0.188455 0.226470
 16   7.002735 -0.617911 -0.183641 0.059913 -0.114713 -0.187370
 17   1.574674 0.609930 -0.000899 -0.000447 -0.126160 0.237134
 18   -0.602177 0.511412 -0.000006 0.000000 0.000000 0.000000
 19   3.677679 0.177020 1.119313 -0.000002 -0.000014 -0.174510
 20   3.673767 0.176993 -1.117566 0.000007 -0.000003 -0.174546
 21   3.938451 1.334540 1.627658 0.000002 -0.000011 -0.000026
 22   -0.246060 -0.011889 0.516521 -0.000011 0.000031 0.000025
 23   3.942374 1.334565 -1.631083 0.000019 0.000002 -0.000024
 24   -0.246150 -0.011872 -0.516511 -0.000005 -0.000006 0.000048
 25   4.941364 1.997338 1.629330 0.000018 -0.000001 -0.000024
 26   4.941382 1.997366 -1.629410 -0.000001 0.000005 -0.000024
 27   2.914462 1.619264 1.514501 -0.000019 -0.000022 -0.000050
 28   2.916892 1.618870 -1.501142 -0.000002 -0.000009 -0.000024
 29   8.824059 0.150544 0.091743 0.073800 -0.190111 0.014576
 30   2.064209 -0.678370 1.780414 -0.094523 -0.108092 -0.050818
 31   2.277545 -0.565195 -1.650468 -0.126344 -0.214516 0.102857
 32   -0.814395 -0.093824 3.127092 -0.068717 -3.102262 -0.161147
 33   14.306485 -0.408176 0.471578 0.011417 0.014319 -0.406230
 34   15.839702 0.581398 0.242756 -0.053625 0.032750 -0.125830
 35   -0.815868 -0.091229 -3.114430 0.147525 3.163642 -0.141059
 36   14.286714 -0.410349 -0.471447 0.007499 -0.012332 -0.378662
 37   15.830503 0.579420 -0.284600 0.210831 -0.001213 0.021587
 38   0.846707 -3.395154 -2.796468 0.019765 0.097525 0.002078
 39   -4.598372 -1.027509 -0.621176 0.010067 0.050203 0.000673
 40   1.411079 -3.508365 3.233384 0.019765 0.097526 0.001650
 41   -4.187738 -1.106006 1.065038 0.010066 0.050203 0.000673
 42   -0.587153 1.697302 -2.465951 0.019115 0.080757 -0.003429
 43   -0.550783 1.690765 3.135010 0.046503 0.194136 -0.002969
time 6
  0   -0.010486 0.000000 2.973118 0.000000 0.000000 -1.571069
  1   -1.093036 0.000002 1.201333 -0.221665 -1.569082 -1.348744
  2   2.262337 0.113614 0.064702 0.000304 -0.027911 -0.016710
  3   2.380047 0.353302 0.047440 -0.008836 -0.063918 -0.028384
  4   2.033756 0.190472 -0.000128 0.003789 -0.020338 -0.139830
  5   2.451511 0.204909 -0.003447 -0.031290 0.073485 -0.012643
  6   7.247600 -0.397300 -0.109469 0.000001 -0.000003 0.156829
  7   -2.022252 -0.104661 3.136172 0.517256 -1.343355 -3.674774
  8   1.168026 -0.537438 -0.063437 0.375171 0.990956 0.516522
  9   6.790376 -0.619176 0.015206 -0.179413 0.179113 -0.362622
 10   8.637599 0.544015 -0.090417 -1.500805 0.180913 -0.286459
 11   6.790465 -0.619039 0.017802 -0.163987 0.183857 -0.269313
 12   -2.022474 -0.104699 -2.873818 -1.620909 1.477112 -4.771424
 13   1.167898 -0.537463 0.063297 -0.726090 -1.164209 0.643151
 14   7.002743 -0.617765 -0.183752 0.066727 -0.147333 -0.241247
 15   8.209042 0.615527 -0.255885 1.747115 -0.188455 0.226470
 16   7.002735 -0.617911 -0.183641 0.073471 -0.149109 -0.189136
 17   1.574674 0.609930 -0.000899 -0.008368 -0.165660 0.237023
 18   -0.602177 0.511412 -0.000006 0.000000 0.000000 0.000000
 19   3.677679 0.177020 1.119313 -0.000002 -0.000014 -0.174510
 20   3.673767 0.176993 -1.117566 0.000007 -0.000003 -0.174546
 21   3.942357 1.334540 1.627658 0.000002 -0.000011 -0.000026
 22   -0.246060 -0.011889 0.516521 -0.000011 0.000031 0.000025
 23   3.942374 1.334565 -1.631083 0.000019 0.000002 -0.000024
 24   -0.246150 -0.011872 -0.516511 -0.000005 -0.000006 0.000048
 25   4.941364 1.997338 1.629330 0.000018 -0.000001 -0.000024
 26   4.941382 1.997366 -1.629410 -0.000001 0.000005 -0.000024
 27   2.914462 1.619264 1.514501 -0.000019 -0.000022 -0.000050
 28   2.916892 1.618870 -1.501142 -0.000002 -0.000009 -0.000024
 29   8.824059 0.150544 0.091743 0.095635 -0.246323 0.073213
 30   2.048583 -0.713527 1.772601 -0.122497 -0.139885 -0.065871
 31   2.324421 -0.565195 -1.587966 -0.163730 -0.278000 0.133298
 32   -0.814395 -0.093824 3.127092 -0.068810 -3.102262 -0.185509
 33   14.310391 -0.408176 0.471578 0.011717 0.016619 -0.434972
 34   15.843608 0.581398 0.242756 -0.052774 0.036435 -0.178797
 35   -0.815868 -0.091229 -3.114430 0.147437 3.163642 -0.165435
 36   14.282807 -0.410349 -0.471447 0.009692 -0.016024 -0.407242
 37   15.826596 0.579420 -0.284600 0.214062 -0.008354 -0.030991
 38   0.760767 -3.379528 -2.788656 0.025617 0.126398 0.002750
 39   -4.641342 -1.019697 -0.582112 0.013051 0.065064 0.000869
 40   1.497019 -3.523990 3.225571 0.025617 0.126400 0.002199
 41   -4.113518 -1.121632 1.096289 0.013050 0.065064 0.000869
 42   -0.563715 1.693396 -2.399543 0.024772 0.104660 -0.004475
 43   -0.519532 1.686859 3.213137 0.060271 0.251614 -0.003848
time 7
  0   -0.010486 0.000000 3.164530 0.000000 0.000000 -1.571069
  1   -1.093036 0.000002 1.521656 -0.221665 -1.569082 -1.348744
  2   2.262337 0.113614 0.064702 0.000394 -0.033448 -0.016710
  3   2.380047 0.353302 0.047440 -0.008236 -0.077257 -0.028425
  4   2.033756 0.190472 -0.000128 0.004582 -0.024616 -0.139902
  5   2.451511 0.204909 -0.003447 -0.034371 0.088903 -0.012643
  6   7.247600 -0.397300 -0.109469 0.000001 -0.000003 0.156829
  7   -2.022252 -0.104661 3.136172 0.588766 -1.365927 -3.743615
  8   1.168026 -0.537438 -0.063437 0.355934 1.010679 0.492293
  9   6.790376 -0.619176 0.015206 -0.217083 0.216688 -0.364358
 10   8.637599 0.544015 -0.090417 -1.500805 0.180913 -0.286459
 11   6.790465 -0.619039 0.017802 -0.198001 0.224733 -0.270639
 12   -2.022474 -0.104699 -2.873818 -1.948282 1.468579 -5.098668
 13   1.167898 -0.537463 0.063297 -0.810445 -1.155665 0.713856
 14   7.002743 -0.617765 -0.183752 0.080846 -0.178281 -0.242979
 15   8.209042 0.615527 -0.255885 1.747115 -0.188455 0.226470
 16   7.002735 -0.617911 -0.183641 0.085993 -0.180743 -0.190737
 17   1.574674 0.609930 -0.000899 -0.015639 -0.201941 0.236875
 18   -0.602177 0.511412 -0.000006 0.000000 0.000000 0.000000
 19   3.677679 0.177020 1.119313 -0.000002 -0.000014 -0.174510
 20   3.673767 0.176993 -1.117566 0.000007 -0.000003 -0.174546
 21   3.942357 1.334540 1.627658 0.000002 -0.000011 -0.000026
 22   -0.246060 -0.011889 0.516521 -0.000011 0.000031 0.000025
 23   3.942374 1.334565 -1.631083 0.000019 0.000002 -0.000024
 24   -0.246150 -0.011872 -0.516511 -0.000005 -0.000006 0.000048
 25   4.941364 1.997338 1.629330 0.000018 -0.000001 -0.000024
 26   4.941382 1.997366 -1.629410 -0.000001 0.000005 -0.000024
 27   2.914462 1.619264 1.514501 -0.000019 -0.000022 -0.000050
 28   2.916892 1.618870 -1.501142 -0.000002 -0.000009 -0.000024
 29   8.824059 0.150544 0.091743 0.115777 -0.297953 0.129275
 30   2.036864 -0.744778 1.764788 -0.148194 -0.169120 -0.079723
 31   2.367391 -0.565195 -1.533277 -0.198096 -0.336356 0.161283
 32   -0.814395 -0.093824 3.127092 -0.068810 -3.102358 -0.207937
 33   14.314299 -0.408176 0.471578 0.011993 0.018739 -0.461412
 34   15.843608 0.581398 0.242756 -0.051969 0.039754 -0.227486
 35   -0.815868 -0.091229 -3.114430 0.147437 3.163642 -0.187894
 36   14.278900 -0.410349 -0.471447 0.011718 -0.019427 -0.433505
 37   15.826596 0.579420 -0.284600 0.217017 -0.014881 -0.079310
 38   0.682640 -3.363903 -2.780843 0.031005 0.152934 0.003361
 39   -4.676499 -1.011884 -0.550862 0.015796 0.078715 0.001066
 40   1.575146 -3.539616 3.217758 0.031005 0.152935 0.002810
 41   -4.047109 -1.137257 1.123634 0.015795 0.078715 0.001066
 42   -0.544183 1.693396 -2.340947 0.029973 0.126632 -0.005395
 43   -0.488281 1.682953 3.287358 0.072928 0.304416 -0.004684
time 8
  0   -0.010486 0.000000 3.324691 0.000000 0.000000 -1.571069
  1   -1.093036 0.000002 1.783382 -0.221665 -1.569082 -1.348744
  2   2.262337 0.113614 0.064702 0.000470 -0.038002 -0.016710
  3   2.380047 0.353302 0.047440 -0.007741 -0.088247 -0.028445
  4   2.033756 0.190472 -0.000128 0.005228 -0.028140 -0.139975
  5   2.451511 0.204909 -0.003447 -0.036904 0.101607 -0.012618
  6   7.247600 -0.397300 -0.109469 0.000001 -0.000003 0.156829
  7   -2.022252 -0.104661 3.136172 0.664781 -1.382993 -3.817715
  8   1.168026 -0.537438 -0.063437 0.339608 1.026780 0.471733
  9   6.790376 -0.619176 0.015206 -0.248096 0.247655 -0.365792
 10   8.637599 0.544015 -0.090417 -1.500805 0.180913 -0.286459
 11   6.790465 -0.619039 0.017802 -0.226000 0.258388 -0.271677
 12   -2.022474 -0.104699 -2.873818 -2.165572 1.454879 -5.314564
 13   1.167898 -0.537463 0.063297 -0.877930 -1.147884 0.770274
 14   7.002743 -0.617765 -0.183752 0.092517 -0.203777 -0.244464
 15   8.209042 0.615527 -0.255885 1.747115 -0.188455 0.226470
 16   7.002735 -0.617911 -0.183641 0.096303 -0.206794 -0.192061
 17   1.574674 0.609930 -0.000899 -0.021651 -0.231833 0.236801
 18   -0.602177 0.511412 -0.000006 0.000000 0.000000 0.000000
 19   3.677679 0.177020 1.119313 -0.000002 -0.000014 -0.174510
 20   3.673767 0.176993 -1.117566 0.000007 -0.000003 -0.174546
 21   3.942357 1.334540 1.627658 0.000002 -0.000011 -0.000026
 22   -0.246060 -0.011889 0.516521 -0.000011 0.000031 0.000025
 23   3.942374 1.334565 -1.631083 0.000019 0.000002 -0.000024
 24   -0.246150 -0.011872 -0.516511 -0.000005 -0.000006 0.000048
 25   4.941364 1.997338 1.629330 0.000018 -0.000001 -0.000024
 26   4.941382 1.997366 -1.629410 -0.000001 0.000005 -0.000024
 27   2.914462 1.619264 1.514501 -0.000019 -0.000022 -0.000050
 28   2.916892 1.618870 -1.501142 -0.000002 -0.000009 -0.000024
 29   8.824059 0.150544 0.091743 0.132265 -0.340492 0.178578
 30   2.025145 -0.772123 1.756975 -0.169375 -0.193183 -0.091109
 31   2.402549 -0.565195 -1.486400 -0.226396 -0.384403 0.184336
 32   -0.814395 -0.093824 3.127092 -0.068903 -3.102358 -0.226436
 33   14.318205 -0.412082 0.471578 0.012232 0.020510 -0.483167
 34   15.847514 0.581398 0.242756 -0.051302 0.042439 -0.267575
 35   -0.815868 -0.091229 -3.114430 0.147437 3.163642 -0.206354
 36   14.274994 -0.410349 -0.471447 0.013371 -0.022244 -0.455057
 37   15.822690 0.579420 -0.284600 0.219440 -0.020205 -0.119111
 38   0.616232 -3.352183 -2.773030 0.035426 0.174781 0.003911
 39   -4.711656 -1.007978 -0.519611 0.018049 0.089968 0.001206
 40   1.641554 -3.551335 3.209945 0.035426 0.174783 0.003421
 41   -3.992420 -1.145070 1.147072 0.018048 0.089968 0.001206
 42   -0.528558 1.693396 -2.290164 0.034264 0.144724 -0.006148
 43   -0.460937 1.682953 3.345954 0.083348 0.347912 -0.005353
time 9
  0   -0.010486 0.000000 3.434070 0.000000 0.000000 -1.571069
  1   -1.093036 0.000002 1.963075 -0.221665 -1.569082 -1.348744
  2   2.262337 0.113614 0.064702 0.000521 -0.041082 -0.016710
  3   2.380047 0.353302 0.047440 -0.007410 -0.095713 -0.028445
  4   2.033756 0.190472 -0.000128 0.005689 -0.030525 -0.140011
  5   2.451511 0.204909 -0.003447 -0.038633 0.110223 -0.012618
  6   7.247600 -0.397300 -0.109469 0.000001 -0.000003 0.156829
  7   -2.022252 -0.104661 3.136172 0.732361 -1.392765 -3.884302
  8   1.168026 -0.537438 -0.063437 0.328280 1.037648 0.457500
  9   6.790376 -0.619176 0.015206 -0.269123 0.268678 -0.366698
 10   8.637599 0.544015 -0.090417 -1.500805 0.180913 -0.286459
 11   6.790465 -0.619039 0.017802 -0.245007 0.281242 -0.272369
 12   -2.022474 -0.104699 -2.873818 -2.285427 1.443125 -5.431368
 13   1.167898 -0.537463 0.063297 -0.922708 -1.142290 0.807624
 14   7.002743 -0.617765 -0.183752 0.100431 -0.221096 -0.245455
 15   8.209042 0.615527 -0.255885 1.747115 -0.188455 0.226470
 16   7.002735 -0.617911 -0.183641 0.103364 -0.224444 -0.192999
 17   1.574674 0.609930 -0.000899 -0.025713 -0.252115 0.236727
 18   -0.602177 0.511412 -0.000006 0.000000 0.000000 0.000000
 19   3.677679 0.177020 1.119313 -0.000002 -0.000014 -0.174510
 20   3.673767 0.176993 -1.117566 0.000007 -0.000003 -0.174546
 21   3.938451 1.334540 1.627658 0.000002 -0.000011 -0.000026
 22   -0.246060 -0.011889 0.516521 -0.000011 0.000031 0.000025
 23   3.942374 1.334565 -1.631083 0.000019 0.000002 -0.000024
 24   -0.246150 -0.011872 -0.516511 -0.000005 -0.000006 0.000048
 25   4.941364 1.997338 1.629330 0.000018 -0.000001 -0.000024
 26   4.941382 1.997366 -1.629410 -0.000001 0.000005 -0.000024
 27   2.914462 1.619264 1.514501 -0.000019 -0.000022 -0.000050
 28   2.916892 1.618870 -1.501142 -0.000002 -0.000009 -0.000024
 29   8.824059 0.150544 0.091743 0.143495 -0.369357 0.217097
 30   2.017332 -0.791655 1.745256 -0.183735 -0.209515 -0.098850
 31   2.425987 -0.569102 -1.455149 -0.245610 -0.417013 0.199966
 32   -0.814395 -0.093824 3.127092 -0.068997 -3.102358 -0.238959
 33   14.318205 -0.412082 0.471578 0.012388 0.021699 -0.497935
 34   15.847514 0.581398 0.242756 -0.050842 0.044244 -0.294787
 35   -0.815868 -0.091229 -3.114430 0.147437 3.163736 -0.218898
 36   14.274994 -0.406443 -0.471447 0.014498 -0.024161 -0.469733
 37   15.822690 0.579420 -0.284600 0.221076 -0.023788 -0.146084
 38   0.569355 -3.340464 -2.769124 0.038436 0.189604 0.004278
 39   -4.731188 -1.004071 -0.500079 0.019583 0.097603 0.001318
 40   1.688431 -3.563054 3.198226 0.038436 0.189605 0.004032
 41   -3.953356 -1.152883 1.162697 0.019582 0.097603 0.001318
 42   -0.516839 1.693396 -2.255007 0.037164 0.157005 -0.006692
 43   -0.445311 1.679046 3.385018 0.090420 0.377412 -0.005813
time 10
  0   -0.010486 0.000000 3.473133 0.000000 0.000000 -1.571069
  1   -1.093036 0.000002 2.029484 -0.221665 -1.569082 -1.348744
  2   2.262337 0.113614 0.064702 0.000546 -0.042221 -0.016710
  3   2.380047 0.353302 0.047440 -0.007275 -0.098458 -0.028466
  4   2.033756 0.190472 -0.000128 0.005836 -0.031412 -0.140011
  5   2.451511 0.204909 -0.003447 -0.039266 0.113396 -0.012618
  6   7.247600 -0.397300 -0.109469 0.000001 -0.000003 0.156829
  7   -2.022252 -0.104661 3.136172 0.774251 -1.393860 -3.926188
  8   1.168026 -0.537438 -0.063437 0.324041 1.041623 0.452186
  9   6.790376 -0.619176 0.015206 -0.276890 0.276420 -0.367075
 10   8.637599 0.544015 -0.090417 -1.500805 0.180913 -0.286459
 11   6.790465 -0.619039 0.017802 -0.252014 0.289656 -0.272658
 12   -2.022474 -0.104699 -2.873818 -2.328157 1.438423 -5.469090
 13   1.167898 -0.537463 0.063297 -0.939017 -1.140155 0.821184
 14   7.002743 -0.617765 -0.183752 0.103391 -0.227456 -0.245867
 15   8.209042 0.615527 -0.255885 1.747115 -0.188455 0.226470
 16   7.002735 -0.617911 -0.183641 0.105954 -0.230985 -0.193331
 17   1.574674 0.609930 -0.000899 -0.027216 -0.259594 0.236727
 18   -0.602177 0.511412 -0.000006 0.000000 0.000000 0.000000
 19   3.677679 0.177020 1.119313 -0.000002 -0.000014 -0.174510
 20   3.673767 0.176993 -1.117566 0.000007 -0.000003 -0.174546
 21   3.938451 1.334540 1.627658 0.000002 -0.000011 -0.000026
 22   -0.246060 -0.011889 0.516521 -0.000011 0.000031 0.000025
 23   3.942374 1.334565 -1.631083 0.000019 0.000002 -0.000024
 24   -0.246150 -0.011872 -0.516511 -0.000005 -0.000006 0.000048
 25   4.941364 1.997338 1.629330 0.000018 -0.000001 -0.000024
 26   4.941382 1.997366 -1.629410 -0.000001 0.000005 -0.000024
 27   2.914462 1.619264 1.514501 -0.000019 -0.000022 -0.000050
 28   2.916892 1.618870 -1.501142 -0.000002 -0.000009 -0.000024
 29   8.824059 0.150544 0.091743 0.147683 -0.379992 0.240702
 30   2.013426 -0.799468 1.725724 -0.189024 -0.215530 -0.101702
 31   2.433800 -0.569102 -1.447337 -0.252688 -0.429031 0.205734
 32   -0.814395 -0.093824 3.127092 -0.068997 -3.102358 -0.243570
 33   14.318205 -0.412082 0.471578 0.012436 0.022151 -0.503413
 34   15.847514 0.581398 0.242756 -0.050681 0.044903 -0.304842
 35   -0.815868 -0.091229 -3.114430 0.147437 3.163736 -0.223499
 36   14.274994 -0.406443 -0.471447 0.014917 -0.024856 -0.475140
 37   15.822690 0.579420 -0.284600 0.221687 -0.025093 -0.156072
 38   0.553730 -3.336558 -2.769124 0.039551 0.195063 0.004522
 39   -4.739001 -1.000165 -0.496172 0.020146 0.100407 0.001346
 40   1.704056 -3.566960 3.182601 0.039551 0.195064 0.004521
 41   -3.941637 -1.156789 1.170510 0.020145 0.100407 0.001346
 42   -0.512932 1.693396 -2.243288 0.038231 0.161528 -0.006901
 43   -0.437499 1.679046 3.400643 0.093018 0.388286 -0.005981
time 11
  0   -0.010486 0.000000 3.434070 0.000000 0.000000 -1.571069
  1   -1.093036 0.000002 1.963075 -0.221665 -1.569082 -1.348744
  2   2.262337 0.113614 0.064702 0.000546 -0.042185 -0.016710
  3   2.380047 0.353302 0.047440 -0.007335 -0.097391 -0.028445
  4   2.033756 0.190472 -0.000128 0.005689 -0.030525 -0.140011
  5   2.451511 0.204909 -0.003447 -0.038633 0.110223 -0.012618
  6   7.247600 -0.397300 -0.109469 0.000001 -0.000003 0.156829
  7   -2.022252 -0.104661 3.136172 0.773484 -1.385760 -3.933326
  8   1.168026 -0.537438 -0.063437 0.326762 1.037799 0.456424
  9   6.790376 -0.619176 0.015206 -0.269234 0.268678 -0.366698
 10   8.637599 0.544015 -0.090417 -1.500805 0.180913 -0.286459
 11   6.790465 -0.619039 0.017802 -0.245240 0.281242 -0.272369
 12   -2.022474 -0.104699 -2.873818 -2.311295 1.442689 -5.443336
 13   1.167898 -0.537463 0.063297 -0.928824 -1.141375 0.813194
 14   7.002743 -0.617765 -0.183752 0.099861 -0.221437 -0.242732
 15   8.209042 0.615527 -0.255885 1.747115 -0.188455 0.226470
 16   7.002735 -0.617911 -0.183641 0.102705 -0.224782 -0.190240
 17   1.574674 0.609930 -0.000899 -0.024617 -0.246837 0.236986
 18   -0.602177 0.511412 -0.000006 0.000000 0.000000 0.000000
 19   3.677679 0.177020 1.119313 -0.000002 -0.000014 -0.174510
 20   3.673767 0.176993 -1.117566 0.000007 -0.000003 -0.174546
 21   3.938451 1.334540 1.627658 0.000002 -0.000011 -0.000026
 22   -0.246060 -0.011889 0.516521 -0.000011 0.000031 0.000025
 23   3.942374 1.334565 -1.631083 0.000019 0.000002 -0.000024
 24   -0.246150 -0.011872 -0.516511 -0.000005 -0.000006 0.000048
 25   4.941364 1.997338 1.629330 0.000018 -0.000001 -0.000024
 26   4.941382 1.997366 -1.629410 -0.000001 0.000005 -0.000024
 27   2.914462 1.619264 1.514501 -0.000019 -0.000022 -0.000050
 28   2.916892 1.618870 -1.501142 -0.000002 -0.000009 -0.000024
 29   8.824059 0.150544 0.091743 0.140643 -0.357251 0.254061
 30   2.025145 -0.791655 1.702286 -0.175599 -0.197019 -0.092417
 31   2.422081 -0.561289 -1.462962 -0.241182 -0.409268 0.204679
 32   -0.814395 -0.093824 3.127092 -0.068997 -3.102358 -0.238959
 33   14.318205 -0.412082 0.471578 0.012388 0.021699 -0.497935
 34   15.847514 0.581398 0.242756 -0.055649 0.044586 -0.295316
 35   -0.815868 -0.091229 -3.114430 0.147437 3.163736 -0.218898
 36   14.274994 -0.406443 -0.471447 0.014498 -0.024161 -0.469733
 37   15.822690 0.579420 -0.284600 0.214180 -0.022790 -0.147098
 38   0.588887 -3.344371 -2.773030 0.037067 0.182879 0.004644
 39   -4.723375 -1.004071 -0.500079 0.019103 0.095230 0.001346
 40   1.668899 -3.559147 3.163069 0.036878 0.181953 0.005010
 41   -3.965075 -1.152883 1.162697 0.019102 0.095230 0.001346
 42   -0.516839 1.693396 -2.251101 0.037811 0.160010 -0.006775
 43   -0.445311 1.679046 3.392830 0.091432 0.381947 -0.005897
time 12
  0   -0.010486 0.000000 3.324691 0.000000 0.000000 -1.571069
  1   -1.093036 0.000002 1.783382 -0.221665 -1.569082 -1.348744
  2   2.262337 0.113614 0.064702 0.000534 -0.041897 -0.016710
  3   2.380047 0.353302 0.047440 -0.007471 -0.094239 -0.028445
  4   2.033756 0.190472 -0.000128 0.005228 -0.028140 -0.139975
  5   2.451511 0.204909 -0.003447 -0.036904 0.101607 -0.012618
  6   7.247600 -0.397300 -0.109469 0.000001 -0.000003 0.156829
  7   -2.022252 -0.104661 3.136172 0.733991 -1.369934 -3.913885
  8   1.168026 -0.537438 -0.063437 0.334292 1.027333 0.467938
  9   6.790376 -0.619176 0.015206 -0.248318 0.247655 -0.365792
 10   8.637599 0.544015 -0.090417 -1.500805 0.180913 -0.286459
 11   6.790465 -0.619039 0.017802 -0.226817 0.258388 -0.271677
 12   -2.022474 -0.104699 -2.873818 -2.243942 1.453951 -5.362339
 13   1.167898 -0.537463 0.063297 -0.900073 -1.144681 0.790372
 14   7.002743 -0.617765 -0.183752 0.090297 -0.205083 -0.234399
 15   8.209042 0.615527 -0.255885 1.747115 -0.188455 0.226470
 16   7.002735 -0.617911 -0.183641 0.093996 -0.207979 -0.181961
 17   1.574674 0.609930 -0.000899 -0.017589 -0.212189 0.237762
 18   -0.602177 0.511412 -0.000006 0.000000 0.000000 0.000000
 19   3.677679 0.177020 1.119313 -0.000002 -0.000014 -0.174510
 20   3.673767 0.176993 -1.117566 0.000007 -0.000003 -0.174546
 21   3.938451 1.334540 1.627658 0.000002 -0.000011 -0.000026
 22   -0.246060 -0.011889 0.516521 -0.000011 0.000031 0.000025
 23   3.942374 1.334565 -1.631083 0.000019 0.000002 -0.000024
 24   -0.246150 -0.011872 -0.516511 -0.000005 -0.000006 0.000048
 25   4.941364 1.997338 1.629330 0.000018 -0.000001 -0.000024
 26   4.941382 1.997366 -1.629410 -0.000001 0.000005 -0.000024
 27   2.914462 1.619264 1.514501 -0.000019 -0.000022 -0.000050
 28   2.916892 1.618870 -1.501142 -0.000002 -0.000009 -0.000024
 29   8.824059 0.150544 0.091743 0.121570 -0.295579 0.264790
 30   2.056396 -0.772123 1.659316 -0.139122 -0.146772 -0.067265
 31   2.379110 -0.553476 -1.509838 -0.209956 -0.355653 0.201604
 32   -0.814395 -0.093824 3.127092 -0.068903 -3.102358 -0.226436
 33   14.318205 -0.412082 0.471578 0.012232 0.020510 -0.483167
 34   15.847514 0.581398 0.242756 -0.069290 0.043708 -0.269472
 35   -0.815868 -0.091229 -3.114430 0.147437 3.163642 -0.206354
 36   14.274994 -0.410349 -0.471447 0.013371 -0.022244 -0.455057
 37   15.822690 0.579420 -0.284600 0.193847 -0.016417 -0.122710
 38   0.686546 -3.363903 -2.784749 0.030353 0.149789 0.004766
 39   -4.676499 -1.011884 -0.519611 0.016287 0.081172 0.001290
 40   1.579053 -3.539616 3.139631 0.029616 0.146356 0.005437
 41   -4.027577 -1.141164 1.147072 0.016286 0.081172 0.001290
 42   -0.528558 1.693396 -2.266726 0.036577 0.155441 -0.006524
 43   -0.460937 1.682953 3.377205 0.086971 0.363996 -0.005688
time 13
  0   -0.010486 0.000000 3.164530 0.000000 0.000000 -1.571069
  1   -1.093036 0.000002 1.521656 -0.221665 -1.569082 -1.348744
  2   2.262337 0.113614 0.064702 0.000521 -0.041130 -0.016710
  3   2.380047 0.353302 0.047440 -0.007696 -0.089038 -0.028425
  4   2.033756 0.190472 -0.000128 0.004582 -0.024616 -0.139902
  5   2.451511 0.204909 -0.003447 -0.034371 0.088903 -0.012643
  6   7.247600 -0.397300 -0.109469 0.000001 -0.000003 0.156829
  7   -2.022252 -0.104661 3.136172 0.671491 -1.348285 -3.880263
  8   1.168026 -0.537438 -0.063437 0.345619 1.011786 0.484955
  9   6.790376 -0.619176 0.015206 -0.217527 0.216688 -0.364358
 10   8.637599 0.544015 -0.090417 -1.500805 0.180913 -0.286459
 11   6.790465 -0.619039 0.017802 -0.199606 0.224733 -0.270639
 12   -2.022474 -0.104699 -2.873818 -2.106076 1.469014 -5.207621
 13   1.167898 -0.537463 0.063297 -0.855154 -1.149715 0.754414
 14   7.002743 -0.617765 -0.183752 0.076177 -0.181006 -0.222023
 15   8.209042 0.615527 -0.255885 1.747115 -0.188455 0.226470
 16   7.002735 -0.617911 -0.183641 0.081144 -0.183224 -0.169763
 17   1.574674 0.609930 -0.000899 -0.007271 -0.161163 0.238908
 18   -0.602177 0.511412 -0.000006 0.000000 0.000000 0.000000
 19   3.677679 0.177020 1.119313 -0.000002 -0.000014 -0.174510
 20   3.673767 0.176993 -1.117566 0.000007 -0.000003 -0.174546
 21   3.938451 1.334540 1.627658 0.000002 -0.000011 -0.000026
 22   -0.246060 -0.011889 0.516521 -0.000011 0.000031 0.000025
 23   3.942374 1.334565 -1.631083 0.000019 0.000002 -0.000024
 24   -0.246150 -0.011872 -0.516511 -0.000005 -0.000006 0.000048
 25   4.941364 1.997338 1.629330 0.000018 -0.000001 -0.000024
 26   4.941382 1.997366 -1.629410 -0.000001 0.000005 -0.000024
 27   2.914462 1.619264 1.514501 -0.000019 -0.000022 -0.000050
 28   2.916892 1.618870 -1.501142 -0.000002 -0.000009 -0.000024
 29   8.824059 0.150544 0.091743 0.093585 -0.204663 0.273106
 30   2.099366 -0.740872 1.608533 -0.085383 -0.072695 -0.030189
 31   2.324421 -0.533944 -1.576247 -0.163929 -0.276627 0.196636
 32   -0.814395 -0.093824 3.127092 -0.068810 -3.102358 -0.207937
 33   14.314299 -0.408176 0.471578 0.011993 0.018739 -0.461412
 34   15.843608 0.581398 0.242756 -0.089670 0.042317 -0.231367
 35   -0.815868 -0.091229 -3.114430 0.147437 3.163642 -0.187894
 36   14.278900 -0.410349 -0.471447 0.011718 -0.019427 -0.433505
 37   15.826596 0.579420 -0.284600 0.163880 -0.007049 -0.086813
 38   0.827175 -3.391247 -2.800375 0.020439 0.101020 0.004827
 39   -4.606184 -1.027509 -0.543049 0.012140 0.060462 0.001206
 40   1.446236 -3.512271 3.120099 0.018923 0.093887 0.005743
 41   -4.117424 -1.121632 1.119727 0.012139 0.060462 0.001206
 42   -0.544183 1.693396 -2.290164 0.034540 0.147744 -0.006064
 43   -0.488281 1.682953 3.345954 0.080050 0.336081 -0.005311
time 14
  0   -0.010486 0.000000 2.973118 0.000000 0.000000 -1.571069
  1   -1.093036 0.000002 1.201333 -0.221665 -1.569082 -1.348744
  2   2.262337 0.113614 0.064702 0.000495 -0.039620 -0.016710
  3   2.380047 0.353302 0.047440 -0.008026 -0.081871 -0.028384
  4   2.033756 0.190472 -0.000128 0.003789 -0.020338 -0.139830
  5   2.451511 0.204909 -0.003447 -0.031290 0.073485 -0.012643
  6   7.247600 -0.397300 -0.109469 0.000001 -0.000003 0.156829
  7   -2.022252 -0.104661 3.136172 0.598831 -1.322542 -3.842415
  8   1.168026 -0.537438 -0.063437 0.359731 0.992717 0.505641
  9   6.790376 -0.619176 0.015206 -0.180134 0.179113 -0.362622
 10   8.637599 0.544015 -0.090417 -1.500805 0.180913 -0.286459
 11   6.790465 -0.619039 0.017802 -0.166439 0.183857 -0.269313
 12   -2.022474 -0.104699 -2.873818 -1.863971 1.483120 -4.946726
 13   1.167898 -0.537463 0.063297 -0.796245 -1.155869 0.706774
 14   7.002743 -0.617765 -0.183752 0.059098 -0.151762 -0.207007
 15   8.209042 0.615527 -0.255885 1.747115 -0.188455 0.226470
 16   7.002735 -0.617911 -0.183641 0.065609 -0.153113 -0.154916
 17   1.574674 0.609930 -0.000899 0.005281 -0.099180 0.240313
 18   -0.602177 0.511412 -0.000006 0.000000 0.000000 0.000000
 19   3.677679 0.177020 1.119313 -0.000002 -0.000014 -0.174510
 20   3.673767 0.176993 -1.117566 0.000007 -0.000003 -0.174546
 21   3.938451 1.334540 1.627658 0.000002 -0.000011 -0.000026
 22   -0.246060 -0.011889 0.516521 -0.000011 0.000031 0.000025
 23   3.942374 1.334565 -1.631083 0.000019 0.000002 -0.000024
 24   -0.246150 -0.011872 -0.516511 -0.000005 -0.000006 0.000048
 25   4.941364 1.997338 1.629330 0.000018 -0.000001 -0.000024
 26   4.941382 1.997366 -1.629410 -0.000001 0.000005 -0.000024
 27   2.914462 1.619264 1.514501 -0.000019 -0.000022 -0.000050
 28   2.916892 1.618870 -1.501142 -0.000002 -0.000009 -0.000024
 29   8.824059 0.150544 0.091743 0.059451 -0.094281 0.279329
 30   2.146242 -0.705715 1.553844 -0.020118 0.017191 0.014820
 31   2.254107 -0.510506 -1.662187 -0.108050 -0.180662 0.189886
 32   -0.814395 -0.093824 3.127092 -0.068810 -3.102262 -0.185509
 33   14.310391 -0.408176 0.471578 0.011717 0.016619 -0.434972
 34   15.843608 0.581398 0.242756 -0.114881 0.040413 -0.185148
 35   -0.815868 -0.091229 -3.114430 0.147437 3.163642 -0.165435
 36   14.282807 -0.410349 -0.471447 0.009692 -0.016024 -0.407242
 37   15.826596 0.579420 -0.284600 0.127490 0.004392 -0.043260
 38   0.999056 -3.426404 -2.819907 0.008420 0.041803 0.004889
 39   -4.524150 -1.043135 -0.574300 0.007095 0.035307 0.001122
 40   1.282169 -3.481020 3.096661 0.005936 0.030176 0.005987
 41   -4.230709 -1.098194 1.088476 0.007094 0.035307 0.001122
 42   -0.559809 1.693396 -2.329228 0.031735 0.136828 -0.005479
 43   -0.519532 1.686859 3.302984 0.071129 0.299865 -0.004810
time 15
  0   -0.010486 0.000000 2.762174 0.000000 0.000000 -1.571069
  1   -1.093036 0.000002 0.849760 -0.221665 -1.569082 -1.348744
  2   2.262337 0.113614 0.064702 0.000457 -0.037140 -0.016710
  3   2.380047 0.353302 0.047440 -0.008431 -0.072763 -0.028364
  4   2.033756 0.190472 -0.000128 0.002922 -0.015688 -0.139793
  5   2.451511 0.204909 -0.003447 -0.027952 0.056708 -0.012643
  6   7.247600 -0.397300 -0.109469 0.000001 -0.000003 0.156829
  7   -2.022252 -0.104661 3.136172 0.525404 -1.294695 -3.806445
  8   1.168026 -0.537438 -0.063437 0.375677 0.971736 0.528288
  9   6.790376 -0.619176 0.015206 -0.139356 0.138201 -0.360660
 10   8.637599 0.544015 -0.090417 -1.500805 0.180913 -0.286459
 11   6.790465 -0.619039 0.017802 -0.130178 0.139372 -0.267928
 12   -2.022474 -0.104699 -2.873818 -1.508240 1.489389 -4.571805
 13   1.167898 -0.537463 0.063297 -0.725668 -1.162632 0.649084
 14   7.002743 -0.617765 -0.183752 0.040595 -0.119906 -0.190671
 15   8.209042 0.615527 -0.255885 1.747115 -0.188455 0.226470
 16   7.002735 -0.617911 -0.183641 0.048756 -0.120408 -0.138800
 17   1.574674 0.609930 -0.000899 0.018930 -0.031729 0.241828
 18   -0.602177 0.511412 -0.000006 0.000000 0.000000 0.000000
 19   3.677679 0.177020 1.119313 -0.000002 -0.000014 -0.174510
 20   3.673767 0.176993 -1.117566 0.000007 -0.000003 -0.174546
 21   3.938451 1.334540 1.627658 0.000002 -0.000011 -0.000026
 22   -0.246060 -0.011889 0.516521 -0.000011 0.000031 0.000025
 23   3.942374 1.334565 -1.631083 0.000019 0.000002 -0.000024
 24   -0.246150 -0.011872 -0.516511 -0.000005 -0.000006 0.000048
 25   4.941364 1.997338 1.629330 0.000018 -0.000001 -0.000024
 26   4.941382 1.997366 -1.629410 -0.000001 0.000005 -0.000024
 27   2.914462 1.619264 1.514501 -0.000019 -0.000022 -0.000050
 28   2.916892 1.618870 -1.501142 -0.000002 -0.000009 -0.000024
 29   8.824059 0.150544 0.091743 0.022465 0.025810 0.283835
 30   2.204838 -0.670557 1.491342 0.050883 0.115068 0.063796
 31   2.175979 -0.483162 -1.752033 -0.047237 -0.076228 0.181480
 32   -0.814395 -0.093824 3.127092 -0.068717 -3.102262 -0.161147
 33   14.306485 -0.408176 0.471578 0.011417 0.014319 -0.406230
 34   15.839702 0.581398 0.242756 -0.143013 0.038095 -0.134827
 35   -0.815868 -0.091229 -3.114430 0.147525 3.163642 -0.141059
 36   14.286714 -0.410349 -0.471447 0.007499 -0.012332 -0.378662
 37   15.830503 0.579420 -0.284600 0.087868 0.016908 0.004146
 38   1.178749 -3.461562 -2.835532 -0.004652 -0.022619 0.004950
 39   -4.438210 -1.058760 -0.609457 0.001606 0.007934 0.001010
 40   1.110288 -3.449769 3.073222 -0.008167 -0.039139 0.006232
 41   -4.351806 -1.074755 1.057225 0.001605 0.007934 0.001010
 42   -0.579341 1.693396 -2.372198 0.028176 0.122630 -0.004768
 43   -0.550783 1.690765 3.252201 0.060646 0.256965 -0.004224
time 16
  0   -0.010486 0.000000 2.551230 0.000000 0.000000 -1.571069
  1   -1.093036 0.000002 0.502093 -0.221665 -1.569082 -1.348744
  2   2.262337 0.113614 0.064702 0.000394 -0.033448 -0.016710
  3   2.380047 0.353302 0.047440 -0.008926 -0.061797 -0.028323
  4   2.033756 0.190472 -0.000128 0.002037 -0.011038 -0.139721
  5   2.451511 0.204909 -0.003447 -0.024597 0.039932 -0.012668
  6   7.247600 -0.397300 -0.109469 0.000001 -0.000003 0.156829
  7   -2.022252 -0.104661 3.136172 0.457153 -1.266876 -3.775359
  8   1.168026 -0.537438 -0.063437 0.392700 0.950352 0.551378
  9   6.790376 -0.619176 0.015206 -0.098468 0.097289 -0.358774
 10   8.637599 0.544015 -0.090417 -1.500805 0.180913 -0.286459
 11   6.790465 -0.619039 0.017802 -0.093682 0.094886 -0.266544
 12   -2.022474 -0.104699 -2.873818 2.009700 1.659034 -1.035320
 13   1.167898 -0.537463 0.063297 -0.645811 -1.169447 0.582919
 14   7.002743 -0.617765 -0.183752 0.022034 -0.088107 -0.174335
 15   8.209042 0.615527 -0.255885 1.747115 -0.188455 0.226470
 16   7.002735 -0.617911 -0.183641 0.031950 -0.087646 -0.122629
 17   1.574674 0.609930 -0.000899 0.032619 0.035698 0.243307
 18   -0.602177 0.511412 -0.000006 0.000000 0.000000 0.000000
 19   3.677679 0.177020 1.119313 -0.000002 -0.000014 -0.174510
 20   3.673767 0.176993 -1.117566 0.000007 -0.000003 -0.174546
 21   3.942357 1.334540 1.627658 0.000002 -0.000011 -0.000026
 22   -0.246060 -0.011889 0.516521 -0.000011 0.000031 0.000025
 23   3.942374 1.334565 -1.631083 0.000019 0.000002 -0.000024
 24   -0.246150 -0.011872 -0.516511 -0.000005 -0.000006 0.000048
 25   4.941364 1.997338 1.629330 0.000018 -0.000001 -0.000024
 26   4.941382 1.997366 -1.629410 -0.000001 0.000005 -0.000024
 27   2.914462 1.619264 1.514501 -0.000019 -0.000022 -0.000050
 28   2.916892 1.618870 -1.501142 -0.000002 -0.000009 -0.000024
 29   8.824059 0.150544 0.091743 -0.014521 0.145924 0.286786
 30   2.263433 -0.631494 1.436653 0.121898 0.212917 0.112772
 31   2.101758 -0.455817 -1.841880 0.013560 0.028155 0.171509
 32   -0.814395 -0.093824 3.127092 -0.068717 -3.102262 -0.136727
 33   14.306485 -0.408176 0.471578 0.011118 0.012044 -0.377409
 34   15.839702 0.581398 0.242756 -0.172157 0.035410 -0.084506
 35   -0.815868 -0.091229 -3.114430 0.147525 3.163642 -0.116628
 36   14.286714 -0.410349 -0.471447 0.005294 -0.008653 -0.350082
 37   15.830503 0.579420 -0.284600 0.048267 0.029450 0.051501
 38   1.366254 -3.496719 -2.858970 -0.017723 -0.087053 0.004950
 39   -4.348364 -1.074386 -0.644614 -0.003859 -0.019427 0.000897
 40   0.934502 -3.414612 3.053690 -0.022291 -0.108466 0.006415
 41   -4.468997 -1.055224 1.022068 -0.003860 -0.019427 0.000897
 42   -0.602779 1.697302 -2.422981 0.023897 0.105090 -0.003931
 43   -0.585941 1.694672 3.193605 0.049027 0.209059 -0.003513
time 17
  0   -0.010486 0.000000 2.359818 0.000000 0.000000 -1.571069
  1   -1.093036 0.000002 0.181771 -0.221665 -1.569082 -1.348744
  2   2.262337 0.113614 0.064702 0.000317 -0.028283 -0.016710
  3   2.380047 0.353302 0.047440 -0.009496 -0.049009 -0.028303
  4   2.033756 0.190472 -0.000128 0.001244 -0.006771 -0.139648
  5   2.451511 0.204909 -0.003447 -0.021516 0.024513 -0.012668
  6   7.247600 -0.397300 -0.109469 0.000001 -0.000003 0.156829
  7   -2.022252 -0.104661 3.136172 0.398104 -1.241307 -3.750283
  8   1.168026 -0.537438 -0.063437 0.410165 0.930327 0.573582
  9   6.790376 -0.619176 0.015206 -0.060853 0.059648 -0.357038
 10   8.637599 0.544015 -0.090417 -1.500805 0.180913 -0.286459
 11   6.790465 -0.619039 0.017802 -0.059756 0.054011 -0.265275
 12   -2.022474 -0.104699 -2.873818 2.289457 1.677203 -0.739192
 13   1.167898 -0.537463 0.063297 -0.559488 -1.175855 0.510217
 14   7.002743 -0.617765 -0.183752 0.005069 -0.058863 -0.159319
 15   8.209042 0.615527 -0.255885 1.747115 -0.188455 0.226470
 16   7.002735 -0.617911 -0.183641 0.016509 -0.057591 -0.107837
 17   1.574674 0.609930 -0.000899 0.045171 0.097681 0.244711
 18   -0.602177 0.511412 -0.000006 0.000000 0.000000 0.000000
 19   3.677679 0.177020 1.119313 -0.000002 -0.000014 -0.174510
 20   3.673767 0.176993 -1.117566 0.000007 -0.000003 -0.174546
 21   3.938451 1.334540 1.627658 0.000002 -0.000011 -0.000026
 22   -0.246060 -0.011889 0.516521 -0.000011 0.000031 0.000025
 23   3.942374 1.334565 -1.631083 0.000019 0.000002 -0.000024
 24   -0.246150 -0.011872 -0.516511 -0.000005 -0.000006 0.000048
 25   4.941364 1.997338 1.629330 0.000018 -0.000001 -0.000024
 26   4.941382 1.997366 -1.629410 -0.000001 0.000005 -0.000024
 27   2.914462 1.619264 1.514501 -0.000019 -0.000022 -0.000050
 28   2.916892 1.618870 -1.501142 -0.000002 -0.000009 -0.000024
 29   8.824059 0.150544 0.091743 -0.048655 0.256306 0.288610
 30   2.318122 -0.596336 1.381964 0.187163 0.302861 0.157781
 31   2.031444 -0.432379 -1.923914 0.069439 0.124120 0.160136
 32   -0.814395 -0.093824 3.127092 -0.068717 -3.102358 -0.114300
 33   14.302579 -0.408176 0.471578 0.010842 0.009963 -0.350969
 34   15.835795 0.581398 0.242756 -0.200428 0.032482 -0.038286
 35   -0.815868 -0.091229 -3.114430 0.147613 3.163642 -0.094224
 36   14.290620 -0.410349 -0.471447 0.003268 -0.005285 -0.323819
 37   15.834409 0.579420 -0.284600 0.011837 0.041045 0.094902
 38   1.538135 -3.531876 -2.878502 -0.029763 -0.146270 0.005011
 39   -4.262424 -1.093918 -0.675865 -0.008905 -0.044571 0.000757
 40   0.770434 -3.383361 3.034159 -0.035278 -0.172178 0.006537
 41   -4.582282 -1.031785 0.990817 -0.008906 -0.044571 0.000757
 42   -0.622311 1.697302 -2.481576 0.018912 0.084130 -0.003053
 43   -0.617192 1.694672 3.123291 0.036708 0.157748 -0.002718
time 18
  0   -0.010486 0.000000 2.199657 0.000000 0.000000 -1.571069
  1   -1.093036 0.000002 -0.083862 -0.221665 -1.569082 -1.348744
  2   2.262337 0.113614 0.064702 0.000202 -0.021416 -0.016710
  3   2.380047 0.353302 0.047440 -0.010141 -0.034460 -0.028282
  4   2.033756 0.190472 -0.000128 0.000599 -0.003248 -0.139612
  5   2.451511 0.204909 -0.003447 -0.018983 0.011810 -0.012668
  6   7.247600 -0.397300 -0.109469 0.000001 -0.000003 0.156829
  7   -2.022252 -0.104661 3.136172 0.351613 -1.220205 -3.731781
  8   1.168026 -0.537438 -0.063437 0.427504 0.913321 0.593699
  9   6.790376 -0.619176 0.015206 -0.029673 0.028680 -0.355529
 10   8.637599 0.544015 -0.090417 -1.500805 0.180913 -0.286459
 11   6.790465 -0.619039 0.017802 -0.031261 0.020327 -0.264179
 12   -2.022474 -0.104699 -2.873818 -0.681137 1.440919 -3.696539
 13   1.167898 -0.537463 0.063297 -0.469719 -1.181449 0.433277
 14   7.002743 -0.617765 -0.183752 -0.008880 -0.034786 -0.147026
 15   8.209042 0.615527 -0.255885 1.747115 -0.188455 0.226470
 16   7.002735 -0.617911 -0.183641 0.003846 -0.032781 -0.095639
 17   1.574674 0.609930 -0.000899 0.055529 0.148731 0.245857
 18   -0.602177 0.511412 -0.000006 0.000000 0.000000 0.000000
 19   3.677679 0.177020 1.119313 -0.000002 -0.000014 -0.174510
 20   3.673767 0.176993 -1.117566 0.000007 -0.000003 -0.174546
 21   3.938451 1.334540 1.627658 0.000002 -0.000011 -0.000026
 22   -0.246060 -0.011889 0.516521 -0.000011 0.000031 0.000025
 23   3.942374 1.334565 -1.631083 0.000019 0.000002 -0.000024
 24   -0.246150 -0.011872 -0.516511 -0.000005 -0.000006 0.000048
 25   4.941364 1.997338 1.629330 0.000018 -0.000001 -0.000024
 26   4.941382 1.997366 -1.629410 -0.000001 0.000005 -0.000024
 27   2.914462 1.619264 1.514501 -0.000019 -0.000022 -0.000050
 28   2.916892 1.618870 -1.501142 -0.000002 -0.000009 -0.000024
 29   8.824059 0.150544 0.091743 -0.076640 0.347222 0.289576
 30   2.361093 -0.568992 1.338994 0.240902 0.376908 0.194835
 31   1.972848 -0.412847 -1.990322 0.115450 0.203145 0.147454
 32   -0.814395 -0.093824 3.127092 -0.068717 -3.102358 -0.095800
 33   14.298673 -0.408176 0.471578 0.010626 0.008270 -0.329214
 34   15.835795 0.581398 0.242756 -0.225891 0.029407 -0.000225
 35   -0.815868 -0.091229 -3.114430 0.147701 3.163642 -0.075764
 36   14.294526 -0.410349 -0.471447 0.001591 -0.002517 -0.302190
 37   15.834409 0.579420 -0.284600 -0.018130 0.050618 0.130698
 38   1.678764 -3.559221 -2.894128 -0.039656 -0.195038 0.005011
 39   -4.196015 -1.105637 -0.703210 -0.013051 -0.065292 0.000617
 40   0.637618 -3.356016 3.018533 -0.045971 -0.224634 0.006598
 41   -4.676035 -1.012254 0.967379 -0.013052 -0.065292 0.000617
 42   -0.637936 1.697302 -2.544078 0.013255 0.059675 -0.002049
 43   -0.640630 1.698578 3.045164 0.024139 0.104711 -0.001882
time 19
  0   -0.010486 0.000000 2.094185 0.000000 0.000000 -1.571069
  1   -1.093036 0.000002 -0.263555 -0.221665 -1.569082 -1.348744
  2   2.262337 0.113614 0.064702 0.000062 -0.012583 -0.016710
  3   2.380047 0.353302 0.047440 -0.010876 -0.018209 -0.028262
  4   2.033756 0.190472 -0.000128 0.000138 -0.000863 -0.139576
  5   2.451511 0.204909 -0.003447 -0.017271 0.003194 -0.012668
  6   7.247600 -0.397300 -0.109469 0.000001 -0.000003 0.156829
  7   -2.022252 -0.104661 3.136172 0.321131 -1.205907 -3.720042
  8   1.168026 -0.537438 -0.063437 0.444210 0.900994 0.610653
  9   6.790376 -0.619176 0.015206 -0.008369 0.007657 -0.354547
 10   8.637599 0.544015 -0.090417 -1.500805 0.180913 -0.286459
 11   6.790465 -0.619039 0.017802 -0.011057 -0.002498 -0.263487
 12   -2.022474 -0.104699 -2.873818 -0.584085 1.417264 -3.590458
 13   1.167898 -0.537463 0.063297 -0.379881 -1.185924 0.354703
 14   7.002743 -0.617765 -0.183752 -0.018331 -0.018432 -0.138610
 15   8.209042 0.615527 -0.255885 1.747115 -0.188455 0.226470
 16   7.002735 -0.617911 -0.183641 -0.004769 -0.015977 -0.087360
 17   1.574674 0.609930 -0.000899 0.062557 0.183355 0.246633
 18   -0.602177 0.511412 -0.000006 0.000000 0.000000 0.000000
 19   3.677679 0.177020 1.119313 -0.000002 -0.000014 -0.174510
 20   3.673767 0.176993 -1.117566 0.000007 -0.000003 -0.174546
 21   3.942357 1.334540 1.627658 0.000002 -0.000011 -0.000026
 22   -0.246060 -0.011889 0.516521 -0.000011 0.000031 0.000025
 23   3.942374 1.334565 -1.631083 0.000019 0.000002 -0.000024
 24   -0.246150 -0.011872 -0.516511 -0.000005 -0.000006 0.000048
 25   4.941364 1.997338 1.629330 0.000018 -0.000001 -0.000024
 26   4.941382 1.997366 -1.629410 -0.000001 0.000005 -0.000024
 27   2.914462 1.619264 1.514501 -0.000019 -0.000022 -0.000050
 28   2.916892 1.618870 -1.501142 -0.000002 -0.000009 -0.000024
 29   8.824059 0.150544 0.091743 -0.095712 0.408894 0.289898
 30   2.392344 -0.553366 1.311649 0.277366 0.427155 0.219966
 31   1.933784 -0.401128 -2.037198 0.146676 0.256761 0.133571
 32   -0.814395 -0.093824 3.127092 -0.068717 -3.102358 -0.083277
 33   14.298673 -0.408176 0.471578 0.010471 0.007119 -0.314446
 34   15.835795 0.581398 0.242756 -0.246686 0.026283 0.025619
 35   -0.815868 -0.091229 -3.114430 0.147701 3.163736 -0.063220
 36   14.294526 -0.410349 -0.467541 0.000452 -0.000647 -0.287514
 37   15.834409 0.579420 -0.284600 -0.038463 0.057119 0.154984
 38   1.776423 -3.578753 -2.901940 -0.046392 -0.228129 0.005011
 39   -4.149139 -1.113450 -0.722742 -0.015868 -0.079350 0.000505
 40   0.547771 -3.336484 3.010720 -0.053212 -0.260244 0.006659
 41   -4.738537 -1.000534 0.951753 -0.015869 -0.079350 0.000505
 42   -0.649655 1.697302 -2.614393 0.006939 0.031648 -0.001046
 43   -0.660162 1.698578 2.959223 0.011757 0.051580 -0.000962
time 20
  0   -0.010486 0.000000 2.055121 0.000000 0.000000 -1.571069
  1   -1.093036 0.000002 -0.326057 -0.221665 -1.569082 -1.348744
  2   2.262337 0.113614 0.064702 -0.000103 -0.001569 -0.016710
  3   2.380047 0.353302 0.047440 -0.011686 -0.000316 -0.028262
  4   2.033756 0.190472 -0.000128 -0.000010 0.000024 -0.139576
  5   2.451511 0.204909 -0.003447 -0.016638 0.000021 -0.012668
  6   7.247600 -0.397300 -0.109469 0.000001 -0.000003 0.156829
  7   -2.022252 -0.104661 3.136172 0.310011 -1.200631 -3.715816
  8   1.168026 -0.537438 -0.063437 0.459967 0.895057 0.623305
  9   6.790376 -0.619176 0.015206 -0.000047 -0.000085 -0.354246
 10   8.637599 0.544015 -0.090417 -1.500805 0.180913 -0.286459
 11   6.790465 -0.619039 0.017802 -0.002006 -0.010912 -0.263199
 12   -2.022474 -0.104699 -2.873818 -0.532924 1.396860 -3.535790
 13   1.167898 -0.537463 0.063297 -0.293627 -1.189280 0.277340
 14   7.002743 -0.617765 -0.183752 -0.021861 -0.012413 -0.135557
 15   8.209042 0.615527 -0.255885 1.747115 -0.188455 0.226470
 16   7.002735 -0.617911 -0.183641 -0.007923 -0.009831 -0.084325
 17   1.574674 0.609930 -0.000899 0.065157 0.196112 0.246929
 18   -0.602177 0.511412 -0.000006 0.000000 0.000000 0.000000
 19   3.677679 0.177020 1.119313 -0.000002 -0.000014 -0.174510
 20   3.673767 0.176993 -1.117566 0.000007 -0.000003 -0.174546
 21   3.942357 1.334540 1.627658 0.000002 -0.000011 -0.000026
 22   -0.246060 -0.011889 0.516521 -0.000011 0.000031 0.000025
 23   3.942374 1.334565 -1.631083 0.000019 0.000002 -0.000024
 24   -0.246150 -0.011872 -0.516511 -0.000005 -0.000006 0.000048
 25   4.941364 1.997338 1.629330 0.000018 -0.000001 -0.000024
 26   4.941382 1.997366 -1.629410 -0.000001 0.000005 -0.000024
 27   2.914462 1.619264 1.514501 -0.000019 -0.000022 -0.000050
 28   2.920798 1.618870 -1.501142 -0.000002 -0.000009 -0.000024
 29   8.824059 0.150544 0.091743 -0.102753 0.431635 0.289951
 30   2.400156 -0.545554 1.299930 0.290804 0.445696 0.229230
 31   1.922065 -0.393315 -2.052824 0.158183 0.276524 0.118632
 32   -0.814395 -0.093824 3.127092 -0.068717 -3.102358 -0.078667
 33   14.298673 -0.408176 0.471578 0.010423 0.006706 -0.308968
 34   15.835795 0.581398 0.242756 -0.260901 0.023306 0.035101
 35   -0.815868 -0.091229 -3.114430 0.147701 3.163736 -0.058618
 36   14.294526 -0.410349 -0.467541 0.000033 0.000036 -0.282107
 37   15.834409 0.579420 -0.284600 -0.045969 0.059525 0.163958
 38   1.811581 -3.586565 -2.905847 -0.048855 -0.240312 0.005011
 39   -4.133513 -1.117356 -0.734461 -0.016910 -0.084527 0.000393
 40   0.512614 -3.328671 3.006814 -0.055885 -0.273355 0.006659
 41   -4.758069 -0.996628 0.947847 -0.016911 -0.084527 0.000393
 42   -0.657468 1.697302 -2.688614 0.000000 0.000002 0.000000
 43   -0.664068 1.698578 2.869377 0.000000 0.000002 0.000000
time 21
  0   -0.010486 0.000000 2.094185 0.000000 0.000000 -1.571069
  1   -1.093036 0.000002 -0.263555 -0.221665 -1.569082 -1.348744
  2   2.262337 0.113614 0.064702 -0.000345 0.012680 -0.016710
  3   2.380047 0.353302 0.047440 -0.012556 0.019063 -0.028262
  4   2.033756 0.190472 -0.000128 0.000820 -0.004374 -0.139648
  5   2.451511 0.204909 -0.003447 -0.016689 0.000348 -0.012668
  6   7.247600 -0.397300 -0.109469 0.000001 -0.000003 0.156829
  7   -2.022252 -0.104661 3.136172 0.316242 -1.203860 -3.711308
  8   1.168026 -0.537438 -0.063437 0.476546 0.898227 0.635261
  9   6.790376 -0.619176 0.015206 0.000563 0.001851 -0.354396
 10   8.637599 0.544015 -0.090417 -1.500805 0.180913 -0.286459
 11   6.790465 -0.619039 0.017802 0.000271 -0.009036 -0.263372
 12   -2.022474 -0.104699 -2.873818 -0.502074 1.380549 -3.508504
 13   1.167898 -0.537463 0.063297 -0.214192 -1.191518 0.203669
 14   7.002743 -0.617765 -0.183752 -0.018274 -0.017353 -0.144550
 15   8.209042 0.615527 -0.255885 1.747115 -0.188455 0.226470
 16   7.002735 -0.617911 -0.183641 -0.004628 -0.014962 -0.093266
 17   1.574674 0.609930 -0.000899 0.064019 0.190597 0.246633
 18   -0.602177 0.511412 -0.000006 0.000000 0.000000 0.000000
 19   3.677679 0.177020 1.119313 -0.000002 -0.000014 -0.174510
 20   3.673767 0.176993 -1.117566 0.000007 -0.000003 -0.174546
 21   3.938451 1.334540 1.627658 0.000002 -0.000011 -0.000026
 22   -0.246060 -0.011889 0.516521 -0.000011 0.000031 0.000025
 23   3.942374 1.334565 -1.631083 0.000019 0.000002 -0.000024
 24   -0.246150 -0.011872 -0.516511 -0.000005 -0.000006 0.000048
 25   4.941364 1.997338 1.629330 0.000018 -0.000001 -0.000024
 26   4.941382 1.997366 -1.629410 -0.000001 0.000005 -0.000024
 27   2.914462 1.619264 1.514501 -0.000019 -0.000022 -0.000050
 28   2.916892 1.618870 -1.501142 -0.000002 -0.000009 -0.000024
 29   8.824059 0.150544 0.091743 -0.099812 0.419528 0.276915
 30   2.392344 -0.545554 1.315556 0.282654 0.433171 0.222818
 31   1.925972 -0.401128 -2.048917 0.153755 0.268779 0.102821
 32   -0.814395 -0.093824 3.127092 -0.068717 -3.102358 -0.083277
 33   14.298673 -0.408176 0.471578 0.010471 0.007119 -0.314446
 34   15.835795 0.581398 0.242756 -0.270332 0.020475 0.028794
 35   -0.815868 -0.091229 -3.114430 0.147701 3.163736 -0.063220
 36   14.294526 -0.410349 -0.467541 0.000452 -0.000647 -0.287514
 37   15.834409 0.579420 -0.284600 -0.030858 0.058526 0.153818
 38   1.784236 -3.582659 -2.905847 -0.047487 -0.233588 0.004889
 39   -4.141326 -1.117356 -0.738367 -0.016431 -0.082154 0.000309
 40   0.536052 -3.332578 3.014627 -0.054328 -0.265703 0.006476
 41   -4.750256 -0.996628 0.947847 -0.016432 -0.082154 0.000309
 42   -0.661374 1.697302 -2.766741 -0.007502 -0.035109 0.001046
 43   -0.664068 1.698578 2.775624 -0.010770 -0.048594 0.000962
time 22
  0   -0.010486 0.000000 2.199657 0.000000 0.000000 -1.571069
  1   -1.093036 0.000002 -0.083862 -0.221665 -1.569082 -1.348744
  2   2.262337 0.113614 0.064702 -0.000638 0.030310 -0.016746
  3   2.380047 0.353302 0.047440 -0.013456 0.039341 -0.028303
  4   2.033756 0.190472 -0.000128 0.003070 -0.016299 -0.139975
  5   2.451511 0.204909 -0.003447 -0.016877 0.001235 -0.012668
  6   7.247600 -0.397300 -0.109469 0.000001 -0.000003 0.156829
  7   -2.022252 -0.104661 3.136172 0.332729 -1.212566 -3.698723
  8   1.168026 -0.537438 -0.063437 0.495594 0.910504 0.650317
  9   6.790376 -0.619176 0.015206 0.000896 0.007057 -0.354774
 10   8.637599 0.544015 -0.090417 -1.500805 0.180913 -0.286459
 11   6.790465 -0.619039 0.017802 0.002081 -0.003891 -0.263776
 12   -2.022474 -0.104699 -2.873818 -0.475248 1.367256 -3.492323
 13   1.167898 -0.537463 0.063297 -0.142631 -1.192840 0.135083
 14   7.002743 -0.617765 -0.183752 -0.008538 -0.030868 -0.169055
 15   8.209042 0.615527 -0.255885 1.747115 -0.188455 0.226470
 16   7.002735 -0.617911 -0.183641 0.004363 -0.028890 -0.117717
 17   1.574674 0.609930 -0.000899 0.060932 0.175640 0.245931
 18   -0.602177 0.511412 -0.000006 0.000000 0.000000 0.000000
 19   3.677679 0.177020 1.119313 -0.000002 -0.000014 -0.174510
 20   3.673767 0.176993 -1.117566 0.000007 -0.000003 -0.174546
 21   3.938451 1.334540 1.627658 0.000002 -0.000011 -0.000026
 22   -0.246060 -0.011889 0.516521 -0.000011 0.000031 0.000025
 23   3.942374 1.334565 -1.631083 0.000019 0.000002 -0.000024
 24   -0.246150 -0.011872 -0.516511 -0.000005 -0.000006 0.000048
 25   4.941364 1.997338 1.629330 0.000018 -0.000001 -0.000024
 26   4.941382 1.997366 -1.629410 -0.000001 0.000005 -0.000024
 27   2.914462 1.619264 1.514501 -0.000019 -0.000022 -0.000050
 28   2.916892 1.618870 -1.501142 -0.000002 -0.000009 -0.000024
 29   8.824059 0.150544 0.091743 -0.092058 0.386699 0.241614
 30   2.372812 -0.545554 1.350713 0.260565 0.399256 0.205407
 31   1.941597 -0.412847 -2.033292 0.141727 0.247773 0.086554
 32   -0.814395 -0.093824 3.127092 -0.068717 -3.102358 -0.095800
 33   14.298673 -0.408176 0.471578 0.010626 0.008270 -0.329214
 34   15.835795 0.581398 0.242756 -0.278199 0.017888 0.011550
 35   -0.815868 -0.091229 -3.114430 0.147701 3.163642 -0.075764
 36   14.294526 -0.410349 -0.471447 0.001591 -0.002517 -0.302190
 37   15.834409 0.579420 -0.284600 0.010163 0.055711 0.126338
 38   1.721734 -3.574846 -2.898034 -0.043782 -0.215320 0.004461
 39   -4.164764 -1.113450 -0.742274 -0.015149 -0.075731 0.000224
 40   0.594648 -3.340391 3.030252 -0.050076 -0.244927 0.005987
 41   -4.726818 -1.000534 0.947847 -0.015150 -0.075731 0.000224
 42   -0.665281 1.697302 -2.844869 -0.015352 -0.072520 0.002133
 43   -0.660162 1.698578 2.674058 -0.020465 -0.093644 0.002007
time 23
  0   -0.010486 0.000000 2.359818 0.000000 0.000000 -1.571069
  1   -1.093036 0.000002 0.181771 -0.221665 -1.569082 -1.348744
  2   2.262337 0.113614 0.064702 -0.000957 0.050156 -0.016764
  3   2.380047 0.353302 0.047440 -0.014386 0.059835 -0.028364
  4   2.033756 0.190472 -0.000128 0.006390 -0.033880 -0.140446
  5   2.451511 0.204909 -0.003447 -0.017134 0.002541 -0.012643
  6   7.247600 -0.397300 -0.109469 0.000001 -0.000003 0.156829
  7   -2.022252 -0.104661 3.136172 0.355927 -1.225308 -3.678907
  8   1.168026 -0.537438 -0.063437 0.516730 0.929522 0.667967
  9   6.790376 -0.619176 0.015206 0.001118 0.014665 -0.355453
 10   8.637599 0.544015 -0.090417 -1.500805 0.180913 -0.286459
 11   6.790465 -0.619039 0.017802 0.003483 0.003698 -0.264410
 12   -2.022474 -0.104699 -2.873818 -0.450434 1.356778 -3.483611
 13   1.167898 -0.537463 0.063297 -0.079153 -1.193399 0.072369
 14   7.002743 -0.617765 -0.183752 0.005695 -0.050686 -0.205109
 15   8.209042 0.615527 -0.255885 1.747115 -0.188455 0.226470
 16   7.002735 -0.617911 -0.183641 0.017592 -0.049472 -0.153647
 17   1.574674 0.609930 -0.000899 0.056382 0.153582 0.244822
 18   -0.602177 0.511412 -0.000006 0.000000 0.000000 0.000000
 19   3.677679 0.177020 1.119313 -0.000002 -0.000014 -0.174510
 20   3.673767 0.176993 -1.117566 0.000007 -0.000003 -0.174546
 21   3.942357 1.334540 1.627658 0.000002 -0.000011 -0.000026
 22   -0.246060 -0.011889 0.516521 -0.000011 0.000031 0.000025
 23   3.942374 1.334565 -1.631083 0.000019 0.000002 -0.000024
 24   -0.246150 -0.011872 -0.516511 -0.000005 -0.000006 0.000048
 25   4.941364 1.997338 1.629330 0.000018 -0.000001 -0.000024
 26   4.941382 1.997366 -1.629410 -0.000001 0.000005 -0.000024
 27   2.914462 1.619264 1.514501 -0.000019 -0.000022 -0.000050
 28   2.916892 1.618870 -1.501142 -0.000002 -0.000009 -0.000024
 29   8.824059 0.150544 0.091743 -0.080561 0.338344 0.189629
 30   2.337654 -0.549460 1.405402 0.227993 0.349271 0.179739
 31   1.965035 -0.432379 -2.009854 0.124015 0.216795 0.070323
 32   -0.814395 -0.093824 3.127092 -0.068717 -3.102358 -0.114300
 33   14.302579 -0.408176 0.471578 0.010842 0.009963 -0.350969
 34   15.835795 0.581398 0.242756 -0.284594 0.015521 -0.013809
 35   -0.815868 -0.091229 -3.114430 0.147613 3.163642 -0.094224
 36   14.290620 -0.410349 -0.471447 0.003268 -0.005285 -0.323819
 37   15.834409 0.579420 -0.284600 0.070609 0.051411 0.085877
 38   1.627981 -3.559221 -2.886315 -0.038309 -0.188411 0.003911
 39   -4.203828 -1.105637 -0.742274 -0.013255 -0.066263 0.000168
 40   0.684494 -3.352110 3.057597 -0.043824 -0.214307 0.005193
 41   -4.687754 -1.008347 0.951753 -0.013256 -0.066263 0.000168
 42   -0.665281 1.697302 -2.922996 -0.023274 -0.110820 0.003137
 43   -0.652349 1.698578 2.572493 -0.029086 -0.134756 0.002969
time 24
  0   -0.010486 0.000000 2.551230 0.000000 0.000000 -1.571069
  1   -1.093036 0.000002 0.502093 -0.221665 -1.569082 -1.348744
  2   2.262337 0.113614 0.064702 -0.001301 0.071081 -0.016800
  3   2.380047 0.353302 0.047440 -0.015286 0.079849 -0.028445
  4   2.033756 0.190472 -0.000128 0.010410 -0.055225 -0.141026
  5   2.451511 0.204909 -0.003447 -0.017442 0.004121 -0.012643
  6   7.247600 -0.397300 -0.109469 0.000001 -0.000003 0.156829
  7   -2.022252 -0.104661 3.136172 0.382192 -1.240557 -3.652892
  8   1.168026 -0.537438 -0.063437 0.539447 0.953019 0.687768
  9   6.790376 -0.619176 0.015206 0.001229 0.023942 -0.356208
 10   8.637599 0.544015 -0.090417 -1.500805 0.180913 -0.286459
 11   6.790465 -0.619039 0.017802 0.004505 0.012880 -0.265218
 12   -2.022474 -0.104699 -2.873818 -0.427249 1.348710 -3.479973
 13   1.167898 -0.537463 0.063297 -0.024111 -1.193399 0.016253
 14   7.002743 -0.617765 -0.183752 0.022945 -0.074876 -0.248837
 15   8.209042 0.615527 -0.255885 1.747115 -0.188455 0.226470
 16   7.002735 -0.617911 -0.183641 0.033551 -0.074508 -0.197305
 17   1.574674 0.609930 -0.000899 0.050899 0.126791 0.243528
 18   -0.602177 0.511412 -0.000006 0.000000 0.000000 0.000000
 19   3.677679 0.177020 1.119313 -0.000002 -0.000014 -0.174510
 20   3.673767 0.176993 -1.117566 0.000007 -0.000003 -0.174546
 21   3.942357 1.334540 1.627658 0.000002 -0.000011 -0.000026
 22   -0.246060 -0.011889 0.516521 -0.000011 0.000031 0.000025
 23   3.942374 1.334565 -1.631083 0.000019 0.000002 -0.000024
 24   -0.246150 -0.011872 -0.516511 -0.000005 -0.000006 0.000048
 25   4.941364 1.997338 1.629330 0.000018 -0.000001 -0.000024
 26   4.941382 1.997366 -1.629410 -0.000001 0.000005 -0.000024
 27   2.914462 1.619264 1.514501 -0.000019 -0.000022 -0.000050
 28   2.916892 1.618870 -1.501142 -0.000002 -0.000009 -0.000024
 29   8.824059 0.150544 0.091743 -0.066569 0.279593 0.126432
 30   2.298591 -0.549460 1.471810 0.188438 0.288563 0.148561
 31   1.992380 -0.455817 -1.982509 0.102503 0.179186 0.054657
 32   -0.814395 -0.093824 3.127092 -0.068717 -3.102262 -0.136727
 33   14.306485 -0.408176 0.471578 0.011118 0.012044 -0.377409
 34   15.839702 0.581398 0.242756 -0.289678 0.013374 -0.044637
 35   -0.815868 -0.091229 -3.114430 0.147525 3.163642 -0.116628
 36   14.286714 -0.410349 -0.471447 0.005294 -0.008653 -0.350082
 37   15.830503 0.579420 -0.284600 0.144020 0.045985 0.036747
 38   1.510790 -3.543595 -2.874596 -0.031658 -0.155717 0.003239
 39   -4.246799 -1.093918 -0.746180 -0.010954 -0.054770 0.000112
 40   0.789966 -3.367735 3.088848 -0.036204 -0.177131 0.004338
 41   -4.644784 -1.020066 0.951753 -0.010955 -0.054770 0.000112
 42   -0.669187 1.697302 -3.001123 -0.031004 -0.148599 0.004099
 43   -0.644536 1.698578 2.474833 -0.036595 -0.171584 0.003931
time 25
  0   -0.010486 0.000000 2.762174 0.000000 0.000000 -1.571069
  1   -1.093036 0.000002 0.849760 -0.221665 -1.569082 -1.348744
  2   2.262337 0.113614 0.064702 -0.001644 0.091935 -0.016836
  3   2.380047 0.353302 0.047440 -0.016126 0.098677 -0.028527
  4   2.033756 0.190472 -0.000128 0.014799 -0.078463 -0.141642
  5   2.451511 0.204909 -0.003447 -0.017784 0.005831 -0.012618
  6   7.247600 -0.397300 -0.109469 0.000001 -0.000003 0.156829
  7   -2.022252 -0.104661 3.136172 0.408170 -1.256902 -3.621618
  8   1.168026 -0.537438 -0.063437 0.563114 0.978830 0.708960
  9   6.790376 -0.619176 0.015206 0.001229 0.034020 -0.357038
 10   8.637599 0.544015 -0.090417 -1.500805 0.180913 -0.286459
 11   6.790465 -0.619039 0.017802 0.005205 0.022914 -0.266025
 12   -2.022474 -0.104699 -2.873818 -0.405884 1.342760 -3.479973
 13   1.167898 -0.537463 0.063297 0.022495 -1.192942 -0.032719
 14   7.002743 -0.617765 -0.183752 0.041676 -0.101167 -0.296443
 15   8.209042 0.615527 -0.255885 1.747115 -0.188455 0.226470
 16   7.002735 -0.617911 -0.183641 0.050827 -0.101687 -0.244715
 17   1.574674 0.609930 -0.000899 0.044887 0.097634 0.242124
 18   -0.602177 0.511412 -0.000006 0.000000 0.000000 0.000000
 19   3.677679 0.177020 1.119313 -0.000002 -0.000014 -0.174510
 20   3.673767 0.176993 -1.117566 0.000007 -0.000003 -0.174546
 21   3.938451 1.334540 1.627658 0.000002 -0.000011 -0.000026
 22   -0.246060 -0.011889 0.516521 -0.000011 0.000031 0.000025
 23   3.942374 1.334565 -1.631083 0.000019 0.000002 -0.000024
 24   -0.246150 -0.011872 -0.516511 -0.000005 -0.000006 0.000048
 25   4.941364 1.997338 1.629330 0.000018 -0.000001 -0.000024
 26   4.941382 1.997366 -1.629410 -0.000001 0.000005 -0.000024
 27   2.914462 1.619264 1.514501 -0.000019 -0.000022 -0.000050
 28   2.916892 1.618870 -1.501142 -0.000002 -0.000009 -0.000024
 29   8.824059 0.150544 0.091743 -0.051329 0.215690 0.057709
 30   2.255620 -0.553366 1.542125 0.145398 0.222478 0.114638
 31   2.023631 -0.479255 -1.951258 0.079091 0.138262 0.040028
 32   -0.814395 -0.093824 3.127092 -0.068717 -3.102262 -0.161147
 33   14.306485 -0.408176 0.471578 0.011417 0.014319 -0.406230
 34   15.839702 0.581398 0.242756 -0.293588 0.011495 -0.078155
 35   -0.815868 -0.091229 -3.114430 0.147525 3.163642 -0.141059
 36   14.286714 -0.410349 -0.471447 0.007499 -0.012332 -0.378662
 37   15.830503 0.579420 -0.284600 0.223913 0.039740 -0.016794
 38   1.385786 -3.524064 -2.862877 -0.024417 -0.120156 0.002506
 39   -4.297581 -1.086105 -0.746180 -0.008449 -0.042258 0.000056
 40   0.903251 -3.383361 3.120099 -0.027932 -0.136677 0.003299
 41   -4.594001 -1.027879 0.955660 -0.008450 -0.042258 0.000056
 42   -0.669187 1.697302 -3.071438 -0.038279 -0.184430 0.004977
 43   -0.632817 1.694672 2.384987 -0.042992 -0.203751 0.004810
time 26
  0   -0.010486 0.000000 2.973118 0.000000 0.000000 -1.571069
  1   -1.093036 0.000002 1.201333 -0.221665 -1.569082 -1.348744
  2   2.262337 0.113614 0.064702 -0.001976 0.111565 -0.016873
  3   2.380047 0.353302 0.047440 -0.016891 0.115635 -0.028588
  4   2.033756 0.190472 -0.000128 0.019189 -0.101689 -0.142258
  5   2.451511 0.204909 -0.003447 -0.018127 0.007554 -0.012593
  6   7.247600 -0.397300 -0.109469 0.000001 -0.000003 0.156829
  7   -2.022252 -0.104661 3.136172 0.430792 -1.272901 -3.586962
  8   1.168026 -0.537438 -0.063437 0.586844 1.004692 0.730658
  9   6.790376 -0.619176 0.015206 0.001285 0.044097 -0.357943
 10   8.637599 0.544015 -0.090417 -1.500805 0.180913 -0.286459
 11   6.790465 -0.619039 0.017802 0.005702 0.032919 -0.266833
 12   -2.022474 -0.104699 -2.873818 -0.387105 1.338638 -3.482558
 13   1.167898 -0.537463 0.063297 0.060596 -1.192331 -0.073883
 14   7.002743 -0.617765 -0.183752 0.060236 -0.127458 -0.344048
 15   8.209042 0.615527 -0.255885 1.747115 -0.188455 0.226470
 16   7.002735 -0.617911 -0.183641 0.068104 -0.128922 -0.292181
 17   1.574674 0.609930 -0.000899 0.038915 0.068500 0.240682
 18   -0.602177 0.511412 -0.000006 0.000000 0.000000 0.000000
 19   3.677679 0.177020 1.119313 -0.000002 -0.000014 -0.174510
 20   3.673767 0.176993 -1.117566 0.000007 -0.000003 -0.174546
 21   3.938451 1.334540 1.627658 0.000002 -0.000011 -0.000026
 22   -0.246060 -0.011889 0.516521 -0.000011 0.000031 0.000025
 23   3.942374 1.334565 -1.631083 0.000019 0.000002 -0.000024
 24   -0.246150 -0.011872 -0.516511 -0.000005 -0.000006 0.000048
 25   4.941364 1.997338 1.629330 0.000018 -0.000001 -0.000024
 26   4.941382 1.997366 -1.629410 -0.000001 0.000005 -0.000024
 27   2.914462 1.619264 1.514501 -0.000019 -0.000022 -0.000050
 28   2.916892 1.618870 -1.501142 -0.000002 -0.000009 -0.000024
 29   8.824059 0.150544 0.091743 -0.036089 0.151763 -0.011068
 30   2.212651 -0.557273 1.616346 0.102358 0.156422 0.080715
 31   2.050975 -0.502693 -1.923914 0.055680 0.097338 0.026945
 32   -0.814395 -0.093824 3.127092 -0.068810 -3.102262 -0.185509
 33   14.310391 -0.408176 0.471578 0.011717 0.016619 -0.434972
 34   15.843608 0.581398 0.242756 -0.296463 0.009884 -0.111717
 35   -0.815868 -0.091229 -3.114430 0.147437 3.163642 -0.165435
 36   14.282807 -0.410349 -0.471447 0.009692 -0.016024 -0.407242
 37   15.826596 0.579420 -0.284600 0.303786 0.032957 -0.070335
 38   1.260782 -3.508438 -2.847251 -0.017197 -0.084583 0.001773
 39   -4.344458 -1.074386 -0.746180 -0.005944 -0.029746 0.000028
 40   1.020442 -3.398986 3.155256 -0.019660 -0.096211 0.002322
 41   -4.547124 -1.039598 0.955660 -0.005945 -0.029746 0.000028
 42   -0.669187 1.701208 -3.133940 -0.044822 -0.216920 0.005771
 43   -0.625004 1.694672 2.306860 -0.048265 -0.230882 0.005562
time 27
  0   -0.010486 0.000000 3.164530 0.000000 0.000000 -1.571069
  1   -1.093036 0.000002 1.521656 -0.221665 -1.569082 -1.348744
  2   2.262337 0.113614 0.064702 -0.002256 0.128823 -0.016891
  3   2.380047 0.353302 0.047440 -0.017536 0.130029 -0.028670
  4   2.033756 0.190472 -0.000128 0.023228 -0.123046 -0.142838
  5   2.451511 0.204909 -0.003447 -0.018452 0.009134 -0.012593
  6   7.247600 -0.397300 -0.109469 0.000001 -0.000003 0.156829
  7   -2.022252 -0.104661 3.136172 0.448334 -1.287286 -3.551650
  8   1.168026 -0.537438 -0.063437 0.609119 1.028440 0.751408
  9   6.790376 -0.619176 0.015206 0.001396 0.053374 -0.358698
 10   8.637599 0.544015 -0.090417 -1.500805 0.180913 -0.286459
 11   6.790465 -0.619039 0.017802 0.006052 0.042129 -0.267582
 12   -2.022474 -0.104699 -2.873818 -0.371585 1.335939 -3.486866
 13   1.167898 -0.537463 0.063297 0.090120 -1.191670 -0.106693
 14   7.002743 -0.617765 -0.183752 0.077316 -0.151705 -0.387694
 15   8.209042 0.615527 -0.255885 1.747115 -0.188455 0.226470
 16   7.002735 -0.617911 -0.183641 0.083875 -0.154015 -0.335728
 17   1.574674 0.609930 -0.000899 0.033431 0.041709 0.239389
 18   -0.602177 0.511412 -0.000006 0.000000 0.000000 0.000000
 19   3.677679 0.177020 1.119313 -0.000002 -0.000014 -0.174510
 20   3.673767 0.176993 -1.117566 0.000007 -0.000003 -0.174546
 21   3.938451 1.334540 1.627658 0.000002 -0.000011 -0.000026
 22   -0.246060 -0.011889 0.516521 -0.000011 0.000031 0.000025
 23   3.942374 1.334565 -1.631083 0.000019 0.000002 -0.000024
 24   -0.246150 -0.011872 -0.516511 -0.000005 -0.000006 0.000048
 25   4.941364 1.997338 1.629330 0.000018 -0.000001 -0.000024
 26   4.941382 1.997366 -1.629410 -0.000001 0.000005 -0.000024
 27   2.914462 1.619264 1.514501 -0.000019 -0.000022 -0.000050
 28   2.916892 1.618870 -1.501142 -0.000002 -0.000009 -0.000024
 29   8.824059 0.150544 0.091743 -0.022186 0.093036 -0.074212
 30   2.173587 -0.557273 1.682754 0.062803 0.095714 0.049536
 31   2.078320 -0.526132 -1.896569 0.034168 0.059729 0.015901
 32   -0.814395 -0.093824 3.127092 -0.068810 -3.102358 -0.207937
 33   14.314299 -0.408176 0.471578 0.011993 0.018739 -0.461412
 34   15.843608 0.581398 0.242756 -0.298442 0.008566 -0.142500
 35   -0.815868 -0.091229 -3.114430 0.147437 3.163642 -0.187894
 36   14.278900 -0.410349 -0.471447 0.011718 -0.019427 -0.433505
 37   15.826596 0.579420 -0.284600 0.377177 0.025918 -0.119567
 38   1.147498 -3.488906 -2.835532 -0.010546 -0.051902 0.001040
 39   -4.387427 -1.066573 -0.746180 -0.003643 -0.018253 0.000000
 40   1.122007 -3.414612 3.186507 -0.012061 -0.059035 0.001405
 41   -4.504154 -1.047411 0.959566 -0.003644 -0.018253 0.000000
 42   -0.673093 1.701208 -3.184723 -0.050383 -0.244640 0.006441
 43   -0.613285 1.690765 2.236545 -0.052375 -0.252630 0.006232
time 28
  0   -0.010486 0.000000 3.324691 0.000000 0.000000 -1.571069
  1   -1.093036 0.000002 1.783382 -0.221665 -1.569082 -1.348744
  2   2.262337 0.113614 0.064702 -0.002485 0.142581 -0.016927
  3   2.380047 0.353302 0.047440 -0.018046 0.141174 -0.028731
  4   2.033756 0.190472 -0.000128 0.026547 -0.140615 -0.143309
  5   2.451511 0.204909 -0.003447 -0.018709 0.010439 -0.012568
  6   7.247600 -0.397300 -0.109469 0.000001 -0.000003 0.156829
  7   -2.022252 -0.104661 3.136172 0.460125 -1.298846 -3.519812
  8   1.168026 -0.537438 -0.063437 0.628166 1.047912 0.769310
  9   6.790376 -0.619176 0.015206 0.001618 0.061049 -0.359302
 10   8.637599 0.544015 -0.090417 -1.500805 0.180913 -0.286459
 11   6.790465 -0.619039 0.017802 0.006286 0.049690 -0.268217
 12   -2.022474 -0.104699 -2.873818 -0.360375 1.334372 -3.491940
 13   1.167898 -0.537463 0.063297 0.111209 -1.191060 -0.130785
 14   7.002743 -0.617765 -0.183752 0.091321 -0.171694 -0.423584
 15   8.209042 0.615527 -0.255885 1.747115 -0.188455 0.226470
 16   7.002735 -0.617911 -0.183641 0.096868 -0.174653 -0.371548
 17   1.574674 0.609930 -0.000899 0.028882 0.019652 0.238317
 18   -0.602177 0.511412 -0.000006 0.000000 0.000000 0.000000
 19   3.673773 0.177020 1.119313 -0.000002 -0.000014 -0.174510
 20   3.673767 0.176993 -1.117566 0.000007 -0.000003 -0.174546
 21   3.672817 1.299383 1.600313 0.000002 -0.000011 -0.000026
 22   -0.242154 -0.203301 0.504802 0.000036 -0.014878 0.230753
 23   3.676741 1.299408 -1.627177 0.000019 0.000002 -0.000024
 24   -0.203180 -0.152501 -0.524324 0.000043 -0.014915 0.230806
 25   4.730420 1.997338 1.633236 -0.016689 0.114247 0.003715
 26   4.730438 1.997366 -1.625504 0.018539 -0.105959 -0.010822
 27   3.016027 1.548950 1.510595 -0.000019 -0.000022 -0.000050
 28   3.018457 1.548556 -1.505048 -0.000002 -0.000009 -0.000024
 29   8.824059 0.150544 0.091743 -0.010600 0.044658 -0.126251
 30   2.138430 -0.561179 1.737444 0.030231 0.045729 0.023869
 31   2.101758 -0.545664 -1.873131 0.016440 0.028751 0.007385
 32   -0.814395 -0.093824 3.127092 -0.068903 -3.102358 -0.226436
 33   14.318205 -0.412082 0.471578 0.012232 0.020510 -0.483167
 34   15.847514 0.581398 0.242756 -0.299684 0.007590 -0.167904
 35   -0.815868 -0.091229 -3.114430 0.147437 3.163642 -0.206354
 36   14.274994 -0.410349 -0.471447 0.013371 -0.022244 -0.455057
 37   15.822690 0.579420 -0.284600 0.437604 0.018879 -0.160128
 38   1.053745 -3.477187 -2.827719 -0.005073 -0.024993 0.000490
 39   -4.426491 -1.058760 -0.746180 -0.001750 -0.008785 0.000000
 40   1.207947 -3.426331 3.209945 -0.005810 -0.028426 0.000672
 41   -4.465091 -1.055224 0.959566 -0.001751 -0.008785 0.000000
 42   -0.673093 1.701208 -3.227693 -0.054674 -0.266182 0.006901
 43   -0.605472 1.690765 2.185762 -0.055336 -0.268620 0.006733
time 29
  0   -0.010486 0.000000 3.434070 0.000000 0.000000 -1.571069
  1   -1.093036 0.000002 1.963075 -0.221665 -1.569082 -1.348744
  2   2.262337 0.113614 0.064702 -0.002638 0.151678 -0.016945
  3   2.380047 0.353302 0.047440 -0.018376 0.148365 -0.028772
  4   2.033756 0.190472 -0.000128 0.028797 -0.152552 -0.143599
  5   2.451511 0.204909 -0.003447 -0.018880 0.011314 -0.012568
  6   7.247600 -0.397300 -0.109469 0.000001 -0.000003 0.156829
  7   -2.022252 -0.104661 3.136172 0.466643 -1.306514 -3.496709
  8   1.168026 -0.537438 -0.063437 0.641455 1.061094 0.781962
  9   6.790376 -0.619176 0.015206 0.001950 0.066188 -0.359755
 10   8.637599 0.544015 -0.090417 -1.500805 0.180913 -0.286459
 11   6.790465 -0.619039 0.017802 0.006490 0.054835 -0.268678
 12   -2.022474 -0.104699 -2.873818 -0.354435 1.333559 -3.497111
 13   1.167898 -0.537463 0.063297 0.123792 -1.190704 -0.145556
 14   7.002743 -0.617765 -0.183752 0.100829 -0.185265 -0.448005
 15   8.209042 0.615527 -0.255885 1.747115 -0.188455 0.226470
 16   7.002735 -0.617911 -0.183641 0.105624 -0.188694 -0.395888
 17   1.574674 0.609930 -0.000899 0.025795 0.004670 0.237578
 18   -0.602177 0.511412 -0.000006 0.000000 0.000000 0.000000
 19   3.673773 0.177020 1.119313 -0.000002 -0.000014 -0.174510
 20   3.673767 0.176993 -1.117566 0.000007 -0.000003 -0.174546
 21   3.168896 1.229068 1.545624 0.000002 -0.000011 -0.000026
 22   -0.234341 -0.562687 0.485270 0.000147 -0.042562 0.659333
 23   3.180632 1.225187 -1.619364 0.000019 0.000002 -0.000024
 24   -0.117240 -0.422041 -0.543856 0.000139 -0.042587 0.659346
 25   4.331970 1.993432 1.644956 -0.047717 0.326440 0.010678
 26   4.331988 1.993460 -1.613785 0.052983 -0.302757 -0.030896
 27   3.203533 1.400508 1.494969 -0.000019 -0.000022 -0.000050
 28   3.205963 1.400114 -1.520674 -0.000002 -0.000009 -0.000024
 29   8.824059 0.150544 0.091743 -0.002846 0.011852 -0.161551
 30   2.118898 -0.561179 1.772601 0.008128 0.011814 0.006436
 31   2.117383 -0.557383 -1.857505 0.004428 0.007719 0.001927
 32   -0.814395 -0.093824 3.127092 -0.068997 -3.102358 -0.238959
 33   14.318205 -0.412082 0.471578 0.012388 0.021699 -0.497935
 34   15.847514 0.581398 0.242756 -0.300328 0.006956 -0.185104
 35   -0.815868 -0.091229 -3.114430 0.147437 3.163736 -0.218898
 36   14.274994 -0.406443 -0.471447 0.014498 -0.024161 -0.469733
 37   15.822690 0.579420 -0.284600 0.478605 0.012097 -0.187660
 38   0.991243 -3.469374 -2.823813 -0.001347 -0.006724 0.000123
 39   -4.449929 -1.054854 -0.746180 -0.000467 -0.002361 0.000000
 40   1.270449 -3.438050 3.229477 -0.001558 -0.007651 0.000183
 41   -4.441652 -1.059130 0.959566 -0.000468 -0.002361 0.000000
 42   -0.673093 1.701208 -3.251131 -0.057454 -0.280150 0.007235
 43   -0.601566 1.690765 2.150605 -0.057123 -0.278489 0.007026
time 30
  0   -0.010486 0.000000 3.473133 0.000000 0.000000 -1.571069
  1   -1.093036 0.000002 2.029484 -0.221665 -1.569082 -1.348744
  2   2.262337 0.113614 0.064702 -0.002689 0.154961 -0.016945
  3   2.380047 0.353302 0.047440 -0.018481 0.150918 -0.028792
  4   2.033756 0.190472 -0.000128 0.029627 -0.156950 -0.143744
  5   2.451511 0.204909 -0.003447 -0.018948 0.011641 -0.012544
  6   7.247600 -0.397300 -0.109469 0.000001 -0.000003 0.156829
  7   -2.022252 -0.104661 3.136172 0.468752 -1.309310 -3.487881
  8   1.168026 -0.537438 -0.063437 0.646454 1.065975 0.786707
  9   6.790376 -0.619176 0.015206 0.002561 0.068124 -0.359906
 10   8.637599 0.544015 -0.090417 -1.500805 0.180913 -0.286459
 11   6.790465 -0.619039 0.017802 0.006753 0.056740 -0.268793
 12   -2.022474 -0.104699 -2.873818 -0.354818 1.333182 -3.501610
 13   1.167898 -0.537463 0.063297 0.128010 -1.190552 -0.150641
 14   7.002743 -0.617765 -0.183752 0.104302 -0.190262 -0.456916
 15   8.209042 0.615527 -0.255885 1.747115 -0.188455 0.226470
 16   7.002735 -0.617911 -0.183641 0.108825 -0.193881 -0.404829
 17   1.574674 0.609930 -0.000899 0.024657 -0.000820 0.237319
 18   -0.602177 0.511412 -0.000006 0.000000 0.000000 0.000000
 19   3.673773 0.177020 1.119313 -0.000002 -0.000014 -0.174510
 20   3.673767 0.176993 -1.117566 0.000007 -0.000003 -0.174546
 21   2.899356 1.190005 1.518280 0.000002 -0.000011 -0.000026
 22   -0.226528 -0.758005 0.473551 0.000194 -0.057471 0.890061
 23   2.914999 1.182217 -1.611551 0.000019 0.000002 -0.000024
 24   -0.074270 -0.562670 -0.551668 0.000187 -0.057496 0.890104
 25   4.117120 1.989525 1.648862 -0.064423 0.440701 0.014429
 26   4.117138 1.989553 -1.609878 0.071535 -0.408734 -0.041706
 27   3.305099 1.322380 1.487156 -0.000019 -0.000022 -0.000050
 28   3.307528 1.321986 -1.528487 -0.000002 -0.000009 -0.000024
 29   8.824059 0.150544 0.091743 0.000006 -0.000231 -0.174534
 30   2.111085 -0.561179 1.784320 -0.000008 -0.000682 0.000024
 31   2.121290 -0.561289 -1.853599 0.000000 0.000000 -0.000002
 32   -0.814395 -0.093824 3.127092 -0.068997 -3.102358 -0.243570
 33   14.318205 -0.412082 0.471578 0.012436 0.022151 -0.503413
 34   15.847514 0.581398 0.242756 -0.300512 0.006736 -0.191454
 35   -0.815868 -0.091229 -3.114430 0.147437 3.163736 -0.223499
 36   14.274994 -0.406443 -0.471447 0.014917 -0.024856 -0.475140
 37   15.822690 0.579420 -0.284600 0.493716 0.005800 -0.197851
 38   0.967805 -3.465468 -2.819907 0.000000 0.000000 0.000001
 39   -4.457742 -1.054854 -0.746180 0.000000 0.000000 0.000000
 40   1.289981 -3.438050 3.233384 0.000000 0.000001 0.000000
 41   -4.433840 -1.059130 0.959566 -0.000001 0.000000 0.000000
 42   -0.673093 1.701208 -3.262850 -0.058437 -0.285118 0.007319
 43   -0.601566 1.690765 2.138886 -0.057723 -0.281847 0.007152
time 31
  0   -0.010486 0.000000 3.434070 0.000000 0.000000 -1.571069
  1   -1.093036 0.000002 1.963075 -0.221665 -1.569082 -1.348744
  2   2.262337 0.113614 0.064702 -0.002638 0.151678 -0.016945
  3   2.380047 0.353302 0.047440 -0.018376 0.148365 -0.028772
  4   2.033756 0.190472 -0.000128 0.028797 -0.152552 -0.143599
  5   2.451511 0.204909 -0.003447 -0.018880 0.011314 -0.012568
  6   7.247600 -0.397300 -0.109469 0.000001 -0.000003 0.156829
  7   -2.022252 -0.104661 3.136172 0.463767 -1.307033 -3.487036
  8   1.168026 -0.537438 -0.063437 0.643670 1.062755 0.783544
  9   6.790376 -0.619176 0.015206 0.003282 0.065121 -0.354849
 10   8.637599 0.544015 -0.090417 -1.500805 0.180913 -0.286459
 11   6.790465 -0.619039 0.017802 0.006899 0.053727 -0.263776
 12   -2.022474 -0.104699 -2.873818 -0.357884 1.333037 -3.504770
 13   1.167898 -0.537463 0.063297 0.119223 -1.192230 -0.141197
 14   7.002743 -0.617765 -0.183752 0.101911 -0.184924 -0.456668
 15   8.209042 0.615527 -0.255885 1.747115 -0.188455 0.226470
 16   7.002735 -0.617911 -0.183641 0.106707 -0.188412 -0.404553
 17   1.574674 0.609930 -0.000899 0.026120 0.006090 0.237688
 18   -0.602177 0.511412 -0.000006 0.000000 0.000000 0.000000
 19   3.677679 0.177020 1.119313 -0.000002 -0.000014 -0.174510
 20   3.673767 0.176993 -1.117566 0.000007 -0.000003 -0.174546
 21   3.168896 1.229068 1.545624 0.000002 -0.000011 -0.000026
 22   -0.234341 -0.562687 0.485270 0.000147 -0.042562 0.659333
 23   3.180632 1.225187 -1.619364 0.000019 0.000002 -0.000024
 24   -0.117240 -0.422041 -0.543856 0.000139 -0.042587 0.659346
 25   4.331970 1.993432 1.644956 -0.047717 0.326440 0.010678
 26   4.331988 1.993460 -1.613785 0.052983 -0.302757 -0.030896
 27   3.203533 1.400508 1.494969 -0.000019 -0.000022 -0.000050
 28   3.205963 1.400114 -1.520674 -0.000002 -0.000009 -0.000024
 29   8.824059 0.150544 0.091743 -0.002846 0.011852 -0.161551
 30   2.118898 -0.561179 1.772601 0.008128 0.011814 0.006436
 31   2.117383 -0.557383 -1.857505 0.004428 0.007719 0.001927
 32   -0.814395 -0.093824 3.127092 -0.068997 -3.102358 -0.238959
 33   14.318205 -0.412082 0.471578 0.012388 0.021699 -0.497935
 34   15.847514 0.581398 0.242756 -0.300236 0.006956 -0.181840
 35   -0.815868 -0.091229 -3.114430 0.147437 3.163736 -0.218898
 36   14.274994 -0.406443 -0.471447 0.014498 -0.024161 -0.469733
 37   15.822690 0.579420 -0.284600 0.491194 0.000195 -0.187964
 38   0.991243 -3.469374 -2.823813 -0.001347 -0.006724 0.000123
 39   -4.449929 -1.054854 -0.746180 -0.000467 -0.002361 0.000000
 40   1.270449 -3.438050 3.229477 -0.001558 -0.007651 0.000183
 41   -4.441652 -1.059130 0.959566 -0.000468 -0.002361 0.000000
 42   -0.673093 1.701208 -3.251131 -0.057454 -0.280150 0.007235
 43   -0.601566 1.690765 2.150605 -0.057123 -0.278489 0.007026
time 32
  0   -0.010486 0.000000 3.324691 0.000000 0.000000 -1.571069
  1   -1.093036 0.000002 1.783382 -0.221665 -1.569082 -1.348744
  2   2.262337 0.113614 0.064702 -0.002485 0.142581 -0.016927
  3   2.380047 0.353302 0.047440 -0.018046 0.141174 -0.028731
  4   2.033756 0.190472 -0.000128 0.026547 -0.140615 -0.143309
  5   2.451511 0.204909 -0.003447 -0.018709 0.010439 -0.012568
  6   7.247600 -0.397300 -0.109469 0.000001 -0.000003 0.156829
  7   -2.022252 -0.104661 3.136172 0.450347 -1.300864 -3.485251
  8   1.168026 -0.537438 -0.063437 0.636076 1.054000 0.775067
  9   6.790376 -0.619176 0.015206 0.004170 0.056978 -0.341114
 10   8.637599 0.544015 -0.090417 -1.500805 0.180913 -0.286459
 11   6.790465 -0.619039 0.017802 0.006811 0.045569 -0.250049
 12   -2.022474 -0.104699 -2.873818 -0.360471 1.333356 -3.507451
 13   1.167898 -0.537463 0.063297 0.093987 -1.196654 -0.114320
 14   7.002743 -0.617765 -0.183752 0.095364 -0.170444 -0.455926
 15   8.209042 0.615527 -0.255885 1.747115 -0.188455 0.226470
 16   7.002735 -0.617911 -0.183641 0.100963 -0.173638 -0.403781
 17   1.574674 0.609930 -0.000899 0.030019 0.024929 0.238723
 18   -0.602177 0.511412 -0.000006 0.000000 0.000000 0.000000
 19   3.673773 0.177020 1.119313 -0.000002 -0.000014 -0.174510
 20   3.673767 0.176993 -1.117566 0.000007 -0.000003 -0.174546
 21   3.672817 1.299383 1.600313 0.000002 -0.000011 -0.000026
 22   -0.242154 -0.203301 0.504802 0.000036 -0.014878 0.230753
 23   3.676741 1.299408 -1.627177 0.000019 0.000002 -0.000024
 24   -0.203180 -0.152501 -0.524324 0.000043 -0.014915 0.230806
 25   4.730420 1.997338 1.633236 -0.016689 0.114247 0.003715
 26   4.730438 1.997366 -1.625504 0.018539 -0.105959 -0.010822
 27   3.016027 1.548950 1.510595 -0.000019 -0.000022 -0.000050
 28   3.018457 1.548556 -1.505048 -0.000002 -0.000009 -0.000024
 29   8.824059 0.150544 0.091743 -0.010600 0.044658 -0.126251
 30   2.138430 -0.561179 1.737444 0.030231 0.045729 0.023869
 31   2.101758 -0.545664 -1.873131 0.016440 0.028751 0.007385
 32   -0.814395 -0.093824 3.127092 -0.068903 -3.102358 -0.226436
 33   14.318205 -0.412082 0.471578 0.012232 0.020510 -0.483167
 34   15.847514 0.581398 0.242756 -0.299247 0.007590 -0.155819
 35   -0.815868 -0.091229 -3.114430 0.147437 3.163642 -0.206354
 36   14.274994 -0.410349 -0.471447 0.013371 -0.022244 -0.455057
 37   15.822690 0.579420 -0.284600 0.484062 -0.004694 -0.161041
 38   1.053745 -3.477187 -2.827719 -0.005073 -0.024993 0.000490
 39   -4.426491 -1.058760 -0.746180 -0.001750 -0.008785 0.000000
 40   1.207947 -3.426331 3.209945 -0.005810 -0.028426 0.000672
 41   -4.465091 -1.055224 0.959566 -0.001751 -0.008785 0.000000
 42   -0.673093 1.701208 -3.227693 -0.054674 -0.266182 0.006901
 43   -0.605472 1.690765 2.185762 -0.055336 -0.268620 0.006733
time 33
  0   -0.010486 0.000000 3.164530 0.000000 0.000000 -1.571069
  1   -1.093036 0.000002 1.521656 -0.221665 -1.569082 -1.348744
  2   2.262337 0.113614 0.064702 -0.002256 0.128823 -0.016891
  3   2.380047 0.353302 0.047440 -0.017536 0.130029 -0.028670
  4   2.033756 0.190472 -0.000128 0.023228 -0.123046 -0.142838
  5   2.451511 0.204909 -0.003447 -0.018452 0.009134 -0.012593
  6   7.247600 -0.397300 -0.109469 0.000001 -0.000003 0.156829
  7   -2.022252 -0.104661 3.136172 0.430984 -1.291697 -3.482997
  8   1.168026 -0.537438 -0.063437 0.624939 1.041069 0.762794
  9   6.790376 -0.619176 0.015206 0.005057 0.044965 -0.320889
 10   8.637599 0.544015 -0.090417 -1.500805 0.180913 -0.286459
 11   6.790465 -0.619039 0.017802 0.006578 0.033573 -0.229805
 12   -2.022474 -0.104699 -2.873818 -0.363537 1.334546 -3.510418
 13   1.167898 -0.537463 0.063297 0.053637 -1.202909 -0.071704
 14   7.002743 -0.617765 -0.183752 0.085799 -0.149150 -0.454688
 15   8.209042 0.615527 -0.255885 1.747115 -0.188455 0.226470
 16   7.002735 -0.617911 -0.183641 0.092490 -0.151872 -0.402566
 17   1.574674 0.609930 -0.000899 0.035787 0.052667 0.240239
 18   -0.602177 0.511412 -0.000006 0.000000 0.000000 0.000000
 19   3.677679 0.177020 1.119313 -0.000002 -0.000014 -0.174510
 20   3.673767 0.176993 -1.117566 0.000007 -0.000003 -0.174546
 21   3.938451 1.334540 1.627658 0.000002 -0.000011 -0.000026
 22   -0.246060 -0.011889 0.516521 -0.000011 0.000031 0.000025
 23   3.942374 1.334565 -1.631083 0.000019 0.000002 -0.000024
 24   -0.246150 -0.011872 -0.516511 -0.000005 -0.000006 0.000048
 25   4.941364 1.997338 1.629330 0.000018 -0.000001 -0.000024
 26   4.941382 1.997366 -1.629410 -0.000001 0.000005 -0.000024
 27   2.914462 1.619264 1.514501 -0.000019 -0.000022 -0.000050
 28   2.916892 1.618870 -1.501142 -0.000002 -0.000009 -0.000024
 29   8.824059 0.150544 0.091743 -0.022186 0.093036 -0.074212
 30   2.173587 -0.557273 1.682754 0.062803 0.095714 0.049536
 31   2.078320 -0.526132 -1.896569 0.034168 0.059729 0.015901
 32   -0.814395 -0.093824 3.127092 -0.068810 -3.102358 -0.207937
 33   14.314299 -0.408176 0.471578 0.011993 0.018739 -0.461412
 34   15.843608 0.581398 0.242756 -0.297314 0.008566 -0.117494
 35   -0.815868 -0.091229 -3.114430 0.147437 3.163642 -0.187894
 36   14.278900 -0.410349 -0.471447 0.011718 -0.019427 -0.433505
 37   15.826596 0.579420 -0.284600 0.472989 -0.008866 -0.121291
 38   1.147498 -3.488906 -2.835532 -0.010546 -0.051902 0.001040
 39   -4.387427 -1.066573 -0.746180 -0.003643 -0.018253 0.000000
 40   1.122007 -3.414612 3.186507 -0.012061 -0.059035 0.001405
 41   -4.504154 -1.047411 0.959566 -0.003644 -0.018253 0.000000
 42   -0.673093 1.701208 -3.184723 -0.050383 -0.244640 0.006441
 43   -0.613285 1.690765 2.236545 -0.052375 -0.252630 0.006232
time 34
  0   -0.010486 0.000000 2.973118 0.000000 0.000000 -1.571069
  1   -1.093036 0.000002 1.201333 -0.221665 -1.569082 -1.348744
  2   2.262337 0.113614 0.064702 -0.001976 0.111565 -0.016873
  3   2.380047 0.353302 0.047440 -0.016891 0.115635 -0.028588
  4   2.033756 0.190472 -0.000128 0.019189 -0.101689 -0.142258
  5   2.451511 0.204909 -0.003447 -0.018127 0.007554 -0.012593
  6   7.247600 -0.397300 -0.109469 0.000001 -0.000003 0.156829
  7   -2.022252 -0.104661 3.136172 0.408265 -1.280541 -3.480931
  8   1.168026 -0.537438 -0.063437 0.611587 1.025422 0.748244
  9   6.790376 -0.619176 0.015206 0.006000 0.030482 -0.296211
 10   8.637599 0.544015 -0.090417 -1.500805 0.180913 -0.286459
 11   6.790465 -0.619039 0.017802 0.006169 0.019020 -0.205178
 12   -2.022474 -0.104699 -2.873818 -0.367944 1.336955 -3.514727
 13   1.167898 -0.537463 0.063297 -0.000421 -1.209927 -0.015104
 14   7.002743 -0.617765 -0.183752 0.074242 -0.123256 -0.453121
 15   8.209042 0.615527 -0.255885 1.747115 -0.188455 0.226470
 16   7.002735 -0.617911 -0.183641 0.082274 -0.125483 -0.400911
 17   1.574674 0.609930 -0.000899 0.042815 0.086368 0.242050
 18   -0.602177 0.511412 -0.000006 0.000000 0.000000 0.000000
 19   3.677679 0.177020 1.119313 -0.000002 -0.000014 -0.174510
 20   3.673767 0.176993 -1.117566 0.000007 -0.000003 -0.174546
 21   3.942357 1.334540 1.627658 0.000002 -0.000011 -0.000026
 22   -0.246060 -0.011889 0.516521 -0.000011 0.000031 0.000025
 23   3.942374 1.334565 -1.631083 0.000019 0.000002 -0.000024
 24   -0.246150 -0.011872 -0.516511 -0.000005 -0.000006 0.000048
 25   4.941364 1.997338 1.629330 0.000018 -0.000001 -0.000024
 26   4.941382 1.997366 -1.629410 -0.000001 0.000005 -0.000024
 27   2.914462 1.619264 1.514501 -0.000019 -0.000022 -0.000050
 28   2.916892 1.618870 -1.501142 -0.000002 -0.000009 -0.000024
 29   8.824059 0.150544 0.091743 -0.036089 0.151763 -0.011068
 30   2.212651 -0.557273 1.616346 0.102358 0.156422 0.080715
 31   2.050975 -0.502693 -1.923914 0.055680 0.097338 0.026945
 32   -0.814395 -0.093824 3.127092 -0.068810 -3.102262 -0.185509
 33   14.310391 -0.408176 0.471578 0.011717 0.016619 -0.434972
 34   15.843608 0.581398 0.242756 -0.294209 0.009860 -0.070922
 35   -0.815868 -0.091229 -3.114430 0.147437 3.163642 -0.165435
 36   14.282807 -0.410349 -0.471447 0.009692 -0.016024 -0.407242
 37   15.826596 0.579420 -0.284600 0.458646 -0.012398 -0.073073
 38   1.260782 -3.508438 -2.847251 -0.017197 -0.084583 0.001773
 39   -4.344458 -1.074386 -0.746180 -0.005944 -0.029746 0.000028
 40   1.020442 -3.398986 3.155256 -0.019660 -0.096211 0.002322
 41   -4.547124 -1.039598 0.955660 -0.005945 -0.029746 0.000028
 42   -0.669187 1.701208 -3.133940 -0.044822 -0.216920 0.005771
 43   -0.625004 1.694672 2.306860 -0.048265 -0.230882 0.005562
time 35
  0   -0.010486 0.000000 2.762174 0.000000 0.000000 -1.571069
  1   -1.093036 0.000002 0.849760 -0.221665 -1.569082 -1.348744
  2   2.262337 0.113614 0.064702 -0.001644 0.091935 -0.016836
  3   2.380047 0.353302 0.047440 -0.016126 0.098677 -0.028527
  4   2.033756 0.190472 -0.000128 0.014799 -0.078463 -0.141642
  5   2.451511 0.204909 -0.003447 -0.017784 0.005831 -0.012618
  6   7.247600 -0.397300 -0.109469 0.000001 -0.000003 0.156829
  7   -2.022252 -0.104661 3.136172 0.384493 -1.268318 -3.479616
  8   1.168026 -0.537438 -0.063437 0.596843 1.008365 0.732746
  9   6.790376 -0.619176 0.015206 0.006888 0.014665 -0.269420
 10   8.637599 0.544015 -0.090417 -1.500805 0.180913 -0.286459
 11   6.790465 -0.619039 0.017802 0.005731 0.003215 -0.178359
 12   -2.022474 -0.104699 -2.873818 -0.374842 1.340960 -3.521620
 13   1.167898 -0.537463 0.063297 -0.066640 -1.216640 0.053422
 14   7.002743 -0.617765 -0.183752 0.061660 -0.095091 -0.451058
 15   8.209042 0.615527 -0.255885 1.747115 -0.188455 0.226470
 16   7.002735 -0.617911 -0.183641 0.071164 -0.096725 -0.398869
 17   1.574674 0.609930 -0.000899 0.050411 0.123028 0.244046
 18   -0.602177 0.511412 -0.000006 0.000000 0.000000 0.000000
 19   3.677679 0.177020 1.119313 -0.000002 -0.000014 -0.174510
 20   3.673767 0.176993 -1.117566 0.000007 -0.000003 -0.174546
 21   3.942357 1.334540 1.627658 0.000002 -0.000011 -0.000026
 22   -0.246060 -0.011889 0.516521 -0.000011 0.000031 0.000025
 23   3.942374 1.334565 -1.631083 0.000019 0.000002 -0.000024
 24   -0.246150 -0.011872 -0.516511 -0.000005 -0.000006 0.000048
 25   4.941364 1.997338 1.629330 0.000018 -0.000001 -0.000024
 26   4.941382 1.997366 -1.629410 -0.000001 0.000005 -0.000024
 27   2.914462 1.619264 1.514501 -0.000019 -0.000022 -0.000050
 28   2.916892 1.618870 -1.501142 -0.000002 -0.000009 -0.000024
 29   8.824059 0.150544 0.091743 -0.051329 0.215690 0.057709
 30   2.255620 -0.553366 1.542125 0.145398 0.222478 0.114638
 31   2.023631 -0.479255 -1.951258 0.079091 0.138262 0.040028
 32   -0.814395 -0.093824 3.127092 -0.068717 -3.102262 -0.161147
 33   14.306485 -0.408176 0.471578 0.011417 0.014319 -0.406230
 34   15.839702 0.581398 0.242756 -0.289701 0.011421 -0.020248
 35   -0.815868 -0.091229 -3.114430 0.147525 3.163642 -0.141059
 36   14.286714 -0.410349 -0.471447 0.007499 -0.012332 -0.378662
 37   15.830503 0.579420 -0.284600 0.441682 -0.015290 -0.020546
 38   1.385786 -3.524064 -2.862877 -0.024417 -0.120156 0.002506
 39   -4.297581 -1.086105 -0.746180 -0.008449 -0.042258 0.000056
 40   0.903251 -3.383361 3.120099 -0.027932 -0.136677 0.003299
 41   -4.594001 -1.027879 0.955660 -0.008450 -0.042258 0.000056
 42   -0.669187 1.697302 -3.071438 -0.038279 -0.184430 0.004977
 43   -0.632817 1.694672 2.384987 -0.042992 -0.203751 0.004810
time 36
  0   -0.010486 0.000000 2.551230 0.000000 0.000000 -1.571069
  1   -1.093036 0.000002 0.502093 -0.221665 -1.569082 -1.348744
  2   2.262337 0.113614 0.064702 -0.001301 0.071081 -0.016800
  3   2.380047 0.353302 0.047440 -0.015286 0.079849 -0.028445
  4   2.033756 0.190472 -0.000128 0.010410 -0.055225 -0.141026
  5   2.451511 0.204909 -0.003447 -0.017442 0.004121 -0.012643
  6   7.247600 -0.397300 -0.109469 0.000001 -0.000003 0.156829
  7   -2.022252 -0.104661 3.136172 0.361870 -1.256037 -3.479334
  8   1.168026 -0.537438 -0.063437 0.581592 0.991409 0.717373
  9   6.790376 -0.619176 0.015206 0.007720 -0.001086 -0.242554
 10   8.637599 0.544015 -0.090417 -1.500805 0.180913 -0.286459
 11   6.790465 -0.619039 0.017802 0.005235 -0.012561 -0.151540
 12   -2.022474 -0.104699 -2.873818 -0.385668 1.346910 -3.532248
 13   1.167898 -0.537463 0.063297 -0.142982 -1.222030 0.131451
 14   7.002743 -0.617765 -0.183752 0.049077 -0.066983 -0.448583
 15   8.209042 0.615527 -0.255885 1.747115 -0.188455 0.226470
 16   7.002735 -0.617911 -0.183641 0.060101 -0.067967 -0.396495
 17   1.574674 0.609930 -0.000899 0.058048 0.159688 0.246042
 18   -0.602177 0.511412 -0.000006 0.000000 0.000000 0.000000
 19   3.677679 0.177020 1.119313 -0.000002 -0.000014 -0.174510
 20   3.673767 0.176993 -1.117566 0.000007 -0.000003 -0.174546
 21   3.942357 1.334540 1.627658 0.000002 -0.000011 -0.000026
 22   -0.246060 -0.011889 0.516521 -0.000011 0.000031 0.000025
 23   3.942374 1.334565 -1.631083 0.000019 0.000002 -0.000024
 24   -0.246150 -0.011872 -0.516511 -0.000005 -0.000006 0.000048
 25   4.941364 1.997338 1.629330 0.000018 -0.000001 -0.000024
 26   4.941382 1.997366 -1.629410 -0.000001 0.000005 -0.000024
 27   2.914462 1.619264 1.514501 -0.000019 -0.000022 -0.000050
 28   2.916892 1.618870 -1.501142 -0.000002 -0.000009 -0.000024
 29   8.824059 0.150544 0.091743 -0.066569 0.279593 0.126432
 30   2.298591 -0.549460 1.471810 0.188438 0.288563 0.148561
 31   1.992380 -0.455817 -1.982509 0.102503 0.179186 0.054657
 32   -0.814395 -0.093824 3.127092 -0.068717 -3.102262 -0.136727
 33   14.306485 -0.408176 0.471578 0.011118 0.012044 -0.377409
 34   15.839702 0.581398 0.242756 -0.283536 0.013179 0.030426
 35   -0.815868 -0.091229 -3.114430 0.147525 3.163642 -0.116628
 36   14.286714 -0.410349 -0.471447 0.005294 -0.008653 -0.350082
 37   15.830503 0.579420 -0.284600 0.422788 -0.017594 0.031931
 38   1.510790 -3.543595 -2.874596 -0.031658 -0.155717 0.003239
 39   -4.246799 -1.093918 -0.746180 -0.010954 -0.054770 0.000112
 40   0.789966 -3.367735 3.088848 -0.036204 -0.177131 0.004338
 41   -4.644784 -1.020066 0.951753 -0.010955 -0.054770 0.000112
 42   -0.669187 1.697302 -3.001123 -0.031004 -0.148599 0.004099
 43   -0.644536 1.698578 2.474833 -0.036595 -0.171584 0.003931
time 37
  0   -0.010486 0.000000 2.359818 0.000000 0.000000 -1.571069
  1   -1.093036 0.000002 0.181771 -0.221665 -1.569082 -1.348744
  2   2.262337 0.113614 0.064702 -0.000957 0.050156 -0.016764
  3   2.380047 0.353302 0.047440 -0.014386 0.059835 -0.028364
  4   2.033756 0.190472 -0.000128 0.006390 -0.033880 -0.140446
  5   2.451511 0.204909 -0.003447 -0.017134 0.002541 -0.012643
  6   7.247600 -0.397300 -0.109469 0.000001 -0.000003 0.156829
  7   -2.022252 -0.104661 3.136172 0.342507 -1.244622 -3.480555
  8   1.168026 -0.537438 -0.063437 0.566215 0.975962 0.702823
  9   6.790376 -0.619176 0.015206 0.008442 -0.015502 -0.217876
 10   8.637599 0.544015 -0.090417 -1.500805 0.180913 -0.286459
 11   6.790465 -0.619039 0.017802 0.004767 -0.027029 -0.126856
 12   -2.022474 -0.104699 -2.873818 -0.401956 1.355182 -3.548332
 13   1.167898 -0.537463 0.063297 -0.226564 -1.225234 0.215716
 14   7.002743 -0.617765 -0.183752 0.037691 -0.041146 -0.445860
 15   8.209042 0.615527 -0.255885 1.747115 -0.188455 0.226470
 16   7.002735 -0.617911 -0.183641 0.049980 -0.041634 -0.393846
 17   1.574674 0.609930 -0.000899 0.065035 0.193390 0.247890
 18   -0.602177 0.511412 -0.000006 0.000000 0.000000 0.000000
 19   3.677679 0.177020 1.119313 -0.000002 -0.000014 -0.174510
 20   3.673767 0.176993 -1.117566 0.000007 -0.000003 -0.174546
 21   3.938451 1.334540 1.627658 0.000002 -0.000011 -0.000026
 22   -0.246060 -0.011889 0.516521 -0.000011 0.000031 0.000025
 23   3.942374 1.334565 -1.631083 0.000019 0.000002 -0.000024
 24   -0.246150 -0.011872 -0.516511 -0.000005 -0.000006 0.000048
 25   4.941364 1.997338 1.629330 0.000018 -0.000001 -0.000024
 26   4.941382 1.997366 -1.629410 -0.000001 0.000005 -0.000024
 27   2.914462 1.619264 1.514501 -0.000019 -0.000022 -0.000050
 28   2.916892 1.618870 -1.501142 -0.000002 -0.000009 -0.000024
 29   8.824059 0.150544 0.091743 -0.080561 0.338344 0.189629
 30   2.337654 -0.549460 1.405402 0.227993 0.349271 0.179739
 31   1.965035 -0.432379 -2.009854 0.124015 0.216795 0.070323
 32   -0.814395 -0.093824 3.127092 -0.068717 -3.102358 -0.114300
 33   14.302579 -0.408176 0.471578 0.010842 0.009963 -0.350969
 34   15.835795 0.581398 0.242756 -0.275531 0.015204 0.076954
 35   -0.815868 -0.091229 -3.114430 0.147613 3.163642 -0.094224
 36   14.290620 -0.410349 -0.471447 0.003268 -0.005285 -0.323819
 37   15.834409 0.579420 -0.284600 0.402613 -0.019411 0.080148
 38   1.627981 -3.559221 -2.886315 -0.038309 -0.188411 0.003911
 39   -4.203828 -1.105637 -0.742274 -0.013255 -0.066263 0.000168
 40   0.684494 -3.352110 3.057597 -0.043824 -0.214307 0.005193
 41   -4.687754 -1.008347 0.951753 -0.013256 -0.066263 0.000168
 42   -0.665281 1.697302 -2.922996 -0.023274 -0.110820 0.003137
 43   -0.652349 1.698578 2.572493 -0.029086 -0.134756 0.002969
time 38
  0   -0.010486 0.000000 2.199657 0.000000 0.000000 -1.571069
  1   -1.093036 0.000002 -0.083862 -0.221665 -1.569082 -1.348744
  2   2.262337 0.113614 0.064702 -0.000638 0.030310 -0.016746
  3   2.380047 0.353302 0.047440 -0.013456 0.039341 -0.028303
  4   2.033756 0.190472 -0.000128 0.003070 -0.016299 -0.139975
  5   2.451511 0.204909 -0.003447 -0.016877 0.001235 -0.012668
  6   7.247600 -0.397300 -0.109469 0.000001 -0.000003 0.156829
  7   -2.022252 -0.104661 3.136172 0.328512 -1.235022 -3.483654
  8   1.168026 -0.537438 -0.063437 0.551091 0.963485 0.689855
  9   6.790376 -0.619176 0.015206 0.008996 -0.027381 -0.197500
 10   8.637599 0.544015 -0.090417 -1.500805 0.180913 -0.286459
 11   6.790465 -0.619039 0.017802 0.004388 -0.038911 -0.106496
 12   -2.022474 -0.104699 -2.873818 -0.426099 1.365979 -3.572267
 13   1.167898 -0.537463 0.063297 -0.314083 -1.225539 0.302280
 14   7.002743 -0.617765 -0.183752 0.028240 -0.019908 -0.442725
 15   8.209042 0.615527 -0.255885 1.747115 -0.188455 0.226470
 16   7.002735 -0.617911 -0.183641 0.041742 -0.019924 -0.390866
 17   1.574674 0.609930 -0.000899 0.070803 0.221128 0.249368
 18   -0.602177 0.511412 -0.000006 0.000000 0.000000 0.000000
 19   3.677679 0.177020 1.119313 -0.000002 -0.000014 -0.174510
 20   3.673767 0.176993 -1.117566 0.000007 -0.000003 -0.174546
 21   3.938451 1.334540 1.627658 0.000002 -0.000011 -0.000026
 22   -0.246060 -0.011889 0.516521 -0.000011 0.000031 0.000025
 23   3.942374 1.334565 -1.631083 0.000019 0.000002 -0.000024
 24   -0.246150 -0.011872 -0.516511 -0.000005 -0.000006 0.000048
 25   4.941364 1.997338 1.629330 0.000018 -0.000001 -0.000024
 26   4.941382 1.997366 -1.629410 -0.000001 0.000005 -0.000024
 27   2.914462 1.619264 1.514501 -0.000019 -0.000022 -0.000050
 28   2.916892 1.618870 -1.501142 -0.000002 -0.000009 -0.000024
 29   8.824059 0.150544 0.091743 -0.092058 0.386699 0.241614
 30   2.372812 -0.545554 1.350713 0.260565 0.399256 0.205407
 31   1.941597 -0.412847 -2.033292 0.141727 0.247773 0.086554
 32   -0.814395 -0.093824 3.127092 -0.068717 -3.102358 -0.095800
 33   14.298673 -0.408176 0.471578 0.010626 0.008270 -0.329214
 34   15.835795 0.581398 0.242756 -0.265433 0.017425 0.115323
 35   -0.815868 -0.091229 -3.114430 0.147701 3.163642 -0.075764
 36   14.294526 -0.410349 -0.471447 0.001591 -0.002517 -0.302190
 37   15.834409 0.579420 -0.284600 0.381847 -0.020793 0.119898
 38   1.721734 -3.574846 -2.898034 -0.043782 -0.215320 0.004461
 39   -4.164764 -1.113450 -0.742274 -0.015149 -0.075731 0.000224
 40   0.594648 -3.340391 3.030252 -0.050076 -0.244927 0.005987
 41   -4.726818 -1.000534 0.947847 -0.015150 -0.075731 0.000224
 42   -0.665281 1.697302 -2.844869 -0.015352 -0.072520 0.002133
 43   -0.660162 1.698578 2.674058 -0.020465 -0.093644 0.002007
time 39
  0   -0.010486 0.000000 2.094185 0.000000 0.000000 -1.571069
  1   -1.093036 0.000002 -0.263555 -0.221665 -1.569082 -1.348744
  2   2.262337 0.113614 0.064702 -0.000345 0.012680 -0.016710
  3   2.380047 0.353302 0.047440 -0.012556 0.019063 -0.028262
  4   2.033756 0.190472 -0.000128 0.000820 -0.004374 -0.139648
  5   2.451511 0.204909 -0.003447 -0.016689 0.000348 -0.012668
  6   7.247600 -0.397300 -0.109469 0.000001 -0.000003 0.156829
  7   -2.022252 -0.104661 3.136172 0.322185 -1.228190 -3.488820
  8   1.168026 -0.537438 -0.063437 0.536473 0.955485 0.678911
  9   6.790376 -0.619176 0.015206 0.009385 -0.035390 -0.183614
 10   8.637599 0.544015 -0.090417 -1.500805 0.180913 -0.286459
 11   6.790465 -0.619039 0.017802 0.004125 -0.046984 -0.092654
 12   -2.022474 -0.104699 -2.873818 -0.461835 1.379678 -3.607596
 13   1.167898 -0.537463 0.063297 -0.401672 -1.222437 0.387029
 14   7.002743 -0.617765 -0.183752 0.021921 -0.005598 -0.439260
 15   8.209042 0.615527 -0.255885 1.747115 -0.188455 0.226470
 16   7.002735 -0.617911 -0.183641 0.036140 -0.005263 -0.387664
 17   1.574674 0.609930 -0.000899 0.074703 0.239966 0.250403
 18   -0.602177 0.511412 -0.000006 0.000000 0.000000 0.000000
 19   3.677679 0.177020 1.119313 -0.000002 -0.000014 -0.174510
 20   3.673767 0.176993 -1.117566 0.000007 -0.000003 -0.174546
 21   3.938451 1.334540 1.627658 0.000002 -0.000011 -0.000026
 22   -0.246060 -0.011889 0.516521 -0.000011 0.000031 0.000025
 23   3.942374 1.334565 -1.631083 0.000019 0.000002 -0.000024
 24   -0.246150 -0.011872 -0.516511 -0.000005 -0.000006 0.000048
 25   4.941364 1.997338 1.629330 0.000018 -0.000001 -0.000024
 26   4.941382 1.997366 -1.629410 -0.000001 0.000005 -0.000024
 27   2.914462 1.619264 1.514501 -0.000019 -0.000022 -0.000050
 28   2.916892 1.618870 -1.501142 -0.000002 -0.000009 -0.000024
 29   8.824059 0.150544 0.091743 -0.099812 0.419528 0.276915
 30   2.392344 -0.545554 1.315556 0.282654 0.433171 0.222818
 31   1.925972 -0.401128 -2.048917 0.153755 0.268779 0.102821
 32   -0.814395 -0.093824 3.127092 -0.068717 -3.102358 -0.083277
 33   14.298673 -0.408176 0.471578 0.010471 0.007119 -0.314446
 34   15.835795 0.581398 0.242756 -0.253011 0.019938 0.141344
 35   -0.815868 -0.091229 -3.114430 0.147701 3.163736 -0.063220
 36   14.294526 -0.410349 -0.467541 0.000452 -0.000647 -0.287514
 37   15.834409 0.579420 -0.284600 0.361179 -0.021868 0.146872
 38   1.784236 -3.582659 -2.905847 -0.047487 -0.233588 0.004889
 39   -4.141326 -1.117356 -0.738367 -0.016431 -0.082154 0.000309
 40   0.536052 -3.332578 3.014627 -0.054328 -0.265703 0.006476
 41   -4.750256 -0.996628 0.947847 -0.016432 -0.082154 0.000309
 42   -0.661374 1.697302 -2.766741 -0.007502 -0.035109 0.001046
 43   -0.664068 1.698578 2.775624 -0.010770 -0.048594 0.000962
time 40
  0   -0.010486 0.000000 2.055121 0.000000 0.000000 -1.571069
  1   -1.093036 0.000002 -0.326057 -0.221665 -1.569082 -1.348744
  2   2.262337 0.113614 0.064702 -0.000103 -0.001569 -0.016710
  3   2.380047 0.353302 0.047440 -0.011686 -0.000316 -0.028262
  4   2.033756 0.190472 -0.000128 -0.000010 0.000024 -0.139576
  5   2.451511 0.204909 -0.003447 -0.016638 0.000021 -0.012668
  6   7.247600 -0.397300 -0.109469 0.000001 -0.000003 0.156829
  7   -2.022252 -0.104661 3.136172 0.325732 -1.225077 -3.496615
  8   1.168026 -0.537438 -0.063437 0.522488 0.953472 0.670561
  9   6.790376 -0.619176 0.015206 0.009496 -0.038327 -0.178557
 10   8.637599 0.544015 -0.090417 -1.500805 0.180913 -0.286459
 11   6.790465 -0.619039 0.017802 0.004008 -0.049968 -0.087579
 12   -2.022474 -0.104699 -2.873818 -0.514912 1.396280 -3.660349
 13   1.167898 -0.537463 0.063297 -0.485676 -1.215826 0.465482
 14   7.002743 -0.617765 -0.183752 0.019643 -0.000431 -0.435547
 15   8.209042 0.615527 -0.255885 1.747115 -0.188455 0.226470
 16   7.002735 -0.617911 -0.183641 0.034116 0.000037 -0.384298
 17   1.574674 0.609930 -0.000899 0.076165 0.246901 0.250773
 18   -0.602177 0.511412 -0.000006 0.000000 0.000000 0.000000
 19   3.677679 0.177020 1.119313 -0.000002 -0.000014 -0.174510
 20   3.673767 0.176993 -1.117566 0.000007 -0.000003 -0.174546
 21   3.942357 1.334540 1.627658 0.000002 -0.000011 -0.000026
 22   -0.246060 -0.011889 0.516521 -0.000011 0.000031 0.000025
 23   3.942374 1.334565 -1.631083 0.000019 0.000002 -0.000024
 24   -0.246150 -0.011872 -0.516511 -0.000005 -0.000006 0.000048
 25   4.941364 1.997338 1.629330 0.000018 -0.000001 -0.000024
 26   4.941382 1.997366 -1.629410 -0.000001 0.000005 -0.000024
 27   2.914462 1.619264 1.514501 -0.000019 -0.000022 -0.000050
 28   2.916892 1.618870 -1.501142 -0.000002 -0.000009 -0.000024
 29   8.824059 0.150544 0.091743 -0.102753 0.431635 0.289951
 30   2.400156 -0.545554 1.299930 0.290804 0.445696 0.229230
 31   1.922065 -0.393315 -2.052824 0.158183 0.276524 0.118632
 32   -0.814395 -0.093824 3.127092 -0.068717 -3.102358 -0.078667
 33   14.298673 -0.408176 0.471578 0.010423 0.006706 -0.308968
 34   15.835795 0.581398 0.242756 -0.238037 0.022720 0.150958
 35   -0.815868 -0.091229 -3.114430 0.147701 3.163736 -0.058618
 36   14.294526 -0.410349 -0.467541 0.000033 0.000036 -0.282107
 37   15.834409 0.579420 -0.284600 0.341240 -0.022739 0.156809
 38   1.811581 -3.586565 -2.905847 -0.048855 -0.240312 0.005011
 39   -4.133513 -1.117356 -0.734461 -0.016910 -0.084527 0.000393
 40   0.512614 -3.328671 3.006814 -0.055885 -0.273355 0.006659
 41   -4.758069 -0.996628 0.947847 -0.016911 -0.084527 0.000393
 42   -0.657468 1.697302 -2.688614 0.000000 0.000002 0.000000
 43   -0.664068 1.698578 2.869377 0.000000 0.000002 0.000000
time 41
  0   -0.010486 0.000000 2.094185 0.000000 0.000000 -1.571069
  1   -1.093036 0.000002 -0.263555 -0.221665 -1.569082 -1.348744
  2   2.262337 0.113614 0.064702 0.000062 -0.012583 -0.016710
  3   2.380047 0.353302 0.047440 -0.010876 -0.018209 -0.028262
  4   2.033756 0.190472 -0.000128 0.000138 -0.000863 -0.139576
  5   2.451511 0.204909 -0.003447 -0.017271 0.003194 -0.012668
  6   7.247600 -0.397300 -0.109469 0.000001 -0.000003 0.156829
  7   -2.022252 -0.104661 3.136172 0.340015 -1.229459 -3.510514
  8   1.168026 -0.537438 -0.063437 0.506415 0.957296 0.659300
  9   6.790376 -0.619176 0.015206 0.001507 -0.029651 -0.183915
 10   8.637599 0.544015 -0.090417 -1.500805 0.180913 -0.286459
 11   6.790465 -0.619039 0.017802 -0.003145 -0.040474 -0.092827
 12   -2.022474 -0.104699 -2.873818 -0.597881 1.416132 -3.742878
 13   1.167898 -0.537463 0.063297 -0.564338 -1.207028 0.535823
 14   7.002743 -0.617765 -0.183752 0.022034 -0.006905 -0.427131
 15   8.209042 0.615527 -0.255885 1.747115 -0.188455 0.226470
 16   7.002735 -0.617911 -0.183641 0.036140 -0.006560 -0.376074
 17   1.574674 0.609930 -0.000899 0.073606 0.234310 0.250366
 18   -0.602177 0.511412 -0.000006 0.000000 0.000000 0.000000
 19   3.677679 0.177020 1.119313 -0.000002 -0.000014 -0.174510
 20   3.673767 0.176993 -1.117566 0.000007 -0.000003 -0.174546
 21   3.942357 1.334540 1.627658 0.000002 -0.000011 -0.000026
 22   -0.246060 -0.011889 0.516521 -0.000011 0.000031 0.000025
 23   3.942374 1.334565 -1.631083 0.000019 0.000002 -0.000024
 24   -0.246150 -0.011872 -0.516511 -0.000005 -0.000006 0.000048
 25   4.941364 1.997338 1.629330 0.000018 -0.000001 -0.000024
 26   4.941382 1.997366 -1.629410 -0.000001 0.000005 -0.000024
 27   2.914462 1.619264 1.514501 -0.000019 -0.000022 -0.000050
 28   2.920798 1.618870 -1.501142 -0.000002 -0.000009 -0.000024
 29   8.824059 0.150544 0.091743 -0.095712 0.408894 0.289898
 30   2.392344 -0.553366 1.311649 0.277366 0.427155 0.219966
 31   1.933784 -0.401128 -2.037198 0.146676 0.256761 0.133571
 32   -0.814395 -0.093824 3.127092 -0.068717 -3.102358 -0.083277
 33   14.298673 -0.408176 0.471578 0.010471 0.007119 -0.314446
 34   15.835795 0.581398 0.242756 -0.219589 0.025771 0.138169
 35   -0.815868 -0.091229 -3.114430 0.147701 3.163736 -0.063220
 36   14.294526 -0.410349 -0.467541 0.000452 -0.000647 -0.287514
 37   15.834409 0.579420 -0.284600 0.322582 -0.023481 0.148038
 38   1.776423 -3.578753 -2.901940 -0.046392 -0.228129 0.005011
 39   -4.149139 -1.113450 -0.722742 -0.015868 -0.079350 0.000505
 40   0.547771 -3.336484 3.010720 -0.053212 -0.260244 0.006659
 41   -4.738537 -1.000534 0.951753 -0.015869 -0.079350 0.000505
 42   -0.649655 1.697302 -2.614393 0.006939 0.031648 -0.001046
 43   -0.660162 1.698578 2.959223 0.011757 0.051580 -0.000962
time 42
  0   -0.010486 0.000000 2.199657 0.000000 0.000000 -1.571069
  1   -1.093036 0.000002 -0.083862 -0.221665 -1.569082 -1.348744
  2   2.262337 0.113614 0.064702 0.000202 -0.021416 -0.016710
  3   2.380047 0.353302 0.047440 -0.010141 -0.034460 -0.028282
  4   2.033756 0.190472 -0.000128 0.000599 -0.003248 -0.139612
  5   2.451511 0.204909 -0.003447 -0.018983 0.011810 -0.012668
  6   7.247600 -0.397300 -0.109469 0.000001 -0.000003 0.156829
  7   -2.022252 -0.104661 3.136172 0.364075 -1.242835 -3.533054
  8   1.168026 -0.537438 -0.063437 0.485975 0.964994 0.640512
  9   6.790376 -0.619176 0.015206 -0.020241 -0.005758 -0.198330
 10   8.637599 0.544015 -0.090417 -1.500805 0.180913 -0.286459
 11   6.790465 -0.619039 0.017802 -0.022589 -0.014721 -0.107015
 12   -2.022474 -0.104699 -2.873818 -0.727412 1.437755 -3.871745
 13   1.167898 -0.537463 0.063297 -0.637587 -1.197773 0.598416
 14   7.002743 -0.617765 -0.183752 0.028411 -0.024224 -0.411043
 15   8.209042 0.615527 -0.255885 1.747115 -0.188455 0.226470
 16   7.002735 -0.617911 -0.183641 0.041601 -0.024153 -0.359902
 17   1.574674 0.609930 -0.000899 0.066619 0.200206 0.249220
 18   -0.602177 0.511412 -0.000006 0.000000 0.000000 0.000000
 19   3.677679 0.177020 1.119313 -0.000002 -0.000014 -0.174510
 20   3.673767 0.176993 -1.117566 0.000007 -0.000003 -0.174546
 21   3.942357 1.334540 1.627658 0.000002 -0.000011 -0.000026
 22   -0.246060 -0.011889 0.516521 -0.000011 0.000031 0.000025
 23   3.942374 1.334565 -1.631083 0.000019 0.000002 -0.000024
 24   -0.246150 -0.011872 -0.516511 -0.000005 -0.000006 0.000048
 25   4.941364 1.997338 1.629330 0.000018 -0.000001 -0.000024
 26   4.941382 1.997366 -1.629410 -0.000001 0.000005 -0.000024
 27   2.914462 1.619264 1.514501 -0.000019 -0.000022 -0.000050
 28   2.916892 1.618870 -1.501142 -0.000002 -0.000009 -0.000024
 29   8.824059 0.150544 0.091743 -0.076640 0.347222 0.289576
 30   2.361093 -0.568992 1.338994 0.240902 0.376908 0.194835
 31   1.972848 -0.412847 -1.990322 0.115450 0.203145 0.147454
 32   -0.814395 -0.093824 3.127092 -0.068717 -3.102358 -0.095800
 33   14.298673 -0.408176 0.471578 0.010626 0.008270 -0.329214
 34   15.835795 0.581398 0.242756 -0.197713 0.028992 0.103548
 35   -0.815868 -0.091229 -3.114430 0.147701 3.163642 -0.075764
 36   14.294526 -0.410349 -0.471447 0.001591 -0.002517 -0.302190
 37   15.834409 0.579420 -0.284600 0.305323 -0.024121 0.124259
 38   1.678764 -3.559221 -2.894128 -0.039656 -0.195038 0.005011
 39   -4.196015 -1.105637 -0.703210 -0.013051 -0.065292 0.000617
 40   0.637618 -3.356016 3.018533 -0.045971 -0.224634 0.006598
 41   -4.676035 -1.012254 0.967379 -0.013052 -0.065292 0.000617
 42   -0.637936 1.697302 -2.544078 0.013255 0.059675 -0.002049
 43   -0.640630 1.698578 3.045164 0.024139 0.104711 -0.001882
time 43
  0   -0.010486 0.000000 2.359818 0.000000 0.000000 -1.571069
  1   -1.093036 0.000002 0.181771 -0.221665 -1.569082 -1.348744
  2   2.262337 0.113614 0.064702 0.000317 -0.028283 -0.016710
  3   2.380047 0.353302 0.047440 -0.009496 -0.049009 -0.028303
  4   2.033756 0.190472 -0.000128 0.001244 -0.006771 -0.139648
  5   2.451511 0.204909 -0.003447 -0.021516 0.024513 -0.012668
  6   7.247600 -0.397300 -0.109469 0.000001 -0.000003 0.156829
  7   -2.022252 -0.104661 3.136172 0.397817 -1.262841 -3.564610
  8   1.168026 -0.537438 -0.063437 0.462308 0.975510 0.615967
  9   6.790376 -0.619176 0.015206 -0.052309 0.029481 -0.219612
 10   8.637599 0.544015 -0.090417 -1.500805 0.180913 -0.286459
 11   6.790465 -0.619039 0.017802 -0.051260 0.023255 -0.127894
 12   -2.022474 -0.104699 -2.873818 -0.922763 1.457956 -4.066387
 13   1.167898 -0.537463 0.063297 -0.704579 -1.188365 0.653200
 14   7.002743 -0.617765 -0.183752 0.037748 -0.049663 -0.389179
 15   8.209042 0.615527 -0.255885 1.747115 -0.188455 0.226470
 16   7.002735 -0.617911 -0.183641 0.049604 -0.050035 -0.337825
 17   1.574674 0.609930 -0.000899 0.056342 0.149914 0.247520
 18   -0.602177 0.511412 -0.000006 0.000000 0.000000 0.000000
 19   3.677679 0.177020 1.119313 -0.000002 -0.000014 -0.174510
 20   3.673767 0.176993 -1.117566 0.000007 -0.000003 -0.174546
 21   3.938451 1.334540 1.627658 0.000002 -0.000011 -0.000026
 22   -0.246060 -0.011889 0.516521 -0.000011 0.000031 0.000025
 23   3.942374 1.334565 -1.631083 0.000019 0.000002 -0.000024
 24   -0.246150 -0.011872 -0.516511 -0.000005 -0.000006 0.000048
 25   4.941364 1.997338 1.629330 0.000018 -0.000001 -0.000024
 26   4.941382 1.997366 -1.629410 -0.000001 0.000005 -0.000024
 27   2.914462 1.619264 1.514501 -0.000019 -0.000022 -0.000050
 28   2.916892 1.618870 -1.501142 -0.000002 -0.000009 -0.000024
 29   8.824059 0.150544 0.091743 -0.048655 0.256306 0.288610
 30   2.318122 -0.596336 1.381964 0.187163 0.302861 0.157781
 31   2.031444 -0.432379 -1.923914 0.069439 0.124120 0.160136
 32   -0.814395 -0.093824 3.127092 -0.068717 -3.102358 -0.114300
 33   14.302579 -0.408176 0.471578 0.010842 0.009963 -0.350969
 34   15.835795 0.581398 0.242756 -0.173652 0.032213 0.052565
 35   -0.815868 -0.091229 -3.114430 0.147613 3.163642 -0.094224
 36   14.290620 -0.410349 -0.471447 0.003268 -0.005285 -0.323819
 37   15.834409 0.579420 -0.284600 0.289502 -0.024607 0.089224
 38   1.538135 -3.531876 -2.878502 -0.029763 -0.146270 0.005011
 39   -4.262424 -1.093918 -0.675865 -0.008905 -0.044571 0.000757
 40   0.770434 -3.383361 3.034159 -0.035278 -0.172178 0.006537
 41   -4.582282 -1.031785 0.990817 -0.008906 -0.044571 0.000757
 42   -0.622311 1.697302 -2.481576 0.018912 0.084130 -0.003053
 43   -0.617192 1.694672 3.123291 0.036708 0.157748 -0.002718
time 44
  0   -0.010486 0.000000 2.551230 0.000000 0.000000 -1.571069
  1   -1.093036 0.000002 0.502093 -0.221665 -1.569082 -1.348744
  2   2.262337 0.113614 0.064702 0.000394 -0.033448 -0.016710
  3   2.380047 0.353302 0.047440 -0.008926 -0.061797 -0.028323
  4   2.033756 0.190472 -0.000128 0.002037 -0.011038 -0.139721
  5   2.451511 0.204909 -0.003447 -0.024597 0.039932 -0.012668
  6   7.247600 -0.397300 -0.109469 0.000001 -0.000003 0.156829
  7   -2.022252 -0.104661 3.136172 0.441624 -1.286998 -3.605840
  8   1.168026 -0.537438 -0.063437 0.436616 0.987736 0.587373
  9   6.790376 -0.619176 0.015206 -0.091311 0.072262 -0.245421
 10   8.637599 0.544015 -0.090417 -1.500805 0.180913 -0.286459
 11   6.790465 -0.619039 0.017802 -0.086091 0.069417 -0.153213
 12   -2.022474 -0.104699 -2.873818 -1.198400 1.472613 -4.341355
 13   1.167898 -0.537463 0.063297 -0.764612 -1.179109 0.700296
 14   7.002743 -0.617765 -0.183752 0.049077 -0.080497 -0.363602
 15   8.209042 0.615527 -0.255885 1.747115 -0.188455 0.226470
 16   7.002735 -0.617911 -0.183641 0.059348 -0.081444 -0.311940
 17   1.574674 0.609930 -0.000899 0.043912 0.088853 0.245450
 18   -0.602177 0.511412 -0.000006 0.000000 0.000000 0.000000
 19   3.677679 0.177020 1.119313 -0.000002 -0.000014 -0.174510
 20   3.673767 0.176993 -1.117566 0.000007 -0.000003 -0.174546
 21   3.942357 1.334540 1.627658 0.000002 -0.000011 -0.000026
 22   -0.246060 -0.011889 0.516521 -0.000011 0.000031 0.000025
 23   3.942374 1.334565 -1.631083 0.000019 0.000002 -0.000024
 24   -0.246150 -0.011872 -0.516511 -0.000005 -0.000006 0.000048
 25   4.941364 1.997338 1.629330 0.000018 -0.000001 -0.000024
 26   4.941382 1.997366 -1.629410 -0.000001 0.000005 -0.000024
 27   2.914462 1.619264 1.514501 -0.000019 -0.000022 -0.000050
 28   2.916892 1.618870 -1.501142 -0.000002 -0.000009 -0.000024
 29   8.824059 0.150544 0.091743 -0.014521 0.145924 0.286786
 30   2.263433 -0.631494 1.436653 0.121898 0.212917 0.112772
 31   2.101758 -0.455817 -1.841880 0.013560 0.028155 0.171509
 32   -0.814395 -0.093824 3.127092 -0.068717 -3.102262 -0.136727
 33   14.306485 -0.408176 0.471578 0.011118 0.012044 -0.377409
 34   15.839702 0.581398 0.242756 -0.148695 0.035288 -0.009399
 35   -0.815868 -0.091229 -3.114430 0.147525 3.163642 -0.116628
 36   14.286714 -0.410349 -0.471447 0.005294 -0.008653 -0.350082
 37   15.830503 0.579420 -0.284600 0.275139 -0.024965 0.046735
 38   1.366254 -3.496719 -2.858970 -0.017723 -0.087053 0.004950
 39   -4.348364 -1.074386 -0.644614 -0.003859 -0.019427 0.000897
 40   0.934502 -3.414612 3.053690 -0.022291 -0.108466 0.006415
 41   -4.468997 -1.055224 1.022068 -0.003860 -0.019427 0.000897
 42   -0.602779 1.697302 -2.422981 0.023897 0.105090 -0.003931
 43   -0.585941 1.694672 3.193605 0.049027 0.209059 -0.003513
time 45
  0   -0.010486 0.000000 2.762174 0.000000 0.000000 -1.571069
  1   -1.093036 0.000002 0.849760 -0.221665 -1.569082 -1.348744
  2   2.262337 0.113614 0.064702 0.000457 -0.037140 -0.016710
  3   2.380047 0.353302 0.047440 -0.008431 -0.072763 -0.028364
  4   2.033756 0.190472 -0.000128 0.002922 -0.015688 -0.139793
  5   2.451511 0.204909 -0.003447 -0.027952 0.056708 -0.012643
  6   7.247600 -0.397300 -0.109469 0.000001 -0.000003 0.156829
  7   -2.022252 -0.104661 3.136172 0.495880 -1.312914 -3.657306
  8   1.168026 -0.537438 -0.063437 0.410102 1.000617 0.556692
  9   6.790376 -0.619176 0.015206 -0.133697 0.118846 -0.273344
 10   8.637599 0.544015 -0.090417 -1.500805 0.180913 -0.286459
 11   6.790465 -0.619039 0.017802 -0.123988 0.119673 -0.180666
 12   -2.022474 -0.104699 -2.873818 -1.529605 1.477895 -4.671854
 13   1.167898 -0.537463 0.063297 -0.817053 -1.170261 0.739704
 14   7.002743 -0.617765 -0.183752 0.061432 -0.114057 -0.336458
 15   8.209042 0.615527 -0.255885 1.747115 -0.188455 0.226470
 16   7.002735 -0.617911 -0.183641 0.069940 -0.115615 -0.284399
 17   1.574674 0.609930 -0.000899 0.030344 0.022397 0.243233
 18   -0.602177 0.511412 -0.000006 0.000000 0.000000 0.000000
 19   3.677679 0.177020 1.119313 -0.000002 -0.000014 -0.174510
 20   3.673767 0.176993 -1.117566 0.000007 -0.000003 -0.174546
 21   3.938451 1.334540 1.627658 0.000002 -0.000011 -0.000026
 22   -0.246060 -0.011889 0.516521 -0.000011 0.000031 0.000025
 23   3.942374 1.334565 -1.631083 0.000019 0.000002 -0.000024
 24   -0.246150 -0.011872 -0.516511 -0.000005 -0.000006 0.000048
 25   4.941364 1.997338 1.629330 0.000018 -0.000001 -0.000024
 26   4.941382 1.997366 -1.629410 -0.000001 0.000005 -0.000024
 27   2.914462 1.619264 1.514501 -0.000019 -0.000022 -0.000050
 28   2.916892 1.618870 -1.501142 -0.000002 -0.000009 -0.000024
 29   8.824059 0.150544 0.091743 0.022465 0.025810 0.283835
 30   2.204838 -0.670557 1.491342 0.050883 0.115068 0.063796
 31   2.175979 -0.483162 -1.752033 -0.047237 -0.076228 0.181480
 32   -0.814395 -0.093824 3.127092 -0.068717 -3.102262 -0.161147
 33   14.306485 -0.408176 0.471578 0.011417 0.014319 -0.406230
 34   15.839702 0.581398 0.242756 -0.124082 0.038070 -0.076876
 35   -0.815868 -0.091229 -3.114430 0.147525 3.163642 -0.141059
 36   14.286714 -0.410349 -0.471447 0.007499 -0.012332 -0.378662
 37   15.830503 0.579420 -0.284600 0.262273 -0.025196 0.000394
 38   1.178749 -3.461562 -2.835532 -0.004652 -0.022619 0.004950
 39   -4.438210 -1.058760 -0.609457 0.001606 0.007934 0.001010
 40   1.110288 -3.449769 3.073222 -0.008167 -0.039139 0.006232
 41   -4.351806 -1.074755 1.057225 0.001605 0.007934 0.001010
 42   -0.579341 1.693396 -2.372198 0.028176 0.122630 -0.004768
 43   -0.550783 1.690765 3.252201 0.060646 0.256965 -0.004224
time 46
  0   -0.010486 0.000000 2.973118 0.000000 0.000000 -1.571069
  1   -1.093036 0.000002 1.201333 -0.221665 -1.569082 -1.348744
  2   2.262337 0.113614 0.064702 0.000495 -0.039620 -0.016710
  3   2.380047 0.353302 0.047440 -0.008026 -0.081871 -0.028384
  4   2.033756 0.190472 -0.000128 0.003789 -0.020338 -0.139830
  5   2.451511 0.204909 -0.003447 -0.031290 0.073485 -0.012643
  6   7.247600 -0.397300 -0.109469 0.000001 -0.000003 0.156829
  7   -2.022252 -0.104661 3.136172 0.559913 -1.338166 -3.718539
  8   1.168026 -0.537438 -0.063437 0.384347 1.013145 0.526074
  9   6.790376 -0.619176 0.015206 -0.176084 0.165431 -0.301192
 10   8.637599 0.544015 -0.090417 -1.500805 0.180913 -0.286459
 11   6.790465 -0.619039 0.017802 -0.161885 0.169957 -0.208004
 12   -2.022474 -0.104699 -2.873818 -1.840115 1.473310 -4.981863
 13   1.167898 -0.537463 0.063297 -0.861129 -1.162073 0.771485
 14   7.002743 -0.617765 -0.183752 0.073843 -0.147617 -0.309561
 15   8.209042 0.615527 -0.255885 1.747115 -0.188455 0.226470
 16   7.002735 -0.617911 -0.183641 0.080580 -0.149786 -0.257189
 17   1.574674 0.609930 -0.000899 0.016777 -0.044012 0.240978
 18   -0.602177 0.511412 -0.000006 0.000000 0.000000 0.000000
 19   3.677679 0.177020 1.119313 -0.000002 -0.000014 -0.174510
 20   3.673767 0.176993 -1.117566 0.000007 -0.000003 -0.174546
 21   3.938451 1.334540 1.627658 0.000002 -0.000011 -0.000026
 22   -0.246060 -0.011889 0.516521 -0.000011 0.000031 0.000025
 23   3.942374 1.334565 -1.631083 0.000019 0.000002 -0.000024
 24   -0.246150 -0.011872 -0.516511 -0.000005 -0.000006 0.000048
 25   4.941364 1.997338 1.629330 0.000018 -0.000001 -0.000024
 26   4.941382 1.997366 -1.629410 -0.000001 0.000005 -0.000024
 27   2.914462 1.619264 1.514501 -0.000019 -0.000022 -0.000050
 28   2.916892 1.618870 -1.501142 -0.000002 -0.000009 -0.000024
 29   8.824059 0.150544 0.091743 0.059451 -0.094281 0.279329
 30   2.146242 -0.705715 1.553844 -0.020118 0.017191 0.014820
 31   2.254107 -0.510506 -1.662187 -0.108050 -0.180662 0.189886
 32   -0.814395 -0.093824 3.127092 -0.068810 -3.102262 -0.185509
 33   14.310391 -0.408176 0.471578 0.011717 0.016619 -0.434972
 34   15.843608 0.581398 0.242756 -0.101079 0.040462 -0.144353
 35   -0.815868 -0.091229 -3.114430 0.147437 3.163642 -0.165435
 36   14.282807 -0.410349 -0.471447 0.009692 -0.016024 -0.407242
 37   15.826596 0.579420 -0.284600 0.250944 -0.025298 -0.045897
 38   0.999056 -3.426404 -2.819907 0.008420 0.041803 0.004889
 39   -4.524150 -1.043135 -0.574300 0.007095 0.035307 0.001122
 40   1.282169 -3.481020 3.096661 0.005936 0.030176 0.005987
 41   -4.230709 -1.098194 1.088476 0.007094 0.035307 0.001122
 42   -0.559809 1.693396 -2.329228 0.031735 0.136828 -0.005479
 43   -0.519532 1.686859 3.302984 0.071129 0.299865 -0.004810
time 47
  0   -0.010486 0.000000 3.164530 0.000000 0.000000 -1.571069
  1   -1.093036 0.000002 1.521656 -0.221665 -1.569082 -1.348744
  2   2.262337 0.113614 0.064702 0.000521 -0.041130 -0.016710
  3   2.380047 0.353302 0.047440 -0.007696 -0.089038 -0.028425
  4   2.033756 0.190472 -0.000128 0.004582 -0.024616 -0.139902
  5   2.451511 0.204909 -0.003447 -0.034371 0.088903 -0.012643
  6   7.247600 -0.397300 -0.109469 0.000001 -0.000003 0.156829
  7   -2.022252 -0.104661 3.136172 0.630368 -1.360594 -3.786441
  8   1.168026 -0.537438 -0.063437 0.360933 1.024365 0.497733
  9   6.790376 -0.619176 0.015206 -0.215086 0.208278 -0.326700
 10   8.637599 0.544015 -0.090417 -1.500805 0.180913 -0.286459
 11   6.790465 -0.619039 0.017802 -0.196716 0.216177 -0.233035
 12   -2.022474 -0.104699 -2.873818 -2.071394 1.462600 -5.212791
 13   1.167898 -0.537463 0.063297 -0.896277 -1.154801 0.795639
 14   7.002743 -0.617765 -0.183752 0.085230 -0.178451 -0.285140
 15   8.209042 0.615527 -0.255885 1.747115 -0.188455 0.226470
 16   7.002735 -0.617911 -0.183641 0.090371 -0.181138 -0.232407
 17   1.574674 0.609930 -0.000899 0.004306 -0.105073 0.238945
 18   -0.602177 0.511412 -0.000006 0.000000 0.000000 0.000000
 19   3.677679 0.177020 1.119313 -0.000002 -0.000014 -0.174510
 20   3.673767 0.176993 -1.117566 0.000007 -0.000003 -0.174546
 21   3.942357 1.334540 1.627658 0.000002 -0.000011 -0.000026
 22   -0.246060 -0.011889 0.516521 -0.000011 0.000031 0.000025
 23   3.942374 1.334565 -1.631083 0.000019 0.000002 -0.000024
 24   -0.246150 -0.011872 -0.516511 -0.000005 -0.000006 0.000048
 25   4.941364 1.997338 1.629330 0.000018 -0.000001 -0.000024
 26   4.941382 1.997366 -1.629410 -0.000001 0.000005 -0.000024
 27   2.914462 1.619264 1.514501 -0.000019 -0.000022 -0.000050
 28   2.916892 1.618870 -1.501142 -0.000002 -0.000009 -0.000024
 29   8.824059 0.150544 0.091743 0.093585 -0.204663 0.273106
 30   2.099366 -0.740872 1.608533 -0.085383 -0.072695 -0.030189
 31   2.324421 -0.533944 -1.576247 -0.163929 -0.276627 0.196636
 32   -0.814395 -0.093824 3.127092 -0.068810 -3.102358 -0.207937
 33   14.314299 -0.408176 0.471578 0.011993 0.018739 -0.461412
 34   15.843608 0.581398 0.242756 -0.080952 0.042365 -0.206361
 35   -0.815868 -0.091229 -3.114430 0.147437 3.163642 -0.187894
 36   14.278900 -0.410349 -0.471447 0.011718 -0.019427 -0.433505
 37   15.826596 0.579420 -0.284600 0.241192 -0.025273 -0.088487
 38   0.827175 -3.391247 -2.800375 0.020439 0.101020 0.004827
 39   -4.606184 -1.027509 -0.543049 0.012140 0.060462 0.001206
 40   1.446236 -3.512271 3.120099 0.018923 0.093887 0.005743
 41   -4.117424 -1.121632 1.119727 0.012139 0.060462 0.001206
 42   -0.544183 1.693396 -2.290164 0.034540 0.147744 -0.006064
 43   -0.488281 1.682953 3.345954 0.080050 0.336081 -0.005311
time 48
  0   -0.010486 0.000000 3.324691 0.000000 0.000000 -1.571069
  1   -1.093036 0.000002 1.783382 -0.221665 -1.569082 -1.348744
  2   2.262337 0.113614 0.064702 0.000534 -0.041897 -0.016710
  3   2.380047 0.353302 0.047440 -0.007471 -0.094239 -0.028445
  4   2.033756 0.190472 -0.000128 0.005228 -0.028140 -0.139975
  5   2.451511 0.204909 -0.003447 -0.036904 0.101607 -0.012618
  6   7.247600 -0.397300 -0.109469 0.000001 -0.000003 0.156829
  7   -2.022252 -0.104661 3.136172 0.699194 -1.378265 -3.853215
  8   1.168026 -0.537438 -0.063437 0.341759 1.033371 0.474200
  9   6.790376 -0.619176 0.015206 -0.247153 0.243584 -0.347680
 10   8.637599 0.544015 -0.090417 -1.500805 0.180913 -0.286459
 11   6.790465 -0.619039 0.017802 -0.225387 0.254267 -0.253625
 12   -2.022474 -0.104699 -2.873818 -2.219607 1.450816 -5.360806
 13   1.167898 -0.537463 0.063297 -0.921513 -1.148647 0.812043
 14   7.002743 -0.617765 -0.183752 0.094624 -0.203834 -0.265008
 15   8.209042 0.615527 -0.255885 1.747115 -0.188455 0.226470
 16   7.002735 -0.617911 -0.183641 0.098421 -0.206964 -0.212096
 17   1.574674 0.609930 -0.000899 -0.005931 -0.155365 0.237245
 18   -0.602177 0.511412 -0.000006 0.000000 0.000000 0.000000
 19   3.677679 0.177020 1.119313 -0.000002 -0.000014 -0.174510
 20   3.673767 0.176993 -1.117566 0.000007 -0.000003 -0.174546
 21   3.942357 1.334540 1.627658 0.000002 -0.000011 -0.000026
 22   -0.246060 -0.011889 0.516521 -0.000011 0.000031 0.000025
 23   3.942374 1.334565 -1.631083 0.000019 0.000002 -0.000024
 24   -0.246150 -0.011872 -0.516511 -0.000005 -0.000006 0.000048
 25   4.941364 1.997338 1.629330 0.000018 -0.000001 -0.000024
 26   4.941382 1.997366 -1.629410 -0.000001 0.000005 -0.000024
 27   2.914462 1.619264 1.514501 -0.000019 -0.000022 -0.000050
 28   2.916892 1.618870 -1.501142 -0.000002 -0.000009 -0.000024
 29   8.824059 0.150544 0.091743 0.121570 -0.295579 0.264790
 30   2.056396 -0.772123 1.659316 -0.139122 -0.146772 -0.067265
 31   2.379110 -0.553476 -1.509838 -0.209956 -0.355653 0.201604
 32   -0.814395 -0.093824 3.127092 -0.068903 -3.102358 -0.226436
 33   14.318205 -0.412082 0.471578 0.012232 0.020510 -0.483167
 34   15.847514 0.581398 0.242756 -0.064988 0.043756 -0.257388
 35   -0.815868 -0.091229 -3.114430 0.147437 3.163642 -0.206354
 36   14.274994 -0.410349 -0.471447 0.013371 -0.022244 -0.455057
 37   15.822690 0.579420 -0.284600 0.233015 -0.025221 -0.123522
 38   0.686546 -3.363903 -2.784749 0.030353 0.149789 0.004766
 39   -4.676499 -1.011884 -0.519611 0.016287 0.081172 0.001290
 40   1.579053 -3.539616 3.139631 0.029616 0.146356 0.005437
 41   -4.027577 -1.141164 1.147072 0.016286 0.081172 0.001290
 42   -0.528558 1.693396 -2.266726 0.036577 0.155441 -0.006524
 43   -0.460937 1.682953 3.377205 0.086971 0.363996 -0.005688
time 49
  0   -0.010486 0.000000 3.434070 0.000000 0.000000 -1.571069
  1   -1.093036 0.000002 1.963075 -0.221665 -1.569082 -1.348744
  2   2.262337 0.113614 0.064702 0.000546 -0.042185 -0.016710
  3   2.380047 0.353302 0.047440 -0.007335 -0.097391 -0.028445
  4   2.033756 0.190472 -0.000128 0.005689 -0.030525 -0.140011
  5   2.451511 0.204909 -0.003447 -0.038633 0.110223 -0.012618
  6   7.247600 -0.397300 -0.109469 0.000001 -0.000003 0.156829
  7   -2.022252 -0.104661 3.136172 0.752875 -1.389767 -3.905433
  8   1.168026 -0.537438 -0.063437 0.328787 1.039409 0.458132
  9   6.790376 -0.619176 0.015206 -0.268901 0.267610 -0.361868
 10   8.637599 0.544015 -0.090417 -1.500805 0.180913 -0.286459
 11   6.790465 -0.619039 0.017802 -0.244831 0.280133 -0.267525
 12   -2.022474 -0.104699 -2.873818 -2.301426 1.441848 -5.442474
 13   1.167898 -0.537463 0.063297 -0.936135 -1.143714 0.820639
 14   7.002743 -0.617765 -0.183752 0.101000 -0.221096 -0.251312
 15   8.209042 0.615527 -0.255885 1.747115 -0.188455 0.226470
 16   7.002735 -0.617911 -0.183641 0.103929 -0.224500 -0.198408
 17   1.574674 0.609930 -0.000899 -0.012918 -0.189493 0.236099
 18   -0.602177 0.511412 -0.000006 0.000000 0.000000 0.000000
 19   3.677679 0.177020 1.119313 -0.000002 -0.000014 -0.174510
 20   3.673767 0.176993 -1.117566 0.000007 -0.000003 -0.174546
 21   3.938451 1.334540 1.627658 0.000002 -0.000011 -0.000026
 22   -0.246060 -0.011889 0.516521 -0.000011 0.000031 0.000025
 23   3.942374 1.334565 -1.631083 0.000019 0.000002 -0.000024
 24   -0.246150 -0.011872 -0.516511 -0.000005 -0.000006 0.000048
 25   4.941364 1.997338 1.629330 0.000018 -0.000001 -0.000024
 26   4.941382 1.997366 -1.629410 -0.000001 0.000005 -0.000024
 27   2.914462 1.619264 1.514501 -0.000019 -0.000022 -0.000050
 28   2.916892 1.618870 -1.501142 -0.000002 -0.000009 -0.000024
 29   8.824059 0.150544 0.091743 0.140643 -0.357251 0.254061
 30   2.025145 -0.791655 1.702286 -0.175599 -0.197019 -0.092417
 31   2.422081 -0.561289 -1.462962 -0.241182 -0.409268 0.204679
 32   -0.814395 -0.093824 3.127092 -0.068997 -3.102358 -0.238959
 33   14.318205 -0.412082 0.471578 0.012388 0.021699 -0.497935
 34   15.847514 0.581398 0.242756 -0.054476 0.044611 -0.292052
 35   -0.815868 -0.091229 -3.114430 0.147437 3.163736 -0.218898
 36   14.274994 -0.406443 -0.471447 0.014498 -0.024161 -0.469733
 37   15.822690 0.579420 -0.284600 0.226514 -0.025119 -0.147301
 38   0.588887 -3.344371 -2.773030 0.037067 0.182879 0.004644
 39   -4.723375 -1.004071 -0.500079 0.019103 0.095230 0.001346
 40   1.668899 -3.559147 3.163069 0.036878 0.181953 0.005010
 41   -3.965075 -1.152883 1.162697 0.019102 0.095230 0.001346
 42   -0.516839 1.693396 -2.251101 0.037811 0.160010 -0.006775
 43   -0.445311 1.679046 3.392830 0.091432 0.381947 -0.005897
time 50
  0   -0.010486 0.000000 3.473133 0.000000 0.000000 -1.571069
  1   -1.093036 0.000002 2.029484 -0.221665 -1.569082 -1.348744
  2   2.262337 0.113614 0.064702 0.000546 -0.042221 -0.016710
  3   2.380047 0.353302 0.047440 -0.007275 -0.098458 -0.028466
  4   2.033756 0.190472 -0.000128 0.005836 -0.031412 -0.140011
  5   2.451511 0.204909 -0.003447 -0.039266 0.113396 -0.012618
  6   7.247600 -0.397300 -0.109469 0.000001 -0.000003 0.156829
  7   -2.022252 -0.104661 3.136172 0.774251 -1.393860 -3.926188
  8   1.168026 -0.537438 -0.063437 0.324041 1.041623 0.452186
  9   6.790376 -0.619176 0.015206 -0.276890 0.276420 -0.367075
 10   8.637599 0.544015 -0.090417 -1.500805 0.180913 -0.286459
 11   6.790465 -0.619039 0.017802 -0.252014 0.289656 -0.272658
 12   -2.022474 -0.104699 -2.873818 -2.328157 1.438423 -5.469090
 13   1.167898 -0.537463 0.063297 -0.939017 -1.140155 0.821184
 14   7.002743 -0.617765 -0.183752 0.103391 -0.227456 -0.245867
 15   8.209042 0.615527 -0.255885 1.747115 -0.188455 0.226470
 16   7.002735 -0.617911 -0.183641 0.105954 -0.230985 -0.193331
 17   1.574674 0.609930 -0.000899 -0.015477 -0.202060 0.235656
 18   -0.602177 0.511412 -0.000006 0.000000 0.000000 0.000000
 19   3.677679 0.177020 1.119313 -0.000002 -0.000014 -0.174510
 20   3.677673 0.176993 -1.117566 0.000007 -0.000003 -0.174546
 21   3.942357 1.334540 1.627658 0.000002 -0.000011 -0.000026
 22   -0.246060 -0.011889 0.516521 -0.000011 0.000031 0.000025
 23   3.942374 1.334565 -1.631083 0.000019 0.000002 -0.000024
 24   -0.246150 -0.011872 -0.516511 -0.000005 -0.000006 0.000048
 25   4.941364 1.997338 1.629330 0.000018 -0.000001 -0.000024
 26   4.941382 1.997366 -1.629410 -0.000001 0.000005 -0.000024
 27   2.914462 1.619264 1.514501 -0.000019 -0.000022 -0.000050
 28   2.920798 1.618870 -1.501142 -0.000002 -0.000009 -0.000024
 29   8.824059 0.150544 0.091743 0.147683 -0.379992 0.240702
 30   2.013426 -0.799468 1.725724 -0.189024 -0.215530 -0.101702
 31   2.433800 -0.569102 -1.447337 -0.252688 -0.429031 0.205734
 32   -0.814395 -0.093824 3.127092 -0.068997 -3.102358 -0.243570
 33   14.318205 -0.412082 0.471578 0.012436 0.022151 -0.503413
 34   15.847514 0.581398 0.242756 -0.050681 0.044903 -0.304842
 35   -0.815868 -0.091229 -3.114430 0.147437 3.163736 -0.223499
 36   14.274994 -0.406443 -0.471447 0.014917 -0.024856 -0.475140
 37   15.822690 0.579420 -0.284600 0.221687 -0.025093 -0.156072
 38   0.553730 -3.336558 -2.769124 0.039551 0.195063 0.004522
 39   -4.739001 -1.000165 -0.496172 0.020146 0.100407 0.001346
 40   1.704056 -3.566960 3.182601 0.039551 0.195064 0.004521
 41   -3.941637 -1.156789 1.170510 0.020145 0.100407 0.001346
 42   -0.512932 1.693396 -2.243288 0.038231 0.161528 -0.006901
 43   -0.437499 1.679046 3.400643 0.093018 0.388286 -0.005981
time 51
  0   -0.010486 0.000000 3.434070 0.000000 0.000000 -1.571069
  1   -1.093036 0.000002 1.963075 -0.221665 -1.569082 -1.348744
  2   2.262337 0.113614 0.064702 0.000521 -0.041082 -0.016710
  3   2.380047 0.353302 0.047440 -0.007410 -0.095713 -0.028445
  4   2.033756 0.190472 -0.000128 0.005689 -0.030525 -0.140011
  5   2.451511 0.204909 -0.003447 -0.038633 0.110223 -0.012618
  6   7.247600 -0.397300 -0.109469 0.000001 -0.000003 0.156829
  7   -2.022252 -0.104661 3.136172 0.751629 -1.389940 -3.904118
  8   1.168026 -0.537438 -0.063437 0.328280 1.037648 0.457500
  9   6.790376 -0.619176 0.015206 -0.269123 0.268678 -0.366698
 10   8.637599 0.544015 -0.090417 -1.500805 0.180913 -0.286459
 11   6.790465 -0.619039 0.017802 -0.245007 0.281242 -0.272369
 12   -2.022474 -0.104699 -2.873818 -2.290409 1.443125 -5.431368
 13   1.167898 -0.537463 0.063297 -0.920107 -1.140002 0.804719
 14   7.002743 -0.617765 -0.183752 0.100488 -0.221096 -0.245042
 15   8.209042 0.615527 -0.255885 1.747115 -0.188455 0.226470
 16   7.002735 -0.617911 -0.183641 0.103364 -0.224444 -0.192889
 17   1.574674 0.609930 -0.000899 -0.014299 -0.196190 0.235730
 18   -0.602177 0.511412 -0.000006 0.000000 0.000000 0.000000
 19   3.677679 0.177020 1.119313 -0.000002 -0.000014 -0.174510
 20   3.673767 0.176993 -1.117566 0.000007 -0.000003 -0.174546
 21   3.942357 1.334540 1.627658 0.000002 -0.000011 -0.000026
 22   -0.246060 -0.011889 0.516521 -0.000011 0.000031 0.000025
 23   3.942374 1.334565 -1.631083 0.000019 0.000002 -0.000024
 24   -0.246150 -0.011872 -0.516511 -0.000005 -0.000006 0.000048
 25   4.941364 1.997338 1.629330 0.000018 -0.000001 -0.000024
 26   4.941382 1.997366 -1.629410 -0.000001 0.000005 -0.000024
 27   2.914462 1.619264 1.514501 -0.000019 -0.000022 -0.000050
 28   2.916892 1.618870 -1.501142 -0.000002 -0.000009 -0.000024
 29   8.824059 0.150544 0.091743 0.143495 -0.369357 0.217097
 30   2.017332 -0.791655 1.745256 -0.183735 -0.209515 -0.098850
 31   2.425987 -0.569102 -1.455149 -0.245610 -0.417013 0.199966
 32   -0.814395 -0.093824 3.127092 -0.068997 -3.102358 -0.238959
 33   14.318205 -0.412082 0.471578 0.012388 0.021699 -0.497935
 34   15.847514 0.581398 0.242756 -0.050842 0.044244 -0.294787
 35   -0.815868 -0.091229 -3.114430 0.147437 3.163736 -0.218898
 36   14.274994 -0.406443 -0.471447 0.014498 -0.024161 -0.469733
 37   15.822690 0.579420 -0.284600 0.217864 -0.023788 -0.146084
 38   0.569355 -3.340464 -2.769124 0.038436 0.189604 0.004278
 39   -4.731188 -1.004071 -0.500079 0.019583 0.097603 0.001318
 40   1.688431 -3.563054 3.198226 0.038436 0.189605 0.004032
 41   -3.953356 -1.152883 1.162697 0.019582 0.097603 0.001318
 42   -0.516839 1.693396 -2.255007 0.037164 0.157005 -0.006692
 43   -0.445311 1.679046 3.385018 0.090420 0.377412 -0.005813
time 52
  0   -0.010486 0.000000 3.324691 0.000000 0.000000 -1.571069
  1   -1.093036 0.000002 1.783382 -0.221665 -1.569082 -1.348744
  2   2.262337 0.113614 0.064702 0.000470 -0.038002 -0.016710
  3   2.380047 0.353302 0.047440 -0.007741 -0.088247 -0.028445
  4   2.033756 0.190472 -0.000128 0.005228 -0.028140 -0.139975
  5   2.451511 0.204909 -0.003447 -0.036904 0.101607 -0.012618
  6   7.247600 -0.397300 -0.109469 0.000001 -0.000003 0.156829
  7   -2.022252 -0.104661 3.136172 0.694881 -1.378899 -3.848707
  8   1.168026 -0.537438 -0.063437 0.339608 1.026780 0.471733
  9   6.790376 -0.619176 0.015206 -0.248096 0.247655 -0.365792
 10   8.637599 0.544015 -0.090417 -1.500805 0.180913 -0.286459
 11   6.790465 -0.619039 0.017802 -0.226000 0.258388 -0.271677
 12   -2.022474 -0.104699 -2.873818 -2.173428 1.454879 -5.314564
 13   1.167898 -0.537463 0.063297 -0.873853 -1.144223 0.765795
 14   7.002743 -0.617765 -0.183752 0.092517 -0.203834 -0.243722
 15   8.209042 0.615527 -0.255885 1.747115 -0.188455 0.226470
 16   7.002735 -0.617911 -0.183641 0.096303 -0.206794 -0.191951
 17   1.574674 0.609930 -0.000899 -0.011130 -0.180286 0.235840
 18   -0.602177 0.511412 -0.000006 0.000000 0.000000 0.000000
 19   3.677679 0.177020 1.119313 -0.000002 -0.000014 -0.174510
 20   3.673767 0.176993 -1.117566 0.000007 -0.000003 -0.174546
 21   3.938451 1.334540 1.627658 0.000002 -0.000011 -0.000026
 22   -0.246060 -0.011889 0.516521 -0.000011 0.000031 0.000025
 23   3.942374 1.334565 -1.631083 0.000019 0.000002 -0.000024
 24   -0.246150 -0.011872 -0.516511 -0.000005 -0.000006 0.000048
 25   4.941364 1.997338 1.629330 0.000018 -0.000001 -0.000024
 26   4.941382 1.997366 -1.629410 -0.000001 0.000005 -0.000024
 27   2.914462 1.619264 1.514501 -0.000019 -0.000022 -0.000050
 28   2.916892 1.618870 -1.501142 -0.000002 -0.000009 -0.000024
 29   8.824059 0.150544 0.091743 0.132265 -0.340492 0.178578
 30   2.025145 -0.772123 1.756975 -0.169375 -0.193183 -0.091109
 31   2.402549 -0.565195 -1.486400 -0.226396 -0.384403 0.184336
 32   -0.814395 -0.093824 3.127092 -0.068903 -3.102358 -0.226436
 33   14.318205 -0.412082 0.471578 0.012232 0.020510 -0.483167
 34   15.847514 0.581398 0.242756 -0.051302 0.042439 -0.267575
 35   -0.815868 -0.091229 -3.114430 0.147437 3.163642 -0.206354
 36   14.274994 -0.410349 -0.471447 0.013371 -0.022244 -0.455057
 37   15.822690 0.579420 -0.284600 0.214357 -0.020205 -0.119111
 38   0.616232 -3.352183 -2.773030 0.035426 0.174781 0.003911
 39   -4.711656 -1.007978 -0.519611 0.018049 0.089968 0.001206
 40   1.641554 -3.551335 3.209945 0.035426 0.174783 0.003421
 41   -3.992420 -1.145070 1.147072 0.018048 0.089968 0.001206
 42   -0.528558 1.693396 -2.290164 0.034264 0.144724 -0.006148
 43   -0.460937 1.682953 3.345954 0.083348 0.347912 -0.005353
time 53
  0   -0.010486 0.000000 3.164530 0.000000 0.000000 -1.571069
  1   -1.093036 0.000002 1.521656 -0.221665 -1.569082 -1.348744
  2   2.262337 0.113614 0.064702 0.000394 -0.033448 -0.016710
  3   2.380047 0.353302 0.047440 -0.008236 -0.077257 -0.028425
  4   2.033756 0.190472 -0.000128 0.004582 -0.024616 -0.139902
  5   2.451511 0.204909 -0.003447 -0.034371 0.088903 -0.012643
  6   7.247600 -0.397300 -0.109469 0.000001 -0.000003 0.156829
  7   -2.022252 -0.104661 3.136172 0.622029 -1.361718 -3.777801
  8   1.168026 -0.537438 -0.063437 0.355934 1.010679 0.492293
  9   6.790376 -0.619176 0.015206 -0.217083 0.216688 -0.364358
 10   8.637599 0.544015 -0.090417 -1.500805 0.180913 -0.286459
 11   6.790465 -0.619039 0.017802 -0.198001 0.224733 -0.270639
 12   -2.022474 -0.104699 -2.873818 -1.957383 1.468579 -5.098668
 13   1.167898 -0.537463 0.063297 -0.805946 -1.151394 0.708953
 14   7.002743 -0.617765 -0.183752 0.080846 -0.178337 -0.242154
 15   8.209042 0.615527 -0.255885 1.747115 -0.188455 0.226470
 16   7.002735 -0.617911 -0.183641 0.085993 -0.180743 -0.190571
 17   1.574674 0.609930 -0.000899 -0.006459 -0.156856 0.236062
 18   -0.602177 0.511412 -0.000006 0.000000 0.000000 0.000000
 19   3.677679 0.177020 1.119313 -0.000002 -0.000014 -0.174510
 20   3.673767 0.176993 -1.117566 0.000007 -0.000003 -0.174546
 21   3.938451 1.334540 1.627658 0.000002 -0.000011 -0.000026
 22   -0.246060 -0.011889 0.516521 -0.000011 0.000031 0.000025
 23   3.942374 1.334565 -1.631083 0.000019 0.000002 -0.000024
 24   -0.246150 -0.011872 -0.516511 -0.000005 -0.000006 0.000048
 25   4.941364 1.997338 1.629330 0.000018 -0.000001 -0.000024
 26   4.941382 1.997366 -1.629410 -0.000001 0.000005 -0.000024
 27   2.914462 1.619264 1.514501 -0.000019 -0.000022 -0.000050
 28   2.916892 1.618870 -1.501142 -0.000002 -0.000009 -0.000024
 29   8.824059 0.150544 0.091743 0.115777 -0.297953 0.129275
 30   2.036864 -0.744778 1.764788 -0.148194 -0.169120 -0.079723
 31   2.367391 -0.565195 -1.533277 -0.198096 -0.336356 0.161283
 32   -0.814395 -0.093824 3.127092 -0.068810 -3.102358 -0.207937
 33   14.314299 -0.408176 0.471578 0.011993 0.018739 -0.461412
 34   15.843608 0.581398 0.242756 -0.051969 0.039754 -0.227486
 35   -0.815868 -0.091229 -3.114430 0.147437 3.163642 -0.187894
 36   14.278900 -0.410349 -0.471447 0.011718 -0.019427 -0.433505
 37   15.826596 0.579420 -0.284600 0.211165 -0.014881 -0.079310
 38   0.682640 -3.363903 -2.780843 0.031005 0.152934 0.003361
 39   -4.676499 -1.011884 -0.550862 0.015796 0.078715 0.001066
 40   1.575146 -3.539616 3.217758 0.031005 0.152935 0.002810
 41   -4.047109 -1.137257 1.123634 0.015795 0.078715 0.001066
 42   -0.544183 1.693396 -2.340947 0.029973 0.126632 -0.005395
 43   -0.488281 1.682953 3.287358 0.072928 0.304416 -0.004684
time 54
  0   -0.010486 0.000000 2.973118 0.000000 0.000000 -1.571069
  1   -1.093036 0.000002 1.201333 -0.221665 -1.569082 -1.348744
  2   2.262337 0.113614 0.064702 0.000304 -0.027911 -0.016710
  3   2.380047 0.353302 0.047440 -0.008836 -0.063918 -0.028384
  4   2.033756 0.190472 -0.000128 0.003789 -0.020338 -0.139830
  5   2.451511 0.204909 -0.003447 -0.031290 0.073485 -0.012643
  6   7.247600 -0.397300 -0.109469 0.000001 -0.000003 0.156829
  7   -2.022252 -0.104661 3.136172 0.547930 -1.339694 -3.706236
  8   1.168026 -0.537438 -0.063437 0.375171 0.990956 0.516522
  9   6.790376 -0.619176 0.015206 -0.179413 0.179113 -0.362622
 10   8.637599 0.544015 -0.090417 -1.500805 0.180913 -0.286459
 11   6.790465 -0.619039 0.017802 -0.163987 0.183857 -0.269313
 12   -2.022474 -0.104699 -2.873818 -1.629819 1.477112 -4.771424
 13   1.167898 -0.537463 0.063297 -0.721942 -1.159988 0.638611
 14   7.002743 -0.617765 -0.183752 0.066727 -0.147390 -0.240339
 15   8.209042 0.615527 -0.255885 1.747115 -0.188455 0.226470
 16   7.002735 -0.617911 -0.183641 0.073471 -0.149109 -0.188970
 17   1.574674 0.609930 -0.000899 -0.000772 -0.128385 0.236321
 18   -0.602177 0.511412 -0.000006 0.000000 0.000000 0.000000
 19   3.677679 0.177020 1.119313 -0.000002 -0.000014 -0.174510
 20   3.673767 0.176993 -1.117566 0.000007 -0.000003 -0.174546
 21   3.938451 1.334540 1.627658 0.000002 -0.000011 -0.000026
 22   -0.246060 -0.011889 0.516521 -0.000011 0.000031 0.000025
 23   3.942374 1.334565 -1.631083 0.000019 0.000002 -0.000024
 24   -0.246150 -0.011872 -0.516511 -0.000005 -0.000006 0.000048
 25   4.941364 1.997338 1.629330 0.000018 -0.000001 -0.000024
 26   4.941382 1.997366 -1.629410 -0.000001 0.000005 -0.000024
 27   2.914462 1.619264 1.514501 -0.000019 -0.000022 -0.000050
 28   2.916892 1.618870 -1.501142 -0.000002 -0.000009 -0.000024
 29   8.824059 0.150544 0.091743 0.095635 -0.246323 0.073213
 30   2.048583 -0.713527 1.772601 -0.122497 -0.139885 -0.065871
 31   2.324421 -0.565195 -1.587966 -0.163730 -0.278000 0.133298
 32   -0.814395 -0.093824 3.127092 -0.068810 -3.102262 -0.185509
 33   14.310391 -0.408176 0.471578 0.011717 0.016619 -0.434972
 34   15.843608 0.581398 0.242756 -0.052774 0.036435 -0.178797
 35   -0.815868 -0.091229 -3.114430 0.147437 3.163642 -0.165435
 36   14.282807 -0.410349 -0.471447 0.009692 -0.016024 -0.407242
 37   15.826596 0.579420 -0.284600 0.208328 -0.008354 -0.030991
 38   0.760767 -3.379528 -2.788656 0.025617 0.126398 0.002750
 39   -4.641342 -1.019697 -0.582112 0.013051 0.065064 0.000869
 40   1.497019 -3.523990 3.225571 0.025617 0.126400 0.002199
 41   -4.113518 -1.121632 1.096289 0.013050 0.065064 0.000869
 42   -0.563715 1.693396 -2.399543 0.024772 0.104660 -0.004475
 43   -0.519532 1.686859 3.213137 0.060271 0.251614 -0.003848
time 55
  0   -0.010486 0.000000 2.762174 0.000000 0.000000 -1.571069
  1   -1.093036 0.000002 0.849760 -0.221665 -1.569082 -1.348744
  2   2.262337 0.113614 0.064702 0.000215 -0.021895 -0.016710
  3   2.380047 0.353302 0.047440 -0.009481 -0.049381 -0.028364
  4   2.033756 0.190472 -0.000128 0.002922 -0.015688 -0.139793
  5   2.451511 0.204909 -0.003447 -0.027952 0.056708 -0.012643
  6   7.247600 -0.397300 -0.109469 0.000001 -0.000003 0.156829
  7   -2.022252 -0.104661 3.136172 0.481309 -1.314672 -3.642373
  8   1.168026 -0.537438 -0.063437 0.395484 0.969371 0.542079
  9   6.790376 -0.619176 0.015206 -0.138469 0.138201 -0.360660
 10   8.637599 0.544015 -0.090417 -1.500805 0.180913 -0.286459
 11   6.790465 -0.619039 0.017802 -0.126966 0.139372 -0.267928
 12   -2.022474 -0.104699 -2.873818 -1.251860 1.473803 -4.394205
 13   1.167898 -0.537463 0.063297 -0.628167 -1.168582 0.559856
 14   7.002743 -0.617765 -0.183752 0.051412 -0.113717 -0.238524
 15   8.209042 0.615527 -0.255885 1.747115 -0.188455 0.226470
 16   7.002735 -0.617911 -0.183641 0.059913 -0.114713 -0.187259
 17   1.574674 0.609930 -0.000899 0.005403 -0.097405 0.236617
 18   -0.602177 0.511412 -0.000006 0.000000 0.000000 0.000000
 19   3.677679 0.177020 1.119313 -0.000002 -0.000014 -0.174510
 20   3.673767 0.176993 -1.117566 0.000007 -0.000003 -0.174546
 21   3.938451 1.334540 1.627658 0.000002 -0.000011 -0.000026
 22   -0.246060 -0.011889 0.516521 -0.000011 0.000031 0.000025
 23   3.942374 1.334565 -1.631083 0.000019 0.000002 -0.000024
 24   -0.246150 -0.011872 -0.516511 -0.000005 -0.000006 0.000048
 25   4.941364 1.997338 1.629330 0.000018 -0.000001 -0.000024
 26   4.941382 1.997366 -1.629410 -0.000001 0.000005 -0.000024
 27   2.914462 1.619264 1.514501 -0.000019 -0.000022 -0.000050
 28   2.916892 1.618870 -1.501142 -0.000002 -0.000009 -0.000024
 29   8.824059 0.150544 0.091743 0.073800 -0.190111 0.014576
 30   2.064209 -0.678370 1.780414 -0.094523 -0.108092 -0.050818
 31   2.277545 -0.565195 -1.650468 -0.126344 -0.214516 0.102857
 32   -0.814395 -0.093824 3.127092 -0.068717 -3.102262 -0.161147
 33   14.306485 -0.408176 0.471578 0.011417 0.014319 -0.406230
 34   15.839702 0.581398 0.242756 -0.053625 0.032750 -0.125830
 35   -0.815868 -0.091229 -3.114430 0.147525 3.163642 -0.141059
 36   14.286714 -0.410349 -0.471447 0.007499 -0.012332 -0.378662
 37   15.830503 0.579420 -0.284600 0.205866 -0.001213 0.021587
 38   0.846707 -3.395154 -2.796468 0.019765 0.097525 0.002078
 39   -4.598372 -1.027509 -0.621176 0.010067 0.050203 0.000673
 40   1.411079 -3.508365 3.233384 0.019765 0.097526 0.001650
 41   -4.187738 -1.106006 1.065038 0.010066 0.050203 0.000673
 42   -0.587153 1.697302 -2.465951 0.019115 0.080757 -0.003429
 43   -0.550783 1.690765 3.135010 0.046503 0.194136 -0.002969
time 56
  0   -0.010486 0.000000 2.551230 0.000000 0.000000 -1.571069
  1   -1.093036 0.000002 0.502093 -0.221665 -1.569082 -1.348744
  2   2.262337 0.113614 0.064702 0.000113 -0.015879 -0.016710
  3   2.380047 0.353302 0.047440 -0.010126 -0.034855 -0.028323
  4   2.033756 0.190472 -0.000128 0.002037 -0.011038 -0.139721
  5   2.451511 0.204909 -0.003447 -0.024597 0.039932 -0.012668
  6   7.247600 -0.397300 -0.109469 0.000001 -0.000003 0.156829
  7   -2.022252 -0.104661 3.136172 0.425999 -1.288814 -3.589874
  8   1.168026 -0.537438 -0.063437 0.415164 0.947585 0.566940
  9   6.790376 -0.619176 0.015206 -0.097469 0.097289 -0.358774
 10   8.637599 0.544015 -0.090417 -1.500805 0.180913 -0.286459
 11   6.790465 -0.619039 0.017802 -0.089974 0.094886 -0.266544
 12   -2.022474 -0.104699 -2.873818 -0.938188 1.458565 -4.081227
 13   1.167898 -0.537463 0.063297 -0.531861 -1.176211 0.478800
 14   7.002743 -0.617765 -0.183752 0.036211 -0.079986 -0.236791
 15   8.209042 0.615527 -0.255885 1.747115 -0.188455 0.226470
 16   7.002735 -0.617911 -0.183641 0.046449 -0.080259 -0.185548
 17   1.574674 0.609930 -0.000899 0.011577 -0.066425 0.236875
 18   -0.602177 0.511412 -0.000006 0.000000 0.000000 0.000000
 19   3.677679 0.177020 1.119313 -0.000002 -0.000014 -0.174510
 20   3.673767 0.176993 -1.117566 0.000007 -0.000003 -0.174546
 21   3.938451 1.334540 1.627658 0.000002 -0.000011 -0.000026
 22   -0.246060 -0.011889 0.516521 -0.000011 0.000031 0.000025
 23   3.942374 1.334565 -1.631083 0.000019 0.000002 -0.000024
 24   -0.246150 -0.011872 -0.516511 -0.000005 -0.000006 0.000048
 25   4.941364 1.997338 1.629330 0.000018 -0.000001 -0.000024
 26   4.941382 1.997366 -1.629410 -0.000001 0.000005 -0.000024
 27   2.914462 1.619264 1.514501 -0.000019 -0.000022 -0.000050
 28   2.916892 1.618870 -1.501142 -0.000002 -0.000009 -0.000024
 29   8.824059 0.150544 0.091743 0.051965 -0.133900 -0.042613
 30   2.079834 -0.643213 1.784320 -0.066534 -0.076299 -0.035765
 31   2.230668 -0.561289 -1.712970 -0.088943 -0.151005 0.072416
 32   -0.814395 -0.093824 3.127092 -0.068717 -3.102262 -0.136727
 33   14.306485 -0.408176 0.471578 0.011118 0.012044 -0.377409
 34   15.839702 0.581398 0.242756 -0.054453 0.029017 -0.072862
 35   -0.815868 -0.091229 -3.114430 0.147525 3.163642 -0.116628
 36   14.286714 -0.410349 -0.471447 0.005294 -0.008653 -0.350082
 37   15.830503 0.579420 -0.284600 0.203797 0.006005 0.074064
 38   0.936554 -3.414685 -2.804281 0.013913 0.068664 0.001467
 39   -4.555401 -1.035322 -0.660240 0.007083 0.035343 0.000477
 40   1.321232 -3.488833 3.237290 0.013913 0.068665 0.001100
 41   -4.261960 -1.090381 1.033787 0.007082 0.035343 0.000477
 42   -0.606685 1.697302 -2.532359 0.013459 0.056854 -0.002426
 43   -0.585941 1.694672 3.056883 0.032734 0.136674 -0.002091
time 57
  0   -0.010486 0.000000 2.359818 0.000000 0.000000 -1.571069
  1   -1.093036 0.000002 0.181771 -0.221665 -1.569082 -1.348744
  2   2.262337 0.113614 0.064702 0.000024 -0.010354 -0.016710
  3   2.380047 0.353302 0.047440 -0.010726 -0.021516 -0.028303
  4   2.033756 0.190472 -0.000128 0.001244 -0.006771 -0.139648
  5   2.451511 0.204909 -0.003447 -0.021516 0.024513 -0.012668
  6   7.247600 -0.397300 -0.109469 0.000001 -0.000003 0.156829
  7   -2.022252 -0.104661 3.136172 0.382767 -1.264484 -3.549396
  8   1.168026 -0.537438 -0.063437 0.432820 0.927409 0.589145
  9   6.790376 -0.619176 0.015206 -0.059798 0.059648 -0.357038
 10   8.637599 0.544015 -0.090417 -1.500805 0.180913 -0.286459
 11   6.790465 -0.619039 0.017802 -0.055961 0.054011 -0.265275
 12   -2.022474 -0.104699 -2.873818 -0.729520 1.437465 -3.873469
 13   1.167898 -0.537463 0.063297 -0.441179 -1.182160 0.402223
 14   7.002743 -0.617765 -0.183752 0.022205 -0.049039 -0.235306
 15   8.209042 0.615527 -0.255885 1.747115 -0.188455 0.226470
 16   7.002735 -0.617911 -0.183641 0.034116 -0.048626 -0.184058
 17   1.574674 0.609930 -0.000899 0.017264 -0.037954 0.237134
 18   -0.602177 0.511412 -0.000006 0.000000 0.000000 0.000000
 19   3.677679 0.177020 1.119313 -0.000002 -0.000014 -0.174510
 20   3.677673 0.176993 -1.117566 0.000007 -0.000003 -0.174546
 21   3.942357 1.334540 1.627658 0.000002 -0.000011 -0.000026
 22   -0.246060 -0.011889 0.516521 -0.000011 0.000031 0.000025
 23   3.942374 1.334565 -1.631083 0.000019 0.000002 -0.000024
 24   -0.246150 -0.011872 -0.516511 -0.000005 -0.000006 0.000048
 25   4.941364 1.997338 1.629330 0.000018 -0.000001 -0.000024
 26   4.941382 1.997366 -1.629410 -0.000001 0.000005 -0.000024
 27   2.914462 1.619264 1.514501 -0.000019 -0.000022 -0.000050
 28   2.920798 1.618870 -1.501142 -0.000002 -0.000009 -0.000024
 29   8.824059 0.150544 0.091743 0.031823 -0.082246 -0.094169
 30   2.091553 -0.611962 1.784320 -0.040838 -0.047063 -0.021934
 31   2.187698 -0.561289 -1.767659 -0.054577 -0.092649 0.044431
 32   -0.814395 -0.093824 3.127092 -0.068717 -3.102358 -0.114300
 33   14.302579 -0.408176 0.471578 0.010842 0.009963 -0.350969
 34   15.835795 0.581398 0.242756 -0.055212 0.025527 -0.024217
 35   -0.815868 -0.091229 -3.114430 0.147613 3.163642 -0.094224
 36   14.290620 -0.410349 -0.471447 0.003268 -0.005285 -0.323819
 37   15.834409 0.579420 -0.284600 0.202142 0.012711 0.122332
 38   1.014681 -3.430311 -2.812094 0.008525 0.042129 0.000856
 39   -4.516338 -1.043135 -0.691491 0.004350 0.021680 0.000280
 40   1.243105 -3.473207 3.237290 0.008525 0.042130 0.000611
 41   -4.328368 -1.078662 1.002536 0.004349 0.021680 0.000280
 42   -0.626217 1.697302 -2.594861 0.008257 0.034883 -0.001464
 43   -0.617192 1.694672 2.982662 0.020090 0.083873 -0.001255
time 58
  0   -0.010486 0.000000 2.199657 0.000000 0.000000 -1.571069
  1   -1.093036 0.000002 -0.083862 -0.221665 -1.569082 -1.348744
  2   2.262337 0.113614 0.064702 -0.000052 -0.005800 -0.016710
  3   2.380047 0.353302 0.047440 -0.011221 -0.010527 -0.028282
  4   2.033756 0.190472 -0.000128 0.000599 -0.003248 -0.139612
  5   2.451511 0.204909 -0.003447 -0.018983 0.011810 -0.012668
  6   7.247600 -0.397300 -0.109469 0.000001 -0.000003 0.156829
  7   -2.022252 -0.104661 3.136172 0.351709 -1.244161 -3.520470
  8   1.168026 -0.537438 -0.063437 0.446994 0.910705 0.607047
  9   6.790376 -0.619176 0.015206 -0.028785 0.028680 -0.355529
 10   8.637599 0.544015 -0.090417 -1.500805 0.180913 -0.286459
 11   6.790465 -0.619039 0.017802 -0.027991 0.020327 -0.264179
 12   -2.022474 -0.104699 -2.873818 -0.604204 1.416945 -3.748910
 13   1.167898 -0.537463 0.063297 -0.365189 -1.186229 0.337935
 14   7.002743 -0.617765 -0.183752 0.010705 -0.023542 -0.233986
 15   8.209042 0.615527 -0.255885 1.747115 -0.188455 0.226470
 16   7.002735 -0.617911 -0.183641 0.023994 -0.022574 -0.182789
 17   1.574674 0.609930 -0.000899 0.021936 -0.014523 0.237356
 18   -0.602177 0.511412 -0.000006 0.000000 0.000000 0.000000
 19   3.677679 0.177020 1.119313 -0.000002 -0.000014 -0.174510
 20   3.673767 0.176993 -1.117566 0.000007 -0.000003 -0.174546
 21   3.942357 1.334540 1.627658 0.000002 -0.000011 -0.000026
 22   -0.246060 -0.011889 0.516521 -0.000011 0.000031 0.000025
 23   3.942374 1.334565 -1.631083 0.000019 0.000002 -0.000024
 24   -0.246150 -0.011872 -0.516511 -0.000005 -0.000006 0.000048
 25   4.941364 1.997338 1.629330 0.000018 -0.000001 -0.000024
 26   4.941382 1.997366 -1.629410 -0.000001 0.000005 -0.000024
 27   2.914462 1.619264 1.514501 -0.000019 -0.000022 -0.000050
 28   2.916892 1.618870 -1.501142 -0.000002 -0.000009 -0.000024
 29   8.824059 0.150544 0.091743 0.015335 -0.039707 -0.136122
 30   2.103272 -0.584617 1.784320 -0.019657 -0.023001 -0.010547
 31   2.152541 -0.561289 -1.814535 -0.026277 -0.044602 0.021378
 32   -0.814395 -0.093824 3.127092 -0.068717 -3.102358 -0.095800
 33   14.298673 -0.408176 0.471578 0.010626 0.008270 -0.329214
 34   15.835795 0.581398 0.242756 -0.055833 0.022647 0.015872
 35   -0.815868 -0.091229 -3.114430 0.147701 3.163642 -0.075764
 36   14.294526 -0.410349 -0.471447 0.001591 -0.002517 -0.302190
 37   15.834409 0.579420 -0.284600 0.200920 0.018265 0.162082
 38   1.081089 -3.442030 -2.819907 0.004105 0.020281 0.000429
 39   -4.485087 -1.050948 -0.722742 0.002085 0.010439 0.000140
 40   1.176697 -3.461488 3.237290 0.004105 0.020282 0.000305
 41   -4.383057 -1.066943 0.979098 0.002084 0.010439 0.000140
 42   -0.645749 1.697302 -2.645644 0.003967 0.016791 -0.000711
 43   -0.640630 1.698578 2.924066 0.009670 0.040376 -0.000586
time 59
  0   -0.010486 0.000000 2.094185 0.000000 0.000000 -1.571069
  1   -1.093036 0.000002 -0.263555 -0.221665 -1.569082 -1.348744
  2   2.262337 0.113614 0.064702 -0.000090 -0.002708 -0.016710
  3   2.380047 0.353302 0.047440 -0.011551 -0.003060 -0.028262
  4   2.033756 0.190472 -0.000128 0.000138 -0.000863 -0.139576
  5   2.451511 0.204909 -0.003447 -0.017271 0.003194 -0.012668
  6   7.247600 -0.397300 -0.109469 0.000001 -0.000003 0.156829
  7   -2.022252 -0.104661 3.136172 0.332442 -1.230237 -3.502813
  8   1.168026 -0.537438 -0.063437 0.456487 0.899283 0.618940
  9   6.790376 -0.619176 0.015206 -0.007814 0.007657 -0.354547
 10   8.637599 0.544015 -0.090417 -1.500805 0.180913 -0.286459
 11   6.790465 -0.619039 0.017802 -0.009013 -0.002498 -0.263487
 12   -2.022474 -0.104699 -2.873818 -0.536852 1.401969 -3.682082
 13   1.167898 -0.537463 0.063297 -0.312959 -1.188517 0.293684
 14   7.002743 -0.617765 -0.183752 0.002962 -0.006223 -0.233161
 15   8.209042 0.615527 -0.255885 1.747115 -0.188455 0.226470
 16   7.002735 -0.617911 -0.183641 0.017121 -0.004925 -0.181906
 17   1.574674 0.609930 -0.000899 0.025104 0.001357 0.237504
 18   -0.602177 0.511412 -0.000006 0.000000 0.000000 0.000000
 19   3.677679 0.177020 1.119313 -0.000002 -0.000014 -0.174510
 20   3.673767 0.176993 -1.117566 0.000007 -0.000003 -0.174546
 21   3.938451 1.334540 1.627658 0.000002 -0.000011 -0.000026
 22   -0.246060 -0.011889 0.516521 -0.000011 0.000031 0.000025
 23   3.942374 1.334565 -1.631083 0.000019 0.000002 -0.000024
 24   -0.246150 -0.011872 -0.516511 -0.000005 -0.000006 0.000048
 25   4.941364 1.997338 1.629330 0.000018 -0.000001 -0.000024
 26   4.941382 1.997366 -1.629410 -0.000001 0.000005 -0.000024
 27   2.914462 1.619264 1.514501 -0.000019 -0.000022 -0.000050
 28   2.916892 1.618870 -1.501142 -0.000002 -0.000009 -0.000024
 29   8.824059 0.150544 0.091743 0.004106 -0.010842 -0.164287
 30   2.111085 -0.565085 1.784320 -0.005296 -0.006698 -0.002806
 31   2.129103 -0.561289 -1.845786 -0.007063 -0.011992 0.005748
 32   -0.814395 -0.093824 3.127092 -0.068717 -3.102358 -0.083277
 33   14.298673 -0.408176 0.471578 0.010471 0.007119 -0.314446
 34   15.835795 0.581398 0.242756 -0.056247 0.020646 0.043039
 35   -0.815868 -0.091229 -3.114430 0.147701 3.163736 -0.063220
 36   14.294526 -0.410349 -0.467541 0.000452 -0.000647 -0.287514
 37   15.834409 0.579420 -0.284600 0.200172 0.022053 0.189056
 38   1.124060 -3.453749 -2.823813 0.001095 0.005459 0.000062
 39   -4.465555 -1.054854 -0.742274 0.000563 0.002804 0.000028
 40   1.133726 -3.449769 3.237290 0.001095 0.005460 0.000061
 41   -4.422121 -1.059130 0.963472 0.000562 0.002804 0.000028
 42   -0.653562 1.697302 -2.676895 0.001067 0.004510 -0.000167
 43   -0.660162 1.698578 2.881096 0.002599 0.010860 -0.000167
time 60
  0   -0.010486 0.000000 2.055121 0.000000 0.000000 -1.571069
  1   -1.093036 0.000002 -0.326057 -0.221665 -1.569082 -1.348744
  2   2.262337 0.113614 0.064702 -0.000103 -0.001569 -0.016710
  3   2.380047 0.353302 0.047440 -0.011686 -0.000316 -0.028262
  4   2.033756 0.190472 -0.000128 -0.000010 0.000024 -0.139576
  5   2.451511 0.204909 -0.003447 -0.016638 0.000021 -0.012668
  6   7.247600 -0.397300 -0.109469 0.000001 -0.000003 0.156829
  7   -2.022252 -0.104661 3.136172 0.325732 -1.225077 -3.496615
  8   1.168026 -0.537438 -0.063437 0.459967 0.895057 0.623305
  9   6.790376 -0.619176 0.015206 -0.000047 -0.000085 -0.354246
 10   8.637599 0.544015 -0.090417 -1.500805 0.180913 -0.286459
 11   6.790465 -0.619039 0.017802 -0.002006 -0.010912 -0.263199
 12   -2.022474 -0.104699 -2.873818 -0.514912 1.396280 -3.660349
 13   1.167898 -0.537463 0.063297 -0.293627 -1.189280 0.277340
 14   7.002743 -0.617765 -0.183752 0.000059 0.000137 -0.232914
 15   8.209042 0.615527 -0.255885 1.747115 -0.188455 0.226470
 16   7.002735 -0.617911 -0.183641 0.014626 0.001616 -0.181630
 17   1.574674 0.609930 -0.000899 0.026282 0.007226 0.237541
 18   -0.602177 0.511412 -0.000006 0.000000 0.000000 0.000000
 19   3.677679 0.177020 1.119313 -0.000002 -0.000014 -0.174510
 20   3.673767 0.176993 -1.117566 0.000007 -0.000003 -0.174546
 21   3.942357 1.334540 1.627658 0.000002 -0.000011 -0.000026
 22   -0.246060 -0.011889 0.516521 -0.000011 0.000031 0.000025
 23   3.942374 1.334565 -1.631083 0.000019 0.000002 -0.000024
 24   -0.246150 -0.011872 -0.516511 -0.000005 -0.000006 0.000048
 25   4.941364 1.997338 1.629330 0.000018 -0.000001 -0.000024
 26   4.941382 1.997366 -1.629410 -0.000001 0.000005 -0.000024
 27   2.914462 1.619264 1.514501 -0.000019 -0.000022 -0.000050
 28   2.920798 1.618870 -1.501142 -0.000002 -0.000009 -0.000024
 29   8.824059 0.150544 0.091743 0.000006 -0.000231 -0.174534
 30   2.111085 -0.561179 1.784320 -0.000008 -0.000682 0.000024
 31   2.121290 -0.561289 -1.853599 0.000000 0.000000 -0.000002
 32   -0.814395 -0.093824 3.127092 -0.068717 -3.102358 -0.078667
 33   14.298673 -0.408176 0.471578 0.010423 0.006706 -0.308968
 34   15.835795 0.581398 0.242756 -0.056408 0.019890 0.053050
 35   -0.815868 -0.091229 -3.114430 0.147701 3.163736 -0.058618
 36   14.294526 -0.410349 -0.467541 0.000033 0.000036 -0.282107
 37   15.834409 0.579420 -0.284600 0.199935 0.023435 0.198943
 38   1.139685 -3.453749 -2.823813 0.000000 0.000000 0.000001
 39   -4.457742 -1.054854 -0.746180 0.000000 0.000000 0.000000
 40   1.118101 -3.449769 3.237290 0.000000 0.000001 0.000000
 41   -4.433840 -1.059130 0.959566 -0.000001 0.000000 0.000000
 42   -0.657468 1.697302 -2.688614 0.000000 0.000002 0.000000
 43   -0.664068 1.698578 2.869377 0.000000 0.000002 0.000000
end
